Date,Hour,Gjennomsnitt Pris (øre/kWh),Område slicer
2024-10-01,1,3.883,NO5
2024-10-01,2,3.566,NO5
2024-10-01,3,12.857,NO5
2024-10-01,4,16.047,NO5
2024-10-01,5,18.522,NO5
2024-10-01,6,29.62,NO5
2024-10-01,7,39.121,NO5
2024-10-01,8,44.611,NO5
2024-10-01,9,48.47,NO5
2024-10-01,10,48.693,NO5
2024-10-01,11,45.338,NO5
2024-10-01,12,42.277,NO5
2024-10-01,13,42.23,NO5
2024-10-01,14,42.265,NO5
2024-10-01,15,42.242,NO5
2024-10-01,16,46.582,NO5
2024-10-01,17,51.098,NO5
2024-10-01,18,58.559000000000005,NO5
2024-10-01,19,61.972,NO5
2024-10-01,20,64.377,NO5
2024-10-01,21,56.037,NO5
2024-10-01,22,52.776,NO5
2024-10-01,23,49.139,NO5
2024-10-01,24,42.652,NO5
2024-10-02,1,46.729,NO5
2024-10-02,2,46.227,NO5
2024-10-02,3,45.515,NO5
2024-10-02,4,46.379000000000005,NO5
2024-10-02,5,46.998000000000005,NO5
2024-10-02,6,49.437,NO5
2024-10-02,7,58.624,NO5
2024-10-02,8,94.695,NO5
2024-10-02,9,143.047,NO5
2024-10-02,10,106.579,NO5
2024-10-02,11,72.29400000000001,NO5
2024-10-02,12,59.955,NO5
2024-10-02,13,64.088,NO5
2024-10-02,14,58.916,NO5
2024-10-02,15,58.764,NO5
2024-10-02,16,58.379,NO5
2024-10-02,17,60.41,NO5
2024-10-02,18,69.889,NO5
2024-10-02,19,66.877,NO5
2024-10-02,20,62.243,NO5
2024-10-02,21,59.663,NO5
2024-10-02,22,54.854,NO5
2024-10-02,23,50.301,NO5
2024-10-02,24,48.34,NO5
2024-10-03,1,49.738,NO5
2024-10-03,2,49.093,NO5
2024-10-03,3,48.577,NO5
2024-10-03,4,48.46,NO5
2024-10-03,5,48.46,NO5
2024-10-03,6,49.714,NO5
2024-10-03,7,57.461,NO5
2024-10-03,8,83.314,NO5
2024-10-03,9,87.064,NO5
2024-10-03,10,76.142,NO5
2024-10-03,11,59.84,NO5
2024-10-03,12,57.601,NO5
2024-10-03,13,52.89,NO5
2024-10-03,14,41.698,NO5
2024-10-03,15,46.409,NO5
2024-10-03,16,56.371,NO5
2024-10-03,17,57.801,NO5
2024-10-03,18,59.875,NO5
2024-10-03,19,67.0,NO5
2024-10-03,20,70.317,NO5
2024-10-03,21,69.88300000000001,NO5
2024-10-03,22,62.113,NO5
2024-10-03,23,58.45700000000001,NO5
2024-10-03,24,54.039,NO5
2024-10-04,1,52.534000000000006,NO5
2024-10-04,2,49.694,NO5
2024-10-04,3,48.713,NO5
2024-10-04,4,48.526,NO5
2024-10-04,5,48.093,NO5
2024-10-04,6,52.09,NO5
2024-10-04,7,57.242,NO5
2024-10-04,8,66.952,NO5
2024-10-04,9,67.256,NO5
2024-10-04,10,131.638,NO5
2024-10-04,11,66.54299999999999,NO5
2024-10-04,12,58.154,NO5
2024-10-04,13,54.917,NO5
2024-10-04,14,53.223,NO5
2024-10-04,15,52.078,NO5
2024-10-04,16,49.238,NO5
2024-10-04,17,51.085,NO5
2024-10-04,18,55.758,NO5
2024-10-04,19,55.758,NO5
2024-10-04,20,56.132000000000005,NO5
2024-10-04,21,56.67,NO5
2024-10-04,22,53.912,NO5
2024-10-04,23,49.764,NO5
2024-10-04,24,49.063,NO5
2024-10-05,1,46.831,NO5
2024-10-05,2,46.411,NO5
2024-10-05,3,46.224,NO5
2024-10-05,4,46.002,NO5
2024-10-05,5,45.897000000000006,NO5
2024-10-05,6,46.201,NO5
2024-10-05,7,46.878,NO5
2024-10-05,8,46.96,NO5
2024-10-05,9,47.918,NO5
2024-10-05,10,49.04,NO5
2024-10-05,11,49.916,NO5
2024-10-05,12,49.846,NO5
2024-10-05,13,49.811,NO5
2024-10-05,14,45.838,NO5
2024-10-05,15,48.199,NO5
2024-10-05,16,47.906,NO5
2024-10-05,17,48.187,NO5
2024-10-05,18,48.105,NO5
2024-10-05,19,51.529,NO5
2024-10-05,20,49.46,NO5
2024-10-05,21,47.871,NO5
2024-10-05,22,47.311,NO5
2024-10-05,23,46.317,NO5
2024-10-05,24,46.119,NO5
2024-10-06,1,45.534,NO5
2024-10-06,2,44.366,NO5
2024-10-06,3,44.308,NO5
2024-10-06,4,43.957,NO5
2024-10-06,5,43.817,NO5
2024-10-06,6,44.086,NO5
2024-10-06,7,44.319,NO5
2024-10-06,8,45.698,NO5
2024-10-06,9,44.179,NO5
2024-10-06,10,44.366,NO5
2024-10-06,11,43.396,NO5
2024-10-06,12,37.683,NO5
2024-10-06,13,31.969,NO5
2024-10-06,14,30.637,NO5
2024-10-06,15,33.605000000000004,NO5
2024-10-06,16,39.388,NO5
2024-10-06,17,44.436,NO5
2024-10-06,18,45.359,NO5
2024-10-06,19,52.534000000000006,NO5
2024-10-06,20,54.905,NO5
2024-10-06,21,51.353,NO5
2024-10-06,22,48.28,NO5
2024-10-06,23,47.474,NO5
2024-10-06,24,46.715,NO5
2024-10-07,1,42.638,NO5
2024-10-07,2,41.192,NO5
2024-10-07,3,38.756,NO5
2024-10-07,4,35.143,NO5
2024-10-07,5,40.738,NO5
2024-10-07,6,45.645,NO5
2024-10-07,7,49.946,NO5
2024-10-07,8,54.352,NO5
2024-10-07,9,55.121,NO5
2024-10-07,10,55.972,NO5
2024-10-07,11,56.205,NO5
2024-10-07,12,54.095000000000006,NO5
2024-10-07,13,51.764,NO5
2024-10-07,14,48.897000000000006,NO5
2024-10-07,15,49.853,NO5
2024-10-07,16,50.809,NO5
2024-10-07,17,53.734,NO5
2024-10-07,18,54.31699999999999,NO5
2024-10-07,19,55.005,NO5
2024-10-07,20,55.075,NO5
2024-10-07,21,51.251,NO5
2024-10-07,22,49.596,NO5
2024-10-07,23,47.964,NO5
2024-10-07,24,46.577,NO5
2024-10-08,1,47.823,NO5
2024-10-08,2,47.379000000000005,NO5
2024-10-08,3,47.204,NO5
2024-10-08,4,47.18,NO5
2024-10-08,5,47.134,NO5
2024-10-08,6,47.73,NO5
2024-10-08,7,49.085,NO5
2024-10-08,8,54.251,NO5
2024-10-08,9,54.742,NO5
2024-10-08,10,54.73,NO5
2024-10-08,11,54.532,NO5
2024-10-08,12,55.034000000000006,NO5
2024-10-08,13,50.207,NO5
2024-10-08,14,49.085,NO5
2024-10-08,15,49.074,NO5
2024-10-08,16,49.12,NO5
2024-10-08,17,50.137,NO5
2024-10-08,18,49.156,NO5
2024-10-08,19,49.693,NO5
2024-10-08,20,50.242,NO5
2024-10-08,21,49.763,NO5
2024-10-08,22,49.085,NO5
2024-10-08,23,48.746,NO5
2024-10-08,24,48.069,NO5
2024-10-09,1,47.462,NO5
2024-10-09,2,47.25,NO5
2024-10-09,3,46.401,NO5
2024-10-09,4,46.284,NO5
2024-10-09,5,46.625,NO5
2024-10-09,6,47.191,NO5
2024-10-09,7,48.04,NO5
2024-10-09,8,48.782,NO5
2024-10-09,9,49.254000000000005,NO5
2024-10-09,10,49.159,NO5
2024-10-09,11,49.112,NO5
2024-10-09,12,49.03,NO5
2024-10-09,13,48.971,NO5
2024-10-09,14,48.735,NO5
2024-10-09,15,48.523,NO5
2024-10-09,16,48.523,NO5
2024-10-09,17,48.511,NO5
2024-10-09,18,48.877,NO5
2024-10-09,19,49.159,NO5
2024-10-09,20,49.419,NO5
2024-10-09,21,49.124,NO5
2024-10-09,22,49.03,NO5
2024-10-09,23,48.334,NO5
2024-10-09,24,47.91,NO5
2024-10-10,1,47.156,NO5
2024-10-10,2,46.637,NO5
2024-10-10,3,44.515,NO5
2024-10-10,4,37.734,NO5
2024-10-10,5,35.612,NO5
2024-10-10,6,45.93,NO5
2024-10-10,7,49.774,NO5
2024-10-10,8,51.331,NO5
2024-10-10,9,52.404,NO5
2024-10-10,10,51.637,NO5
2024-10-10,11,49.633,NO5
2024-10-10,12,44.81,NO5
2024-10-10,13,37.239,NO5
2024-10-10,14,33.194,NO5
2024-10-10,15,33.902,NO5
2024-10-10,16,43.843,NO5
2024-10-10,17,43.843,NO5
2024-10-10,18,45.081,NO5
2024-10-10,19,46.555,NO5
2024-10-10,20,45.564,NO5
2024-10-10,21,44.715,NO5
2024-10-10,22,42.97,NO5
2024-10-10,23,38.902,NO5
2024-10-10,24,38.477,NO5
2024-10-11,1,40.747,NO5
2024-10-11,2,40.759,NO5
2024-10-11,3,41.193,NO5
2024-10-11,4,42.121,NO5
2024-10-11,5,42.156,NO5
2024-10-11,6,43.154,NO5
2024-10-11,7,48.507,NO5
2024-10-11,8,54.517,NO5
2024-10-11,9,57.511,NO5
2024-10-11,10,56.983,NO5
2024-10-11,11,54.729,NO5
2024-10-11,12,51.148,NO5
2024-10-11,13,49.81,NO5
2024-10-11,14,48.824,NO5
2024-10-11,15,47.11,NO5
2024-10-11,16,46.922,NO5
2024-10-11,17,48.096,NO5
2024-10-11,18,51.58200000000001,NO5
2024-10-11,19,51.324,NO5
2024-10-11,20,51.16,NO5
2024-10-11,21,50.62,NO5
2024-10-11,22,50.585,NO5
2024-10-11,23,50.209,NO5
2024-10-11,24,49.434,NO5
2024-10-12,1,44.527,NO5
2024-10-12,2,43.717,NO5
2024-10-12,3,43.611,NO5
2024-10-12,4,43.482,NO5
2024-10-12,5,43.541,NO5
2024-10-12,6,44.011,NO5
2024-10-12,7,44.245,NO5
2024-10-12,8,46.687,NO5
2024-10-12,9,46.899,NO5
2024-10-12,10,46.887,NO5
2024-10-12,11,43.471,NO5
2024-10-12,12,40.242,NO5
2024-10-12,13,31.45,NO5
2024-10-12,14,34.819,NO5
2024-10-12,15,35.946,NO5
2024-10-12,16,41.451,NO5
2024-10-12,17,44.175,NO5
2024-10-12,18,46.37,NO5
2024-10-12,19,47.791,NO5
2024-10-12,20,47.051,NO5
2024-10-12,21,45.525,NO5
2024-10-12,22,45.22,NO5
2024-10-12,23,41.076,NO5
2024-10-12,24,34.607,NO5
2024-10-13,1,30.405,NO5
2024-10-13,2,35.852,NO5
2024-10-13,3,36.932,NO5
2024-10-13,4,36.638,NO5
2024-10-13,5,36.627,NO5
2024-10-13,6,36.638,NO5
2024-10-13,7,36.638,NO5
2024-10-13,8,31.227,NO5
2024-10-13,9,33.504000000000005,NO5
2024-10-13,10,36.38,NO5
2024-10-13,11,37.812,NO5
2024-10-13,12,37.777,NO5
2024-10-13,13,37.707,NO5
2024-10-13,14,37.695,NO5
2024-10-13,15,37.695,NO5
2024-10-13,16,37.695,NO5
2024-10-13,17,37.613,NO5
2024-10-13,18,36.638,NO5
2024-10-13,19,41.052,NO5
2024-10-13,20,47.192,NO5
2024-10-13,21,46.382,NO5
2024-10-13,22,45.114,NO5
2024-10-13,23,45.079,NO5
2024-10-13,24,43.212,NO5
2024-10-14,1,43.58,NO5
2024-10-14,2,41.406,NO5
2024-10-14,3,41.312,NO5
2024-10-14,4,41.653,NO5
2024-10-14,5,45.107,NO5
2024-10-14,6,48.701,NO5
2024-10-14,7,51.943,NO5
2024-10-14,8,58.65,NO5
2024-10-14,9,62.585,NO5
2024-10-14,10,61.657,NO5
2024-10-14,11,58.17999999999999,NO5
2024-10-14,12,54.422,NO5
2024-10-14,13,53.27,NO5
2024-10-14,14,52.143,NO5
2024-10-14,15,52.154,NO5
2024-10-14,16,52.894000000000005,NO5
2024-10-14,17,53.916,NO5
2024-10-14,18,57.123000000000005,NO5
2024-10-14,19,60.307,NO5
2024-10-14,20,62.809000000000005,NO5
2024-10-14,21,56.066,NO5
2024-10-14,22,52.812,NO5
2024-10-14,23,51.802,NO5
2024-10-14,24,49.77,NO5
2024-10-15,1,51.382000000000005,NO5
2024-10-15,2,50.806,NO5
2024-10-15,3,50.57,NO5
2024-10-15,4,50.57,NO5
2024-10-15,5,50.676,NO5
2024-10-15,6,51.382000000000005,NO5
2024-10-15,7,57.065,NO5
2024-10-15,8,152.193,NO5
2024-10-15,9,194.904,NO5
2024-10-15,10,125.167,NO5
2024-10-15,11,70.019,NO5
2024-10-15,12,56.924,NO5
2024-10-15,13,56.018,NO5
2024-10-15,14,55.206,NO5
2024-10-15,15,53.229,NO5
2024-10-15,16,53.147000000000006,NO5
2024-10-15,17,53.559000000000005,NO5
2024-10-15,18,56.018,NO5
2024-10-15,19,71.325,NO5
2024-10-15,20,72.431,NO5
2024-10-15,21,57.03,NO5
2024-10-15,22,57.077,NO5
2024-10-15,23,53.194,NO5
2024-10-15,24,47.982,NO5
2024-10-16,1,40.786,NO5
2024-10-16,2,30.908,NO5
2024-10-16,3,29.102,NO5
2024-10-16,4,29.763,NO5
2024-10-16,5,29.067,NO5
2024-10-16,6,29.905,NO5
2024-10-16,7,40.975,NO5
2024-10-16,8,52.068,NO5
2024-10-16,9,54.794,NO5
2024-10-16,10,47.442,NO5
2024-10-16,11,40.161,NO5
2024-10-16,12,30.778,NO5
2024-10-16,13,29.067,NO5
2024-10-16,14,29.055,NO5
2024-10-16,15,29.055,NO5
2024-10-16,16,27.816000000000003,NO5
2024-10-16,17,37.706,NO5
2024-10-16,18,41.6,NO5
2024-10-16,19,43.89,NO5
2024-10-16,20,43.099,NO5
2024-10-16,21,42.308,NO5
2024-10-16,22,40.751,NO5
2024-10-16,23,38.284,NO5
2024-10-16,24,32.183,NO5
2024-10-17,1,31.892000000000003,NO5
2024-10-17,2,31.489,NO5
2024-10-17,3,30.337,NO5
2024-10-17,4,30.372000000000003,NO5
2024-10-17,5,30.277,NO5
2024-10-17,6,34.398,NO5
2024-10-17,7,42.899,NO5
2024-10-17,8,46.152,NO5
2024-10-17,9,47.411,NO5
2024-10-17,10,46.651,NO5
2024-10-17,11,45.665,NO5
2024-10-17,12,45.689,NO5
2024-10-17,13,46.259,NO5
2024-10-17,14,47.138,NO5
2024-10-17,15,48.61,NO5
2024-10-17,16,47.423,NO5
2024-10-17,17,47.126,NO5
2024-10-17,18,47.352,NO5
2024-10-17,19,47.933,NO5
2024-10-17,20,49.228,NO5
2024-10-17,21,48.788,NO5
2024-10-17,22,48.503,NO5
2024-10-17,23,48.907,NO5
2024-10-17,24,47.067,NO5
2024-10-18,1,46.596,NO5
2024-10-18,2,46.478,NO5
2024-10-18,3,46.337,NO5
2024-10-18,4,46.242,NO5
2024-10-18,5,46.301,NO5
2024-10-18,6,47.163,NO5
2024-10-18,7,49.927,NO5
2024-10-18,8,51.085,NO5
2024-10-18,9,51.179,NO5
2024-10-18,10,50.069,NO5
2024-10-18,11,49.396,NO5
2024-10-18,12,50.069,NO5
2024-10-18,13,49.821,NO5
2024-10-18,14,49.419,NO5
2024-10-18,15,49.301,NO5
2024-10-18,16,48.226,NO5
2024-10-18,17,49.62,NO5
2024-10-18,18,50.589,NO5
2024-10-18,19,50.801,NO5
2024-10-18,20,50.388,NO5
2024-10-18,21,49.821,NO5
2024-10-18,22,49.065,NO5
2024-10-18,23,46.927,NO5
2024-10-18,24,45.356,NO5
2024-10-19,1,46.596,NO5
2024-10-19,2,46.348,NO5
2024-10-19,3,46.112,NO5
2024-10-19,4,45.982,NO5
2024-10-19,5,45.510000000000005,NO5
2024-10-19,6,45.876,NO5
2024-10-19,7,45.864,NO5
2024-10-19,8,46.277,NO5
2024-10-19,9,47.152,NO5
2024-10-19,10,47.754000000000005,NO5
2024-10-19,11,48.344,NO5
2024-10-19,12,48.262,NO5
2024-10-19,13,48.356,NO5
2024-10-19,14,48.333,NO5
2024-10-19,15,48.309,NO5
2024-10-19,16,48.155,NO5
2024-10-19,17,48.9,NO5
2024-10-19,18,51.073,NO5
2024-10-19,19,51.746,NO5
2024-10-19,20,52.101,NO5
2024-10-19,21,51.203,NO5
2024-10-19,22,49.549,NO5
2024-10-19,23,48.746,NO5
2024-10-19,24,47.529,NO5
2024-10-20,1,41.506,NO5
2024-10-20,2,41.104,NO5
2024-10-20,3,40.856,NO5
2024-10-20,4,39.899,NO5
2024-10-20,5,39.639,NO5
2024-10-20,6,38.305,NO5
2024-10-20,7,38.068,NO5
2024-10-20,8,41.907,NO5
2024-10-20,9,42.462,NO5
2024-10-20,10,39.096,NO5
2024-10-20,11,29.08,NO5
2024-10-20,12,10.76,NO5
2024-10-20,13,8.398,NO5
2024-10-20,14,7.429,NO5
2024-10-20,15,7.24,NO5
2024-10-20,16,9.059,NO5
2024-10-20,17,31.371,NO5
2024-10-20,18,40.147000000000006,NO5
2024-10-20,19,45.108,NO5
2024-10-20,20,42.592,NO5
2024-10-20,21,39.309,NO5
2024-10-20,22,25.489,NO5
2024-10-20,23,14.481,NO5
2024-10-20,24,7.063,NO5
2024-10-21,1,0.533,NO5
2024-10-21,2,0.0,NO5
2024-10-21,3,-0.036,NO5
2024-10-21,4,0.485,NO5
2024-10-21,5,-0.047,NO5
2024-10-21,6,3.954,NO5
2024-10-21,7,30.731,NO5
2024-10-21,8,32.519,NO5
2024-10-21,9,36.568,NO5
2024-10-21,10,37.017,NO5
2024-10-21,11,35.206,NO5
2024-10-21,12,34.117000000000004,NO5
2024-10-21,13,35.396,NO5
2024-10-21,14,36.568,NO5
2024-10-21,15,40.214,NO5
2024-10-21,16,42.167,NO5
2024-10-21,17,42.262,NO5
2024-10-21,18,42.996,NO5
2024-10-21,19,43.09,NO5
2024-10-21,20,42.356,NO5
2024-10-21,21,42.617,NO5
2024-10-21,22,42.143,NO5
2024-10-21,23,40.9,NO5
2024-10-21,24,40.427,NO5
2024-10-22,1,36.805,NO5
2024-10-22,2,36.297,NO5
2024-10-22,3,36.533,NO5
2024-10-22,4,36.521,NO5
2024-10-22,5,36.391000000000005,NO5
2024-10-22,6,36.923,NO5
2024-10-22,7,38.85,NO5
2024-10-22,8,41.215,NO5
2024-10-22,9,41.972,NO5
2024-10-22,10,41.983,NO5
2024-10-22,11,42.007,NO5
2024-10-22,12,41.617,NO5
2024-10-22,13,39.11,NO5
2024-10-22,14,36.864,NO5
2024-10-22,15,35.327,NO5
2024-10-22,16,36.427,NO5
2024-10-22,17,38.839,NO5
2024-10-22,18,41.96,NO5
2024-10-22,19,41.972,NO5
2024-10-22,20,42.019,NO5
2024-10-22,21,41.983,NO5
2024-10-22,22,41.652,NO5
2024-10-22,23,40.541,NO5
2024-10-22,24,38.165,NO5
2024-10-23,1,35.629000000000005,NO5
2024-10-23,2,31.160000000000004,NO5
2024-10-23,3,28.541000000000004,NO5
2024-10-23,4,28.245,NO5
2024-10-23,5,28.47,NO5
2024-10-23,6,31.824,NO5
2024-10-23,7,36.778,NO5
2024-10-23,8,38.141000000000005,NO5
2024-10-23,9,38.521,NO5
2024-10-23,10,38.260000000000005,NO5
2024-10-23,11,38.212,NO5
2024-10-23,12,38.201,NO5
2024-10-23,13,37.489,NO5
2024-10-23,14,37.229,NO5
2024-10-23,15,37.347,NO5
2024-10-23,16,36.79,NO5
2024-10-23,17,37.324,NO5
2024-10-23,18,37.501,NO5
2024-10-23,19,37.809,NO5
2024-10-23,20,37.679,NO5
2024-10-23,21,37.632,NO5
2024-10-23,22,37.62,NO5
2024-10-23,23,36.731,NO5
2024-10-23,24,36.257,NO5
2024-10-24,1,27.991000000000003,NO5
2024-10-24,2,26.538,NO5
2024-10-24,3,22.733,NO5
2024-10-24,4,22.733,NO5
2024-10-24,5,22.733,NO5
2024-10-24,6,22.733,NO5
2024-10-24,7,20.37,NO5
2024-10-24,8,32.599000000000004,NO5
2024-10-24,9,37.644,NO5
2024-10-24,10,43.682,NO5
2024-10-24,11,38.944,NO5
2024-10-24,12,36.793,NO5
2024-10-24,13,35.352,NO5
2024-10-24,14,34.915,NO5
2024-10-24,15,35.104,NO5
2024-10-24,16,35.163,NO5
2024-10-24,17,35.423,NO5
2024-10-24,18,38.826,NO5
2024-10-24,19,41.531,NO5
2024-10-24,20,41.260000000000005,NO5
2024-10-24,21,35.364,NO5
2024-10-24,22,32.705,NO5
2024-10-24,23,29.48,NO5
2024-10-24,24,15.678999999999998,NO5
2024-10-25,1,6.82,NO5
2024-10-25,2,5.933,NO5
2024-10-25,3,4.751,NO5
2024-10-25,4,3.841,NO5
2024-10-25,5,4.751,NO5
2024-10-25,6,5.981,NO5
2024-10-25,7,26.074,NO5
2024-10-25,8,37.019,NO5
2024-10-25,9,47.479,NO5
2024-10-25,10,40.789,NO5
2024-10-25,11,37.432,NO5
2024-10-25,12,34.253,NO5
2024-10-25,13,32.515,NO5
2024-10-25,14,29.915,NO5
2024-10-25,15,28.32,NO5
2024-10-25,16,27.067,NO5
2024-10-25,17,30.624,NO5
2024-10-25,18,32.492000000000004,NO5
2024-10-25,19,35.695,NO5
2024-10-25,20,30.376,NO5
2024-10-25,21,26.842,NO5
2024-10-25,22,26.074,NO5
2024-10-25,23,24.951,NO5
2024-10-25,24,24.407,NO5
2024-10-26,1,15.259,NO5
2024-10-26,2,11.796,NO5
2024-10-26,3,9.054,NO5
2024-10-26,4,8.841,NO5
2024-10-26,5,6.712999999999999,NO5
2024-10-26,6,11.453,NO5
2024-10-26,7,16.747999999999998,NO5
2024-10-26,8,22.894,NO5
2024-10-26,9,29.1,NO5
2024-10-26,10,33.083,NO5
2024-10-26,11,33.485,NO5
2024-10-26,12,33.495999999999995,NO5
2024-10-26,13,33.733,NO5
2024-10-26,14,33.343,NO5
2024-10-26,15,33.414,NO5
2024-10-26,16,33.508,NO5
2024-10-26,17,31.783,NO5
2024-10-26,18,33.154,NO5
2024-10-26,19,33.898,NO5
2024-10-26,20,33.366,NO5
2024-10-26,21,28.142000000000003,NO5
2024-10-26,22,23.001,NO5
2024-10-26,23,14.278,NO5
2024-10-26,24,5.532,NO5
2024-10-27,1,4.976,NO5
2024-10-27,2,4.787,NO5
2024-10-27,3,1.3005,NO5
2024-10-27,4,1.182,NO5
2024-10-27,5,1.182,NO5
2024-10-27,6,1.182,NO5
2024-10-27,7,1.182,NO5
2024-10-27,8,4.432,NO5
2024-10-27,9,5.26,NO5
2024-10-27,10,5.815,NO5
2024-10-27,11,5.91,NO5
2024-10-27,12,5.839,NO5
2024-10-27,13,5.1770000000000005,NO5
2024-10-27,14,5.283,NO5
2024-10-27,15,5.413,NO5
2024-10-27,16,5.331,NO5
2024-10-27,17,5.673,NO5
2024-10-27,18,7.056,NO5
2024-10-27,19,12.954,NO5
2024-10-27,20,12.056,NO5
2024-10-27,21,7.931,NO5
2024-10-27,22,5.65,NO5
2024-10-27,23,20.885,NO5
2024-10-27,24,19.408,NO5
2024-10-28,1,12.15,NO5
2024-10-28,2,12.019,NO5
2024-10-28,3,12.019,NO5
2024-10-28,4,12.055,NO5
2024-10-28,5,12.162,NO5
2024-10-28,6,12.472,NO5
2024-10-28,7,20.262,NO5
2024-10-28,8,26.993,NO5
2024-10-28,9,25.504,NO5
2024-10-28,10,25.337,NO5
2024-10-28,11,23.848,NO5
2024-10-28,12,23.062,NO5
2024-10-28,13,22.359,NO5
2024-10-28,14,21.477,NO5
2024-10-28,15,21.62,NO5
2024-10-28,16,23.86,NO5
2024-10-28,17,27.183,NO5
2024-10-28,18,32.698,NO5
2024-10-28,19,35.617000000000004,NO5
2024-10-28,20,29.315,NO5
2024-10-28,21,27.660000000000004,NO5
2024-10-28,22,24.038,NO5
2024-10-28,23,21.608,NO5
2024-10-28,24,16.593,NO5
2024-10-29,1,20.924,NO5
2024-10-29,2,17.502000000000002,NO5
2024-10-29,3,17.158,NO5
2024-10-29,4,17.490000000000002,NO5
2024-10-29,5,17.833000000000002,NO5
2024-10-29,6,23.991,NO5
2024-10-29,7,34.636,NO5
2024-10-29,8,180.985,NO5
2024-10-29,9,165.864,NO5
2024-10-29,10,148.81199999999998,NO5
2024-10-29,11,138.498,NO5
2024-10-29,12,124.573,NO5
2024-10-29,13,114.602,NO5
2024-10-29,14,59.361,NO5
2024-10-29,15,35.596,NO5
2024-10-29,16,27.555,NO5
2024-10-29,17,26.999,NO5
2024-10-29,18,27.555,NO5
2024-10-29,19,26.525,NO5
2024-10-29,20,26.324,NO5
2024-10-29,21,25.921,NO5
2024-10-29,22,24.938,NO5
2024-10-29,23,24.086,NO5
2024-10-29,24,21.208,NO5
2024-10-30,1,9.384,NO5
2024-10-30,2,7.245999999999999,NO5
2024-10-30,3,7.543000000000001,NO5
2024-10-30,4,7.769,NO5
2024-10-30,5,7.353,NO5
2024-10-30,6,7.209999999999999,NO5
2024-10-30,7,11.89,NO5
2024-10-30,8,13.043,NO5
2024-10-30,9,11.76,NO5
2024-10-30,10,11.879,NO5
2024-10-30,11,8.006,NO5
2024-10-30,12,5.892,NO5
2024-10-30,13,2.982,NO5
2024-10-30,14,2.91,NO5
2024-10-30,15,3.029,NO5
2024-10-30,16,6.093999999999999,NO5
2024-10-30,17,8.956,NO5
2024-10-30,18,9.384,NO5
2024-10-30,19,11.926,NO5
2024-10-30,20,11.748,NO5
2024-10-30,21,9.372,NO5
2024-10-30,22,12.876,NO5
2024-10-30,23,11.89,NO5
2024-10-30,24,9.372,NO5
2024-10-31,1,-0.06,NO5
2024-10-31,2,-0.06,NO5
2024-10-31,3,-0.072,NO5
2024-10-31,4,-0.0839999999999999,NO5
2024-10-31,5,-0.096,NO5
2024-10-31,6,-0.096,NO5
2024-10-31,7,-0.048,NO5
2024-10-31,8,-0.012,NO5
2024-10-31,9,0.012,NO5
2024-10-31,10,0.0,NO5
2024-10-31,11,-0.012,NO5
2024-10-31,12,-0.024,NO5
2024-10-31,13,-0.024,NO5
2024-10-31,14,-0.024,NO5
2024-10-31,15,-0.036,NO5
2024-10-31,16,-0.024,NO5
2024-10-31,17,-0.012,NO5
2024-10-31,18,-0.036,NO5
2024-10-31,19,-0.024,NO5
2024-10-31,20,-0.012,NO5
2024-10-31,21,-0.036,NO5
2024-10-31,22,-0.06,NO5
2024-10-31,23,-0.072,NO5
2024-10-31,24,-0.072,NO5
2024-11-01,1,2.045,NO5
2024-11-01,2,0.275,NO5
2024-11-01,3,0.012,NO5
2024-11-01,4,0.0,NO5
2024-11-01,5,-0.012,NO5
2024-11-01,6,0.0,NO5
2024-11-01,7,0.072,NO5
2024-11-01,8,1.914,NO5
2024-11-01,9,1.949,NO5
2024-11-01,10,1.65,NO5
2024-11-01,11,1.244,NO5
2024-11-01,12,0.323,NO5
2024-11-01,13,0.12,NO5
2024-11-01,14,0.0,NO5
2024-11-01,15,0.12,NO5
2024-11-01,16,1.268,NO5
2024-11-01,17,1.351,NO5
2024-11-01,18,3.947,NO5
2024-11-01,19,2.165,NO5
2024-11-01,20,0.837,NO5
2024-11-01,21,0.132,NO5
2024-11-01,22,0.12,NO5
2024-11-01,23,0.0,NO5
2024-11-01,24,0.024,NO5
2024-11-02,1,3.098,NO5
2024-11-02,2,3.277,NO5
2024-11-02,3,3.277,NO5
2024-11-02,4,3.026,NO5
2024-11-02,5,3.038,NO5
2024-11-02,6,3.265,NO5
2024-11-02,7,3.325,NO5
2024-11-02,8,3.612,NO5
2024-11-02,9,5.274,NO5
2024-11-02,10,6.506,NO5
2024-11-02,11,7.104000000000001,NO5
2024-11-02,12,7.0920000000000005,NO5
2024-11-02,13,7.0680000000000005,NO5
2024-11-02,14,7.0680000000000005,NO5
2024-11-02,15,7.331,NO5
2024-11-02,16,7.331,NO5
2024-11-02,17,8.826,NO5
2024-11-02,18,9.664,NO5
2024-11-02,19,11.314,NO5
2024-11-02,20,7.571,NO5
2024-11-02,21,7.212000000000001,NO5
2024-11-02,22,7.151999999999999,NO5
2024-11-02,23,5.227,NO5
2024-11-02,24,3.241,NO5
2024-11-03,1,7.140000000000001,NO5
2024-11-03,2,6.207,NO5
2024-11-03,3,4.76,NO5
2024-11-03,4,4.294,NO5
2024-11-03,5,4.234,NO5
2024-11-03,6,3.217,NO5
2024-11-03,7,2.894,NO5
2024-11-03,8,3.397,NO5
2024-11-03,9,3.624,NO5
2024-11-03,10,5.3340000000000005,NO5
2024-11-03,11,5.406000000000001,NO5
2024-11-03,12,6.195,NO5
2024-11-03,13,6.0280000000000005,NO5
2024-11-03,14,5.693,NO5
2024-11-03,15,6.183,NO5
2024-11-03,16,6.458,NO5
2024-11-03,17,6.757,NO5
2024-11-03,18,6.973000000000001,NO5
2024-11-03,19,6.805,NO5
2024-11-03,20,6.578,NO5
2024-11-03,21,6.255,NO5
2024-11-03,22,4.82,NO5
2024-11-03,23,4.340999999999999,NO5
2024-11-03,24,3.72,NO5
2024-11-04,1,10.74,NO5
2024-11-04,2,10.752,NO5
2024-11-04,3,10.74,NO5
2024-11-04,4,10.74,NO5
2024-11-04,5,10.74,NO5
2024-11-04,6,11.827,NO5
2024-11-04,7,12.807,NO5
2024-11-04,8,34.513,NO5
2024-11-04,9,34.92,NO5
2024-11-04,10,28.409,NO5
2024-11-04,11,28.206,NO5
2024-11-04,12,26.306,NO5
2024-11-04,13,27.429,NO5
2024-11-04,14,25.542,NO5
2024-11-04,15,24.777,NO5
2024-11-04,16,26.019,NO5
2024-11-04,17,27.979000000000003,NO5
2024-11-04,18,31.276,NO5
2024-11-04,19,29.126,NO5
2024-11-04,20,26.378,NO5
2024-11-04,21,25.327,NO5
2024-11-04,22,26.258,NO5
2024-11-04,23,24.048,NO5
2024-11-04,24,15.889,NO5
2024-11-05,1,23.382,NO5
2024-11-05,2,24.769,NO5
2024-11-05,3,25.953,NO5
2024-11-05,4,24.578,NO5
2024-11-05,5,24.626,NO5
2024-11-05,6,26.826,NO5
2024-11-05,7,26.085,NO5
2024-11-05,8,27.101,NO5
2024-11-05,9,28.058,NO5
2024-11-05,10,31.634,NO5
2024-11-05,11,35.485,NO5
2024-11-05,12,28.74,NO5
2024-11-05,13,28.25,NO5
2024-11-05,14,27.329,NO5
2024-11-05,15,26.444,NO5
2024-11-05,16,26.396,NO5
2024-11-05,17,26.814,NO5
2024-11-05,18,27.759,NO5
2024-11-05,19,27.376,NO5
2024-11-05,20,26.731,NO5
2024-11-05,21,24.781,NO5
2024-11-05,22,24.075,NO5
2024-11-05,23,22.736,NO5
2024-11-05,24,24.075,NO5
2024-11-06,1,25.938,NO5
2024-11-06,2,25.926,NO5
2024-11-06,3,25.938,NO5
2024-11-06,4,25.938,NO5
2024-11-06,5,27.01,NO5
2024-11-06,6,26.795,NO5
2024-11-06,7,30.951,NO5
2024-11-06,8,33.44,NO5
2024-11-06,9,38.109,NO5
2024-11-06,10,36.156,NO5
2024-11-06,11,32.321,NO5
2024-11-06,12,32.297000000000004,NO5
2024-11-06,13,32.309,NO5
2024-11-06,14,32.297000000000004,NO5
2024-11-06,15,28.713,NO5
2024-11-06,16,28.701,NO5
2024-11-06,17,29.880000000000003,NO5
2024-11-06,18,30.963,NO5
2024-11-06,19,30.951,NO5
2024-11-06,20,31.583,NO5
2024-11-06,21,30.987,NO5
2024-11-06,22,31.595,NO5
2024-11-06,23,31.595,NO5
2024-11-06,24,28.713,NO5
2024-11-07,1,28.655,NO5
2024-11-07,2,27.938,NO5
2024-11-07,3,27.738,NO5
2024-11-07,4,27.585,NO5
2024-11-07,5,28.384,NO5
2024-11-07,6,29.360000000000003,NO5
2024-11-07,7,29.360000000000003,NO5
2024-11-07,8,32.297000000000004,NO5
2024-11-07,9,43.505,NO5
2024-11-07,10,53.127,NO5
2024-11-07,11,48.921,NO5
2024-11-07,12,47.769,NO5
2024-11-07,13,32.297000000000004,NO5
2024-11-07,14,31.709,NO5
2024-11-07,15,28.561,NO5
2024-11-07,16,29.371,NO5
2024-11-07,17,30.699,NO5
2024-11-07,18,31.627,NO5
2024-11-07,19,42.412,NO5
2024-11-07,20,40.991,NO5
2024-11-07,21,35.175,NO5
2024-11-07,22,32.379000000000005,NO5
2024-11-07,23,31.709,NO5
2024-11-07,24,29.395,NO5
2024-11-08,1,28.916000000000004,NO5
2024-11-08,2,29.257,NO5
2024-11-08,3,29.128,NO5
2024-11-08,4,27.715,NO5
2024-11-08,5,29.163,NO5
2024-11-08,6,29.434,NO5
2024-11-08,7,31.011000000000003,NO5
2024-11-08,8,52.263,NO5
2024-11-08,9,56.089,NO5
2024-11-08,10,53.44,NO5
2024-11-08,11,52.416,NO5
2024-11-08,12,50.92,NO5
2024-11-08,13,48.754000000000005,NO5
2024-11-08,14,30.764,NO5
2024-11-08,15,30.752,NO5
2024-11-08,16,26.443,NO5
2024-11-08,17,26.008,NO5
2024-11-08,18,27.126,NO5
2024-11-08,19,26.985000000000003,NO5
2024-11-08,20,25.925,NO5
2024-11-08,21,27.515,NO5
2024-11-08,22,27.35,NO5
2024-11-08,23,25.643,NO5
2024-11-08,24,25.819,NO5
2024-11-09,1,25.525,NO5
2024-11-09,2,25.337,NO5
2024-11-09,3,24.642,NO5
2024-11-09,4,25.136000000000003,NO5
2024-11-09,5,24.795,NO5
2024-11-09,6,25.607,NO5
2024-11-09,7,25.325,NO5
2024-11-09,8,26.172000000000004,NO5
2024-11-09,9,25.631,NO5
2024-11-09,10,25.69,NO5
2024-11-09,11,25.407,NO5
2024-11-09,12,25.678,NO5
2024-11-09,13,25.631,NO5
2024-11-09,14,25.702,NO5
2024-11-09,15,25.242,NO5
2024-11-09,16,24.771,NO5
2024-11-09,17,25.407,NO5
2024-11-09,18,25.961,NO5
2024-11-09,19,25.643,NO5
2024-11-09,20,24.771,NO5
2024-11-09,21,24.771,NO5
2024-11-09,22,24.112,NO5
2024-11-09,23,24.253,NO5
2024-11-09,24,24.595,NO5
2024-11-10,1,30.67,NO5
2024-11-10,2,30.117,NO5
2024-11-10,3,29.869,NO5
2024-11-10,4,29.869,NO5
2024-11-10,5,29.869,NO5
2024-11-10,6,28.986,NO5
2024-11-10,7,26.973000000000003,NO5
2024-11-10,8,30.317,NO5
2024-11-10,9,30.223000000000003,NO5
2024-11-10,10,30.788,NO5
2024-11-10,11,30.941000000000003,NO5
2024-11-10,12,30.729000000000003,NO5
2024-11-10,13,30.741000000000003,NO5
2024-11-10,14,30.635,NO5
2024-11-10,15,30.246,NO5
2024-11-10,16,30.152,NO5
2024-11-10,17,30.482,NO5
2024-11-10,18,31.235000000000003,NO5
2024-11-10,19,31.212,NO5
2024-11-10,20,31.223000000000003,NO5
2024-11-10,21,31.223000000000003,NO5
2024-11-10,22,31.153,NO5
2024-11-10,23,30.894,NO5
2024-11-10,24,30.234,NO5
2024-11-11,1,33.474000000000004,NO5
2024-11-11,2,32.731,NO5
2024-11-11,3,31.576,NO5
2024-11-11,4,31.293,NO5
2024-11-11,5,32.59,NO5
2024-11-11,6,33.686,NO5
2024-11-11,7,34.923,NO5
2024-11-11,8,37.894,NO5
2024-11-11,9,49.126,NO5
2024-11-11,10,66.547,NO5
2024-11-11,11,55.196000000000005,NO5
2024-11-11,12,50.069,NO5
2024-11-11,13,49.15,NO5
2024-11-11,14,37.729,NO5
2024-11-11,15,36.185,NO5
2024-11-11,16,35.983999999999995,NO5
2024-11-11,17,36.856,NO5
2024-11-11,18,39.108,NO5
2024-11-11,19,44.258,NO5
2024-11-11,20,36.055,NO5
2024-11-11,21,35.289,NO5
2024-11-11,22,34.617000000000004,NO5
2024-11-11,23,34.016000000000005,NO5
2024-11-11,24,33.497,NO5
2024-11-12,1,36.624,NO5
2024-11-12,2,36.272000000000006,NO5
2024-11-12,3,35.943,NO5
2024-11-12,4,36.096,NO5
2024-11-12,5,36.19,NO5
2024-11-12,6,36.624,NO5
2024-11-12,7,38.103,NO5
2024-11-12,8,108.029,NO5
2024-11-12,9,182.322,NO5
2024-11-12,10,153.54000000000002,NO5
2024-11-12,11,149.055,NO5
2024-11-12,12,126.33,NO5
2024-11-12,13,105.318,NO5
2024-11-12,14,62.238,NO5
2024-11-12,15,71.546,NO5
2024-11-12,16,61.568,NO5
2024-11-12,17,70.736,NO5
2024-11-12,18,62.566,NO5
2024-11-12,19,66.487,NO5
2024-11-12,20,49.619,NO5
2024-11-12,21,45.299,NO5
2024-11-12,22,38.185,NO5
2024-11-12,23,37.528,NO5
2024-11-12,24,36.425,NO5
2024-11-13,1,43.046,NO5
2024-11-13,2,42.364,NO5
2024-11-13,3,42.34,NO5
2024-11-13,4,42.223,NO5
2024-11-13,5,42.329,NO5
2024-11-13,6,42.635000000000005,NO5
2024-11-13,7,50.14,NO5
2024-11-13,8,54.376,NO5
2024-11-13,9,61.07000000000001,NO5
2024-11-13,10,57.399,NO5
2024-11-13,11,53.364,NO5
2024-11-13,12,51.634,NO5
2024-11-13,13,50.964,NO5
2024-11-13,14,48.493,NO5
2024-11-13,15,48.152,NO5
2024-11-13,16,47.882,NO5
2024-11-13,17,48.587,NO5
2024-11-13,18,57.175,NO5
2024-11-13,19,71.587,NO5
2024-11-13,20,57.04600000000001,NO5
2024-11-13,21,51.729,NO5
2024-11-13,22,49.964,NO5
2024-11-13,23,44.717,NO5
2024-11-13,24,43.493,NO5
2024-11-14,1,44.308,NO5
2024-11-14,2,42.344,NO5
2024-11-14,3,40.58,NO5
2024-11-14,4,40.016000000000005,NO5
2024-11-14,5,41.697,NO5
2024-11-14,6,44.778,NO5
2024-11-14,7,49.094,NO5
2024-11-14,8,52.716,NO5
2024-11-14,9,60.23,NO5
2024-11-14,10,56.737,NO5
2024-11-14,11,52.398,NO5
2024-11-14,12,51.728,NO5
2024-11-14,13,50.658,NO5
2024-11-14,14,49.611,NO5
2024-11-14,15,49.505,NO5
2024-11-14,16,49.188,NO5
2024-11-14,17,48.706,NO5
2024-11-14,18,50.211,NO5
2024-11-14,19,53.598,NO5
2024-11-14,20,52.351,NO5
2024-11-14,21,51.951,NO5
2024-11-14,22,51.187,NO5
2024-11-14,23,46.166,NO5
2024-11-14,24,39.546,NO5
2024-11-15,1,43.111,NO5
2024-11-15,2,42.725,NO5
2024-11-15,3,40.326,NO5
2024-11-15,4,39.391000000000005,NO5
2024-11-15,5,39.344,NO5
2024-11-15,6,42.736,NO5
2024-11-15,7,46.316,NO5
2024-11-15,8,49.58,NO5
2024-11-15,9,51.019,NO5
2024-11-15,10,54.026,NO5
2024-11-15,11,50.61,NO5
2024-11-15,12,48.68,NO5
2024-11-15,13,48.89,NO5
2024-11-15,14,47.486,NO5
2024-11-15,15,46.714,NO5
2024-11-15,16,45.743,NO5
2024-11-15,17,45.907,NO5
2024-11-15,18,45.813,NO5
2024-11-15,19,45.018,NO5
2024-11-15,20,42.947,NO5
2024-11-15,21,42.783,NO5
2024-11-15,22,42.456,NO5
2024-11-15,23,40.303,NO5
2024-11-15,24,38.548,NO5
2024-11-16,1,40.443,NO5
2024-11-16,2,39.203,NO5
2024-11-16,3,38.829,NO5
2024-11-16,4,38.466,NO5
2024-11-16,5,39.04,NO5
2024-11-16,6,38.841,NO5
2024-11-16,7,38.969,NO5
2024-11-16,8,39.355,NO5
2024-11-16,9,41.145,NO5
2024-11-16,10,43.134,NO5
2024-11-16,11,44.281,NO5
2024-11-16,12,44.199,NO5
2024-11-16,13,43.988,NO5
2024-11-16,14,43.977,NO5
2024-11-16,15,43.988,NO5
2024-11-16,16,44.175,NO5
2024-11-16,17,44.819,NO5
2024-11-16,18,45.556,NO5
2024-11-16,19,44.994,NO5
2024-11-16,20,44.175,NO5
2024-11-16,21,43.696,NO5
2024-11-16,22,42.877,NO5
2024-11-16,23,42.795,NO5
2024-11-16,24,43.099,NO5
2024-11-17,1,41.075,NO5
2024-11-17,2,39.075,NO5
2024-11-17,3,37.881,NO5
2024-11-17,4,38.735,NO5
2024-11-17,5,38.267,NO5
2024-11-17,6,38.174,NO5
2024-11-17,7,38.115,NO5
2024-11-17,8,40.186,NO5
2024-11-17,9,41.157,NO5
2024-11-17,10,41.847,NO5
2024-11-17,11,40.631,NO5
2024-11-17,12,39.051,NO5
2024-11-17,13,40.046,NO5
2024-11-17,14,40.56,NO5
2024-11-17,15,42.292,NO5
2024-11-17,16,43.438,NO5
2024-11-17,17,46.047,NO5
2024-11-17,18,46.351,NO5
2024-11-17,19,45.813,NO5
2024-11-17,20,45.638,NO5
2024-11-17,21,44.55,NO5
2024-11-17,22,43.017,NO5
2024-11-17,23,42.643,NO5
2024-11-17,24,42.21,NO5
2024-11-18,1,45.931,NO5
2024-11-18,2,45.532,NO5
2024-11-18,3,45.298,NO5
2024-11-18,4,45.462,NO5
2024-11-18,5,45.813,NO5
2024-11-18,6,49.715,NO5
2024-11-18,7,54.25,NO5
2024-11-18,8,65.791,NO5
2024-11-18,9,114.17,NO5
2024-11-18,10,98.282,NO5
2024-11-18,11,81.785,NO5
2024-11-18,12,76.95700000000001,NO5
2024-11-18,13,72.66900000000001,NO5
2024-11-18,14,66.4,NO5
2024-11-18,15,65.346,NO5
2024-11-18,16,59.03,NO5
2024-11-18,17,64.83,NO5
2024-11-18,18,79.61699999999999,NO5
2024-11-18,19,158.695,NO5
2024-11-18,20,149.755,NO5
2024-11-18,21,127.704,NO5
2024-11-18,22,112.214,NO5
2024-11-18,23,110.257,NO5
2024-11-18,24,100.895,NO5
2024-11-19,1,101.333,NO5
2024-11-19,2,97.089,NO5
2024-11-19,3,92.915,NO5
2024-11-19,4,89.20700000000001,NO5
2024-11-19,5,82.398,NO5
2024-11-19,6,90.349,NO5
2024-11-19,7,103.466,NO5
2024-11-19,8,145.86,NO5
2024-11-19,9,163.524,NO5
2024-11-19,10,159.607,NO5
2024-11-19,11,157.893,NO5
2024-11-19,12,154.442,NO5
2024-11-19,13,147.155,NO5
2024-11-19,14,143.342,NO5
2024-11-19,15,137.349,NO5
2024-11-19,16,126.447,NO5
2024-11-19,17,132.3,NO5
2024-11-19,18,148.274,NO5
2024-11-19,19,139.64600000000002,NO5
2024-11-19,20,130.4,NO5
2024-11-19,21,120.116,NO5
2024-11-19,22,107.151,NO5
2024-11-19,23,103.641,NO5
2024-11-19,24,71.34400000000001,NO5
2024-11-20,1,73.54400000000001,NO5
2024-11-20,2,67.768,NO5
2024-11-20,3,61.154,NO5
2024-11-20,4,56.974,NO5
2024-11-20,5,55.169,NO5
2024-11-20,6,59.419,NO5
2024-11-20,7,91.522,NO5
2024-11-20,8,126.617,NO5
2024-11-20,9,136.083,NO5
2024-11-20,10,131.251,NO5
2024-11-20,11,112.842,NO5
2024-11-20,12,99.614,NO5
2024-11-20,13,91.103,NO5
2024-11-20,14,79.983,NO5
2024-11-20,15,87.819,NO5
2024-11-20,16,103.62,NO5
2024-11-20,17,108.906,NO5
2024-11-20,18,133.301,NO5
2024-11-20,19,135.257,NO5
2024-11-20,20,132.602,NO5
2024-11-20,21,126.105,NO5
2024-11-20,22,117.523,NO5
2024-11-20,23,94.701,NO5
2024-11-20,24,69.806,NO5
2024-11-21,1,66.676,NO5
2024-11-21,2,59.67999999999999,NO5
2024-11-21,3,59.657,NO5
2024-11-21,4,60.993,NO5
2024-11-21,5,65.13,NO5
2024-11-21,6,67.779,NO5
2024-11-21,7,101.594,NO5
2024-11-21,8,115.956,NO5
2024-11-21,9,126.275,NO5
2024-11-21,10,126.972,NO5
2024-11-21,11,121.615,NO5
2024-11-21,12,108.81,NO5
2024-11-21,13,110.576,NO5
2024-11-21,14,114.457,NO5
2024-11-21,15,128.43599999999998,NO5
2024-11-21,16,140.195,NO5
2024-11-21,17,123.277,NO5
2024-11-21,18,162.459,NO5
2024-11-21,19,146.668,NO5
2024-11-21,20,140.33499999999998,NO5
2024-11-21,21,121.743,NO5
2024-11-21,22,116.18800000000002,NO5
2024-11-21,23,114.492,NO5
2024-11-21,24,91.275,NO5
2024-11-22,1,77.95700000000001,NO5
2024-11-22,2,66.50399999999999,NO5
2024-11-22,3,66.204,NO5
2024-11-22,4,65.97200000000001,NO5
2024-11-22,5,65.69500000000001,NO5
2024-11-22,6,69.743,NO5
2024-11-22,7,106.206,NO5
2024-11-22,8,127.364,NO5
2024-11-22,9,137.31199999999998,NO5
2024-11-22,10,133.472,NO5
2024-11-22,11,125.189,NO5
2024-11-22,12,107.536,NO5
2024-11-22,13,98.987,NO5
2024-11-22,14,89.05,NO5
2024-11-22,15,88.715,NO5
2024-11-22,16,74.255,NO5
2024-11-22,17,78.107,NO5
2024-11-22,18,83.914,NO5
2024-11-22,19,118.907,NO5
2024-11-22,20,116.837,NO5
2024-11-22,21,81.22999999999999,NO5
2024-11-22,22,81.24199999999999,NO5
2024-11-22,23,71.30499999999999,NO5
2024-11-22,24,63.705,NO5
2024-11-23,1,57.505,NO5
2024-11-23,2,53.30499999999999,NO5
2024-11-23,3,51.929,NO5
2024-11-23,4,51.015,NO5
2024-11-23,5,51.142,NO5
2024-11-23,6,51.74400000000001,NO5
2024-11-23,7,53.016,NO5
2024-11-23,8,58.349,NO5
2024-11-23,9,62.803,NO5
2024-11-23,10,66.447,NO5
2024-11-23,11,67.083,NO5
2024-11-23,12,66.33099999999999,NO5
2024-11-23,13,66.319,NO5
2024-11-23,14,66.4,NO5
2024-11-23,15,67.997,NO5
2024-11-23,16,66.724,NO5
2024-11-23,17,71.69800000000001,NO5
2024-11-23,18,73.098,NO5
2024-11-23,19,69.269,NO5
2024-11-23,20,66.076,NO5
2024-11-23,21,55.272000000000006,NO5
2024-11-23,22,49.696,NO5
2024-11-23,23,46.723,NO5
2024-11-23,24,34.126,NO5
2024-11-24,1,32.333,NO5
2024-11-24,2,38.024,NO5
2024-11-24,3,38.683,NO5
2024-11-24,4,23.691,NO5
2024-11-24,5,37.839,NO5
2024-11-24,6,31.349,NO5
2024-11-24,7,23.691,NO5
2024-11-24,8,22.685,NO5
2024-11-24,9,30.817,NO5
2024-11-24,10,31.511000000000003,NO5
2024-11-24,11,38.163,NO5
2024-11-24,12,38.082,NO5
2024-11-24,13,31.812,NO5
2024-11-24,14,31.442,NO5
2024-11-24,15,31.361,NO5
2024-11-24,16,36.578,NO5
2024-11-24,17,37.561,NO5
2024-11-24,18,38.105,NO5
2024-11-24,19,39.91,NO5
2024-11-24,20,38.163,NO5
2024-11-24,21,36.948,NO5
2024-11-24,22,32.055,NO5
2024-11-24,23,29.383,NO5
2024-11-24,24,23.714,NO5
2024-11-25,1,31.365,NO5
2024-11-25,2,24.841,NO5
2024-11-25,3,18.874,NO5
2024-11-25,4,21.319,NO5
2024-11-25,5,24.784,NO5
2024-11-25,6,35.814,NO5
2024-11-25,7,31.921,NO5
2024-11-25,8,45.106,NO5
2024-11-25,9,49.509,NO5
2024-11-25,10,49.428,NO5
2024-11-25,11,46.67,NO5
2024-11-25,12,45.628,NO5
2024-11-25,13,46.334,NO5
2024-11-25,14,48.211,NO5
2024-11-25,15,48.211,NO5
2024-11-25,16,47.933,NO5
2024-11-25,17,48.246,NO5
2024-11-25,18,48.976,NO5
2024-11-25,19,48.142,NO5
2024-11-25,20,48.049,NO5
2024-11-25,21,47.006,NO5
2024-11-25,22,46.972,NO5
2024-11-25,23,46.392,NO5
2024-11-25,24,45.813,NO5
2024-11-26,1,40.43,NO5
2024-11-26,2,40.558,NO5
2024-11-26,3,38.619,NO5
2024-11-26,4,39.121,NO5
2024-11-26,5,39.6,NO5
2024-11-26,6,39.285,NO5
2024-11-26,7,45.511,NO5
2024-11-26,8,47.555,NO5
2024-11-26,9,49.389,NO5
2024-11-26,10,48.782,NO5
2024-11-26,11,48.163,NO5
2024-11-26,12,47.836,NO5
2024-11-26,13,47.812,NO5
2024-11-26,14,48.093,NO5
2024-11-26,15,49.144,NO5
2024-11-26,16,51.31699999999999,NO5
2024-11-26,17,52.45,NO5
2024-11-26,18,53.513,NO5
2024-11-26,19,53.782,NO5
2024-11-26,20,53.081,NO5
2024-11-26,21,52.368,NO5
2024-11-26,22,52.508,NO5
2024-11-26,23,51.387,NO5
2024-11-26,24,50.733,NO5
2024-11-27,1,47.415,NO5
2024-11-27,2,46.538,NO5
2024-11-27,3,46.281,NO5
2024-11-27,4,46.012,NO5
2024-11-27,5,46.807,NO5
2024-11-27,6,48.584,NO5
2024-11-27,7,52.535,NO5
2024-11-27,8,73.039,NO5
2024-11-27,9,77.142,NO5
2024-11-27,10,75.90299999999999,NO5
2024-11-27,11,79.44500000000001,NO5
2024-11-27,12,79.28200000000001,NO5
2024-11-27,13,80.86,NO5
2024-11-27,14,75.412,NO5
2024-11-27,15,73.074,NO5
2024-11-27,16,75.704,NO5
2024-11-27,17,81.655,NO5
2024-11-27,18,117.157,NO5
2024-11-27,19,118.408,NO5
2024-11-27,20,106.589,NO5
2024-11-27,21,80.006,NO5
2024-11-27,22,71.274,NO5
2024-11-27,23,69.953,NO5
2024-11-27,24,52.64,NO5
2024-11-28,1,52.488,NO5
2024-11-28,2,45.979,NO5
2024-11-28,3,39.179,NO5
2024-11-28,4,38.246,NO5
2024-11-28,5,42.97,NO5
2024-11-28,6,51.077,NO5
2024-11-28,7,64.79400000000001,NO5
2024-11-28,8,83.864,NO5
2024-11-28,9,112.896,NO5
2024-11-28,10,104.684,NO5
2024-11-28,11,93.347,NO5
2024-11-28,12,78.674,NO5
2024-11-28,13,75.221,NO5
2024-11-28,14,73.74,NO5
2024-11-28,15,91.632,NO5
2024-11-28,16,86.768,NO5
2024-11-28,17,118.868,NO5
2024-11-28,18,100.334,NO5
2024-11-28,19,116.255,NO5
2024-11-28,20,111.729,NO5
2024-11-28,21,91.434,NO5
2024-11-28,22,77.741,NO5
2024-11-28,23,60.21,NO5
2024-11-28,24,56.325,NO5
2024-11-29,1,48.486,NO5
2024-11-29,2,47.329,NO5
2024-11-29,3,47.446,NO5
2024-11-29,4,46.979,NO5
2024-11-29,5,47.423,NO5
2024-11-29,6,47.224,NO5
2024-11-29,7,58.473,NO5
2024-11-29,8,73.692,NO5
2024-11-29,9,77.30199999999999,NO5
2024-11-29,10,66.71900000000001,NO5
2024-11-29,11,58.788,NO5
2024-11-29,12,54.898,NO5
2024-11-29,13,51.488,NO5
2024-11-29,14,50.366,NO5
2024-11-29,15,49.747,NO5
2024-11-29,16,49.747,NO5
2024-11-29,17,51.92,NO5
2024-11-29,18,51.932,NO5
2024-11-29,19,48.287,NO5
2024-11-29,20,48.719,NO5
2024-11-29,21,47.878,NO5
2024-11-29,22,47.294,NO5
2024-11-29,23,45.893,NO5
2024-11-29,24,44.748000000000005,NO5
2024-11-30,1,42.225,NO5
2024-11-30,2,41.291,NO5
2024-11-30,3,42.482,NO5
2024-11-30,4,42.061,NO5
2024-11-30,5,41.851,NO5
2024-11-30,6,42.307,NO5
2024-11-30,7,42.237,NO5
2024-11-30,8,43.031,NO5
2024-11-30,9,43.743,NO5
2024-11-30,10,44.62,NO5
2024-11-30,11,44.62,NO5
2024-11-30,12,44.491,NO5
2024-11-30,13,43.942,NO5
2024-11-30,14,43.837,NO5
2024-11-30,15,43.965,NO5
2024-11-30,16,44.199,NO5
2024-11-30,17,45.25,NO5
2024-11-30,18,45.215,NO5
2024-11-30,19,44.386,NO5
2024-11-30,20,44.094,NO5
2024-11-30,21,44.222,NO5
2024-11-30,22,42.926,NO5
2024-11-30,23,42.926,NO5
2024-11-30,24,42.295,NO5
2024-12-01,1,40.006,NO5
2024-12-01,2,39.842,NO5
2024-12-01,3,39.959,NO5
2024-12-01,4,39.69,NO5
2024-12-01,5,39.901,NO5
2024-12-01,6,40.309,NO5
2024-12-01,7,40.076,NO5
2024-12-01,8,41.15,NO5
2024-12-01,9,41.559,NO5
2024-12-01,10,42.494,NO5
2024-12-01,11,42.867,NO5
2024-12-01,12,42.879000000000005,NO5
2024-12-01,13,42.622,NO5
2024-12-01,14,42.575,NO5
2024-12-01,15,42.669,NO5
2024-12-01,16,42.599,NO5
2024-12-01,17,43.054,NO5
2024-12-01,18,43.113,NO5
2024-12-01,19,42.774,NO5
2024-12-01,20,42.225,NO5
2024-12-01,21,42.003,NO5
2024-12-01,22,41.559,NO5
2024-12-01,23,41.022000000000006,NO5
2024-12-01,24,40.555,NO5
2024-12-02,1,36.644,NO5
2024-12-02,2,35.653,NO5
2024-12-02,3,35.21,NO5
2024-12-02,4,35.012,NO5
2024-12-02,5,35.117000000000004,NO5
2024-12-02,6,36.306,NO5
2024-12-02,7,41.996,NO5
2024-12-02,8,43.884,NO5
2024-12-02,9,45.214,NO5
2024-12-02,10,45.587,NO5
2024-12-02,11,45.645,NO5
2024-12-02,12,45.458,NO5
2024-12-02,13,45.225,NO5
2024-12-02,14,45.132,NO5
2024-12-02,15,44.969,NO5
2024-12-02,16,45.47,NO5
2024-12-02,17,46.566,NO5
2024-12-02,18,46.391000000000005,NO5
2024-12-02,19,46.473,NO5
2024-12-02,20,45.575,NO5
2024-12-02,21,44.782,NO5
2024-12-02,22,44.316,NO5
2024-12-02,23,42.998000000000005,NO5
2024-12-02,24,42.789,NO5
2024-12-03,1,42.295,NO5
2024-12-03,2,39.015,NO5
2024-12-03,3,37.678,NO5
2024-12-03,4,37.038,NO5
2024-12-03,5,38.131,NO5
2024-12-03,6,44.260000000000005,NO5
2024-12-03,7,48.144,NO5
2024-12-03,8,58.913,NO5
2024-12-03,9,67.006,NO5
2024-12-03,10,74.833,NO5
2024-12-03,11,104.428,NO5
2024-12-03,12,70.181,NO5
2024-12-03,13,67.32000000000001,NO5
2024-12-03,14,60.157,NO5
2024-12-03,15,66.436,NO5
2024-12-03,16,68.36699999999999,NO5
2024-12-03,17,83.31,NO5
2024-12-03,18,66.785,NO5
2024-12-03,19,67.041,NO5
2024-12-03,20,57.191,NO5
2024-12-03,21,49.028,NO5
2024-12-03,22,48.842,NO5
2024-12-03,23,48.202,NO5
2024-12-03,24,48.586,NO5
2024-12-04,1,52.989,NO5
2024-12-04,2,52.002,NO5
2024-12-04,3,52.885000000000005,NO5
2024-12-04,4,52.885000000000005,NO5
2024-12-04,5,54.791,NO5
2024-12-04,6,59.776,NO5
2024-12-04,7,67.78200000000001,NO5
2024-12-04,8,173.32,NO5
2024-12-04,9,231.829,NO5
2024-12-04,10,170.786,NO5
2024-12-04,11,146.674,NO5
2024-12-04,12,133.89100000000002,NO5
2024-12-04,13,113.079,NO5
2024-12-04,14,68.666,NO5
2024-12-04,15,109.79,NO5
2024-12-04,16,111.51,NO5
2024-12-04,17,110.453,NO5
2024-12-04,18,94.8,NO5
2024-12-04,19,91.244,NO5
2024-12-04,20,70.23400000000001,NO5
2024-12-04,21,77.265,NO5
2024-12-04,22,77.172,NO5
2024-12-04,23,59.811,NO5
2024-12-04,24,58.463,NO5
2024-12-05,1,51.642,NO5
2024-12-05,2,50.954,NO5
2024-12-05,3,51.257000000000005,NO5
2024-12-05,4,50.616,NO5
2024-12-05,5,50.581,NO5
2024-12-05,6,52.085,NO5
2024-12-05,7,66.287,NO5
2024-12-05,8,85.608,NO5
2024-12-05,9,114.105,NO5
2024-12-05,10,82.063,NO5
2024-12-05,11,78.34400000000001,NO5
2024-12-05,12,72.362,NO5
2024-12-05,13,68.211,NO5
2024-12-05,14,64.27000000000001,NO5
2024-12-05,15,57.297,NO5
2024-12-05,16,56.446000000000005,NO5
2024-12-05,17,56.598,NO5
2024-12-05,18,56.434000000000005,NO5
2024-12-05,19,52.482000000000006,NO5
2024-12-05,20,51.514,NO5
2024-12-05,21,50.744,NO5
2024-12-05,22,51.397000000000006,NO5
2024-12-05,23,48.669,NO5
2024-12-05,24,48.028,NO5
2024-12-06,1,42.257,NO5
2024-12-06,2,34.822,NO5
2024-12-06,3,21.704,NO5
2024-12-06,4,31.487,NO5
2024-12-06,5,28.199,NO5
2024-12-06,6,39.72,NO5
2024-12-06,7,47.718,NO5
2024-12-06,8,64.7,NO5
2024-12-06,9,89.634,NO5
2024-12-06,10,65.288,NO5
2024-12-06,11,64.606,NO5
2024-12-06,12,65.898,NO5
2024-12-06,13,91.513,NO5
2024-12-06,14,64.21900000000001,NO5
2024-12-06,15,63.69,NO5
2024-12-06,16,62.187,NO5
2024-12-06,17,61.142,NO5
2024-12-06,18,63.831,NO5
2024-12-06,19,64.137,NO5
2024-12-06,20,58.54600000000001,NO5
2024-12-06,21,54.823,NO5
2024-12-06,22,53.449,NO5
2024-12-06,23,48.822,NO5
2024-12-06,24,48.834,NO5
2024-12-07,1,49.315,NO5
2024-12-07,2,46.931,NO5
2024-12-07,3,48.199,NO5
2024-12-07,4,47.483,NO5
2024-12-07,5,45.909,NO5
2024-12-07,6,44.289,NO5
2024-12-07,7,41.799,NO5
2024-12-07,8,45.322,NO5
2024-12-07,9,48.446,NO5
2024-12-07,10,50.454,NO5
2024-12-07,11,51.136,NO5
2024-12-07,12,50.948,NO5
2024-12-07,13,51.652,NO5
2024-12-07,14,51.958000000000006,NO5
2024-12-07,15,53.473,NO5
2024-12-07,16,53.55499999999999,NO5
2024-12-07,17,57.05499999999999,NO5
2024-12-07,18,58.241,NO5
2024-12-07,19,58.041,NO5
2024-12-07,20,53.449,NO5
2024-12-07,21,51.194,NO5
2024-12-07,22,49.339,NO5
2024-12-07,23,46.579,NO5
2024-12-07,24,46.814,NO5
2024-12-08,1,48.728,NO5
2024-12-08,2,49.503,NO5
2024-12-08,3,47.812,NO5
2024-12-08,4,47.824,NO5
2024-12-08,5,46.896,NO5
2024-12-08,6,45.933,NO5
2024-12-08,7,46.52,NO5
2024-12-08,8,48.928,NO5
2024-12-08,9,50.713,NO5
2024-12-08,10,51.981,NO5
2024-12-08,11,52.85,NO5
2024-12-08,12,52.486,NO5
2024-12-08,13,51.323,NO5
2024-12-08,14,51.946000000000005,NO5
2024-12-08,15,52.803,NO5
2024-12-08,16,53.55499999999999,NO5
2024-12-08,17,53.55499999999999,NO5
2024-12-08,18,53.449,NO5
2024-12-08,19,52.792,NO5
2024-12-08,20,49.527,NO5
2024-12-08,21,47.988,NO5
2024-12-08,22,47.389,NO5
2024-12-08,23,46.367,NO5
2024-12-08,24,46.426,NO5
2024-12-09,1,46.269,NO5
2024-12-09,2,45.189,NO5
2024-12-09,3,42.84,NO5
2024-12-09,4,39.247,NO5
2024-12-09,5,43.909,NO5
2024-12-09,6,46.904,NO5
2024-12-09,7,50.509,NO5
2024-12-09,8,53.562,NO5
2024-12-09,9,60.221,NO5
2024-12-09,10,60.326,NO5
2024-12-09,11,60.138,NO5
2024-12-09,12,59.258,NO5
2024-12-09,13,59.563,NO5
2024-12-09,14,61.03099999999999,NO5
2024-12-09,15,65.822,NO5
2024-12-09,16,76.873,NO5
2024-12-09,17,79.175,NO5
2024-12-09,18,86.244,NO5
2024-12-09,19,84.224,NO5
2024-12-09,20,64.213,NO5
2024-12-09,21,62.875,NO5
2024-12-09,22,60.15,NO5
2024-12-09,23,58.8,NO5
2024-12-09,24,53.43300000000001,NO5
2024-12-10,1,51.102,NO5
2024-12-10,2,49.953,NO5
2024-12-10,3,49.437,NO5
2024-12-10,4,49.566,NO5
2024-12-10,5,49.542,NO5
2024-12-10,6,53.378,NO5
2024-12-10,7,67.749,NO5
2024-12-10,8,127.205,NO5
2024-12-10,9,149.131,NO5
2024-12-10,10,179.551,NO5
2024-12-10,11,176.31300000000002,NO5
2024-12-10,12,176.477,NO5
2024-12-10,13,157.66,NO5
2024-12-10,14,148.615,NO5
2024-12-10,15,178.201,NO5
2024-12-10,16,202.544,NO5
2024-12-10,17,207.17800000000005,NO5
2024-12-10,18,180.243,NO5
2024-12-10,19,111.954,NO5
2024-12-10,20,85.405,NO5
2024-12-10,21,62.88099999999999,NO5
2024-12-10,22,62.353,NO5
2024-12-10,23,59.185,NO5
2024-12-10,24,53.507000000000005,NO5
2024-12-11,1,53.29,NO5
2024-12-11,2,50.772000000000006,NO5
2024-12-11,3,49.565,NO5
2024-12-11,4,48.862,NO5
2024-12-11,5,49.577,NO5
2024-12-11,6,53.29,NO5
2024-12-11,7,71.455,NO5
2024-12-11,8,192.569,NO5
2024-12-11,9,313.671,NO5
2024-12-11,10,326.73,NO5
2024-12-11,11,305.976,NO5
2024-12-11,12,223.324,NO5
2024-12-11,13,219.92800000000005,NO5
2024-12-11,14,205.628,NO5
2024-12-11,15,255.181,NO5
2024-12-11,16,248.271,NO5
2024-12-11,17,283.571,NO5
2024-12-11,18,288.057,NO5
2024-12-11,19,98.896,NO5
2024-12-11,20,63.338,NO5
2024-12-11,21,63.116,NO5
2024-12-11,22,63.022000000000006,NO5
2024-12-11,23,60.422,NO5
2024-12-11,24,57.061,NO5
2024-12-12,1,59.365,NO5
2024-12-12,2,53.154,NO5
2024-12-12,3,53.154,NO5
2024-12-12,4,53.32899999999999,NO5
2024-12-12,5,53.201,NO5
2024-12-12,6,59.377,NO5
2024-12-12,7,62.733,NO5
2024-12-12,8,465.81000000000006,NO5
2024-12-12,9,428.459,NO5
2024-12-12,10,284.789,NO5
2024-12-12,11,161.559,NO5
2024-12-12,12,108.091,NO5
2024-12-12,13,102.229,NO5
2024-12-12,14,89.433,NO5
2024-12-12,15,73.712,NO5
2024-12-12,16,86.088,NO5
2024-12-12,17,257.146,NO5
2024-12-12,18,89.013,NO5
2024-12-12,19,71.288,NO5
2024-12-12,20,61.79,NO5
2024-12-12,21,61.883,NO5
2024-12-12,22,62.384,NO5
2024-12-12,23,61.824,NO5
2024-12-12,24,59.727,NO5
2024-12-13,1,50.066,NO5
2024-12-13,2,47.556,NO5
2024-12-13,3,47.053,NO5
2024-12-13,4,47.509,NO5
2024-12-13,5,46.47,NO5
2024-12-13,6,47.789,NO5
2024-12-13,7,62.898,NO5
2024-12-13,8,100.949,NO5
2024-12-13,9,194.274,NO5
2024-12-13,10,67.509,NO5
2024-12-13,11,66.751,NO5
2024-12-13,12,66.202,NO5
2024-12-13,13,66.751,NO5
2024-12-13,14,65.548,NO5
2024-12-13,15,59.115,NO5
2024-12-13,16,58.86900000000001,NO5
2024-12-13,17,67.042,NO5
2024-12-13,18,67.369,NO5
2024-12-13,19,58.776,NO5
2024-12-13,20,53.242,NO5
2024-12-13,21,47.754000000000005,NO5
2024-12-13,22,46.260000000000005,NO5
2024-12-13,23,45.057,NO5
2024-12-13,24,44.053,NO5
2024-12-14,1,40.165,NO5
2024-12-14,2,38.016000000000005,NO5
2024-12-14,3,37.444,NO5
2024-12-14,4,36.487,NO5
2024-12-14,5,36.288,NO5
2024-12-14,6,36.674,NO5
2024-12-14,7,37.433,NO5
2024-12-14,8,38.472,NO5
2024-12-14,9,42.185,NO5
2024-12-14,10,43.341,NO5
2024-12-14,11,43.411,NO5
2024-12-14,12,42.021,NO5
2024-12-14,13,41.11,NO5
2024-12-14,14,40.071,NO5
2024-12-14,15,39.044,NO5
2024-12-14,16,38.297,NO5
2024-12-14,17,39.896,NO5
2024-12-14,18,40.608,NO5
2024-12-14,19,38.962,NO5
2024-12-14,20,37.725,NO5
2024-12-14,21,35.179,NO5
2024-12-14,22,33.475,NO5
2024-12-14,23,33.299,NO5
2024-12-14,24,32.961,NO5
2024-12-15,1,31.957,NO5
2024-12-15,2,32.412,NO5
2024-12-15,3,32.517,NO5
2024-12-15,4,32.447,NO5
2024-12-15,5,32.272000000000006,NO5
2024-12-15,6,32.424,NO5
2024-12-15,7,33.346,NO5
2024-12-15,8,41.578,NO5
2024-12-15,9,44.8,NO5
2024-12-15,10,46.014,NO5
2024-12-15,11,44.882,NO5
2024-12-15,12,41.986,NO5
2024-12-15,13,40.784,NO5
2024-12-15,14,39.803,NO5
2024-12-15,15,38.18,NO5
2024-12-15,16,36.44,NO5
2024-12-15,17,35.739999999999995,NO5
2024-12-15,18,33.65,NO5
2024-12-15,19,31.093,NO5
2024-12-15,20,27.426,NO5
2024-12-15,21,21.507,NO5
2024-12-15,22,16.218,NO5
2024-12-15,23,11.652,NO5
2024-12-15,24,2.802,NO5
2024-12-16,1,1.511,NO5
2024-12-16,2,0.844,NO5
2024-12-16,3,0.6559999999999999,NO5
2024-12-16,4,0.6559999999999999,NO5
2024-12-16,5,0.6679999999999999,NO5
2024-12-16,6,2.554,NO5
2024-12-16,7,18.265,NO5
2024-12-16,8,31.961,NO5
2024-12-16,9,34.058,NO5
2024-12-16,10,34.082,NO5
2024-12-16,11,34.222,NO5
2024-12-16,12,33.719,NO5
2024-12-16,13,33.215,NO5
2024-12-16,14,32.84,NO5
2024-12-16,15,33.461,NO5
2024-12-16,16,35.125,NO5
2024-12-16,17,35.945,NO5
2024-12-16,18,34.738,NO5
2024-12-16,19,34.211,NO5
2024-12-16,20,32.219,NO5
2024-12-16,21,31.364,NO5
2024-12-16,22,28.739,NO5
2024-12-16,23,27.24,NO5
2024-12-16,24,18.839,NO5
2024-12-17,1,21.939,NO5
2024-12-17,2,22.809,NO5
2024-12-17,3,22.139,NO5
2024-12-17,4,24.127,NO5
2024-12-17,5,25.15,NO5
2024-12-17,6,29.503,NO5
2024-12-17,7,34.773,NO5
2024-12-17,8,40.09,NO5
2024-12-17,9,43.454,NO5
2024-12-17,10,43.69,NO5
2024-12-17,11,43.631,NO5
2024-12-17,12,43.09,NO5
2024-12-17,13,43.301,NO5
2024-12-17,14,43.501,NO5
2024-12-17,15,43.431,NO5
2024-12-17,16,43.866,NO5
2024-12-17,17,49.301,NO5
2024-12-17,18,47.654,NO5
2024-12-17,19,46.795,NO5
2024-12-17,20,46.419,NO5
2024-12-17,21,44.56,NO5
2024-12-17,22,44.431,NO5
2024-12-17,23,43.713,NO5
2024-12-17,24,41.196,NO5
2024-12-18,1,36.051,NO5
2024-12-18,2,32.651,NO5
2024-12-18,3,29.546,NO5
2024-12-18,4,26.723000000000003,NO5
2024-12-18,5,25.371,NO5
2024-12-18,6,26.77,NO5
2024-12-18,7,32.028,NO5
2024-12-18,8,36.298,NO5
2024-12-18,9,41.014,NO5
2024-12-18,10,37.05,NO5
2024-12-18,11,36.392,NO5
2024-12-18,12,36.062,NO5
2024-12-18,13,35.204,NO5
2024-12-18,14,33.298,NO5
2024-12-18,15,33.475,NO5
2024-12-18,16,34.698,NO5
2024-12-18,17,33.063,NO5
2024-12-18,18,33.686,NO5
2024-12-18,19,32.71,NO5
2024-12-18,20,29.864,NO5
2024-12-18,21,26.7,NO5
2024-12-18,22,26.688,NO5
2024-12-18,23,25.865,NO5
2024-12-18,24,22.818,NO5
2024-12-19,1,20.380000000000003,NO5
2024-12-19,2,15.050999999999998,NO5
2024-12-19,3,6.486,NO5
2024-12-19,4,3.45,NO5
2024-12-19,5,7.384,NO5
2024-12-19,6,17.733,NO5
2024-12-19,7,22.636000000000003,NO5
2024-12-19,8,33.222,NO5
2024-12-19,9,33.895,NO5
2024-12-19,10,33.730000000000004,NO5
2024-12-19,11,33.647000000000006,NO5
2024-12-19,12,33.529,NO5
2024-12-19,13,35.431,NO5
2024-12-19,14,34.214,NO5
2024-12-19,15,33.434,NO5
2024-12-19,16,33.883,NO5
2024-12-19,17,33.647000000000006,NO5
2024-12-19,18,34.025,NO5
2024-12-19,19,33.895,NO5
2024-12-19,20,33.446,NO5
2024-12-19,21,32.903,NO5
2024-12-19,22,31.272,NO5
2024-12-19,23,29.488,NO5
2024-12-19,24,28.697000000000003,NO5
2024-12-20,1,25.755000000000003,NO5
2024-12-20,2,24.959,NO5
2024-12-20,3,22.503,NO5
2024-12-20,4,22.028,NO5
2024-12-20,5,21.921,NO5
2024-12-20,6,24.71,NO5
2024-12-20,7,27.796,NO5
2024-12-20,8,29.671,NO5
2024-12-20,9,30.894,NO5
2024-12-20,10,32.27,NO5
2024-12-20,11,32.152,NO5
2024-12-20,12,32.128,NO5
2024-12-20,13,32.164,NO5
2024-12-20,14,32.223,NO5
2024-12-20,15,33.612,NO5
2024-12-20,16,36.27,NO5
2024-12-20,17,36.508,NO5
2024-12-20,18,36.258,NO5
2024-12-20,19,34.965,NO5
2024-12-20,20,33.813,NO5
2024-12-20,21,32.128,NO5
2024-12-20,22,30.17,NO5
2024-12-20,23,28.805,NO5
2024-12-20,24,27.013,NO5
2024-12-21,1,28.852,NO5
2024-12-21,2,27.226,NO5
2024-12-21,3,26.17,NO5
2024-12-21,4,24.544,NO5
2024-12-21,5,22.871,NO5
2024-12-21,6,25.375,NO5
2024-12-21,7,24.402,NO5
2024-12-21,8,26.811,NO5
2024-12-21,9,28.864,NO5
2024-12-21,10,32.021,NO5
2024-12-21,11,31.997000000000003,NO5
2024-12-21,12,32.579,NO5
2024-12-21,13,30.692,NO5
2024-12-21,14,32.52,NO5
2024-12-21,15,31.131,NO5
2024-12-21,16,29.6,NO5
2024-12-21,17,33.113,NO5
2024-12-21,18,33.445,NO5
2024-12-21,19,31.084,NO5
2024-12-21,20,28.342,NO5
2024-12-21,21,22.609,NO5
2024-12-21,22,15.239,NO5
2024-12-21,23,11.999,NO5
2024-12-21,24,5.697,NO5
2024-12-22,1,14.302,NO5
2024-12-22,2,15.049,NO5
2024-12-22,3,15.488,NO5
2024-12-22,4,16.153,NO5
2024-12-22,5,18.016,NO5
2024-12-22,6,15.571000000000002,NO5
2024-12-22,7,14.313,NO5
2024-12-22,8,9.127,NO5
2024-12-22,9,9.625,NO5
2024-12-22,10,26.028,NO5
2024-12-22,11,25.731,NO5
2024-12-22,12,28.484,NO5
2024-12-22,13,28.52,NO5
2024-12-22,14,30.478,NO5
2024-12-22,15,34.976,NO5
2024-12-22,16,37.255,NO5
2024-12-22,17,42.501,NO5
2024-12-22,18,49.966,NO5
2024-12-22,19,48.72,NO5
2024-12-22,20,42.276,NO5
2024-12-22,21,39.676,NO5
2024-12-22,22,35.926,NO5
2024-12-22,23,35.06,NO5
2024-12-22,24,31.784,NO5
2024-12-23,1,30.557,NO5
2024-12-23,2,26.684,NO5
2024-12-23,3,18.466,NO5
2024-12-23,4,11.193,NO5
2024-12-23,5,12.362,NO5
2024-12-23,6,21.831,NO5
2024-12-23,7,29.824,NO5
2024-12-23,8,40.805,NO5
2024-12-23,9,52.34,NO5
2024-12-23,10,52.459,NO5
2024-12-23,11,48.066,NO5
2024-12-23,12,47.523,NO5
2024-12-23,13,49.471,NO5
2024-12-23,14,50.18,NO5
2024-12-23,15,55.658,NO5
2024-12-23,16,66.001,NO5
2024-12-23,17,73.912,NO5
2024-12-23,18,86.227,NO5
2024-12-23,19,78.564,NO5
2024-12-23,20,61.975,NO5
2024-12-23,21,52.447,NO5
2024-12-23,22,44.146,NO5
2024-12-23,23,43.58,NO5
2024-12-23,24,38.219,NO5
2024-12-24,1,35.645,NO5
2024-12-24,2,35.362,NO5
2024-12-24,3,35.031,NO5
2024-12-24,4,34.181,NO5
2024-12-24,5,33.107,NO5
2024-12-24,6,32.221,NO5
2024-12-24,7,32.434,NO5
2024-12-24,8,34.913,NO5
2024-12-24,9,37.723,NO5
2024-12-24,10,40.415,NO5
2024-12-24,11,41.974,NO5
2024-12-24,12,40.923,NO5
2024-12-24,13,39.825,NO5
2024-12-24,14,36.106,NO5
2024-12-24,15,35.539,NO5
2024-12-24,16,35.161,NO5
2024-12-24,17,34.5,NO5
2024-12-24,18,33.756,NO5
2024-12-24,19,31.855,NO5
2024-12-24,20,31.017000000000003,NO5
2024-12-24,21,30.368,NO5
2024-12-24,22,29.872000000000003,NO5
2024-12-24,23,29.057,NO5
2024-12-24,24,28.738,NO5
2024-12-25,1,27.935,NO5
2024-12-25,2,28.219,NO5
2024-12-25,3,23.579,NO5
2024-12-25,4,24.771,NO5
2024-12-25,5,25.905,NO5
2024-12-25,6,24.653,NO5
2024-12-25,7,26.814,NO5
2024-12-25,8,29.683,NO5
2024-12-25,9,28.018,NO5
2024-12-25,10,28.656,NO5
2024-12-25,11,30.108,NO5
2024-12-25,12,30.663,NO5
2024-12-25,13,30.71,NO5
2024-12-25,14,30.072000000000003,NO5
2024-12-25,15,30.415,NO5
2024-12-25,16,30.568,NO5
2024-12-25,17,31.123,NO5
2024-12-25,18,30.25,NO5
2024-12-25,19,29.754,NO5
2024-12-25,20,28.419,NO5
2024-12-25,21,28.278,NO5
2024-12-25,22,28.632,NO5
2024-12-25,23,28.396,NO5
2024-12-25,24,27.64,NO5
2024-12-26,1,26.743,NO5
2024-12-26,2,25.999,NO5
2024-12-26,3,25.137,NO5
2024-12-26,4,28.360000000000003,NO5
2024-12-26,5,28.62,NO5
2024-12-26,6,28.101,NO5
2024-12-26,7,21.075,NO5
2024-12-26,8,27.912,NO5
2024-12-26,9,27.51,NO5
2024-12-26,10,28.278,NO5
2024-12-26,11,30.12,NO5
2024-12-26,12,32.174,NO5
2024-12-26,13,31.029000000000003,NO5
2024-12-26,14,31.123,NO5
2024-12-26,15,32.788,NO5
2024-12-26,16,34.169,NO5
2024-12-26,17,33.981,NO5
2024-12-26,18,35.669,NO5
2024-12-26,19,35.739999999999995,NO5
2024-12-26,20,34.913,NO5
2024-12-26,21,34.051,NO5
2024-12-26,22,32.363,NO5
2024-12-26,23,31.548,NO5
2024-12-26,24,30.722,NO5
2024-12-27,1,30.177,NO5
2024-12-27,2,29.775,NO5
2024-12-27,3,29.763,NO5
2024-12-27,4,27.453,NO5
2024-12-27,5,25.416,NO5
2024-12-27,6,30.272,NO5
2024-12-27,7,34.95,NO5
2024-12-27,8,35.578,NO5
2024-12-27,9,36.348,NO5
2024-12-27,10,36.608,NO5
2024-12-27,11,36.679,NO5
2024-12-27,12,36.667,NO5
2024-12-27,13,36.679,NO5
2024-12-27,14,36.679,NO5
2024-12-27,15,37.011,NO5
2024-12-27,16,37.781,NO5
2024-12-27,17,38.456,NO5
2024-12-27,18,38.953,NO5
2024-12-27,19,36.679,NO5
2024-12-27,20,35.424,NO5
2024-12-27,21,35.424,NO5
2024-12-27,22,35.211,NO5
2024-12-27,23,34.583,NO5
2024-12-27,24,33.043,NO5
2024-12-28,1,33.292,NO5
2024-12-28,2,31.314,NO5
2024-12-28,3,29.68,NO5
2024-12-28,4,28.78,NO5
2024-12-28,5,28.993,NO5
2024-12-28,6,28.744,NO5
2024-12-28,7,29.715,NO5
2024-12-28,8,31.362,NO5
2024-12-28,9,33.718,NO5
2024-12-28,10,34.086,NO5
2024-12-28,11,34.157,NO5
2024-12-28,12,34.476,NO5
2024-12-28,13,33.707,NO5
2024-12-28,14,31.385,NO5
2024-12-28,15,33.174,NO5
2024-12-28,16,34.429,NO5
2024-12-28,17,34.227999999999994,NO5
2024-12-28,18,34.725,NO5
2024-12-28,19,33.967,NO5
2024-12-28,20,32.238,NO5
2024-12-28,21,30.154000000000003,NO5
2024-12-28,22,29.857,NO5
2024-12-28,23,29.325,NO5
2024-12-28,24,28.365,NO5
2024-12-29,1,26.849,NO5
2024-12-29,2,25.819,NO5
2024-12-29,3,25.629,NO5
2024-12-29,4,25.381,NO5
2024-12-29,5,25.606,NO5
2024-12-29,6,24.054,NO5
2024-12-29,7,24.279,NO5
2024-12-29,8,25.665,NO5
2024-12-29,9,27.737,NO5
2024-12-29,10,27.915,NO5
2024-12-29,11,27.903,NO5
2024-12-29,12,27.82,NO5
2024-12-29,13,27.193,NO5
2024-12-29,14,27.311,NO5
2024-12-29,15,28.863,NO5
2024-12-29,16,28.839,NO5
2024-12-29,17,30.426,NO5
2024-12-29,18,31.113,NO5
2024-12-29,19,29.325,NO5
2024-12-29,20,28.424,NO5
2024-12-29,21,27.536,NO5
2024-12-29,22,27.122000000000003,NO5
2024-12-29,23,26.245,NO5
2024-12-29,24,26.861,NO5
2024-12-30,1,29.981,NO5
2024-12-30,2,28.429,NO5
2024-12-30,3,28.287,NO5
2024-12-30,4,29.531,NO5
2024-12-30,5,28.299,NO5
2024-12-30,6,30.431,NO5
2024-12-30,7,32.469,NO5
2024-12-30,8,33.724000000000004,NO5
2024-12-30,9,35.501,NO5
2024-12-30,10,34.186,NO5
2024-12-30,11,35.525,NO5
2024-12-30,12,35.584,NO5
2024-12-30,13,33.629000000000005,NO5
2024-12-30,14,36.141000000000005,NO5
2024-12-30,15,34.21,NO5
2024-12-30,16,35.69,NO5
2024-12-30,17,37.669,NO5
2024-12-30,18,37.159,NO5
2024-12-30,19,34.980000000000004,NO5
2024-12-30,20,32.858999999999995,NO5
2024-12-30,21,34.423,NO5
2024-12-30,22,35.537,NO5
2024-12-30,23,35.608,NO5
2024-12-30,24,35.383,NO5
2024-12-31,1,32.177,NO5
2024-12-31,2,31.976,NO5
2024-12-31,3,31.233,NO5
2024-12-31,4,31.988,NO5
2024-12-31,5,32.082,NO5
2024-12-31,6,32.2,NO5
2024-12-31,7,32.047000000000004,NO5
2024-12-31,8,34.394,NO5
2024-12-31,9,37.119,NO5
2024-12-31,10,39.714,NO5
2024-12-31,11,41.613,NO5
2024-12-31,12,39.584,NO5
2024-12-31,13,36.069,NO5
2024-12-31,14,34.760000000000005,NO5
2024-12-31,15,33.356,NO5
2024-12-31,16,34.370999999999995,NO5
2024-12-31,17,34.076,NO5
2024-12-31,18,34.217,NO5
2024-12-31,19,32.2,NO5
2024-12-31,20,32.873000000000005,NO5
2024-12-31,21,32.224000000000004,NO5
2024-12-31,22,27.471,NO5
2024-12-31,23,25.583,NO5
2024-12-31,24,24.475,NO5
2025-01-01,1,24.781,NO5
2025-01-01,2,21.337,NO5
2025-01-01,3,25.76,NO5
2025-01-01,4,27.27,NO5
2025-01-01,5,30.301,NO5
2025-01-01,6,31.976,NO5
2025-01-01,7,23.779,NO5
2025-01-01,8,24.876,NO5
2025-01-01,9,25.171,NO5
2025-01-01,10,27.364,NO5
2025-01-01,11,31.174,NO5
2025-01-01,12,31.434,NO5
2025-01-01,13,30.655,NO5
2025-01-01,14,30.384,NO5
2025-01-01,15,30.313,NO5
2025-01-01,16,31.292,NO5
2025-01-01,17,32.0,NO5
2025-01-01,18,32.424,NO5
2025-01-01,19,31.233,NO5
2025-01-01,20,30.738,NO5
2025-01-01,21,30.655,NO5
2025-01-01,22,30.714,NO5
2025-01-01,23,30.667,NO5
2025-01-01,24,29.429,NO5
2025-01-02,1,29.703,NO5
2025-01-02,2,29.364,NO5
2025-01-02,3,28.860000000000003,NO5
2025-01-02,4,30.746,NO5
2025-01-02,5,32.89,NO5
2025-01-02,6,34.483999999999995,NO5
2025-01-02,7,38.163,NO5
2025-01-02,8,86.978,NO5
2025-01-02,9,111.842,NO5
2025-01-02,10,115.486,NO5
2025-01-02,11,115.287,NO5
2025-01-02,12,102.796,NO5
2025-01-02,13,92.332,NO5
2025-01-02,14,96.035,NO5
2025-01-02,15,100.933,NO5
2025-01-02,16,112.006,NO5
2025-01-02,17,126.781,NO5
2025-01-02,18,139.248,NO5
2025-01-02,19,134.257,NO5
2025-01-02,20,92.485,NO5
2025-01-02,21,88.325,NO5
2025-01-02,22,54.11,NO5
2025-01-02,23,47.760000000000005,NO5
2025-01-02,24,43.788,NO5
2025-01-03,1,39.66,NO5
2025-01-03,2,36.228,NO5
2025-01-03,3,33.616,NO5
2025-01-03,4,32.363,NO5
2025-01-03,5,30.875,NO5
2025-01-03,6,31.766,NO5
2025-01-03,7,38.957,NO5
2025-01-03,8,51.725,NO5
2025-01-03,9,78.05499999999999,NO5
2025-01-03,10,67.971,NO5
2025-01-03,11,72.925,NO5
2025-01-03,12,59.654,NO5
2025-01-03,13,53.177,NO5
2025-01-03,14,53.048,NO5
2025-01-03,15,52.627,NO5
2025-01-03,16,69.65700000000001,NO5
2025-01-03,17,94.606,NO5
2025-01-03,18,100.638,NO5
2025-01-03,19,102.864,NO5
2025-01-03,20,93.165,NO5
2025-01-03,21,76.568,NO5
2025-01-03,22,48.246,NO5
2025-01-03,23,48.246,NO5
2025-01-03,24,43.760000000000005,NO5
2025-01-04,1,43.994,NO5
2025-01-04,2,43.795,NO5
2025-01-04,3,43.034,NO5
2025-01-04,4,41.897000000000006,NO5
2025-01-04,5,41.792,NO5
2025-01-04,6,42.963,NO5
2025-01-04,7,42.776,NO5
2025-01-04,8,42.378,NO5
2025-01-04,9,43.689,NO5
2025-01-04,10,47.836,NO5
2025-01-04,11,49.476,NO5
2025-01-04,12,52.064,NO5
2025-01-04,13,44.088,NO5
2025-01-04,14,47.871,NO5
2025-01-04,15,47.801,NO5
2025-01-04,16,110.84,NO5
2025-01-04,17,127.379,NO5
2025-01-04,18,158.723,NO5
2025-01-04,19,91.666,NO5
2025-01-04,20,85.92699999999999,NO5
2025-01-04,21,64.902,NO5
2025-01-04,22,102.828,NO5
2025-01-04,23,53.013,NO5
2025-01-04,24,46.313,NO5
2025-01-05,1,48.246,NO5
2025-01-05,2,48.234,NO5
2025-01-05,3,48.234,NO5
2025-01-05,4,48.234,NO5
2025-01-05,5,47.777,NO5
2025-01-05,6,62.407,NO5
2025-01-05,7,74.471,NO5
2025-01-05,8,68.638,NO5
2025-01-05,9,79.402,NO5
2025-01-05,10,83.502,NO5
2025-01-05,11,78.922,NO5
2025-01-05,12,84.298,NO5
2025-01-05,13,78.03200000000001,NO5
2025-01-05,14,74.717,NO5
2025-01-05,15,65.569,NO5
2025-01-05,16,51.713,NO5
2025-01-05,17,54.852,NO5
2025-01-05,18,69.90299999999999,NO5
2025-01-05,19,67.279,NO5
2025-01-05,20,54.477,NO5
2025-01-05,21,41.745,NO5
2025-01-05,22,40.269,NO5
2025-01-05,23,38.454,NO5
2025-01-05,24,35.818,NO5
2025-01-06,1,35.421,NO5
2025-01-06,2,30.609,NO5
2025-01-06,3,29.602,NO5
2025-01-06,4,34.120999999999995,NO5
2025-01-06,5,30.936,NO5
2025-01-06,6,28.747000000000003,NO5
2025-01-06,7,32.599000000000004,NO5
2025-01-06,8,39.543,NO5
2025-01-06,9,49.683,NO5
2025-01-06,10,45.187,NO5
2025-01-06,11,42.459,NO5
2025-01-06,12,40.093,NO5
2025-01-06,13,38.501,NO5
2025-01-06,14,36.99,NO5
2025-01-06,15,36.522000000000006,NO5
2025-01-06,16,36.99,NO5
2025-01-06,17,37.306,NO5
2025-01-06,18,38.805,NO5
2025-01-06,19,38.337,NO5
2025-01-06,20,36.674,NO5
2025-01-06,21,36.381,NO5
2025-01-06,22,31.499,NO5
2025-01-06,23,33.337,NO5
2025-01-06,24,29.848000000000003,NO5
2025-01-07,1,30.802,NO5
2025-01-07,2,30.544,NO5
2025-01-07,3,29.816000000000003,NO5
2025-01-07,4,28.572000000000003,NO5
2025-01-07,5,29.851,NO5
2025-01-07,6,32.023,NO5
2025-01-07,7,36.178,NO5
2025-01-07,8,36.014,NO5
2025-01-07,9,36.378,NO5
2025-01-07,10,36.882,NO5
2025-01-07,11,36.941,NO5
2025-01-07,12,38.784,NO5
2025-01-07,13,39.042,NO5
2025-01-07,14,38.89,NO5
2025-01-07,15,38.467,NO5
2025-01-07,16,38.948,NO5
2025-01-07,17,39.77,NO5
2025-01-07,18,40.216,NO5
2025-01-07,19,39.747,NO5
2025-01-07,20,38.761,NO5
2025-01-07,21,38.35,NO5
2025-01-07,22,38.279,NO5
2025-01-07,23,37.751,NO5
2025-01-07,24,37.774,NO5
2025-01-08,1,36.517,NO5
2025-01-08,2,36.012,NO5
2025-01-08,3,35.918,NO5
2025-01-08,4,35.895,NO5
2025-01-08,5,35.883,NO5
2025-01-08,6,36.693,NO5
2025-01-08,7,39.733,NO5
2025-01-08,8,52.14,NO5
2025-01-08,9,61.836,NO5
2025-01-08,10,72.17699999999999,NO5
2025-01-08,11,76.90700000000001,NO5
2025-01-08,12,72.553,NO5
2025-01-08,13,69.65299999999999,NO5
2025-01-08,14,74.337,NO5
2025-01-08,15,80.112,NO5
2025-01-08,16,102.884,NO5
2025-01-08,17,128.648,NO5
2025-01-08,18,161.198,NO5
2025-01-08,19,158.451,NO5
2025-01-08,20,151.58499999999998,NO5
2025-01-08,21,117.72,NO5
2025-01-08,22,95.207,NO5
2025-01-08,23,50.79,NO5
2025-01-08,24,43.372,NO5
2025-01-09,1,41.385000000000005,NO5
2025-01-09,2,40.033,NO5
2025-01-09,3,39.715,NO5
2025-01-09,4,39.962,NO5
2025-01-09,5,41.115,NO5
2025-01-09,6,42.032,NO5
2025-01-09,7,47.418,NO5
2025-01-09,8,134.493,NO5
2025-01-09,9,155.733,NO5
2025-01-09,10,166.293,NO5
2025-01-09,11,162.13,NO5
2025-01-09,12,144.078,NO5
2025-01-09,13,133.493,NO5
2025-01-09,14,126.261,NO5
2025-01-09,15,129.119,NO5
2025-01-09,16,134.64600000000002,NO5
2025-01-09,17,136.23399999999998,NO5
2025-01-09,18,143.502,NO5
2025-01-09,19,149.75799999999998,NO5
2025-01-09,20,130.977,NO5
2025-01-09,21,134.011,NO5
2025-01-09,22,119.087,NO5
2025-01-09,23,86.816,NO5
2025-01-09,24,48.124,NO5
2025-01-10,1,69.813,NO5
2025-01-10,2,57.762,NO5
2025-01-10,3,54.435,NO5
2025-01-10,4,50.708,NO5
2025-01-10,5,52.46,NO5
2025-01-10,6,61.854,NO5
2025-01-10,7,101.628,NO5
2025-01-10,8,139.485,NO5
2025-01-10,9,157.168,NO5
2025-01-10,10,154.59300000000002,NO5
2025-01-10,11,139.297,NO5
2025-01-10,12,127.587,NO5
2025-01-10,13,119.98,NO5
2025-01-10,14,118.452,NO5
2025-01-10,15,124.107,NO5
2025-01-10,16,145.987,NO5
2025-01-10,17,153.676,NO5
2025-01-10,18,153.652,NO5
2025-01-10,19,150.325,NO5
2025-01-10,20,108.141,NO5
2025-01-10,21,59.208000000000006,NO5
2025-01-10,22,48.239,NO5
2025-01-10,23,43.266000000000005,NO5
2025-01-10,24,42.584,NO5
2025-01-11,1,38.528,NO5
2025-01-11,2,38.198,NO5
2025-01-11,3,37.869,NO5
2025-01-11,4,37.681,NO5
2025-01-11,5,34.824,NO5
2025-01-11,6,34.870999999999995,NO5
2025-01-11,7,34.870999999999995,NO5
2025-01-11,8,35.352999999999994,NO5
2025-01-11,9,36.364,NO5
2025-01-11,10,38.234,NO5
2025-01-11,11,39.339,NO5
2025-01-11,12,39.28,NO5
2025-01-11,13,38.751,NO5
2025-01-11,14,40.15,NO5
2025-01-11,15,40.409,NO5
2025-01-11,16,41.02,NO5
2025-01-11,17,43.372,NO5
2025-01-11,18,46.522000000000006,NO5
2025-01-11,19,43.748000000000005,NO5
2025-01-11,20,41.432,NO5
2025-01-11,21,40.797,NO5
2025-01-11,22,40.914,NO5
2025-01-11,23,40.174,NO5
2025-01-11,24,39.315,NO5
2025-01-12,1,37.74,NO5
2025-01-12,2,37.434,NO5
2025-01-12,3,37.328,NO5
2025-01-12,4,37.164,NO5
2025-01-12,5,37.152,NO5
2025-01-12,6,38.010000000000005,NO5
2025-01-12,7,38.363,NO5
2025-01-12,8,39.574,NO5
2025-01-12,9,40.103,NO5
2025-01-12,10,49.791,NO5
2025-01-12,11,70.671,NO5
2025-01-12,12,86.426,NO5
2025-01-12,13,76.691,NO5
2025-01-12,14,71.85900000000001,NO5
2025-01-12,15,94.362,NO5
2025-01-12,16,108.517,NO5
2025-01-12,17,120.98,NO5
2025-01-12,18,128.49200000000002,NO5
2025-01-12,19,136.24,NO5
2025-01-12,20,131.69,NO5
2025-01-12,21,123.472,NO5
2025-01-12,22,104.061,NO5
2025-01-12,23,67.25,NO5
2025-01-12,24,39.245,NO5
2025-01-13,1,38.64,NO5
2025-01-13,2,36.345,NO5
2025-01-13,3,34.94,NO5
2025-01-13,4,34.413,NO5
2025-01-13,5,34.272000000000006,NO5
2025-01-13,6,39.014,NO5
2025-01-13,7,40.267,NO5
2025-01-13,8,65.512,NO5
2025-01-13,9,112.02,NO5
2025-01-13,10,60.852,NO5
2025-01-13,11,41.684,NO5
2025-01-13,12,40.56,NO5
2025-01-13,13,40.127,NO5
2025-01-13,14,39.412,NO5
2025-01-13,15,38.078,NO5
2025-01-13,16,37.223,NO5
2025-01-13,17,37.012,NO5
2025-01-13,18,37.036,NO5
2025-01-13,19,35.525,NO5
2025-01-13,20,33.804,NO5
2025-01-13,21,33.417,NO5
2025-01-13,22,33.043,NO5
2025-01-13,23,32.645,NO5
2025-01-13,24,32.071,NO5
2025-01-14,1,34.608,NO5
2025-01-14,2,34.326,NO5
2025-01-14,3,34.233,NO5
2025-01-14,4,34.186,NO5
2025-01-14,5,34.256,NO5
2025-01-14,6,34.526,NO5
2025-01-14,7,35.182,NO5
2025-01-14,8,37.432,NO5
2025-01-14,9,38.17,NO5
2025-01-14,10,38.569,NO5
2025-01-14,11,38.135000000000005,NO5
2025-01-14,12,38.135000000000005,NO5
2025-01-14,13,37.491,NO5
2025-01-14,14,37.373000000000005,NO5
2025-01-14,15,35.053,NO5
2025-01-14,16,38.17,NO5
2025-01-14,17,36.448,NO5
2025-01-14,18,40.034,NO5
2025-01-14,19,40.28,NO5
2025-01-14,20,39.999,NO5
2025-01-14,21,39.87,NO5
2025-01-14,22,38.979,NO5
2025-01-14,23,38.17,NO5
2025-01-14,24,38.053,NO5
2025-01-15,1,38.27,NO5
2025-01-15,2,38.505,NO5
2025-01-15,3,38.867,NO5
2025-01-15,4,38.926,NO5
2025-01-15,5,39.101,NO5
2025-01-15,6,40.974,NO5
2025-01-15,7,44.848,NO5
2025-01-15,8,45.281,NO5
2025-01-15,9,44.731,NO5
2025-01-15,10,47.341,NO5
2025-01-15,11,104.852,NO5
2025-01-15,12,44.052,NO5
2025-01-15,13,44.146,NO5
2025-01-15,14,44.848,NO5
2025-01-15,15,54.42100000000001,NO5
2025-01-15,16,45.515,NO5
2025-01-15,17,63.96,NO5
2025-01-15,18,53.614,NO5
2025-01-15,19,43.092,NO5
2025-01-15,20,41.395,NO5
2025-01-15,21,40.319,NO5
2025-01-15,22,39.277,NO5
2025-01-15,23,36.925,NO5
2025-01-15,24,37.042,NO5
2025-01-16,1,37.347,NO5
2025-01-16,2,37.171,NO5
2025-01-16,3,37.429,NO5
2025-01-16,4,37.37,NO5
2025-01-16,5,37.253,NO5
2025-01-16,6,37.569,NO5
2025-01-16,7,39.043,NO5
2025-01-16,8,41.417,NO5
2025-01-16,9,42.189,NO5
2025-01-16,10,42.739,NO5
2025-01-16,11,43.242,NO5
2025-01-16,12,43.406,NO5
2025-01-16,13,42.482,NO5
2025-01-16,14,42.54,NO5
2025-01-16,15,43.125,NO5
2025-01-16,16,43.02,NO5
2025-01-16,17,42.95,NO5
2025-01-16,18,43.686,NO5
2025-01-16,19,43.324,NO5
2025-01-16,20,42.552,NO5
2025-01-16,21,42.283,NO5
2025-01-16,22,41.382,NO5
2025-01-16,23,40.4,NO5
2025-01-16,24,39.312,NO5
2025-01-17,1,37.452,NO5
2025-01-17,2,37.558,NO5
2025-01-17,3,37.335,NO5
2025-01-17,4,37.241,NO5
2025-01-17,5,36.864,NO5
2025-01-17,6,37.158,NO5
2025-01-17,7,40.145,NO5
2025-01-17,8,42.403,NO5
2025-01-17,9,43.614,NO5
2025-01-17,10,43.438,NO5
2025-01-17,11,41.968,NO5
2025-01-17,12,42.92,NO5
2025-01-17,13,42.403,NO5
2025-01-17,14,42.003,NO5
2025-01-17,15,41.886,NO5
2025-01-17,16,41.839,NO5
2025-01-17,17,42.074,NO5
2025-01-17,18,42.027,NO5
2025-01-17,19,41.521,NO5
2025-01-17,20,40.204,NO5
2025-01-17,21,40.145,NO5
2025-01-17,22,39.734,NO5
2025-01-17,23,39.157,NO5
2025-01-17,24,38.57,NO5
2025-01-18,1,40.204,NO5
2025-01-18,2,38.593,NO5
2025-01-18,3,38.381,NO5
2025-01-18,4,38.57,NO5
2025-01-18,5,39.005,NO5
2025-01-18,6,38.652,NO5
2025-01-18,7,39.898,NO5
2025-01-18,8,39.134,NO5
2025-01-18,9,41.251,NO5
2025-01-18,10,42.591,NO5
2025-01-18,11,43.99,NO5
2025-01-18,12,44.237,NO5
2025-01-18,13,42.991,NO5
2025-01-18,14,42.509,NO5
2025-01-18,15,42.862,NO5
2025-01-18,16,43.438,NO5
2025-01-18,17,44.179,NO5
2025-01-18,18,44.414,NO5
2025-01-18,19,42.497,NO5
2025-01-18,20,40.345,NO5
2025-01-18,21,40.533,NO5
2025-01-18,22,39.134,NO5
2025-01-18,23,39.44,NO5
2025-01-18,24,42.168,NO5
2025-01-19,1,39.71,NO5
2025-01-19,2,38.57,NO5
2025-01-19,3,37.97,NO5
2025-01-19,4,38.229,NO5
2025-01-19,5,37.546,NO5
2025-01-19,6,38.299,NO5
2025-01-19,7,40.11,NO5
2025-01-19,8,42.415,NO5
2025-01-19,9,42.967,NO5
2025-01-19,10,43.485,NO5
2025-01-19,11,42.967,NO5
2025-01-19,12,42.603,NO5
2025-01-19,13,42.979,NO5
2025-01-19,14,43.05,NO5
2025-01-19,15,43.814,NO5
2025-01-19,16,46.213,NO5
2025-01-19,17,46.883,NO5
2025-01-19,18,103.232,NO5
2025-01-19,19,143.236,NO5
2025-01-19,20,128.326,NO5
2025-01-19,21,56.326,NO5
2025-01-19,22,47.695,NO5
2025-01-19,23,46.213,NO5
2025-01-19,24,44.261,NO5
2025-01-20,1,46.219,NO5
2025-01-20,2,46.101,NO5
2025-01-20,3,45.748000000000005,NO5
2025-01-20,4,45.901,NO5
2025-01-20,5,46.56,NO5
2025-01-20,6,49.019,NO5
2025-01-20,7,80.88300000000001,NO5
2025-01-20,8,223.552,NO5
2025-01-20,9,43.336,NO5
2025-01-20,10,42.348,NO5
2025-01-20,11,43.101,NO5
2025-01-20,12,41.901,NO5
2025-01-20,13,42.148,NO5
2025-01-20,14,43.654,NO5
2025-01-20,15,42.442,NO5
2025-01-20,16,42.124,NO5
2025-01-20,17,341.84000000000003,NO5
2025-01-20,18,256.745,NO5
2025-01-20,19,67.693,NO5
2025-01-20,20,58.833000000000006,NO5
2025-01-20,21,47.831,NO5
2025-01-20,22,46.442,NO5
2025-01-20,23,45.089,NO5
2025-01-20,24,43.948,NO5
2025-01-21,1,40.698,NO5
2025-01-21,2,40.662,NO5
2025-01-21,3,39.02,NO5
2025-01-21,4,39.741,NO5
2025-01-21,5,40.391000000000005,NO5
2025-01-21,6,41.726,NO5
2025-01-21,7,44.16,NO5
2025-01-21,8,115.322,NO5
2025-01-21,9,183.695,NO5
2025-01-21,10,194.685,NO5
2025-01-21,11,184.452,NO5
2025-01-21,12,150.679,NO5
2025-01-21,13,135.81300000000002,NO5
2025-01-21,14,133.142,NO5
2025-01-21,15,139.346,NO5
2025-01-21,16,158.28900000000002,NO5
2025-01-21,17,187.276,NO5
2025-01-21,18,261.451,NO5
2025-01-21,19,226.201,NO5
2025-01-21,20,124.327,NO5
2025-01-21,21,45.992,NO5
2025-01-21,22,43.865,NO5
2025-01-21,23,43.605,NO5
2025-01-21,24,42.648,NO5
2025-01-22,1,41.78,NO5
2025-01-22,2,41.146,NO5
2025-01-22,3,41.345,NO5
2025-01-22,4,41.193,NO5
2025-01-22,5,41.451,NO5
2025-01-22,6,41.639,NO5
2025-01-22,7,43.813,NO5
2025-01-22,8,207.12600000000003,NO5
2025-01-22,9,216.011,NO5
2025-01-22,10,231.924,NO5
2025-01-22,11,203.918,NO5
2025-01-22,12,196.948,NO5
2025-01-22,13,188.299,NO5
2025-01-22,14,193.999,NO5
2025-01-22,15,205.316,NO5
2025-01-22,16,223.286,NO5
2025-01-22,17,227.141,NO5
2025-01-22,18,238.493,NO5
2025-01-22,19,205.892,NO5
2025-01-22,20,190.661,NO5
2025-01-22,21,152.77100000000002,NO5
2025-01-22,22,145.519,NO5
2025-01-22,23,121.732,NO5
2025-01-22,24,68.764,NO5
2025-01-23,1,58.019000000000005,NO5
2025-01-23,2,46.289,NO5
2025-01-23,3,44.412,NO5
2025-01-23,4,44.412,NO5
2025-01-23,5,44.376,NO5
2025-01-23,6,44.388,NO5
2025-01-23,7,94.9,NO5
2025-01-23,8,156.86,NO5
2025-01-23,9,180.485,NO5
2025-01-23,10,179.875,NO5
2025-01-23,11,152.543,NO5
2025-01-23,12,126.877,NO5
2025-01-23,13,107.592,NO5
2025-01-23,14,94.137,NO5
2025-01-23,15,75.92,NO5
2025-01-23,16,64.776,NO5
2025-01-23,17,90.7,NO5
2025-01-23,18,94.02,NO5
2025-01-23,19,79.369,NO5
2025-01-23,20,64.682,NO5
2025-01-23,21,49.925,NO5
2025-01-23,22,46.84,NO5
2025-01-23,23,41.362,NO5
2025-01-23,24,39.661,NO5
2025-01-24,1,39.69,NO5
2025-01-24,2,39.349,NO5
2025-01-24,3,38.961,NO5
2025-01-24,4,38.715,NO5
2025-01-24,5,39.091,NO5
2025-01-24,6,40.724,NO5
2025-01-24,7,42.169,NO5
2025-01-24,8,66.056,NO5
2025-01-24,9,78.228,NO5
2025-01-24,10,63.941,NO5
2025-01-24,11,52.931,NO5
2025-01-24,12,45.306,NO5
2025-01-24,13,44.425,NO5
2025-01-24,14,43.485,NO5
2025-01-24,15,40.536,NO5
2025-01-24,16,39.89,NO5
2025-01-24,17,42.275,NO5
2025-01-24,18,41.029,NO5
2025-01-24,19,39.196,NO5
2025-01-24,20,39.467,NO5
2025-01-24,21,38.292,NO5
2025-01-24,22,37.199,NO5
2025-01-24,23,35.507,NO5
2025-01-24,24,34.755,NO5
2025-01-25,1,34.332,NO5
2025-01-25,2,33.756,NO5
2025-01-25,3,33.227999999999994,NO5
2025-01-25,4,33.098,NO5
2025-01-25,5,33.545,NO5
2025-01-25,6,34.332,NO5
2025-01-25,7,34.367000000000004,NO5
2025-01-25,8,34.755,NO5
2025-01-25,9,36.271,NO5
2025-01-25,10,36.541,NO5
2025-01-25,11,36.553,NO5
2025-01-25,12,36.541,NO5
2025-01-25,13,36.423,NO5
2025-01-25,14,36.365,NO5
2025-01-25,15,36.329,NO5
2025-01-25,16,36.776,NO5
2025-01-25,17,38.010000000000005,NO5
2025-01-25,18,38.715,NO5
2025-01-25,19,38.033,NO5
2025-01-25,20,36.705,NO5
2025-01-25,21,36.306,NO5
2025-01-25,22,35.436,NO5
2025-01-25,23,35.601,NO5
2025-01-25,24,35.025,NO5
2025-01-26,1,33.592,NO5
2025-01-26,2,33.439,NO5
2025-01-26,3,33.145,NO5
2025-01-26,4,33.157,NO5
2025-01-26,5,33.533,NO5
2025-01-26,6,33.839,NO5
2025-01-26,7,35.331,NO5
2025-01-26,8,36.776,NO5
2025-01-26,9,38.233,NO5
2025-01-26,10,38.926,NO5
2025-01-26,11,38.985,NO5
2025-01-26,12,38.738,NO5
2025-01-26,13,36.318,NO5
2025-01-26,14,36.517,NO5
2025-01-26,15,38.773,NO5
2025-01-26,16,39.232,NO5
2025-01-26,17,39.831,NO5
2025-01-26,18,40.23,NO5
2025-01-26,19,39.937,NO5
2025-01-26,20,39.749,NO5
2025-01-26,21,39.561,NO5
2025-01-26,22,39.114,NO5
2025-01-26,23,38.057,NO5
2025-01-26,24,33.686,NO5
2025-01-27,1,39.491,NO5
2025-01-27,2,36.905,NO5
2025-01-27,3,32.193,NO5
2025-01-27,4,17.502000000000002,NO5
2025-01-27,5,18.257,NO5
2025-01-27,6,32.949,NO5
2025-01-27,7,37.767,NO5
2025-01-27,8,44.723,NO5
2025-01-27,9,54.005,NO5
2025-01-27,10,43.116,NO5
2025-01-27,11,40.625,NO5
2025-01-27,12,40.388,NO5
2025-01-27,13,40.507,NO5
2025-01-27,14,39.751,NO5
2025-01-27,15,40.093,NO5
2025-01-27,16,40.955,NO5
2025-01-27,17,40.755,NO5
2025-01-27,18,42.148,NO5
2025-01-27,19,42.006,NO5
2025-01-27,20,40.471,NO5
2025-01-27,21,39.019,NO5
2025-01-27,22,39.644,NO5
2025-01-27,23,38.759,NO5
2025-01-27,24,38.038,NO5
2025-01-28,1,39.776,NO5
2025-01-28,2,39.399,NO5
2025-01-28,3,39.964,NO5
2025-01-28,4,39.929,NO5
2025-01-28,5,39.964,NO5
2025-01-28,6,41.625,NO5
2025-01-28,7,46.643,NO5
2025-01-28,8,110.329,NO5
2025-01-28,9,120.847,NO5
2025-01-28,10,119.18699999999998,NO5
2025-01-28,11,119.034,NO5
2025-01-28,12,120.2,NO5
2025-01-28,13,116.218,NO5
2025-01-28,14,120.577,NO5
2025-01-28,15,128.904,NO5
2025-01-28,16,124.334,NO5
2025-01-28,17,148.998,NO5
2025-01-28,18,147.95,NO5
2025-01-28,19,137.82,NO5
2025-01-28,20,123.768,NO5
2025-01-28,21,87.762,NO5
2025-01-28,22,66.925,NO5
2025-01-28,23,50.836,NO5
2025-01-28,24,42.497,NO5
2025-01-29,1,43.84,NO5
2025-01-29,2,42.709,NO5
2025-01-29,3,42.567,NO5
2025-01-29,4,42.567,NO5
2025-01-29,5,42.509,NO5
2025-01-29,6,43.722,NO5
2025-01-29,7,62.391,NO5
2025-01-29,8,132.92000000000002,NO5
2025-01-29,9,138.692,NO5
2025-01-29,10,122.638,NO5
2025-01-29,11,101.248,NO5
2025-01-29,12,85.901,NO5
2025-01-29,13,82.296,NO5
2025-01-29,14,82.567,NO5
2025-01-29,15,83.934,NO5
2025-01-29,16,98.35,NO5
2025-01-29,17,123.662,NO5
2025-01-29,18,140.223,NO5
2025-01-29,19,131.142,NO5
2025-01-29,20,118.009,NO5
2025-01-29,21,100.883,NO5
2025-01-29,22,60.435,NO5
2025-01-29,23,47.868,NO5
2025-01-29,24,42.143,NO5
2025-01-30,1,38.884,NO5
2025-01-30,2,36.355,NO5
2025-01-30,3,38.178,NO5
2025-01-30,4,39.636,NO5
2025-01-30,5,39.46,NO5
2025-01-30,6,36.39,NO5
2025-01-30,7,42.13,NO5
2025-01-30,8,61.489,NO5
2025-01-30,9,99.502,NO5
2025-01-30,10,102.831,NO5
2025-01-30,11,89.152,NO5
2025-01-30,12,63.077,NO5
2025-01-30,13,83.69500000000001,NO5
2025-01-30,14,74.227,NO5
2025-01-30,15,86.506,NO5
2025-01-30,16,52.809000000000005,NO5
2025-01-30,17,67.076,NO5
2025-01-30,18,100.337,NO5
2025-01-30,19,66.32300000000001,NO5
2025-01-30,20,60.101,NO5
2025-01-30,21,47.728,NO5
2025-01-30,22,44.117,NO5
2025-01-30,23,42.953,NO5
2025-01-30,24,41.448,NO5
2025-01-31,1,43.287,NO5
2025-01-31,2,42.947,NO5
2025-01-31,3,42.747,NO5
2025-01-31,4,42.501,NO5
2025-01-31,5,42.559,NO5
2025-01-31,6,44.285,NO5
2025-01-31,7,80.893,NO5
2025-01-31,8,135.45999999999998,NO5
2025-01-31,9,144.06400000000002,NO5
2025-01-31,10,71.727,NO5
2025-01-31,11,71.95,NO5
2025-01-31,12,48.815,NO5
2025-01-31,13,52.841,NO5
2025-01-31,14,54.907,NO5
2025-01-31,15,54.062,NO5
2025-01-31,16,48.956,NO5
2025-01-31,17,52.853,NO5
2025-01-31,18,130.601,NO5
2025-01-31,19,155.578,NO5
2025-01-31,20,96.187,NO5
2025-01-31,21,64.743,NO5
2025-01-31,22,53.581,NO5
2025-01-31,23,43.921,NO5
2025-01-31,24,42.818,NO5
2025-02-01,1,45.822,NO5
2025-02-01,2,44.743,NO5
2025-02-01,3,45.118,NO5
2025-02-01,4,44.825,NO5
2025-02-01,5,44.297,NO5
2025-02-01,6,45.341,NO5
2025-02-01,7,47.008,NO5
2025-02-01,8,50.834,NO5
2025-02-01,9,57.513,NO5
2025-02-01,10,115.777,NO5
2025-02-01,11,108.969,NO5
2025-02-01,12,103.277,NO5
2025-02-01,13,93.898,NO5
2025-02-01,14,88.018,NO5
2025-02-01,15,92.02,NO5
2025-02-01,16,109.685,NO5
2025-02-01,17,132.972,NO5
2025-02-01,18,144.873,NO5
2025-02-01,19,144.416,NO5
2025-02-01,20,140.167,NO5
2025-02-01,21,133.28900000000002,NO5
2025-02-01,22,123.113,NO5
2025-02-01,23,75.741,NO5
2025-02-01,24,53.393,NO5
2025-02-02,1,49.168,NO5
2025-02-02,2,48.381,NO5
2025-02-02,3,48.076,NO5
2025-02-02,4,48.381,NO5
2025-02-02,5,48.006,NO5
2025-02-02,6,49.907,NO5
2025-02-02,7,65.94,NO5
2025-02-02,8,111.082,NO5
2025-02-02,9,116.457,NO5
2025-02-02,10,116.117,NO5
2025-02-02,11,109.943,NO5
2025-02-02,12,108.171,NO5
2025-02-02,13,102.384,NO5
2025-02-02,14,93.699,NO5
2025-02-02,15,97.056,NO5
2025-02-02,16,108.57,NO5
2025-02-02,17,131.704,NO5
2025-02-02,18,135.225,NO5
2025-02-02,19,137.385,NO5
2025-02-02,20,126.634,NO5
2025-02-02,21,138.535,NO5
2025-02-02,22,83.816,NO5
2025-02-02,23,71.715,NO5
2025-02-02,24,52.243,NO5
2025-02-03,1,61.123000000000005,NO5
2025-02-03,2,49.866,NO5
2025-02-03,3,49.327,NO5
2025-02-03,4,48.987,NO5
2025-02-03,5,50.006,NO5
2025-02-03,6,60.818,NO5
2025-02-03,7,94.05,NO5
2025-02-03,8,86.905,NO5
2025-02-03,9,101.535,NO5
2025-02-03,10,71.817,NO5
2025-02-03,11,115.861,NO5
2025-02-03,12,84.679,NO5
2025-02-03,13,71.571,NO5
2025-02-03,14,71.571,NO5
2025-02-03,15,77.768,NO5
2025-02-03,16,71.583,NO5
2025-02-03,17,121.636,NO5
2025-02-03,18,162.70499999999998,NO5
2025-02-03,19,174.102,NO5
2025-02-03,20,152.68900000000002,NO5
2025-02-03,21,144.05599999999998,NO5
2025-02-03,22,115.849,NO5
2025-02-03,23,96.088,NO5
2025-02-03,24,52.419,NO5
2025-02-04,1,52.44,NO5
2025-02-04,2,48.677,NO5
2025-02-04,3,47.904,NO5
2025-02-04,4,47.47,NO5
2025-02-04,5,47.154,NO5
2025-02-04,6,48.56,NO5
2025-02-04,7,71.615,NO5
2025-02-04,8,131.404,NO5
2025-02-04,9,163.93,NO5
2025-02-04,10,123.176,NO5
2025-02-04,11,116.612,NO5
2025-02-04,12,94.014,NO5
2025-02-04,13,71.861,NO5
2025-02-04,14,64.28999999999999,NO5
2025-02-04,15,50.728,NO5
2025-02-04,16,51.139,NO5
2025-02-04,17,52.323,NO5
2025-02-04,18,53.952,NO5
2025-02-04,19,50.318,NO5
2025-02-04,20,47.974,NO5
2025-02-04,21,45.571,NO5
2025-02-04,22,44.868,NO5
2025-02-04,23,45.864,NO5
2025-02-04,24,44.294,NO5
2025-02-05,1,47.097,NO5
2025-02-05,2,46.152,NO5
2025-02-05,3,45.965,NO5
2025-02-05,4,46.152,NO5
2025-02-05,5,46.094,NO5
2025-02-05,6,45.487,NO5
2025-02-05,7,49.419,NO5
2025-02-05,8,50.82,NO5
2025-02-05,9,51.182,NO5
2025-02-05,10,51.66,NO5
2025-02-05,11,51.905,NO5
2025-02-05,12,51.8,NO5
2025-02-05,13,52.068,NO5
2025-02-05,14,52.42999999999999,NO5
2025-02-05,15,52.092,NO5
2025-02-05,16,52.64,NO5
2025-02-05,17,53.072,NO5
2025-02-05,18,56.61900000000001,NO5
2025-02-05,19,57.751,NO5
2025-02-05,20,54.787,NO5
2025-02-05,21,55.231,NO5
2025-02-05,22,51.637,NO5
2025-02-05,23,52.337,NO5
2025-02-05,24,52.407,NO5
2025-02-06,1,54.643,NO5
2025-02-06,2,54.107000000000006,NO5
2025-02-06,3,54.224,NO5
2025-02-06,4,54.45700000000001,NO5
2025-02-06,5,54.737,NO5
2025-02-06,6,54.41,NO5
2025-02-06,7,70.312,NO5
2025-02-06,8,137.395,NO5
2025-02-06,9,170.86700000000002,NO5
2025-02-06,10,151.176,NO5
2025-02-06,11,134.56199999999998,NO5
2025-02-06,12,104.927,NO5
2025-02-06,13,81.714,NO5
2025-02-06,14,69.41499999999999,NO5
2025-02-06,15,64.623,NO5
2025-02-06,16,82.962,NO5
2025-02-06,17,106.792,NO5
2025-02-06,18,146.547,NO5
2025-02-06,19,146.151,NO5
2025-02-06,20,140.298,NO5
2025-02-06,21,121.703,NO5
2025-02-06,22,81.83099999999999,NO5
2025-02-06,23,63.014,NO5
2025-02-06,24,58.491,NO5
2025-02-07,1,60.52,NO5
2025-02-07,2,57.951,NO5
2025-02-07,3,57.335,NO5
2025-02-07,4,56.951,NO5
2025-02-07,5,57.404,NO5
2025-02-07,6,59.404,NO5
2025-02-07,7,96.522,NO5
2025-02-07,8,124.655,NO5
2025-02-07,9,144.522,NO5
2025-02-07,10,132.606,NO5
2025-02-07,11,113.809,NO5
2025-02-07,12,86.409,NO5
2025-02-07,13,79.317,NO5
2025-02-07,14,80.817,NO5
2025-02-07,15,81.003,NO5
2025-02-07,16,75.679,NO5
2025-02-07,17,85.107,NO5
2025-02-07,18,91.675,NO5
2025-02-07,19,91.314,NO5
2025-02-07,20,75.923,NO5
2025-02-07,21,61.636,NO5
2025-02-07,22,59.334,NO5
2025-02-07,23,57.858,NO5
2025-02-07,24,55.684000000000005,NO5
2025-02-08,1,54.951,NO5
2025-02-08,2,54.405,NO5
2025-02-08,3,54.21900000000001,NO5
2025-02-08,4,53.859,NO5
2025-02-08,5,53.777,NO5
2025-02-08,6,53.998000000000005,NO5
2025-02-08,7,54.731,NO5
2025-02-08,8,55.614,NO5
2025-02-08,9,55.823,NO5
2025-02-08,10,58.009,NO5
2025-02-08,11,58.07899999999999,NO5
2025-02-08,12,57.439,NO5
2025-02-08,13,58.299,NO5
2025-02-08,14,57.57899999999999,NO5
2025-02-08,15,58.939,NO5
2025-02-08,16,61.008,NO5
2025-02-08,17,68.634,NO5
2025-02-08,18,90.791,NO5
2025-02-08,19,88.699,NO5
2025-02-08,20,75.69,NO5
2025-02-08,21,74.412,NO5
2025-02-08,22,65.763,NO5
2025-02-08,23,61.54299999999999,NO5
2025-02-08,24,59.485,NO5
2025-02-09,1,60.404,NO5
2025-02-09,2,59.753,NO5
2025-02-09,3,59.799,NO5
2025-02-09,4,60.008,NO5
2025-02-09,5,60.462,NO5
2025-02-09,6,63.554,NO5
2025-02-09,7,64.612,NO5
2025-02-09,8,75.69,NO5
2025-02-09,9,75.923,NO5
2025-02-09,10,103.172,NO5
2025-02-09,11,97.592,NO5
2025-02-09,12,91.442,NO5
2025-02-09,13,77.655,NO5
2025-02-09,14,75.179,NO5
2025-02-09,15,75.923,NO5
2025-02-09,16,89.175,NO5
2025-02-09,17,100.928,NO5
2025-02-09,18,105.729,NO5
2025-02-09,19,100.382,NO5
2025-02-09,20,88.699,NO5
2025-02-09,21,73.412,NO5
2025-02-09,22,70.122,NO5
2025-02-09,23,63.414,NO5
2025-02-09,24,62.426,NO5
2025-02-10,1,61.38,NO5
2025-02-10,2,60.176,NO5
2025-02-10,3,59.215,NO5
2025-02-10,4,59.053,NO5
2025-02-10,5,58.984,NO5
2025-02-10,6,60.268,NO5
2025-02-10,7,64.435,NO5
2025-02-10,8,100.71,NO5
2025-02-10,9,115.745,NO5
2025-02-10,10,110.351,NO5
2025-02-10,11,95.872,NO5
2025-02-10,12,75.107,NO5
2025-02-10,13,68.88,NO5
2025-02-10,14,63.799,NO5
2025-02-10,15,66.009,NO5
2025-02-10,16,64.69,NO5
2025-02-10,17,70.327,NO5
2025-02-10,18,73.498,NO5
2025-02-10,19,73.07000000000001,NO5
2025-02-10,20,66.646,NO5
2025-02-10,21,62.861,NO5
2025-02-10,22,60.870000000000005,NO5
2025-02-10,23,59.111,NO5
2025-02-10,24,58.104,NO5
2025-02-11,1,57.17100000000001,NO5
2025-02-11,2,56.488,NO5
2025-02-11,3,56.465,NO5
2025-02-11,4,55.991,NO5
2025-02-11,5,56.234,NO5
2025-02-11,6,56.743,NO5
2025-02-11,7,59.88,NO5
2025-02-11,8,64.36,NO5
2025-02-11,9,79.547,NO5
2025-02-11,10,68.608,NO5
2025-02-11,11,64.82300000000001,NO5
2025-02-11,12,64.175,NO5
2025-02-11,13,61.987,NO5
2025-02-11,14,60.575,NO5
2025-02-11,15,60.528,NO5
2025-02-11,16,61.315,NO5
2025-02-11,17,64.661,NO5
2025-02-11,18,76.248,NO5
2025-02-11,19,84.027,NO5
2025-02-11,20,68.099,NO5
2025-02-11,21,62.762,NO5
2025-02-11,22,62.184000000000005,NO5
2025-02-11,23,60.899,NO5
2025-02-11,24,60.1,NO5
2025-02-12,1,64.164,NO5
2025-02-12,2,63.57000000000001,NO5
2025-02-12,3,63.196000000000005,NO5
2025-02-12,4,62.788,NO5
2025-02-12,5,62.951,NO5
2025-02-12,6,64.584,NO5
2025-02-12,7,93.494,NO5
2025-02-12,8,147.967,NO5
2025-02-12,9,166.475,NO5
2025-02-12,10,159.28,NO5
2025-02-12,11,126.171,NO5
2025-02-12,12,111.489,NO5
2025-02-12,13,103.675,NO5
2025-02-12,14,109.751,NO5
2025-02-12,15,118.754,NO5
2025-02-12,16,125.32,NO5
2025-02-12,17,156.446,NO5
2025-02-12,18,166.195,NO5
2025-02-12,19,177.776,NO5
2025-02-12,20,169.204,NO5
2025-02-12,21,159.046,NO5
2025-02-12,22,142.078,NO5
2025-02-12,23,137.483,NO5
2025-02-12,24,94.451,NO5
2025-02-13,1,116.231,NO5
2025-02-13,2,93.88,NO5
2025-02-13,3,78.241,NO5
2025-02-13,4,77.84299999999999,NO5
2025-02-13,5,77.94800000000001,NO5
2025-02-13,6,100.663,NO5
2025-02-13,7,141.21800000000002,NO5
2025-02-13,8,209.736,NO5
2025-02-13,9,227.952,NO5
2025-02-13,10,239.878,NO5
2025-02-13,11,219.12,NO5
2025-02-13,12,197.05,NO5
2025-02-13,13,187.303,NO5
2025-02-13,14,141.523,NO5
2025-02-13,15,138.524,NO5
2025-02-13,16,142.636,NO5
2025-02-13,17,150.50799999999998,NO5
2025-02-13,18,199.111,NO5
2025-02-13,19,210.592,NO5
2025-02-13,20,191.392,NO5
2025-02-13,21,169.41500000000002,NO5
2025-02-13,22,151.316,NO5
2025-02-13,23,131.71800000000002,NO5
2025-02-13,24,120.823,NO5
2025-02-14,1,143.057,NO5
2025-02-14,2,137.756,NO5
2025-02-14,3,143.325,NO5
2025-02-14,4,140.738,NO5
2025-02-14,5,115.909,NO5
2025-02-14,6,108.324,NO5
2025-02-14,7,164.1,NO5
2025-02-14,8,230.886,NO5
2025-02-14,9,278.75,NO5
2025-02-14,10,238.192,NO5
2025-02-14,11,201.466,NO5
2025-02-14,12,182.311,NO5
2025-02-14,13,168.481,NO5
2025-02-14,14,172.023,NO5
2025-02-14,15,173.642,NO5
2025-02-14,16,157.06199999999998,NO5
2025-02-14,17,188.23,NO5
2025-02-14,18,268.089,NO5
2025-02-14,19,247.606,NO5
2025-02-14,20,199.334,NO5
2025-02-14,21,162.259,NO5
2025-02-14,22,144.84,NO5
2025-02-14,23,130.252,NO5
2025-02-14,24,97.01,NO5
2025-02-15,1,81.386,NO5
2025-02-15,2,78.426,NO5
2025-02-15,3,77.01599999999999,NO5
2025-02-15,4,75.071,NO5
2025-02-15,5,77.01599999999999,NO5
2025-02-15,6,87.829,NO5
2025-02-15,7,117.03900000000002,NO5
2025-02-15,8,134.051,NO5
2025-02-15,9,139.294,NO5
2025-02-15,10,126.629,NO5
2025-02-15,11,115.536,NO5
2025-02-15,12,106.087,NO5
2025-02-15,13,97.966,NO5
2025-02-15,14,94.564,NO5
2025-02-15,15,92.233,NO5
2025-02-15,16,105.726,NO5
2025-02-15,17,106.367,NO5
2025-02-15,18,140.948,NO5
2025-02-15,19,156.852,NO5
2025-02-15,20,147.322,NO5
2025-02-15,21,130.707,NO5
2025-02-15,22,112.064,NO5
2025-02-15,23,102.976,NO5
2025-02-15,24,98.502,NO5
2025-02-16,1,114.29,NO5
2025-02-16,2,112.763,NO5
2025-02-16,3,108.86,NO5
2025-02-16,4,105.632,NO5
2025-02-16,5,105.353,NO5
2025-02-16,6,93.212,NO5
2025-02-16,7,95.216,NO5
2025-02-16,8,132.815,NO5
2025-02-16,9,134.913,NO5
2025-02-16,10,136.81199999999998,NO5
2025-02-16,11,133.118,NO5
2025-02-16,12,129.11,NO5
2025-02-16,13,131.347,NO5
2025-02-16,14,123.308,NO5
2025-02-16,15,122.446,NO5
2025-02-16,16,134.93599999999998,NO5
2025-02-16,17,138.105,NO5
2025-02-16,18,154.744,NO5
2025-02-16,19,173.235,NO5
2025-02-16,20,167.549,NO5
2025-02-16,21,160.07999999999998,NO5
2025-02-16,22,145.21300000000002,NO5
2025-02-16,23,143.38299999999998,NO5
2025-02-16,24,83.32000000000001,NO5
2025-02-17,1,112.666,NO5
2025-02-17,2,112.527,NO5
2025-02-17,3,118.487,NO5
2025-02-17,4,121.18800000000002,NO5
2025-02-17,5,115.717,NO5
2025-02-17,6,104.785,NO5
2025-02-17,7,104.704,NO5
2025-02-17,8,179.815,NO5
2025-02-17,9,195.216,NO5
2025-02-17,10,165.1,NO5
2025-02-17,11,135.321,NO5
2025-02-17,12,114.611,NO5
2025-02-17,13,112.725,NO5
2025-02-17,14,110.245,NO5
2025-02-17,15,111.817,NO5
2025-02-17,16,104.855,NO5
2025-02-17,17,101.898,NO5
2025-02-17,18,115.996,NO5
2025-02-17,19,149.768,NO5
2025-02-17,20,140.478,NO5
2025-02-17,21,130.11700000000002,NO5
2025-02-17,22,120.978,NO5
2025-02-17,23,91.921,NO5
2025-02-17,24,117.358,NO5
2025-02-18,1,79.57300000000001,NO5
2025-02-18,2,70.933,NO5
2025-02-18,3,70.071,NO5
2025-02-18,4,70.304,NO5
2025-02-18,5,71.598,NO5
2025-02-18,6,74.524,NO5
2025-02-18,7,126.908,NO5
2025-02-18,8,175.18800000000002,NO5
2025-02-18,9,176.622,NO5
2025-02-18,10,129.625,NO5
2025-02-18,11,110.819,NO5
2025-02-18,12,97.516,NO5
2025-02-18,13,85.764,NO5
2025-02-18,14,78.41799999999999,NO5
2025-02-18,15,86.825,NO5
2025-02-18,16,97.318,NO5
2025-02-18,17,108.184,NO5
2025-02-18,18,148.606,NO5
2025-02-18,19,150.35399999999998,NO5
2025-02-18,20,137.448,NO5
2025-02-18,21,124.81,NO5
2025-02-18,22,113.629,NO5
2025-02-18,23,106.668,NO5
2025-02-18,24,100.046,NO5
2025-02-19,1,92.416,NO5
2025-02-19,2,91.788,NO5
2025-02-19,3,92.462,NO5
2025-02-19,4,90.311,NO5
2025-02-19,5,88.392,NO5
2025-02-19,6,83.078,NO5
2025-02-19,7,92.613,NO5
2025-02-19,8,115.488,NO5
2025-02-19,9,124.14,NO5
2025-02-19,10,100.242,NO5
2025-02-19,11,82.682,NO5
2025-02-19,12,76.054,NO5
2025-02-19,13,69.646,NO5
2025-02-19,14,70.553,NO5
2025-02-19,15,74.821,NO5
2025-02-19,16,87.857,NO5
2025-02-19,17,102.149,NO5
2025-02-19,18,119.476,NO5
2025-02-19,19,132.233,NO5
2025-02-19,20,127.175,NO5
2025-02-19,21,106.661,NO5
2025-02-19,22,89.462,NO5
2025-02-19,23,81.287,NO5
2025-02-19,24,72.36699999999999,NO5
2025-02-20,1,68.249,NO5
2025-02-20,2,66.334,NO5
2025-02-20,3,65.788,NO5
2025-02-20,4,64.674,NO5
2025-02-20,5,64.08200000000001,NO5
2025-02-20,6,64.674,NO5
2025-02-20,7,68.725,NO5
2025-02-20,8,97.376,NO5
2025-02-20,9,101.857,NO5
2025-02-20,10,70.525,NO5
2025-02-20,11,69.352,NO5
2025-02-20,12,67.274,NO5
2025-02-20,13,67.077,NO5
2025-02-20,14,66.705,NO5
2025-02-20,15,66.473,NO5
2025-02-20,16,65.765,NO5
2025-02-20,17,65.962,NO5
2025-02-20,18,66.09,NO5
2025-02-20,19,65.591,NO5
2025-02-20,20,62.99,NO5
2025-02-20,21,59.833000000000006,NO5
2025-02-20,22,57.987,NO5
2025-02-20,23,56.513,NO5
2025-02-20,24,55.851,NO5
2025-02-21,1,53.61,NO5
2025-02-21,2,54.145,NO5
2025-02-21,3,53.761,NO5
2025-02-21,4,53.331,NO5
2025-02-21,5,54.203,NO5
2025-02-21,6,56.970000000000006,NO5
2025-02-21,7,62.157,NO5
2025-02-21,8,82.252,NO5
2025-02-21,9,125.105,NO5
2025-02-21,10,96.87,NO5
2025-02-21,11,84.50800000000001,NO5
2025-02-21,12,70.658,NO5
2025-02-21,13,68.065,NO5
2025-02-21,14,66.239,NO5
2025-02-21,15,66.15700000000001,NO5
2025-02-21,16,67.297,NO5
2025-02-21,17,66.739,NO5
2025-02-21,18,70.204,NO5
2025-02-21,19,66.646,NO5
2025-02-21,20,62.157,NO5
2025-02-21,21,58.366,NO5
2025-02-21,22,56.261,NO5
2025-02-21,23,54.203,NO5
2025-02-21,24,52.970000000000006,NO5
2025-02-22,1,53.54,NO5
2025-02-22,2,52.16799999999999,NO5
2025-02-22,3,50.388,NO5
2025-02-22,4,46.458,NO5
2025-02-22,5,46.365,NO5
2025-02-22,6,51.098,NO5
2025-02-22,7,52.691,NO5
2025-02-22,8,54.598,NO5
2025-02-22,9,56.145,NO5
2025-02-22,10,56.703,NO5
2025-02-22,11,56.005,NO5
2025-02-22,12,53.226,NO5
2025-02-22,13,52.970000000000006,NO5
2025-02-22,14,55.703,NO5
2025-02-22,15,56.436,NO5
2025-02-22,16,56.877,NO5
2025-02-22,17,58.226,NO5
2025-02-22,18,59.285,NO5
2025-02-22,19,58.901,NO5
2025-02-22,20,57.785,NO5
2025-02-22,21,56.459,NO5
2025-02-22,22,56.401,NO5
2025-02-22,23,55.842,NO5
2025-02-22,24,55.191,NO5
2025-02-23,1,53.017,NO5
2025-02-23,2,53.29600000000001,NO5
2025-02-23,3,53.15599999999999,NO5
2025-02-23,4,53.29600000000001,NO5
2025-02-23,5,53.4,NO5
2025-02-23,6,53.65599999999999,NO5
2025-02-23,7,54.29600000000001,NO5
2025-02-23,8,54.901,NO5
2025-02-23,9,55.261,NO5
2025-02-23,10,56.284000000000006,NO5
2025-02-23,11,55.819,NO5
2025-02-23,12,55.133,NO5
2025-02-23,13,53.505,NO5
2025-02-23,14,52.493,NO5
2025-02-23,15,52.517,NO5
2025-02-23,16,53.075,NO5
2025-02-23,17,55.238,NO5
2025-02-23,18,59.366,NO5
2025-02-23,19,59.17999999999999,NO5
2025-02-23,20,57.67999999999999,NO5
2025-02-23,21,55.29600000000001,NO5
2025-02-23,22,55.17999999999999,NO5
2025-02-23,23,54.424,NO5
2025-02-23,24,53.005,NO5
2025-02-24,1,49.637,NO5
2025-02-24,2,45.018,NO5
2025-02-24,3,37.21,NO5
2025-02-24,4,32.091,NO5
2025-02-24,5,34.418,NO5
2025-02-24,6,43.412,NO5
2025-02-24,7,45.146,NO5
2025-02-24,8,52.208000000000006,NO5
2025-02-24,9,55.117,NO5
2025-02-24,10,54.803,NO5
2025-02-24,11,54.396,NO5
2025-02-24,12,52.697,NO5
2025-02-24,13,53.337,NO5
2025-02-24,14,53.616,NO5
2025-02-24,15,53.74400000000001,NO5
2025-02-24,16,53.04600000000001,NO5
2025-02-24,17,54.733,NO5
2025-02-24,18,55.08200000000001,NO5
2025-02-24,19,55.304,NO5
2025-02-24,20,55.071000000000005,NO5
2025-02-24,21,52.697,NO5
2025-02-24,22,52.976,NO5
2025-02-24,23,52.686,NO5
2025-02-24,24,52.40599999999999,NO5
2025-02-25,1,50.364,NO5
2025-02-25,2,49.618,NO5
2025-02-25,3,46.888,NO5
2025-02-25,4,49.081,NO5
2025-02-25,5,47.565,NO5
2025-02-25,6,52.429,NO5
2025-02-25,7,54.69199999999999,NO5
2025-02-25,8,56.989,NO5
2025-02-25,9,58.354,NO5
2025-02-25,10,59.182,NO5
2025-02-25,11,59.147000000000006,NO5
2025-02-25,12,58.331,NO5
2025-02-25,13,57.95700000000001,NO5
2025-02-25,14,57.666,NO5
2025-02-25,15,57.468,NO5
2025-02-25,16,57.456,NO5
2025-02-25,17,57.771,NO5
2025-02-25,18,60.593,NO5
2025-02-25,19,60.337,NO5
2025-02-25,20,58.681,NO5
2025-02-25,21,55.835,NO5
2025-02-25,22,54.073,NO5
2025-02-25,23,53.08200000000001,NO5
2025-02-25,24,54.797,NO5
2025-02-26,1,50.545,NO5
2025-02-26,2,49.295,NO5
2025-02-26,3,48.675,NO5
2025-02-26,4,48.827,NO5
2025-02-26,5,49.388,NO5
2025-02-26,6,51.45700000000001,NO5
2025-02-26,7,55.537,NO5
2025-02-26,8,58.576,NO5
2025-02-26,9,58.681,NO5
2025-02-26,10,58.646,NO5
2025-02-26,11,58.915,NO5
2025-02-26,12,58.938,NO5
2025-02-26,13,58.179,NO5
2025-02-26,14,57.93300000000001,NO5
2025-02-26,15,58.424,NO5
2025-02-26,16,57.033,NO5
2025-02-26,17,58.202,NO5
2025-02-26,18,59.161,NO5
2025-02-26,19,59.511,NO5
2025-02-26,20,59.593,NO5
2025-02-26,21,59.359,NO5
2025-02-26,22,57.384,NO5
2025-02-26,23,55.455,NO5
2025-02-26,24,54.181,NO5
2025-02-27,1,47.777,NO5
2025-02-27,2,46.771,NO5
2025-02-27,3,47.707,NO5
2025-02-27,4,47.73,NO5
2025-02-27,5,49.275,NO5
2025-02-27,6,49.146,NO5
2025-02-27,7,51.697,NO5
2025-02-27,8,54.377,NO5
2025-02-27,9,54.19,NO5
2025-02-27,10,53.803,NO5
2025-02-27,11,53.569,NO5
2025-02-27,12,53.347,NO5
2025-02-27,13,52.879,NO5
2025-02-27,14,52.306,NO5
2025-02-27,15,53.09,NO5
2025-02-27,16,53.265,NO5
2025-02-27,17,53.242,NO5
2025-02-27,18,53.605,NO5
2025-02-27,19,53.476,NO5
2025-02-27,20,52.867,NO5
2025-02-27,21,52.797,NO5
2025-02-27,22,51.896,NO5
2025-02-27,23,51.112,NO5
2025-02-27,24,50.515,NO5
2025-02-28,1,48.129000000000005,NO5
2025-02-28,2,48.012,NO5
2025-02-28,3,47.695,NO5
2025-02-28,4,47.566,NO5
2025-02-28,5,47.754000000000005,NO5
2025-02-28,6,48.305,NO5
2025-02-28,7,48.973,NO5
2025-02-28,8,107.619,NO5
2025-02-28,9,143.918,NO5
2025-02-28,10,125.241,NO5
2025-02-28,11,109.823,NO5
2025-02-28,12,66.337,NO5
2025-02-28,13,55.093,NO5
2025-02-28,14,50.251,NO5
2025-02-28,15,49.196,NO5
2025-02-28,16,49.489,NO5
2025-02-28,17,49.208,NO5
2025-02-28,18,85.812,NO5
2025-02-28,19,73.876,NO5
2025-02-28,20,53.253,NO5
2025-02-28,21,50.228,NO5
2025-02-28,22,48.973,NO5
2025-02-28,23,48.094,NO5
2025-02-28,24,47.918,NO5
2025-03-01,1,45.35,NO5
2025-03-01,2,45.245,NO5
2025-03-01,3,45.585,NO5
2025-03-01,4,45.163,NO5
2025-03-01,5,45.163,NO5
2025-03-01,6,45.362,NO5
2025-03-01,7,46.183,NO5
2025-03-01,8,45.937,NO5
2025-03-01,9,47.379000000000005,NO5
2025-03-01,10,47.777,NO5
2025-03-01,11,47.684,NO5
2025-03-01,12,47.355,NO5
2025-03-01,13,47.097,NO5
2025-03-01,14,47.39,NO5
2025-03-01,15,46.499,NO5
2025-03-01,16,46.652,NO5
2025-03-01,17,46.37,NO5
2025-03-01,18,46.851,NO5
2025-03-01,19,46.957,NO5
2025-03-01,20,45.784,NO5
2025-03-01,21,44.928,NO5
2025-03-01,22,43.146,NO5
2025-03-01,23,41.599,NO5
2025-03-01,24,41.704,NO5
2025-03-02,1,40.168,NO5
2025-03-02,2,39.898,NO5
2025-03-02,3,39.711,NO5
2025-03-02,4,39.77,NO5
2025-03-02,5,39.805,NO5
2025-03-02,6,39.723,NO5
2025-03-02,7,39.723,NO5
2025-03-02,8,40.391000000000005,NO5
2025-03-02,9,41.223,NO5
2025-03-02,10,41.352,NO5
2025-03-02,11,41.892,NO5
2025-03-02,12,41.81,NO5
2025-03-02,13,38.785,NO5
2025-03-02,14,33.673,NO5
2025-03-02,15,37.518,NO5
2025-03-02,16,40.356,NO5
2025-03-02,17,41.552,NO5
2025-03-02,18,40.848,NO5
2025-03-02,19,40.59,NO5
2025-03-02,20,41.575,NO5
2025-03-02,21,41.294,NO5
2025-03-02,22,40.215,NO5
2025-03-02,23,40.543,NO5
2025-03-02,24,40.414,NO5
2025-03-03,1,40.745,NO5
2025-03-03,2,40.441,NO5
2025-03-03,3,40.102,NO5
2025-03-03,4,40.067,NO5
2025-03-03,5,40.079,NO5
2025-03-03,6,40.78,NO5
2025-03-03,7,42.78,NO5
2025-03-03,8,43.108,NO5
2025-03-03,9,43.19,NO5
2025-03-03,10,43.108,NO5
2025-03-03,11,42.196,NO5
2025-03-03,12,38.792,NO5
2025-03-03,13,32.84,NO5
2025-03-03,14,37.763,NO5
2025-03-03,15,41.658,NO5
2025-03-03,16,42.804,NO5
2025-03-03,17,43.213,NO5
2025-03-03,18,43.084,NO5
2025-03-03,19,43.096,NO5
2025-03-03,20,42.886,NO5
2025-03-03,21,42.85,NO5
2025-03-03,22,42.944,NO5
2025-03-03,23,41.014,NO5
2025-03-03,24,40.336,NO5
2025-03-04,1,40.608,NO5
2025-03-04,2,40.112,NO5
2025-03-04,3,40.029,NO5
2025-03-04,4,38.411,NO5
2025-03-04,5,37.88,NO5
2025-03-04,6,38.388,NO5
2025-03-04,7,42.143,NO5
2025-03-04,8,43.973,NO5
2025-03-04,9,44.268,NO5
2025-03-04,10,44.587,NO5
2025-03-04,11,43.064,NO5
2025-03-04,12,41.139,NO5
2025-03-04,13,35.507,NO5
2025-03-04,14,31.433,NO5
2025-03-04,15,37.762,NO5
2025-03-04,16,40.726,NO5
2025-03-04,17,41.966,NO5
2025-03-04,18,43.324,NO5
2025-03-04,19,43.619,NO5
2025-03-04,20,42.721,NO5
2025-03-04,21,40.82,NO5
2025-03-04,22,39.391000000000005,NO5
2025-03-04,23,39.498000000000005,NO5
2025-03-04,24,35.873000000000005,NO5
2025-03-05,1,26.158,NO5
2025-03-05,2,25.543,NO5
2025-03-05,3,23.605,NO5
2025-03-05,4,21.536,NO5
2025-03-05,5,22.836,NO5
2025-03-05,6,23.616,NO5
2025-03-05,7,31.051,NO5
2025-03-05,8,41.004000000000005,NO5
2025-03-05,9,41.075,NO5
2025-03-05,10,32.434,NO5
2025-03-05,11,11.454,NO5
2025-03-05,12,6.17,NO5
2025-03-05,13,4.3020000000000005,NO5
2025-03-05,14,6.784999999999999,NO5
2025-03-05,15,16.253,NO5
2025-03-05,16,28.415,NO5
2025-03-05,17,36.205,NO5
2025-03-05,18,41.134,NO5
2025-03-05,19,41.547,NO5
2025-03-05,20,41.701,NO5
2025-03-05,21,41.476,NO5
2025-03-05,22,40.105,NO5
2025-03-05,23,37.351,NO5
2025-03-05,24,36.831,NO5
2025-03-06,1,35.335,NO5
2025-03-06,2,33.262,NO5
2025-03-06,3,27.884,NO5
2025-03-06,4,27.111,NO5
2025-03-06,5,25.225,NO5
2025-03-06,6,24.44,NO5
2025-03-06,7,41.147000000000006,NO5
2025-03-06,8,44.544,NO5
2025-03-06,9,44.579,NO5
2025-03-06,10,41.932,NO5
2025-03-06,11,40.526,NO5
2025-03-06,12,35.417,NO5
2025-03-06,13,27.146,NO5
2025-03-06,14,32.36,NO5
2025-03-06,15,40.151,NO5
2025-03-06,16,41.076,NO5
2025-03-06,17,41.732,NO5
2025-03-06,18,44.298,NO5
2025-03-06,19,44.404,NO5
2025-03-06,20,44.228,NO5
2025-03-06,21,44.368,NO5
2025-03-06,22,43.958,NO5
2025-03-06,23,41.791,NO5
2025-03-06,24,37.936,NO5
2025-03-07,1,30.891,NO5
2025-03-07,2,32.572,NO5
2025-03-07,3,39.016000000000005,NO5
2025-03-07,4,40.78,NO5
2025-03-07,5,41.039,NO5
2025-03-07,6,42.697,NO5
2025-03-07,7,44.331,NO5
2025-03-07,8,45.496,NO5
2025-03-07,9,46.048,NO5
2025-03-07,10,45.225,NO5
2025-03-07,11,44.919,NO5
2025-03-07,12,45.296,NO5
2025-03-07,13,36.018,NO5
2025-03-07,14,39.169,NO5
2025-03-07,15,44.296,NO5
2025-03-07,16,44.284,NO5
2025-03-07,17,44.614,NO5
2025-03-07,18,45.013,NO5
2025-03-07,19,44.684,NO5
2025-03-07,20,44.237,NO5
2025-03-07,21,43.708,NO5
2025-03-07,22,43.626,NO5
2025-03-07,23,42.791,NO5
2025-03-07,24,40.71,NO5
2025-03-08,1,15.663,NO5
2025-03-08,2,15.451,NO5
2025-03-08,3,15.404,NO5
2025-03-08,4,15.345,NO5
2025-03-08,5,14.852,NO5
2025-03-08,6,15.933000000000002,NO5
2025-03-08,7,38.805,NO5
2025-03-08,8,42.732,NO5
2025-03-08,9,43.261,NO5
2025-03-08,10,42.309,NO5
2025-03-08,11,37.629000000000005,NO5
2025-03-08,12,35.253,NO5
2025-03-08,13,32.349000000000004,NO5
2025-03-08,14,33.842,NO5
2025-03-08,15,36.253,NO5
2025-03-08,16,42.603,NO5
2025-03-08,17,43.532,NO5
2025-03-08,18,45.578,NO5
2025-03-08,19,45.837,NO5
2025-03-08,20,45.907,NO5
2025-03-08,21,45.108,NO5
2025-03-08,22,44.096,NO5
2025-03-08,23,42.509,NO5
2025-03-08,24,42.238,NO5
2025-03-09,1,41.85,NO5
2025-03-09,2,42.344,NO5
2025-03-09,3,41.533,NO5
2025-03-09,4,40.522000000000006,NO5
2025-03-09,5,40.604,NO5
2025-03-09,6,41.192,NO5
2025-03-09,7,41.909,NO5
2025-03-09,8,42.379000000000005,NO5
2025-03-09,9,42.815,NO5
2025-03-09,10,40.91,NO5
2025-03-09,11,36.418,NO5
2025-03-09,12,32.173,NO5
2025-03-09,13,30.456,NO5
2025-03-09,14,31.738,NO5
2025-03-09,15,34.536,NO5
2025-03-09,16,41.944,NO5
2025-03-09,17,43.849,NO5
2025-03-09,18,43.791,NO5
2025-03-09,19,43.238,NO5
2025-03-09,20,43.555,NO5
2025-03-09,21,44.261,NO5
2025-03-09,22,43.379000000000005,NO5
2025-03-09,23,42.474,NO5
2025-03-09,24,41.874,NO5
2025-03-10,1,39.866,NO5
2025-03-10,2,39.983,NO5
2025-03-10,3,40.076,NO5
2025-03-10,4,39.925,NO5
2025-03-10,5,38.022000000000006,NO5
2025-03-10,6,39.260000000000005,NO5
2025-03-10,7,44.465,NO5
2025-03-10,8,46.425,NO5
2025-03-10,9,41.955,NO5
2025-03-10,10,42.796,NO5
2025-03-10,11,44.36,NO5
2025-03-10,12,43.321,NO5
2025-03-10,13,43.134,NO5
2025-03-10,14,42.947,NO5
2025-03-10,15,43.508,NO5
2025-03-10,16,43.706,NO5
2025-03-10,17,43.554,NO5
2025-03-10,18,43.636,NO5
2025-03-10,19,44.605,NO5
2025-03-10,20,45.223,NO5
2025-03-10,21,44.208,NO5
2025-03-10,22,44.079,NO5
2025-03-10,23,43.426,NO5
2025-03-10,24,42.025,NO5
2025-03-11,1,42.429,NO5
2025-03-11,2,42.115,NO5
2025-03-11,3,42.208,NO5
2025-03-11,4,42.371,NO5
2025-03-11,5,42.429,NO5
2025-03-11,6,43.162,NO5
2025-03-11,7,44.302,NO5
2025-03-11,8,45.093,NO5
2025-03-11,9,44.977,NO5
2025-03-11,10,45.186,NO5
2025-03-11,11,45.919,NO5
2025-03-11,12,45.477,NO5
2025-03-11,13,95.713,NO5
2025-03-11,14,88.837,NO5
2025-03-11,15,45.175,NO5
2025-03-11,16,45.884,NO5
2025-03-11,17,45.466,NO5
2025-03-11,18,45.547,NO5
2025-03-11,19,47.746,NO5
2025-03-11,20,47.897000000000006,NO5
2025-03-11,21,47.862,NO5
2025-03-11,22,48.293,NO5
2025-03-11,23,45.791,NO5
2025-03-11,24,44.57,NO5
2025-03-12,1,45.691,NO5
2025-03-12,2,45.378,NO5
2025-03-12,3,45.563,NO5
2025-03-12,4,45.552,NO5
2025-03-12,5,45.807,NO5
2025-03-12,6,46.33,NO5
2025-03-12,7,46.434,NO5
2025-03-12,8,47.467,NO5
2025-03-12,9,104.941,NO5
2025-03-12,10,80.76,NO5
2025-03-12,11,48.524,NO5
2025-03-12,12,48.651,NO5
2025-03-12,13,48.198,NO5
2025-03-12,14,46.388,NO5
2025-03-12,15,47.072,NO5
2025-03-12,16,46.225,NO5
2025-03-12,17,46.260000000000005,NO5
2025-03-12,18,48.361,NO5
2025-03-12,19,47.467,NO5
2025-03-12,20,46.411,NO5
2025-03-12,21,46.341,NO5
2025-03-12,22,46.504000000000005,NO5
2025-03-12,23,46.376,NO5
2025-03-12,24,45.946,NO5
2025-03-13,1,49.231,NO5
2025-03-13,2,48.431,NO5
2025-03-13,3,48.246,NO5
2025-03-13,4,48.269,NO5
2025-03-13,5,48.478,NO5
2025-03-13,6,77.819,NO5
2025-03-13,7,139.831,NO5
2025-03-13,8,183.542,NO5
2025-03-13,9,176.897,NO5
2025-03-13,10,140.991,NO5
2025-03-13,11,105.421,NO5
2025-03-13,12,104.58599999999998,NO5
2025-03-13,13,93.279,NO5
2025-03-13,14,70.23400000000001,NO5
2025-03-13,15,91.261,NO5
2025-03-13,16,82.586,NO5
2025-03-13,17,61.096,NO5
2025-03-13,18,49.046,NO5
2025-03-13,19,48.443,NO5
2025-03-13,20,48.443,NO5
2025-03-13,21,48.478,NO5
2025-03-13,22,48.257,NO5
2025-03-13,23,48.211,NO5
2025-03-13,24,48.06,NO5
2025-03-14,1,48.618,NO5
2025-03-14,2,49.873000000000005,NO5
2025-03-14,3,49.315,NO5
2025-03-14,4,49.095,NO5
2025-03-14,5,49.687,NO5
2025-03-14,6,49.722,NO5
2025-03-14,7,54.21900000000001,NO5
2025-03-14,8,59.622,NO5
2025-03-14,9,89.149,NO5
2025-03-14,10,68.372,NO5
2025-03-14,11,57.321000000000005,NO5
2025-03-14,12,51.012,NO5
2025-03-14,13,51.883,NO5
2025-03-14,14,48.769,NO5
2025-03-14,15,50.884,NO5
2025-03-14,16,49.954,NO5
2025-03-14,17,49.966,NO5
2025-03-14,18,52.720000000000006,NO5
2025-03-14,19,51.349,NO5
2025-03-14,20,64.596,NO5
2025-03-14,21,56.45,NO5
2025-03-14,22,48.688,NO5
2025-03-14,23,48.165,NO5
2025-03-14,24,48.246,NO5
2025-03-15,1,49.048,NO5
2025-03-15,2,48.583,NO5
2025-03-15,3,47.758,NO5
2025-03-15,4,47.398,NO5
2025-03-15,5,47.154,NO5
2025-03-15,6,47.537,NO5
2025-03-15,7,47.584,NO5
2025-03-15,8,47.747,NO5
2025-03-15,9,47.444,NO5
2025-03-15,10,47.921,NO5
2025-03-15,11,47.619,NO5
2025-03-15,12,47.107,NO5
2025-03-15,13,46.643,NO5
2025-03-15,14,46.271,NO5
2025-03-15,15,46.108,NO5
2025-03-15,16,46.736,NO5
2025-03-15,17,47.096,NO5
2025-03-15,18,47.723,NO5
2025-03-15,19,47.526,NO5
2025-03-15,20,46.759,NO5
2025-03-15,21,46.445,NO5
2025-03-15,22,46.364,NO5
2025-03-15,23,45.597,NO5
2025-03-15,24,45.504000000000005,NO5
2025-03-16,1,45.295,NO5
2025-03-16,2,44.005,NO5
2025-03-16,3,43.68,NO5
2025-03-16,4,43.854,NO5
2025-03-16,5,43.97,NO5
2025-03-16,6,46.341,NO5
2025-03-16,7,46.852,NO5
2025-03-16,8,47.398,NO5
2025-03-16,9,46.98,NO5
2025-03-16,10,44.435,NO5
2025-03-16,11,39.38,NO5
2025-03-16,12,36.696,NO5
2025-03-16,13,34.128,NO5
2025-03-16,14,37.161,NO5
2025-03-16,15,41.112,NO5
2025-03-16,16,45.097,NO5
2025-03-16,17,47.863,NO5
2025-03-16,18,48.258,NO5
2025-03-16,19,48.548,NO5
2025-03-16,20,48.409,NO5
2025-03-16,21,48.339,NO5
2025-03-16,22,48.269,NO5
2025-03-16,23,48.037,NO5
2025-03-16,24,47.723,NO5
2025-03-17,1,47.52,NO5
2025-03-17,2,47.45,NO5
2025-03-17,3,47.6,NO5
2025-03-17,4,47.727,NO5
2025-03-17,5,48.038,NO5
2025-03-17,6,48.788,NO5
2025-03-17,7,50.471,NO5
2025-03-17,8,58.252,NO5
2025-03-17,9,51.67,NO5
2025-03-17,10,49.894,NO5
2025-03-17,11,48.892,NO5
2025-03-17,12,48.015,NO5
2025-03-17,13,46.448,NO5
2025-03-17,14,46.816,NO5
2025-03-17,15,47.347,NO5
2025-03-17,16,47.45,NO5
2025-03-17,17,47.842,NO5
2025-03-17,18,51.589,NO5
2025-03-17,19,59.82000000000001,NO5
2025-03-17,20,59.544,NO5
2025-03-17,21,48.684,NO5
2025-03-17,22,47.981,NO5
2025-03-17,23,47.393,NO5
2025-03-17,24,47.012,NO5
2025-03-18,1,49.34,NO5
2025-03-18,2,49.19,NO5
2025-03-18,3,48.591,NO5
2025-03-18,4,48.579,NO5
2025-03-18,5,48.556,NO5
2025-03-18,6,48.418,NO5
2025-03-18,7,50.689,NO5
2025-03-18,8,52.983,NO5
2025-03-18,9,50.055,NO5
2025-03-18,10,49.593,NO5
2025-03-18,11,47.703,NO5
2025-03-18,12,44.89,NO5
2025-03-18,13,41.017,NO5
2025-03-18,14,42.896,NO5
2025-03-18,15,44.302,NO5
2025-03-18,16,48.637,NO5
2025-03-18,17,49.582,NO5
2025-03-18,18,50.447,NO5
2025-03-18,19,50.608,NO5
2025-03-18,20,50.758,NO5
2025-03-18,21,50.539,NO5
2025-03-18,22,50.032,NO5
2025-03-18,23,49.674,NO5
2025-03-18,24,48.671,NO5
2025-03-19,1,48.712,NO5
2025-03-19,2,48.517,NO5
2025-03-19,3,48.471,NO5
2025-03-19,4,48.632,NO5
2025-03-19,5,48.758,NO5
2025-03-19,6,49.541,NO5
2025-03-19,7,49.828,NO5
2025-03-19,8,50.645,NO5
2025-03-19,9,50.426,NO5
2025-03-19,10,49.989,NO5
2025-03-19,11,47.665,NO5
2025-03-19,12,43.8,NO5
2025-03-19,13,39.336,NO5
2025-03-19,14,42.753,NO5
2025-03-19,15,45.456,NO5
2025-03-19,16,49.287,NO5
2025-03-19,17,48.379000000000005,NO5
2025-03-19,18,53.912,NO5
2025-03-19,19,74.483,NO5
2025-03-19,20,57.260000000000005,NO5
2025-03-19,21,50.07,NO5
2025-03-19,22,49.541,NO5
2025-03-19,23,49.172,NO5
2025-03-19,24,49.345,NO5
2025-03-20,1,50.289,NO5
2025-03-20,2,49.84,NO5
2025-03-20,3,49.886,NO5
2025-03-20,4,49.748000000000005,NO5
2025-03-20,5,49.656,NO5
2025-03-20,6,49.104,NO5
2025-03-20,7,51.658,NO5
2025-03-20,8,53.935,NO5
2025-03-20,9,51.94500000000001,NO5
2025-03-20,10,51.79600000000001,NO5
2025-03-20,11,50.669,NO5
2025-03-20,12,47.264,NO5
2025-03-20,13,43.284,NO5
2025-03-20,14,44.388,NO5
2025-03-20,15,46.436,NO5
2025-03-20,16,49.484,NO5
2025-03-20,17,49.829,NO5
2025-03-20,18,56.753,NO5
2025-03-20,19,96.863,NO5
2025-03-20,20,76.756,NO5
2025-03-20,21,54.41799999999999,NO5
2025-03-20,22,52.417,NO5
2025-03-20,23,50.381,NO5
2025-03-20,24,50.047,NO5
2025-03-21,1,52.228,NO5
2025-03-21,2,51.761,NO5
2025-03-21,3,52.057,NO5
2025-03-21,4,51.966,NO5
2025-03-21,5,52.034000000000006,NO5
2025-03-21,6,53.972,NO5
2025-03-21,7,68.828,NO5
2025-03-21,8,103.783,NO5
2025-03-21,9,59.639,NO5
2025-03-21,10,56.104,NO5
2025-03-21,11,50.632,NO5
2025-03-21,12,46.345,NO5
2025-03-21,13,42.172,NO5
2025-03-21,14,32.105000000000004,NO5
2025-03-21,15,36.517,NO5
2025-03-21,16,41.249,NO5
2025-03-21,17,47.816,NO5
2025-03-21,18,49.868,NO5
2025-03-21,19,50.518,NO5
2025-03-21,20,50.848,NO5
2025-03-21,21,49.765,NO5
2025-03-21,22,46.334,NO5
2025-03-21,23,42.845,NO5
2025-03-21,24,29.643,NO5
2025-03-22,1,31.615,NO5
2025-03-22,2,21.183,NO5
2025-03-22,3,17.546,NO5
2025-03-22,4,15.562,NO5
2025-03-22,5,17.09,NO5
2025-03-22,6,17.102,NO5
2025-03-22,7,21.628,NO5
2025-03-22,8,21.662,NO5
2025-03-22,9,34.294,NO5
2025-03-22,10,37.315,NO5
2025-03-22,11,37.236,NO5
2025-03-22,12,40.211,NO5
2025-03-22,13,41.853,NO5
2025-03-22,14,39.356,NO5
2025-03-22,15,34.499,NO5
2025-03-22,16,30.783,NO5
2025-03-22,17,28.913,NO5
2025-03-22,18,38.832,NO5
2025-03-22,19,42.435,NO5
2025-03-22,20,45.057,NO5
2025-03-22,21,41.169,NO5
2025-03-22,22,37.783,NO5
2025-03-22,23,37.806,NO5
2025-03-22,24,36.346,NO5
2025-03-23,1,32.698,NO5
2025-03-23,2,26.929,NO5
2025-03-23,3,28.274,NO5
2025-03-23,4,29.529000000000003,NO5
2025-03-23,5,30.498,NO5
2025-03-23,6,30.646,NO5
2025-03-23,7,31.307,NO5
2025-03-23,8,31.284,NO5
2025-03-23,9,34.249,NO5
2025-03-23,10,37.988,NO5
2025-03-23,11,40.77,NO5
2025-03-23,12,36.723,NO5
2025-03-23,13,35.491,NO5
2025-03-23,14,39.436,NO5
2025-03-23,15,41.978,NO5
2025-03-23,16,43.643,NO5
2025-03-23,17,46.448,NO5
2025-03-23,18,49.617,NO5
2025-03-23,19,48.534,NO5
2025-03-23,20,48.557,NO5
2025-03-23,21,49.184,NO5
2025-03-23,22,49.651,NO5
2025-03-23,23,49.857,NO5
2025-03-23,24,49.378,NO5
2025-03-24,1,48.272000000000006,NO5
2025-03-24,2,48.124,NO5
2025-03-24,3,48.078,NO5
2025-03-24,4,48.329,NO5
2025-03-24,5,49.0,NO5
2025-03-24,6,50.73,NO5
2025-03-24,7,57.694,NO5
2025-03-24,8,73.102,NO5
2025-03-24,9,69.13,NO5
2025-03-24,10,56.351,NO5
2025-03-24,11,54.65599999999999,NO5
2025-03-24,12,53.028,NO5
2025-03-24,13,53.108,NO5
2025-03-24,14,52.778,NO5
2025-03-24,15,51.970000000000006,NO5
2025-03-24,16,52.016,NO5
2025-03-24,17,56.374,NO5
2025-03-24,18,66.20599999999999,NO5
2025-03-24,19,90.695,NO5
2025-03-24,20,81.671,NO5
2025-03-24,21,54.678,NO5
2025-03-24,22,52.539,NO5
2025-03-24,23,50.935,NO5
2025-03-24,24,49.967,NO5
2025-03-25,1,51.105,NO5
2025-03-25,2,50.314,NO5
2025-03-25,3,49.341,NO5
2025-03-25,4,49.726,NO5
2025-03-25,5,50.121,NO5
2025-03-25,6,51.32000000000001,NO5
2025-03-25,7,52.88099999999999,NO5
2025-03-25,8,53.786,NO5
2025-03-25,9,54.125,NO5
2025-03-25,10,54.023,NO5
2025-03-25,11,53.91,NO5
2025-03-25,12,53.051,NO5
2025-03-25,13,52.926,NO5
2025-03-25,14,52.214,NO5
2025-03-25,15,52.27,NO5
2025-03-25,16,51.54600000000001,NO5
2025-03-25,17,50.483,NO5
2025-03-25,18,50.981,NO5
2025-03-25,19,53.084,NO5
2025-03-25,20,50.596,NO5
2025-03-25,21,51.049,NO5
2025-03-25,22,51.20700000000001,NO5
2025-03-25,23,51.705,NO5
2025-03-25,24,51.75,NO5
2025-03-26,1,52.374,NO5
2025-03-26,2,51.772000000000006,NO5
2025-03-26,3,51.84,NO5
2025-03-26,4,51.545,NO5
2025-03-26,5,51.522000000000006,NO5
2025-03-26,6,50.977,NO5
2025-03-26,7,52.101,NO5
2025-03-26,8,54.986,NO5
2025-03-26,9,54.169,NO5
2025-03-26,10,51.738,NO5
2025-03-26,11,51.772000000000006,NO5
2025-03-26,12,51.715,NO5
2025-03-26,13,51.34,NO5
2025-03-26,14,51.761,NO5
2025-03-26,15,51.772000000000006,NO5
2025-03-26,16,51.852,NO5
2025-03-26,17,51.624,NO5
2025-03-26,18,55.577,NO5
2025-03-26,19,60.143,NO5
2025-03-26,20,65.607,NO5
2025-03-26,21,59.632000000000005,NO5
2025-03-26,22,53.658,NO5
2025-03-26,23,51.761,NO5
2025-03-26,24,52.34,NO5
2025-03-27,1,52.79299999999999,NO5
2025-03-27,2,52.225,NO5
2025-03-27,3,51.25,NO5
2025-03-27,4,50.603,NO5
2025-03-27,5,50.83,NO5
2025-03-27,6,52.41799999999999,NO5
2025-03-27,7,53.314,NO5
2025-03-27,8,55.697,NO5
2025-03-27,9,56.80800000000001,NO5
2025-03-27,10,54.347,NO5
2025-03-27,11,53.575,NO5
2025-03-27,12,51.84,NO5
2025-03-27,13,45.295,NO5
2025-03-27,14,43.117,NO5
2025-03-27,15,47.79,NO5
2025-03-27,16,52.498000000000005,NO5
2025-03-27,17,51.81699999999999,NO5
2025-03-27,18,52.396,NO5
2025-03-27,19,53.405,NO5
2025-03-27,20,52.929,NO5
2025-03-27,21,52.917,NO5
2025-03-27,22,52.679,NO5
2025-03-27,23,51.42,NO5
2025-03-27,24,50.127,NO5
2025-03-28,1,47.751,NO5
2025-03-28,2,43.99,NO5
2025-03-28,3,42.375,NO5
2025-03-28,4,41.426,NO5
2025-03-28,5,42.465,NO5
2025-03-28,6,47.073,NO5
2025-03-28,7,50.721,NO5
2025-03-28,8,52.370000000000005,NO5
2025-03-28,9,52.427,NO5
2025-03-28,10,48.53,NO5
2025-03-28,11,43.99,NO5
2025-03-28,12,44.871,NO5
2025-03-28,13,41.042,NO5
2025-03-28,14,41.709,NO5
2025-03-28,15,44.510000000000005,NO5
2025-03-28,16,45.436,NO5
2025-03-28,17,49.987,NO5
2025-03-28,18,51.986,NO5
2025-03-28,19,48.485,NO5
2025-03-28,20,52.077,NO5
2025-03-28,21,51.275,NO5
2025-03-28,22,47.74,NO5
2025-03-28,23,41.009,NO5
2025-03-28,24,39.8,NO5
2025-03-29,1,24.802,NO5
2025-03-29,2,22.441,NO5
2025-03-29,3,23.22,NO5
2025-03-29,4,36.118,NO5
2025-03-29,5,43.211,NO5
2025-03-29,6,45.402,NO5
2025-03-29,7,44.193,NO5
2025-03-29,8,42.94,NO5
2025-03-29,9,45.842,NO5
2025-03-29,10,48.18,NO5
2025-03-29,11,48.079,NO5
2025-03-29,12,48.734,NO5
2025-03-29,13,46.554,NO5
2025-03-29,14,37.18,NO5
2025-03-29,15,21.775,NO5
2025-03-29,16,36.118,NO5
2025-03-29,17,48.53,NO5
2025-03-29,18,52.720000000000006,NO5
2025-03-29,19,49.615,NO5
2025-03-29,20,49.965,NO5
2025-03-29,21,48.158,NO5
2025-03-29,22,49.908,NO5
2025-03-29,23,49.682,NO5
2025-03-29,24,48.033,NO5
2025-03-30,1,46.384,NO5
2025-03-30,2,32.583,NO5
2025-03-30,4,14.321000000000002,NO5
2025-03-30,5,4.686999999999999,NO5
2025-03-30,6,16.975,NO5
2025-03-30,7,9.43,NO5
2025-03-30,8,18.511000000000003,NO5
2025-03-30,9,29.093,NO5
2025-03-30,10,20.781,NO5
2025-03-30,11,47.582,NO5
2025-03-30,12,47.977,NO5
2025-03-30,13,50.676,NO5
2025-03-30,14,5.274,NO5
2025-03-30,15,11.35,NO5
2025-03-30,16,22.091,NO5
2025-03-30,17,21.628,NO5
2025-03-30,18,19.268,NO5
2025-03-30,19,40.297,NO5
2025-03-30,20,47.875,NO5
2025-03-30,21,49.75,NO5
2025-03-30,22,50.484,NO5
2025-03-30,23,52.088,NO5
2025-03-30,24,48.971,NO5
2025-03-31,1,50.251,NO5
2025-03-31,2,49.179,NO5
2025-03-31,3,48.106,NO5
2025-03-31,4,46.919,NO5
2025-03-31,5,47.969,NO5
2025-03-31,6,48.243,NO5
2025-03-31,7,53.013,NO5
2025-03-31,8,57.978,NO5
2025-03-31,9,62.144000000000005,NO5
2025-03-31,10,52.717,NO5
2025-03-31,11,55.273,NO5
2025-03-31,12,53.983,NO5
2025-03-31,13,54.52,NO5
2025-03-31,14,54.94199999999999,NO5
2025-03-31,15,53.584,NO5
2025-03-31,16,54.80499999999999,NO5
2025-03-31,17,50.845,NO5
2025-03-31,18,52.032,NO5
2025-03-31,19,56.54,NO5
2025-03-31,20,65.933,NO5
2025-03-31,21,57.841,NO5
2025-03-31,22,55.364,NO5
2025-03-31,23,52.876,NO5
2025-03-31,24,48.973,NO5
2025-04-01,1,51.553,NO5
2025-04-01,2,50.014,NO5
2025-04-01,3,52.64,NO5
2025-04-01,4,53.217,NO5
2025-04-01,5,53.274,NO5
2025-04-01,6,55.424,NO5
2025-04-01,7,63.449,NO5
2025-04-01,8,122.359,NO5
2025-04-01,9,145.459,NO5
2025-04-01,10,92.955,NO5
2025-04-01,11,70.534,NO5
2025-04-01,12,57.79,NO5
2025-04-01,13,52.516,NO5
2025-04-01,14,46.245,NO5
2025-04-01,15,41.843,NO5
2025-04-01,16,47.853,NO5
2025-04-01,17,52.051,NO5
2025-04-01,18,56.103,NO5
2025-04-01,19,77.46000000000001,NO5
2025-04-01,20,63.63,NO5
2025-04-01,21,59.25,NO5
2025-04-01,22,60.857000000000006,NO5
2025-04-01,23,56.375,NO5
2025-04-01,24,53.874,NO5
2025-04-02,1,55.313,NO5
2025-04-02,2,54.456,NO5
2025-04-02,3,54.33200000000001,NO5
2025-04-02,4,54.941,NO5
2025-04-02,5,55.583000000000006,NO5
2025-04-02,6,58.616,NO5
2025-04-02,7,64.58,NO5
2025-04-02,8,131.844,NO5
2025-04-02,9,108.878,NO5
2025-04-02,10,59.462,NO5
2025-04-02,11,52.956,NO5
2025-04-02,12,48.447,NO5
2025-04-02,13,45.245,NO5
2025-04-02,14,37.510000000000005,NO5
2025-04-02,15,27.521,NO5
2025-04-02,16,28.581,NO5
2025-04-02,17,40.194,NO5
2025-04-02,18,49.675,NO5
2025-04-02,19,55.189,NO5
2025-04-02,20,58.853,NO5
2025-04-02,21,58.661,NO5
2025-04-02,22,58.109,NO5
2025-04-02,23,56.508,NO5
2025-04-02,24,54.726,NO5
2025-04-03,1,55.518,NO5
2025-04-03,2,55.016,NO5
2025-04-03,3,54.70700000000001,NO5
2025-04-03,4,56.05499999999999,NO5
2025-04-03,5,56.992,NO5
2025-04-03,6,58.328,NO5
2025-04-03,7,63.286,NO5
2025-04-03,8,119.695,NO5
2025-04-03,9,93.467,NO5
2025-04-03,10,59.985,NO5
2025-04-03,11,52.948,NO5
2025-04-03,12,47.533,NO5
2025-04-03,13,42.164,NO5
2025-04-03,14,33.379000000000005,NO5
2025-04-03,15,26.388,NO5
2025-04-03,16,31.632,NO5
2025-04-03,17,45.66,NO5
2025-04-03,18,54.022000000000006,NO5
2025-04-03,19,57.095000000000006,NO5
2025-04-03,20,57.769000000000005,NO5
2025-04-03,21,58.02,NO5
2025-04-03,22,57.220000000000006,NO5
2025-04-03,23,54.205,NO5
2025-04-03,24,52.023,NO5
2025-04-04,1,48.315,NO5
2025-04-04,2,46.738,NO5
2025-04-04,3,46.738,NO5
2025-04-04,4,46.749,NO5
2025-04-04,5,46.749,NO5
2025-04-04,6,51.901,NO5
2025-04-04,7,56.959,NO5
2025-04-04,8,58.337,NO5
2025-04-04,9,57.718,NO5
2025-04-04,10,56.842,NO5
2025-04-04,11,54.109,NO5
2025-04-04,12,48.981,NO5
2025-04-04,13,47.684,NO5
2025-04-04,14,40.068,NO5
2025-04-04,15,42.404,NO5
2025-04-04,16,42.31,NO5
2025-04-04,17,50.791,NO5
2025-04-04,18,49.623000000000005,NO5
2025-04-04,19,51.749,NO5
2025-04-04,20,52.59,NO5
2025-04-04,21,51.107,NO5
2025-04-04,22,50.254000000000005,NO5
2025-04-04,23,48.992,NO5
2025-04-04,24,47.322,NO5
2025-04-05,1,34.916000000000004,NO5
2025-04-05,2,35.045,NO5
2025-04-05,3,34.834,NO5
2025-04-05,4,30.535000000000004,NO5
2025-04-05,5,34.262,NO5
2025-04-05,6,35.558,NO5
2025-04-05,7,39.717,NO5
2025-04-05,8,46.294,NO5
2025-04-05,9,46.703,NO5
2025-04-05,10,49.705,NO5
2025-04-05,11,48.537,NO5
2025-04-05,12,38.105,NO5
2025-04-05,13,42.053,NO5
2025-04-05,14,31.949,NO5
2025-04-05,15,23.059,NO5
2025-04-05,16,24.578,NO5
2025-04-05,17,37.953,NO5
2025-04-05,18,44.203,NO5
2025-04-05,19,47.345,NO5
2025-04-05,20,48.618,NO5
2025-04-05,21,52.286,NO5
2025-04-05,22,51.679,NO5
2025-04-05,23,50.908,NO5
2025-04-05,24,47.929,NO5
2025-04-06,1,50.768,NO5
2025-04-06,2,50.931,NO5
2025-04-06,3,50.709,NO5
2025-04-06,4,50.826,NO5
2025-04-06,5,50.92,NO5
2025-04-06,6,51.586,NO5
2025-04-06,7,51.667,NO5
2025-04-06,8,51.702,NO5
2025-04-06,9,47.964,NO5
2025-04-06,10,46.294,NO5
2025-04-06,11,41.902,NO5
2025-04-06,12,34.799,NO5
2025-04-06,13,40.033,NO5
2025-04-06,14,40.85,NO5
2025-04-06,15,41.434,NO5
2025-04-06,16,45.815,NO5
2025-04-06,17,45.348,NO5
2025-04-06,18,43.876,NO5
2025-04-06,19,51.44500000000001,NO5
2025-04-06,20,54.015,NO5
2025-04-06,21,54.179,NO5
2025-04-06,22,53.95700000000001,NO5
2025-04-06,23,52.368,NO5
2025-04-06,24,50.838,NO5
2025-04-07,1,52.6,NO5
2025-04-07,2,52.791,NO5
2025-04-07,3,52.301,NO5
2025-04-07,4,49.575,NO5
2025-04-07,5,52.68300000000001,NO5
2025-04-07,6,53.31699999999999,NO5
2025-04-07,7,56.401,NO5
2025-04-07,8,46.945,NO5
2025-04-07,9,55.278,NO5
2025-04-07,10,57.358,NO5
2025-04-07,11,61.637,NO5
2025-04-07,12,55.493,NO5
2025-04-07,13,47.89,NO5
2025-04-07,14,46.527,NO5
2025-04-07,15,44.005,NO5
2025-04-07,16,52.779,NO5
2025-04-07,17,52.552,NO5
2025-04-07,18,45.857,NO5
2025-04-07,19,47.161,NO5
2025-04-07,20,54.453,NO5
2025-04-07,21,54.345000000000006,NO5
2025-04-07,22,55.995000000000005,NO5
2025-04-07,23,56.162,NO5
2025-04-07,24,56.114,NO5
2025-04-08,1,55.689,NO5
2025-04-08,2,55.88099999999999,NO5
2025-04-08,3,55.379,NO5
2025-04-08,4,55.606,NO5
2025-04-08,5,55.55800000000001,NO5
2025-04-08,6,55.343,NO5
2025-04-08,7,56.717,NO5
2025-04-08,8,89.079,NO5
2025-04-08,9,82.148,NO5
2025-04-08,10,55.032,NO5
2025-04-08,11,62.979,NO5
2025-04-08,12,55.343,NO5
2025-04-08,13,49.105,NO5
2025-04-08,14,44.181,NO5
2025-04-08,15,47.324,NO5
2025-04-08,16,53.335,NO5
2025-04-08,17,53.419,NO5
2025-04-08,18,55.964,NO5
2025-04-08,19,56.968,NO5
2025-04-08,20,56.394000000000005,NO5
2025-04-08,21,56.693,NO5
2025-04-08,22,55.976,NO5
2025-04-08,23,53.658,NO5
2025-04-08,24,49.033,NO5
2025-04-09,1,47.193,NO5
2025-04-09,2,46.818,NO5
2025-04-09,3,46.527,NO5
2025-04-09,4,43.182,NO5
2025-04-09,5,42.952,NO5
2025-04-09,6,46.587,NO5
2025-04-09,7,51.205,NO5
2025-04-09,8,53.92,NO5
2025-04-09,9,53.374,NO5
2025-04-09,10,52.986,NO5
2025-04-09,11,51.144,NO5
2025-04-09,12,51.169,NO5
2025-04-09,13,40.528,NO5
2025-04-09,14,23.997,NO5
2025-04-09,15,30.262,NO5
2025-04-09,16,42.515,NO5
2025-04-09,17,47.484,NO5
2025-04-09,18,49.46,NO5
2025-04-09,19,49.205,NO5
2025-04-09,20,49.351,NO5
2025-04-09,21,50.647000000000006,NO5
2025-04-09,22,53.653,NO5
2025-04-09,23,51.968,NO5
2025-04-09,24,50.078,NO5
2025-04-10,1,44.991,NO5
2025-04-10,2,45.003,NO5
2025-04-10,3,45.026,NO5
2025-04-10,4,45.661,NO5
2025-04-10,5,48.956,NO5
2025-04-10,6,49.939,NO5
2025-04-10,7,60.123000000000005,NO5
2025-04-10,8,150.536,NO5
2025-04-10,9,120.642,NO5
2025-04-10,10,64.401,NO5
2025-04-10,11,56.577,NO5
2025-04-10,12,52.0,NO5
2025-04-10,13,49.4,NO5
2025-04-10,14,35.801,NO5
2025-04-10,15,24.957,NO5
2025-04-10,16,24.047,NO5
2025-04-10,17,42.187,NO5
2025-04-10,18,48.010000000000005,NO5
2025-04-10,19,48.777,NO5
2025-04-10,20,47.411,NO5
2025-04-10,21,44.367,NO5
2025-04-10,22,42.786,NO5
2025-04-10,23,39.719,NO5
2025-04-10,24,29.151,NO5
2025-04-11,1,23.402,NO5
2025-04-11,2,18.586,NO5
2025-04-11,3,18.574,NO5
2025-04-11,4,16.662,NO5
2025-04-11,5,22.495,NO5
2025-04-11,6,29.404000000000003,NO5
2025-04-11,7,48.039,NO5
2025-04-11,8,55.868,NO5
2025-04-11,9,63.056,NO5
2025-04-11,10,54.053,NO5
2025-04-11,11,39.75,NO5
2025-04-11,12,17.8,NO5
2025-04-11,13,17.122,NO5
2025-04-11,14,22.785,NO5
2025-04-11,15,21.95,NO5
2025-04-11,16,21.382,NO5
2025-04-11,17,32.308,NO5
2025-04-11,18,44.227,NO5
2025-04-11,19,49.552,NO5
2025-04-11,20,49.273,NO5
2025-04-11,21,48.959,NO5
2025-04-11,22,47.192,NO5
2025-04-11,23,44.784,NO5
2025-04-11,24,41.081,NO5
2025-04-12,1,42.11,NO5
2025-04-12,2,39.375,NO5
2025-04-12,3,39.448,NO5
2025-04-12,4,39.46,NO5
2025-04-12,5,41.347,NO5
2025-04-12,6,41.456,NO5
2025-04-12,7,42.291,NO5
2025-04-12,8,42.243,NO5
2025-04-12,9,42.122,NO5
2025-04-12,10,43.755,NO5
2025-04-12,11,42.364,NO5
2025-04-12,12,46.079,NO5
2025-04-12,13,40.379000000000005,NO5
2025-04-12,14,40.113,NO5
2025-04-12,15,41.505,NO5
2025-04-12,16,42.945,NO5
2025-04-12,17,44.772000000000006,NO5
2025-04-12,18,42.703,NO5
2025-04-12,19,46.381,NO5
2025-04-12,20,46.466,NO5
2025-04-12,21,47.628,NO5
2025-04-12,22,46.986,NO5
2025-04-12,23,46.466,NO5
2025-04-12,24,44.627,NO5
2025-04-13,1,45.425,NO5
2025-04-13,2,44.203,NO5
2025-04-13,3,33.894,NO5
2025-04-13,4,26.924,NO5
2025-04-13,5,28.956,NO5
2025-04-13,6,31.764,NO5
2025-04-13,7,33.107,NO5
2025-04-13,8,31.352,NO5
2025-04-13,9,16.953,NO5
2025-04-13,10,7.454000000000001,NO5
2025-04-13,11,3.3520000000000003,NO5
2025-04-13,12,1.682,NO5
2025-04-13,13,4.477,NO5
2025-04-13,14,4.985,NO5
2025-04-13,15,6.994,NO5
2025-04-13,16,10.334,NO5
2025-04-13,17,25.774,NO5
2025-04-13,18,31.933,NO5
2025-04-13,19,40.803,NO5
2025-04-13,20,41.166,NO5
2025-04-13,21,42.231,NO5
2025-04-13,22,37.354,NO5
2025-04-13,23,33.881,NO5
2025-04-13,24,24.552,NO5
2025-04-14,1,16.6,NO5
2025-04-14,2,16.059,NO5
2025-04-14,3,15.867,NO5
2025-04-14,4,17.935,NO5
2025-04-14,5,17.753999999999998,NO5
2025-04-14,6,22.839,NO5
2025-04-14,7,37.829,NO5
2025-04-14,8,44.524,NO5
2025-04-14,9,44.945,NO5
2025-04-14,10,43.466,NO5
2025-04-14,11,39.764,NO5
2025-04-14,12,32.215,NO5
2025-04-14,13,30.051,NO5
2025-04-14,14,28.933,NO5
2025-04-14,15,25.411,NO5
2025-04-14,16,28.032,NO5
2025-04-14,17,36.987,NO5
2025-04-14,18,38.946,NO5
2025-04-14,19,41.627,NO5
2025-04-14,20,44.728,NO5
2025-04-14,21,45.738,NO5
2025-04-14,22,44.812,NO5
2025-04-14,23,44.512,NO5
2025-04-14,24,43.454,NO5
2025-04-15,1,41.832,NO5
2025-04-15,2,41.772000000000006,NO5
2025-04-15,3,41.509,NO5
2025-04-15,4,41.413,NO5
2025-04-15,5,41.222,NO5
2025-04-15,6,41.018,NO5
2025-04-15,7,42.203,NO5
2025-04-15,8,45.304,NO5
2025-04-15,9,42.191,NO5
2025-04-15,10,41.617,NO5
2025-04-15,11,34.337,NO5
2025-04-15,12,29.943,NO5
2025-04-15,13,25.238,NO5
2025-04-15,14,20.353,NO5
2025-04-15,15,6.369,NO5
2025-04-15,16,24.28,NO5
2025-04-15,17,29.967,NO5
2025-04-15,18,33.775,NO5
2025-04-15,19,29.943,NO5
2025-04-15,20,34.625,NO5
2025-04-15,21,40.491,NO5
2025-04-15,22,40.803,NO5
2025-04-15,23,38.013,NO5
2025-04-15,24,25.238,NO5
2025-04-16,1,22.334,NO5
2025-04-16,2,16.769,NO5
2025-04-16,3,16.25,NO5
2025-04-16,4,17.759,NO5
2025-04-16,5,24.628,NO5
2025-04-16,6,33.175,NO5
2025-04-16,7,38.596,NO5
2025-04-16,8,41.928,NO5
2025-04-16,9,42.061,NO5
2025-04-16,10,41.505,NO5
2025-04-16,11,41.047,NO5
2025-04-16,12,38.173,NO5
2025-04-16,13,36.073,NO5
2025-04-16,14,28.262,NO5
2025-04-16,15,32.137,NO5
2025-04-16,16,40.515,NO5
2025-04-16,17,41.843,NO5
2025-04-16,18,41.855,NO5
2025-04-16,19,37.799,NO5
2025-04-16,20,37.256,NO5
2025-04-16,21,39.393,NO5
2025-04-16,22,42.483,NO5
2025-04-16,23,42.23,NO5
2025-04-16,24,41.372,NO5
2025-04-17,1,35.843,NO5
2025-04-17,2,34.938,NO5
2025-04-17,3,34.382,NO5
2025-04-17,4,37.473,NO5
2025-04-17,5,37.256,NO5
2025-04-17,6,41.155,NO5
2025-04-17,7,41.843,NO5
2025-04-17,8,41.517,NO5
2025-04-17,9,36.0,NO5
2025-04-17,10,33.537,NO5
2025-04-17,11,35.867000000000004,NO5
2025-04-17,12,33.525,NO5
2025-04-17,13,33.815,NO5
2025-04-17,14,26.125,NO5
2025-04-17,15,30.23,NO5
2025-04-17,16,33.827,NO5
2025-04-17,17,33.827,NO5
2025-04-17,18,40.25,NO5
2025-04-17,19,39.115,NO5
2025-04-17,20,41.372,NO5
2025-04-17,21,41.409,NO5
2025-04-17,22,41.216,NO5
2025-04-17,23,36.93,NO5
2025-04-17,24,35.855000000000004,NO5
2025-04-18,1,31.111,NO5
2025-04-18,2,33.767,NO5
2025-04-18,3,33.779,NO5
2025-04-18,4,34.117000000000004,NO5
2025-04-18,5,37.099,NO5
2025-04-18,6,35.952,NO5
2025-04-18,7,38.801,NO5
2025-04-18,8,39.501,NO5
2025-04-18,9,39.948,NO5
2025-04-18,10,39.525,NO5
2025-04-18,11,38.813,NO5
2025-04-18,12,34.008,NO5
2025-04-18,13,37.292,NO5
2025-04-18,14,35.119,NO5
2025-04-18,15,32.934,NO5
2025-04-18,16,34.081,NO5
2025-04-18,17,36.121,NO5
2025-04-18,18,38.898,NO5
2025-04-18,19,38.185,NO5
2025-04-18,20,40.407,NO5
2025-04-18,21,40.31,NO5
2025-04-18,22,40.974,NO5
2025-04-18,23,40.153,NO5
2025-04-18,24,37.558,NO5
2025-04-19,1,38.958,NO5
2025-04-19,2,38.632,NO5
2025-04-19,3,38.089,NO5
2025-04-19,4,37.57,NO5
2025-04-19,5,37.739,NO5
2025-04-19,6,38.463,NO5
2025-04-19,7,38.656,NO5
2025-04-19,8,38.958,NO5
2025-04-19,9,39.38,NO5
2025-04-19,10,39.803,NO5
2025-04-19,11,36.423,NO5
2025-04-19,12,34.684,NO5
2025-04-19,13,34.298,NO5
2025-04-19,14,27.513,NO5
2025-04-19,15,31.316000000000003,NO5
2025-04-19,16,31.425,NO5
2025-04-19,17,27.284,NO5
2025-04-19,18,38.861,NO5
2025-04-19,19,39.042,NO5
2025-04-19,20,39.224,NO5
2025-04-19,21,39.405,NO5
2025-04-19,22,38.97,NO5
2025-04-19,23,38.608,NO5
2025-04-19,24,37.678,NO5
2025-04-20,1,34.31,NO5
2025-04-20,2,26.366000000000003,NO5
2025-04-20,3,25.57,NO5
2025-04-20,4,25.413,NO5
2025-04-20,5,30.23,NO5
2025-04-20,6,35.143,NO5
2025-04-20,7,35.698,NO5
2025-04-20,8,37.111,NO5
2025-04-20,9,37.207,NO5
2025-04-20,10,25.304,NO5
2025-04-20,11,35.831,NO5
2025-04-20,12,35.083,NO5
2025-04-20,13,34.539,NO5
2025-04-20,14,28.008,NO5
2025-04-20,15,24.483,NO5
2025-04-20,16,25.521,NO5
2025-04-20,17,30.302,NO5
2025-04-20,18,39.658,NO5
2025-04-20,19,40.624,NO5
2025-04-20,20,40.817,NO5
2025-04-20,21,40.552,NO5
2025-04-20,22,40.334,NO5
2025-04-20,23,40.02,NO5
2025-04-20,24,39.441,NO5
2025-04-21,1,40.044,NO5
2025-04-21,2,39.574,NO5
2025-04-21,3,39.562,NO5
2025-04-21,4,39.574,NO5
2025-04-21,5,39.562,NO5
2025-04-21,6,39.706,NO5
2025-04-21,7,39.284,NO5
2025-04-21,8,40.238,NO5
2025-04-21,9,40.612,NO5
2025-04-21,10,39.815,NO5
2025-04-21,11,38.523,NO5
2025-04-21,12,37.002,NO5
2025-04-21,13,30.797000000000004,NO5
2025-04-21,14,27.574,NO5
2025-04-21,15,30.58,NO5
2025-04-21,16,36.568,NO5
2025-04-21,17,38.62,NO5
2025-04-21,18,39.875,NO5
2025-04-21,19,42.507,NO5
2025-04-21,20,40.962,NO5
2025-04-21,21,41.566,NO5
2025-04-21,22,41.3,NO5
2025-04-21,23,40.89,NO5
2025-04-21,24,40.539,NO5
2025-04-22,1,40.742,NO5
2025-04-22,2,39.957,NO5
2025-04-22,3,39.553,NO5
2025-04-22,4,39.589,NO5
2025-04-22,5,40.516000000000005,NO5
2025-04-22,6,42.121,NO5
2025-04-22,7,42.787,NO5
2025-04-22,8,42.121,NO5
2025-04-22,9,36.664,NO5
2025-04-22,10,35.095,NO5
2025-04-22,11,41.313,NO5
2025-04-22,12,41.729,NO5
2025-04-22,13,41.752,NO5
2025-04-22,14,52.024,NO5
2025-04-22,15,54.247,NO5
2025-04-22,16,53.177,NO5
2025-04-22,17,51.44199999999999,NO5
2025-04-22,18,49.527,NO5
2025-04-22,19,48.874,NO5
2025-04-22,20,49.04,NO5
2025-04-22,21,37.532,NO5
2025-04-22,22,37.687,NO5
2025-04-22,23,46.876,NO5
2025-04-22,24,43.964,NO5
2025-04-23,1,41.999,NO5
2025-04-23,2,46.173,NO5
2025-04-23,3,45.531,NO5
2025-04-23,4,44.389,NO5
2025-04-23,5,44.734,NO5
2025-04-23,6,43.973,NO5
2025-04-23,7,42.736,NO5
2025-04-23,8,62.023,NO5
2025-04-23,9,71.334,NO5
2025-04-23,10,86.78099999999999,NO5
2025-04-23,11,75.08,NO5
2025-04-23,12,69.479,NO5
2025-04-23,13,66.709,NO5
2025-04-23,14,67.898,NO5
2025-04-23,15,68.92,NO5
2025-04-23,16,63.54600000000001,NO5
2025-04-23,17,60.858,NO5
2025-04-23,18,67.624,NO5
2025-04-23,19,70.05,NO5
2025-04-23,20,67.553,NO5
2025-04-23,21,40.834,NO5
2025-04-23,22,39.169,NO5
2025-04-23,23,39.407,NO5
2025-04-23,24,38.777,NO5
2025-04-24,1,46.013,NO5
2025-04-24,2,45.41,NO5
2025-04-24,3,46.545,NO5
2025-04-24,4,46.19,NO5
2025-04-24,5,45.729,NO5
2025-04-24,6,46.107,NO5
2025-04-24,7,57.25,NO5
2025-04-24,8,93.753,NO5
2025-04-24,9,108.432,NO5
2025-04-24,10,86.324,NO5
2025-04-24,11,60.905,NO5
2025-04-24,12,55.618,NO5
2025-04-24,13,54.376,NO5
2025-04-24,14,47.669,NO5
2025-04-24,15,46.131,NO5
2025-04-24,16,46.119,NO5
2025-04-24,17,48.864,NO5
2025-04-24,18,48.319,NO5
2025-04-24,19,44.83,NO5
2025-04-24,20,51.277,NO5
2025-04-24,21,55.38099999999999,NO5
2025-04-24,22,55.499,NO5
2025-04-24,23,55.618,NO5
2025-04-24,24,51.04,NO5
2025-04-25,1,45.898,NO5
2025-04-25,2,45.685,NO5
2025-04-25,3,45.578,NO5
2025-04-25,4,45.767,NO5
2025-04-25,5,46.158,NO5
2025-04-25,6,46.442,NO5
2025-04-25,7,47.496,NO5
2025-04-25,8,55.726,NO5
2025-04-25,9,57.301,NO5
2025-04-25,10,57.194,NO5
2025-04-25,11,56.022000000000006,NO5
2025-04-25,12,55.288,NO5
2025-04-25,13,47.97,NO5
2025-04-25,14,47.461,NO5
2025-04-25,15,47.402,NO5
2025-04-25,16,47.141000000000005,NO5
2025-04-25,17,47.437,NO5
2025-04-25,18,59.847,NO5
2025-04-25,19,61.552,NO5
2025-04-25,20,51.747,NO5
2025-04-25,21,59.373000000000005,NO5
2025-04-25,22,60.688,NO5
2025-04-25,23,59.208000000000006,NO5
2025-04-25,24,52.68300000000001,NO5
2025-04-26,1,48.965,NO5
2025-04-26,2,47.84,NO5
2025-04-26,3,47.342,NO5
2025-04-26,4,47.2,NO5
2025-04-26,5,47.342,NO5
2025-04-26,6,47.579,NO5
2025-04-26,7,48.455,NO5
2025-04-26,8,49.521,NO5
2025-04-26,9,47.342,NO5
2025-04-26,10,47.733,NO5
2025-04-26,11,47.2,NO5
2025-04-26,12,42.286,NO5
2025-04-26,13,38.556,NO5
2025-04-26,14,32.979,NO5
2025-04-26,15,32.825,NO5
2025-04-26,16,36.851,NO5
2025-04-26,17,44.986,NO5
2025-04-26,18,45.708,NO5
2025-04-26,19,49.13,NO5
2025-04-26,20,49.154,NO5
2025-04-26,21,48.953,NO5
2025-04-26,22,49.462,NO5
2025-04-26,23,48.988,NO5
2025-04-26,24,48.278,NO5
2025-04-27,1,46.774,NO5
2025-04-27,2,46.288,NO5
2025-04-27,3,45.992,NO5
2025-04-27,4,46.182,NO5
2025-04-27,5,46.17,NO5
2025-04-27,6,46.146,NO5
2025-04-27,7,50.03,NO5
2025-04-27,8,50.409,NO5
2025-04-27,9,43.766000000000005,NO5
2025-04-27,10,41.824,NO5
2025-04-27,11,29.0,NO5
2025-04-27,12,28.254,NO5
2025-04-27,13,22.712,NO5
2025-04-27,14,22.795,NO5
2025-04-27,15,23.707,NO5
2025-04-27,16,22.961,NO5
2025-04-27,17,31.676,NO5
2025-04-27,18,41.883,NO5
2025-04-27,19,48.538,NO5
2025-04-27,20,55.252,NO5
2025-04-27,21,55.016,NO5
2025-04-27,22,54.009,NO5
2025-04-27,23,48.278,NO5
2025-04-27,24,46.999,NO5
2025-04-28,1,44.469,NO5
2025-04-28,2,40.792,NO5
2025-04-28,3,42.654,NO5
2025-04-28,4,42.334,NO5
2025-04-28,5,39.677,NO5
2025-04-28,6,41.432,NO5
2025-04-28,7,48.419,NO5
2025-04-28,8,61.277,NO5
2025-04-28,9,60.944,NO5
2025-04-28,10,48.134,NO5
2025-04-28,11,48.976,NO5
2025-04-28,12,44.694,NO5
2025-04-28,13,36.415,NO5
2025-04-28,14,23.533,NO5
2025-04-28,15,29.345,NO5
2025-04-28,16,37.293,NO5
2025-04-28,17,45.358,NO5
2025-04-28,18,48.098,NO5
2025-04-28,19,44.599,NO5
2025-04-28,20,47.149,NO5
2025-04-28,21,47.683,NO5
2025-04-28,22,46.877,NO5
2025-04-28,23,40.732,NO5
2025-04-28,24,39.439,NO5
2025-04-29,1,37.963,NO5
2025-04-29,2,37.822,NO5
2025-04-29,3,36.393,NO5
2025-04-29,4,36.204,NO5
2025-04-29,5,37.822,NO5
2025-04-29,6,41.257,NO5
2025-04-29,7,46.451,NO5
2025-04-29,8,66.825,NO5
2025-04-29,9,62.977,NO5
2025-04-29,10,56.886,NO5
2025-04-29,11,46.498000000000005,NO5
2025-04-29,12,42.343,NO5
2025-04-29,13,36.204,NO5
2025-04-29,14,24.093,NO5
2025-04-29,15,33.076,NO5
2025-04-29,16,40.938,NO5
2025-04-29,17,46.982,NO5
2025-04-29,18,53.651,NO5
2025-04-29,19,54.997,NO5
2025-04-29,20,56.92100000000001,NO5
2025-04-29,21,57.889,NO5
2025-04-29,22,54.289,NO5
2025-04-29,23,54.029,NO5
2025-04-29,24,48.741,NO5
2025-04-30,1,42.713,NO5
2025-04-30,2,41.473,NO5
2025-04-30,3,41.107,NO5
2025-04-30,4,40.954,NO5
2025-04-30,5,39.773,NO5
2025-04-30,6,41.957,NO5
2025-04-30,7,46.031,NO5
2025-04-30,8,48.972,NO5
2025-04-30,9,59.128,NO5
2025-04-30,10,48.759,NO5
2025-04-30,11,42.453,NO5
2025-04-30,12,41.733,NO5
2025-04-30,13,39.383,NO5
2025-04-30,14,32.676,NO5
2025-04-30,15,26.818,NO5
2025-04-30,16,36.856,NO5
2025-04-30,17,28.436,NO5
2025-04-30,18,49.409,NO5
2025-04-30,19,49.125,NO5
2025-04-30,20,46.988,NO5
2025-04-30,21,58.514,NO5
2025-04-30,22,67.607,NO5
2025-04-30,23,67.311,NO5
2025-04-30,24,57.226,NO5
2025-05-01,1,49.893,NO5
2025-05-01,2,49.858,NO5
2025-05-01,3,49.48,NO5
2025-05-01,4,49.066,NO5
2025-05-01,5,49.09,NO5
2025-05-01,6,48.004000000000005,NO5
2025-05-01,7,43.398,NO5
2025-05-01,8,39.525,NO5
2025-05-01,9,32.935,NO5
2025-05-01,10,29.015,NO5
2025-05-01,11,29.853,NO5
2025-05-01,12,37.978,NO5
2025-05-01,13,30.845,NO5
2025-05-01,14,26.192,NO5
2025-05-01,15,26.157,NO5
2025-05-01,16,30.361,NO5
2025-05-01,17,31.164,NO5
2025-05-01,18,22.65,NO5
2025-05-01,19,43.315,NO5
2025-05-01,20,50.035,NO5
2025-05-01,21,49.999,NO5
2025-05-01,22,48.818,NO5
2025-05-01,23,46.043,NO5
2025-05-01,24,39.336,NO5
2025-05-02,1,36.898,NO5
2025-05-02,2,33.676,NO5
2025-05-02,3,36.052,NO5
2025-05-02,4,30.114,NO5
2025-05-02,5,32.077,NO5
2025-05-02,6,33.665,NO5
2025-05-02,7,39.979,NO5
2025-05-02,8,47.622,NO5
2025-05-02,9,48.762,NO5
2025-05-02,10,42.578,NO5
2025-05-02,11,36.816,NO5
2025-05-02,12,34.782,NO5
2025-05-02,13,19.684,NO5
2025-05-02,14,9.16,NO5
2025-05-02,15,9.101,NO5
2025-05-02,16,28.632,NO5
2025-05-02,17,36.698,NO5
2025-05-02,18,36.604,NO5
2025-05-02,19,42.542,NO5
2025-05-02,20,45.835,NO5
2025-05-02,21,46.564,NO5
2025-05-02,22,45.835,NO5
2025-05-02,23,43.260000000000005,NO5
2025-05-02,24,43.024,NO5
2025-05-03,1,46.199,NO5
2025-05-03,2,46.187,NO5
2025-05-03,3,46.328,NO5
2025-05-03,4,46.199,NO5
2025-05-03,5,45.823,NO5
2025-05-03,6,47.692,NO5
2025-05-03,7,47.951,NO5
2025-05-03,8,47.587,NO5
2025-05-03,9,46.27,NO5
2025-05-03,10,46.199,NO5
2025-05-03,11,47.093,NO5
2025-05-03,12,35.922000000000004,NO5
2025-05-03,13,35.605000000000004,NO5
2025-05-03,14,22.071,NO5
2025-05-03,15,10.665,NO5
2025-05-03,16,1.376,NO5
2025-05-03,17,1.211,NO5
2025-05-03,18,38.991,NO5
2025-05-03,19,48.422,NO5
2025-05-03,20,57.111,NO5
2025-05-03,21,63.084,NO5
2025-05-03,22,62.473,NO5
2025-05-03,23,52.69,NO5
2025-05-03,24,50.832,NO5
2025-05-04,1,44.153,NO5
2025-05-04,2,33.806,NO5
2025-05-04,3,22.953,NO5
2025-05-04,4,15.498,NO5
2025-05-04,5,14.886,NO5
2025-05-04,6,12.099,NO5
2025-05-04,7,10.195,NO5
2025-05-04,8,6.197,NO5
2025-05-04,9,3.116,NO5
2025-05-04,10,0.988,NO5
2025-05-04,11,0.788,NO5
2025-05-04,12,0.317,NO5
2025-05-04,13,0.988,NO5
2025-05-04,14,7.572,NO5
2025-05-04,15,13.981,NO5
2025-05-04,16,7.395999999999999,NO5
2025-05-04,17,20.754,NO5
2025-05-04,18,36.875,NO5
2025-05-04,19,48.457,NO5
2025-05-04,20,52.384,NO5
2025-05-04,21,53.137,NO5
2025-05-04,22,53.901,NO5
2025-05-04,23,52.078,NO5
2025-05-04,24,52.02,NO5
2025-05-05,1,53.968,NO5
2025-05-05,2,53.048,NO5
2025-05-05,3,52.883,NO5
2025-05-05,4,53.697,NO5
2025-05-05,5,53.449,NO5
2025-05-05,6,53.956,NO5
2025-05-05,7,58.907,NO5
2025-05-05,8,101.098,NO5
2025-05-05,9,109.02,NO5
2025-05-05,10,66.01599999999999,NO5
2025-05-05,11,53.779,NO5
2025-05-05,12,50.879000000000005,NO5
2025-05-05,13,49.806,NO5
2025-05-05,14,46.541,NO5
2025-05-05,15,52.08200000000001,NO5
2025-05-05,16,51.528,NO5
2025-05-05,17,52.341,NO5
2025-05-05,18,53.001,NO5
2025-05-05,19,59.98,NO5
2025-05-05,20,60.664,NO5
2025-05-05,21,60.758,NO5
2025-05-05,22,61.324,NO5
2025-05-05,23,59.968,NO5
2025-05-05,24,55.382000000000005,NO5
2025-05-06,1,55.102,NO5
2025-05-06,2,51.451,NO5
2025-05-06,3,51.791,NO5
2025-05-06,4,50.55,NO5
2025-05-06,5,51.370000000000005,NO5
2025-05-06,6,56.624,NO5
2025-05-06,7,64.089,NO5
2025-05-06,8,96.338,NO5
2025-05-06,9,70.127,NO5
2025-05-06,10,81.091,NO5
2025-05-06,11,68.78099999999999,NO5
2025-05-06,12,66.71000000000001,NO5
2025-05-06,13,57.396,NO5
2025-05-06,14,50.586,NO5
2025-05-06,15,60.92999999999999,NO5
2025-05-06,16,67.132,NO5
2025-05-06,17,76.61,NO5
2025-05-06,18,84.625,NO5
2025-05-06,19,82.975,NO5
2025-05-06,20,99.954,NO5
2025-05-06,21,114.745,NO5
2025-05-06,22,118.244,NO5
2025-05-06,23,119.06300000000002,NO5
2025-05-06,24,100.2,NO5
2025-05-07,1,98.309,NO5
2025-05-07,2,88.377,NO5
2025-05-07,3,86.007,NO5
2025-05-07,4,86.147,NO5
2025-05-07,5,93.699,NO5
2025-05-07,6,106.607,NO5
2025-05-07,7,133.72,NO5
2025-05-07,8,168.011,NO5
2025-05-07,9,142.929,NO5
2025-05-07,10,110.552,NO5
2025-05-07,11,96.547,NO5
2025-05-07,12,85.786,NO5
2025-05-07,13,73.554,NO5
2025-05-07,14,63.598,NO5
2025-05-07,15,75.83,NO5
2025-05-07,16,84.898,NO5
2025-05-07,17,85.87899999999999,NO5
2025-05-07,18,107.483,NO5
2025-05-07,19,121.792,NO5
2025-05-07,20,134.467,NO5
2025-05-07,21,145.20499999999998,NO5
2025-05-07,22,83.51,NO5
2025-05-07,23,80.767,NO5
2025-05-07,24,71.301,NO5
2025-05-08,1,56.675,NO5
2025-05-08,2,56.009,NO5
2025-05-08,3,57.061,NO5
2025-05-08,4,57.821000000000005,NO5
2025-05-08,5,58.428,NO5
2025-05-08,6,84.352,NO5
2025-05-08,7,112.579,NO5
2025-05-08,8,137.79000000000002,NO5
2025-05-08,9,138.643,NO5
2025-05-08,10,118.56300000000002,NO5
2025-05-08,11,103.006,NO5
2025-05-08,12,89.752,NO5
2025-05-08,13,77.375,NO5
2025-05-08,14,78.029,NO5
2025-05-08,15,80.741,NO5
2025-05-08,16,70.689,NO5
2025-05-08,17,70.689,NO5
2025-05-08,18,74.499,NO5
2025-05-08,19,71.612,NO5
2025-05-08,20,58.943,NO5
2025-05-08,21,53.309000000000005,NO5
2025-05-08,22,53.157,NO5
2025-05-08,23,57.739,NO5
2025-05-08,24,59.024,NO5
2025-05-09,1,83.062,NO5
2025-05-09,2,77.144,NO5
2025-05-09,3,69.568,NO5
2025-05-09,4,66.498,NO5
2025-05-09,5,65.623,NO5
2025-05-09,6,67.22200000000001,NO5
2025-05-09,7,84.579,NO5
2025-05-09,8,81.252,NO5
2025-05-09,9,60.3,NO5
2025-05-09,10,69.101,NO5
2025-05-09,11,58.514,NO5
2025-05-09,12,60.627,NO5
2025-05-09,13,57.709,NO5
2025-05-09,14,52.981,NO5
2025-05-09,15,51.861,NO5
2025-05-09,16,54.931,NO5
2025-05-09,17,57.896,NO5
2025-05-09,18,65.15599999999999,NO5
2025-05-09,19,75.124,NO5
2025-05-09,20,78.089,NO5
2025-05-09,21,80.75,NO5
2025-05-09,22,78.042,NO5
2025-05-09,23,73.011,NO5
2025-05-09,24,64.747,NO5
2025-05-10,1,60.58,NO5
2025-05-10,2,60.814,NO5
2025-05-10,3,60.3,NO5
2025-05-10,4,59.635000000000005,NO5
2025-05-10,5,59.285,NO5
2025-05-10,6,60.20700000000001,NO5
2025-05-10,7,60.3,NO5
2025-05-10,8,60.429,NO5
2025-05-10,9,56.17999999999999,NO5
2025-05-10,10,49.13,NO5
2025-05-10,11,48.301,NO5
2025-05-10,12,49.772000000000006,NO5
2025-05-10,13,49.83,NO5
2025-05-10,14,50.332,NO5
2025-05-10,15,11.147,NO5
2025-05-10,16,43.398,NO5
2025-05-10,17,49.06,NO5
2025-05-10,18,57.569,NO5
2025-05-10,19,58.923,NO5
2025-05-10,20,64.96900000000001,NO5
2025-05-10,21,76.478,NO5
2025-05-10,22,66.872,NO5
2025-05-10,23,59.413,NO5
2025-05-10,24,59.775,NO5
2025-05-11,1,59.962,NO5
2025-05-11,2,59.833000000000006,NO5
2025-05-11,3,59.997,NO5
2025-05-11,4,60.23,NO5
2025-05-11,5,59.845000000000006,NO5
2025-05-11,6,58.409000000000006,NO5
2025-05-11,7,56.483,NO5
2025-05-11,8,40.97,NO5
2025-05-11,9,36.08,NO5
2025-05-11,10,48.499,NO5
2025-05-11,11,51.534000000000006,NO5
2025-05-11,12,28.493,NO5
2025-05-11,13,15.828,NO5
2025-05-11,14,11.206,NO5
2025-05-11,15,3.759,NO5
2025-05-11,16,3.934,NO5
2025-05-11,17,7.214,NO5
2025-05-11,18,27.711,NO5
2025-05-11,19,58.981,NO5
2025-05-11,20,73.96900000000001,NO5
2025-05-11,21,73.63,NO5
2025-05-11,22,66.171,NO5
2025-05-11,23,60.125,NO5
2025-05-11,24,59.11,NO5
2025-05-12,1,60.148,NO5
2025-05-12,2,60.125,NO5
2025-05-12,3,60.206,NO5
2025-05-12,4,60.311,NO5
2025-05-12,5,61.783,NO5
2025-05-12,6,68.741,NO5
2025-05-12,7,69.437,NO5
2025-05-12,8,67.86,NO5
2025-05-12,9,86.819,NO5
2025-05-12,10,56.646,NO5
2025-05-12,11,52.426,NO5
2025-05-12,12,20.664,NO5
2025-05-12,13,20.873,NO5
2025-05-12,14,10.471,NO5
2025-05-12,15,12.361,NO5
2025-05-12,16,20.652,NO5
2025-05-12,17,30.219,NO5
2025-05-12,18,56.53099999999999,NO5
2025-05-12,19,74.829,NO5
2025-05-12,20,63.569,NO5
2025-05-12,21,65.541,NO5
2025-05-12,22,84.546,NO5
2025-05-12,23,73.66900000000001,NO5
2025-05-12,24,66.78099999999999,NO5
2025-05-13,1,63.109,NO5
2025-05-13,2,62.70399999999999,NO5
2025-05-13,3,65.03,NO5
2025-05-13,4,60.158,NO5
2025-05-13,5,58.295,NO5
2025-05-13,6,66.627,NO5
2025-05-13,7,87.83,NO5
2025-05-13,8,92.332,NO5
2025-05-13,9,58.665,NO5
2025-05-13,10,35.889,NO5
2025-05-13,11,34.558,NO5
2025-05-13,12,54.07000000000001,NO5
2025-05-13,13,55.286,NO5
2025-05-13,14,41.641000000000005,NO5
2025-05-13,15,33.608999999999995,NO5
2025-05-13,16,44.152,NO5
2025-05-13,17,55.286,NO5
2025-05-13,18,55.286,NO5
2025-05-13,19,66.546,NO5
2025-05-13,20,79.277,NO5
2025-05-13,21,79.462,NO5
2025-05-13,22,82.703,NO5
2025-05-13,23,65.563,NO5
2025-05-13,24,59.394000000000005,NO5
2025-05-14,1,66.25800000000001,NO5
2025-05-14,2,62.405,NO5
2025-05-14,3,58.98,NO5
2025-05-14,4,52.616,NO5
2025-05-14,5,51.597,NO5
2025-05-14,6,50.949,NO5
2025-05-14,7,53.507000000000005,NO5
2025-05-14,8,62.127,NO5
2025-05-14,9,51.412,NO5
2025-05-14,10,53.333000000000006,NO5
2025-05-14,11,55.983,NO5
2025-05-14,12,54.085,NO5
2025-05-14,13,51.019,NO5
2025-05-14,14,41.646,NO5
2025-05-14,15,42.016000000000005,NO5
2025-05-14,16,41.634,NO5
2025-05-14,17,20.354,NO5
2025-05-14,18,28.94,NO5
2025-05-14,19,53.703,NO5
2025-05-14,20,60.276,NO5
2025-05-14,21,59.593,NO5
2025-05-14,22,61.676,NO5
2025-05-14,23,50.255,NO5
2025-05-14,24,44.666,NO5
2025-05-15,1,43.455,NO5
2025-05-15,2,44.899,NO5
2025-05-15,3,40.542,NO5
2025-05-15,4,41.404,NO5
2025-05-15,5,40.659,NO5
2025-05-15,6,39.447,NO5
2025-05-15,7,47.113,NO5
2025-05-15,8,52.914,NO5
2025-05-15,9,53.602,NO5
2025-05-15,10,54.009,NO5
2025-05-15,11,52.437,NO5
2025-05-15,12,50.177,NO5
2025-05-15,13,41.928,NO5
2025-05-15,14,41.556,NO5
2025-05-15,15,32.329,NO5
2025-05-15,16,23.23,NO5
2025-05-15,17,42.045,NO5
2025-05-15,18,35.125,NO5
2025-05-15,19,36.744,NO5
2025-05-15,20,44.398,NO5
2025-05-15,21,50.351,NO5
2025-05-15,22,41.928,NO5
2025-05-15,23,44.538,NO5
2025-05-15,24,40.659,NO5
2025-05-16,1,44.062,NO5
2025-05-16,2,43.457,NO5
2025-05-16,3,46.866,NO5
2025-05-16,4,45.667,NO5
2025-05-16,5,43.724,NO5
2025-05-16,6,47.925,NO5
2025-05-16,7,53.370000000000005,NO5
2025-05-16,8,60.153,NO5
2025-05-16,9,45.144,NO5
2025-05-16,10,45.353,NO5
2025-05-16,11,45.598,NO5
2025-05-16,12,53.16,NO5
2025-05-16,13,49.635000000000005,NO5
2025-05-16,14,44.539,NO5
2025-05-16,15,44.027,NO5
2025-05-16,16,38.163,NO5
2025-05-16,17,37.965,NO5
2025-05-16,18,41.874,NO5
2025-05-16,19,41.2,NO5
2025-05-16,20,47.04,NO5
2025-05-16,21,50.694,NO5
2025-05-16,22,51.334,NO5
2025-05-16,23,49.647000000000006,NO5
2025-05-16,24,44.853,NO5
2025-05-17,1,51.706,NO5
2025-05-17,2,50.857,NO5
2025-05-17,3,45.563,NO5
2025-05-17,4,46.005,NO5
2025-05-17,5,42.398,NO5
2025-05-17,6,43.701,NO5
2025-05-17,7,44.934,NO5
2025-05-17,8,43.98,NO5
2025-05-17,9,37.116,NO5
2025-05-17,10,39.524,NO5
2025-05-17,11,41.63,NO5
2025-05-17,12,35.324,NO5
2025-05-17,13,25.993,NO5
2025-05-17,14,23.956,NO5
2025-05-17,15,26.109,NO5
2025-05-17,16,36.103,NO5
2025-05-17,17,39.082,NO5
2025-05-17,18,38.523,NO5
2025-05-17,19,53.323,NO5
2025-05-17,20,53.824,NO5
2025-05-17,21,55.58,NO5
2025-05-17,22,56.534000000000006,NO5
2025-05-17,23,54.370000000000005,NO5
2025-05-17,24,53.602,NO5
2025-05-18,1,53.568,NO5
2025-05-18,2,41.874,NO5
2025-05-18,3,32.217,NO5
2025-05-18,4,28.96,NO5
2025-05-18,5,38.0,NO5
2025-05-18,6,29.343,NO5
2025-05-18,7,41.874,NO5
2025-05-18,8,41.874,NO5
2025-05-18,9,34.602,NO5
2025-05-18,10,30.868,NO5
2025-05-18,11,33.695,NO5
2025-05-18,12,30.588,NO5
2025-05-18,13,29.565,NO5
2025-05-18,14,34.463,NO5
2025-05-18,15,35.358999999999995,NO5
2025-05-18,16,32.985,NO5
2025-05-18,17,30.146,NO5
2025-05-18,18,32.962,NO5
2025-05-18,19,29.355,NO5
2025-05-18,20,46.482,NO5
2025-05-18,21,52.253,NO5
2025-05-18,22,51.252,NO5
2025-05-18,23,47.343,NO5
2025-05-18,24,42.293,NO5
2025-05-19,1,41.813,NO5
2025-05-19,2,39.262,NO5
2025-05-19,3,39.436,NO5
2025-05-19,4,40.004000000000005,NO5
2025-05-19,5,39.529,NO5
2025-05-19,6,45.28,NO5
2025-05-19,7,55.566,NO5
2025-05-19,8,62.059000000000005,NO5
2025-05-19,9,75.603,NO5
2025-05-19,10,59.775,NO5
2025-05-19,11,58.604,NO5
2025-05-19,12,54.58,NO5
2025-05-19,13,49.153,NO5
2025-05-19,14,45.814,NO5
2025-05-19,15,46.185,NO5
2025-05-19,16,53.107000000000006,NO5
2025-05-19,17,55.137,NO5
2025-05-19,18,60.911,NO5
2025-05-19,19,73.353,NO5
2025-05-19,20,80.86699999999999,NO5
2025-05-19,21,78.815,NO5
2025-05-19,22,64.599,NO5
2025-05-19,23,60.088,NO5
2025-05-19,24,59.265,NO5
2025-05-20,1,54.047,NO5
2025-05-20,2,51.113,NO5
2025-05-20,3,50.997,NO5
2025-05-20,4,50.974,NO5
2025-05-20,5,54.035,NO5
2025-05-20,6,55.53099999999999,NO5
2025-05-20,7,57.989,NO5
2025-05-20,8,61.769000000000005,NO5
2025-05-20,9,71.069,NO5
2025-05-20,10,59.172,NO5
2025-05-20,11,56.922,NO5
2025-05-20,12,55.148,NO5
2025-05-20,13,50.603,NO5
2025-05-20,14,48.237,NO5
2025-05-20,15,44.017,NO5
2025-05-20,16,48.098,NO5
2025-05-20,17,46.289,NO5
2025-05-20,18,53.165,NO5
2025-05-20,19,55.925,NO5
2025-05-20,20,69.84,NO5
2025-05-20,21,75.869,NO5
2025-05-20,22,73.237,NO5
2025-05-20,23,61.201,NO5
2025-05-20,24,58.488,NO5
2025-05-21,1,53.848,NO5
2025-05-21,2,50.736,NO5
2025-05-21,3,50.564,NO5
2025-05-21,4,49.496,NO5
2025-05-21,5,44.845,NO5
2025-05-21,6,42.031,NO5
2025-05-21,7,53.561,NO5
2025-05-21,8,57.007000000000005,NO5
2025-05-21,9,56.099,NO5
2025-05-21,10,49.565,NO5
2025-05-21,11,36.462,NO5
2025-05-21,12,27.837,NO5
2025-05-21,13,27.608,NO5
2025-05-21,14,4.295,NO5
2025-05-21,15,3.4799999999999995,NO5
2025-05-21,16,3.629,NO5
2025-05-21,17,17.994999999999997,NO5
2025-05-21,18,30.042,NO5
2025-05-21,19,45.465,NO5
2025-05-21,20,47.544,NO5
2025-05-21,21,50.518,NO5
2025-05-21,22,51.046,NO5
2025-05-21,23,50.243,NO5
2025-05-21,24,44.466,NO5
2025-05-22,1,44.738,NO5
2025-05-22,2,40.396,NO5
2025-05-22,3,36.101,NO5
2025-05-22,4,28.397,NO5
2025-05-22,5,23.826,NO5
2025-05-22,6,29.745,NO5
2025-05-22,7,38.957,NO5
2025-05-22,8,41.559,NO5
2025-05-22,9,41.018,NO5
2025-05-22,10,39.786,NO5
2025-05-22,11,37.805,NO5
2025-05-22,12,37.276,NO5
2025-05-22,13,40.396,NO5
2025-05-22,14,40.73,NO5
2025-05-22,15,40.408,NO5
2025-05-22,16,33.003,NO5
2025-05-22,17,40.742,NO5
2025-05-22,18,37.483,NO5
2025-05-22,19,49.782,NO5
2025-05-22,20,55.804,NO5
2025-05-22,21,56.46,NO5
2025-05-22,22,56.714,NO5
2025-05-22,23,56.541,NO5
2025-05-22,24,55.79299999999999,NO5
2025-05-23,1,54.41799999999999,NO5
2025-05-23,2,54.96,NO5
2025-05-23,3,55.133,NO5
2025-05-23,4,55.398,NO5
2025-05-23,5,53.693,NO5
2025-05-23,6,54.257000000000005,NO5
2025-05-23,7,57.092,NO5
2025-05-23,8,75.803,NO5
2025-05-23,9,67.795,NO5
2025-05-23,10,58.889,NO5
2025-05-23,11,55.375,NO5
2025-05-23,12,50.443,NO5
2025-05-23,13,43.864,NO5
2025-05-23,14,38.472,NO5
2025-05-23,15,40.419,NO5
2025-05-23,16,37.181,NO5
2025-05-23,17,44.302,NO5
2025-05-23,18,50.236,NO5
2025-05-23,19,52.759,NO5
2025-05-23,20,55.536,NO5
2025-05-23,21,55.00599999999999,NO5
2025-05-23,22,55.087,NO5
2025-05-23,23,55.536,NO5
2025-05-23,24,55.375,NO5
2025-05-24,1,57.045,NO5
2025-05-24,2,54.545,NO5
2025-05-24,3,54.937,NO5
2025-05-24,4,53.669,NO5
2025-05-24,5,52.552,NO5
2025-05-24,6,53.232000000000006,NO5
2025-05-24,7,53.485,NO5
2025-05-24,8,53.54299999999999,NO5
2025-05-24,9,52.391,NO5
2025-05-24,10,42.194,NO5
2025-05-24,11,42.067,NO5
2025-05-24,12,40.315,NO5
2025-05-24,13,41.986,NO5
2025-05-24,14,17.928,NO5
2025-05-24,15,6.520999999999999,NO5
2025-05-24,16,20.417,NO5
2025-05-24,17,33.218,NO5
2025-05-24,18,51.538,NO5
2025-05-24,19,58.889,NO5
2025-05-24,20,65.261,NO5
2025-05-24,21,67.577,NO5
2025-05-24,22,57.161,NO5
2025-05-24,23,59.073,NO5
2025-05-24,24,57.449,NO5
2025-05-25,1,54.718,NO5
2025-05-25,2,46.18,NO5
2025-05-25,3,24.657,NO5
2025-05-25,4,11.557,NO5
2025-05-25,5,5.761,NO5
2025-05-25,6,2.443,NO5
2025-05-25,7,9.84,NO5
2025-05-25,8,40.431,NO5
2025-05-25,9,40.857,NO5
2025-05-25,10,39.417,NO5
2025-05-25,11,11.568,NO5
2025-05-25,12,40.845,NO5
2025-05-25,13,40.431,NO5
2025-05-25,14,40.419,NO5
2025-05-25,15,40.304,NO5
2025-05-25,16,40.431,NO5
2025-05-25,17,41.802,NO5
2025-05-25,18,50.04,NO5
2025-05-25,19,40.304,NO5
2025-05-25,20,52.056,NO5
2025-05-25,21,51.872,NO5
2025-05-25,22,53.128,NO5
2025-05-25,23,50.639,NO5
2025-05-25,24,45.051,NO5
2025-05-26,1,46.625,NO5
2025-05-26,2,41.607,NO5
2025-05-26,3,40.734,NO5
2025-05-26,4,45.614,NO5
2025-05-26,5,45.523,NO5
2025-05-26,6,43.915,NO5
2025-05-26,7,47.337,NO5
2025-05-26,8,55.697,NO5
2025-05-26,9,56.076,NO5
2025-05-26,10,55.732000000000006,NO5
2025-05-26,11,51.196,NO5
2025-05-26,12,43.478,NO5
2025-05-26,13,26.62,NO5
2025-05-26,14,26.631,NO5
2025-05-26,15,40.297,NO5
2025-05-26,16,28.388,NO5
2025-05-26,17,51.689,NO5
2025-05-26,18,47.624,NO5
2025-05-26,19,46.556,NO5
2025-05-26,20,44.925,NO5
2025-05-26,21,45.947,NO5
2025-05-26,22,51.919,NO5
2025-05-26,23,46.395,NO5
2025-05-26,24,46.568,NO5
2025-05-27,1,47.646,NO5
2025-05-27,2,47.623000000000005,NO5
2025-05-27,3,47.669,NO5
2025-05-27,4,37.59,NO5
2025-05-27,5,26.188,NO5
2025-05-27,6,26.176,NO5
2025-05-27,7,47.646,NO5
2025-05-27,8,47.623000000000005,NO5
2025-05-27,9,47.796,NO5
2025-05-27,10,47.946,NO5
2025-05-27,11,36.048,NO5
2025-05-27,12,44.781,NO5
2025-05-27,13,47.658,NO5
2025-05-27,14,36.025,NO5
2025-05-27,15,42.998000000000005,NO5
2025-05-27,16,47.98,NO5
2025-05-27,17,48.417,NO5
2025-05-27,18,48.417,NO5
2025-05-27,19,48.084,NO5
2025-05-27,20,48.302,NO5
2025-05-27,21,48.164,NO5
2025-05-27,22,47.428,NO5
2025-05-27,23,46.668,NO5
2025-05-27,24,46.875,NO5
2025-05-28,1,53.702,NO5
2025-05-28,2,53.518,NO5
2025-05-28,3,53.38,NO5
2025-05-28,4,53.105,NO5
2025-05-28,5,52.978,NO5
2025-05-28,6,53.105,NO5
2025-05-28,7,53.84,NO5
2025-05-28,8,54.277,NO5
2025-05-28,9,54.955,NO5
2025-05-28,10,54.645,NO5
2025-05-28,11,54.001,NO5
2025-05-28,12,53.794,NO5
2025-05-28,13,53.541,NO5
2025-05-28,14,53.208000000000006,NO5
2025-05-28,15,51.852,NO5
2025-05-28,16,53.139,NO5
2025-05-28,17,50.691,NO5
2025-05-28,18,53.748000000000005,NO5
2025-05-28,19,53.82899999999999,NO5
2025-05-28,20,53.852,NO5
2025-05-28,21,53.541,NO5
2025-05-28,22,53.311,NO5
2025-05-28,23,53.495000000000005,NO5
2025-05-28,24,53.622,NO5
2025-05-29,1,51.082,NO5
2025-05-29,2,49.127,NO5
2025-05-29,3,50.151,NO5
2025-05-29,4,52.426,NO5
2025-05-29,5,50.013,NO5
2025-05-29,6,46.173,NO5
2025-05-29,7,45.415,NO5
2025-05-29,8,50.61,NO5
2025-05-29,9,44.794,NO5
2025-05-29,10,40.851,NO5
2025-05-29,11,43.92,NO5
2025-05-29,12,41.691,NO5
2025-05-29,13,42.978,NO5
2025-05-29,14,7.620999999999999,NO5
2025-05-29,15,6.138,NO5
2025-05-29,16,34.173,NO5
2025-05-29,17,19.299,NO5
2025-05-29,18,39.162,NO5
2025-05-29,19,49.679,NO5
2025-05-29,20,52.84,NO5
2025-05-29,21,52.863,NO5
2025-05-29,22,52.81699999999999,NO5
2025-05-29,23,51.65599999999999,NO5
2025-05-29,24,51.288,NO5
2025-05-30,1,43.947,NO5
2025-05-30,2,32.510000000000005,NO5
2025-05-30,3,26.763,NO5
2025-05-30,4,26.763,NO5
2025-05-30,5,16.953,NO5
2025-05-30,6,20.277,NO5
2025-05-30,7,41.732,NO5
2025-05-30,8,46.186,NO5
2025-05-30,9,48.518,NO5
2025-05-30,10,48.414,NO5
2025-05-30,11,46.163,NO5
2025-05-30,12,48.587,NO5
2025-05-30,13,52.037,NO5
2025-05-30,14,48.841,NO5
2025-05-30,15,46.175,NO5
2025-05-30,16,45.471,NO5
2025-05-30,17,45.886,NO5
2025-05-30,18,46.809,NO5
2025-05-30,19,53.076,NO5
2025-05-30,20,53.076,NO5
2025-05-30,21,53.065,NO5
2025-05-30,22,52.903,NO5
2025-05-30,23,52.026,NO5
2025-05-30,24,46.856,NO5
2025-05-31,1,52.499,NO5
2025-05-31,2,48.079,NO5
2025-05-31,3,48.021,NO5
2025-05-31,4,51.94500000000001,NO5
2025-05-31,5,52.095000000000006,NO5
2025-05-31,6,52.107000000000006,NO5
2025-05-31,7,51.518,NO5
2025-05-31,8,49.233,NO5
2025-05-31,9,47.329,NO5
2025-05-31,10,47.594,NO5
2025-05-31,11,41.039,NO5
2025-05-31,12,13.457,NO5
2025-05-31,13,6.773999999999999,NO5
2025-05-31,14,31.599,NO5
2025-05-31,15,15.707,NO5
2025-05-31,16,39.123000000000005,NO5
2025-05-31,17,43.693,NO5
2025-05-31,18,42.713,NO5
2025-05-31,19,52.568,NO5
2025-05-31,20,53.965,NO5
2025-05-31,21,53.584,NO5
2025-05-31,22,53.422,NO5
2025-05-31,23,53.388,NO5
2025-05-31,24,53.584,NO5
2025-06-01,1,55.304,NO5
2025-06-01,2,55.304,NO5
2025-06-01,3,54.288,NO5
2025-06-01,4,54.265,NO5
2025-06-01,5,51.94500000000001,NO5
2025-06-01,6,43.901,NO5
2025-06-01,7,31.553,NO5
2025-06-01,8,15.915,NO5
2025-06-01,9,3.5780000000000003,NO5
2025-06-01,10,0.842,NO5
2025-06-01,11,25.898000000000003,NO5
2025-06-01,12,8.009,NO5
2025-06-01,13,36.469,NO5
2025-06-01,14,34.645,NO5
2025-06-01,15,40.854,NO5
2025-06-01,16,40.439,NO5
2025-06-01,17,33.214,NO5
2025-06-01,18,33.399,NO5
2025-06-01,19,32.660000000000004,NO5
2025-06-01,20,49.129000000000005,NO5
2025-06-01,21,54.184000000000005,NO5
2025-06-01,22,54.23,NO5
2025-06-01,23,53.792,NO5
2025-06-01,24,52.811,NO5
2025-06-02,1,49.562,NO5
2025-06-02,2,47.295,NO5
2025-06-02,3,43.715,NO5
2025-06-02,4,43.588,NO5
2025-06-02,5,43.726,NO5
2025-06-02,6,51.818,NO5
2025-06-02,7,55.58200000000001,NO5
2025-06-02,8,55.927,NO5
2025-06-02,9,55.743,NO5
2025-06-02,10,54.937,NO5
2025-06-02,11,54.983,NO5
2025-06-02,12,54.166,NO5
2025-06-02,13,54.224,NO5
2025-06-02,14,46.569,NO5
2025-06-02,15,51.07,NO5
2025-06-02,16,55.029,NO5
2025-06-02,17,54.649,NO5
2025-06-02,18,55.58200000000001,NO5
2025-06-02,19,55.754,NO5
2025-06-02,20,55.754,NO5
2025-06-02,21,55.985,NO5
2025-06-02,22,56.077,NO5
2025-06-02,23,55.870000000000005,NO5
2025-06-02,24,55.616,NO5
2025-06-03,1,55.451,NO5
2025-06-03,2,55.370000000000005,NO5
2025-06-03,3,54.343,NO5
2025-06-03,4,52.441,NO5
2025-06-03,5,54.378,NO5
2025-06-03,6,55.312,NO5
2025-06-03,7,55.393,NO5
2025-06-03,8,55.416,NO5
2025-06-03,9,55.831,NO5
2025-06-03,10,52.464,NO5
2025-06-03,11,45.671,NO5
2025-06-03,12,26.733,NO5
2025-06-03,13,8.039,NO5
2025-06-03,14,2.976,NO5
2025-06-03,15,3.056,NO5
2025-06-03,16,6.62,NO5
2025-06-03,17,36.917,NO5
2025-06-03,18,49.684,NO5
2025-06-03,19,55.624,NO5
2025-06-03,20,55.53099999999999,NO5
2025-06-03,21,55.428,NO5
2025-06-03,22,55.462,NO5
2025-06-03,23,55.612,NO5
2025-06-03,24,52.96,NO5
2025-06-04,1,51.971,NO5
2025-06-04,2,46.661,NO5
2025-06-04,3,40.361,NO5
2025-06-04,4,37.389,NO5
2025-06-04,5,37.942,NO5
2025-06-04,6,32.839,NO5
2025-06-04,7,55.277,NO5
2025-06-04,8,56.821000000000005,NO5
2025-06-04,9,56.971,NO5
2025-06-04,10,56.798,NO5
2025-06-04,11,55.128,NO5
2025-06-04,12,44.611,NO5
2025-06-04,13,52.259,NO5
2025-06-04,14,43.102,NO5
2025-06-04,15,46.719,NO5
2025-06-04,16,45.406,NO5
2025-06-04,17,55.346,NO5
2025-06-04,18,56.41799999999999,NO5
2025-06-04,19,56.74,NO5
2025-06-04,20,56.521,NO5
2025-06-04,21,56.729,NO5
2025-06-04,22,56.59,NO5
2025-06-04,23,56.141,NO5
2025-06-04,24,56.061,NO5
2025-06-05,1,38.89,NO5
2025-06-05,2,37.588,NO5
2025-06-05,3,40.32,NO5
2025-06-05,4,40.389,NO5
2025-06-05,5,44.7,NO5
2025-06-05,6,54.52,NO5
2025-06-05,7,54.54299999999999,NO5
2025-06-05,8,54.947,NO5
2025-06-05,9,55.29299999999999,NO5
2025-06-05,10,55.085,NO5
2025-06-05,11,55.731,NO5
2025-06-05,12,53.264,NO5
2025-06-05,13,44.515,NO5
2025-06-05,14,40.331,NO5
2025-06-05,15,49.253,NO5
2025-06-05,16,40.331,NO5
2025-06-05,17,55.062,NO5
2025-06-05,18,55.039,NO5
2025-06-05,19,54.901,NO5
2025-06-05,20,54.843,NO5
2025-06-05,21,54.809000000000005,NO5
2025-06-05,22,54.451,NO5
2025-06-05,23,54.186,NO5
2025-06-05,24,54.025,NO5
2025-06-06,1,53.149,NO5
2025-06-06,2,43.284,NO5
2025-06-06,3,53.322,NO5
2025-06-06,4,54.336,NO5
2025-06-06,5,54.393,NO5
2025-06-06,6,54.70399999999999,NO5
2025-06-06,7,55.557,NO5
2025-06-06,8,55.165,NO5
2025-06-06,9,56.617,NO5
2025-06-06,10,46.638,NO5
2025-06-06,11,50.752,NO5
2025-06-06,12,46.384,NO5
2025-06-06,13,45.497,NO5
2025-06-06,14,39.481,NO5
2025-06-06,15,47.168,NO5
2025-06-06,16,53.299,NO5
2025-06-06,17,53.056,NO5
2025-06-06,18,53.172,NO5
2025-06-06,19,53.137,NO5
2025-06-06,20,55.44199999999999,NO5
2025-06-06,21,55.44199999999999,NO5
2025-06-06,22,55.419,NO5
2025-06-06,23,55.477,NO5
2025-06-06,24,54.727,NO5
2025-06-07,1,47.318,NO5
2025-06-07,2,43.434,NO5
2025-06-07,3,39.527,NO5
2025-06-07,4,26.724,NO5
2025-06-07,5,24.661,NO5
2025-06-07,6,24.949,NO5
2025-06-07,7,34.595,NO5
2025-06-07,8,40.611,NO5
2025-06-07,9,43.768,NO5
2025-06-07,10,45.209,NO5
2025-06-07,11,48.389,NO5
2025-06-07,12,46.73,NO5
2025-06-07,13,42.708,NO5
2025-06-07,14,34.595,NO5
2025-06-07,15,26.482,NO5
2025-06-07,16,43.78,NO5
2025-06-07,17,42.961,NO5
2025-06-07,18,43.768,NO5
2025-06-07,19,51.8,NO5
2025-06-07,20,54.163,NO5
2025-06-07,21,54.197,NO5
2025-06-07,22,54.163,NO5
2025-06-07,23,54.347,NO5
2025-06-07,24,54.393,NO5
2025-06-08,1,52.45700000000001,NO5
2025-06-08,2,52.538,NO5
2025-06-08,3,52.238,NO5
2025-06-08,4,52.838,NO5
2025-06-08,5,55.211,NO5
2025-06-08,6,53.448,NO5
2025-06-08,7,39.758,NO5
2025-06-08,8,39.585,NO5
2025-06-08,9,39.285,NO5
2025-06-08,10,39.274,NO5
2025-06-08,11,39.285,NO5
2025-06-08,12,39.596,NO5
2025-06-08,13,39.596,NO5
2025-06-08,14,39.596,NO5
2025-06-08,15,39.585,NO5
2025-06-08,16,39.585,NO5
2025-06-08,17,39.585,NO5
2025-06-08,18,39.758,NO5
2025-06-08,19,39.769,NO5
2025-06-08,20,46.718,NO5
2025-06-08,21,56.122,NO5
2025-06-08,22,55.868,NO5
2025-06-08,23,55.615,NO5
2025-06-08,24,55.327,NO5
2025-06-09,1,43.722,NO5
2025-06-09,2,36.877,NO5
2025-06-09,3,34.791000000000004,NO5
2025-06-09,4,34.595,NO5
2025-06-09,5,26.413,NO5
2025-06-09,6,39.112,NO5
2025-06-09,7,51.478,NO5
2025-06-09,8,46.131,NO5
2025-06-09,9,46.488,NO5
2025-06-09,10,51.870000000000005,NO5
2025-06-09,11,52.907,NO5
2025-06-09,12,52.964,NO5
2025-06-09,13,53.206,NO5
2025-06-09,14,52.584,NO5
2025-06-09,15,52.61900000000001,NO5
2025-06-09,16,53.84,NO5
2025-06-09,17,55.004,NO5
2025-06-09,18,54.105,NO5
2025-06-09,19,54.071000000000005,NO5
2025-06-09,20,54.243,NO5
2025-06-09,21,54.843,NO5
2025-06-09,22,54.716,NO5
2025-06-09,23,54.324,NO5
2025-06-09,24,54.025,NO5
2025-06-10,1,54.855,NO5
2025-06-10,2,54.107000000000006,NO5
2025-06-10,3,54.11900000000001,NO5
2025-06-10,4,52.117,NO5
2025-06-10,5,52.163,NO5
2025-06-10,6,54.924,NO5
2025-06-10,7,56.11,NO5
2025-06-10,8,56.478,NO5
2025-06-10,9,56.86900000000001,NO5
2025-06-10,10,56.766,NO5
2025-06-10,11,55.534000000000006,NO5
2025-06-10,12,55.166,NO5
2025-06-10,13,53.394000000000005,NO5
2025-06-10,14,53.532,NO5
2025-06-10,15,52.991,NO5
2025-06-10,16,52.749,NO5
2025-06-10,17,54.453,NO5
2025-06-10,18,55.753,NO5
2025-06-10,19,56.144000000000005,NO5
2025-06-10,20,57.191,NO5
2025-06-10,21,57.675,NO5
2025-06-10,22,57.583000000000006,NO5
2025-06-10,23,56.961,NO5
2025-06-10,24,57.134,NO5
2025-06-11,1,56.245000000000005,NO5
2025-06-11,2,56.28,NO5
2025-06-11,3,56.419,NO5
2025-06-11,4,56.407,NO5
2025-06-11,5,56.419,NO5
2025-06-11,6,56.673,NO5
2025-06-11,7,57.032,NO5
2025-06-11,8,57.842,NO5
2025-06-11,9,58.478,NO5
2025-06-11,10,57.83,NO5
2025-06-11,11,57.414,NO5
2025-06-11,12,57.17100000000001,NO5
2025-06-11,13,56.28,NO5
2025-06-11,14,55.956,NO5
2025-06-11,15,56.639,NO5
2025-06-11,16,56.777,NO5
2025-06-11,17,57.101,NO5
2025-06-11,18,57.46,NO5
2025-06-11,19,57.726,NO5
2025-06-11,20,57.795,NO5
2025-06-11,21,58.015,NO5
2025-06-11,22,57.61,NO5
2025-06-11,23,57.263,NO5
2025-06-11,24,57.17100000000001,NO5
2025-06-12,1,56.794,NO5
2025-06-12,2,56.724,NO5
2025-06-12,3,56.759,NO5
2025-06-12,4,56.655,NO5
2025-06-12,5,55.914,NO5
2025-06-12,6,56.25,NO5
2025-06-12,7,57.384,NO5
2025-06-12,8,58.946000000000005,NO5
2025-06-12,9,59.56,NO5
2025-06-12,10,57.847,NO5
2025-06-12,11,56.736,NO5
2025-06-12,12,51.203,NO5
2025-06-12,13,39.872,NO5
2025-06-12,14,44.039,NO5
2025-06-12,15,44.051,NO5
2025-06-12,16,55.092,NO5
2025-06-12,17,56.597,NO5
2025-06-12,18,56.736,NO5
2025-06-12,19,57.720000000000006,NO5
2025-06-12,20,58.17100000000001,NO5
2025-06-12,21,58.321000000000005,NO5
2025-06-12,22,57.65,NO5
2025-06-12,23,57.28,NO5
2025-06-12,24,55.787,NO5
2025-06-13,1,57.858,NO5
2025-06-13,2,57.24,NO5
2025-06-13,3,57.034000000000006,NO5
2025-06-13,4,56.977,NO5
2025-06-13,5,56.737,NO5
2025-06-13,6,57.584,NO5
2025-06-13,7,60.525,NO5
2025-06-13,8,63.077,NO5
2025-06-13,9,62.687,NO5
2025-06-13,10,58.099,NO5
2025-06-13,11,56.279,NO5
2025-06-13,12,53.247,NO5
2025-06-13,13,52.961,NO5
2025-06-13,14,52.17100000000001,NO5
2025-06-13,15,55.238,NO5
2025-06-13,16,53.75,NO5
2025-06-13,17,56.199,NO5
2025-06-13,18,57.263,NO5
2025-06-13,19,62.264,NO5
2025-06-13,20,62.321000000000005,NO5
2025-06-13,21,61.67999999999999,NO5
2025-06-13,22,58.648,NO5
2025-06-13,23,57.79,NO5
2025-06-13,24,56.92,NO5
2025-06-14,1,55.81,NO5
2025-06-14,2,55.924,NO5
2025-06-14,3,55.821000000000005,NO5
2025-06-14,4,55.341,NO5
2025-06-14,5,55.215,NO5
2025-06-14,6,52.835,NO5
2025-06-14,7,50.329,NO5
2025-06-14,8,45.557,NO5
2025-06-14,9,37.146,NO5
2025-06-14,10,34.376,NO5
2025-06-14,11,37.146,NO5
2025-06-14,12,37.146,NO5
2025-06-14,13,42.959,NO5
2025-06-14,14,39.331,NO5
2025-06-14,15,36.242,NO5
2025-06-14,16,25.931,NO5
2025-06-14,17,53.762,NO5
2025-06-14,18,55.169,NO5
2025-06-14,19,55.135000000000005,NO5
2025-06-14,20,57.034000000000006,NO5
2025-06-14,21,57.767,NO5
2025-06-14,22,57.71,NO5
2025-06-14,23,56.886,NO5
2025-06-14,24,56.542,NO5
2025-06-15,1,56.645,NO5
2025-06-15,2,56.497,NO5
2025-06-15,3,56.508,NO5
2025-06-15,4,56.13,NO5
2025-06-15,5,55.913,NO5
2025-06-15,6,55.81,NO5
2025-06-15,7,53.876,NO5
2025-06-15,8,53.762,NO5
2025-06-15,9,53.762,NO5
2025-06-15,10,49.722,NO5
2025-06-15,11,37.111,NO5
2025-06-15,12,8.274,NO5
2025-06-15,13,0.755,NO5
2025-06-15,14,-3.444,NO5
2025-06-15,15,-0.687,NO5
2025-06-15,16,1.327,NO5
2025-06-15,17,46.609,NO5
2025-06-15,18,55.821000000000005,NO5
2025-06-15,19,56.634,NO5
2025-06-15,20,56.428,NO5
2025-06-15,21,56.153,NO5
2025-06-15,22,56.039,NO5
2025-06-15,23,55.959,NO5
2025-06-15,24,55.799,NO5
2025-06-16,1,55.076,NO5
2025-06-16,2,53.91799999999999,NO5
2025-06-16,3,54.30800000000001,NO5
2025-06-16,4,51.017,NO5
2025-06-16,5,50.799,NO5
2025-06-16,6,51.877,NO5
2025-06-16,7,55.363,NO5
2025-06-16,8,56.498000000000005,NO5
2025-06-16,9,56.395,NO5
2025-06-16,10,54.743,NO5
2025-06-16,11,54.629,NO5
2025-06-16,12,55.248000000000005,NO5
2025-06-16,13,54.583000000000006,NO5
2025-06-16,14,39.859,NO5
2025-06-16,15,45.914,NO5
2025-06-16,16,53.929,NO5
2025-06-16,17,55.374,NO5
2025-06-16,18,55.397000000000006,NO5
2025-06-16,19,55.397000000000006,NO5
2025-06-16,20,55.225,NO5
2025-06-16,21,55.34,NO5
2025-06-16,22,55.122,NO5
2025-06-16,23,55.15599999999999,NO5
2025-06-16,24,51.79600000000001,NO5
2025-06-17,1,52.69199999999999,NO5
2025-06-17,2,51.036,NO5
2025-06-17,3,50.991,NO5
2025-06-17,4,50.945,NO5
2025-06-17,5,51.322,NO5
2025-06-17,6,52.669,NO5
2025-06-17,7,53.685,NO5
2025-06-17,8,54.416,NO5
2025-06-17,9,54.644000000000005,NO5
2025-06-17,10,54.393,NO5
2025-06-17,11,54.324,NO5
2025-06-17,12,53.731,NO5
2025-06-17,13,50.385000000000005,NO5
2025-06-17,14,50.226,NO5
2025-06-17,15,50.979,NO5
2025-06-17,16,53.354,NO5
2025-06-17,17,53.765,NO5
2025-06-17,18,52.715,NO5
2025-06-17,19,52.943,NO5
2025-06-17,20,53.263,NO5
2025-06-17,21,53.24,NO5
2025-06-17,22,53.148,NO5
2025-06-17,23,52.82899999999999,NO5
2025-06-17,24,52.6,NO5
2025-06-18,1,49.585,NO5
2025-06-18,2,45.866,NO5
2025-06-18,3,45.866,NO5
2025-06-18,4,45.866,NO5
2025-06-18,5,45.866,NO5
2025-06-18,6,49.756,NO5
2025-06-18,7,52.938,NO5
2025-06-18,8,54.265,NO5
2025-06-18,9,54.38,NO5
2025-06-18,10,53.968,NO5
2025-06-18,11,53.533,NO5
2025-06-18,12,53.647000000000006,NO5
2025-06-18,13,38.233,NO5
2025-06-18,14,9.292,NO5
2025-06-18,15,8.686,NO5
2025-06-18,16,36.104,NO5
2025-06-18,17,51.45,NO5
2025-06-18,18,54.048,NO5
2025-06-18,19,54.185,NO5
2025-06-18,20,53.91,NO5
2025-06-18,21,54.08200000000001,NO5
2025-06-18,22,54.013,NO5
2025-06-18,23,53.819,NO5
2025-06-18,24,51.496,NO5
2025-06-19,1,47.948,NO5
2025-06-19,2,40.326,NO5
2025-06-19,3,34.917,NO5
2025-06-19,4,34.802,NO5
2025-06-19,5,34.802,NO5
2025-06-19,6,35.413,NO5
2025-06-19,7,39.38,NO5
2025-06-19,8,43.197,NO5
2025-06-19,9,42.77,NO5
2025-06-19,10,38.031,NO5
2025-06-19,11,35.84,NO5
2025-06-19,12,22.544,NO5
2025-06-19,13,18.208,NO5
2025-06-19,14,15.002,NO5
2025-06-19,15,19.938,NO5
2025-06-19,16,34.814,NO5
2025-06-19,17,45.665,NO5
2025-06-19,18,49.263,NO5
2025-06-19,19,50.716,NO5
2025-06-19,20,51.419,NO5
2025-06-19,21,51.534000000000006,NO5
2025-06-19,22,51.511,NO5
2025-06-19,23,51.304,NO5
2025-06-19,24,50.727,NO5
2025-06-20,1,42.704,NO5
2025-06-20,2,41.069,NO5
2025-06-20,3,41.498000000000005,NO5
2025-06-20,4,40.164,NO5
2025-06-20,5,39.433,NO5
2025-06-20,6,41.474,NO5
2025-06-20,7,42.286,NO5
2025-06-20,8,46.427,NO5
2025-06-20,9,46.995,NO5
2025-06-20,10,46.288,NO5
2025-06-20,11,44.907,NO5
2025-06-20,12,40.941,NO5
2025-06-20,13,36.696,NO5
2025-06-20,14,39.05,NO5
2025-06-20,15,40.663,NO5
2025-06-20,16,42.46,NO5
2025-06-20,17,43.319,NO5
2025-06-20,18,45.754000000000005,NO5
2025-06-20,19,47.192,NO5
2025-06-20,20,46.717,NO5
2025-06-20,21,47.529,NO5
2025-06-20,22,46.415,NO5
2025-06-20,23,45.998000000000005,NO5
2025-06-20,24,43.423,NO5
2025-06-21,1,40.558,NO5
2025-06-21,2,39.63,NO5
2025-06-21,3,40.477,NO5
2025-06-21,4,40.454,NO5
2025-06-21,5,39.422,NO5
2025-06-21,6,40.535,NO5
2025-06-21,7,40.57,NO5
2025-06-21,8,40.57,NO5
2025-06-21,9,42.089,NO5
2025-06-21,10,44.154,NO5
2025-06-21,11,44.003,NO5
2025-06-21,12,40.57,NO5
2025-06-21,13,35.049,NO5
2025-06-21,14,37.346,NO5
2025-06-21,15,37.682,NO5
2025-06-21,16,37.67,NO5
2025-06-21,17,40.361,NO5
2025-06-21,18,43.33,NO5
2025-06-21,19,41.892,NO5
2025-06-21,20,43.319,NO5
2025-06-21,21,43.319,NO5
2025-06-21,22,45.07,NO5
2025-06-21,23,46.612,NO5
2025-06-21,24,46.578,NO5
2025-06-22,1,39.34,NO5
2025-06-22,2,38.471,NO5
2025-06-22,3,38.111,NO5
2025-06-22,4,37.682,NO5
2025-06-22,5,37.578,NO5
2025-06-22,6,38.285,NO5
2025-06-22,7,38.529,NO5
2025-06-22,8,37.937,NO5
2025-06-22,9,25.075,NO5
2025-06-22,10,1.519,NO5
2025-06-22,11,0.963,NO5
2025-06-22,12,15.588,NO5
2025-06-22,13,4.825,NO5
2025-06-22,14,7.516,NO5
2025-06-22,15,12.421,NO5
2025-06-22,16,3.955,NO5
2025-06-22,17,36.418,NO5
2025-06-22,18,38.807,NO5
2025-06-22,19,39.34,NO5
2025-06-22,20,40.558,NO5
2025-06-22,21,39.781,NO5
2025-06-22,22,37.67,NO5
2025-06-22,23,37.67,NO5
2025-06-22,24,37.67,NO5
2025-06-23,1,36.927,NO5
2025-06-23,2,36.728,NO5
2025-06-23,3,36.717,NO5
2025-06-23,4,36.25,NO5
2025-06-23,5,35.608999999999995,NO5
2025-06-23,6,26.826,NO5
2025-06-23,7,36.927,NO5
2025-06-23,8,37.510000000000005,NO5
2025-06-23,9,40.717,NO5
2025-06-23,10,22.907,NO5
2025-06-23,11,35.177,NO5
2025-06-23,12,3.102,NO5
2025-06-23,13,1.108,NO5
2025-06-23,14,14.486,NO5
2025-06-23,15,0.373,NO5
2025-06-23,16,0.688,NO5
2025-06-23,17,0.921,NO5
2025-06-23,18,3.721,NO5
2025-06-23,19,3.499,NO5
2025-06-23,20,31.526,NO5
2025-06-23,21,38.455,NO5
2025-06-23,22,38.688,NO5
2025-06-23,23,38.455,NO5
2025-06-23,24,38.338,NO5
2025-06-24,1,37.247,NO5
2025-06-24,2,36.662,NO5
2025-06-24,3,36.556,NO5
2025-06-24,4,36.603,NO5
2025-06-24,5,34.471,NO5
2025-06-24,6,36.72,NO5
2025-06-24,7,38.22,NO5
2025-06-24,8,38.641000000000005,NO5
2025-06-24,9,39.824,NO5
2025-06-24,10,38.22,NO5
2025-06-24,11,35.291000000000004,NO5
2025-06-24,12,30.360000000000003,NO5
2025-06-24,13,32.187,NO5
2025-06-24,14,39.075,NO5
2025-06-24,15,37.306,NO5
2025-06-24,16,36.486,NO5
2025-06-24,17,39.988,NO5
2025-06-24,18,37.435,NO5
2025-06-24,19,38.969,NO5
2025-06-24,20,39.192,NO5
2025-06-24,21,38.629000000000005,NO5
2025-06-24,22,38.489,NO5
2025-06-24,23,38.032,NO5
2025-06-24,24,38.079,NO5
2025-06-25,1,36.783,NO5
2025-06-25,2,36.336,NO5
2025-06-25,3,36.347,NO5
2025-06-25,4,36.241,NO5
2025-06-25,5,35.664,NO5
2025-06-25,6,34.651,NO5
2025-06-25,7,36.454,NO5
2025-06-25,8,40.129000000000005,NO5
2025-06-25,9,41.178,NO5
2025-06-25,10,41.084,NO5
2025-06-25,11,38.857,NO5
2025-06-25,12,36.489,NO5
2025-06-25,13,36.194,NO5
2025-06-25,14,36.442,NO5
2025-06-25,15,38.845,NO5
2025-06-25,16,39.093,NO5
2025-06-25,17,40.129000000000005,NO5
2025-06-25,18,38.857,NO5
2025-06-25,19,39.175,NO5
2025-06-25,20,41.261,NO5
2025-06-25,21,41.732,NO5
2025-06-25,22,41.626,NO5
2025-06-25,23,38.845,NO5
2025-06-25,24,35.499,NO5
2025-06-26,1,31.728,NO5
2025-06-26,2,32.165,NO5
2025-06-26,3,30.583,NO5
2025-06-26,4,30.783,NO5
2025-06-26,5,32.874,NO5
2025-06-26,6,32.957,NO5
2025-06-26,7,32.319,NO5
2025-06-26,8,34.221,NO5
2025-06-26,9,36.938,NO5
2025-06-26,10,36.879000000000005,NO5
2025-06-26,11,35.119,NO5
2025-06-26,12,34.197,NO5
2025-06-26,13,35.461,NO5
2025-06-26,14,33.737,NO5
2025-06-26,15,33.17,NO5
2025-06-26,16,33.5,NO5
2025-06-26,17,34.965,NO5
2025-06-26,18,34.268,NO5
2025-06-26,19,38.32,NO5
2025-06-26,20,38.946,NO5
2025-06-26,21,38.958,NO5
2025-06-26,22,38.414,NO5
2025-06-26,23,38.946,NO5
2025-06-26,24,37.623000000000005,NO5
2025-06-27,1,32.120999999999995,NO5
2025-06-27,2,32.416000000000004,NO5
2025-06-27,3,31.284,NO5
2025-06-27,4,29.975,NO5
2025-06-27,5,29.598000000000003,NO5
2025-06-27,6,30.117,NO5
2025-06-27,7,30.659,NO5
2025-06-27,8,33.242000000000004,NO5
2025-06-27,9,34.102,NO5
2025-06-27,10,33.643,NO5
2025-06-27,11,32.864,NO5
2025-06-27,12,33.171,NO5
2025-06-27,13,28.395,NO5
2025-06-27,14,11.745,NO5
2025-06-27,15,20.188,NO5
2025-06-27,16,26.013,NO5
2025-06-27,17,33.395,NO5
2025-06-27,18,28.89,NO5
2025-06-27,19,26.001,NO5
2025-06-27,20,27.015,NO5
2025-06-27,21,23.301,NO5
2025-06-27,22,24.893,NO5
2025-06-27,23,23.56,NO5
2025-06-27,24,22.464,NO5
2025-06-28,1,21.32,NO5
2025-06-28,2,22.688,NO5
2025-06-28,3,21.061,NO5
2025-06-28,4,20.624,NO5
2025-06-28,5,15.212,NO5
2025-06-28,6,12.311,NO5
2025-06-28,7,8.206999999999999,NO5
2025-06-28,8,21.072,NO5
2025-06-28,9,20.73,NO5
2025-06-28,10,5.118,NO5
2025-06-28,11,0.354,NO5
2025-06-28,12,0.0829999999999999,NO5
2025-06-28,13,-0.507,NO5
2025-06-28,14,-1.132,NO5
2025-06-28,15,-1.332,NO5
2025-06-28,16,0.047,NO5
2025-06-28,17,2.465,NO5
2025-06-28,18,18.525,NO5
2025-06-28,19,19.127,NO5
2025-06-28,20,20.624,NO5
2025-06-28,21,18.396,NO5
2025-06-28,22,16.403,NO5
2025-06-28,23,17.605,NO5
2025-06-28,24,17.311,NO5
2025-06-29,1,10.884,NO5
2025-06-29,2,9.976,NO5
2025-06-29,3,11.037,NO5
2025-06-29,4,11.179,NO5
2025-06-29,5,10.625,NO5
2025-06-29,6,11.191,NO5
2025-06-29,7,11.309,NO5
2025-06-29,8,11.768,NO5
2025-06-29,9,14.103,NO5
2025-06-29,10,3.5729999999999995,NO5
2025-06-29,11,1.981,NO5
2025-06-29,12,-0.024,NO5
2025-06-29,13,-4.339,NO5
2025-06-29,14,-8.891,NO5
2025-06-29,15,-1.049,NO5
2025-06-29,16,1.1789999999999998,NO5
2025-06-29,17,7.098999999999999,NO5
2025-06-29,18,11.851,NO5
2025-06-29,19,18.796,NO5
2025-06-29,20,18.513,NO5
2025-06-29,21,18.242,NO5
2025-06-29,22,18.289,NO5
2025-06-29,23,16.851,NO5
2025-06-29,24,18.655,NO5
2025-06-30,1,16.9,NO5
2025-06-30,2,16.413999999999998,NO5
2025-06-30,3,19.065,NO5
2025-06-30,4,17.846,NO5
2025-06-30,5,18.699,NO5
2025-06-30,6,19.219,NO5
2025-06-30,7,19.775,NO5
2025-06-30,8,26.829,NO5
2025-06-30,9,27.279000000000003,NO5
2025-06-30,10,27.361,NO5
2025-06-30,11,27.373,NO5
2025-06-30,12,27.267000000000003,NO5
2025-06-30,13,23.716,NO5
2025-06-30,14,24.071,NO5
2025-06-30,15,26.829,NO5
2025-06-30,16,23.562,NO5
2025-06-30,17,27.645,NO5
2025-06-30,18,29.326,NO5
2025-06-30,19,29.693,NO5
2025-06-30,20,30.367,NO5
2025-06-30,21,30.616000000000003,NO5
2025-06-30,22,29.681,NO5
2025-06-30,23,28.332,NO5
2025-06-30,24,26.841,NO5
2025-07-01,1,17.743000000000002,NO5
2025-07-01,2,20.088,NO5
2025-07-01,3,26.176,NO5
2025-07-01,4,25.406,NO5
2025-07-01,5,17.814,NO5
2025-07-01,6,26.093,NO5
2025-07-01,7,26.034,NO5
2025-07-01,8,27.823,NO5
2025-07-01,9,27.456,NO5
2025-07-01,10,26.851,NO5
2025-07-01,11,25.406,NO5
2025-07-01,12,26.532,NO5
2025-07-01,13,21.095,NO5
2025-07-01,14,19.982,NO5
2025-07-01,15,23.784,NO5
2025-07-01,16,24.115,NO5
2025-07-01,17,26.84,NO5
2025-07-01,18,25.774,NO5
2025-07-01,19,27.894,NO5
2025-07-01,20,29.374,NO5
2025-07-01,21,28.995,NO5
2025-07-01,22,28.723000000000003,NO5
2025-07-01,23,27.183,NO5
2025-07-01,24,24.506,NO5
2025-07-02,1,23.887,NO5
2025-07-02,2,22.984,NO5
2025-07-02,3,19.029,NO5
2025-07-02,4,18.945,NO5
2025-07-02,5,19.86,NO5
2025-07-02,6,23.21,NO5
2025-07-02,7,24.291,NO5
2025-07-02,8,26.571,NO5
2025-07-02,9,28.519,NO5
2025-07-02,10,26.239,NO5
2025-07-02,11,24.694,NO5
2025-07-02,12,24.623,NO5
2025-07-02,13,23.364,NO5
2025-07-02,14,23.221,NO5
2025-07-02,15,23.91,NO5
2025-07-02,16,24.136000000000003,NO5
2025-07-02,17,24.576,NO5
2025-07-02,18,25.87,NO5
2025-07-02,19,28.507,NO5
2025-07-02,20,30.325,NO5
2025-07-02,21,29.956,NO5
2025-07-02,22,29.184,NO5
2025-07-02,23,27.082,NO5
2025-07-02,24,24.754,NO5
2025-07-03,1,24.914,NO5
2025-07-03,2,24.712,NO5
2025-07-03,3,24.676,NO5
2025-07-03,4,24.094,NO5
2025-07-03,5,23.548,NO5
2025-07-03,6,21.256,NO5
2025-07-03,7,24.225,NO5
2025-07-03,8,24.641,NO5
2025-07-03,9,25.294,NO5
2025-07-03,10,24.724,NO5
2025-07-03,11,24.759,NO5
2025-07-03,12,24.474,NO5
2025-07-03,13,24.534,NO5
2025-07-03,14,24.106,NO5
2025-07-03,15,23.18,NO5
2025-07-03,16,23.845,NO5
2025-07-03,17,23.857,NO5
2025-07-03,18,23.904,NO5
2025-07-03,19,23.786,NO5
2025-07-03,20,22.586,NO5
2025-07-03,21,24.047,NO5
2025-07-03,22,24.189,NO5
2025-07-03,23,24.415,NO5
2025-07-03,24,24.213,NO5
2025-07-04,1,29.724,NO5
2025-07-04,2,28.919,NO5
2025-07-04,3,29.073,NO5
2025-07-04,4,29.073,NO5
2025-07-04,5,29.582,NO5
2025-07-04,6,29.073,NO5
2025-07-04,7,29.937,NO5
2025-07-04,8,30.198,NO5
2025-07-04,9,30.719,NO5
2025-07-04,10,30.364,NO5
2025-07-04,11,30.34,NO5
2025-07-04,12,30.388,NO5
2025-07-04,13,30.186,NO5
2025-07-04,14,14.655,NO5
2025-07-04,15,2.855,NO5
2025-07-04,16,22.0,NO5
2025-07-04,17,29.902,NO5
2025-07-04,18,29.724,NO5
2025-07-04,19,29.665,NO5
2025-07-04,20,29.736,NO5
2025-07-04,21,29.748,NO5
2025-07-04,22,29.618,NO5
2025-07-04,23,29.274,NO5
2025-07-04,24,29.523000000000003,NO5
2025-07-05,1,23.67,NO5
2025-07-05,2,19.642,NO5
2025-07-05,3,18.932,NO5
2025-07-05,4,19.619,NO5
2025-07-05,5,16.858,NO5
2025-07-05,6,5.793,NO5
2025-07-05,7,5.035,NO5
2025-07-05,8,8.696,NO5
2025-07-05,9,5.793,NO5
2025-07-05,10,17.747,NO5
2025-07-05,11,15.863,NO5
2025-07-05,12,3.068,NO5
2025-07-05,13,0.675,NO5
2025-07-05,14,0.438,NO5
2025-07-05,15,0.7230000000000001,NO5
2025-07-05,16,4.04,NO5
2025-07-05,17,16.065,NO5
2025-07-05,18,17.759,NO5
2025-07-05,19,27.011000000000003,NO5
2025-07-05,20,27.58,NO5
2025-07-05,21,27.817,NO5
2025-07-05,22,26.691000000000003,NO5
2025-07-05,23,25.471,NO5
2025-07-05,24,25.281,NO5
2025-07-06,1,20.851,NO5
2025-07-06,2,20.661,NO5
2025-07-06,3,19.69,NO5
2025-07-06,4,20.507,NO5
2025-07-06,5,20.27,NO5
2025-07-06,6,18.955,NO5
2025-07-06,7,19.488,NO5
2025-07-06,8,19.204,NO5
2025-07-06,9,20.152,NO5
2025-07-06,10,21.325,NO5
2025-07-06,11,23.789,NO5
2025-07-06,12,22.166,NO5
2025-07-06,13,22.213,NO5
2025-07-06,14,24.44,NO5
2025-07-06,15,21.798,NO5
2025-07-06,16,23.161,NO5
2025-07-06,17,23.789,NO5
2025-07-06,18,29.475,NO5
2025-07-06,19,29.973000000000003,NO5
2025-07-06,20,30.281,NO5
2025-07-06,21,30.624,NO5
2025-07-06,22,30.376,NO5
2025-07-06,23,30.127,NO5
2025-07-06,24,29.807,NO5
2025-07-07,1,24.274,NO5
2025-07-07,2,24.179,NO5
2025-07-07,3,23.193,NO5
2025-07-07,4,22.112,NO5
2025-07-07,5,22.362,NO5
2025-07-07,6,23.941,NO5
2025-07-07,7,24.642,NO5
2025-07-07,8,26.411,NO5
2025-07-07,9,29.677,NO5
2025-07-07,10,29.689,NO5
2025-07-07,11,29.713,NO5
2025-07-07,12,29.95,NO5
2025-07-07,13,30.057,NO5
2025-07-07,14,29.843,NO5
2025-07-07,15,29.914,NO5
2025-07-07,16,29.451,NO5
2025-07-07,17,24.559,NO5
2025-07-07,18,25.307,NO5
2025-07-07,19,25.853,NO5
2025-07-07,20,25.936,NO5
2025-07-07,21,25.069,NO5
2025-07-07,22,25.461,NO5
2025-07-07,23,25.307,NO5
2025-07-07,24,24.618,NO5
2025-07-08,1,26.64,NO5
2025-07-08,2,25.635,NO5
2025-07-08,3,25.102,NO5
2025-07-08,4,21.163,NO5
2025-07-08,5,21.305,NO5
2025-07-08,6,25.268,NO5
2025-07-08,7,28.083,NO5
2025-07-08,8,27.22,NO5
2025-07-08,9,28.249,NO5
2025-07-08,10,28.071,NO5
2025-07-08,11,28.202,NO5
2025-07-08,12,28.675,NO5
2025-07-08,13,28.343,NO5
2025-07-08,14,29.621,NO5
2025-07-08,15,28.864,NO5
2025-07-08,16,28.58,NO5
2025-07-08,17,28.651,NO5
2025-07-08,18,28.533,NO5
2025-07-08,19,28.616000000000003,NO5
2025-07-08,20,28.568,NO5
2025-07-08,21,28.769,NO5
2025-07-08,22,28.071,NO5
2025-07-08,23,27.409,NO5
2025-07-08,24,28.817,NO5
2025-07-09,1,28.144,NO5
2025-07-09,2,26.949,NO5
2025-07-09,3,26.523000000000003,NO5
2025-07-09,4,26.476,NO5
2025-07-09,5,26.286,NO5
2025-07-09,6,26.937,NO5
2025-07-09,7,27.682,NO5
2025-07-09,8,28.404000000000003,NO5
2025-07-09,9,27.221,NO5
2025-07-09,10,28.144,NO5
2025-07-09,11,28.522,NO5
2025-07-09,12,30.474,NO5
2025-07-09,13,30.036,NO5
2025-07-09,14,29.35,NO5
2025-07-09,15,27.162,NO5
2025-07-09,16,29.185,NO5
2025-07-09,17,29.433,NO5
2025-07-09,18,29.445,NO5
2025-07-09,19,27.895,NO5
2025-07-09,20,27.174,NO5
2025-07-09,21,29.386000000000003,NO5
2025-07-09,22,28.64,NO5
2025-07-09,23,27.197000000000003,NO5
2025-07-09,24,28.155,NO5
2025-07-10,1,29.295,NO5
2025-07-10,2,28.103,NO5
2025-07-10,3,27.147,NO5
2025-07-10,4,27.159,NO5
2025-07-10,5,26.864,NO5
2025-07-10,6,26.687,NO5
2025-07-10,7,28.847,NO5
2025-07-10,8,30.711,NO5
2025-07-10,9,30.428,NO5
2025-07-10,10,30.157,NO5
2025-07-10,11,30.546,NO5
2025-07-10,12,31.03,NO5
2025-07-10,13,30.298,NO5
2025-07-10,14,30.239,NO5
2025-07-10,15,29.921,NO5
2025-07-10,16,31.231,NO5
2025-07-10,17,31.443,NO5
2025-07-10,18,31.125,NO5
2025-07-10,19,29.885,NO5
2025-07-10,20,30.782,NO5
2025-07-10,21,30.818,NO5
2025-07-10,22,30.688,NO5
2025-07-10,23,30.794,NO5
2025-07-10,24,30.546,NO5
2025-07-11,1,27.21,NO5
2025-07-11,2,26.441000000000003,NO5
2025-07-11,3,22.75,NO5
2025-07-11,4,21.875,NO5
2025-07-11,5,22.241,NO5
2025-07-11,6,21.496,NO5
2025-07-11,7,26.453,NO5
2025-07-11,8,29.825,NO5
2025-07-11,9,29.363,NO5
2025-07-11,10,28.18,NO5
2025-07-11,11,26.95,NO5
2025-07-11,12,26.512,NO5
2025-07-11,13,26.347,NO5
2025-07-11,14,26.524,NO5
2025-07-11,15,26.512,NO5
2025-07-11,16,26.512,NO5
2025-07-11,17,26.524,NO5
2025-07-11,18,26.512,NO5
2025-07-11,19,26.524,NO5
2025-07-11,20,24.324,NO5
2025-07-11,21,22.466,NO5
2025-07-11,22,22.715,NO5
2025-07-11,23,22.253,NO5
2025-07-11,24,21.709,NO5
2025-07-12,1,23.176,NO5
2025-07-12,2,18.053,NO5
2025-07-12,3,22.502,NO5
2025-07-12,4,19.662,NO5
2025-07-12,5,21.532,NO5
2025-07-12,6,18.728,NO5
2025-07-12,7,17.923,NO5
2025-07-12,8,22.608,NO5
2025-07-12,9,22.076,NO5
2025-07-12,10,21.177,NO5
2025-07-12,11,19.875,NO5
2025-07-12,12,15.427,NO5
2025-07-12,13,6.093,NO5
2025-07-12,14,11.31,NO5
2025-07-12,15,17.758000000000003,NO5
2025-07-12,16,20.443,NO5
2025-07-12,17,23.448,NO5
2025-07-12,18,25.672000000000004,NO5
2025-07-12,19,26.063,NO5
2025-07-12,20,26.181,NO5
2025-07-12,21,25.578,NO5
2025-07-12,22,25.412,NO5
2025-07-12,23,25.081,NO5
2025-07-12,24,22.809,NO5
2025-07-13,1,-25.625,NO5
2025-07-13,2,-14.776,NO5
2025-07-13,3,-11.984,NO5
2025-07-13,4,-5.997999999999999,NO5
2025-07-13,5,-9.961,NO5
2025-07-13,6,-12.032,NO5
2025-07-13,7,-18.006,NO5
2025-07-13,8,-14.126,NO5
2025-07-13,9,-11.014,NO5
2025-07-13,10,-11.192,NO5
2025-07-13,11,-0.118,NO5
2025-07-13,12,13.972,NO5
2025-07-13,13,2.674,NO5
2025-07-13,14,1.455,NO5
2025-07-13,15,13.546,NO5
2025-07-13,16,12.114,NO5
2025-07-13,17,-10.778,NO5
2025-07-13,18,0.0,NO5
2025-07-13,19,7.406000000000001,NO5
2025-07-13,20,6.247,NO5
2025-07-13,21,-4.933,NO5
2025-07-13,22,-11.547,NO5
2025-07-13,23,-14.019,NO5
2025-07-13,24,-18.763,NO5
2025-07-14,1,-3.47,NO5
2025-07-14,2,-5.819,NO5
2025-07-14,3,-5.252000000000001,NO5
2025-07-14,4,-7.023000000000001,NO5
2025-07-14,5,-3.777,NO5
2025-07-14,6,-0.637,NO5
2025-07-14,7,-0.071,NO5
2025-07-14,8,1.168,NO5
2025-07-14,9,17.834,NO5
2025-07-14,10,19.015,NO5
2025-07-14,11,23.5,NO5
2025-07-14,12,19.05,NO5
2025-07-14,13,16.571,NO5
2025-07-14,14,1.039,NO5
2025-07-14,15,-0.047,NO5
2025-07-14,16,-0.012,NO5
2025-07-14,17,14.022,NO5
2025-07-14,18,17.823,NO5
2025-07-14,19,26.451,NO5
2025-07-14,20,26.451,NO5
2025-07-14,21,26.451,NO5
2025-07-14,22,23.877,NO5
2025-07-14,23,19.817,NO5
2025-07-14,24,17.705000000000002,NO5
2025-07-15,1,15.967,NO5
2025-07-15,2,16.027,NO5
2025-07-15,3,14.316999999999998,NO5
2025-07-15,4,12.881,NO5
2025-07-15,5,12.204,NO5
2025-07-15,6,16.537,NO5
2025-07-15,7,17.059,NO5
2025-07-15,8,17.558,NO5
2025-07-15,9,17.071,NO5
2025-07-15,10,16.893,NO5
2025-07-15,11,16.619999999999997,NO5
2025-07-15,12,15.279,NO5
2025-07-15,13,15.077000000000002,NO5
2025-07-15,14,15.504,NO5
2025-07-15,15,14.032,NO5
2025-07-15,16,15.469,NO5
2025-07-15,17,14.994,NO5
2025-07-15,18,17.237000000000002,NO5
2025-07-15,19,17.226,NO5
2025-07-15,20,17.071,NO5
2025-07-15,21,17.036,NO5
2025-07-15,22,17.047,NO5
2025-07-15,23,17.012,NO5
2025-07-15,24,16.264,NO5
2025-07-16,1,12.734,NO5
2025-07-16,2,11.349,NO5
2025-07-16,3,9.402,NO5
2025-07-16,4,8.41,NO5
2025-07-16,5,8.458,NO5
2025-07-16,6,8.971,NO5
2025-07-16,7,10.823,NO5
2025-07-16,8,12.722,NO5
2025-07-16,9,13.212,NO5
2025-07-16,10,12.496,NO5
2025-07-16,11,12.077,NO5
2025-07-16,12,12.054,NO5
2025-07-16,13,11.827,NO5
2025-07-16,14,11.898,NO5
2025-07-16,15,11.408,NO5
2025-07-16,16,11.48,NO5
2025-07-16,17,11.671,NO5
2025-07-16,18,11.588,NO5
2025-07-16,19,11.659,NO5
2025-07-16,20,11.468,NO5
2025-07-16,21,11.719,NO5
2025-07-16,22,11.289,NO5
2025-07-16,23,11.743,NO5
2025-07-16,24,11.42,NO5
2025-07-17,1,2.92,NO5
2025-07-17,2,1.46,NO5
2025-07-17,3,5.481,NO5
2025-07-17,4,2.932,NO5
2025-07-17,5,3.913,NO5
2025-07-17,6,5.17,NO5
2025-07-17,7,6.486,NO5
2025-07-17,8,1.819,NO5
2025-07-17,9,2.262,NO5
2025-07-17,10,2.465,NO5
2025-07-17,11,3.112,NO5
2025-07-17,12,3.411,NO5
2025-07-17,13,2.932,NO5
2025-07-17,14,2.597,NO5
2025-07-17,15,2.741,NO5
2025-07-17,16,2.932,NO5
2025-07-17,17,3.028,NO5
2025-07-17,18,3.53,NO5
2025-07-17,19,3.65,NO5
2025-07-17,20,3.734,NO5
2025-07-17,21,4.9670000000000005,NO5
2025-07-17,22,5.11,NO5
2025-07-17,23,5.625,NO5
2025-07-17,24,4.201,NO5
2025-07-18,1,5.893,NO5
2025-07-18,2,4.9350000000000005,NO5
2025-07-18,3,4.201,NO5
2025-07-18,4,3.81,NO5
2025-07-18,5,1.929,NO5
2025-07-18,6,3.763,NO5
2025-07-18,7,4.5200000000000005,NO5
2025-07-18,8,5.041,NO5
2025-07-18,9,4.875,NO5
2025-07-18,10,4.923,NO5
2025-07-18,11,4.958,NO5
2025-07-18,12,4.769,NO5
2025-07-18,13,4.757,NO5
2025-07-18,14,4.497,NO5
2025-07-18,15,4.331,NO5
2025-07-18,16,4.781000000000001,NO5
2025-07-18,17,4.970000000000001,NO5
2025-07-18,18,5.372,NO5
2025-07-18,19,5.668,NO5
2025-07-18,20,6.828,NO5
2025-07-18,21,8.366,NO5
2025-07-18,22,7.502,NO5
2025-07-18,23,9.076,NO5
2025-07-18,24,5.787,NO5
2025-07-19,1,4.509,NO5
2025-07-19,2,0.8880000000000001,NO5
2025-07-19,3,2.923,NO5
2025-07-19,4,2.8280000000000003,NO5
2025-07-19,5,0.805,NO5
2025-07-19,6,0.059,NO5
2025-07-19,7,0.059,NO5
2025-07-19,8,0.024,NO5
2025-07-19,9,0.627,NO5
2025-07-19,10,1.988,NO5
2025-07-19,11,0.059,NO5
2025-07-19,12,0.0829999999999999,NO5
2025-07-19,13,3.361,NO5
2025-07-19,14,2.899,NO5
2025-07-19,15,4.438000000000001,NO5
2025-07-19,16,0.308,NO5
2025-07-19,17,0.521,NO5
2025-07-19,18,4.828,NO5
2025-07-19,19,4.757,NO5
2025-07-19,20,4.9350000000000005,NO5
2025-07-19,21,5.053,NO5
2025-07-19,22,4.852,NO5
2025-07-19,23,3.739,NO5
2025-07-19,24,4.769,NO5
2025-07-20,1,7.170999999999999,NO5
2025-07-20,2,6.201,NO5
2025-07-20,3,6.035,NO5
2025-07-20,4,5.136,NO5
2025-07-20,5,5.301,NO5
2025-07-20,6,4.745,NO5
2025-07-20,7,4.272,NO5
2025-07-20,8,4.923,NO5
2025-07-20,9,5.455,NO5
2025-07-20,10,6.224,NO5
2025-07-20,11,6.236,NO5
2025-07-20,12,5.1,NO5
2025-07-20,13,5.065,NO5
2025-07-20,14,4.106,NO5
2025-07-20,15,4.367,NO5
2025-07-20,16,4.154,NO5
2025-07-20,17,4.9350000000000005,NO5
2025-07-20,18,6.366,NO5
2025-07-20,19,6.769,NO5
2025-07-20,20,6.875,NO5
2025-07-20,21,7.065,NO5
2025-07-20,22,7.633,NO5
2025-07-20,23,6.769,NO5
2025-07-20,24,6.531999999999999,NO5
2025-07-21,1,7.333,NO5
2025-07-21,2,7.06,NO5
2025-07-21,3,6.087,NO5
2025-07-21,4,5.968999999999999,NO5
2025-07-21,5,5.992,NO5
2025-07-21,6,5.399,NO5
2025-07-21,7,8.413,NO5
2025-07-21,8,8.638,NO5
2025-07-21,9,9.979,NO5
2025-07-21,10,8.567,NO5
2025-07-21,11,8.033,NO5
2025-07-21,12,8.84,NO5
2025-07-21,13,7.237999999999999,NO5
2025-07-21,14,7.523000000000001,NO5
2025-07-21,15,8.342,NO5
2025-07-21,16,9.801,NO5
2025-07-21,17,8.579,NO5
2025-07-21,18,9.291,NO5
2025-07-21,19,11.866,NO5
2025-07-21,20,11.866,NO5
2025-07-21,21,12.886,NO5
2025-07-21,22,12.341,NO5
2025-07-21,23,11.593,NO5
2025-07-21,24,10.822,NO5
2025-07-22,1,13.834,NO5
2025-07-22,2,13.572,NO5
2025-07-22,3,12.859,NO5
2025-07-22,4,12.502,NO5
2025-07-22,5,11.932,NO5
2025-07-22,6,11.956,NO5
2025-07-22,7,12.396,NO5
2025-07-22,8,17.851,NO5
2025-07-22,9,17.744,NO5
2025-07-22,10,17.803,NO5
2025-07-22,11,17.244,NO5
2025-07-22,12,17.209,NO5
2025-07-22,13,13.845,NO5
2025-07-22,14,12.941999999999998,NO5
2025-07-22,15,12.372,NO5
2025-07-22,16,12.265,NO5
2025-07-22,17,12.728,NO5
2025-07-22,18,14.024,NO5
2025-07-22,19,17.874000000000002,NO5
2025-07-22,20,17.851,NO5
2025-07-22,21,12.966,NO5
2025-07-22,22,12.918,NO5
2025-07-22,23,12.728,NO5
2025-07-22,24,12.396,NO5
2025-07-23,1,13.049,NO5
2025-07-23,2,12.635,NO5
2025-07-23,3,13.274,NO5
2025-07-23,4,13.297999999999998,NO5
2025-07-23,5,13.381,NO5
2025-07-23,6,13.132,NO5
2025-07-23,7,0.012,NO5
2025-07-23,8,14.044,NO5
2025-07-23,9,13.499,NO5
2025-07-23,10,13.677,NO5
2025-07-23,11,13.748,NO5
2025-07-23,12,13.641,NO5
2025-07-23,13,13.416,NO5
2025-07-23,14,12.611,NO5
2025-07-23,15,12.363,NO5
2025-07-23,16,13.724,NO5
2025-07-23,17,13.641,NO5
2025-07-23,18,14.743,NO5
2025-07-23,19,14.008,NO5
2025-07-23,20,14.707,NO5
2025-07-23,21,14.873,NO5
2025-07-23,22,15.394,NO5
2025-07-23,23,14.34,NO5
2025-07-23,24,14.589,NO5
2025-07-24,1,14.976,NO5
2025-07-24,2,14.834,NO5
2025-07-24,3,14.347,NO5
2025-07-24,4,14.287,NO5
2025-07-24,5,14.169,NO5
2025-07-24,6,14.062,NO5
2025-07-24,7,14.703,NO5
2025-07-24,8,16.081,NO5
2025-07-24,9,18.563,NO5
2025-07-24,10,19.228,NO5
2025-07-24,11,19.549,NO5
2025-07-24,12,18.183,NO5
2025-07-24,13,18.943,NO5
2025-07-24,14,18.551,NO5
2025-07-24,15,19.905,NO5
2025-07-24,16,19.109,NO5
2025-07-24,17,20.0,NO5
2025-07-24,18,17.839,NO5
2025-07-24,19,19.43,NO5
2025-07-24,20,20.404,NO5
2025-07-24,21,18.409,NO5
2025-07-24,22,17.827,NO5
2025-07-24,23,17.91,NO5
2025-07-24,24,18.325,NO5
2025-07-25,1,15.481,NO5
2025-07-25,2,14.601,NO5
2025-07-25,3,14.494,NO5
2025-07-25,4,14.422,NO5
2025-07-25,5,14.446000000000002,NO5
2025-07-25,6,14.339,NO5
2025-07-25,7,14.505,NO5
2025-07-25,8,15.053,NO5
2025-07-25,9,15.077000000000002,NO5
2025-07-25,10,14.613,NO5
2025-07-25,11,14.434,NO5
2025-07-25,12,14.16,NO5
2025-07-25,13,13.696000000000002,NO5
2025-07-25,14,13.256,NO5
2025-07-25,15,14.053,NO5
2025-07-25,16,13.672999999999998,NO5
2025-07-25,17,14.279,NO5
2025-07-25,18,14.672,NO5
2025-07-25,19,14.72,NO5
2025-07-25,20,15.089,NO5
2025-07-25,21,14.874,NO5
2025-07-25,22,15.338,NO5
2025-07-25,23,15.469,NO5
2025-07-25,24,15.267,NO5
2025-07-26,1,17.837,NO5
2025-07-26,2,16.957,NO5
2025-07-26,3,15.636,NO5
2025-07-26,4,16.302,NO5
2025-07-26,5,16.124000000000002,NO5
2025-07-26,6,16.255000000000003,NO5
2025-07-26,7,16.338,NO5
2025-07-26,8,15.672,NO5
2025-07-26,9,15.707,NO5
2025-07-26,10,15.981,NO5
2025-07-26,11,16.064,NO5
2025-07-26,12,15.886,NO5
2025-07-26,13,15.886,NO5
2025-07-26,14,15.993,NO5
2025-07-26,15,16.005000000000003,NO5
2025-07-26,16,15.779,NO5
2025-07-26,17,16.921,NO5
2025-07-26,18,16.743000000000002,NO5
2025-07-26,19,17.849,NO5
2025-07-26,20,18.682,NO5
2025-07-26,21,18.742,NO5
2025-07-26,22,18.551,NO5
2025-07-26,23,17.872999999999998,NO5
2025-07-26,24,17.372999999999998,NO5
2025-07-27,1,19.61,NO5
2025-07-27,2,19.051,NO5
2025-07-27,3,18.789,NO5
2025-07-27,4,18.801,NO5
2025-07-27,5,18.432,NO5
2025-07-27,6,18.42,NO5
2025-07-27,7,18.218,NO5
2025-07-27,8,18.468,NO5
2025-07-27,9,18.468,NO5
2025-07-27,10,18.206,NO5
2025-07-27,11,18.23,NO5
2025-07-27,12,18.159,NO5
2025-07-27,13,18.182,NO5
2025-07-27,14,15.231,NO5
2025-07-27,15,14.184,NO5
2025-07-27,16,18.135,NO5
2025-07-27,17,18.766,NO5
2025-07-27,18,19.408,NO5
2025-07-27,19,19.825,NO5
2025-07-27,20,20.229,NO5
2025-07-27,21,19.92,NO5
2025-07-27,22,19.836,NO5
2025-07-27,23,19.813,NO5
2025-07-27,24,19.17,NO5
2025-07-28,1,21.341,NO5
2025-07-28,2,21.163,NO5
2025-07-28,3,20.997,NO5
2025-07-28,4,20.842,NO5
2025-07-28,5,20.854,NO5
2025-07-28,6,20.902,NO5
2025-07-28,7,21.697,NO5
2025-07-28,8,22.29,NO5
2025-07-28,9,24.686,NO5
2025-07-28,10,24.876,NO5
2025-07-28,11,24.745,NO5
2025-07-28,12,24.401,NO5
2025-07-28,13,22.906,NO5
2025-07-28,14,22.539,NO5
2025-07-28,15,22.634,NO5
2025-07-28,16,22.646,NO5
2025-07-28,17,23.405,NO5
2025-07-28,18,23.179,NO5
2025-07-28,19,23.666,NO5
2025-07-28,20,23.701,NO5
2025-07-28,21,23.488,NO5
2025-07-28,22,23.262,NO5
2025-07-28,23,23.915,NO5
2025-07-28,24,24.188,NO5
2025-07-29,1,24.318,NO5
2025-07-29,2,23.798,NO5
2025-07-29,3,24.33,NO5
2025-07-29,4,23.858,NO5
2025-07-29,5,23.491,NO5
2025-07-29,6,23.479,NO5
2025-07-29,7,24.2,NO5
2025-07-29,8,24.413,NO5
2025-07-29,9,24.578,NO5
2025-07-29,10,23.503,NO5
2025-07-29,11,22.57,NO5
2025-07-29,12,22.416,NO5
2025-07-29,13,22.428,NO5
2025-07-29,14,22.522,NO5
2025-07-29,15,22.546,NO5
2025-07-29,16,21.258000000000003,NO5
2025-07-29,17,23.562,NO5
2025-07-29,18,24.354,NO5
2025-07-29,19,24.578,NO5
2025-07-29,20,24.342,NO5
2025-07-29,21,24.212,NO5
2025-07-29,22,24.767,NO5
2025-07-29,23,24.307,NO5
2025-07-29,24,24.271,NO5
2025-07-30,1,24.525,NO5
2025-07-30,2,20.944,NO5
2025-07-30,3,26.551,NO5
2025-07-30,4,26.068,NO5
2025-07-30,5,26.044,NO5
2025-07-30,6,20.543,NO5
2025-07-30,7,20.225,NO5
2025-07-30,8,28.742,NO5
2025-07-30,9,28.577,NO5
2025-07-30,10,29.425,NO5
2025-07-30,11,29.955,NO5
2025-07-30,12,26.999,NO5
2025-07-30,13,21.769,NO5
2025-07-30,14,22.84,NO5
2025-07-30,15,26.775,NO5
2025-07-30,16,26.728,NO5
2025-07-30,17,29.178,NO5
2025-07-30,18,29.449,NO5
2025-07-30,19,29.425,NO5
2025-07-30,20,30.179,NO5
2025-07-30,21,29.72,NO5
2025-07-30,22,29.413,NO5
2025-07-30,23,29.425,NO5
2025-07-30,24,28.860000000000003,NO5
2025-07-31,1,33.167,NO5
2025-07-31,2,33.497,NO5
2025-07-31,3,31.507,NO5
2025-07-31,4,31.189,NO5
2025-07-31,5,31.189,NO5
2025-07-31,6,31.766,NO5
2025-07-31,7,34.098,NO5
2025-07-31,8,32.826,NO5
2025-07-31,9,31.189,NO5
2025-07-31,10,30.365,NO5
2025-07-31,11,31.06,NO5
2025-07-31,12,31.178,NO5
2025-07-31,13,31.189,NO5
2025-07-31,14,31.178,NO5
2025-07-31,15,29.459,NO5
2025-07-31,16,29.659,NO5
2025-07-31,17,29.459,NO5
2025-07-31,18,30.659,NO5
2025-07-31,19,31.319,NO5
2025-07-31,20,31.178,NO5
2025-07-31,21,29.576,NO5
2025-07-31,22,29.447000000000003,NO5
2025-07-31,23,29.4,NO5
2025-07-31,24,29.258,NO5
2025-08-01,1,39.018,NO5
2025-08-01,2,35.438,NO5
2025-08-01,3,35.58,NO5
2025-08-01,4,35.427,NO5
2025-08-01,5,34.529,NO5
2025-08-01,6,37.766000000000005,NO5
2025-08-01,7,36.242,NO5
2025-08-01,8,37.529,NO5
2025-08-01,9,37.766000000000005,NO5
2025-08-01,10,35.438,NO5
2025-08-01,11,35.438,NO5
2025-08-01,12,28.941000000000003,NO5
2025-08-01,13,34.363,NO5
2025-08-01,14,37.777,NO5
2025-08-01,15,37.766000000000005,NO5
2025-08-01,16,31.883,NO5
2025-08-01,17,30.3,NO5
2025-08-01,18,30.619,NO5
2025-08-01,19,30.347,NO5
2025-08-01,20,30.631,NO5
2025-08-01,21,30.572000000000003,NO5
2025-08-01,22,34.363,NO5
2025-08-01,23,30.666000000000004,NO5
2025-08-01,24,30.678,NO5
2025-08-02,1,31.115,NO5
2025-08-02,2,29.532,NO5
2025-08-02,3,29.532,NO5
2025-08-02,4,29.52,NO5
2025-08-02,5,27.134,NO5
2025-08-02,6,27.028,NO5
2025-08-02,7,28.481,NO5
2025-08-02,8,28.611,NO5
2025-08-02,9,29.52,NO5
2025-08-02,10,28.351,NO5
2025-08-02,11,5.587,NO5
2025-08-02,12,10.017,NO5
2025-08-02,13,5.505,NO5
2025-08-02,14,9.497,NO5
2025-08-02,15,4.95,NO5
2025-08-02,16,10.135,NO5
2025-08-02,17,23.543,NO5
2025-08-02,18,31.729000000000003,NO5
2025-08-02,19,32.497,NO5
2025-08-02,20,34.222,NO5
2025-08-02,21,33.997,NO5
2025-08-02,22,33.643,NO5
2025-08-02,23,31.824,NO5
2025-08-02,24,31.765,NO5
2025-08-03,1,25.988,NO5
2025-08-03,2,24.523,NO5
2025-08-03,3,24.074,NO5
2025-08-03,4,23.885,NO5
2025-08-03,5,23.602,NO5
2025-08-03,6,23.637,NO5
2025-08-03,7,20.661,NO5
2025-08-03,8,11.388,NO5
2025-08-03,9,5.115,NO5
2025-08-03,10,18.948,NO5
2025-08-03,11,25.894,NO5
2025-08-03,12,27.666000000000004,NO5
2025-08-03,13,28.197000000000003,NO5
2025-08-03,14,27.264,NO5
2025-08-03,15,23.472,NO5
2025-08-03,16,16.833000000000002,NO5
2025-08-03,17,18.948,NO5
2025-08-03,18,19.467,NO5
2025-08-03,19,25.953,NO5
2025-08-03,20,27.264,NO5
2025-08-03,21,26.638,NO5
2025-08-03,22,26.047000000000004,NO5
2025-08-03,23,25.965,NO5
2025-08-03,24,24.712,NO5
2025-08-04,1,21.457,NO5
2025-08-04,2,11.863,NO5
2025-08-04,3,2.232,NO5
2025-08-04,4,11.851,NO5
2025-08-04,5,2.1260000000000003,NO5
2025-08-04,6,1.983,NO5
2025-08-04,7,2.09,NO5
2025-08-04,8,21.6,NO5
2025-08-04,9,23.108,NO5
2025-08-04,10,21.992,NO5
2025-08-04,11,21.802,NO5
2025-08-04,12,21.695,NO5
2025-08-04,13,22.918,NO5
2025-08-04,14,5.26,NO5
2025-08-04,15,4.322,NO5
2025-08-04,16,4.975,NO5
2025-08-04,17,16.529,NO5
2025-08-04,18,25.115,NO5
2025-08-04,19,26.67,NO5
2025-08-04,20,26.433,NO5
2025-08-04,21,22.514,NO5
2025-08-04,22,24.307,NO5
2025-08-04,23,23.333,NO5
2025-08-04,24,18.014,NO5
2025-08-05,1,1.482,NO5
2025-08-05,2,3.593,NO5
2025-08-05,3,3.699,NO5
2025-08-05,4,1.435,NO5
2025-08-05,5,3.154,NO5
2025-08-05,6,9.628,NO5
2025-08-05,7,2.205,NO5
2025-08-05,8,11.786,NO5
2025-08-05,9,10.814,NO5
2025-08-05,10,3.047,NO5
2025-08-05,11,1.98,NO5
2025-08-05,12,4.079,NO5
2025-08-05,13,2.7510000000000003,NO5
2025-08-05,14,8.205,NO5
2025-08-05,15,11.074,NO5
2025-08-05,16,8.501000000000001,NO5
2025-08-05,17,2.039,NO5
2025-08-05,18,1.387,NO5
2025-08-05,19,2.3120000000000003,NO5
2025-08-05,20,2.81,NO5
2025-08-05,21,1.992,NO5
2025-08-05,22,1.541,NO5
2025-08-05,23,1.66,NO5
2025-08-05,24,1.779,NO5
2025-08-06,1,5.357,NO5
2025-08-06,2,4.871,NO5
2025-08-06,3,3.4490000000000003,NO5
2025-08-06,4,3.07,NO5
2025-08-06,5,1.7899999999999998,NO5
2025-08-06,6,3.496,NO5
2025-08-06,7,2.833,NO5
2025-08-06,8,2.714,NO5
2025-08-06,9,5.44,NO5
2025-08-06,10,4.421,NO5
2025-08-06,11,1.244,NO5
2025-08-06,12,1.4220000000000002,NO5
2025-08-06,13,1.7899999999999998,NO5
2025-08-06,14,2.193,NO5
2025-08-06,15,1.778,NO5
2025-08-06,16,2.027,NO5
2025-08-06,17,7.964,NO5
2025-08-06,18,10.986,NO5
2025-08-06,19,7.869,NO5
2025-08-06,20,9.102,NO5
2025-08-06,21,7.241,NO5
2025-08-06,22,6.613,NO5
2025-08-06,23,3.164,NO5
2025-08-06,24,3.472,NO5
2025-08-07,1,3.139,NO5
2025-08-07,2,3.983,NO5
2025-08-07,3,4.173,NO5
2025-08-07,4,2.806,NO5
2025-08-07,5,2.913,NO5
2025-08-07,6,2.438,NO5
2025-08-07,7,2.14,NO5
2025-08-07,8,1.581,NO5
2025-08-07,9,4.269,NO5
2025-08-07,10,1.106,NO5
2025-08-07,11,1.308,NO5
2025-08-07,12,3.436,NO5
2025-08-07,13,4.863,NO5
2025-08-07,14,1.522,NO5
2025-08-07,15,1.843,NO5
2025-08-07,16,4.388,NO5
2025-08-07,17,3.2700000000000005,NO5
2025-08-07,18,4.138,NO5
2025-08-07,19,4.851,NO5
2025-08-07,20,9.405,NO5
2025-08-07,21,9.191,NO5
2025-08-07,22,6.409000000000001,NO5
2025-08-07,23,4.744,NO5
2025-08-07,24,4.364,NO5
2025-08-08,1,1.004,NO5
2025-08-08,2,1.124,NO5
2025-08-08,3,1.112,NO5
2025-08-08,4,1.064,NO5
2025-08-08,5,0.825,NO5
2025-08-08,6,1.16,NO5
2025-08-08,7,1.136,NO5
2025-08-08,8,6.455,NO5
2025-08-08,9,7.268000000000001,NO5
2025-08-08,10,6.108,NO5
2025-08-08,11,5.881,NO5
2025-08-08,12,3.12,NO5
2025-08-08,13,2.343,NO5
2025-08-08,14,3.455,NO5
2025-08-08,15,5.308,NO5
2025-08-08,16,1.972,NO5
2025-08-08,17,2.761,NO5
2025-08-08,18,5.989,NO5
2025-08-08,19,3.503,NO5
2025-08-08,20,6.288,NO5
2025-08-08,21,6.025,NO5
2025-08-08,22,3.072,NO5
2025-08-08,23,3.586,NO5
2025-08-08,24,6.049,NO5
2025-08-09,1,4.7700000000000005,NO5
2025-08-09,2,4.4590000000000005,NO5
2025-08-09,3,4.483,NO5
2025-08-09,4,4.4350000000000005,NO5
2025-08-09,5,4.184,NO5
2025-08-09,6,4.363,NO5
2025-08-09,7,4.208,NO5
2025-08-09,8,4.303,NO5
2025-08-09,9,4.172,NO5
2025-08-09,10,4.411,NO5
2025-08-09,11,4.519,NO5
2025-08-09,12,4.889,NO5
2025-08-09,13,1.65,NO5
2025-08-09,14,0.6809999999999999,NO5
2025-08-09,15,0.478,NO5
2025-08-09,16,1.793,NO5
2025-08-09,17,5.69,NO5
2025-08-09,18,4.71,NO5
2025-08-09,19,6.085,NO5
2025-08-09,20,6.12,NO5
2025-08-09,21,4.985,NO5
2025-08-09,22,4.901,NO5
2025-08-09,23,4.973,NO5
2025-08-09,24,5.32,NO5
2025-08-10,1,4.543,NO5
2025-08-10,2,4.387,NO5
2025-08-10,3,4.279999999999999,NO5
2025-08-10,4,4.136,NO5
2025-08-10,5,3.921,NO5
2025-08-10,6,3.861,NO5
2025-08-10,7,2.367,NO5
2025-08-10,8,2.9530000000000003,NO5
2025-08-10,9,4.148,NO5
2025-08-10,10,4.244,NO5
2025-08-10,11,0.49,NO5
2025-08-10,12,3.861,NO5
2025-08-10,13,4.256,NO5
2025-08-10,14,4.303,NO5
2025-08-10,15,2.941,NO5
2025-08-10,16,0.897,NO5
2025-08-10,17,4.949,NO5
2025-08-10,18,4.674,NO5
2025-08-10,19,4.901,NO5
2025-08-10,20,7.984999999999999,NO5
2025-08-10,21,8.26,NO5
2025-08-10,22,6.551,NO5
2025-08-10,23,6.12,NO5
2025-08-10,24,4.184,NO5
2025-08-11,1,4.393,NO5
2025-08-11,2,3.845,NO5
2025-08-11,3,4.524,NO5
2025-08-11,4,1.0,NO5
2025-08-11,5,5.572,NO5
2025-08-11,6,4.048,NO5
2025-08-11,7,9.203,NO5
2025-08-11,8,14.357,NO5
2025-08-11,9,5.441,NO5
2025-08-11,10,4.441,NO5
2025-08-11,11,5.904999999999999,NO5
2025-08-11,12,5.238,NO5
2025-08-11,13,4.786,NO5
2025-08-11,14,4.119,NO5
2025-08-11,15,4.417,NO5
2025-08-11,16,4.5,NO5
2025-08-11,17,4.822,NO5
2025-08-11,18,4.357,NO5
2025-08-11,19,5.0,NO5
2025-08-11,20,4.5600000000000005,NO5
2025-08-11,21,4.904999999999999,NO5
2025-08-11,22,5.226,NO5
2025-08-11,23,6.048,NO5
2025-08-11,24,5.893,NO5
2025-08-12,1,5.9350000000000005,NO5
2025-08-12,2,4.865,NO5
2025-08-12,3,5.9350000000000005,NO5
2025-08-12,4,4.865,NO5
2025-08-12,5,5.9350000000000005,NO5
2025-08-12,6,4.853,NO5
2025-08-12,7,3.14,NO5
2025-08-12,8,4.008,NO5
2025-08-12,9,3.604,NO5
2025-08-12,10,3.854,NO5
2025-08-12,11,4.090999999999999,NO5
2025-08-12,12,3.937,NO5
2025-08-12,13,3.973,NO5
2025-08-12,14,4.234,NO5
2025-08-12,15,4.294,NO5
2025-08-12,16,4.853,NO5
2025-08-12,17,4.865,NO5
2025-08-12,18,4.865,NO5
2025-08-12,19,3.616,NO5
2025-08-12,20,3.283,NO5
2025-08-12,21,3.247,NO5
2025-08-12,22,3.592,NO5
2025-08-12,23,4.734,NO5
2025-08-12,24,8.681999999999999,NO5
2025-08-13,1,14.906,NO5
2025-08-13,2,14.906,NO5
2025-08-13,3,11.622,NO5
2025-08-13,4,11.848,NO5
2025-08-13,5,11.622,NO5
2025-08-13,6,13.675999999999998,NO5
2025-08-13,7,13.724,NO5
2025-08-13,8,14.918,NO5
2025-08-13,9,11.096,NO5
2025-08-13,10,22.144,NO5
2025-08-13,11,22.049,NO5
2025-08-13,12,22.276,NO5
2025-08-13,13,21.953,NO5
2025-08-13,14,22.216,NO5
2025-08-13,15,22.419,NO5
2025-08-13,16,13.389,NO5
2025-08-13,17,11.251,NO5
2025-08-13,18,14.918,NO5
2025-08-13,19,15.957,NO5
2025-08-13,20,10.678,NO5
2025-08-13,21,8.552,NO5
2025-08-13,22,11.944,NO5
2025-08-13,23,18.334,NO5
2025-08-13,24,20.544,NO5
2025-08-14,1,17.596,NO5
2025-08-14,2,11.898,NO5
2025-08-14,3,11.6,NO5
2025-08-14,4,9.001000000000001,NO5
2025-08-14,5,9.287,NO5
2025-08-14,6,18.168,NO5
2025-08-14,7,18.693,NO5
2025-08-14,8,27.515,NO5
2025-08-14,9,32.236000000000004,NO5
2025-08-14,10,33.464,NO5
2025-08-14,11,29.935,NO5
2025-08-14,12,24.427,NO5
2025-08-14,13,25.166,NO5
2025-08-14,14,24.415,NO5
2025-08-14,15,18.753,NO5
2025-08-14,16,18.407,NO5
2025-08-14,17,18.037,NO5
2025-08-14,18,24.403,NO5
2025-08-14,19,28.981,NO5
2025-08-14,20,19.098,NO5
2025-08-14,21,26.943,NO5
2025-08-14,22,24.868,NO5
2025-08-14,23,18.967,NO5
2025-08-14,24,17.668,NO5
2025-08-15,1,28.063,NO5
2025-08-15,2,28.253,NO5
2025-08-15,3,27.373,NO5
2025-08-15,4,22.959,NO5
2025-08-15,5,21.163,NO5
2025-08-15,6,21.222,NO5
2025-08-15,7,28.8,NO5
2025-08-15,8,28.812,NO5
2025-08-15,9,26.742,NO5
2025-08-15,10,23.887,NO5
2025-08-15,11,28.598000000000003,NO5
2025-08-15,12,27.92,NO5
2025-08-15,13,20.782,NO5
2025-08-15,14,10.706,NO5
2025-08-15,15,16.654,NO5
2025-08-15,16,24.97,NO5
2025-08-15,17,27.932,NO5
2025-08-15,18,28.372000000000003,NO5
2025-08-15,19,28.134,NO5
2025-08-15,20,28.372000000000003,NO5
2025-08-15,21,28.384,NO5
2025-08-15,22,28.42,NO5
2025-08-15,23,28.717,NO5
2025-08-15,24,28.55,NO5
2025-08-16,1,22.686,NO5
2025-08-16,2,20.378,NO5
2025-08-16,3,20.378,NO5
2025-08-16,4,21.698,NO5
2025-08-16,5,21.401,NO5
2025-08-16,6,19.105,NO5
2025-08-16,7,22.448,NO5
2025-08-16,8,20.378,NO5
2025-08-16,9,22.781,NO5
2025-08-16,10,22.162,NO5
2025-08-16,11,17.106,NO5
2025-08-16,12,8.22,NO5
2025-08-16,13,6.626,NO5
2025-08-16,14,3.117,NO5
2025-08-16,15,4.402,NO5
2025-08-16,16,6.340999999999999,NO5
2025-08-16,17,10.873,NO5
2025-08-16,18,15.334,NO5
2025-08-16,19,24.553,NO5
2025-08-16,20,30.287,NO5
2025-08-16,21,31.239,NO5
2025-08-16,22,29.847,NO5
2025-08-16,23,31.132,NO5
2025-08-16,24,28.455,NO5
2025-08-17,1,21.758000000000003,NO5
2025-08-17,2,17.737000000000002,NO5
2025-08-17,3,16.928,NO5
2025-08-17,4,16.75,NO5
2025-08-17,5,14.894,NO5
2025-08-17,6,14.894,NO5
2025-08-17,7,14.287,NO5
2025-08-17,8,16.999000000000002,NO5
2025-08-17,9,19.854,NO5
2025-08-17,10,20.39,NO5
2025-08-17,11,17.677,NO5
2025-08-17,12,9.743,NO5
2025-08-17,13,6.816,NO5
2025-08-17,14,6.281000000000001,NO5
2025-08-17,15,8.327,NO5
2025-08-17,16,19.45,NO5
2025-08-17,17,17.808,NO5
2025-08-17,18,24.208,NO5
2025-08-17,19,33.285000000000004,NO5
2025-08-17,20,30.406,NO5
2025-08-17,21,27.004,NO5
2025-08-17,22,26.017000000000003,NO5
2025-08-17,23,26.159,NO5
2025-08-17,24,26.742,NO5
2025-08-18,1,31.647,NO5
2025-08-18,2,31.6,NO5
2025-08-18,3,28.878,NO5
2025-08-18,4,31.742,NO5
2025-08-18,5,31.576,NO5
2025-08-18,6,28.64,NO5
2025-08-18,7,27.393,NO5
2025-08-18,8,29.876,NO5
2025-08-18,9,26.454,NO5
2025-08-18,10,29.876,NO5
2025-08-18,11,31.564,NO5
2025-08-18,12,31.635,NO5
2025-08-18,13,31.73,NO5
2025-08-18,14,28.949,NO5
2025-08-18,15,31.718,NO5
2025-08-18,16,31.909,NO5
2025-08-18,17,27.737,NO5
2025-08-18,18,31.588,NO5
2025-08-18,19,32.051,NO5
2025-08-18,20,38.112,NO5
2025-08-18,21,45.551,NO5
2025-08-18,22,45.29,NO5
2025-08-18,23,32.657,NO5
2025-08-18,24,37.209,NO5
2025-08-19,1,41.891000000000005,NO5
2025-08-19,2,44.169,NO5
2025-08-19,3,44.157,NO5
2025-08-19,4,43.382,NO5
2025-08-19,5,43.12,NO5
2025-08-19,6,37.12,NO5
2025-08-19,7,41.557,NO5
2025-08-19,8,117.026,NO5
2025-08-19,9,79.977,NO5
2025-08-19,10,89.973,NO5
2025-08-19,11,70.339,NO5
2025-08-19,12,56.92,NO5
2025-08-19,13,35.915,NO5
2025-08-19,14,32.218,NO5
2025-08-19,15,38.897000000000006,NO5
2025-08-19,16,38.337,NO5
2025-08-19,17,46.794,NO5
2025-08-19,18,59.783,NO5
2025-08-19,19,58.81699999999999,NO5
2025-08-19,20,64.97200000000001,NO5
2025-08-19,21,61.94199999999999,NO5
2025-08-19,22,62.026,NO5
2025-08-19,23,61.966,NO5
2025-08-19,24,54.86900000000001,NO5
2025-08-20,1,44.217,NO5
2025-08-20,2,48.71,NO5
2025-08-20,3,48.053,NO5
2025-08-20,4,45.974,NO5
2025-08-20,5,46.559,NO5
2025-08-20,6,42.663,NO5
2025-08-20,7,54.423,NO5
2025-08-20,8,54.865,NO5
2025-08-20,9,71.034,NO5
2025-08-20,10,71.17699999999999,NO5
2025-08-20,11,77.69,NO5
2025-08-20,12,75.563,NO5
2025-08-20,13,54.339,NO5
2025-08-20,14,52.009,NO5
2025-08-20,15,53.682,NO5
2025-08-20,16,72.779,NO5
2025-08-20,17,74.356,NO5
2025-08-20,18,72.014,NO5
2025-08-20,19,57.20700000000001,NO5
2025-08-20,20,59.8,NO5
2025-08-20,21,62.70399999999999,NO5
2025-08-20,22,53.777,NO5
2025-08-20,23,58.84400000000001,NO5
2025-08-20,24,59.41799999999999,NO5
2025-08-21,1,54.63099999999999,NO5
2025-08-21,2,63.542,NO5
2025-08-21,3,59.572,NO5
2025-08-21,4,59.395,NO5
2025-08-21,5,55.697,NO5
2025-08-21,6,57.13099999999999,NO5
2025-08-21,7,62.073,NO5
2025-08-21,8,55.709,NO5
2025-08-21,9,47.509,NO5
2025-08-21,10,48.314,NO5
2025-08-21,11,51.076,NO5
2025-08-21,12,58.186,NO5
2025-08-21,13,51.253,NO5
2025-08-21,14,55.271,NO5
2025-08-21,15,59.264,NO5
2025-08-21,16,62.713,NO5
2025-08-21,17,58.29299999999999,NO5
2025-08-21,18,59.264,NO5
2025-08-21,19,65.13,NO5
2025-08-21,20,61.694,NO5
2025-08-21,21,62.452,NO5
2025-08-21,22,60.615,NO5
2025-08-21,23,59.537,NO5
2025-08-21,24,57.13099999999999,NO5
2025-08-22,1,57.565,NO5
2025-08-22,2,59.813,NO5
2025-08-22,3,59.257000000000005,NO5
2025-08-22,4,57.944,NO5
2025-08-22,5,56.335,NO5
2025-08-22,6,62.215,NO5
2025-08-22,7,65.765,NO5
2025-08-22,8,67.374,NO5
2025-08-22,9,64.83,NO5
2025-08-22,10,63.777,NO5
2025-08-22,11,56.24,NO5
2025-08-22,12,53.258,NO5
2025-08-22,13,49.838,NO5
2025-08-22,14,47.247,NO5
2025-08-22,15,46.395,NO5
2025-08-22,16,47.791,NO5
2025-08-22,17,47.342,NO5
2025-08-22,18,54.95,NO5
2025-08-22,19,57.956,NO5
2025-08-22,20,61.34,NO5
2025-08-22,21,60.358,NO5
2025-08-22,22,59.979,NO5
2025-08-22,23,56.761,NO5
2025-08-22,24,55.92,NO5
2025-08-23,1,58.133,NO5
2025-08-23,2,56.891,NO5
2025-08-23,3,54.252,NO5
2025-08-23,4,53.708000000000006,NO5
2025-08-23,5,53.578,NO5
2025-08-23,6,52.323,NO5
2025-08-23,7,52.83200000000001,NO5
2025-08-23,8,57.956,NO5
2025-08-23,9,58.346,NO5
2025-08-23,10,51.341,NO5
2025-08-23,11,29.321,NO5
2025-08-23,12,6.461,NO5
2025-08-23,13,8.176,NO5
2025-08-23,14,8.437000000000001,NO5
2025-08-23,15,9.975,NO5
2025-08-23,16,28.351,NO5
2025-08-23,17,34.669,NO5
2025-08-23,18,54.69,NO5
2025-08-23,19,58.855,NO5
2025-08-23,20,62.535,NO5
2025-08-23,21,57.956,NO5
2025-08-23,22,61.127,NO5
2025-08-23,23,57.222,NO5
2025-08-23,24,55.636,NO5
2025-08-24,1,53.554,NO5
2025-08-24,2,50.951,NO5
2025-08-24,3,50.406,NO5
2025-08-24,4,50.844,NO5
2025-08-24,5,51.164,NO5
2025-08-24,6,50.821,NO5
2025-08-24,7,51.412,NO5
2025-08-24,8,52.039,NO5
2025-08-24,9,51.826,NO5
2025-08-24,10,38.136,NO5
2025-08-24,11,11.549,NO5
2025-08-24,12,6.816,NO5
2025-08-24,13,6.011,NO5
2025-08-24,14,6.745,NO5
2025-08-24,15,9.383,NO5
2025-08-24,16,10.685,NO5
2025-08-24,17,38.124,NO5
2025-08-24,18,53.353,NO5
2025-08-24,19,58.05,NO5
2025-08-24,20,63.73,NO5
2025-08-24,21,64.428,NO5
2025-08-24,22,58.961,NO5
2025-08-24,23,54.773,NO5
2025-08-24,24,53.566,NO5
2025-08-25,1,52.135000000000005,NO5
2025-08-25,2,51.934000000000005,NO5
2025-08-25,3,51.709,NO5
2025-08-25,4,43.998000000000005,NO5
2025-08-25,5,46.372,NO5
2025-08-25,6,49.891000000000005,NO5
2025-08-25,7,52.217,NO5
2025-08-25,8,74.216,NO5
2025-08-25,9,91.457,NO5
2025-08-25,10,78.798,NO5
2025-08-25,11,74.937,NO5
2025-08-25,12,70.509,NO5
2025-08-25,13,52.052,NO5
2025-08-25,14,49.844,NO5
2025-08-25,15,51.154,NO5
2025-08-25,16,61.947,NO5
2025-08-25,17,62.16,NO5
2025-08-25,18,85.6,NO5
2025-08-25,19,95.672,NO5
2025-08-25,20,89.567,NO5
2025-08-25,21,143.568,NO5
2025-08-25,22,130.567,NO5
2025-08-25,23,111.142,NO5
2025-08-25,24,102.179,NO5
2025-08-26,1,103.624,NO5
2025-08-26,2,96.357,NO5
2025-08-26,3,93.729,NO5
2025-08-26,4,91.67,NO5
2025-08-26,5,93.575,NO5
2025-08-26,6,96.688,NO5
2025-08-26,7,95.244,NO5
2025-08-26,8,97.126,NO5
2025-08-26,9,92.759,NO5
2025-08-26,10,86.06,NO5
2025-08-26,11,82.308,NO5
2025-08-26,12,80.142,NO5
2025-08-26,13,75.632,NO5
2025-08-26,14,76.52000000000001,NO5
2025-08-26,15,75.881,NO5
2025-08-26,16,79.325,NO5
2025-08-26,17,89.52799999999999,NO5
2025-08-26,18,94.274,NO5
2025-08-26,19,92.936,NO5
2025-08-26,20,109.578,NO5
2025-08-26,21,99.612,NO5
2025-08-26,22,114.904,NO5
2025-08-26,23,103.435,NO5
2025-08-26,24,95.576,NO5
2025-08-27,1,90.363,NO5
2025-08-27,2,86.497,NO5
2025-08-27,3,83.021,NO5
2025-08-27,4,81.759,NO5
2025-08-27,5,83.952,NO5
2025-08-27,6,89.114,NO5
2025-08-27,7,94.099,NO5
2025-08-27,8,105.567,NO5
2025-08-27,9,103.41,NO5
2025-08-27,10,95.526,NO5
2025-08-27,11,88.136,NO5
2025-08-27,12,84.329,NO5
2025-08-27,13,66.37899999999999,NO5
2025-08-27,14,69.172,NO5
2025-08-27,15,78.224,NO5
2025-08-27,16,83.751,NO5
2025-08-27,17,89.00800000000001,NO5
2025-08-27,18,97.022,NO5
2025-08-27,19,105.084,NO5
2025-08-27,20,138.368,NO5
2025-08-27,21,191.44,NO5
2025-08-27,22,117.447,NO5
2025-08-27,23,110.706,NO5
2025-08-27,24,93.251,NO5
2025-08-28,1,85.255,NO5
2025-08-28,2,80.533,NO5
2025-08-28,3,73.014,NO5
2025-08-28,4,83.55199999999999,NO5
2025-08-28,5,81.66,NO5
2025-08-28,6,81.71900000000001,NO5
2025-08-28,7,98.472,NO5
2025-08-28,8,137.087,NO5
2025-08-28,9,144.923,NO5
2025-08-28,10,116.505,NO5
2025-08-28,11,107.4,NO5
2025-08-28,12,89.473,NO5
2025-08-28,13,86.548,NO5
2025-08-28,14,101.409,NO5
2025-08-28,15,101.315,NO5
2025-08-28,16,103.183,NO5
2025-08-28,17,92.316,NO5
2025-08-28,18,93.303,NO5
2025-08-28,19,89.696,NO5
2025-08-28,20,93.667,NO5
2025-08-28,21,114.954,NO5
2025-08-28,22,85.443,NO5
2025-08-28,23,89.308,NO5
2025-08-28,24,78.806,NO5
2025-08-29,1,80.287,NO5
2025-08-29,2,84.939,NO5
2025-08-29,3,82.12,NO5
2025-08-29,4,78.83099999999999,NO5
2025-08-29,5,74.438,NO5
2025-08-29,6,77.034,NO5
2025-08-29,7,80.381,NO5
2025-08-29,8,104.52,NO5
2025-08-29,9,105.213,NO5
2025-08-29,10,99.575,NO5
2025-08-29,11,91.834,NO5
2025-08-29,12,95.663,NO5
2025-08-29,13,91.858,NO5
2025-08-29,14,73.58,NO5
2025-08-29,15,79.78200000000001,NO5
2025-08-29,16,91.035,NO5
2025-08-29,17,93.126,NO5
2025-08-29,18,93.714,NO5
2025-08-29,19,93.737,NO5
2025-08-29,20,89.55499999999999,NO5
2025-08-29,21,89.91900000000001,NO5
2025-08-29,22,88.639,NO5
2025-08-29,23,71.39500000000001,NO5
2025-08-29,24,65.51,NO5
2025-08-30,1,68.14099999999999,NO5
2025-08-30,2,65.639,NO5
2025-08-30,3,65.228,NO5
2025-08-30,4,65.181,NO5
2025-08-30,5,65.311,NO5
2025-08-30,6,66.41499999999999,NO5
2025-08-30,7,66.41499999999999,NO5
2025-08-30,8,67.989,NO5
2025-08-30,9,72.828,NO5
2025-08-30,10,67.202,NO5
2025-08-30,11,58.967,NO5
2025-08-30,12,16.386000000000003,NO5
2025-08-30,13,18.618,NO5
2025-08-30,14,23.857,NO5
2025-08-30,15,17.338,NO5
2025-08-30,16,33.642,NO5
2025-08-30,17,56.172,NO5
2025-08-30,18,71.842,NO5
2025-08-30,19,75.142,NO5
2025-08-30,20,73.345,NO5
2025-08-30,21,74.626,NO5
2025-08-30,22,73.345,NO5
2025-08-30,23,73.228,NO5
2025-08-30,24,71.524,NO5
2025-08-31,1,65.604,NO5
2025-08-31,2,64.289,NO5
2025-08-31,3,63.772000000000006,NO5
2025-08-31,4,63.149,NO5
2025-08-31,5,62.43300000000001,NO5
2025-08-31,6,61.352,NO5
2025-08-31,7,61.646,NO5
2025-08-31,8,56.277,NO5
2025-08-31,9,24.268,NO5
2025-08-31,10,14.119,NO5
2025-08-31,11,13.955000000000002,NO5
2025-08-31,12,19.029,NO5
2025-08-31,13,14.754,NO5
2025-08-31,14,18.853,NO5
2025-08-31,15,13.955000000000002,NO5
2025-08-31,16,50.992,NO5
2025-08-31,17,56.289,NO5
2025-08-31,18,65.134,NO5
2025-08-31,19,69.34,NO5
2025-08-31,20,77.49199999999999,NO5
2025-08-31,21,73.686,NO5
2025-08-31,22,73.298,NO5
2025-08-31,23,76.517,NO5
2025-08-31,24,70.961,NO5
2025-09-01,1,70.976,NO5
2025-09-01,2,69.239,NO5
2025-09-01,3,66.318,NO5
2025-09-01,4,65.204,NO5
2025-09-01,5,62.247,NO5
2025-09-01,6,70.671,NO5
2025-09-01,7,84.197,NO5
2025-09-01,8,92.139,NO5
2025-09-01,9,91.189,NO5
2025-09-01,10,83.704,NO5
2025-09-01,11,79.434,NO5
2025-09-01,12,76.548,NO5
2025-09-01,13,68.58200000000001,NO5
2025-09-01,14,62.951,NO5
2025-09-01,15,67.82000000000001,NO5
2025-09-01,16,76.513,NO5
2025-09-01,17,79.51599999999999,NO5
2025-09-01,18,85.863,NO5
2025-09-01,19,91.072,NO5
2025-09-01,20,93.723,NO5
2025-09-01,21,92.151,NO5
2025-09-01,22,91.107,NO5
2025-09-01,23,85.511,NO5
2025-09-01,24,71.63300000000001,NO5
2025-09-02,1,71.27000000000001,NO5
2025-09-02,2,67.674,NO5
2025-09-02,3,67.686,NO5
2025-09-02,4,67.674,NO5
2025-09-02,5,70.744,NO5
2025-09-02,6,75.47200000000001,NO5
2025-09-02,7,78.87,NO5
2025-09-02,8,82.42999999999999,NO5
2025-09-02,9,93.45,NO5
2025-09-02,10,83.773,NO5
2025-09-02,11,80.28200000000001,NO5
2025-09-02,12,75.134,NO5
2025-09-02,13,73.768,NO5
2025-09-02,14,75.227,NO5
2025-09-02,15,78.239,NO5
2025-09-02,16,78.881,NO5
2025-09-02,17,80.59700000000001,NO5
2025-09-02,18,86.83099999999999,NO5
2025-09-02,19,94.349,NO5
2025-09-02,20,95.809,NO5
2025-09-02,21,95.75,NO5
2025-09-02,22,91.197,NO5
2025-09-02,23,84.018,NO5
2025-09-02,24,73.301,NO5
2025-09-03,1,65.286,NO5
2025-09-03,2,64.502,NO5
2025-09-03,3,62.934000000000005,NO5
2025-09-03,4,62.607000000000006,NO5
2025-09-03,5,64.327,NO5
2025-09-03,6,66.842,NO5
2025-09-03,7,69.638,NO5
2025-09-03,8,78.893,NO5
2025-09-03,9,75.26599999999999,NO5
2025-09-03,10,70.97200000000001,NO5
2025-09-03,11,57.13099999999999,NO5
2025-09-03,12,46.905,NO5
2025-09-03,13,9.84,NO5
2025-09-03,14,7.651999999999999,NO5
2025-09-03,15,24.371,NO5
2025-09-03,16,20.943,NO5
2025-09-03,17,53.036,NO5
2025-09-03,18,63.496,NO5
2025-09-03,19,72.119,NO5
2025-09-03,20,73.909,NO5
2025-09-03,21,74.272,NO5
2025-09-03,22,69.089,NO5
2025-09-03,23,64.327,NO5
2025-09-03,24,54.18300000000001,NO5
2025-09-04,1,21.908,NO5
2025-09-04,2,15.385,NO5
2025-09-04,3,14.621,NO5
2025-09-04,4,10.272,NO5
2025-09-04,5,8.474,NO5
2025-09-04,6,23.012,NO5
2025-09-04,7,57.155,NO5
2025-09-04,8,67.697,NO5
2025-09-04,9,67.815,NO5
2025-09-04,10,65.076,NO5
2025-09-04,11,49.104,NO5
2025-09-04,12,37.997,NO5
2025-09-04,13,15.573,NO5
2025-09-04,14,36.234,NO5
2025-09-04,15,55.556,NO5
2025-09-04,16,59.858,NO5
2025-09-04,17,66.792,NO5
2025-09-04,18,69.307,NO5
2025-09-04,19,70.788,NO5
2025-09-04,20,79.15599999999999,NO5
2025-09-04,21,71.952,NO5
2025-09-04,22,69.425,NO5
2025-09-04,23,68.08500000000001,NO5
2025-09-04,24,66.381,NO5
2025-09-05,1,64.287,NO5
2025-09-05,2,63.664,NO5
2025-09-05,3,59.164,NO5
2025-09-05,4,63.417,NO5
2025-09-05,5,58.729,NO5
2025-09-05,6,64.91,NO5
2025-09-05,7,65.826,NO5
2025-09-05,8,73.558,NO5
2025-09-05,9,76.308,NO5
2025-09-05,10,80.162,NO5
2025-09-05,11,75.215,NO5
2025-09-05,12,69.116,NO5
2025-09-05,13,65.45,NO5
2025-09-05,14,64.97999999999999,NO5
2025-09-05,15,65.215,NO5
2025-09-05,16,65.251,NO5
2025-09-05,17,65.251,NO5
2025-09-05,18,64.898,NO5
2025-09-05,19,65.239,NO5
2025-09-05,20,65.039,NO5
2025-09-05,21,65.13300000000001,NO5
2025-09-05,22,64.428,NO5
2025-09-05,23,64.05199999999999,NO5
2025-09-05,24,62.983,NO5
2025-09-06,1,52.125,NO5
2025-09-06,2,49.517,NO5
2025-09-06,3,48.718,NO5
2025-09-06,4,48.236,NO5
2025-09-06,5,48.588,NO5
2025-09-06,6,48.377,NO5
2025-09-06,7,49.822,NO5
2025-09-06,8,54.311,NO5
2025-09-06,9,55.19199999999999,NO5
2025-09-06,10,54.934000000000005,NO5
2025-09-06,11,48.33,NO5
2025-09-06,12,37.284,NO5
2025-09-06,13,11.21,NO5
2025-09-06,14,10.434,NO5
2025-09-06,15,8.754000000000001,NO5
2025-09-06,16,31.703,NO5
2025-09-06,17,47.519,NO5
2025-09-06,18,63.664,NO5
2025-09-06,19,63.605,NO5
2025-09-06,20,62.56,NO5
2025-09-06,21,62.642,NO5
2025-09-06,22,62.607000000000006,NO5
2025-09-06,23,62.336,NO5
2025-09-06,24,55.909000000000006,NO5
2025-09-07,1,52.83,NO5
2025-09-07,2,52.278,NO5
2025-09-07,3,52.172,NO5
2025-09-07,4,52.63,NO5
2025-09-07,5,53.253,NO5
2025-09-07,6,53.018,NO5
2025-09-07,7,50.034,NO5
2025-09-07,8,44.934,NO5
2025-09-07,9,14.171,NO5
2025-09-07,10,8.484,NO5
2025-09-07,11,11.245,NO5
2025-09-07,12,16.31,NO5
2025-09-07,13,46.497,NO5
2025-09-07,14,50.551,NO5
2025-09-07,15,46.074,NO5
2025-09-07,16,27.919,NO5
2025-09-07,17,25.299,NO5
2025-09-07,18,44.382,NO5
2025-09-07,19,55.615,NO5
2025-09-07,20,62.9,NO5
2025-09-07,21,59.716,NO5
2025-09-07,22,58.976,NO5
2025-09-07,23,57.566,NO5
2025-09-07,24,55.592,NO5
2025-09-08,1,64.40700000000001,NO5
2025-09-08,2,64.067,NO5
2025-09-08,3,64.173,NO5
2025-09-08,4,63.939,NO5
2025-09-08,5,64.231,NO5
2025-09-08,6,64.384,NO5
2025-09-08,7,73.48400000000001,NO5
2025-09-08,8,88.40599999999999,NO5
2025-09-08,9,98.116,NO5
2025-09-08,10,93.349,NO5
2025-09-08,11,88.078,NO5
2025-09-08,12,79.914,NO5
2025-09-08,13,70.158,NO5
2025-09-08,14,65.426,NO5
2025-09-08,15,72.723,NO5
2025-09-08,16,81.894,NO5
2025-09-08,17,90.292,NO5
2025-09-08,18,127.022,NO5
2025-09-08,19,184.425,NO5
2025-09-08,20,96.335,NO5
2025-09-08,21,97.975,NO5
2025-09-08,22,98.057,NO5
2025-09-08,23,86.227,NO5
2025-09-08,24,65.192,NO5
2025-09-09,1,66.574,NO5
2025-09-09,2,65.16900000000001,NO5
2025-09-09,3,64.911,NO5
2025-09-09,4,63.811,NO5
2025-09-09,5,59.173,NO5
2025-09-09,6,63.319,NO5
2025-09-09,7,74.971,NO5
2025-09-09,8,108.755,NO5
2025-09-09,9,198.247,NO5
2025-09-09,10,130.865,NO5
2025-09-09,11,104.68,NO5
2025-09-09,12,71.399,NO5
2025-09-09,13,65.77799999999999,NO5
2025-09-09,14,64.806,NO5
2025-09-09,15,64.689,NO5
2025-09-09,16,67.769,NO5
2025-09-09,17,81.564,NO5
2025-09-09,18,82.817,NO5
2025-09-09,19,88.91799999999999,NO5
2025-09-09,20,88.801,NO5
2025-09-09,21,84.011,NO5
2025-09-09,22,81.728,NO5
2025-09-09,23,67.19500000000001,NO5
2025-09-09,24,66.164,NO5
2025-09-10,1,61.479,NO5
2025-09-10,2,53.403,NO5
2025-09-10,3,51.498000000000005,NO5
2025-09-10,4,51.3,NO5
2025-09-10,5,51.858,NO5
2025-09-10,6,55.855,NO5
2025-09-10,7,63.315,NO5
2025-09-10,8,69.624,NO5
2025-09-10,9,72.099,NO5
2025-09-10,10,69.775,NO5
2025-09-10,11,68.636,NO5
2025-09-10,12,67.405,NO5
2025-09-10,13,65.116,NO5
2025-09-10,14,66.127,NO5
2025-09-10,15,65.08099999999999,NO5
2025-09-10,16,66.812,NO5
2025-09-10,17,66.475,NO5
2025-09-10,18,66.789,NO5
2025-09-10,19,67.01,NO5
2025-09-10,20,67.54400000000001,NO5
2025-09-10,21,67.533,NO5
2025-09-10,22,66.429,NO5
2025-09-10,23,59.32899999999999,NO5
2025-09-10,24,49.871,NO5
2025-09-11,1,33.895,NO5
2025-09-11,2,33.199,NO5
2025-09-11,3,24.107,NO5
2025-09-11,4,17.348,NO5
2025-09-11,5,26.243,NO5
2025-09-11,6,38.412,NO5
2025-09-11,7,50.861,NO5
2025-09-11,8,59.976,NO5
2025-09-11,9,62.53099999999999,NO5
2025-09-11,10,61.474,NO5
2025-09-11,11,45.565,NO5
2025-09-11,12,37.356,NO5
2025-09-11,13,23.212,NO5
2025-09-11,14,29.146,NO5
2025-09-11,15,22.156,NO5
2025-09-11,16,34.813,NO5
2025-09-11,17,49.769,NO5
2025-09-11,18,56.701,NO5
2025-09-11,19,66.78099999999999,NO5
2025-09-11,20,68.94,NO5
2025-09-11,21,65.96799999999999,NO5
2025-09-11,22,66.328,NO5
2025-09-11,23,65.271,NO5
2025-09-11,24,50.686,NO5
2025-09-12,1,40.638,NO5
2025-09-12,2,26.482,NO5
2025-09-12,3,22.277,NO5
2025-09-12,4,15.859,NO5
2025-09-12,5,14.782,NO5
2025-09-12,6,13.728,NO5
2025-09-12,7,28.718,NO5
2025-09-12,8,53.486,NO5
2025-09-12,9,61.548,NO5
2025-09-12,10,45.226,NO5
2025-09-12,11,13.114,NO5
2025-09-12,12,4.622,NO5
2025-09-12,13,4.414,NO5
2025-09-12,14,4.75,NO5
2025-09-12,15,4.391,NO5
2025-09-12,16,4.391,NO5
2025-09-12,17,37.603,NO5
2025-09-12,18,48.875,NO5
2025-09-12,19,63.657,NO5
2025-09-12,20,60.019000000000005,NO5
2025-09-12,21,60.378,NO5
2025-09-12,22,59.533,NO5
2025-09-12,23,57.783,NO5
2025-09-12,24,56.625,NO5
2025-09-13,1,45.156,NO5
2025-09-13,2,37.383,NO5
2025-09-13,3,25.683,NO5
2025-09-13,4,14.874,NO5
2025-09-13,5,16.519,NO5
2025-09-13,6,17.377000000000002,NO5
2025-09-13,7,21.176,NO5
2025-09-13,8,35.53,NO5
2025-09-13,9,38.889,NO5
2025-09-13,10,37.569,NO5
2025-09-13,11,17.122,NO5
2025-09-13,12,15.871,NO5
2025-09-13,13,8.028,NO5
2025-09-13,14,3.962,NO5
2025-09-13,15,4.066,NO5
2025-09-13,16,20.562,NO5
2025-09-13,17,37.221,NO5
2025-09-13,18,53.486,NO5
2025-09-13,19,62.57899999999999,NO5
2025-09-13,20,63.865,NO5
2025-09-13,21,63.75,NO5
2025-09-13,22,63.541,NO5
2025-09-13,23,61.745000000000005,NO5
2025-09-13,24,56.162,NO5
2025-09-14,1,50.555,NO5
2025-09-14,2,40.673,NO5
2025-09-14,3,40.592,NO5
2025-09-14,4,42.677,NO5
2025-09-14,5,43.465,NO5
2025-09-14,6,45.805,NO5
2025-09-14,7,55.467,NO5
2025-09-14,8,59.811,NO5
2025-09-14,9,64.352,NO5
2025-09-14,10,62.220000000000006,NO5
2025-09-14,11,61.30499999999999,NO5
2025-09-14,12,42.272000000000006,NO5
2025-09-14,13,25.393,NO5
2025-09-14,14,15.928999999999998,NO5
2025-09-14,15,34.8,NO5
2025-09-14,16,39.492,NO5
2025-09-14,17,51.319,NO5
2025-09-14,18,60.135000000000005,NO5
2025-09-14,19,62.081,NO5
2025-09-14,20,64.236,NO5
2025-09-14,21,62.997,NO5
2025-09-14,22,60.124,NO5
2025-09-14,23,56.625,NO5
2025-09-14,24,24.281,NO5
2025-09-15,1,17.601,NO5
2025-09-15,2,8.968,NO5
2025-09-15,3,5.085,NO5
2025-09-15,4,3.756,NO5
2025-09-15,5,3.698,NO5
2025-09-15,6,4.16,NO5
2025-09-15,7,13.51,NO5
2025-09-15,8,32.786,NO5
2025-09-15,9,38.217,NO5
2025-09-15,10,42.066,NO5
2025-09-15,11,31.26,NO5
2025-09-15,12,36.010000000000005,NO5
2025-09-15,13,16.884,NO5
2025-09-15,14,13.51,NO5
2025-09-15,15,11.545,NO5
2025-09-15,16,37.096,NO5
2025-09-15,17,18.213,NO5
2025-09-15,18,6.956999999999999,NO5
2025-09-15,19,23.148,NO5
2025-09-15,20,44.62,NO5
2025-09-15,21,40.54,NO5
2025-09-15,22,5.917,NO5
2025-09-15,23,3.455,NO5
2025-09-15,24,1.653,NO5
2025-09-16,1,40.681,NO5
2025-09-16,2,14.963,NO5
2025-09-16,3,2.33,NO5
2025-09-16,4,3.431,NO5
2025-09-16,5,3.523,NO5
2025-09-16,6,5.853,NO5
2025-09-16,7,7.0,NO5
2025-09-16,8,37.633,NO5
2025-09-16,9,30.957,NO5
2025-09-16,10,26.483,NO5
2025-09-16,11,45.201,NO5
2025-09-16,12,67.547,NO5
2025-09-16,13,50.706,NO5
2025-09-16,14,45.827,NO5
2025-09-16,15,28.094,NO5
2025-09-16,16,30.215,NO5
2025-09-16,17,21.337,NO5
2025-09-16,18,24.698,NO5
2025-09-16,19,59.503,NO5
2025-09-16,20,62.54,NO5
2025-09-16,21,62.667,NO5
2025-09-16,22,62.702,NO5
2025-09-16,23,56.188,NO5
2025-09-16,24,44.251,NO5
2025-09-17,1,51.63099999999999,NO5
2025-09-17,2,47.562,NO5
2025-09-17,3,38.005,NO5
2025-09-17,4,35.889,NO5
2025-09-17,5,42.168,NO5
2025-09-17,6,53.456,NO5
2025-09-17,7,61.629,NO5
2025-09-17,8,70.09299999999999,NO5
2025-09-17,9,70.349,NO5
2025-09-17,10,68.268,NO5
2025-09-17,11,64.385,NO5
2025-09-17,12,57.688,NO5
2025-09-17,13,45.899,NO5
2025-09-17,14,55.224,NO5
2025-09-17,15,48.957,NO5
2025-09-17,16,57.758,NO5
2025-09-17,17,62.92,NO5
2025-09-17,18,63.141,NO5
2025-09-17,19,71.07000000000001,NO5
2025-09-17,20,75.453,NO5
2025-09-17,21,75.38300000000001,NO5
2025-09-17,22,76.743,NO5
2025-09-17,23,67.047,NO5
2025-09-17,24,62.571000000000005,NO5
2025-09-18,1,60.032,NO5
2025-09-18,2,50.531,NO5
2025-09-18,3,38.33,NO5
2025-09-18,4,32.675,NO5
2025-09-18,5,38.724,NO5
2025-09-18,6,52.489,NO5
2025-09-18,7,60.05499999999999,NO5
2025-09-18,8,63.497,NO5
2025-09-18,9,72.627,NO5
2025-09-18,10,70.565,NO5
2025-09-18,11,70.067,NO5
2025-09-18,12,46.603,NO5
2025-09-18,13,15.063,NO5
2025-09-18,14,8.806000000000001,NO5
2025-09-18,15,9.42,NO5
2025-09-18,16,20.857,NO5
2025-09-18,17,44.61,NO5
2025-09-18,18,63.242,NO5
2025-09-18,19,72.083,NO5
2025-09-18,20,74.539,NO5
2025-09-18,21,75.095,NO5
2025-09-18,22,65.443,NO5
2025-09-18,23,62.859,NO5
2025-09-18,24,55.235,NO5
2025-09-19,1,28.651,NO5
2025-09-19,2,21.871,NO5
2025-09-19,3,24.917,NO5
2025-09-19,4,24.823,NO5
2025-09-19,5,25.488,NO5
2025-09-19,6,26.959,NO5
2025-09-19,7,54.56,NO5
2025-09-19,8,69.171,NO5
2025-09-19,9,72.74199999999999,NO5
2025-09-19,10,69.708,NO5
2025-09-19,11,61.83,NO5
2025-09-19,12,42.656,NO5
2025-09-19,13,35.023,NO5
2025-09-19,14,23.691,NO5
2025-09-19,15,35.0,NO5
2025-09-19,16,39.073,NO5
2025-09-19,17,59.228,NO5
2025-09-19,18,64.409,NO5
2025-09-19,19,60.803,NO5
2025-09-19,20,61.107000000000006,NO5
2025-09-19,21,63.289,NO5
2025-09-19,22,51.128,NO5
2025-09-19,23,35.898,NO5
2025-09-19,24,22.699,NO5
2025-09-20,1,21.287,NO5
2025-09-20,2,22.384,NO5
2025-09-20,3,22.279,NO5
2025-09-20,4,21.754,NO5
2025-09-20,5,21.941,NO5
2025-09-20,6,21.952,NO5
2025-09-20,7,22.629,NO5
2025-09-20,8,23.469,NO5
2025-09-20,9,32.934,NO5
2025-09-20,10,37.194,NO5
2025-09-20,11,30.005000000000003,NO5
2025-09-20,12,9.091,NO5
2025-09-20,13,3.151,NO5
2025-09-20,14,12.709,NO5
2025-09-20,15,23.014,NO5
2025-09-20,16,30.787,NO5
2025-09-20,17,41.582,NO5
2025-09-20,18,63.172,NO5
2025-09-20,19,64.58500000000001,NO5
2025-09-20,20,48.269,NO5
2025-09-20,21,56.053,NO5
2025-09-20,22,58.11900000000001,NO5
2025-09-20,23,46.729,NO5
2025-09-20,24,45.597,NO5
2025-09-21,1,8.940000000000001,NO5
2025-09-21,2,4.213,NO5
2025-09-21,3,3.91,NO5
2025-09-21,4,1.926,NO5
2025-09-21,5,2.357,NO5
2025-09-21,6,2.999,NO5
2025-09-21,7,3.945,NO5
2025-09-21,8,4.340999999999999,NO5
2025-09-21,9,3.606,NO5
2025-09-21,10,2.0420000000000003,NO5
2025-09-21,11,1.576,NO5
2025-09-21,12,1.541,NO5
2025-09-21,13,1.447,NO5
2025-09-21,14,4.855,NO5
2025-09-21,15,10.177,NO5
2025-09-21,16,30.507,NO5
2025-09-21,17,45.515,NO5
2025-09-21,18,46.46,NO5
2025-09-21,19,46.857,NO5
2025-09-21,20,57.279,NO5
2025-09-21,21,56.053,NO5
2025-09-21,22,44.721,NO5
2025-09-21,23,40.847,NO5
2025-09-21,24,27.647,NO5
2025-09-22,1,35.084,NO5
2025-09-22,2,27.969,NO5
2025-09-22,3,24.248,NO5
2025-09-22,4,24.365,NO5
2025-09-22,5,22.457,NO5
2025-09-22,6,36.793,NO5
2025-09-22,7,51.655,NO5
2025-09-22,8,69.173,NO5
2025-09-22,9,71.491,NO5
2025-09-22,10,68.939,NO5
2025-09-22,11,65.136,NO5
2025-09-22,12,63.076,NO5
2025-09-22,13,60.876,NO5
2025-09-22,14,59.694,NO5
2025-09-22,15,60.361,NO5
2025-09-22,16,62.854,NO5
2025-09-22,17,63.907,NO5
2025-09-22,18,68.10900000000001,NO5
2025-09-22,19,65.265,NO5
2025-09-22,20,60.923,NO5
2025-09-22,21,65.33500000000001,NO5
2025-09-22,22,65.475,NO5
2025-09-22,23,63.94199999999999,NO5
2025-09-22,24,55.142,NO5
2025-09-23,1,28.888,NO5
2025-09-23,2,47.482,NO5
2025-09-23,3,47.657,NO5
2025-09-23,4,47.563,NO5
2025-09-23,5,47.785,NO5
2025-09-23,6,50.085,NO5
2025-09-23,7,55.139,NO5
2025-09-23,8,70.009,NO5
2025-09-23,9,71.9,NO5
2025-09-23,10,64.663,NO5
2025-09-23,11,64.873,NO5
2025-09-23,12,66.34400000000001,NO5
2025-09-23,13,63.893,NO5
2025-09-23,14,63.858,NO5
2025-09-23,15,64.58099999999999,NO5
2025-09-23,16,61.08,NO5
2025-09-23,17,63.496,NO5
2025-09-23,18,63.706,NO5
2025-09-23,19,66.519,NO5
2025-09-23,20,65.29299999999999,NO5
2025-09-23,21,65.958,NO5
2025-09-23,22,64.57000000000001,NO5
2025-09-23,23,64.114,NO5
2025-09-23,24,63.19199999999999,NO5
2025-09-24,1,63.419,NO5
2025-09-24,2,61.818,NO5
2025-09-24,3,59.644000000000005,NO5
2025-09-24,4,60.439,NO5
2025-09-24,5,59.726,NO5
2025-09-24,6,65.231,NO5
2025-09-24,7,65.59299999999999,NO5
2025-09-24,8,70.79400000000001,NO5
2025-09-24,9,71.858,NO5
2025-09-24,10,69.24,NO5
2025-09-24,11,67.346,NO5
2025-09-24,12,66.902,NO5
2025-09-24,13,64.296,NO5
2025-09-24,14,57.026,NO5
2025-09-24,15,53.718,NO5
2025-09-24,16,62.028,NO5
2025-09-24,17,63.45399999999999,NO5
2025-09-24,18,63.59400000000001,NO5
2025-09-24,19,66.809,NO5
2025-09-24,20,70.946,NO5
2025-09-24,21,70.619,NO5
2025-09-24,22,64.798,NO5
2025-09-24,23,65.5,NO5
2025-09-24,24,66.002,NO5
2025-09-25,1,61.32000000000001,NO5
2025-09-25,2,60.093,NO5
2025-09-25,3,60.187,NO5
2025-09-25,4,60.958000000000006,NO5
2025-09-25,5,63.226,NO5
2025-09-25,6,63.541,NO5
2025-09-25,7,65.038,NO5
2025-09-25,8,70.53099999999999,NO5
2025-09-25,9,73.687,NO5
2025-09-25,10,72.14500000000001,NO5
2025-09-25,11,70.765,NO5
2025-09-25,12,70.181,NO5
2025-09-25,13,67.562,NO5
2025-09-25,14,64.453,NO5
2025-09-25,15,64.126,NO5
2025-09-25,16,67.013,NO5
2025-09-25,17,66.791,NO5
2025-09-25,18,67.036,NO5
2025-09-25,19,67.761,NO5
2025-09-25,20,68.556,NO5
2025-09-25,21,68.334,NO5
2025-09-25,22,66.896,NO5
2025-09-25,23,66.253,NO5
2025-09-25,24,67.41,NO5
2025-09-26,1,66.726,NO5
2025-09-26,2,65.825,NO5
2025-09-26,3,65.462,NO5
2025-09-26,4,64.78200000000001,NO5
2025-09-26,5,64.127,NO5
2025-09-26,6,64.724,NO5
2025-09-26,7,64.607,NO5
2025-09-26,8,75.299,NO5
2025-09-26,9,96.647,NO5
2025-09-26,10,124.436,NO5
2025-09-26,11,101.706,NO5
2025-09-26,12,92.747,NO5
2025-09-26,13,87.84,NO5
2025-09-26,14,81.388,NO5
2025-09-26,15,80.756,NO5
2025-09-26,16,77.887,NO5
2025-09-26,17,73.413,NO5
2025-09-26,18,69.654,NO5
2025-09-26,19,70.603,NO5
2025-09-26,20,71.797,NO5
2025-09-26,21,67.897,NO5
2025-09-26,22,67.546,NO5
2025-09-26,23,63.155,NO5
2025-09-26,24,64.478,NO5
2025-09-27,1,64.701,NO5
2025-09-27,2,64.572,NO5
2025-09-27,3,65.134,NO5
2025-09-27,4,65.321,NO5
2025-09-27,5,64.993,NO5
2025-09-27,6,65.52000000000001,NO5
2025-09-27,7,63.611,NO5
2025-09-27,8,64.244,NO5
2025-09-27,9,65.227,NO5
2025-09-27,10,69.865,NO5
2025-09-27,11,73.378,NO5
2025-09-27,12,67.289,NO5
2025-09-27,13,66.387,NO5
2025-09-27,14,61.09400000000001,NO5
2025-09-27,15,65.708,NO5
2025-09-27,16,65.263,NO5
2025-09-27,17,67.289,NO5
2025-09-27,18,66.036,NO5
2025-09-27,19,66.89,NO5
2025-09-27,20,72.59299999999999,NO5
2025-09-27,21,66.562,NO5
2025-09-27,22,63.541,NO5
2025-09-27,23,61.773,NO5
2025-09-27,24,59.44199999999999,NO5
2025-09-28,1,61.80800000000001,NO5
2025-09-28,2,57.592,NO5
2025-09-28,3,54.875,NO5
2025-09-28,4,54.922,NO5
2025-09-28,5,56.80800000000001,NO5
2025-09-28,6,58.787,NO5
2025-09-28,7,59.325,NO5
2025-09-28,8,58.986,NO5
2025-09-28,9,59.934000000000005,NO5
2025-09-28,10,59.524,NO5
2025-09-28,11,60.92999999999999,NO5
2025-09-28,12,65.91799999999999,NO5
2025-09-28,13,51.456,NO5
2025-09-28,14,47.978,NO5
2025-09-28,15,57.581,NO5
2025-09-28,16,67.816,NO5
2025-09-28,17,66.11699999999999,NO5
2025-09-28,18,67.265,NO5
2025-09-28,19,68.506,NO5
2025-09-28,20,66.738,NO5
2025-09-28,21,61.703,NO5
2025-09-28,22,60.485,NO5
2025-09-28,23,62.206,NO5
2025-09-28,24,61.515,NO5
2025-09-29,1,59.474,NO5
2025-09-29,2,59.438,NO5
2025-09-29,3,58.703,NO5
2025-09-29,4,58.306,NO5
2025-09-29,5,56.601,NO5
2025-09-29,6,61.213,NO5
2025-09-29,7,64.869,NO5
2025-09-29,8,72.89099999999999,NO5
2025-09-29,9,70.812,NO5
2025-09-29,10,63.654,NO5
2025-09-29,11,59.52,NO5
2025-09-29,12,59.474,NO5
2025-09-29,13,59.474,NO5
2025-09-29,14,60.875,NO5
2025-09-29,15,64.588,NO5
2025-09-29,16,66.13,NO5
2025-09-29,17,65.873,NO5
2025-09-29,18,68.162,NO5
2025-09-29,19,73.33500000000001,NO5
2025-09-29,20,73.019,NO5
2025-09-29,21,66.352,NO5
2025-09-29,22,67.811,NO5
2025-09-29,23,65.91900000000001,NO5
2025-09-29,24,59.45,NO5
2025-09-30,1,62.772000000000006,NO5
2025-09-30,2,61.4,NO5
2025-09-30,3,61.13,NO5
2025-09-30,4,61.787,NO5
2025-09-30,5,61.271,NO5
2025-09-30,6,62.104,NO5
2025-09-30,7,68.154,NO5
2025-09-30,8,71.461,NO5
2025-09-30,9,70.37100000000001,NO5
2025-09-30,10,68.811,NO5
2025-09-30,11,66.431,NO5
2025-09-30,12,65.90299999999999,NO5
2025-09-30,13,65.46900000000001,NO5
2025-09-30,14,65.856,NO5
2025-09-30,15,65.375,NO5
2025-09-30,16,65.27000000000001,NO5
2025-09-30,17,66.993,NO5
2025-09-30,18,68.635,NO5
2025-09-30,19,70.054,NO5
2025-09-30,20,73.115,NO5
2025-09-30,21,69.526,NO5
2025-09-30,22,68.647,NO5
2025-09-30,23,68.365,NO5
2025-09-30,24,64.425,NO5
2025-10-01,1,63.944,NO5
2025-10-01,2,63.629,NO5
2025-10-01,3,63.198,NO5
2025-10-01,4,62.825,NO5
2025-10-01,5,61.811,NO5
2025-10-01,6,63.373000000000005,NO5
2025-10-01,7,66.194,NO5
2025-10-01,8,69.05,NO5
2025-10-01,9,71.708,NO5
2025-10-01,10,66.66,NO5
2025-10-01,11,65.13300000000001,NO5
2025-10-01,12,65.99600000000001,NO5
2025-10-01,13,65.005,NO5
2025-10-01,14,64.574,NO5
2025-10-01,15,64.76,NO5
2025-10-01,16,65.063,NO5
2025-10-01,17,65.192,NO5
2025-10-01,18,67.138,NO5
2025-10-01,19,66.194,NO5
2025-10-01,20,67.558,NO5
2025-10-01,21,65.34299999999999,NO5
2025-10-01,22,65.436,NO5
2025-10-01,23,65.576,NO5
2025-10-01,24,64.935,NO5
2025-10-02,1,63.092,NO5
2025-10-02,2,59.811,NO5
2025-10-02,3,60.395,NO5
2025-10-02,4,60.313,NO5
2025-10-02,5,62.485,NO5
2025-10-02,6,63.652,NO5
2025-10-02,7,64.224,NO5
2025-10-02,8,64.62100000000001,NO5
2025-10-02,9,63.524,NO5
2025-10-02,10,63.71,NO5
2025-10-02,11,62.321000000000005,NO5
2025-10-02,12,59.472,NO5
2025-10-02,13,61.481,NO5
2025-10-02,14,62.298,NO5
2025-10-02,15,62.485,NO5
2025-10-02,16,59.554,NO5
2025-10-02,17,60.92,NO5
2025-10-02,18,63.699,NO5
2025-10-02,19,65.322,NO5
2025-10-02,20,65.71900000000001,NO5
2025-10-02,21,64.63300000000001,NO5
2025-10-02,22,59.554,NO5
2025-10-02,23,61.936,NO5
2025-10-02,24,58.27,NO5
2025-10-03,1,56.61,NO5
2025-10-03,2,52.220000000000006,NO5
2025-10-03,3,49.068,NO5
2025-10-03,4,44.97,NO5
2025-10-03,5,51.111,NO5
2025-10-03,6,55.314,NO5
2025-10-03,7,58.641,NO5
2025-10-03,8,57.205,NO5
2025-10-03,9,62.377,NO5
2025-10-03,10,61.887,NO5
2025-10-03,11,58.548,NO5
2025-10-03,12,44.363,NO5
2025-10-03,13,28.999,NO5
2025-10-03,14,26.022,NO5
2025-10-03,15,31.299,NO5
2025-10-03,16,48.391000000000005,NO5
2025-10-03,17,57.870000000000005,NO5
2025-10-03,18,61.268,NO5
2025-10-03,19,62.61,NO5
2025-10-03,20,62.459,NO5
2025-10-03,21,59.66799999999999,NO5
2025-10-03,22,43.709,NO5
2025-10-03,23,23.874,NO5
2025-10-03,24,9.947,NO5
2025-10-04,1,12.305,NO5
2025-10-04,2,26.886000000000003,NO5
2025-10-04,3,20.605,NO5
2025-10-04,4,12.889,NO5
2025-10-04,5,11.71,NO5
2025-10-04,6,8.347,NO5
2025-10-04,7,8.814,NO5
2025-10-04,8,6.071,NO5
2025-10-04,9,26.793,NO5
2025-10-04,10,3.724,NO5
2025-10-04,11,3.712,NO5
2025-10-04,12,4.331,NO5
2025-10-04,13,4.261,NO5
2025-10-04,14,5.055,NO5
2025-10-04,15,6.129,NO5
2025-10-04,16,6.351,NO5
2025-10-04,17,2.638,NO5
2025-10-04,18,8.429,NO5
2025-10-04,19,3.012,NO5
2025-10-04,20,9.596,NO5
2025-10-04,21,10.122,NO5
2025-10-04,22,5.534000000000001,NO5
2025-10-04,23,5.125,NO5
2025-10-04,24,7.425,NO5
2025-10-05,1,4.553,NO5
2025-10-05,2,1.471,NO5
2025-10-05,3,3.059,NO5
2025-10-05,4,3.117,NO5
2025-10-05,5,3.502,NO5
2025-10-05,6,3.222,NO5
2025-10-05,7,3.2340000000000004,NO5
2025-10-05,8,2.347,NO5
2025-10-05,9,3.794,NO5
2025-10-05,10,4.9030000000000005,NO5
2025-10-05,11,8.464,NO5
2025-10-05,12,5.51,NO5
2025-10-05,13,7.705,NO5
2025-10-05,14,5.732,NO5
2025-10-05,15,10.39,NO5
2025-10-05,16,7.587999999999999,NO5
2025-10-05,17,8.616,NO5
2025-10-05,18,10.005,NO5
2025-10-05,19,23.489,NO5
2025-10-05,20,36.716,NO5
2025-10-05,21,27.202,NO5
2025-10-05,22,7.705,NO5
2025-10-05,23,6.293,NO5
2025-10-05,24,4.892,NO5
2025-10-06,1,27.426,NO5
2025-10-06,2,19.117,NO5
2025-10-06,3,11.342,NO5
2025-10-06,4,12.69,NO5
2025-10-06,5,19.093,NO5
2025-10-06,6,25.462,NO5
2025-10-06,7,57.989,NO5
2025-10-06,8,63.288,NO5
2025-10-06,9,68.773,NO5
2025-10-06,10,66.623,NO5
2025-10-06,11,63.544,NO5
2025-10-06,12,62.858,NO5
2025-10-06,13,62.69500000000001,NO5
2025-10-06,14,62.626,NO5
2025-10-06,15,62.765,NO5
2025-10-06,16,62.161,NO5
2025-10-06,17,66.158,NO5
2025-10-06,18,66.89,NO5
2025-10-06,19,68.55199999999999,NO5
2025-10-06,20,75.211,NO5
2025-10-06,21,67.111,NO5
2025-10-06,22,64.717,NO5
2025-10-06,23,63.09,NO5
2025-10-06,24,59.104,NO5
2025-10-07,1,55.402,NO5
2025-10-07,2,53.209,NO5
2025-10-07,3,52.118,NO5
2025-10-07,4,52.06,NO5
2025-10-07,5,52.28099999999999,NO5
2025-10-07,6,54.3,NO5
2025-10-07,7,63.083000000000006,NO5
2025-10-07,8,76.53,NO5
2025-10-07,9,69.545,NO5
2025-10-07,10,70.53200000000001,NO5
2025-10-07,11,68.64,NO5
2025-10-07,12,68.92999999999999,NO5
2025-10-07,13,68.988,NO5
2025-10-07,14,67.80499999999999,NO5
2025-10-07,15,67.666,NO5
2025-10-07,16,67.00399999999999,NO5
2025-10-07,17,68.211,NO5
2025-10-07,18,68.69800000000001,NO5
2025-10-07,19,69.174,NO5
2025-10-07,20,69.41799999999999,NO5
2025-10-07,21,65.45,NO5
2025-10-07,22,60.484,NO5
2025-10-07,23,61.19199999999999,NO5
2025-10-07,24,57.885000000000005,NO5
2025-10-08,1,56.088,NO5
2025-10-08,2,54.69500000000001,NO5
2025-10-08,3,53.04600000000001,NO5
2025-10-08,4,53.568,NO5
2025-10-08,5,53.94,NO5
2025-10-08,6,54.88099999999999,NO5
2025-10-08,7,59.677,NO5
2025-10-08,8,64.86699999999999,NO5
2025-10-08,9,68.549,NO5
2025-10-08,10,68.2,NO5
2025-10-08,11,67.411,NO5
2025-10-08,12,65.84299999999999,NO5
2025-10-08,13,66.47,NO5
2025-10-08,14,66.365,NO5
2025-10-08,15,64.04299999999999,NO5
2025-10-08,16,63.009,NO5
2025-10-08,17,63.288,NO5
2025-10-08,18,67.306,NO5
2025-10-08,19,68.7,NO5
2025-10-08,20,69.64,NO5
2025-10-08,21,67.155,NO5
2025-10-08,22,67.283,NO5
2025-10-08,23,62.591,NO5
2025-10-08,24,61.686,NO5
2025-10-09,1,62.688,NO5
2025-10-09,2,59.143,NO5
2025-10-09,3,58.108,NO5
2025-10-09,4,57.411,NO5
2025-10-09,5,56.597,NO5
2025-10-09,6,56.818,NO5
2025-10-09,7,61.84,NO5
2025-10-09,8,66.21000000000001,NO5
2025-10-09,9,67.768,NO5
2025-10-09,10,70.38300000000001,NO5
2025-10-09,11,65.373,NO5
2025-10-09,12,62.723,NO5
2025-10-09,13,59.82899999999999,NO5
2025-10-09,14,59.364,NO5
2025-10-09,15,60.096,NO5
2025-10-09,16,61.444,NO5
2025-10-09,17,59.968,NO5
2025-10-09,18,62.537,NO5
2025-10-09,19,60.747,NO5
2025-10-09,20,62.828,NO5
2025-10-09,21,62.758,NO5
2025-10-09,22,58.097,NO5
2025-10-09,23,53.191,NO5
2025-10-09,24,46.461,NO5
2025-10-10,1,23.005000000000003,NO5
2025-10-10,2,16.080000000000002,NO5
2025-10-10,3,15.776,NO5
2025-10-10,4,15.975,NO5
2025-10-10,5,22.783,NO5
2025-10-10,6,45.951,NO5
2025-10-10,7,55.083000000000006,NO5
2025-10-10,8,62.685,NO5
2025-10-10,9,63.923,NO5
2025-10-10,10,63.035,NO5
2025-10-10,11,61.424,NO5
2025-10-10,12,61.097,NO5
2025-10-10,13,58.843,NO5
2025-10-10,14,56.029,NO5
2025-10-10,15,53.354,NO5
2025-10-10,16,53.53,NO5
2025-10-10,17,55.27,NO5
2025-10-10,18,57.932,NO5
2025-10-10,19,58.516,NO5
2025-10-10,20,56.227,NO5
2025-10-10,21,51.474,NO5
2025-10-10,22,46.57,NO5
2025-10-10,23,35.395,NO5
2025-10-10,24,29.544,NO5
2025-10-11,1,34.157,NO5
2025-10-11,2,20.097,NO5
2025-10-11,3,18.812,NO5
2025-10-11,4,18.672,NO5
2025-10-11,5,16.278,NO5
2025-10-11,6,17.037,NO5
2025-10-11,7,20.611,NO5
2025-10-11,8,32.510000000000005,NO5
2025-10-11,9,52.782,NO5
2025-10-11,10,57.068,NO5
2025-10-11,11,57.804,NO5
2025-10-11,12,56.414,NO5
2025-10-11,13,54.908,NO5
2025-10-11,14,51.544,NO5
2025-10-11,15,52.666,NO5
2025-10-11,16,57.220000000000006,NO5
2025-10-11,17,59.158,NO5
2025-10-11,18,56.916,NO5
2025-10-11,19,55.024,NO5
2025-10-11,20,54.242,NO5
2025-10-11,21,55.585,NO5
2025-10-11,22,50.622,NO5
2025-10-11,23,48.613,NO5
2025-10-11,24,49.571,NO5
2025-10-12,1,37.158,NO5
2025-10-12,2,23.133000000000003,NO5
2025-10-12,3,19.758000000000003,NO5
2025-10-12,4,19.466,NO5
2025-10-12,5,19.338,NO5
2025-10-12,6,22.794,NO5
2025-10-12,7,24.885,NO5
2025-10-12,8,47.866,NO5
2025-10-12,9,48.812,NO5
2025-10-12,10,50.785,NO5
2025-10-12,11,51.556,NO5
2025-10-12,12,53.483,NO5
2025-10-12,13,54.499,NO5
2025-10-12,14,53.997,NO5
2025-10-12,15,54.19500000000001,NO5
2025-10-12,16,54.74400000000001,NO5
2025-10-12,17,58.014,NO5
2025-10-12,18,58.586,NO5
2025-10-12,19,58.434000000000005,NO5
2025-10-12,20,59.45,NO5
2025-10-12,21,58.855,NO5
2025-10-12,22,58.259,NO5
2025-10-12,23,57.36,NO5
2025-10-12,24,55.071000000000005,NO5
2025-10-13,1,56.865,NO5
2025-10-13,2,53.174,NO5
2025-10-13,3,52.193,NO5
2025-10-13,4,53.023,NO5
2025-10-13,5,54.354,NO5
2025-10-13,6,57.19199999999999,NO5
2025-10-13,7,59.761,NO5
2025-10-13,8,66.921,NO5
2025-10-13,9,66.827,NO5
2025-10-13,10,63.732000000000006,NO5
2025-10-13,11,62.903,NO5
2025-10-13,12,60.57899999999999,NO5
2025-10-13,13,61.081,NO5
2025-10-13,14,61.245000000000005,NO5
2025-10-13,15,61.513,NO5
2025-10-13,16,61.268,NO5
2025-10-13,17,63.16,NO5
2025-10-13,18,65.39099999999999,NO5
2025-10-13,19,76.264,NO5
2025-10-13,20,75.96000000000001,NO5
2025-10-13,21,65.624,NO5
2025-10-13,22,62.88,NO5
2025-10-13,23,62.097,NO5
2025-10-13,24,61.093,NO5
2025-10-14,1,61.04,NO5
2025-10-14,2,59.227,NO5
2025-10-14,3,56.661,NO5
2025-10-14,4,56.32000000000001,NO5
2025-10-14,5,60.004,NO5
2025-10-14,6,60.64,NO5
2025-10-14,7,64.313,NO5
2025-10-14,8,81.489,NO5
2025-10-14,9,74.025,NO5
2025-10-14,10,71.17699999999999,NO5
2025-10-14,11,64.97200000000001,NO5
2025-10-14,12,64.607,NO5
2025-10-14,13,64.16,NO5
2025-10-14,14,63.984,NO5
2025-10-14,15,63.936,NO5
2025-10-14,16,64.101,NO5
2025-10-14,17,65.267,NO5
2025-10-14,18,65.255,NO5
2025-10-14,19,69.799,NO5
2025-10-14,20,68.881,NO5
2025-10-14,21,65.596,NO5
2025-10-14,22,64.172,NO5
2025-10-14,23,61.464,NO5
2025-10-14,24,60.181,NO5
2025-10-15,1,60.687,NO5
2025-10-15,2,59.79600000000001,NO5
2025-10-15,3,59.761,NO5
2025-10-15,4,59.80800000000001,NO5
2025-10-15,5,60.359,NO5
2025-10-15,6,61.496,NO5
2025-10-15,7,65.587,NO5
2025-10-15,8,87.954,NO5
2025-10-15,9,95.023,NO5
2025-10-15,10,71.83500000000001,NO5
2025-10-15,11,67.17,NO5
2025-10-15,12,69.01,NO5
2025-10-15,13,66.22,NO5
2025-10-15,14,64.978,NO5
2025-10-15,15,63.372,NO5
2025-10-15,16,66.138,NO5
2025-10-15,17,68.307,NO5
2025-10-15,18,66.467,NO5
2025-10-15,19,72.762,NO5
2025-10-15,20,68.682,NO5
2025-10-15,21,67.041,NO5
2025-10-15,22,64.696,NO5
2025-10-15,23,63.21900000000001,NO5
2025-10-15,24,57.065,NO5
2025-10-16,1,57.532,NO5
2025-10-16,2,55.866,NO5
2025-10-16,3,54.199,NO5
2025-10-16,4,52.005,NO5
2025-10-16,5,54.411,NO5
2025-10-16,6,55.842,NO5
2025-10-16,7,60.16,NO5
2025-10-16,8,63.516,NO5
2025-10-16,9,69.125,NO5
2025-10-16,10,66.849,NO5
2025-10-16,11,65.1,NO5
2025-10-16,12,63.27,NO5
2025-10-16,13,64.725,NO5
2025-10-16,14,60.993,NO5
2025-10-16,15,60.982000000000006,NO5
2025-10-16,16,60.982000000000006,NO5
2025-10-16,17,59.914,NO5
2025-10-16,18,63.223,NO5
2025-10-16,19,63.95,NO5
2025-10-16,20,65.20599999999999,NO5
2025-10-16,21,63.868,NO5
2025-10-16,22,63.493,NO5
2025-10-16,23,62.30800000000001,NO5
2025-10-16,24,61.36900000000001,NO5
2025-10-17,1,60.511,NO5
2025-10-17,2,58.553,NO5
2025-10-17,3,57.556,NO5
2025-10-17,4,57.532,NO5
2025-10-17,5,58.142,NO5
2025-10-17,6,58.388,NO5
2025-10-17,7,62.13,NO5
2025-10-17,8,64.898,NO5
2025-10-17,9,65.696,NO5
2025-10-17,10,66.47,NO5
2025-10-17,11,66.118,NO5
2025-10-17,12,63.901,NO5
2025-10-17,13,64.019,NO5
2025-10-17,14,64.488,NO5
2025-10-17,15,63.784000000000006,NO5
2025-10-17,16,63.24400000000001,NO5
2025-10-17,17,63.620000000000005,NO5
2025-10-17,18,64.065,NO5
2025-10-17,19,64.757,NO5
2025-10-17,20,64.277,NO5
2025-10-17,21,63.972,NO5
2025-10-17,22,62.447,NO5
2025-10-17,23,60.676,NO5
2025-10-17,24,60.441,NO5
2025-10-18,1,60.711,NO5
2025-10-18,2,59.784000000000006,NO5
2025-10-18,3,59.597,NO5
2025-10-18,4,59.714,NO5
2025-10-18,5,59.89,NO5
2025-10-18,6,59.948,NO5
2025-10-18,7,60.77,NO5
2025-10-18,8,61.17999999999999,NO5
2025-10-18,9,60.981,NO5
2025-10-18,10,63.96,NO5
2025-10-18,11,64.687,NO5
2025-10-18,12,62.107000000000006,NO5
2025-10-18,13,61.309000000000005,NO5
2025-10-18,14,64.35900000000001,NO5
2025-10-18,15,62.189,NO5
2025-10-18,16,62.939,NO5
2025-10-18,17,62.435,NO5
2025-10-18,18,63.749,NO5
2025-10-18,19,67.643,NO5
2025-10-18,20,66.435,NO5
2025-10-18,21,63.233,NO5
2025-10-18,22,60.17100000000001,NO5
2025-10-18,23,63.127,NO5
2025-10-18,24,61.415,NO5
2025-10-19,1,64.711,NO5
2025-10-19,2,62.423,NO5
2025-10-19,3,60.95700000000001,NO5
2025-10-19,4,61.403,NO5
2025-10-19,5,59.468,NO5
2025-10-19,6,58.928,NO5
2025-10-19,7,60.687,NO5
2025-10-19,8,63.79600000000001,NO5
2025-10-19,9,64.58200000000001,NO5
2025-10-19,10,63.819,NO5
2025-10-19,11,64.171,NO5
2025-10-19,12,60.91,NO5
2025-10-19,13,49.674,NO5
2025-10-19,14,42.882,NO5
2025-10-19,15,51.562,NO5
2025-10-19,16,63.79600000000001,NO5
2025-10-19,17,67.103,NO5
2025-10-19,18,69.836,NO5
2025-10-19,19,70.47,NO5
2025-10-19,20,71.819,NO5
2025-10-19,21,70.53999999999999,NO5
2025-10-19,22,69.731,NO5
2025-10-19,23,65.89500000000001,NO5
2025-10-19,24,61.462,NO5
2025-10-20,1,62.899,NO5
2025-10-20,2,60.715,NO5
2025-10-20,3,59.471,NO5
2025-10-20,4,58.109,NO5
2025-10-20,5,59.882000000000005,NO5
2025-10-20,6,63.181,NO5
2025-10-20,7,68.58200000000001,NO5
2025-10-20,8,75.909,NO5
2025-10-20,9,91.149,NO5
2025-10-20,10,84.856,NO5
2025-10-20,11,77.16499999999999,NO5
2025-10-20,12,72.292,NO5
2025-10-20,13,69.615,NO5
2025-10-20,14,70.54299999999999,NO5
2025-10-20,15,72.75,NO5
2025-10-20,16,75.838,NO5
2025-10-20,17,80.40599999999999,NO5
2025-10-20,18,75.815,NO5
2025-10-20,19,74.33500000000001,NO5
2025-10-20,20,73.878,NO5
2025-10-20,21,72.89099999999999,NO5
2025-10-20,22,68.34700000000001,NO5
2025-10-20,23,64.625,NO5
2025-10-20,24,57.545,NO5
2025-10-21,1,56.654,NO5
2025-10-21,2,48.708,NO5
2025-10-21,3,36.63,NO5
2025-10-21,4,25.824,NO5
2025-10-21,5,31.169,NO5
2025-10-21,6,55.861,NO5
2025-10-21,7,63.271,NO5
2025-10-21,8,71.311,NO5
2025-10-21,9,74.52000000000001,NO5
2025-10-21,10,74.03,NO5
2025-10-21,11,68.114,NO5
2025-10-21,12,66.795,NO5
2025-10-21,13,59.467,NO5
2025-10-21,14,51.345000000000006,NO5
2025-10-21,15,46.561,NO5
2025-10-21,16,62.839,NO5
2025-10-21,17,67.087,NO5
2025-10-21,18,67.635,NO5
2025-10-21,19,66.247,NO5
2025-10-21,20,66.57300000000001,NO5
2025-10-21,21,65.021,NO5
2025-10-21,22,65.546,NO5
2025-10-21,23,64.765,NO5
2025-10-21,24,65.325,NO5
2025-10-22,1,59.682,NO5
2025-10-22,2,59.263,NO5
2025-10-22,3,58.378,NO5
2025-10-22,4,57.377,NO5
2025-10-22,5,58.30800000000001,NO5
2025-10-22,6,60.55499999999999,NO5
2025-10-22,7,65.119,NO5
2025-10-22,8,73.29299999999999,NO5
2025-10-22,9,77.426,NO5
2025-10-22,10,78.159,NO5
2025-10-22,11,75.703,NO5
2025-10-22,12,74.632,NO5
2025-10-22,13,74.41,NO5
2025-10-22,14,71.616,NO5
2025-10-22,15,66.53999999999999,NO5
2025-10-22,16,67.11,NO5
2025-10-22,17,67.087,NO5
2025-10-22,18,68.146,NO5
2025-10-22,19,67.925,NO5
2025-10-22,20,67.588,NO5
2025-10-22,21,66.493,NO5
2025-10-22,22,66.086,NO5
2025-10-22,23,64.735,NO5
2025-10-22,24,63.85,NO5
2025-10-23,1,64.00800000000001,NO5
2025-10-23,2,60.486,NO5
2025-10-23,3,59.676,NO5
2025-10-23,4,60.718,NO5
2025-10-23,5,62.29299999999999,NO5
2025-10-23,6,62.629,NO5
2025-10-23,7,67.135,NO5
2025-10-23,8,69.301,NO5
2025-10-23,9,76.089,NO5
2025-10-23,10,74.791,NO5
2025-10-23,11,80.72200000000001,NO5
2025-10-23,12,75.70599999999999,NO5
2025-10-23,13,74.409,NO5
2025-10-23,14,73.737,NO5
2025-10-23,15,71.409,NO5
2025-10-23,16,71.618,NO5
2025-10-23,17,70.981,NO5
2025-10-23,18,70.35499999999999,NO5
2025-10-23,19,70.17,NO5
2025-10-23,20,68.791,NO5
2025-10-23,21,69.174,NO5
2025-10-23,22,68.896,NO5
2025-10-23,23,66.475,NO5
2025-10-23,24,65.027,NO5
2025-10-24,1,31.079,NO5
2025-10-24,2,27.385,NO5
2025-10-24,3,16.649,NO5
2025-10-24,4,16.301,NO5
2025-10-24,5,11.665,NO5
2025-10-24,6,15.999,NO5
2025-10-24,7,34.53,NO5
2025-10-24,8,66.981,NO5
2025-10-24,9,71.396,NO5
2025-10-24,10,70.675,NO5
2025-10-24,11,67.178,NO5
2025-10-24,12,51.203,NO5
2025-10-24,13,46.509,NO5
2025-10-24,14,39.735,NO5
2025-10-24,15,36.773,NO5
2025-10-24,16,46.567,NO5
2025-10-24,17,53.852,NO5
2025-10-24,18,66.574,NO5
2025-10-24,19,71.396,NO5
2025-10-24,20,72.209,NO5
2025-10-24,21,63.112,NO5
2025-10-24,22,49.983,NO5
2025-10-24,23,32.497,NO5
2025-10-24,24,12.699,NO5
2025-10-25,1,34.844,NO5
2025-10-25,2,51.737,NO5
2025-10-25,3,33.88,NO5
2025-10-25,4,12.989,NO5
2025-10-25,5,13.582,NO5
2025-10-25,6,11.282,NO5
2025-10-25,7,15.975,NO5
2025-10-25,8,37.226,NO5
2025-10-25,9,40.165,NO5
2025-10-25,10,46.544,NO5
2025-10-25,11,51.737,NO5
2025-10-25,12,34.286,NO5
2025-10-25,13,8.376999999999999,NO5
2025-10-25,14,21.738,NO5
2025-10-25,15,51.156,NO5
2025-10-25,16,55.188,NO5
2025-10-25,17,57.54600000000001,NO5
2025-10-25,18,58.801,NO5
2025-10-25,19,62.24,NO5
2025-10-25,20,66.806,NO5
2025-10-25,21,53.898,NO5
2025-10-25,22,48.484,NO5
2025-10-25,23,32.927,NO5
2025-10-25,24,10.201,NO5
2025-10-26,1,32.206,NO5
2025-10-26,2,5.263,NO5
2025-10-26,3,4.322,NO5
2025-10-26,4,9.028,NO5
2025-10-26,5,5.066,NO5
2025-10-26,6,3.695,NO5
2025-10-26,7,4.066,NO5
2025-10-26,8,8.725,NO5
2025-10-26,9,30.208,NO5
2025-10-26,10,56.303,NO5
2025-10-26,11,57.361,NO5
2025-10-26,12,54.92100000000001,NO5
2025-10-26,13,51.319,NO5
2025-10-26,14,43.686,NO5
2025-10-26,15,29.65,NO5
2025-10-26,16,43.848,NO5
2025-10-26,17,60.939,NO5
2025-10-26,18,63.83200000000001,NO5
2025-10-26,19,58.999,NO5
2025-10-26,20,56.57000000000001,NO5
2025-10-26,21,48.089,NO5
2025-10-26,22,57.697,NO5
2025-10-26,23,52.864,NO5
2025-10-26,24,47.891000000000005,NO5
2025-10-27,1,56.38,NO5
2025-10-27,2,34.896,NO5
2025-10-27,3,35.129000000000005,NO5
2025-10-27,4,39.084,NO5
2025-10-27,5,34.349000000000004,NO5
2025-10-27,6,47.656,NO5
2025-10-27,7,59.428,NO5
2025-10-27,8,72.828,NO5
2025-10-27,9,77.51599999999999,NO5
2025-10-27,10,78.9,NO5
2025-10-27,11,83.15700000000001,NO5
2025-10-27,12,76.95700000000001,NO5
2025-10-27,13,76.725,NO5
2025-10-27,14,74.28200000000001,NO5
2025-10-27,15,72.979,NO5
2025-10-27,16,74.398,NO5
2025-10-27,17,80.52799999999999,NO5
2025-10-27,18,77.50399999999999,NO5
2025-10-27,19,80.563,NO5
2025-10-27,20,77.248,NO5
2025-10-27,21,75.07300000000001,NO5
2025-10-27,22,72.549,NO5
2025-10-27,23,70.64099999999999,NO5
2025-10-27,24,63.29,NO5
2025-10-28,1,53.11900000000001,NO5
2025-10-28,2,36.006,NO5
2025-10-28,3,28.444,NO5
2025-10-28,4,15.297999999999998,NO5
2025-10-28,5,13.146,NO5
2025-10-28,6,35.68,NO5
2025-10-28,7,63.321000000000005,NO5
2025-10-28,8,75.257,NO5
2025-10-28,9,77.118,NO5
2025-10-28,10,77.502,NO5
2025-10-28,11,74.175,NO5
2025-10-28,12,77.66499999999999,NO5
2025-10-28,13,73.163,NO5
2025-10-28,14,69.033,NO5
2025-10-28,15,70.988,NO5
2025-10-28,16,75.897,NO5
2025-10-28,17,79.387,NO5
2025-10-28,18,82.575,NO5
2025-10-28,19,77.421,NO5
2025-10-28,20,75.874,NO5
2025-10-28,21,75.571,NO5
2025-10-28,22,72.884,NO5
2025-10-28,23,72.58099999999999,NO5
2025-10-28,24,73.41900000000001,NO5
2025-10-29,1,64.431,NO5
2025-10-29,2,59.822,NO5
2025-10-29,3,59.205,NO5
2025-10-29,4,59.694,NO5
2025-10-29,5,58.891,NO5
2025-10-29,6,69.074,NO5
2025-10-29,7,74.649,NO5
2025-10-29,8,75.848,NO5
2025-10-29,9,91.292,NO5
2025-10-29,10,90.536,NO5
2025-10-29,11,78.862,NO5
2025-10-29,12,78.15299999999999,NO5
2025-10-29,13,78.339,NO5
2025-10-29,14,83.96000000000001,NO5
2025-10-29,15,80.399,NO5
2025-10-29,16,84.356,NO5
2025-10-29,17,87.568,NO5
2025-10-29,18,85.50800000000001,NO5
2025-10-29,19,79.79400000000001,NO5
2025-10-29,20,78.304,NO5
2025-10-29,21,74.76599999999999,NO5
2025-10-29,22,74.824,NO5
2025-10-29,23,69.412,NO5
2025-10-29,24,66.828,NO5
2025-10-30,1,64.728,NO5
2025-10-30,2,62.383,NO5
2025-10-30,3,58.277,NO5
2025-10-30,4,56.703,NO5
2025-10-30,5,56.318,NO5
2025-10-30,6,63.29299999999999,NO5
2025-10-30,7,68.986,NO5
2025-10-30,8,73.38300000000001,NO5
2025-10-30,9,78.119,NO5
2025-10-30,10,73.022,NO5
2025-10-30,11,67.388,NO5
2025-10-30,12,59.152,NO5
2025-10-30,13,54.008,NO5
2025-10-30,14,53.273,NO5
2025-10-30,15,59.712,NO5
2025-10-30,16,66.886,NO5
2025-10-30,17,70.875,NO5
2025-10-30,18,70.152,NO5
2025-10-30,19,69.40599999999999,NO5
2025-10-30,20,68.321,NO5
2025-10-30,21,65.066,NO5
2025-10-30,22,67.376,NO5
2025-10-30,23,66.396,NO5
2025-10-30,24,60.855,NO5
2025-10-31,1,67.491,NO5
2025-10-31,2,66.233,NO5
2025-10-31,3,65.40599999999999,NO5
2025-10-31,4,64.84700000000001,NO5
2025-10-31,5,63.985,NO5
2025-10-31,6,64.183,NO5
2025-10-31,7,67.29299999999999,NO5
2025-10-31,8,67.28200000000001,NO5
2025-10-31,9,69.064,NO5
2025-10-31,10,70.438,NO5
2025-10-31,11,71.999,NO5
2025-10-31,12,71.568,NO5
2025-10-31,13,70.322,NO5
2025-10-31,14,70.55499999999999,NO5
2025-10-31,15,71.464,NO5
2025-10-31,16,69.949,NO5
2025-10-31,17,72.61699999999999,NO5
2025-10-31,18,72.116,NO5
2025-10-31,19,71.697,NO5
2025-10-31,20,71.464,NO5
2025-10-31,21,71.51,NO5
2025-10-31,22,70.485,NO5
2025-10-31,23,68.84299999999999,NO5
2025-10-31,24,61.166,NO5
2025-11-01,1,56.414,NO5
2025-11-01,2,39.197,NO5
2025-11-01,3,27.863,NO5
2025-11-01,4,23.215,NO5
2025-11-01,5,18.812,NO5
2025-11-01,6,15.446000000000002,NO5
2025-11-01,7,14.036,NO5
2025-11-01,8,21.084,NO5
2025-11-01,9,35.551,NO5
2025-11-01,10,32.278,NO5
2025-11-01,11,34.118,NO5
2025-11-01,12,24.112,NO5
2025-11-01,13,38.23,NO5
2025-11-01,14,35.633,NO5
2025-11-01,15,55.15599999999999,NO5
2025-11-01,16,61.609,NO5
2025-11-01,17,67.189,NO5
2025-11-01,18,69.47200000000001,NO5
2025-11-01,19,66.268,NO5
2025-11-01,20,65.37100000000001,NO5
2025-11-01,21,63.589,NO5
2025-11-01,22,62.413,NO5
2025-11-01,23,61.306,NO5
2025-11-01,24,58.243,NO5
2025-11-02,1,57.217,NO5
2025-11-02,2,55.33,NO5
2025-11-02,3,53.898,NO5
2025-11-02,4,53.397000000000006,NO5
2025-11-02,5,53.711,NO5
2025-11-02,6,54.888,NO5
2025-11-02,7,59.827,NO5
2025-11-02,8,64.20700000000001,NO5
2025-11-02,9,66.0,NO5
2025-11-02,10,66.338,NO5
2025-11-02,11,65.488,NO5
2025-11-02,12,65.721,NO5
2025-11-02,13,65.639,NO5
2025-11-02,14,65.931,NO5
2025-11-02,15,67.06,NO5
2025-11-02,16,67.398,NO5
2025-11-02,17,71.34700000000001,NO5
2025-11-02,18,70.369,NO5
2025-11-02,19,70.71799999999999,NO5
2025-11-02,20,69.821,NO5
2025-11-02,21,69.44800000000001,NO5
2025-11-02,22,69.507,NO5
2025-11-02,23,66.886,NO5
2025-11-02,24,65.663,NO5
2025-11-03,1,61.362,NO5
2025-11-03,2,58.496,NO5
2025-11-03,3,57.564,NO5
2025-11-03,4,53.95399999999999,NO5
2025-11-03,5,54.05800000000001,NO5
2025-11-03,6,58.415,NO5
2025-11-03,7,63.202,NO5
2025-11-03,8,63.470000000000006,NO5
2025-11-03,9,64.623,NO5
2025-11-03,10,65.438,NO5
2025-11-03,11,66.21900000000001,NO5
2025-11-03,12,66.126,NO5
2025-11-03,13,65.334,NO5
2025-11-03,14,66.04400000000001,NO5
2025-11-03,15,66.627,NO5
2025-11-03,16,68.176,NO5
2025-11-03,17,71.228,NO5
2025-11-03,18,75.67699999999999,NO5
2025-11-03,19,75.176,NO5
2025-11-03,20,71.111,NO5
2025-11-03,21,67.861,NO5
2025-11-03,22,64.16900000000001,NO5
2025-11-03,23,53.255,NO5
2025-11-03,24,32.545,NO5
2025-11-04,1,9.663,NO5
2025-11-04,2,7.833,NO5
2025-11-04,3,5.311999999999999,NO5
2025-11-04,4,6.121,NO5
2025-11-04,5,5.992,NO5
2025-11-04,6,9.686,NO5
2025-11-04,7,42.473,NO5
2025-11-04,8,52.535,NO5
2025-11-04,9,60.415,NO5
2025-11-04,10,62.889,NO5
2025-11-04,11,61.658,NO5
2025-11-04,12,56.803,NO5
2025-11-04,13,55.197,NO5
2025-11-04,14,62.877,NO5
2025-11-04,15,63.968,NO5
2025-11-04,16,67.674,NO5
2025-11-04,17,69.151,NO5
2025-11-04,18,70.03099999999999,NO5
2025-11-04,19,69.069,NO5
2025-11-04,20,67.838,NO5
2025-11-04,21,66.865,NO5
2025-11-04,22,62.233,NO5
2025-11-04,23,60.427,NO5
2025-11-04,24,56.944,NO5
2025-11-05,1,58.04,NO5
2025-11-05,2,56.736,NO5
2025-11-05,3,56.889,NO5
2025-11-05,4,54.128,NO5
2025-11-05,5,53.834,NO5
2025-11-05,6,56.289,NO5
2025-11-05,7,60.813,NO5
2025-11-05,8,65.771,NO5
2025-11-05,9,66.112,NO5
2025-11-05,10,68.426,NO5
2025-11-05,11,65.465,NO5
2025-11-05,12,63.527,NO5
2025-11-05,13,65.841,NO5
2025-11-05,14,70.482,NO5
2025-11-05,15,70.517,NO5
2025-11-05,16,71.187,NO5
2025-11-05,17,73.349,NO5
2025-11-05,18,72.785,NO5
2025-11-05,19,71.634,NO5
2025-11-05,20,70.952,NO5
2025-11-05,21,71.199,NO5
2025-11-05,22,70.259,NO5
2025-11-05,23,68.39099999999999,NO5
2025-11-05,24,62.86900000000001,NO5
2025-11-06,1,61.341,NO5
2025-11-06,2,59.981,NO5
2025-11-06,3,58.597,NO5
2025-11-06,4,58.093,NO5
2025-11-06,5,57.612,NO5
2025-11-06,6,61.86900000000001,NO5
2025-11-06,7,69.304,NO5
2025-11-06,8,71.743,NO5
2025-11-06,9,75.648,NO5
2025-11-06,10,75.71799999999999,NO5
2025-11-06,11,75.202,NO5
2025-11-06,12,74.71000000000001,NO5
2025-11-06,13,74.557,NO5
2025-11-06,14,74.745,NO5
2025-11-06,15,75.05,NO5
2025-11-06,16,73.666,NO5
2025-11-06,17,74.616,NO5
2025-11-06,18,76.67999999999999,NO5
2025-11-06,19,73.255,NO5
2025-11-06,20,70.863,NO5
2025-11-06,21,70.488,NO5
2025-11-06,22,69.409,NO5
2025-11-06,23,67.732,NO5
2025-11-06,24,64.71900000000001,NO5
2025-11-07,1,63.047,NO5
2025-11-07,2,62.575,NO5
2025-11-07,3,61.892,NO5
2025-11-07,4,61.657,NO5
2025-11-07,5,63.859,NO5
2025-11-07,6,67.205,NO5
2025-11-07,7,69.549,NO5
2025-11-07,8,70.821,NO5
2025-11-07,9,73.142,NO5
2025-11-07,10,72.635,NO5
2025-11-07,11,72.647,NO5
2025-11-07,12,72.659,NO5
2025-11-07,13,72.588,NO5
2025-11-07,14,73.012,NO5
2025-11-07,15,71.53999999999999,NO5
2025-11-07,16,71.988,NO5
2025-11-07,17,73.884,NO5
2025-11-07,18,72.388,NO5
2025-11-07,19,73.17699999999999,NO5
2025-11-07,20,71.846,NO5
2025-11-07,21,70.503,NO5
2025-11-07,22,69.84400000000001,NO5
2025-11-07,23,68.725,NO5
2025-11-07,24,68.772,NO5
2025-11-08,1,63.789,NO5
2025-11-08,2,60.243,NO5
2025-11-08,3,59.901,NO5
2025-11-08,4,60.514,NO5
2025-11-08,5,61.044,NO5
2025-11-08,6,61.66799999999999,NO5
2025-11-08,7,62.163,NO5
2025-11-08,8,64.931,NO5
2025-11-08,9,66.416,NO5
2025-11-08,10,66.981,NO5
2025-11-08,11,67.17,NO5
2025-11-08,12,67.111,NO5
2025-11-08,13,66.993,NO5
2025-11-08,14,67.005,NO5
2025-11-08,15,67.62899999999999,NO5
2025-11-08,16,67.676,NO5
2025-11-08,17,67.03999999999999,NO5
2025-11-08,18,67.57000000000001,NO5
2025-11-08,19,67.747,NO5
2025-11-08,20,67.488,NO5
2025-11-08,21,67.01599999999999,NO5
2025-11-08,22,66.463,NO5
2025-11-08,23,64.931,NO5
2025-11-08,24,65.132,NO5
2025-11-09,1,63.95399999999999,NO5
2025-11-09,2,62.481,NO5
2025-11-09,3,63.08200000000001,NO5
2025-11-09,4,62.799,NO5
2025-11-09,5,62.104,NO5
2025-11-09,6,63.129,NO5
2025-11-09,7,63.2,NO5
2025-11-09,8,63.753,NO5
2025-11-09,9,64.66,NO5
2025-11-09,10,64.99,NO5
2025-11-09,11,65.36699999999999,NO5
2025-11-09,12,65.556,NO5
2025-11-09,13,65.626,NO5
2025-11-09,14,65.662,NO5
2025-11-09,15,66.557,NO5
2025-11-09,16,67.912,NO5
2025-11-09,17,68.124,NO5
2025-11-09,18,68.136,NO5
2025-11-09,19,67.547,NO5
2025-11-09,20,67.688,NO5
2025-11-09,21,67.217,NO5
2025-11-09,22,66.05,NO5
2025-11-09,23,65.238,NO5
2025-11-09,24,64.908,NO5
2025-11-10,1,66.215,NO5
2025-11-10,2,65.795,NO5
2025-11-10,3,65.643,NO5
2025-11-10,4,65.608,NO5
2025-11-10,5,65.748,NO5
2025-11-10,6,66.811,NO5
2025-11-10,7,69.173,NO5
2025-11-10,8,70.318,NO5
2025-11-10,9,76.186,NO5
2025-11-10,10,76.221,NO5
2025-11-10,11,76.279,NO5
2025-11-10,12,77.612,NO5
2025-11-10,13,77.483,NO5
2025-11-10,14,77.869,NO5
2025-11-10,15,79.447,NO5
2025-11-10,16,79.353,NO5
2025-11-10,17,83.397,NO5
2025-11-10,18,98.534,NO5
2025-11-10,19,93.929,NO5
2025-11-10,20,78.38300000000001,NO5
2025-11-10,21,77.261,NO5
2025-11-10,22,76.326,NO5
2025-11-10,23,70.283,NO5
2025-11-10,24,67.314,NO5
2025-11-11,1,65.579,NO5
2025-11-11,2,64.039,NO5
2025-11-11,3,63.923,NO5
2025-11-11,4,63.888,NO5
2025-11-11,5,63.760000000000005,NO5
2025-11-11,6,64.191,NO5
2025-11-11,7,66.64,NO5
2025-11-11,8,71.94500000000001,NO5
2025-11-11,9,73.181,NO5
2025-11-11,10,76.913,NO5
2025-11-11,11,74.89500000000001,NO5
2025-11-11,12,73.216,NO5
2025-11-11,13,74.977,NO5
2025-11-11,14,74.942,NO5
2025-11-11,15,77.461,NO5
2025-11-11,16,78.848,NO5
2025-11-11,17,81.91499999999999,NO5
2025-11-11,18,88.57300000000001,NO5
2025-11-11,19,78.88300000000001,NO5
2025-11-11,20,70.243,NO5
2025-11-11,21,69.042,NO5
2025-11-11,22,68.75,NO5
2025-11-11,23,68.086,NO5
2025-11-11,24,63.911,NO5
2025-11-12,1,63.56,NO5
2025-11-12,2,60.706,NO5
2025-11-12,3,57.7,NO5
2025-11-12,4,53.599,NO5
2025-11-12,5,48.509,NO5
2025-11-12,6,50.885000000000005,NO5
2025-11-12,7,55.312,NO5
2025-11-12,8,57.77,NO5
2025-11-12,9,59.086,NO5
2025-11-12,10,57.968,NO5
2025-11-12,11,59.051,NO5
2025-11-12,12,57.176,NO5
2025-11-12,13,56.733,NO5
2025-11-12,14,57.816,NO5
2025-11-12,15,63.129,NO5
2025-11-12,16,63.408,NO5
2025-11-12,17,64.014,NO5
2025-11-12,18,65.284,NO5
2025-11-12,19,62.698,NO5
2025-11-12,20,61.06699999999999,NO5
2025-11-12,21,59.645,NO5
2025-11-12,22,59.715,NO5
2025-11-12,23,58.807,NO5
2025-11-12,24,55.125,NO5
2025-11-13,1,35.407,NO5
2025-11-13,2,21.177,NO5
2025-11-13,3,12.585,NO5
2025-11-13,4,8.312000000000001,NO5
2025-11-13,5,6.397,NO5
2025-11-13,6,27.259,NO5
2025-11-13,7,48.716,NO5
2025-11-13,8,61.324,NO5
2025-11-13,9,64.569,NO5
2025-11-13,10,59.794,NO5
2025-11-13,11,55.627,NO5
2025-11-13,12,52.661,NO5
2025-11-13,13,55.615,NO5
2025-11-13,14,64.487,NO5
2025-11-13,15,68.176,NO5
2025-11-13,16,71.118,NO5
2025-11-13,17,73.78,NO5
2025-11-13,18,77.375,NO5
2025-11-13,19,74.06,NO5
2025-11-13,20,77.17699999999999,NO5
2025-11-13,21,76.441,NO5
2025-11-13,22,75.262,NO5
2025-11-13,23,73.826,NO5
2025-11-13,24,72.05199999999999,NO5
2025-11-14,1,72.67,NO5
2025-11-14,2,67.251,NO5
2025-11-14,3,66.27799999999999,NO5
2025-11-14,4,65.785,NO5
2025-11-14,5,70.16,NO5
2025-11-14,6,71.122,NO5
2025-11-14,7,74.453,NO5
2025-11-14,8,80.399,NO5
2025-11-14,9,86.287,NO5
2025-11-14,10,87.002,NO5
2025-11-14,11,84.703,NO5
2025-11-14,12,82.686,NO5
2025-11-14,13,81.724,NO5
2025-11-14,14,81.30199999999999,NO5
2025-11-14,15,82.064,NO5
2025-11-14,16,81.325,NO5
2025-11-14,17,81.795,NO5
2025-11-14,18,86.638,NO5
2025-11-14,19,84.211,NO5
2025-11-14,20,82.346,NO5
2025-11-14,21,79.261,NO5
2025-11-14,22,75.637,NO5
2025-11-14,23,72.048,NO5
2025-11-14,24,66.935,NO5
2025-11-15,1,68.799,NO5
2025-11-15,2,66.688,NO5
2025-11-15,3,64.08500000000001,NO5
2025-11-15,4,63.252,NO5
2025-11-15,5,63.029,NO5
2025-11-15,6,62.513,NO5
2025-11-15,7,66.03099999999999,NO5
2025-11-15,8,72.482,NO5
2025-11-15,9,77.197,NO5
2025-11-15,10,83.929,NO5
2025-11-15,11,86.204,NO5
2025-11-15,12,86.92,NO5
2025-11-15,13,86.369,NO5
2025-11-15,14,88.269,NO5
2025-11-15,15,88.409,NO5
2025-11-15,16,88.55,NO5
2025-11-15,17,91.928,NO5
2025-11-15,18,94.532,NO5
2025-11-15,19,92.245,NO5
2025-11-15,20,88.046,NO5
2025-11-15,21,85.28999999999999,NO5
2025-11-15,22,81.712,NO5
2025-11-15,23,77.619,NO5
2025-11-15,24,76.012,NO5
2025-11-16,1,73.561,NO5
2025-11-16,2,72.025,NO5
2025-11-16,3,74.546,NO5
2025-11-16,4,73.022,NO5
2025-11-16,5,72.658,NO5
2025-11-16,6,73.761,NO5
2025-11-16,7,77.056,NO5
2025-11-16,8,78.499,NO5
2025-11-16,9,84.926,NO5
2025-11-16,10,86.099,NO5
2025-11-16,11,88.128,NO5
2025-11-16,12,89.324,NO5
2025-11-16,13,88.691,NO5
2025-11-16,14,87.354,NO5
2025-11-16,15,87.577,NO5
2025-11-16,16,87.952,NO5
2025-11-16,17,93.722,NO5
2025-11-16,18,102.402,NO5
2025-11-16,19,100.22,NO5
2025-11-16,20,99.422,NO5
2025-11-16,21,93.171,NO5
2025-11-16,22,86.58,NO5
2025-11-16,23,81.466,NO5
2025-11-16,24,77.056,NO5
2025-11-17,1,76.767,NO5
2025-11-17,2,75.0,NO5
2025-11-17,3,72.941,NO5
2025-11-17,4,68.44800000000001,NO5
2025-11-17,5,67.94500000000001,NO5
2025-11-17,6,73.584,NO5
2025-11-17,7,83.939,NO5
2025-11-17,8,104.17,NO5
2025-11-17,9,119.38,NO5
2025-11-17,10,117.742,NO5
2025-11-17,11,109.996,NO5
2025-11-17,12,95.78,NO5
2025-11-17,13,87.70700000000001,NO5
2025-11-17,14,88.397,NO5
2025-11-17,15,98.682,NO5
2025-11-17,16,103.994,NO5
2025-11-17,17,104.719,NO5
2025-11-17,18,133.046,NO5
2025-11-17,19,132.075,NO5
2025-11-17,20,125.511,NO5
2025-11-17,21,116.654,NO5
2025-11-17,22,105.106,NO5
2025-11-17,23,99.794,NO5
2025-11-17,24,92.048,NO5
2025-11-18,1,96.565,NO5
2025-11-18,2,94.125,NO5
2025-11-18,3,90.053,NO5
2025-11-18,4,88.551,NO5
2025-11-18,5,91.602,NO5
2025-11-18,6,95.38,NO5
2025-11-18,7,103.629,NO5
2025-11-18,8,119.269,NO5
2025-11-18,9,136.54000000000002,NO5
2025-11-18,10,123.411,NO5
2025-11-18,11,104.907,NO5
2025-11-18,12,101.634,NO5
2025-11-18,13,101.646,NO5
2025-11-18,14,103.3,NO5
2025-11-18,15,110.14,NO5
2025-11-18,16,137.42000000000002,NO5
2025-11-18,17,161.861,NO5
2025-11-18,18,172.855,NO5
2025-11-18,19,163.82,NO5
2025-11-18,20,149.541,NO5
2025-11-18,21,121.932,NO5
2025-11-18,22,107.899,NO5
2025-11-18,23,111.067,NO5
2025-11-18,24,102.537,NO5
2025-11-19,1,98.906,NO5
2025-11-19,2,97.685,NO5
2025-11-19,3,95.922,NO5
2025-11-19,4,94.56,NO5
2025-11-19,5,96.005,NO5
2025-11-19,6,97.931,NO5
2025-11-19,7,112.487,NO5
2025-11-19,8,154.615,NO5
2025-11-19,9,177.33599999999998,NO5
2025-11-19,10,159.973,NO5
2025-11-19,11,141.892,NO5
2025-11-19,12,132.682,NO5
2025-11-19,13,131.578,NO5
2025-11-19,14,135.642,NO5
2025-11-19,15,138.01600000000002,NO5
2025-11-19,16,179.075,NO5
2025-11-19,17,187.604,NO5
2025-11-19,18,185.654,NO5
2025-11-19,19,136.089,NO5
2025-11-19,20,135.701,NO5
2025-11-19,21,120.793,NO5
2025-11-19,22,114.332,NO5
2025-11-19,23,113.075,NO5
2025-11-19,24,104.816,NO5
2025-11-20,1,106.639,NO5
2025-11-20,2,100.475,NO5
2025-11-20,3,99.172,NO5
2025-11-20,4,98.949,NO5
2025-11-20,5,99.125,NO5
2025-11-20,6,102.495,NO5
2025-11-20,7,117.722,NO5
2025-11-20,8,166.328,NO5
2025-11-20,9,181.778,NO5
2025-11-20,10,178.491,NO5
2025-11-20,11,165.083,NO5
2025-11-20,12,153.084,NO5
2025-11-20,13,148.048,NO5
2025-11-20,14,145.33599999999998,NO5
2025-11-20,15,153.472,NO5
2025-11-20,16,174.276,NO5
2025-11-20,17,200.07,NO5
2025-11-20,18,203.897,NO5
2025-11-20,19,185.817,NO5
2025-11-20,20,177.587,NO5
2025-11-20,21,155.632,NO5
2025-11-20,22,135.485,NO5
2025-11-20,23,122.512,NO5
2025-11-20,24,106.674,NO5
2025-11-21,1,112.904,NO5
2025-11-21,2,107.16,NO5
2025-11-21,3,102.525,NO5
2025-11-21,4,101.806,NO5
2025-11-21,5,104.212,NO5
2025-11-21,6,113.234,NO5
2025-11-21,7,146.198,NO5
2025-11-21,8,207.681,NO5
2025-11-21,9,235.208,NO5
2025-11-21,10,209.461,NO5
2025-11-21,11,171.721,NO5
2025-11-21,12,158.594,NO5
2025-11-21,13,152.378,NO5
2025-11-21,14,158.252,NO5
2025-11-21,15,176.332,NO5
2025-11-21,16,224.11,NO5
2025-11-21,17,286.347,NO5
2025-11-21,18,287.219,NO5
2025-11-21,19,231.044,NO5
2025-11-21,20,193.339,NO5
2025-11-21,21,158.31099999999998,NO5
2025-11-21,22,116.737,NO5
2025-11-21,23,116.171,NO5
2025-11-21,24,105.45,NO5
2025-11-22,1,103.56300000000002,NO5
2025-11-22,2,99.919,NO5
2025-11-22,3,93.019,NO5
2025-11-22,4,89.34,NO5
2025-11-22,5,85.69500000000001,NO5
2025-11-22,6,82.499,NO5
2025-11-22,7,83.702,NO5
2025-11-22,8,88.042,NO5
2025-11-22,9,89.811,NO5
2025-11-22,10,88.21900000000001,NO5
2025-11-22,11,85.978,NO5
2025-11-22,12,83.86699999999999,NO5
2025-11-22,13,81.39,NO5
2025-11-22,14,80.529,NO5
2025-11-22,15,84.079,NO5
2025-11-22,16,86.78,NO5
2025-11-22,17,90.578,NO5
2025-11-22,18,93.868,NO5
2025-11-22,19,89.917,NO5
2025-11-22,20,85.14099999999999,NO5
2025-11-22,21,82.11,NO5
2025-11-22,22,80.671,NO5
2025-11-22,23,79.126,NO5
2025-11-22,24,77.546,NO5
2025-11-23,1,75.175,NO5
2025-11-23,2,75.47,NO5
2025-11-23,3,73.654,NO5
2025-11-23,4,68.559,NO5
2025-11-23,5,65.834,NO5
2025-11-23,6,68.66499999999999,NO5
2025-11-23,7,67.827,NO5
2025-11-23,8,72.191,NO5
2025-11-23,9,74.715,NO5
2025-11-23,10,75.91799999999999,NO5
2025-11-23,11,78.147,NO5
2025-11-23,12,79.02000000000001,NO5
2025-11-23,13,80.11699999999999,NO5
2025-11-23,14,78.312,NO5
2025-11-23,15,81.95700000000001,NO5
2025-11-23,16,91.156,NO5
2025-11-23,17,91.863,NO5
2025-11-23,18,95.343,NO5
2025-11-23,19,97.348,NO5
2025-11-23,20,98.775,NO5
2025-11-23,21,91.816,NO5
2025-11-23,22,87.11,NO5
2025-11-23,23,86.36699999999999,NO5
2025-11-23,24,81.744,NO5
2025-11-24,1,79.731,NO5
2025-11-24,2,80.07300000000001,NO5
2025-11-24,3,80.95700000000001,NO5
2025-11-24,4,81.642,NO5
2025-11-24,5,81.65299999999999,NO5
2025-11-24,6,89.037,NO5
2025-11-24,7,98.295,NO5
2025-11-24,8,104.169,NO5
2025-11-24,9,107.507,NO5
2025-11-24,10,109.123,NO5
2025-11-24,11,122.84,NO5
2025-11-24,12,141.286,NO5
2025-11-24,13,137.477,NO5
2025-11-24,14,111.541,NO5
2025-11-24,15,107.118,NO5
2025-11-24,16,148.599,NO5
2025-11-24,17,224.272,NO5
2025-11-24,18,241.646,NO5
2025-11-24,19,115.551,NO5
2025-11-24,20,111.305,NO5
2025-11-24,21,109.559,NO5
2025-11-24,22,108.686,NO5
2025-11-24,23,105.183,NO5
2025-11-24,24,98.543,NO5
2025-11-25,1,89.76,NO5
2025-11-25,2,85.72,NO5
2025-11-25,3,84.144,NO5
2025-11-25,4,81.976,NO5
2025-11-25,5,83.22,NO5
2025-11-25,6,87.73400000000001,NO5
2025-11-25,7,102.983,NO5
2025-11-25,8,234.519,NO5
2025-11-25,9,283.949,NO5
2025-11-25,10,261.687,NO5
2025-11-25,11,232.979,NO5
2025-11-25,12,268.156,NO5
2025-11-25,13,286.177,NO5
2025-11-25,14,259.993,NO5
2025-11-25,15,247.765,NO5
2025-11-25,16,252.339,NO5
2025-11-25,17,315.46500000000003,NO5
2025-11-25,18,314.529,NO5
2025-11-25,19,252.208,NO5
2025-11-25,20,212.802,NO5
2025-11-25,21,148.55,NO5
2025-11-25,22,119.44,NO5
2025-11-25,23,105.18699999999998,NO5
2025-11-25,24,96.182,NO5
2025-11-26,1,89.882,NO5
2025-11-26,2,87.82000000000001,NO5
2025-11-26,3,86.95599999999999,NO5
2025-11-26,4,83.449,NO5
2025-11-26,5,82.11,NO5
2025-11-26,6,83.769,NO5
2025-11-26,7,108.943,NO5
2025-11-26,8,151.651,NO5
2025-11-26,9,227.305,NO5
2025-11-26,10,202.817,NO5
2025-11-26,11,187.345,NO5
2025-11-26,12,159.754,NO5
2025-11-26,13,154.636,NO5
2025-11-26,14,158.676,NO5
2025-11-26,15,174.397,NO5
2025-11-26,16,211.276,NO5
2025-11-26,17,278.37600000000003,NO5
2025-11-26,18,278.246,NO5
2025-11-26,19,215.837,NO5
2025-11-26,20,173.046,NO5
2025-11-26,21,133.217,NO5
2025-11-26,22,109.05,NO5
2025-11-26,23,96.599,NO5
2025-11-26,24,86.482,NO5
2025-11-27,1,84.934,NO5
2025-11-27,2,83.199,NO5
2025-11-27,3,83.235,NO5
2025-11-27,4,80.485,NO5
2025-11-27,5,74.087,NO5
2025-11-27,6,77.652,NO5
2025-11-27,7,80.638,NO5
2025-11-27,8,85.713,NO5
2025-11-27,9,89.20700000000001,NO5
2025-11-27,10,86.776,NO5
2025-11-27,11,85.489,NO5
2025-11-27,12,85.253,NO5
2025-11-27,13,86.162,NO5
2025-11-27,14,85.961,NO5
2025-11-27,15,81.311,NO5
2025-11-27,16,80.65,NO5
2025-11-27,17,83.341,NO5
2025-11-27,18,83.76599999999999,NO5
2025-11-27,19,83.329,NO5
2025-11-27,20,77.251,NO5
2025-11-27,21,75.114,NO5
2025-11-27,22,74.229,NO5
2025-11-27,23,71.514,NO5
2025-11-27,24,66.911,NO5
2025-11-28,1,68.30499999999999,NO5
2025-11-28,2,68.387,NO5
2025-11-28,3,64.34,NO5
2025-11-28,4,59.30499999999999,NO5
2025-11-28,5,59.28099999999999,NO5
2025-11-28,6,61.364,NO5
2025-11-28,7,69.53999999999999,NO5
2025-11-28,8,75.10499999999999,NO5
2025-11-28,9,81.493,NO5
2025-11-28,10,81.869,NO5
2025-11-28,11,82.104,NO5
2025-11-28,12,80.175,NO5
2025-11-28,13,78.634,NO5
2025-11-28,14,78.857,NO5
2025-11-28,15,80.65700000000001,NO5
2025-11-28,16,78.21000000000001,NO5
2025-11-28,17,86.29299999999999,NO5
2025-11-28,18,91.622,NO5
2025-11-28,19,82.28099999999999,NO5
2025-11-28,20,81.446,NO5
2025-11-28,21,82.034,NO5
2025-11-28,22,81.646,NO5
2025-11-28,23,80.928,NO5
2025-11-28,24,77.693,NO5
2025-11-29,1,70.24600000000001,NO5
2025-11-29,2,68.952,NO5
2025-11-29,3,69.799,NO5
2025-11-29,4,69.328,NO5
2025-11-29,5,72.022,NO5
2025-11-29,6,71.09299999999999,NO5
2025-11-29,7,72.693,NO5
2025-11-29,8,74.128,NO5
2025-11-29,9,79.022,NO5
2025-11-29,10,81.28099999999999,NO5
2025-11-29,11,81.587,NO5
2025-11-29,12,82.128,NO5
2025-11-29,13,80.29299999999999,NO5
2025-11-29,14,80.61,NO5
2025-11-29,15,82.269,NO5
2025-11-29,16,86.951,NO5
2025-11-29,17,86.893,NO5
2025-11-29,18,89.975,NO5
2025-11-29,19,90.281,NO5
2025-11-29,20,88.869,NO5
2025-11-29,21,88.19800000000001,NO5
2025-11-29,22,86.598,NO5
2025-11-29,23,85.28099999999999,NO5
2025-11-29,24,86.50399999999999,NO5
2025-11-30,1,86.52799999999999,NO5
2025-11-30,2,86.45700000000001,NO5
2025-11-30,3,86.187,NO5
2025-11-30,4,83.45700000000001,NO5
2025-11-30,5,79.23400000000001,NO5
2025-11-30,6,76.14,NO5
2025-11-30,7,79.199,NO5
2025-11-30,8,77.716,NO5
2025-11-30,9,79.55199999999999,NO5
2025-11-30,10,81.057,NO5
2025-11-30,11,83.446,NO5
2025-11-30,12,86.14,NO5
2025-11-30,13,86.14,NO5
2025-11-30,14,86.94,NO5
2025-11-30,15,86.893,NO5
2025-11-30,16,85.775,NO5
2025-11-30,17,86.751,NO5
2025-11-30,18,85.693,NO5
2025-11-30,19,88.29299999999999,NO5
2025-11-30,20,86.563,NO5
2025-11-30,21,85.798,NO5
2025-11-30,22,84.104,NO5
2025-11-30,23,84.975,NO5
2025-11-30,24,81.422,NO5
2025-12-01,1,76.806,NO5
2025-12-01,2,75.59299999999999,NO5
2025-12-01,3,74.02799999999999,NO5
2025-12-01,4,74.711,NO5
2025-12-01,5,72.003,NO5
2025-12-01,6,77.34700000000001,NO5
2025-12-01,7,85.787,NO5
2025-12-01,8,91.778,NO5
2025-12-01,9,92.202,NO5
2025-12-01,10,94.745,NO5
2025-12-01,11,93.403,NO5
2025-12-01,12,91.002,NO5
2025-12-01,13,87.788,NO5
2025-12-01,14,90.001,NO5
2025-12-01,15,89.436,NO5
2025-12-01,16,90.543,NO5
2025-12-01,17,93.285,NO5
2025-12-01,18,92.685,NO5
2025-12-01,19,87.12899999999999,NO5
2025-12-01,20,85.399,NO5
2025-12-01,21,82.88,NO5
2025-12-01,22,82.256,NO5
2025-12-01,23,82.256,NO5
2025-12-01,24,80.196,NO5
2025-12-02,1,76.687,NO5
2025-12-02,2,74.825,NO5
2025-12-02,3,71.158,NO5
2025-12-02,4,67.51599999999999,NO5
2025-12-02,5,67.374,NO5
2025-12-02,6,74.0,NO5
2025-12-02,7,79.187,NO5
2025-12-02,8,80.354,NO5
2025-12-02,9,82.535,NO5
2025-12-02,10,82.511,NO5
2025-12-02,11,80.401,NO5
2025-12-02,12,79.422,NO5
2025-12-02,13,84.845,NO5
2025-12-02,14,82.735,NO5
2025-12-02,15,84.079,NO5
2025-12-02,16,85.482,NO5
2025-12-02,17,86.225,NO5
2025-12-02,18,86.319,NO5
2025-12-02,19,85.069,NO5
2025-12-02,20,82.523,NO5
2025-12-02,21,82.11,NO5
2025-12-02,22,80.307,NO5
2025-12-02,23,79.30499999999999,NO5
2025-12-02,24,76.982,NO5
2025-12-03,1,78.908,NO5
2025-12-03,2,78.473,NO5
2025-12-03,3,77.756,NO5
2025-12-03,4,77.54400000000001,NO5
2025-12-03,5,77.814,NO5
2025-12-03,6,79.014,NO5
2025-12-03,7,84.928,NO5
2025-12-03,8,97.556,NO5
2025-12-03,9,120.508,NO5
2025-12-03,10,147.375,NO5
2025-12-03,11,133.065,NO5
2025-12-03,12,96.227,NO5
2025-12-03,13,93.359,NO5
2025-12-03,14,90.537,NO5
2025-12-03,15,90.831,NO5
2025-12-03,16,89.267,NO5
2025-12-03,17,93.065,NO5
2025-12-03,18,102.741,NO5
2025-12-03,19,136.60399999999998,NO5
2025-12-03,20,152.442,NO5
2025-12-03,21,124.799,NO5
2025-12-03,22,93.359,NO5
2025-12-03,23,88.926,NO5
2025-12-03,24,86.398,NO5
2025-12-04,1,81.908,NO5
2025-12-04,2,80.424,NO5
2025-12-04,3,80.106,NO5
2025-12-04,4,80.09400000000001,NO5
2025-12-04,5,81.319,NO5
2025-12-04,6,83.523,NO5
2025-12-04,7,89.319,NO5
2025-12-04,8,128.553,NO5
2025-12-04,9,142.56199999999998,NO5
2025-12-04,10,98.014,NO5
2025-12-04,11,114.12,NO5
2025-12-04,12,111.752,NO5
2025-12-04,13,112.011,NO5
2025-12-04,14,112.471,NO5
2025-12-04,15,124.288,NO5
2025-12-04,16,110.68,NO5
2025-12-04,17,152.212,NO5
2025-12-04,18,130.321,NO5
2025-12-04,19,139.793,NO5
2025-12-04,20,134.833,NO5
2025-12-04,21,126.444,NO5
2025-12-04,22,106.073,NO5
2025-12-04,23,101.926,NO5
2025-12-04,24,89.732,NO5
2025-12-05,1,83.813,NO5
2025-12-05,2,81.685,NO5
2025-12-05,3,81.098,NO5
2025-12-05,4,80.95700000000001,NO5
2025-12-05,5,80.863,NO5
2025-12-05,6,82.732,NO5
2025-12-05,7,86.705,NO5
2025-12-05,8,98.319,NO5
2025-12-05,9,100.012,NO5
2025-12-05,10,100.211,NO5
2025-12-05,11,99.142,NO5
2025-12-05,12,98.19,NO5
2025-12-05,13,98.142,NO5
2025-12-05,14,97.919,NO5
2025-12-05,15,96.943,NO5
2025-12-05,16,94.169,NO5
2025-12-05,17,93.546,NO5
2025-12-05,18,92.171,NO5
2025-12-05,19,91.607,NO5
2025-12-05,20,91.184,NO5
2025-12-05,21,90.173,NO5
2025-12-05,22,89.561,NO5
2025-12-05,23,85.894,NO5
2025-12-05,24,80.933,NO5
2025-12-06,1,79.064,NO5
2025-12-06,2,77.078,NO5
2025-12-06,3,75.714,NO5
2025-12-06,4,76.161,NO5
2025-12-06,5,74.35,NO5
2025-12-06,6,73.939,NO5
2025-12-06,7,71.8,NO5
2025-12-06,8,74.60900000000001,NO5
2025-12-06,9,78.806,NO5
2025-12-06,10,81.65,NO5
2025-12-06,11,82.50800000000001,NO5
2025-12-06,12,82.896,NO5
2025-12-06,13,82.602,NO5
2025-12-06,14,83.108,NO5
2025-12-06,15,83.91900000000001,NO5
2025-12-06,16,85.259,NO5
2025-12-06,17,85.941,NO5
2025-12-06,18,86.493,NO5
2025-12-06,19,85.83500000000001,NO5
2025-12-06,20,83.378,NO5
2025-12-06,21,82.167,NO5
2025-12-06,22,80.24,NO5
2025-12-06,23,78.20599999999999,NO5
2025-12-06,24,75.86699999999999,NO5
2025-12-07,1,81.932,NO5
2025-12-07,2,82.54400000000001,NO5
2025-12-07,3,81.062,NO5
2025-12-07,4,79.993,NO5
2025-12-07,5,82.885,NO5
2025-12-07,6,81.78,NO5
2025-12-07,7,80.275,NO5
2025-12-07,8,80.816,NO5
2025-12-07,9,80.933,NO5
2025-12-07,10,82.696,NO5
2025-12-07,11,83.75399999999999,NO5
2025-12-07,12,83.884,NO5
2025-12-07,13,84.319,NO5
2025-12-07,14,84.342,NO5
2025-12-07,15,84.342,NO5
2025-12-07,16,84.989,NO5
2025-12-07,17,86.09400000000001,NO5
2025-12-07,18,90.137,NO5
2025-12-07,19,84.88300000000001,NO5
2025-12-07,20,84.46000000000001,NO5
2025-12-07,21,82.99,NO5
2025-12-07,22,80.863,NO5
2025-12-07,23,79.417,NO5
2025-12-07,24,68.884,NO5
2025-12-08,1,70.905,NO5
2025-12-08,2,65.483,NO5
2025-12-08,3,54.003,NO5
2025-12-08,4,59.731,NO5
2025-12-08,5,61.759,NO5
2025-12-08,6,63.845000000000006,NO5
2025-12-08,7,72.708,NO5
2025-12-08,8,78.683,NO5
2025-12-08,9,81.83,NO5
2025-12-08,10,81.83,NO5
2025-12-08,11,81.524,NO5
2025-12-08,12,80.322,NO5
2025-12-08,13,81.524,NO5
2025-12-08,14,80.675,NO5
2025-12-08,15,80.227,NO5
2025-12-08,16,80.333,NO5
2025-12-08,17,82.16,NO5
2025-12-08,18,82.502,NO5
2025-12-08,19,82.337,NO5
2025-12-08,20,81.453,NO5
2025-12-08,21,78.601,NO5
2025-12-08,22,78.0,NO5
2025-12-08,23,77.352,NO5
2025-12-08,24,76.974,NO5
2025-12-09,1,74.784,NO5
2025-12-09,2,74.443,NO5
2025-12-09,3,74.914,NO5
2025-12-09,4,75.55,NO5
2025-12-09,5,73.901,NO5
2025-12-09,6,76.21000000000001,NO5
2025-12-09,7,81.183,NO5
2025-12-09,8,96.55,NO5
2025-12-09,9,113.261,NO5
2025-12-09,10,119.919,NO5
2025-12-09,11,107.628,NO5
2025-12-09,12,104.693,NO5
2025-12-09,13,98.86,NO5
2025-12-09,14,101.759,NO5
2025-12-09,15,101.417,NO5
2025-12-09,16,110.845,NO5
2025-12-09,17,107.168,NO5
2025-12-09,18,112.283,NO5
2025-12-09,19,102.619,NO5
2025-12-09,20,91.33,NO5
2025-12-09,21,87.476,NO5
2025-12-09,22,80.59400000000001,NO5
2025-12-09,23,73.606,NO5
2025-12-09,24,63.837,NO5
2025-12-10,1,62.788,NO5
2025-12-10,2,55.986,NO5
2025-12-10,3,40.446,NO5
2025-12-10,4,36.832,NO5
2025-12-10,5,42.512,NO5
2025-12-10,6,54.16799999999999,NO5
2025-12-10,7,70.086,NO5
2025-12-10,8,77.231,NO5
2025-12-10,9,82.97,NO5
2025-12-10,10,82.58,NO5
2025-12-10,11,78.199,NO5
2025-12-10,12,77.432,NO5
2025-12-10,13,77.562,NO5
2025-12-10,14,77.113,NO5
2025-12-10,15,77.845,NO5
2025-12-10,16,79.935,NO5
2025-12-10,17,80.809,NO5
2025-12-10,18,80.325,NO5
2025-12-10,19,76.345,NO5
2025-12-10,20,74.928,NO5
2025-12-10,21,71.905,NO5
2025-12-10,22,69.52000000000001,NO5
2025-12-10,23,66.95700000000001,NO5
2025-12-10,24,65.564,NO5
2025-12-11,1,60.627,NO5
2025-12-11,2,57.28,NO5
2025-12-11,3,52.326,NO5
2025-12-11,4,46.295,NO5
2025-12-11,5,44.58,NO5
2025-12-11,6,53.484,NO5
2025-12-11,7,68.62,NO5
2025-12-11,8,72.97200000000001,NO5
2025-12-11,9,75.26599999999999,NO5
2025-12-11,10,73.161,NO5
2025-12-11,11,73.83500000000001,NO5
2025-12-11,12,77.3,NO5
2025-12-11,13,77.714,NO5
2025-12-11,14,76.721,NO5
2025-12-11,15,73.646,NO5
2025-12-11,16,75.28999999999999,NO5
2025-12-11,17,77.312,NO5
2025-12-11,18,76.212,NO5
2025-12-11,19,76.614,NO5
2025-12-11,20,76.224,NO5
2025-12-11,21,75.538,NO5
2025-12-11,22,74.864,NO5
2025-12-11,23,73.102,NO5
2025-12-11,24,74.155,NO5
2025-12-12,1,71.978,NO5
2025-12-12,2,69.559,NO5
2025-12-12,3,68.88300000000001,NO5
2025-12-12,4,69.037,NO5
2025-12-12,5,69.737,NO5
2025-12-12,6,73.626,NO5
2025-12-12,7,77.159,NO5
2025-12-12,8,79.755,NO5
2025-12-12,9,96.128,NO5
2025-12-12,10,84.189,NO5
2025-12-12,11,79.459,NO5
2025-12-12,12,82.174,NO5
2025-12-12,13,83.41900000000001,NO5
2025-12-12,14,82.648,NO5
2025-12-12,15,83.466,NO5
2025-12-12,16,78.522,NO5
2025-12-12,17,78.273,NO5
2025-12-12,18,77.846,NO5
2025-12-12,19,78.202,NO5
2025-12-12,20,78.238,NO5
2025-12-12,21,78.854,NO5
2025-12-12,22,77.064,NO5
2025-12-12,23,74.811,NO5
2025-12-12,24,72.83099999999999,NO5
2025-12-13,1,71.373,NO5
2025-12-13,2,70.354,NO5
2025-12-13,3,68.658,NO5
2025-12-13,4,68.765,NO5
2025-12-13,5,67.034,NO5
2025-12-13,6,67.188,NO5
2025-12-13,7,68.753,NO5
2025-12-13,8,70.10499999999999,NO5
2025-12-13,9,72.12,NO5
2025-12-13,10,73.661,NO5
2025-12-13,11,74.42,NO5
2025-12-13,12,74.444,NO5
2025-12-13,13,74.337,NO5
2025-12-13,14,74.171,NO5
2025-12-13,15,74.373,NO5
2025-12-13,16,75.037,NO5
2025-12-13,17,75.013,NO5
2025-12-13,18,75.167,NO5
2025-12-13,19,74.90599999999999,NO5
2025-12-13,20,74.124,NO5
2025-12-13,21,73.057,NO5
2025-12-13,22,72.001,NO5
2025-12-13,23,70.65,NO5
2025-12-13,24,68.88300000000001,NO5
2025-12-14,1,69.986,NO5
2025-12-14,2,68.611,NO5
2025-12-14,3,67.923,NO5
2025-12-14,4,59.588,NO5
2025-12-14,5,47.507,NO5
2025-12-14,6,40.82,NO5
2025-12-14,7,54.549,NO5
2025-12-14,8,66.571,NO5
2025-12-14,9,69.002,NO5
2025-12-14,10,68.599,NO5
2025-12-14,11,68.824,NO5
2025-12-14,12,68.611,NO5
2025-12-14,13,69.16799999999999,NO5
2025-12-14,14,69.393,NO5
2025-12-14,15,69.713,NO5
2025-12-14,16,70.721,NO5
2025-12-14,17,71.89500000000001,NO5
2025-12-14,18,71.8,NO5
2025-12-14,19,71.693,NO5
2025-12-14,20,69.90299999999999,NO5
2025-12-14,21,68.042,NO5
2025-12-14,22,67.49600000000001,NO5
2025-12-14,23,65.327,NO5
2025-12-14,24,61.627,NO5
2025-12-15,1,50.809,NO5
2025-12-15,2,43.605,NO5
2025-12-15,3,41.617,NO5
2025-12-15,4,41.819,NO5
2025-12-15,5,45.772000000000006,NO5
2025-12-15,6,52.81,NO5
2025-12-15,7,66.587,NO5
2025-12-15,8,66.408,NO5
2025-12-15,9,68.52799999999999,NO5
2025-12-15,10,69.20599999999999,NO5
2025-12-15,11,69.49199999999999,NO5
2025-12-15,12,70.623,NO5
2025-12-15,13,71.362,NO5
2025-12-15,14,74.1,NO5
2025-12-15,15,74.327,NO5
2025-12-15,16,74.791,NO5
2025-12-15,17,75.315,NO5
2025-12-15,18,76.47,NO5
2025-12-15,19,76.839,NO5
2025-12-15,20,76.244,NO5
2025-12-15,21,75.22,NO5
2025-12-15,22,73.053,NO5
2025-12-15,23,69.46799999999999,NO5
2025-12-15,24,67.277,NO5
2025-12-16,1,65.59400000000001,NO5
2025-12-16,2,63.485,NO5
2025-12-16,3,62.298,NO5
2025-12-16,4,63.31699999999999,NO5
2025-12-16,5,66.385,NO5
2025-12-16,6,69.813,NO5
2025-12-16,7,74.523,NO5
2025-12-16,8,77.783,NO5
2025-12-16,9,79.041,NO5
2025-12-16,10,78.873,NO5
2025-12-16,11,78.789,NO5
2025-12-16,12,81.05499999999999,NO5
2025-12-16,13,81.21000000000001,NO5
2025-12-16,14,79.461,NO5
2025-12-16,15,78.861,NO5
2025-12-16,16,78.909,NO5
2025-12-16,17,78.382,NO5
2025-12-16,18,78.61,NO5
2025-12-16,19,78.238,NO5
2025-12-16,20,77.938,NO5
2025-12-16,21,78.034,NO5
2025-12-16,22,77.05199999999999,NO5
2025-12-16,23,74.655,NO5
2025-12-16,24,72.24600000000001,NO5
2025-12-17,1,70.788,NO5
2025-12-17,2,68.91799999999999,NO5
2025-12-17,3,67.744,NO5
2025-12-17,4,67.612,NO5
2025-12-17,5,67.995,NO5
2025-12-17,6,70.692,NO5
2025-12-17,7,76.338,NO5
2025-12-17,8,79.885,NO5
2025-12-17,9,82.738,NO5
2025-12-17,10,82.295,NO5
2025-12-17,11,81.515,NO5
2025-12-17,12,80.784,NO5
2025-12-17,13,80.664,NO5
2025-12-17,14,80.569,NO5
2025-12-17,15,80.365,NO5
2025-12-17,16,80.58099999999999,NO5
2025-12-17,17,81.288,NO5
2025-12-17,18,85.435,NO5
2025-12-17,19,80.257,NO5
2025-12-17,20,81.276,NO5
2025-12-17,21,79.813,NO5
2025-12-17,22,78.699,NO5
2025-12-17,23,77.11699999999999,NO5
2025-12-17,24,72.70599999999999,NO5
2025-12-18,1,68.679,NO5
2025-12-18,2,65.786,NO5
2025-12-18,3,60.095000000000006,NO5
2025-12-18,4,46.455,NO5
2025-12-18,5,33.748000000000005,NO5
2025-12-18,6,36.366,NO5
2025-12-18,7,56.963,NO5
2025-12-18,8,66.264,NO5
2025-12-18,9,68.977,NO5
2025-12-18,10,68.511,NO5
2025-12-18,11,67.268,NO5
2025-12-18,12,68.17699999999999,NO5
2025-12-18,13,68.487,NO5
2025-12-18,14,68.643,NO5
2025-12-18,15,70.46000000000001,NO5
2025-12-18,16,72.946,NO5
2025-12-18,17,76.652,NO5
2025-12-18,18,78.589,NO5
2025-12-18,19,74.273,NO5
2025-12-18,20,71.273,NO5
2025-12-18,21,68.977,NO5
2025-12-18,22,61.458000000000006,NO5
2025-12-18,23,56.222,NO5
2025-12-18,24,24.351,NO5
2025-12-19,1,26.523000000000003,NO5
2025-12-19,2,7.959,NO5
2025-12-19,3,5.576,NO5
2025-12-19,4,4.361,NO5
2025-12-19,5,5.0280000000000005,NO5
2025-12-19,6,10.771,NO5
2025-12-19,7,36.746,NO5
2025-12-19,8,60.70700000000001,NO5
2025-12-19,9,66.009,NO5
2025-12-19,10,69.262,NO5
2025-12-19,11,70.394,NO5
2025-12-19,12,70.91799999999999,NO5
2025-12-19,13,69.643,NO5
2025-12-19,14,68.416,NO5
2025-12-19,15,68.583,NO5
2025-12-19,16,70.525,NO5
2025-12-19,17,71.07300000000001,NO5
2025-12-19,18,71.299,NO5
2025-12-19,19,70.322,NO5
2025-12-19,20,69.822,NO5
2025-12-19,21,69.024,NO5
2025-12-19,22,68.559,NO5
2025-12-19,23,66.772,NO5
2025-12-19,24,64.55499999999999,NO5
2025-12-20,1,70.084,NO5
2025-12-20,2,69.953,NO5
2025-12-20,3,68.893,NO5
2025-12-20,4,68.63,NO5
2025-12-20,5,68.583,NO5
2025-12-20,6,69.596,NO5
2025-12-20,7,68.738,NO5
2025-12-20,8,70.275,NO5
2025-12-20,9,72.13300000000001,NO5
2025-12-20,10,72.622,NO5
2025-12-20,11,72.515,NO5
2025-12-20,12,72.658,NO5
2025-12-20,13,72.741,NO5
2025-12-20,14,73.134,NO5
2025-12-20,15,73.087,NO5
2025-12-20,16,73.897,NO5
2025-12-20,17,74.314,NO5
2025-12-20,18,74.814,NO5
2025-12-20,19,75.327,NO5
2025-12-20,20,75.005,NO5
2025-12-20,21,74.099,NO5
2025-12-20,22,73.861,NO5
2025-12-20,23,73.301,NO5
2025-12-20,24,72.95599999999999,NO5
2025-12-21,1,73.337,NO5
2025-12-21,2,73.24199999999999,NO5
2025-12-21,3,73.182,NO5
2025-12-21,4,73.158,NO5
2025-12-21,5,73.075,NO5
2025-12-21,6,73.47999999999999,NO5
2025-12-21,7,74.886,NO5
2025-12-21,8,75.434,NO5
2025-12-21,9,75.958,NO5
2025-12-21,10,76.554,NO5
2025-12-21,11,77.519,NO5
2025-12-21,12,78.22200000000001,NO5
2025-12-21,13,78.186,NO5
2025-12-21,14,77.757,NO5
2025-12-21,15,77.936,NO5
2025-12-21,16,79.413,NO5
2025-12-21,17,81.11699999999999,NO5
2025-12-21,18,81.058,NO5
2025-12-21,19,80.58099999999999,NO5
2025-12-21,20,79.402,NO5
2025-12-21,21,77.245,NO5
2025-12-21,22,76.482,NO5
2025-12-21,23,75.827,NO5
2025-12-21,24,74.671,NO5
2025-12-22,1,75.842,NO5
2025-12-22,2,75.569,NO5
2025-12-22,3,75.07000000000001,NO5
2025-12-22,4,75.37899999999999,NO5
2025-12-22,5,74.90299999999999,NO5
2025-12-22,6,75.747,NO5
2025-12-22,7,77.756,NO5
2025-12-22,8,81.394,NO5
2025-12-22,9,85.542,NO5
2025-12-22,10,86.898,NO5
2025-12-22,11,87.849,NO5
2025-12-22,12,88.84700000000001,NO5
2025-12-22,13,88.978,NO5
2025-12-22,14,88.728,NO5
2025-12-22,15,92.509,NO5
2025-12-22,16,104.135,NO5
2025-12-22,17,115.083,NO5
2025-12-22,18,104.753,NO5
2025-12-22,19,95.397,NO5
2025-12-22,20,88.574,NO5
2025-12-22,21,85.638,NO5
2025-12-22,22,81.608,NO5
2025-12-22,23,79.729,NO5
2025-12-22,24,78.267,NO5
2025-12-23,1,79.163,NO5
2025-12-23,2,75.774,NO5
2025-12-23,3,76.663,NO5
2025-12-23,4,75.928,NO5
2025-12-23,5,74.424,NO5
2025-12-23,6,74.376,NO5
2025-12-23,7,77.149,NO5
2025-12-23,8,81.912,NO5
2025-12-23,9,84.483,NO5
2025-12-23,10,84.874,NO5
2025-12-23,11,84.033,NO5
2025-12-23,12,82.137,NO5
2025-12-23,13,82.22,NO5
2025-12-23,14,81.296,NO5
2025-12-23,15,81.995,NO5
2025-12-23,16,83.453,NO5
2025-12-23,17,84.685,NO5
2025-12-23,18,83.926,NO5
2025-12-23,19,84.24600000000001,NO5
2025-12-23,20,82.836,NO5
2025-12-23,21,81.023,NO5
2025-12-23,22,78.535,NO5
2025-12-23,23,77.196,NO5
2025-12-23,24,73.701,NO5
2025-12-24,1,69.589,NO5
2025-12-24,2,67.385,NO5
2025-12-24,3,66.39,NO5
2025-12-24,4,65.324,NO5
2025-12-24,5,65.039,NO5
2025-12-24,6,66.271,NO5
2025-12-24,7,68.25,NO5
2025-12-24,8,72.22,NO5
2025-12-24,9,78.962,NO5
2025-12-24,10,80.55,NO5
2025-12-24,11,79.436,NO5
2025-12-24,12,74.139,NO5
2025-12-24,13,73.179,NO5
2025-12-24,14,72.694,NO5
2025-12-24,15,77.101,NO5
2025-12-24,16,80.632,NO5
2025-12-24,17,83.216,NO5
2025-12-24,18,82.896,NO5
2025-12-24,19,80.03999999999999,NO5
2025-12-24,20,77.019,NO5
2025-12-24,21,73.83099999999999,NO5
2025-12-24,22,73.12,NO5
2025-12-24,23,73.701,NO5
2025-12-24,24,70.549,NO5
2025-12-25,1,71.675,NO5
2025-12-25,2,69.696,NO5
2025-12-25,3,68.76,NO5
2025-12-25,4,68.65299999999999,NO5
2025-12-25,5,68.215,NO5
2025-12-25,6,67.125,NO5
2025-12-25,7,67.35,NO5
2025-12-25,8,68.57000000000001,NO5
2025-12-25,9,73.07300000000001,NO5
2025-12-25,10,72.99,NO5
2025-12-25,11,69.30499999999999,NO5
2025-12-25,12,68.85499999999999,NO5
2025-12-25,13,68.724,NO5
2025-12-25,14,70.703,NO5
2025-12-25,15,72.942,NO5
2025-12-25,16,77.55199999999999,NO5
2025-12-25,17,79.068,NO5
2025-12-25,18,79.199,NO5
2025-12-25,19,79.28200000000001,NO5
2025-12-25,20,78.85499999999999,NO5
2025-12-25,21,79.116,NO5
2025-12-25,22,77.007,NO5
2025-12-25,23,75.561,NO5
2025-12-25,24,75.3,NO5
2025-12-26,1,77.101,NO5
2025-12-26,2,76.568,NO5
2025-12-26,3,76.545,NO5
2025-12-26,4,76.473,NO5
2025-12-26,5,76.78200000000001,NO5
2025-12-26,6,76.983,NO5
2025-12-26,7,77.694,NO5
2025-12-26,8,78.049,NO5
2025-12-26,9,79.163,NO5
2025-12-26,10,79.116,NO5
2025-12-26,11,79.376,NO5
2025-12-26,12,79.329,NO5
2025-12-26,13,79.021,NO5
2025-12-26,14,79.116,NO5
2025-12-26,15,80.123,NO5
2025-12-26,16,83.09700000000001,NO5
2025-12-26,17,85.265,NO5
2025-12-26,18,84.377,NO5
2025-12-26,19,81.924,NO5
2025-12-26,20,80.632,NO5
2025-12-26,21,80.03999999999999,NO5
2025-12-26,22,78.606,NO5
2025-12-26,23,78.227,NO5
2025-12-26,24,77.86,NO5
2025-12-27,1,79.424,NO5
2025-12-27,2,78.76,NO5
2025-12-27,3,78.002,NO5
2025-12-27,4,77.52799999999999,NO5
2025-12-27,5,76.959,NO5
2025-12-27,6,77.824,NO5
2025-12-27,7,77.91900000000001,NO5
2025-12-27,8,77.433,NO5
2025-12-27,9,76.924,NO5
2025-12-27,10,76.651,NO5
2025-12-27,11,76.248,NO5
2025-12-27,12,76.059,NO5
2025-12-27,13,75.691,NO5
2025-12-27,14,75.703,NO5
2025-12-27,15,77.137,NO5
2025-12-27,16,78.725,NO5
2025-12-27,17,79.033,NO5
2025-12-27,18,78.748,NO5
2025-12-27,19,79.187,NO5
2025-12-27,20,78.76,NO5
2025-12-27,21,78.523,NO5
2025-12-27,22,78.429,NO5
2025-12-27,23,78.689,NO5
2025-12-27,24,78.07300000000001,NO5
2025-12-28,1,79.613,NO5
2025-12-28,2,79.068,NO5
2025-12-28,3,78.95,NO5
2025-12-28,4,78.784,NO5
2025-12-28,5,78.974,NO5
2025-12-28,6,79.009,NO5
2025-12-28,7,79.116,NO5
2025-12-28,8,79.317,NO5
2025-12-28,9,79.815,NO5
2025-12-28,10,80.502,NO5
2025-12-28,11,80.502,NO5
2025-12-28,12,80.893,NO5
2025-12-28,13,80.834,NO5
2025-12-28,14,80.40700000000001,NO5
2025-12-28,15,80.55,NO5
2025-12-28,16,80.715,NO5
2025-12-28,17,81.272,NO5
2025-12-28,18,81.817,NO5
2025-12-28,19,81.047,NO5
2025-12-28,20,79.211,NO5
2025-12-28,21,78.44,NO5
2025-12-28,22,78.286,NO5
2025-12-28,23,77.91900000000001,NO5
2025-12-28,24,78.215,NO5
2025-12-29,1,78.023,NO5
2025-12-29,2,77.171,NO5
2025-12-29,3,76.603,NO5
2025-12-29,4,76.237,NO5
2025-12-29,5,76.946,NO5
2025-12-29,6,78.212,NO5
2025-12-29,7,78.602,NO5
2025-12-29,8,79.454,NO5
2025-12-29,9,81.287,NO5
2025-12-29,10,82.399,NO5
2025-12-29,11,82.647,NO5
2025-12-29,12,82.375,NO5
2025-12-29,13,82.316,NO5
2025-12-29,14,82.079,NO5
2025-12-29,15,81.949,NO5
2025-12-29,16,81.902,NO5
2025-12-29,17,82.422,NO5
2025-12-29,18,82.316,NO5
2025-12-29,19,82.316,NO5
2025-12-29,20,82.328,NO5
2025-12-29,21,81.926,NO5
2025-12-29,22,81.275,NO5
2025-12-29,23,80.128,NO5
2025-12-29,24,79.868,NO5
2025-12-30,1,82.084,NO5
2025-12-30,2,81.824,NO5
2025-12-30,3,80.724,NO5
2025-12-30,4,78.466,NO5
2025-12-30,5,77.602,NO5
2025-12-30,6,80.571,NO5
2025-12-30,7,82.38,NO5
2025-12-30,8,82.853,NO5
2025-12-30,9,82.877,NO5
2025-12-30,10,83.137,NO5
2025-12-30,11,83.113,NO5
2025-12-30,12,82.817,NO5
2025-12-30,13,82.817,NO5
2025-12-30,14,83.137,NO5
2025-12-30,15,83.16,NO5
2025-12-30,16,82.971,NO5
2025-12-30,17,82.747,NO5
2025-12-30,18,82.557,NO5
2025-12-30,19,81.599,NO5
2025-12-30,20,81.611,NO5
2025-12-30,21,81.46900000000001,NO5
2025-12-30,22,81.04400000000001,NO5
2025-12-30,23,81.02000000000001,NO5
2025-12-30,24,81.00800000000001,NO5
2025-12-31,1,83.70599999999999,NO5
2025-12-31,2,83.173,NO5
2025-12-31,3,82.925,NO5
2025-12-31,4,81.82300000000001,NO5
2025-12-31,5,81.20700000000001,NO5
2025-12-31,6,81.622,NO5
2025-12-31,7,83.801,NO5
2025-12-31,8,84.488,NO5
2025-12-31,9,84.642,NO5
2025-12-31,10,85.092,NO5
2025-12-31,11,87.958,NO5
2025-12-31,12,85.885,NO5
2025-12-31,13,85.045,NO5
2025-12-31,14,85.092,NO5
2025-12-31,15,85.495,NO5
2025-12-31,16,86.11,NO5
2025-12-31,17,89.9,NO5
2025-12-31,18,88.811,NO5
2025-12-31,19,89.071,NO5
2025-12-31,20,86.75,NO5
2025-12-31,21,84.512,NO5
2025-12-31,22,84.10900000000001,NO5
2025-12-31,23,83.564,NO5
2025-12-31,24,82.877,NO5
2026-01-01,1,83.884,NO5
2026-01-01,2,80.248,NO5
2026-01-01,3,79.467,NO5
2026-01-01,4,79.58500000000001,NO5
2026-01-01,5,79.905,NO5
2026-01-01,6,81.30199999999999,NO5
2026-01-01,7,83.529,NO5
2026-01-01,8,83.635,NO5
2026-01-01,9,84.381,NO5
2026-01-01,10,84.346,NO5
2026-01-01,11,85.424,NO5
2026-01-01,12,85.696,NO5
2026-01-01,13,82.688,NO5
2026-01-01,14,83.955,NO5
2026-01-01,15,84.275,NO5
2026-01-01,16,82.439,NO5
2026-01-01,17,82.06,NO5
2026-01-01,18,84.09700000000001,NO5
2026-01-01,19,82.94800000000001,NO5
2026-01-01,20,81.373,NO5
2026-01-01,21,79.905,NO5
2026-01-01,22,79.62,NO5
2026-01-01,23,79.786,NO5
2026-01-01,24,80.39,NO5
2026-01-02,1,86.483,NO5
2026-01-02,2,85.28,NO5
2026-01-02,3,84.489,NO5
2026-01-02,4,85.339,NO5
2026-01-02,5,85.291,NO5
2026-01-02,6,85.162,NO5
2026-01-02,7,85.987,NO5
2026-01-02,8,87.769,NO5
2026-01-02,9,88.03999999999999,NO5
2026-01-02,10,88.453,NO5
2026-01-02,11,86.14099999999999,NO5
2026-01-02,12,86.15299999999999,NO5
2026-01-02,13,87.238,NO5
2026-01-02,14,87.686,NO5
2026-01-02,15,88.182,NO5
2026-01-02,16,91.45,NO5
2026-01-02,17,94.4,NO5
2026-01-02,18,97.692,NO5
2026-01-02,19,99.237,NO5
2026-01-02,20,99.603,NO5
2026-01-02,21,99.273,NO5
2026-01-02,22,96.406,NO5
2026-01-02,23,101.644,NO5
2026-01-02,24,98.954,NO5
2026-01-03,1,94.388,NO5
2026-01-03,2,94.329,NO5
2026-01-03,3,94.412,NO5
2026-01-03,4,94.081,NO5
2026-01-03,5,91.002,NO5
2026-01-03,6,91.651,NO5
2026-01-03,7,94.176,NO5
2026-01-03,8,97.326,NO5
2026-01-03,9,107.012,NO5
2026-01-03,10,109.36,NO5
2026-01-03,11,106.281,NO5
2026-01-03,12,102.175,NO5
2026-01-03,13,99.863,NO5
2026-01-03,14,98.765,NO5
2026-01-03,15,102.81199999999998,NO5
2026-01-03,16,107.815,NO5
2026-01-03,17,113.667,NO5
2026-01-03,18,124.852,NO5
2026-01-03,19,126.138,NO5
2026-01-03,20,119.318,NO5
2026-01-03,21,111.165,NO5
2026-01-03,22,103.957,NO5
2026-01-03,23,103.449,NO5
2026-01-03,24,98.907,NO5
2026-01-04,1,99.096,NO5
2026-01-04,2,97.526,NO5
2026-01-04,3,97.184,NO5
2026-01-04,4,95.733,NO5
2026-01-04,5,94.53,NO5
2026-01-04,6,95.391,NO5
2026-01-04,7,95.804,NO5
2026-01-04,8,98.978,NO5
2026-01-04,9,101.007,NO5
2026-01-04,10,108.03900000000002,NO5
2026-01-04,11,111.142,NO5
2026-01-04,12,107.225,NO5
2026-01-04,13,105.644,NO5
2026-01-04,14,102.387,NO5
2026-01-04,15,109.242,NO5
2026-01-04,16,109.726,NO5
2026-01-04,17,118.669,NO5
2026-01-04,18,138.762,NO5
2026-01-04,19,142.679,NO5
2026-01-04,20,141.252,NO5
2026-01-04,21,132.674,NO5
2026-01-04,22,115.885,NO5
2026-01-04,23,109.856,NO5
2026-01-04,24,103.001,NO5
2026-01-05,1,99.737,NO5
2026-01-05,2,101.692,NO5
2026-01-05,3,98.901,NO5
2026-01-05,4,98.924,NO5
2026-01-05,5,99.831,NO5
2026-01-05,6,103.365,NO5
2026-01-05,7,124.768,NO5
2026-01-05,8,151.06,NO5
2026-01-05,9,177.152,NO5
2026-01-05,10,178.118,NO5
2026-01-05,11,170.756,NO5
2026-01-05,12,162.946,NO5
2026-01-05,13,160.331,NO5
2026-01-05,14,164.889,NO5
2026-01-05,15,181.404,NO5
2026-01-05,16,221.125,NO5
2026-01-05,17,251.398,NO5
2026-01-05,18,268.761,NO5
2026-01-05,19,257.877,NO5
2026-01-05,20,210.417,NO5
2026-01-05,21,172.087,NO5
2026-01-05,22,151.049,NO5
2026-01-05,23,144.864,NO5
2026-01-05,24,129.645,NO5
2026-01-06,1,115.362,NO5
2026-01-06,2,119.044,NO5
2026-01-06,3,115.69,NO5
2026-01-06,4,113.86,NO5
2026-01-06,5,116.511,NO5
2026-01-06,6,121.976,NO5
2026-01-06,7,138.05599999999998,NO5
2026-01-06,8,158.722,NO5
2026-01-06,9,187.14,NO5
2026-01-06,10,193.403,NO5
2026-01-06,11,178.59,NO5
2026-01-06,12,171.647,NO5
2026-01-06,13,158.018,NO5
2026-01-06,14,151.72,NO5
2026-01-06,15,149.98399999999998,NO5
2026-01-06,16,156.517,NO5
2026-01-06,17,165.712,NO5
2026-01-06,18,169.618,NO5
2026-01-06,19,161.02100000000002,NO5
2026-01-06,20,150.958,NO5
2026-01-06,21,132.579,NO5
2026-01-06,22,114.247,NO5
2026-01-06,23,106.131,NO5
2026-01-06,24,97.335,NO5
2026-01-07,1,100.7,NO5
2026-01-07,2,95.62,NO5
2026-01-07,3,92.128,NO5
2026-01-07,4,90.47,NO5
2026-01-07,5,89.16499999999999,NO5
2026-01-07,6,91.728,NO5
2026-01-07,7,99.712,NO5
2026-01-07,8,107.073,NO5
2026-01-07,9,117.997,NO5
2026-01-07,10,120.995,NO5
2026-01-07,11,117.55,NO5
2026-01-07,12,110.013,NO5
2026-01-07,13,106.332,NO5
2026-01-07,14,103.792,NO5
2026-01-07,15,105.43800000000002,NO5
2026-01-07,16,111.13,NO5
2026-01-07,17,115.551,NO5
2026-01-07,18,135.458,NO5
2026-01-07,19,134.30599999999998,NO5
2026-01-07,20,126.463,NO5
2026-01-07,21,111.976,NO5
2026-01-07,22,106.497,NO5
2026-01-07,23,101.488,NO5
2026-01-07,24,96.396,NO5
2026-01-08,1,94.407,NO5
2026-01-08,2,92.202,NO5
2026-01-08,3,91.553,NO5
2026-01-08,4,90.739,NO5
2026-01-08,5,92.331,NO5
2026-01-08,6,93.971,NO5
2026-01-08,7,104.903,NO5
2026-01-08,8,137.265,NO5
2026-01-08,9,179.344,NO5
2026-01-08,10,216.847,NO5
2026-01-08,11,234.49,NO5
2026-01-08,12,240.764,NO5
2026-01-08,13,243.819,NO5
2026-01-08,14,256.391,NO5
2026-01-08,15,301.631,NO5
2026-01-08,16,321.88,NO5
2026-01-08,17,289.672,NO5
2026-01-08,18,261.745,NO5
2026-01-08,19,231.931,NO5
2026-01-08,20,160.427,NO5
2026-01-08,21,118.348,NO5
2026-01-08,22,102.839,NO5
2026-01-08,23,101.283,NO5
2026-01-08,24,92.52,NO5
2026-01-09,1,90.455,NO5
2026-01-09,2,89.69,NO5
2026-01-09,3,89.24199999999999,NO5
2026-01-09,4,88.983,NO5
2026-01-09,5,88.277,NO5
2026-01-09,6,90.184,NO5
2026-01-09,7,93.282,NO5
2026-01-09,8,102.373,NO5
2026-01-09,9,110.452,NO5
2026-01-09,10,105.223,NO5
2026-01-09,11,110.676,NO5
2026-01-09,12,102.385,NO5
2026-01-09,13,101.066,NO5
2026-01-09,14,99.818,NO5
2026-01-09,15,99.535,NO5
2026-01-09,16,101.078,NO5
2026-01-09,17,103.457,NO5
2026-01-09,18,109.015,NO5
2026-01-09,19,105.859,NO5
2026-01-09,20,100.595,NO5
2026-01-09,21,97.698,NO5
2026-01-09,22,97.509,NO5
2026-01-09,23,95.896,NO5
2026-01-09,24,91.845,NO5
2026-01-10,1,90.05499999999999,NO5
2026-01-10,2,87.841,NO5
2026-01-10,3,87.382,NO5
2026-01-10,4,85.38,NO5
2026-01-10,5,86.74600000000001,NO5
2026-01-10,6,86.922,NO5
2026-01-10,7,88.135,NO5
2026-01-10,8,92.858,NO5
2026-01-10,9,98.817,NO5
2026-01-10,10,105.906,NO5
2026-01-10,11,111.37,NO5
2026-01-10,12,115.893,NO5
2026-01-10,13,115.904,NO5
2026-01-10,14,119.826,NO5
2026-01-10,15,125.773,NO5
2026-01-10,16,133.64,NO5
2026-01-10,17,146.076,NO5
2026-01-10,18,159.21800000000002,NO5
2026-01-10,19,156.239,NO5
2026-01-10,20,146.488,NO5
2026-01-10,21,136.43099999999998,NO5
2026-01-10,22,126.774,NO5
2026-01-10,23,115.41,NO5
2026-01-10,24,103.621,NO5
2026-01-11,1,98.64,NO5
2026-01-11,2,97.933,NO5
2026-01-11,3,97.333,NO5
2026-01-11,4,94.754,NO5
2026-01-11,5,93.376,NO5
2026-01-11,6,93.741,NO5
2026-01-11,7,92.999,NO5
2026-01-11,8,95.672,NO5
2026-01-11,9,103.998,NO5
2026-01-11,10,117.365,NO5
2026-01-11,11,114.892,NO5
2026-01-11,12,114.314,NO5
2026-01-11,13,111.052,NO5
2026-01-11,14,110.405,NO5
2026-01-11,15,113.102,NO5
2026-01-11,16,115.857,NO5
2026-01-11,17,127.928,NO5
2026-01-11,18,133.487,NO5
2026-01-11,19,129.459,NO5
2026-01-11,20,124.89,NO5
2026-01-11,21,112.171,NO5
2026-01-11,22,111.241,NO5
2026-01-11,23,106.165,NO5
2026-01-11,24,97.286,NO5
2026-01-12,1,93.381,NO5
2026-01-12,2,93.216,NO5
2026-01-12,3,91.513,NO5
2026-01-12,4,90.891,NO5
2026-01-12,5,89.716,NO5
2026-01-12,6,91.525,NO5
2026-01-12,7,94.978,NO5
2026-01-12,8,102.142,NO5
2026-01-12,9,122.765,NO5
2026-01-12,10,121.92,NO5
2026-01-12,11,130.481,NO5
2026-01-12,12,134.43900000000002,NO5
2026-01-12,13,123.517,NO5
2026-01-12,14,129.225,NO5
2026-01-12,15,123.27,NO5
2026-01-12,16,113.628,NO5
2026-01-12,17,133.84,NO5
2026-01-12,18,137.223,NO5
2026-01-12,19,129.695,NO5
2026-01-12,20,118.443,NO5
2026-01-12,21,107.11,NO5
2026-01-12,22,101.919,NO5
2026-01-12,23,106.358,NO5
2026-01-12,24,99.511,NO5
2026-01-13,1,94.777,NO5
2026-01-13,2,94.554,NO5
2026-01-13,3,93.472,NO5
2026-01-13,4,95.482,NO5
2026-01-13,5,96.928,NO5
2026-01-13,6,97.857,NO5
2026-01-13,7,110.918,NO5
2026-01-13,8,132.22,NO5
2026-01-13,9,148.22,NO5
2026-01-13,10,152.20499999999998,NO5
2026-01-13,11,162.174,NO5
2026-01-13,12,143.517,NO5
2026-01-13,13,137.475,NO5
2026-01-13,14,132.22,NO5
2026-01-13,15,141.272,NO5
2026-01-13,16,139.744,NO5
2026-01-13,17,137.757,NO5
2026-01-13,18,128.846,NO5
2026-01-13,19,117.877,NO5
2026-01-13,20,109.648,NO5
2026-01-13,21,104.158,NO5
2026-01-13,22,101.243,NO5
2026-01-13,23,99.209,NO5
2026-01-13,24,94.941,NO5
2026-01-14,1,102.112,NO5
2026-01-14,2,100.927,NO5
2026-01-14,3,100.235,NO5
2026-01-14,4,100.364,NO5
2026-01-14,5,103.943,NO5
2026-01-14,6,105.245,NO5
2026-01-14,7,115.464,NO5
2026-01-14,8,123.912,NO5
2026-01-14,9,144.457,NO5
2026-01-14,10,145.56,NO5
2026-01-14,11,129.802,NO5
2026-01-14,12,120.533,NO5
2026-01-14,13,116.08599999999998,NO5
2026-01-14,14,112.484,NO5
2026-01-14,15,125.132,NO5
2026-01-14,16,139.505,NO5
2026-01-14,17,143.35399999999998,NO5
2026-01-14,18,166.257,NO5
2026-01-14,19,166.82,NO5
2026-01-14,20,148.669,NO5
2026-01-14,21,126.998,NO5
2026-01-14,22,109.762,NO5
2026-01-14,23,101.76,NO5
2026-01-14,24,100.587,NO5
2026-01-15,1,111.223,NO5
2026-01-15,2,107.144,NO5
2026-01-15,3,101.308,NO5
2026-01-15,4,96.889,NO5
2026-01-15,5,95.366,NO5
2026-01-15,6,98.014,NO5
2026-01-15,7,107.672,NO5
2026-01-15,8,115.84,NO5
2026-01-15,9,116.051,NO5
2026-01-15,10,117.048,NO5
2026-01-15,11,116.321,NO5
2026-01-15,12,113.18,NO5
2026-01-15,13,114.247,NO5
2026-01-15,14,117.118,NO5
2026-01-15,15,122.591,NO5
2026-01-15,16,142.49200000000002,NO5
2026-01-15,17,157.446,NO5
2026-01-15,18,169.471,NO5
2026-01-15,19,136.44400000000002,NO5
2026-01-15,20,121.747,NO5
2026-01-15,21,114.129,NO5
2026-01-15,22,106.101,NO5
2026-01-15,23,104.917,NO5
2026-01-15,24,99.983,NO5
2026-01-16,1,99.552,NO5
2026-01-16,2,97.372,NO5
2026-01-16,3,93.352,NO5
2026-01-16,4,89.36699999999999,NO5
2026-01-16,5,93.563,NO5
2026-01-16,6,101.287,NO5
2026-01-16,7,104.85,NO5
2026-01-16,8,105.928,NO5
2026-01-16,9,106.538,NO5
2026-01-16,10,106.983,NO5
2026-01-16,11,106.526,NO5
2026-01-16,12,108.53,NO5
2026-01-16,13,108.718,NO5
2026-01-16,14,111.823,NO5
2026-01-16,15,108.26,NO5
2026-01-16,16,109.198,NO5
2026-01-16,17,110.651,NO5
2026-01-16,18,111.542,NO5
2026-01-16,19,110.183,NO5
2026-01-16,20,110.394,NO5
2026-01-16,21,109.561,NO5
2026-01-16,22,109.456,NO5
2026-01-16,23,108.296,NO5
2026-01-16,24,107.452,NO5
2026-01-17,1,105.752,NO5
2026-01-17,2,105.553,NO5
2026-01-17,3,104.932,NO5
2026-01-17,4,104.486,NO5
2026-01-17,5,104.674,NO5
2026-01-17,6,105.494,NO5
2026-01-17,7,105.553,NO5
2026-01-17,8,108.882,NO5
2026-01-17,9,111.202,NO5
2026-01-17,10,112.515,NO5
2026-01-17,11,112.585,NO5
2026-01-17,12,111.566,NO5
2026-01-17,13,111.87,NO5
2026-01-17,14,112.456,NO5
2026-01-17,15,114.507,NO5
2026-01-17,16,122.254,NO5
2026-01-17,17,136.202,NO5
2026-01-17,18,147.57,NO5
2026-01-17,19,140.46800000000002,NO5
2026-01-17,20,135.803,NO5
2026-01-17,21,123.204,NO5
2026-01-17,22,115.304,NO5
2026-01-17,23,113.277,NO5
2026-01-17,24,112.796,NO5
2026-01-18,1,112.18699999999998,NO5
2026-01-18,2,109.995,NO5
2026-01-18,3,110.487,NO5
2026-01-18,4,110.37,NO5
2026-01-18,5,112.116,NO5
2026-01-18,6,112.878,NO5
2026-01-18,7,113.499,NO5
2026-01-18,8,114.66,NO5
2026-01-18,9,115.53900000000002,NO5
2026-01-18,10,116.898,NO5
2026-01-18,11,115.58599999999998,NO5
2026-01-18,12,112.023,NO5
2026-01-18,13,110.253,NO5
2026-01-18,14,110.382,NO5
2026-01-18,15,114.765,NO5
2026-01-18,16,120.016,NO5
2026-01-18,17,130.494,NO5
2026-01-18,18,147.64100000000002,NO5
2026-01-18,19,161.025,NO5
2026-01-18,20,140.44400000000002,NO5
2026-01-18,21,131.607,NO5
2026-01-18,22,121.481,NO5
2026-01-18,23,116.769,NO5
2026-01-18,24,115.16400000000002,NO5
2026-01-19,1,116.392,NO5
2026-01-19,2,116.38,NO5
2026-01-19,3,116.978,NO5
2026-01-19,4,116.521,NO5
2026-01-19,5,116.04,NO5
2026-01-19,6,117.776,NO5
2026-01-19,7,136.25,NO5
2026-01-19,8,158.63,NO5
2026-01-19,9,198.557,NO5
2026-01-19,10,184.059,NO5
2026-01-19,11,154.724,NO5
2026-01-19,12,137.294,NO5
2026-01-19,13,134.033,NO5
2026-01-19,14,142.654,NO5
2026-01-19,15,164.448,NO5
2026-01-19,16,193.443,NO5
2026-01-19,17,219.787,NO5
2026-01-19,18,230.391,NO5
2026-01-19,19,227.599,NO5
2026-01-19,20,205.724,NO5
2026-01-19,21,178.206,NO5
2026-01-19,22,144.308,NO5
2026-01-19,23,133.927,NO5
2026-01-19,24,122.855,NO5
2026-01-20,1,113.254,NO5
2026-01-20,2,112.27,NO5
2026-01-20,3,111.051,NO5
2026-01-20,4,110.911,NO5
2026-01-20,5,111.262,NO5
2026-01-20,6,111.707,NO5
2026-01-20,7,116.733,NO5
2026-01-20,8,167.075,NO5
2026-01-20,9,215.87,NO5
2026-01-20,10,192.333,NO5
2026-01-20,11,143.14,NO5
2026-01-20,12,120.599,NO5
2026-01-20,13,117.085,NO5
2026-01-20,14,117.799,NO5
2026-01-20,15,125.473,NO5
2026-01-20,16,165.329,NO5
2026-01-20,17,214.019,NO5
2026-01-20,18,271.296,NO5
2026-01-20,19,211.945,NO5
2026-01-20,20,165.798,NO5
2026-01-20,21,153.309,NO5
2026-01-20,22,142.45999999999998,NO5
2026-01-20,23,133.428,NO5
2026-01-20,24,113.523,NO5
2026-01-21,1,113.328,NO5
2026-01-21,2,113.665,NO5
2026-01-21,3,112.16400000000002,NO5
2026-01-21,4,111.478,NO5
2026-01-21,5,109.348,NO5
2026-01-21,6,111.652,NO5
2026-01-21,7,117.133,NO5
2026-01-21,8,131.225,NO5
2026-01-21,9,167.135,NO5
2026-01-21,10,157.09300000000002,NO5
2026-01-21,11,133.878,NO5
2026-01-21,12,118.029,NO5
2026-01-21,13,115.911,NO5
2026-01-21,14,117.971,NO5
2026-01-21,15,122.858,NO5
2026-01-21,16,139.091,NO5
2026-01-21,17,147.574,NO5
2026-01-21,18,145.875,NO5
2026-01-21,19,135.58800000000002,NO5
2026-01-21,20,121.497,NO5
2026-01-21,21,115.504,NO5
2026-01-21,22,113.235,NO5
2026-01-21,23,110.361,NO5
2026-01-21,24,107.358,NO5
2026-01-22,1,99.299,NO5
2026-01-22,2,99.808,NO5
2026-01-22,3,102.633,NO5
2026-01-22,4,96.636,NO5
2026-01-22,5,95.595,NO5
2026-01-22,6,99.415,NO5
2026-01-22,7,106.916,NO5
2026-01-22,8,118.122,NO5
2026-01-22,9,139.167,NO5
2026-01-22,10,127.591,NO5
2026-01-22,11,111.697,NO5
2026-01-22,12,106.893,NO5
2026-01-22,13,105.666,NO5
2026-01-22,14,106.221,NO5
2026-01-22,15,110.204,NO5
2026-01-22,16,120.228,NO5
2026-01-22,17,132.51,NO5
2026-01-22,18,138.889,NO5
2026-01-22,19,131.26,NO5
2026-01-22,20,121.131,NO5
2026-01-22,21,116.732,NO5
2026-01-22,22,114.741,NO5
2026-01-22,23,112.623,NO5
2026-01-22,24,108.594,NO5
2026-01-23,1,109.395,NO5
2026-01-23,2,108.01,NO5
2026-01-23,3,105.125,NO5
2026-01-23,4,105.436,NO5
2026-01-23,5,106.948,NO5
2026-01-23,6,108.541,NO5
2026-01-23,7,114.889,NO5
2026-01-23,8,131.094,NO5
2026-01-23,9,157.052,NO5
2026-01-23,10,156.625,NO5
2026-01-23,11,132.721,NO5
2026-01-23,12,117.405,NO5
2026-01-23,13,115.616,NO5
2026-01-23,14,114.612,NO5
2026-01-23,15,116.493,NO5
2026-01-23,16,124.111,NO5
2026-01-23,17,139.09300000000002,NO5
2026-01-23,18,150.727,NO5
2026-01-23,19,143.248,NO5
2026-01-23,20,129.409,NO5
2026-01-23,21,119.898,NO5
2026-01-23,22,116.597,NO5
2026-01-23,23,114.485,NO5
2026-01-23,24,110.549,NO5
2026-01-24,1,112.638,NO5
2026-01-24,2,110.342,NO5
2026-01-24,3,109.96099999999998,NO5
2026-01-24,4,109.418,NO5
2026-01-24,5,109.16400000000002,NO5
2026-01-24,6,110.18,NO5
2026-01-24,7,113.746,NO5
2026-01-24,8,116.713,NO5
2026-01-24,9,124.965,NO5
2026-01-24,10,139.91199999999998,NO5
2026-01-24,11,135.272,NO5
2026-01-24,12,124.469,NO5
2026-01-24,13,122.149,NO5
2026-01-24,14,117.578,NO5
2026-01-24,15,120.21,NO5
2026-01-24,16,131.417,NO5
2026-01-24,17,146.26,NO5
2026-01-24,18,162.592,NO5
2026-01-24,19,156.406,NO5
2026-01-24,20,146.399,NO5
2026-01-24,21,130.03199999999998,NO5
2026-01-24,22,122.761,NO5
2026-01-24,23,122.876,NO5
2026-01-24,24,117.694,NO5
2026-01-25,1,114.774,NO5
2026-01-25,2,113.873,NO5
2026-01-25,3,113.723,NO5
2026-01-25,4,111.9,NO5
2026-01-25,5,111.311,NO5
2026-01-25,6,111.888,NO5
2026-01-25,7,113.735,NO5
2026-01-25,8,115.281,NO5
2026-01-25,9,117.521,NO5
2026-01-25,10,121.029,NO5
2026-01-25,11,126.5,NO5
2026-01-25,12,129.767,NO5
2026-01-25,13,134.40699999999998,NO5
2026-01-25,14,130.298,NO5
2026-01-25,15,128.53199999999998,NO5
2026-01-25,16,126.823,NO5
2026-01-25,17,132.47899999999998,NO5
2026-01-25,18,146.757,NO5
2026-01-25,19,153.832,NO5
2026-01-25,20,148.199,NO5
2026-01-25,21,138.977,NO5
2026-01-25,22,128.555,NO5
2026-01-25,23,124.527,NO5
2026-01-25,24,117.197,NO5
