Navn;Stasjon;Tid(norsk normaltid);Lufttemperatur
Oslo - Blindern;SN18700;01.10.2023 01:00;7,5
Oslo - Blindern;SN18700;01.10.2023 02:00;7,8
Oslo - Blindern;SN18700;01.10.2023 03:00;7
Oslo - Blindern;SN18700;01.10.2023 04:00;6,6
Oslo - Blindern;SN18700;01.10.2023 05:00;6,4
Oslo - Blindern;SN18700;01.10.2023 06:00;5,7
Oslo - Blindern;SN18700;01.10.2023 07:00;5,9
Oslo - Blindern;SN18700;01.10.2023 08:00;7,7
Oslo - Blindern;SN18700;01.10.2023 09:00;10,1
Oslo - Blindern;SN18700;01.10.2023 10:00;12,1
Oslo - Blindern;SN18700;01.10.2023 11:00;12,9
Oslo - Blindern;SN18700;01.10.2023 12:00;13,5
Oslo - Blindern;SN18700;01.10.2023 13:00;14,6
Oslo - Blindern;SN18700;01.10.2023 14:00;14,1
Oslo - Blindern;SN18700;01.10.2023 15:00;13,6
Oslo - Blindern;SN18700;01.10.2023 16:00;13,2
Oslo - Blindern;SN18700;01.10.2023 17:00;12,6
Oslo - Blindern;SN18700;01.10.2023 18:00;12
Oslo - Blindern;SN18700;01.10.2023 19:00;11
Oslo - Blindern;SN18700;01.10.2023 20:00;10,9
Oslo - Blindern;SN18700;01.10.2023 21:00;10,1
Oslo - Blindern;SN18700;01.10.2023 22:00;10,1
Oslo - Blindern;SN18700;01.10.2023 23:00;10,4
Oslo - Blindern;SN18700;02.10.2023 00:00;10,8
Oslo - Blindern;SN18700;02.10.2023 01:00;11
Oslo - Blindern;SN18700;02.10.2023 02:00;11,1
Oslo - Blindern;SN18700;02.10.2023 03:00;11,4
Oslo - Blindern;SN18700;02.10.2023 04:00;11,6
Oslo - Blindern;SN18700;02.10.2023 05:00;11,5
Oslo - Blindern;SN18700;02.10.2023 06:00;11,2
Oslo - Blindern;SN18700;02.10.2023 07:00;11,1
Oslo - Blindern;SN18700;02.10.2023 08:00;11,1
Oslo - Blindern;SN18700;02.10.2023 09:00;11,3
Oslo - Blindern;SN18700;02.10.2023 10:00;12
Oslo - Blindern;SN18700;02.10.2023 11:00;15
Oslo - Blindern;SN18700;02.10.2023 12:00;15
Oslo - Blindern;SN18700;02.10.2023 13:00;15,9
Oslo - Blindern;SN18700;02.10.2023 14:00;15,9
Oslo - Blindern;SN18700;02.10.2023 15:00;16,1
Oslo - Blindern;SN18700;02.10.2023 16:00;15,3
Oslo - Blindern;SN18700;02.10.2023 17:00;14
Oslo - Blindern;SN18700;02.10.2023 18:00;11,8
Oslo - Blindern;SN18700;02.10.2023 19:00;10,9
Oslo - Blindern;SN18700;02.10.2023 20:00;9,3
Oslo - Blindern;SN18700;02.10.2023 21:00;8,5
Oslo - Blindern;SN18700;02.10.2023 22:00;8,2
Oslo - Blindern;SN18700;02.10.2023 23:00;7,9
Oslo - Blindern;SN18700;03.10.2023 00:00;7,3
Oslo - Blindern;SN18700;03.10.2023 01:00;6,5
Oslo - Blindern;SN18700;03.10.2023 02:00;6,6
Oslo - Blindern;SN18700;03.10.2023 03:00;6,7
Oslo - Blindern;SN18700;03.10.2023 04:00;6,9
Oslo - Blindern;SN18700;03.10.2023 05:00;6,8
Oslo - Blindern;SN18700;03.10.2023 06:00;6,4
Oslo - Blindern;SN18700;03.10.2023 07:00;6,9
Oslo - Blindern;SN18700;03.10.2023 08:00;7,5
Oslo - Blindern;SN18700;03.10.2023 09:00;8,5
Oslo - Blindern;SN18700;03.10.2023 10:00;10,2
Oslo - Blindern;SN18700;03.10.2023 11:00;12,4
Oslo - Blindern;SN18700;03.10.2023 12:00;14,1
Oslo - Blindern;SN18700;03.10.2023 13:00;14,7
Oslo - Blindern;SN18700;03.10.2023 14:00;13,8
Oslo - Blindern;SN18700;03.10.2023 15:00;13,9
Oslo - Blindern;SN18700;03.10.2023 16:00;12,4
Oslo - Blindern;SN18700;03.10.2023 17:00;11,9
Oslo - Blindern;SN18700;03.10.2023 18:00;10,3
Oslo - Blindern;SN18700;03.10.2023 19:00;9,2
Oslo - Blindern;SN18700;03.10.2023 20:00;8,3
Oslo - Blindern;SN18700;03.10.2023 21:00;8,7
Oslo - Blindern;SN18700;03.10.2023 22:00;7,7
Oslo - Blindern;SN18700;03.10.2023 23:00;6,9
Oslo - Blindern;SN18700;04.10.2023 00:00;6,4
Oslo - Blindern;SN18700;04.10.2023 01:00;6,6
Oslo - Blindern;SN18700;04.10.2023 02:00;6,4
Oslo - Blindern;SN18700;04.10.2023 03:00;6,4
Oslo - Blindern;SN18700;04.10.2023 04:00;6,3
Oslo - Blindern;SN18700;04.10.2023 05:00;5,9
Oslo - Blindern;SN18700;04.10.2023 06:00;5,9
Oslo - Blindern;SN18700;04.10.2023 07:00;6,3
Oslo - Blindern;SN18700;04.10.2023 08:00;8,9
Oslo - Blindern;SN18700;04.10.2023 09:00;11,7
Oslo - Blindern;SN18700;04.10.2023 10:00;13,3
Oslo - Blindern;SN18700;04.10.2023 11:00;14,8
Oslo - Blindern;SN18700;04.10.2023 12:00;16,4
Oslo - Blindern;SN18700;04.10.2023 13:00;17
Oslo - Blindern;SN18700;04.10.2023 14:00;15,8
Oslo - Blindern;SN18700;04.10.2023 15:00;14,6
Oslo - Blindern;SN18700;04.10.2023 16:00;14,1
Oslo - Blindern;SN18700;04.10.2023 17:00;12,7
Oslo - Blindern;SN18700;04.10.2023 18:00;11,2
Oslo - Blindern;SN18700;04.10.2023 19:00;9,2
Oslo - Blindern;SN18700;04.10.2023 20:00;8,5
Oslo - Blindern;SN18700;04.10.2023 21:00;7,6
Oslo - Blindern;SN18700;04.10.2023 22:00;7,4
Oslo - Blindern;SN18700;04.10.2023 23:00;8,4
Oslo - Blindern;SN18700;05.10.2023 00:00;8,8
Oslo - Blindern;SN18700;05.10.2023 01:00;8,2
Oslo - Blindern;SN18700;05.10.2023 02:00;8,1
Oslo - Blindern;SN18700;05.10.2023 03:00;8,1
Oslo - Blindern;SN18700;05.10.2023 04:00;9,7
Oslo - Blindern;SN18700;05.10.2023 05:00;8,9
Oslo - Blindern;SN18700;05.10.2023 06:00;9,3
Oslo - Blindern;SN18700;05.10.2023 07:00;9,2
Oslo - Blindern;SN18700;05.10.2023 08:00;9,2
Oslo - Blindern;SN18700;05.10.2023 09:00;9,3
Oslo - Blindern;SN18700;05.10.2023 10:00;10,6
Oslo - Blindern;SN18700;05.10.2023 11:00;12,3
Oslo - Blindern;SN18700;05.10.2023 12:00;13,6
Oslo - Blindern;SN18700;05.10.2023 13:00;13,4
Oslo - Blindern;SN18700;05.10.2023 14:00;13,6
Oslo - Blindern;SN18700;05.10.2023 15:00;13,5
Oslo - Blindern;SN18700;05.10.2023 16:00;12,2
Oslo - Blindern;SN18700;05.10.2023 17:00;10,8
Oslo - Blindern;SN18700;05.10.2023 18:00;9,2
Oslo - Blindern;SN18700;05.10.2023 19:00;8,7
Oslo - Blindern;SN18700;05.10.2023 20:00;7
Oslo - Blindern;SN18700;05.10.2023 21:00;6,7
Oslo - Blindern;SN18700;05.10.2023 22:00;6,1
Oslo - Blindern;SN18700;05.10.2023 23:00;5,9
Oslo - Blindern;SN18700;06.10.2023 00:00;6
Oslo - Blindern;SN18700;06.10.2023 01:00;6
Oslo - Blindern;SN18700;06.10.2023 02:00;7,2
Oslo - Blindern;SN18700;06.10.2023 03:00;7,9
Oslo - Blindern;SN18700;06.10.2023 04:00;8,4
Oslo - Blindern;SN18700;06.10.2023 05:00;8,6
Oslo - Blindern;SN18700;06.10.2023 06:00;8,6
Oslo - Blindern;SN18700;06.10.2023 07:00;8,8
Oslo - Blindern;SN18700;06.10.2023 08:00;8,6
Oslo - Blindern;SN18700;06.10.2023 09:00;8,5
Oslo - Blindern;SN18700;06.10.2023 10:00;9,2
Oslo - Blindern;SN18700;06.10.2023 11:00;9,9
Oslo - Blindern;SN18700;06.10.2023 12:00;10,1
Oslo - Blindern;SN18700;06.10.2023 13:00;11,5
Oslo - Blindern;SN18700;06.10.2023 14:00;12,9
Oslo - Blindern;SN18700;06.10.2023 15:00;14
Oslo - Blindern;SN18700;06.10.2023 16:00;14,9
Oslo - Blindern;SN18700;06.10.2023 17:00;13,9
Oslo - Blindern;SN18700;06.10.2023 18:00;12,7
Oslo - Blindern;SN18700;06.10.2023 19:00;11,3
Oslo - Blindern;SN18700;06.10.2023 20:00;11,4
Oslo - Blindern;SN18700;06.10.2023 21:00;8,8
Oslo - Blindern;SN18700;06.10.2023 22:00;7,4
Oslo - Blindern;SN18700;06.10.2023 23:00;7,6
Oslo - Blindern;SN18700;07.10.2023 00:00;7,5
Oslo - Blindern;SN18700;07.10.2023 01:00;5,6
Oslo - Blindern;SN18700;07.10.2023 02:00;6,6
Oslo - Blindern;SN18700;07.10.2023 03:00;5,6
Oslo - Blindern;SN18700;07.10.2023 04:00;6,5
Oslo - Blindern;SN18700;07.10.2023 05:00;5,2
Oslo - Blindern;SN18700;07.10.2023 06:00;3,8
Oslo - Blindern;SN18700;07.10.2023 07:00;3,7
Oslo - Blindern;SN18700;07.10.2023 08:00;5,4
Oslo - Blindern;SN18700;07.10.2023 09:00;6,2
Oslo - Blindern;SN18700;07.10.2023 10:00;8,2
Oslo - Blindern;SN18700;07.10.2023 11:00;10,4
Oslo - Blindern;SN18700;07.10.2023 12:00;11
Oslo - Blindern;SN18700;07.10.2023 13:00;11,3
Oslo - Blindern;SN18700;07.10.2023 14:00;12,4
Oslo - Blindern;SN18700;07.10.2023 15:00;10,4
Oslo - Blindern;SN18700;07.10.2023 16:00;8,9
Oslo - Blindern;SN18700;07.10.2023 17:00;7,8
Oslo - Blindern;SN18700;07.10.2023 18:00;6
Oslo - Blindern;SN18700;07.10.2023 19:00;6,8
Oslo - Blindern;SN18700;07.10.2023 20:00;6,4
Oslo - Blindern;SN18700;07.10.2023 21:00;5,5
Oslo - Blindern;SN18700;07.10.2023 22:00;2,7
Oslo - Blindern;SN18700;07.10.2023 23:00;4,5
Oslo - Blindern;SN18700;08.10.2023 00:00;2,9
Oslo - Blindern;SN18700;08.10.2023 01:00;1,8
Oslo - Blindern;SN18700;08.10.2023 02:00;2,1
Oslo - Blindern;SN18700;08.10.2023 03:00;0,3
Oslo - Blindern;SN18700;08.10.2023 04:00;-0,4
Oslo - Blindern;SN18700;08.10.2023 05:00;0,1
Oslo - Blindern;SN18700;08.10.2023 06:00;-0,6
Oslo - Blindern;SN18700;08.10.2023 07:00;0,2
Oslo - Blindern;SN18700;08.10.2023 08:00;2,4
Oslo - Blindern;SN18700;08.10.2023 09:00;5,5
Oslo - Blindern;SN18700;08.10.2023 10:00;8
Oslo - Blindern;SN18700;08.10.2023 11:00;10
Oslo - Blindern;SN18700;08.10.2023 12:00;10,2
Oslo - Blindern;SN18700;08.10.2023 13:00;11,1
Oslo - Blindern;SN18700;08.10.2023 14:00;11,4
Oslo - Blindern;SN18700;08.10.2023 15:00;10,8
Oslo - Blindern;SN18700;08.10.2023 16:00;9,3
Oslo - Blindern;SN18700;08.10.2023 17:00;7,2
Oslo - Blindern;SN18700;08.10.2023 18:00;5,2
Oslo - Blindern;SN18700;08.10.2023 19:00;3,8
Oslo - Blindern;SN18700;08.10.2023 20:00;3,9
Oslo - Blindern;SN18700;08.10.2023 21:00;3,6
Oslo - Blindern;SN18700;08.10.2023 22:00;2,7
Oslo - Blindern;SN18700;08.10.2023 23:00;2,2
Oslo - Blindern;SN18700;09.10.2023 00:00;2,3
Oslo - Blindern;SN18700;09.10.2023 01:00;1,3
Oslo - Blindern;SN18700;09.10.2023 02:00;0,6
Oslo - Blindern;SN18700;09.10.2023 03:00;1,3
Oslo - Blindern;SN18700;09.10.2023 04:00;2
Oslo - Blindern;SN18700;09.10.2023 05:00;0,8
Oslo - Blindern;SN18700;09.10.2023 06:00;0
Oslo - Blindern;SN18700;09.10.2023 07:00;-0,4
Oslo - Blindern;SN18700;09.10.2023 08:00;1,9
Oslo - Blindern;SN18700;09.10.2023 09:00;5,2
Oslo - Blindern;SN18700;09.10.2023 10:00;5,5
Oslo - Blindern;SN18700;09.10.2023 11:00;6,7
Oslo - Blindern;SN18700;09.10.2023 12:00;9
Oslo - Blindern;SN18700;09.10.2023 13:00;8,2
Oslo - Blindern;SN18700;09.10.2023 14:00;7,9
Oslo - Blindern;SN18700;09.10.2023 15:00;7,8
Oslo - Blindern;SN18700;09.10.2023 16:00;6,9
Oslo - Blindern;SN18700;09.10.2023 17:00;6,2
Oslo - Blindern;SN18700;09.10.2023 18:00;4,5
Oslo - Blindern;SN18700;09.10.2023 19:00;3,6
Oslo - Blindern;SN18700;09.10.2023 20:00;2,8
Oslo - Blindern;SN18700;09.10.2023 21:00;2,4
Oslo - Blindern;SN18700;09.10.2023 22:00;2,3
Oslo - Blindern;SN18700;09.10.2023 23:00;2,3
Oslo - Blindern;SN18700;10.10.2023 00:00;2,5
Oslo - Blindern;SN18700;10.10.2023 01:00;2,1
Oslo - Blindern;SN18700;10.10.2023 02:00;1,3
Oslo - Blindern;SN18700;10.10.2023 03:00;1,3
Oslo - Blindern;SN18700;10.10.2023 04:00;0,8
Oslo - Blindern;SN18700;10.10.2023 05:00;0,2
Oslo - Blindern;SN18700;10.10.2023 06:00;0,7
Oslo - Blindern;SN18700;10.10.2023 07:00;1
Oslo - Blindern;SN18700;10.10.2023 08:00;2,2
Oslo - Blindern;SN18700;10.10.2023 09:00;4,4
Oslo - Blindern;SN18700;10.10.2023 10:00;5,2
Oslo - Blindern;SN18700;10.10.2023 11:00;7
Oslo - Blindern;SN18700;10.10.2023 12:00;9,4
Oslo - Blindern;SN18700;10.10.2023 13:00;8,6
Oslo - Blindern;SN18700;10.10.2023 14:00;8,7
Oslo - Blindern;SN18700;10.10.2023 15:00;9,2
Oslo - Blindern;SN18700;10.10.2023 16:00;8,3
Oslo - Blindern;SN18700;10.10.2023 17:00;8,1
Oslo - Blindern;SN18700;10.10.2023 18:00;8,1
Oslo - Blindern;SN18700;10.10.2023 19:00;8,7
Oslo - Blindern;SN18700;10.10.2023 20:00;9,6
Oslo - Blindern;SN18700;10.10.2023 21:00;10,6
Oslo - Blindern;SN18700;10.10.2023 22:00;12,3
Oslo - Blindern;SN18700;10.10.2023 23:00;12,8
Oslo - Blindern;SN18700;11.10.2023 00:00;13,1
Oslo - Blindern;SN18700;11.10.2023 01:00;13,5
Oslo - Blindern;SN18700;11.10.2023 02:00;13,5
Oslo - Blindern;SN18700;11.10.2023 03:00;13,6
Oslo - Blindern;SN18700;11.10.2023 04:00;13,4
Oslo - Blindern;SN18700;11.10.2023 05:00;13,4
Oslo - Blindern;SN18700;11.10.2023 06:00;13
Oslo - Blindern;SN18700;11.10.2023 07:00;12,6
Oslo - Blindern;SN18700;11.10.2023 08:00;11,3
Oslo - Blindern;SN18700;11.10.2023 09:00;12,6
Oslo - Blindern;SN18700;11.10.2023 10:00;13,1
Oslo - Blindern;SN18700;11.10.2023 11:00;13,3
Oslo - Blindern;SN18700;11.10.2023 12:00;14,4
Oslo - Blindern;SN18700;11.10.2023 13:00;14,5
Oslo - Blindern;SN18700;11.10.2023 14:00;13,8
Oslo - Blindern;SN18700;11.10.2023 15:00;13,2
Oslo - Blindern;SN18700;11.10.2023 16:00;11,6
Oslo - Blindern;SN18700;11.10.2023 17:00;10
Oslo - Blindern;SN18700;11.10.2023 18:00;8,8
Oslo - Blindern;SN18700;11.10.2023 19:00;9
Oslo - Blindern;SN18700;11.10.2023 20:00;9,3
Oslo - Blindern;SN18700;11.10.2023 21:00;8,5
Oslo - Blindern;SN18700;11.10.2023 22:00;8,2
Oslo - Blindern;SN18700;11.10.2023 23:00;6,6
Oslo - Blindern;SN18700;12.10.2023 00:00;4,9
Oslo - Blindern;SN18700;12.10.2023 01:00;3,5
Oslo - Blindern;SN18700;12.10.2023 02:00;3,1
Oslo - Blindern;SN18700;12.10.2023 03:00;4,9
Oslo - Blindern;SN18700;12.10.2023 04:00;4,5
Oslo - Blindern;SN18700;12.10.2023 05:00;4,3
Oslo - Blindern;SN18700;12.10.2023 06:00;5,7
Oslo - Blindern;SN18700;12.10.2023 07:00;4,9
Oslo - Blindern;SN18700;12.10.2023 08:00;7,7
Oslo - Blindern;SN18700;12.10.2023 09:00;10,1
Oslo - Blindern;SN18700;12.10.2023 10:00;11,6
Oslo - Blindern;SN18700;12.10.2023 11:00;12,5
Oslo - Blindern;SN18700;12.10.2023 12:00;13,4
Oslo - Blindern;SN18700;12.10.2023 13:00;12,1
Oslo - Blindern;SN18700;12.10.2023 14:00;11,6
Oslo - Blindern;SN18700;12.10.2023 15:00;11,1
Oslo - Blindern;SN18700;12.10.2023 16:00;10,2
Oslo - Blindern;SN18700;12.10.2023 17:00;9,1
Oslo - Blindern;SN18700;12.10.2023 18:00;8,4
Oslo - Blindern;SN18700;12.10.2023 19:00;8,9
Oslo - Blindern;SN18700;12.10.2023 20:00;7,5
Oslo - Blindern;SN18700;12.10.2023 21:00;7,1
Oslo - Blindern;SN18700;12.10.2023 22:00;6,6
Oslo - Blindern;SN18700;12.10.2023 23:00;7,3
Oslo - Blindern;SN18700;13.10.2023 00:00;6,7
Oslo - Blindern;SN18700;13.10.2023 01:00;5,9
Oslo - Blindern;SN18700;13.10.2023 02:00;3,7
Oslo - Blindern;SN18700;13.10.2023 03:00;3,2
Oslo - Blindern;SN18700;13.10.2023 04:00;3,6
Oslo - Blindern;SN18700;13.10.2023 05:00;3,9
Oslo - Blindern;SN18700;13.10.2023 06:00;3,4
Oslo - Blindern;SN18700;13.10.2023 07:00;4,2
Oslo - Blindern;SN18700;13.10.2023 08:00;5,1
Oslo - Blindern;SN18700;13.10.2023 09:00;6,5
Oslo - Blindern;SN18700;13.10.2023 10:00;7,4
Oslo - Blindern;SN18700;13.10.2023 11:00;8,5
Oslo - Blindern;SN18700;13.10.2023 12:00;9,1
Oslo - Blindern;SN18700;13.10.2023 13:00;9,7
Oslo - Blindern;SN18700;13.10.2023 14:00;9,2
Oslo - Blindern;SN18700;13.10.2023 15:00;9,1
Oslo - Blindern;SN18700;13.10.2023 16:00;8,9
Oslo - Blindern;SN18700;13.10.2023 17:00;8,3
Oslo - Blindern;SN18700;13.10.2023 18:00;8,3
Oslo - Blindern;SN18700;13.10.2023 19:00;8,3
Oslo - Blindern;SN18700;13.10.2023 20:00;8,3
Oslo - Blindern;SN18700;13.10.2023 21:00;8,2
Oslo - Blindern;SN18700;13.10.2023 22:00;8,3
Oslo - Blindern;SN18700;13.10.2023 23:00;8,7
Oslo - Blindern;SN18700;14.10.2023 00:00;7,9
Oslo - Blindern;SN18700;14.10.2023 01:00;6,7
Oslo - Blindern;SN18700;14.10.2023 02:00;6,1
Oslo - Blindern;SN18700;14.10.2023 03:00;6
Oslo - Blindern;SN18700;14.10.2023 04:00;5,8
Oslo - Blindern;SN18700;14.10.2023 05:00;5,8
Oslo - Blindern;SN18700;14.10.2023 06:00;5,7
Oslo - Blindern;SN18700;14.10.2023 07:00;5
Oslo - Blindern;SN18700;14.10.2023 08:00;5,3
Oslo - Blindern;SN18700;14.10.2023 09:00;6
Oslo - Blindern;SN18700;14.10.2023 10:00;6,5
Oslo - Blindern;SN18700;14.10.2023 11:00;8,2
Oslo - Blindern;SN18700;14.10.2023 12:00;10,8
Oslo - Blindern;SN18700;14.10.2023 13:00;11,5
Oslo - Blindern;SN18700;14.10.2023 14:00;11,2
Oslo - Blindern;SN18700;14.10.2023 15:00;10,6
Oslo - Blindern;SN18700;14.10.2023 16:00;10,7
Oslo - Blindern;SN18700;14.10.2023 17:00;9,9
Oslo - Blindern;SN18700;14.10.2023 18:00;8,4
Oslo - Blindern;SN18700;14.10.2023 19:00;7,5
Oslo - Blindern;SN18700;14.10.2023 20:00;6,9
Oslo - Blindern;SN18700;14.10.2023 21:00;8,6
Oslo - Blindern;SN18700;14.10.2023 22:00;8,5
Oslo - Blindern;SN18700;14.10.2023 23:00;9,6
Oslo - Blindern;SN18700;15.10.2023 00:00;9,9
Oslo - Blindern;SN18700;15.10.2023 01:00;9,5
Oslo - Blindern;SN18700;15.10.2023 02:00;8,5
Oslo - Blindern;SN18700;15.10.2023 03:00;8,6
Oslo - Blindern;SN18700;15.10.2023 04:00;8,3
Oslo - Blindern;SN18700;15.10.2023 05:00;8,2
Oslo - Blindern;SN18700;15.10.2023 06:00;6,9
Oslo - Blindern;SN18700;15.10.2023 07:00;6,4
Oslo - Blindern;SN18700;15.10.2023 08:00;7
Oslo - Blindern;SN18700;15.10.2023 09:00;8,2
Oslo - Blindern;SN18700;15.10.2023 10:00;9,7
Oslo - Blindern;SN18700;15.10.2023 11:00;10,5
Oslo - Blindern;SN18700;15.10.2023 12:00;10,3
Oslo - Blindern;SN18700;15.10.2023 13:00;10,5
Oslo - Blindern;SN18700;15.10.2023 14:00;10,7
Oslo - Blindern;SN18700;15.10.2023 15:00;10,9
Oslo - Blindern;SN18700;15.10.2023 16:00;9,9
Oslo - Blindern;SN18700;15.10.2023 17:00;8,8
Oslo - Blindern;SN18700;15.10.2023 18:00;7,2
Oslo - Blindern;SN18700;15.10.2023 19:00;4,8
Oslo - Blindern;SN18700;15.10.2023 20:00;3,7
Oslo - Blindern;SN18700;15.10.2023 21:00;3,1
Oslo - Blindern;SN18700;15.10.2023 22:00;2,7
Oslo - Blindern;SN18700;15.10.2023 23:00;1,9
Oslo - Blindern;SN18700;16.10.2023 00:00;0,9
Oslo - Blindern;SN18700;16.10.2023 01:00;0,3
Oslo - Blindern;SN18700;16.10.2023 02:00;0,8
Oslo - Blindern;SN18700;16.10.2023 03:00;0,3
Oslo - Blindern;SN18700;16.10.2023 04:00;0,6
Oslo - Blindern;SN18700;16.10.2023 05:00;-0,3
Oslo - Blindern;SN18700;16.10.2023 06:00;0,1
Oslo - Blindern;SN18700;16.10.2023 07:00;0,1
Oslo - Blindern;SN18700;16.10.2023 08:00;0,5
Oslo - Blindern;SN18700;16.10.2023 09:00;4,2
Oslo - Blindern;SN18700;16.10.2023 10:00;6,4
Oslo - Blindern;SN18700;16.10.2023 11:00;8,5
Oslo - Blindern;SN18700;16.10.2023 12:00;9
Oslo - Blindern;SN18700;16.10.2023 13:00;9,1
Oslo - Blindern;SN18700;16.10.2023 14:00;8,5
Oslo - Blindern;SN18700;16.10.2023 15:00;9,1
Oslo - Blindern;SN18700;16.10.2023 16:00;8,5
Oslo - Blindern;SN18700;16.10.2023 17:00;7,6
Oslo - Blindern;SN18700;16.10.2023 18:00;6,3
Oslo - Blindern;SN18700;16.10.2023 19:00;5,7
Oslo - Blindern;SN18700;16.10.2023 20:00;5,8
Oslo - Blindern;SN18700;16.10.2023 21:00;5,6
Oslo - Blindern;SN18700;16.10.2023 22:00;5,4
Oslo - Blindern;SN18700;16.10.2023 23:00;5,5
Oslo - Blindern;SN18700;17.10.2023 00:00;5,9
Oslo - Blindern;SN18700;17.10.2023 01:00;6
Oslo - Blindern;SN18700;17.10.2023 02:00;5,7
Oslo - Blindern;SN18700;17.10.2023 03:00;6
Oslo - Blindern;SN18700;17.10.2023 04:00;6,2
Oslo - Blindern;SN18700;17.10.2023 05:00;6
Oslo - Blindern;SN18700;17.10.2023 06:00;6,2
Oslo - Blindern;SN18700;17.10.2023 07:00;6,1
Oslo - Blindern;SN18700;17.10.2023 08:00;6,3
Oslo - Blindern;SN18700;17.10.2023 09:00;6,5
Oslo - Blindern;SN18700;17.10.2023 10:00;6,8
Oslo - Blindern;SN18700;17.10.2023 11:00;8,5
Oslo - Blindern;SN18700;17.10.2023 12:00;9,4
Oslo - Blindern;SN18700;17.10.2023 13:00;11
Oslo - Blindern;SN18700;17.10.2023 14:00;11,5
Oslo - Blindern;SN18700;17.10.2023 15:00;11,8
Oslo - Blindern;SN18700;17.10.2023 16:00;11,5
Oslo - Blindern;SN18700;17.10.2023 17:00;9,3
Oslo - Blindern;SN18700;17.10.2023 18:00;9,8
Oslo - Blindern;SN18700;17.10.2023 19:00;10,4
Oslo - Blindern;SN18700;17.10.2023 20:00;8,9
Oslo - Blindern;SN18700;17.10.2023 21:00;7,8
Oslo - Blindern;SN18700;17.10.2023 22:00;5,5
Oslo - Blindern;SN18700;17.10.2023 23:00;5,3
Oslo - Blindern;SN18700;18.10.2023 00:00;7,4
Oslo - Blindern;SN18700;18.10.2023 01:00;6,4
Oslo - Blindern;SN18700;18.10.2023 02:00;5,1
Oslo - Blindern;SN18700;18.10.2023 03:00;3
Oslo - Blindern;SN18700;18.10.2023 04:00;2,5
Oslo - Blindern;SN18700;18.10.2023 05:00;2,4
Oslo - Blindern;SN18700;18.10.2023 06:00;2,1
Oslo - Blindern;SN18700;18.10.2023 07:00;2,1
Oslo - Blindern;SN18700;18.10.2023 08:00;3,3
Oslo - Blindern;SN18700;18.10.2023 09:00;6,3
Oslo - Blindern;SN18700;18.10.2023 10:00;7,2
Oslo - Blindern;SN18700;18.10.2023 11:00;9,2
Oslo - Blindern;SN18700;18.10.2023 12:00;8,8
Oslo - Blindern;SN18700;18.10.2023 13:00;8,7
Oslo - Blindern;SN18700;18.10.2023 14:00;8,3
Oslo - Blindern;SN18700;18.10.2023 15:00;8
Oslo - Blindern;SN18700;18.10.2023 16:00;7,5
Oslo - Blindern;SN18700;18.10.2023 17:00;6,5
Oslo - Blindern;SN18700;18.10.2023 18:00;5,6
Oslo - Blindern;SN18700;18.10.2023 19:00;4,5
Oslo - Blindern;SN18700;18.10.2023 20:00;3,6
Oslo - Blindern;SN18700;18.10.2023 21:00;2,8
Oslo - Blindern;SN18700;18.10.2023 22:00;2,9
Oslo - Blindern;SN18700;18.10.2023 23:00;2,8
Oslo - Blindern;SN18700;19.10.2023 00:00;2,3
Oslo - Blindern;SN18700;19.10.2023 01:00;1,6
Oslo - Blindern;SN18700;19.10.2023 02:00;1,5
Oslo - Blindern;SN18700;19.10.2023 03:00;1,1
Oslo - Blindern;SN18700;19.10.2023 04:00;0,4
Oslo - Blindern;SN18700;19.10.2023 05:00;0,4
Oslo - Blindern;SN18700;19.10.2023 06:00;0
Oslo - Blindern;SN18700;19.10.2023 07:00;-0,2
Oslo - Blindern;SN18700;19.10.2023 08:00;0,1
Oslo - Blindern;SN18700;19.10.2023 09:00;0,5
Oslo - Blindern;SN18700;19.10.2023 10:00;1,3
Oslo - Blindern;SN18700;19.10.2023 11:00;2,3
Oslo - Blindern;SN18700;19.10.2023 12:00;3,1
Oslo - Blindern;SN18700;19.10.2023 13:00;3,3
Oslo - Blindern;SN18700;19.10.2023 14:00;3,6
Oslo - Blindern;SN18700;19.10.2023 15:00;3,7
Oslo - Blindern;SN18700;19.10.2023 16:00;3,4
Oslo - Blindern;SN18700;19.10.2023 17:00;2,4
Oslo - Blindern;SN18700;19.10.2023 18:00;2
Oslo - Blindern;SN18700;19.10.2023 19:00;1,4
Oslo - Blindern;SN18700;19.10.2023 20:00;1,1
Oslo - Blindern;SN18700;19.10.2023 21:00;1,3
Oslo - Blindern;SN18700;19.10.2023 22:00;1,2
Oslo - Blindern;SN18700;19.10.2023 23:00;1,1
Oslo - Blindern;SN18700;20.10.2023 00:00;1,2
Oslo - Blindern;SN18700;20.10.2023 01:00;0,9
Oslo - Blindern;SN18700;20.10.2023 02:00;0,9
Oslo - Blindern;SN18700;20.10.2023 03:00;0,8
Oslo - Blindern;SN18700;20.10.2023 04:00;0,7
Oslo - Blindern;SN18700;20.10.2023 05:00;0,3
Oslo - Blindern;SN18700;20.10.2023 06:00;-0,2
Oslo - Blindern;SN18700;20.10.2023 07:00;0,2
Oslo - Blindern;SN18700;20.10.2023 08:00;0,5
Oslo - Blindern;SN18700;20.10.2023 09:00;1,2
Oslo - Blindern;SN18700;20.10.2023 10:00;2
Oslo - Blindern;SN18700;20.10.2023 11:00;2,7
Oslo - Blindern;SN18700;20.10.2023 12:00;3,1
Oslo - Blindern;SN18700;20.10.2023 13:00;3,4
Oslo - Blindern;SN18700;20.10.2023 14:00;3,6
Oslo - Blindern;SN18700;20.10.2023 15:00;4
Oslo - Blindern;SN18700;20.10.2023 16:00;3,8
Oslo - Blindern;SN18700;20.10.2023 17:00;3,5
Oslo - Blindern;SN18700;20.10.2023 18:00;3,1
Oslo - Blindern;SN18700;20.10.2023 19:00;2,6
Oslo - Blindern;SN18700;20.10.2023 20:00;2
Oslo - Blindern;SN18700;20.10.2023 21:00;1,4
Oslo - Blindern;SN18700;20.10.2023 22:00;0,9
Oslo - Blindern;SN18700;20.10.2023 23:00;0,9
Oslo - Blindern;SN18700;21.10.2023 00:00;0,9
Oslo - Blindern;SN18700;21.10.2023 01:00;0,8
Oslo - Blindern;SN18700;21.10.2023 02:00;1
Oslo - Blindern;SN18700;21.10.2023 03:00;1,3
Oslo - Blindern;SN18700;21.10.2023 04:00;1
Oslo - Blindern;SN18700;21.10.2023 05:00;0,9
Oslo - Blindern;SN18700;21.10.2023 06:00;1,1
Oslo - Blindern;SN18700;21.10.2023 07:00;1,2
Oslo - Blindern;SN18700;21.10.2023 08:00;1,4
Oslo - Blindern;SN18700;21.10.2023 09:00;1,8
Oslo - Blindern;SN18700;21.10.2023 10:00;2,1
Oslo - Blindern;SN18700;21.10.2023 11:00;2,4
Oslo - Blindern;SN18700;21.10.2023 12:00;2,7
Oslo - Blindern;SN18700;21.10.2023 13:00;1,4
Oslo - Blindern;SN18700;21.10.2023 14:00;1,3
Oslo - Blindern;SN18700;21.10.2023 15:00;1,8
Oslo - Blindern;SN18700;21.10.2023 16:00;1,8
Oslo - Blindern;SN18700;21.10.2023 17:00;2
Oslo - Blindern;SN18700;21.10.2023 18:00;1,8
Oslo - Blindern;SN18700;21.10.2023 19:00;1,6
Oslo - Blindern;SN18700;21.10.2023 20:00;2
Oslo - Blindern;SN18700;21.10.2023 21:00;2
Oslo - Blindern;SN18700;21.10.2023 22:00;2,2
Oslo - Blindern;SN18700;21.10.2023 23:00;2,1
Oslo - Blindern;SN18700;22.10.2023 00:00;2,3
Oslo - Blindern;SN18700;22.10.2023 01:00;2,4
Oslo - Blindern;SN18700;22.10.2023 02:00;2,7
Oslo - Blindern;SN18700;22.10.2023 03:00;2,7
Oslo - Blindern;SN18700;22.10.2023 04:00;2,7
Oslo - Blindern;SN18700;22.10.2023 05:00;2,7
Oslo - Blindern;SN18700;22.10.2023 06:00;2,9
Oslo - Blindern;SN18700;22.10.2023 07:00;2,8
Oslo - Blindern;SN18700;22.10.2023 08:00;2,8
Oslo - Blindern;SN18700;22.10.2023 09:00;3
Oslo - Blindern;SN18700;22.10.2023 10:00;3,3
Oslo - Blindern;SN18700;22.10.2023 11:00;3,5
Oslo - Blindern;SN18700;22.10.2023 12:00;3,6
Oslo - Blindern;SN18700;22.10.2023 13:00;3,9
Oslo - Blindern;SN18700;22.10.2023 14:00;4
Oslo - Blindern;SN18700;22.10.2023 15:00;4,1
Oslo - Blindern;SN18700;22.10.2023 16:00;4
Oslo - Blindern;SN18700;22.10.2023 17:00;4
Oslo - Blindern;SN18700;22.10.2023 18:00;3,9
Oslo - Blindern;SN18700;22.10.2023 19:00;4
Oslo - Blindern;SN18700;22.10.2023 20:00;4
Oslo - Blindern;SN18700;22.10.2023 21:00;3,8
Oslo - Blindern;SN18700;22.10.2023 22:00;3,8
Oslo - Blindern;SN18700;22.10.2023 23:00;3,8
Oslo - Blindern;SN18700;23.10.2023 00:00;4
Oslo - Blindern;SN18700;23.10.2023 01:00;4
Oslo - Blindern;SN18700;23.10.2023 02:00;4,1
Oslo - Blindern;SN18700;23.10.2023 03:00;4,1
Oslo - Blindern;SN18700;23.10.2023 04:00;4,1
Oslo - Blindern;SN18700;23.10.2023 05:00;4,2
Oslo - Blindern;SN18700;23.10.2023 06:00;4,2
Oslo - Blindern;SN18700;23.10.2023 07:00;4,2
Oslo - Blindern;SN18700;23.10.2023 08:00;4,4
Oslo - Blindern;SN18700;23.10.2023 09:00;5
Oslo - Blindern;SN18700;23.10.2023 10:00;5,2
Oslo - Blindern;SN18700;23.10.2023 11:00;6,7
Oslo - Blindern;SN18700;23.10.2023 12:00;8,6
Oslo - Blindern;SN18700;23.10.2023 13:00;7,4
Oslo - Blindern;SN18700;23.10.2023 14:00;6,8
Oslo - Blindern;SN18700;23.10.2023 15:00;6,5
Oslo - Blindern;SN18700;23.10.2023 16:00;6
Oslo - Blindern;SN18700;23.10.2023 17:00;5,3
Oslo - Blindern;SN18700;23.10.2023 18:00;5,1
Oslo - Blindern;SN18700;23.10.2023 19:00;5
Oslo - Blindern;SN18700;23.10.2023 20:00;4,8
Oslo - Blindern;SN18700;23.10.2023 21:00;4,5
Oslo - Blindern;SN18700;23.10.2023 22:00;4,7
Oslo - Blindern;SN18700;23.10.2023 23:00;4,3
Oslo - Blindern;SN18700;24.10.2023 00:00;4,4
Oslo - Blindern;SN18700;24.10.2023 01:00;4,5
Oslo - Blindern;SN18700;24.10.2023 02:00;4,6
Oslo - Blindern;SN18700;24.10.2023 03:00;5
Oslo - Blindern;SN18700;24.10.2023 04:00;5,1
Oslo - Blindern;SN18700;24.10.2023 05:00;5,2
Oslo - Blindern;SN18700;24.10.2023 06:00;5,4
Oslo - Blindern;SN18700;24.10.2023 07:00;5,4
Oslo - Blindern;SN18700;24.10.2023 08:00;5,6
Oslo - Blindern;SN18700;24.10.2023 09:00;6,1
Oslo - Blindern;SN18700;24.10.2023 10:00;6,1
Oslo - Blindern;SN18700;24.10.2023 11:00;6,1
Oslo - Blindern;SN18700;24.10.2023 12:00;6,4
Oslo - Blindern;SN18700;24.10.2023 13:00;6,5
Oslo - Blindern;SN18700;24.10.2023 14:00;6,2
Oslo - Blindern;SN18700;24.10.2023 15:00;5,6
Oslo - Blindern;SN18700;24.10.2023 16:00;5,1
Oslo - Blindern;SN18700;24.10.2023 17:00;4,7
Oslo - Blindern;SN18700;24.10.2023 18:00;4,6
Oslo - Blindern;SN18700;24.10.2023 19:00;4,5
Oslo - Blindern;SN18700;24.10.2023 20:00;4
Oslo - Blindern;SN18700;24.10.2023 21:00;3,8
Oslo - Blindern;SN18700;24.10.2023 22:00;3,6
Oslo - Blindern;SN18700;24.10.2023 23:00;3,3
Oslo - Blindern;SN18700;25.10.2023 00:00;3
Oslo - Blindern;SN18700;25.10.2023 01:00;3
Oslo - Blindern;SN18700;25.10.2023 02:00;2,9
Oslo - Blindern;SN18700;25.10.2023 03:00;2,7
Oslo - Blindern;SN18700;25.10.2023 04:00;2,2
Oslo - Blindern;SN18700;25.10.2023 05:00;2,3
Oslo - Blindern;SN18700;25.10.2023 06:00;2,2
Oslo - Blindern;SN18700;25.10.2023 07:00;1,5
Oslo - Blindern;SN18700;25.10.2023 08:00;1
Oslo - Blindern;SN18700;25.10.2023 09:00;1,1
Oslo - Blindern;SN18700;25.10.2023 10:00;1,4
Oslo - Blindern;SN18700;25.10.2023 11:00;1,6
Oslo - Blindern;SN18700;25.10.2023 12:00;1,9
Oslo - Blindern;SN18700;25.10.2023 13:00;2,2
Oslo - Blindern;SN18700;25.10.2023 14:00;2,4
Oslo - Blindern;SN18700;25.10.2023 15:00;2,4
Oslo - Blindern;SN18700;25.10.2023 16:00;2,3
Oslo - Blindern;SN18700;25.10.2023 17:00;2,3
Oslo - Blindern;SN18700;25.10.2023 18:00;2,3
Oslo - Blindern;SN18700;25.10.2023 19:00;2,3
Oslo - Blindern;SN18700;25.10.2023 20:00;2,1
Oslo - Blindern;SN18700;25.10.2023 21:00;2,1
Oslo - Blindern;SN18700;25.10.2023 22:00;2,1
Oslo - Blindern;SN18700;25.10.2023 23:00;2,1
Oslo - Blindern;SN18700;26.10.2023 00:00;2
Oslo - Blindern;SN18700;26.10.2023 01:00;2,1
Oslo - Blindern;SN18700;26.10.2023 02:00;2,1
Oslo - Blindern;SN18700;26.10.2023 03:00;2,2
Oslo - Blindern;SN18700;26.10.2023 04:00;2,1
Oslo - Blindern;SN18700;26.10.2023 05:00;2,1
Oslo - Blindern;SN18700;26.10.2023 06:00;2,1
Oslo - Blindern;SN18700;26.10.2023 07:00;2,1
Oslo - Blindern;SN18700;26.10.2023 08:00;2,1
Oslo - Blindern;SN18700;26.10.2023 09:00;2,2
Oslo - Blindern;SN18700;26.10.2023 10:00;2,4
Oslo - Blindern;SN18700;26.10.2023 11:00;2,8
Oslo - Blindern;SN18700;26.10.2023 12:00;3,3
Oslo - Blindern;SN18700;26.10.2023 13:00;3,4
Oslo - Blindern;SN18700;26.10.2023 14:00;3,3
Oslo - Blindern;SN18700;26.10.2023 15:00;3,1
Oslo - Blindern;SN18700;26.10.2023 16:00;2,8
Oslo - Blindern;SN18700;26.10.2023 17:00;2,6
Oslo - Blindern;SN18700;26.10.2023 18:00;2,3
Oslo - Blindern;SN18700;26.10.2023 19:00;2,3
Oslo - Blindern;SN18700;26.10.2023 20:00;2,2
Oslo - Blindern;SN18700;26.10.2023 21:00;2,2
Oslo - Blindern;SN18700;26.10.2023 22:00;2,1
Oslo - Blindern;SN18700;26.10.2023 23:00;2
Oslo - Blindern;SN18700;27.10.2023 00:00;1,9
Oslo - Blindern;SN18700;27.10.2023 01:00;1,8
Oslo - Blindern;SN18700;27.10.2023 02:00;1,6
Oslo - Blindern;SN18700;27.10.2023 03:00;1,5
Oslo - Blindern;SN18700;27.10.2023 04:00;1,5
Oslo - Blindern;SN18700;27.10.2023 05:00;1,4
Oslo - Blindern;SN18700;27.10.2023 06:00;1,4
Oslo - Blindern;SN18700;27.10.2023 07:00;1,3
Oslo - Blindern;SN18700;27.10.2023 08:00;1,2
Oslo - Blindern;SN18700;27.10.2023 09:00;1,3
Oslo - Blindern;SN18700;27.10.2023 10:00;1,5
Oslo - Blindern;SN18700;27.10.2023 11:00;1,6
Oslo - Blindern;SN18700;27.10.2023 12:00;1,8
Oslo - Blindern;SN18700;27.10.2023 13:00;1,9
Oslo - Blindern;SN18700;27.10.2023 14:00;1,8
Oslo - Blindern;SN18700;27.10.2023 15:00;1,8
Oslo - Blindern;SN18700;27.10.2023 16:00;1,5
Oslo - Blindern;SN18700;27.10.2023 17:00;1,3
Oslo - Blindern;SN18700;27.10.2023 18:00;1,2
Oslo - Blindern;SN18700;27.10.2023 19:00;1,1
Oslo - Blindern;SN18700;27.10.2023 20:00;1,1
Oslo - Blindern;SN18700;27.10.2023 21:00;1,2
Oslo - Blindern;SN18700;27.10.2023 22:00;1,1
Oslo - Blindern;SN18700;27.10.2023 23:00;1,1
Oslo - Blindern;SN18700;28.10.2023 00:00;1,1
Oslo - Blindern;SN18700;28.10.2023 01:00;1,1
Oslo - Blindern;SN18700;28.10.2023 02:00;1,1
Oslo - Blindern;SN18700;28.10.2023 03:00;1,1
Oslo - Blindern;SN18700;28.10.2023 04:00;1
Oslo - Blindern;SN18700;28.10.2023 05:00;1
Oslo - Blindern;SN18700;28.10.2023 06:00;0,9
Oslo - Blindern;SN18700;28.10.2023 07:00;0,7
Oslo - Blindern;SN18700;28.10.2023 08:00;0,9
Oslo - Blindern;SN18700;28.10.2023 09:00;1,1
Oslo - Blindern;SN18700;28.10.2023 10:00;1,3
Oslo - Blindern;SN18700;28.10.2023 11:00;1,5
Oslo - Blindern;SN18700;28.10.2023 12:00;1,9
Oslo - Blindern;SN18700;28.10.2023 13:00;2
Oslo - Blindern;SN18700;28.10.2023 14:00;2,2
Oslo - Blindern;SN18700;28.10.2023 15:00;1,8
Oslo - Blindern;SN18700;28.10.2023 16:00;1,5
Oslo - Blindern;SN18700;28.10.2023 17:00;1,1
Oslo - Blindern;SN18700;28.10.2023 18:00;0,8
Oslo - Blindern;SN18700;28.10.2023 19:00;0,7
Oslo - Blindern;SN18700;28.10.2023 20:00;0,5
Oslo - Blindern;SN18700;28.10.2023 21:00;0,5
Oslo - Blindern;SN18700;28.10.2023 22:00;0,5
Oslo - Blindern;SN18700;28.10.2023 23:00;0,3
Oslo - Blindern;SN18700;29.10.2023 00:00;0,3
Oslo - Blindern;SN18700;29.10.2023 01:00;0,2
Oslo - Blindern;SN18700;29.10.2023 02:00;0,1
Oslo - Blindern;SN18700;29.10.2023 03:00;-0,2
Oslo - Blindern;SN18700;29.10.2023 04:00;-1,2
Oslo - Blindern;SN18700;29.10.2023 05:00;-1,9
Oslo - Blindern;SN18700;29.10.2023 06:00;-1,3
Oslo - Blindern;SN18700;29.10.2023 07:00;-0,7
Oslo - Blindern;SN18700;29.10.2023 08:00;-0,4
Oslo - Blindern;SN18700;29.10.2023 09:00;-0,1
Oslo - Blindern;SN18700;29.10.2023 10:00;0,4
Oslo - Blindern;SN18700;29.10.2023 11:00;0,8
Oslo - Blindern;SN18700;29.10.2023 12:00;1,1
Oslo - Blindern;SN18700;29.10.2023 13:00;1,4
Oslo - Blindern;SN18700;29.10.2023 14:00;1,4
Oslo - Blindern;SN18700;29.10.2023 15:00;1,3
Oslo - Blindern;SN18700;29.10.2023 16:00;1
Oslo - Blindern;SN18700;29.10.2023 17:00;0,6
Oslo - Blindern;SN18700;29.10.2023 18:00;0,3
Oslo - Blindern;SN18700;29.10.2023 19:00;0,1
Oslo - Blindern;SN18700;29.10.2023 20:00;0
Oslo - Blindern;SN18700;29.10.2023 21:00;-0,2
Oslo - Blindern;SN18700;29.10.2023 22:00;-0,3
Oslo - Blindern;SN18700;29.10.2023 23:00;-0,2
Oslo - Blindern;SN18700;30.10.2023 00:00;-0,1
Oslo - Blindern;SN18700;30.10.2023 01:00;-0,8
Oslo - Blindern;SN18700;30.10.2023 02:00;-1
Oslo - Blindern;SN18700;30.10.2023 03:00;-0,8
Oslo - Blindern;SN18700;30.10.2023 04:00;-0,8
Oslo - Blindern;SN18700;30.10.2023 05:00;-0,8
Oslo - Blindern;SN18700;30.10.2023 06:00;-0,8
Oslo - Blindern;SN18700;30.10.2023 07:00;-1,1
Oslo - Blindern;SN18700;30.10.2023 08:00;-1,1
Oslo - Blindern;SN18700;30.10.2023 09:00;-1,1
Oslo - Blindern;SN18700;30.10.2023 10:00;-0,8
Oslo - Blindern;SN18700;30.10.2023 11:00;-0,8
Oslo - Blindern;SN18700;30.10.2023 12:00;-0,9
Oslo - Blindern;SN18700;30.10.2023 13:00;-1
Oslo - Blindern;SN18700;30.10.2023 14:00;-1,2
Oslo - Blindern;SN18700;30.10.2023 15:00;-1,4
Oslo - Blindern;SN18700;30.10.2023 16:00;-1,5
Oslo - Blindern;SN18700;30.10.2023 17:00;-1,2
Oslo - Blindern;SN18700;30.10.2023 18:00;-1,1
Oslo - Blindern;SN18700;30.10.2023 19:00;-1
Oslo - Blindern;SN18700;30.10.2023 20:00;-0,4
Oslo - Blindern;SN18700;30.10.2023 21:00;0,2
Oslo - Blindern;SN18700;30.10.2023 22:00;0,2
Oslo - Blindern;SN18700;30.10.2023 23:00;0,6
Oslo - Blindern;SN18700;31.10.2023 00:00;0,4
Oslo - Blindern;SN18700;31.10.2023 01:00;0,2
Oslo - Blindern;SN18700;31.10.2023 02:00;0
Oslo - Blindern;SN18700;31.10.2023 03:00;0,2
Oslo - Blindern;SN18700;31.10.2023 04:00;0,2
Oslo - Blindern;SN18700;31.10.2023 05:00;0,2
Oslo - Blindern;SN18700;31.10.2023 06:00;0,3
Oslo - Blindern;SN18700;31.10.2023 07:00;0,4
Oslo - Blindern;SN18700;31.10.2023 08:00;0,5
Oslo - Blindern;SN18700;31.10.2023 09:00;0,6
Oslo - Blindern;SN18700;31.10.2023 10:00;0,8
Oslo - Blindern;SN18700;31.10.2023 11:00;0,9
Oslo - Blindern;SN18700;31.10.2023 12:00;1
Oslo - Blindern;SN18700;31.10.2023 13:00;0,8
Oslo - Blindern;SN18700;31.10.2023 14:00;0,8
Oslo - Blindern;SN18700;31.10.2023 15:00;0,6
Oslo - Blindern;SN18700;31.10.2023 16:00;-0,3
Oslo - Blindern;SN18700;31.10.2023 17:00;0
Oslo - Blindern;SN18700;31.10.2023 18:00;-0,1
Oslo - Blindern;SN18700;31.10.2023 19:00;-0,3
Oslo - Blindern;SN18700;31.10.2023 20:00;-0,5
Oslo - Blindern;SN18700;31.10.2023 21:00;-0,2
Oslo - Blindern;SN18700;31.10.2023 22:00;-0,8
Oslo - Blindern;SN18700;31.10.2023 23:00;-0,7
Oslo - Blindern;SN18700;01.11.2023 00:00;-0,7
Oslo - Blindern;SN18700;01.11.2023 01:00;-0,7
Oslo - Blindern;SN18700;01.11.2023 02:00;-1,1
Oslo - Blindern;SN18700;01.11.2023 03:00;-1,6
Oslo - Blindern;SN18700;01.11.2023 04:00;-1,5
Oslo - Blindern;SN18700;01.11.2023 05:00;-1,5
Oslo - Blindern;SN18700;01.11.2023 06:00;-2
Oslo - Blindern;SN18700;01.11.2023 07:00;-2,1
Oslo - Blindern;SN18700;01.11.2023 08:00;-2
Oslo - Blindern;SN18700;01.11.2023 09:00;-1,3
Oslo - Blindern;SN18700;01.11.2023 10:00;-0,4
Oslo - Blindern;SN18700;01.11.2023 11:00;0
Oslo - Blindern;SN18700;01.11.2023 12:00;1,2
Oslo - Blindern;SN18700;01.11.2023 13:00;-0,2
Oslo - Blindern;SN18700;01.11.2023 14:00;-0,7
Oslo - Blindern;SN18700;01.11.2023 15:00;-1,2
Oslo - Blindern;SN18700;01.11.2023 16:00;-1,3
Oslo - Blindern;SN18700;01.11.2023 17:00;-1,3
Oslo - Blindern;SN18700;01.11.2023 18:00;-1,4
Oslo - Blindern;SN18700;01.11.2023 19:00;-1,2
Oslo - Blindern;SN18700;01.11.2023 20:00;-1,1
Oslo - Blindern;SN18700;01.11.2023 21:00;-1
Oslo - Blindern;SN18700;01.11.2023 22:00;-1
Oslo - Blindern;SN18700;01.11.2023 23:00;-1,5
Oslo - Blindern;SN18700;02.11.2023 00:00;-1,5
Oslo - Blindern;SN18700;02.11.2023 01:00;-1,7
Oslo - Blindern;SN18700;02.11.2023 02:00;-1,9
Oslo - Blindern;SN18700;02.11.2023 03:00;-1,7
Oslo - Blindern;SN18700;02.11.2023 04:00;-1,5
Oslo - Blindern;SN18700;02.11.2023 05:00;-1,5
Oslo - Blindern;SN18700;02.11.2023 06:00;-1,4
Oslo - Blindern;SN18700;02.11.2023 07:00;-1,3
Oslo - Blindern;SN18700;02.11.2023 08:00;-1,2
Oslo - Blindern;SN18700;02.11.2023 09:00;-1,3
Oslo - Blindern;SN18700;02.11.2023 10:00;-1,1
Oslo - Blindern;SN18700;02.11.2023 11:00;-0,8
Oslo - Blindern;SN18700;02.11.2023 12:00;-0,5
Oslo - Blindern;SN18700;02.11.2023 13:00;-0,3
Oslo - Blindern;SN18700;02.11.2023 14:00;0,2
Oslo - Blindern;SN18700;02.11.2023 15:00;0,6
Oslo - Blindern;SN18700;02.11.2023 16:00;0,6
Oslo - Blindern;SN18700;02.11.2023 17:00;0,6
Oslo - Blindern;SN18700;02.11.2023 18:00;0,7
Oslo - Blindern;SN18700;02.11.2023 19:00;0,9
Oslo - Blindern;SN18700;02.11.2023 20:00;1,3
Oslo - Blindern;SN18700;02.11.2023 21:00;1,6
Oslo - Blindern;SN18700;02.11.2023 22:00;1,9
Oslo - Blindern;SN18700;02.11.2023 23:00;2,3
Oslo - Blindern;SN18700;03.11.2023 00:00;2,6
Oslo - Blindern;SN18700;03.11.2023 01:00;2,8
Oslo - Blindern;SN18700;03.11.2023 02:00;2,7
Oslo - Blindern;SN18700;03.11.2023 03:00;3
Oslo - Blindern;SN18700;03.11.2023 04:00;3
Oslo - Blindern;SN18700;03.11.2023 05:00;3
Oslo - Blindern;SN18700;03.11.2023 06:00;3
Oslo - Blindern;SN18700;03.11.2023 07:00;3
Oslo - Blindern;SN18700;03.11.2023 08:00;3,1
Oslo - Blindern;SN18700;03.11.2023 09:00;3,3
Oslo - Blindern;SN18700;03.11.2023 10:00;3,6
Oslo - Blindern;SN18700;03.11.2023 11:00;3,6
Oslo - Blindern;SN18700;03.11.2023 12:00;3,6
Oslo - Blindern;SN18700;03.11.2023 13:00;3,5
Oslo - Blindern;SN18700;03.11.2023 14:00;3
Oslo - Blindern;SN18700;03.11.2023 15:00;2,9
Oslo - Blindern;SN18700;03.11.2023 16:00;3,2
Oslo - Blindern;SN18700;03.11.2023 17:00;3,7
Oslo - Blindern;SN18700;03.11.2023 18:00;3,6
Oslo - Blindern;SN18700;03.11.2023 19:00;3,5
Oslo - Blindern;SN18700;03.11.2023 20:00;3,6
Oslo - Blindern;SN18700;03.11.2023 21:00;3,6
Oslo - Blindern;SN18700;03.11.2023 22:00;4,3
Oslo - Blindern;SN18700;03.11.2023 23:00;4,1
Oslo - Blindern;SN18700;04.11.2023 00:00;3,9
Oslo - Blindern;SN18700;04.11.2023 01:00;4
Oslo - Blindern;SN18700;04.11.2023 02:00;4,3
Oslo - Blindern;SN18700;04.11.2023 03:00;4,3
Oslo - Blindern;SN18700;04.11.2023 04:00;4,4
Oslo - Blindern;SN18700;04.11.2023 05:00;4,4
Oslo - Blindern;SN18700;04.11.2023 06:00;4
Oslo - Blindern;SN18700;04.11.2023 07:00;4
Oslo - Blindern;SN18700;04.11.2023 08:00;4,1
Oslo - Blindern;SN18700;04.11.2023 09:00;4,1
Oslo - Blindern;SN18700;04.11.2023 10:00;4,2
Oslo - Blindern;SN18700;04.11.2023 11:00;4,4
Oslo - Blindern;SN18700;04.11.2023 12:00;4,6
Oslo - Blindern;SN18700;04.11.2023 13:00;4,8
Oslo - Blindern;SN18700;04.11.2023 14:00;4,6
Oslo - Blindern;SN18700;04.11.2023 15:00;4,1
Oslo - Blindern;SN18700;04.11.2023 16:00;4
Oslo - Blindern;SN18700;04.11.2023 17:00;3,8
Oslo - Blindern;SN18700;04.11.2023 18:00;3,8
Oslo - Blindern;SN18700;04.11.2023 19:00;3,6
Oslo - Blindern;SN18700;04.11.2023 20:00;3,4
Oslo - Blindern;SN18700;04.11.2023 21:00;3,4
Oslo - Blindern;SN18700;04.11.2023 22:00;3
Oslo - Blindern;SN18700;04.11.2023 23:00;3
Oslo - Blindern;SN18700;05.11.2023 00:00;3
Oslo - Blindern;SN18700;05.11.2023 01:00;2,8
Oslo - Blindern;SN18700;05.11.2023 02:00;2,9
Oslo - Blindern;SN18700;05.11.2023 03:00;2,9
Oslo - Blindern;SN18700;05.11.2023 04:00;2,9
Oslo - Blindern;SN18700;05.11.2023 05:00;3
Oslo - Blindern;SN18700;05.11.2023 06:00;3,1
Oslo - Blindern;SN18700;05.11.2023 07:00;3,3
Oslo - Blindern;SN18700;05.11.2023 08:00;3,6
Oslo - Blindern;SN18700;05.11.2023 09:00;3,7
Oslo - Blindern;SN18700;05.11.2023 10:00;4,4
Oslo - Blindern;SN18700;05.11.2023 11:00;4,3
Oslo - Blindern;SN18700;05.11.2023 12:00;4,5
Oslo - Blindern;SN18700;05.11.2023 13:00;4,6
Oslo - Blindern;SN18700;05.11.2023 14:00;4,5
Oslo - Blindern;SN18700;05.11.2023 15:00;4,9
Oslo - Blindern;SN18700;05.11.2023 16:00;4,8
Oslo - Blindern;SN18700;05.11.2023 17:00;4,9
Oslo - Blindern;SN18700;05.11.2023 18:00;4,8
Oslo - Blindern;SN18700;05.11.2023 19:00;4,8
Oslo - Blindern;SN18700;05.11.2023 20:00;5,1
Oslo - Blindern;SN18700;05.11.2023 21:00;5,1
Oslo - Blindern;SN18700;05.11.2023 22:00;5,2
Oslo - Blindern;SN18700;05.11.2023 23:00;5,1
Oslo - Blindern;SN18700;06.11.2023 00:00;5,2
Oslo - Blindern;SN18700;06.11.2023 01:00;4,7
Oslo - Blindern;SN18700;06.11.2023 02:00;4,5
Oslo - Blindern;SN18700;06.11.2023 03:00;4,5
Oslo - Blindern;SN18700;06.11.2023 04:00;4,7
Oslo - Blindern;SN18700;06.11.2023 05:00;4,7
Oslo - Blindern;SN18700;06.11.2023 06:00;4,7
Oslo - Blindern;SN18700;06.11.2023 07:00;4,5
Oslo - Blindern;SN18700;06.11.2023 08:00;4,7
Oslo - Blindern;SN18700;06.11.2023 09:00;4,6
Oslo - Blindern;SN18700;06.11.2023 10:00;4,8
Oslo - Blindern;SN18700;06.11.2023 11:00;4,8
Oslo - Blindern;SN18700;06.11.2023 12:00;5,1
Oslo - Blindern;SN18700;06.11.2023 13:00;5,5
Oslo - Blindern;SN18700;06.11.2023 14:00;5,6
Oslo - Blindern;SN18700;06.11.2023 15:00;5,4
Oslo - Blindern;SN18700;06.11.2023 16:00;5
Oslo - Blindern;SN18700;06.11.2023 17:00;4,8
Oslo - Blindern;SN18700;06.11.2023 18:00;4,7
Oslo - Blindern;SN18700;06.11.2023 19:00;4,6
Oslo - Blindern;SN18700;06.11.2023 20:00;4,7
Oslo - Blindern;SN18700;06.11.2023 21:00;4,6
Oslo - Blindern;SN18700;06.11.2023 22:00;4,5
Oslo - Blindern;SN18700;06.11.2023 23:00;4,4
Oslo - Blindern;SN18700;07.11.2023 00:00;4,1
Oslo - Blindern;SN18700;07.11.2023 01:00;3,9
Oslo - Blindern;SN18700;07.11.2023 02:00;3,9
Oslo - Blindern;SN18700;07.11.2023 03:00;3,7
Oslo - Blindern;SN18700;07.11.2023 04:00;3,7
Oslo - Blindern;SN18700;07.11.2023 05:00;3,8
Oslo - Blindern;SN18700;07.11.2023 06:00;3,6
Oslo - Blindern;SN18700;07.11.2023 07:00;3,8
Oslo - Blindern;SN18700;07.11.2023 08:00;3,8
Oslo - Blindern;SN18700;07.11.2023 09:00;4
Oslo - Blindern;SN18700;07.11.2023 10:00;4,5
Oslo - Blindern;SN18700;07.11.2023 11:00;4,8
Oslo - Blindern;SN18700;07.11.2023 12:00;5,3
Oslo - Blindern;SN18700;07.11.2023 13:00;4,9
Oslo - Blindern;SN18700;07.11.2023 14:00;5,2
Oslo - Blindern;SN18700;07.11.2023 15:00;5,3
Oslo - Blindern;SN18700;07.11.2023 16:00;4,4
Oslo - Blindern;SN18700;07.11.2023 17:00;4,4
Oslo - Blindern;SN18700;07.11.2023 18:00;4,1
Oslo - Blindern;SN18700;07.11.2023 19:00;3,3
Oslo - Blindern;SN18700;07.11.2023 20:00;3,5
Oslo - Blindern;SN18700;07.11.2023 21:00;3,3
Oslo - Blindern;SN18700;07.11.2023 22:00;3,3
Oslo - Blindern;SN18700;07.11.2023 23:00;3,3
Oslo - Blindern;SN18700;08.11.2023 00:00;3
Oslo - Blindern;SN18700;08.11.2023 01:00;2,9
Oslo - Blindern;SN18700;08.11.2023 02:00;2,4
Oslo - Blindern;SN18700;08.11.2023 03:00;2,4
Oslo - Blindern;SN18700;08.11.2023 04:00;2,6
Oslo - Blindern;SN18700;08.11.2023 05:00;2,1
Oslo - Blindern;SN18700;08.11.2023 06:00;1,5
Oslo - Blindern;SN18700;08.11.2023 07:00;2,1
Oslo - Blindern;SN18700;08.11.2023 08:00;2,5
Oslo - Blindern;SN18700;08.11.2023 09:00;2,7
Oslo - Blindern;SN18700;08.11.2023 10:00;3,1
Oslo - Blindern;SN18700;08.11.2023 11:00;3,8
Oslo - Blindern;SN18700;08.11.2023 12:00;4,1
Oslo - Blindern;SN18700;08.11.2023 13:00;4,1
Oslo - Blindern;SN18700;08.11.2023 14:00;3,6
Oslo - Blindern;SN18700;08.11.2023 15:00;3,7
Oslo - Blindern;SN18700;08.11.2023 16:00;3,6
Oslo - Blindern;SN18700;08.11.2023 17:00;3,6
Oslo - Blindern;SN18700;08.11.2023 18:00;3,5
Oslo - Blindern;SN18700;08.11.2023 19:00;3,6
Oslo - Blindern;SN18700;08.11.2023 20:00;3,8
Oslo - Blindern;SN18700;08.11.2023 21:00;3,4
Oslo - Blindern;SN18700;08.11.2023 22:00;2,9
Oslo - Blindern;SN18700;08.11.2023 23:00;3
Oslo - Blindern;SN18700;09.11.2023 00:00;3
Oslo - Blindern;SN18700;09.11.2023 01:00;3
Oslo - Blindern;SN18700;09.11.2023 02:00;2,5
Oslo - Blindern;SN18700;09.11.2023 03:00;2,1
Oslo - Blindern;SN18700;09.11.2023 04:00;2,3
Oslo - Blindern;SN18700;09.11.2023 05:00;2,2
Oslo - Blindern;SN18700;09.11.2023 06:00;2
Oslo - Blindern;SN18700;09.11.2023 07:00;2,2
Oslo - Blindern;SN18700;09.11.2023 08:00;2,4
Oslo - Blindern;SN18700;09.11.2023 09:00;2,7
Oslo - Blindern;SN18700;09.11.2023 10:00;2,9
Oslo - Blindern;SN18700;09.11.2023 11:00;3,7
Oslo - Blindern;SN18700;09.11.2023 12:00;3,6
Oslo - Blindern;SN18700;09.11.2023 13:00;3,7
Oslo - Blindern;SN18700;09.11.2023 14:00;4
Oslo - Blindern;SN18700;09.11.2023 15:00;4,2
Oslo - Blindern;SN18700;09.11.2023 16:00;4
Oslo - Blindern;SN18700;09.11.2023 17:00;4
Oslo - Blindern;SN18700;09.11.2023 18:00;4
Oslo - Blindern;SN18700;09.11.2023 19:00;3,9
Oslo - Blindern;SN18700;09.11.2023 20:00;3,8
Oslo - Blindern;SN18700;09.11.2023 21:00;3,7
Oslo - Blindern;SN18700;09.11.2023 22:00;3,8
Oslo - Blindern;SN18700;09.11.2023 23:00;3,9
Oslo - Blindern;SN18700;10.11.2023 00:00;3,9
Oslo - Blindern;SN18700;10.11.2023 01:00;4
Oslo - Blindern;SN18700;10.11.2023 02:00;3,8
Oslo - Blindern;SN18700;10.11.2023 03:00;3,9
Oslo - Blindern;SN18700;10.11.2023 04:00;4,1
Oslo - Blindern;SN18700;10.11.2023 05:00;4,1
Oslo - Blindern;SN18700;10.11.2023 06:00;4
Oslo - Blindern;SN18700;10.11.2023 07:00;4
Oslo - Blindern;SN18700;10.11.2023 08:00;4
Oslo - Blindern;SN18700;10.11.2023 09:00;3,8
Oslo - Blindern;SN18700;10.11.2023 10:00;3,6
Oslo - Blindern;SN18700;10.11.2023 11:00;3,9
Oslo - Blindern;SN18700;10.11.2023 12:00;4,2
Oslo - Blindern;SN18700;10.11.2023 13:00;4,3
Oslo - Blindern;SN18700;10.11.2023 14:00;4,5
Oslo - Blindern;SN18700;10.11.2023 15:00;4,2
Oslo - Blindern;SN18700;10.11.2023 16:00;3,9
Oslo - Blindern;SN18700;10.11.2023 17:00;3,5
Oslo - Blindern;SN18700;10.11.2023 18:00;3,6
Oslo - Blindern;SN18700;10.11.2023 19:00;3,4
Oslo - Blindern;SN18700;10.11.2023 20:00;3
Oslo - Blindern;SN18700;10.11.2023 21:00;3,1
Oslo - Blindern;SN18700;10.11.2023 22:00;3
Oslo - Blindern;SN18700;10.11.2023 23:00;3,1
Oslo - Blindern;SN18700;11.11.2023 00:00;2,8
Oslo - Blindern;SN18700;11.11.2023 01:00;2,8
Oslo - Blindern;SN18700;11.11.2023 02:00;2,8
Oslo - Blindern;SN18700;11.11.2023 03:00;2,5
Oslo - Blindern;SN18700;11.11.2023 04:00;2,6
Oslo - Blindern;SN18700;11.11.2023 05:00;2,7
Oslo - Blindern;SN18700;11.11.2023 06:00;2,6
Oslo - Blindern;SN18700;11.11.2023 07:00;2,4
Oslo - Blindern;SN18700;11.11.2023 08:00;2,2
Oslo - Blindern;SN18700;11.11.2023 09:00;2,6
Oslo - Blindern;SN18700;11.11.2023 10:00;2,8
Oslo - Blindern;SN18700;11.11.2023 11:00;3
Oslo - Blindern;SN18700;11.11.2023 12:00;3,2
Oslo - Blindern;SN18700;11.11.2023 13:00;3,3
Oslo - Blindern;SN18700;11.11.2023 14:00;3
Oslo - Blindern;SN18700;11.11.2023 15:00;2,9
Oslo - Blindern;SN18700;11.11.2023 16:00;2,5
Oslo - Blindern;SN18700;11.11.2023 17:00;2,2
Oslo - Blindern;SN18700;11.11.2023 18:00;2,1
Oslo - Blindern;SN18700;11.11.2023 19:00;2
Oslo - Blindern;SN18700;11.11.2023 20:00;1,8
Oslo - Blindern;SN18700;11.11.2023 21:00;1,5
Oslo - Blindern;SN18700;11.11.2023 22:00;1,9
Oslo - Blindern;SN18700;11.11.2023 23:00;1,6
Oslo - Blindern;SN18700;12.11.2023 00:00;1,8
Oslo - Blindern;SN18700;12.11.2023 01:00;2
Oslo - Blindern;SN18700;12.11.2023 02:00;1,9
Oslo - Blindern;SN18700;12.11.2023 03:00;2
Oslo - Blindern;SN18700;12.11.2023 04:00;1,9
Oslo - Blindern;SN18700;12.11.2023 05:00;1,8
Oslo - Blindern;SN18700;12.11.2023 06:00;1,7
Oslo - Blindern;SN18700;12.11.2023 07:00;1,4
Oslo - Blindern;SN18700;12.11.2023 08:00;1,3
Oslo - Blindern;SN18700;12.11.2023 09:00;1
Oslo - Blindern;SN18700;12.11.2023 10:00;1
Oslo - Blindern;SN18700;12.11.2023 11:00;1,2
Oslo - Blindern;SN18700;12.11.2023 12:00;1,3
Oslo - Blindern;SN18700;12.11.2023 13:00;1,4
Oslo - Blindern;SN18700;12.11.2023 14:00;1,4
Oslo - Blindern;SN18700;12.11.2023 15:00;1,3
Oslo - Blindern;SN18700;12.11.2023 16:00;1,2
Oslo - Blindern;SN18700;12.11.2023 17:00;1,1
Oslo - Blindern;SN18700;12.11.2023 18:00;0,8
Oslo - Blindern;SN18700;12.11.2023 19:00;0,7
Oslo - Blindern;SN18700;12.11.2023 20:00;0,7
Oslo - Blindern;SN18700;12.11.2023 21:00;0,6
Oslo - Blindern;SN18700;12.11.2023 22:00;0,5
Oslo - Blindern;SN18700;12.11.2023 23:00;0,6
Oslo - Blindern;SN18700;13.11.2023 00:00;0,3
Oslo - Blindern;SN18700;13.11.2023 01:00;0,1
Oslo - Blindern;SN18700;13.11.2023 02:00;-0,1
Oslo - Blindern;SN18700;13.11.2023 03:00;-0,3
Oslo - Blindern;SN18700;13.11.2023 04:00;-1,1
Oslo - Blindern;SN18700;13.11.2023 05:00;-1,6
Oslo - Blindern;SN18700;13.11.2023 06:00;-2,3
Oslo - Blindern;SN18700;13.11.2023 07:00;-2
Oslo - Blindern;SN18700;13.11.2023 08:00;-2,5
Oslo - Blindern;SN18700;13.11.2023 09:00;-1,8
Oslo - Blindern;SN18700;13.11.2023 10:00;-0,9
Oslo - Blindern;SN18700;13.11.2023 11:00;-0,3
Oslo - Blindern;SN18700;13.11.2023 12:00;-0,4
Oslo - Blindern;SN18700;13.11.2023 13:00;-0,4
Oslo - Blindern;SN18700;13.11.2023 14:00;-0,5
Oslo - Blindern;SN18700;13.11.2023 15:00;-0,6
Oslo - Blindern;SN18700;13.11.2023 16:00;-0,7
Oslo - Blindern;SN18700;13.11.2023 17:00;-1
Oslo - Blindern;SN18700;13.11.2023 18:00;-1,4
Oslo - Blindern;SN18700;13.11.2023 19:00;-2
Oslo - Blindern;SN18700;13.11.2023 20:00;-2,4
Oslo - Blindern;SN18700;13.11.2023 21:00;-2
Oslo - Blindern;SN18700;13.11.2023 22:00;-1,6
Oslo - Blindern;SN18700;13.11.2023 23:00;-1,7
Oslo - Blindern;SN18700;14.11.2023 00:00;-1,7
Oslo - Blindern;SN18700;14.11.2023 01:00;-1,4
Oslo - Blindern;SN18700;14.11.2023 02:00;-1,1
Oslo - Blindern;SN18700;14.11.2023 03:00;-1
Oslo - Blindern;SN18700;14.11.2023 04:00;-1,1
Oslo - Blindern;SN18700;14.11.2023 05:00;-0,8
Oslo - Blindern;SN18700;14.11.2023 06:00;-0,6
Oslo - Blindern;SN18700;14.11.2023 07:00;-0,5
Oslo - Blindern;SN18700;14.11.2023 08:00;-0,5
Oslo - Blindern;SN18700;14.11.2023 09:00;-0,2
Oslo - Blindern;SN18700;14.11.2023 10:00;-0,1
Oslo - Blindern;SN18700;14.11.2023 11:00;0
Oslo - Blindern;SN18700;14.11.2023 12:00;-0,1
Oslo - Blindern;SN18700;14.11.2023 13:00;0
Oslo - Blindern;SN18700;14.11.2023 14:00;0,3
Oslo - Blindern;SN18700;14.11.2023 15:00;0,4
Oslo - Blindern;SN18700;14.11.2023 16:00;0,2
Oslo - Blindern;SN18700;14.11.2023 17:00;0
Oslo - Blindern;SN18700;14.11.2023 18:00;-0,3
Oslo - Blindern;SN18700;14.11.2023 19:00;-0,4
Oslo - Blindern;SN18700;14.11.2023 20:00;-0,7
Oslo - Blindern;SN18700;14.11.2023 21:00;-0,9
Oslo - Blindern;SN18700;14.11.2023 22:00;-1,3
Oslo - Blindern;SN18700;14.11.2023 23:00;-1,7
Oslo - Blindern;SN18700;15.11.2023 00:00;-2,2
Oslo - Blindern;SN18700;15.11.2023 01:00;-2,5
Oslo - Blindern;SN18700;15.11.2023 02:00;-2,8
Oslo - Blindern;SN18700;15.11.2023 03:00;-3,1
Oslo - Blindern;SN18700;15.11.2023 04:00;-3,3
Oslo - Blindern;SN18700;15.11.2023 05:00;-3,3
Oslo - Blindern;SN18700;15.11.2023 06:00;-3,5
Oslo - Blindern;SN18700;15.11.2023 07:00;-3,7
Oslo - Blindern;SN18700;15.11.2023 08:00;-3,7
Oslo - Blindern;SN18700;15.11.2023 09:00;-4,1
Oslo - Blindern;SN18700;15.11.2023 10:00;-4
Oslo - Blindern;SN18700;15.11.2023 11:00;-3,7
Oslo - Blindern;SN18700;15.11.2023 12:00;-3,5
Oslo - Blindern;SN18700;15.11.2023 13:00;-3,2
Oslo - Blindern;SN18700;15.11.2023 14:00;-3,2
Oslo - Blindern;SN18700;15.11.2023 15:00;-2,9
Oslo - Blindern;SN18700;15.11.2023 16:00;-3
Oslo - Blindern;SN18700;15.11.2023 17:00;-3,2
Oslo - Blindern;SN18700;15.11.2023 18:00;-3,2
Oslo - Blindern;SN18700;15.11.2023 19:00;-3,1
Oslo - Blindern;SN18700;15.11.2023 20:00;-3,3
Oslo - Blindern;SN18700;15.11.2023 21:00;-3,8
Oslo - Blindern;SN18700;15.11.2023 22:00;-3,6
Oslo - Blindern;SN18700;15.11.2023 23:00;-3,3
Oslo - Blindern;SN18700;16.11.2023 00:00;-3,3
Oslo - Blindern;SN18700;16.11.2023 01:00;-4
Oslo - Blindern;SN18700;16.11.2023 02:00;-4,5
Oslo - Blindern;SN18700;16.11.2023 03:00;-4,7
Oslo - Blindern;SN18700;16.11.2023 04:00;-4,2
Oslo - Blindern;SN18700;16.11.2023 05:00;-4,7
Oslo - Blindern;SN18700;16.11.2023 06:00;-4,9
Oslo - Blindern;SN18700;16.11.2023 07:00;-4,6
Oslo - Blindern;SN18700;16.11.2023 08:00;-4,1
Oslo - Blindern;SN18700;16.11.2023 09:00;-3,9
Oslo - Blindern;SN18700;16.11.2023 10:00;-3,3
Oslo - Blindern;SN18700;16.11.2023 11:00;-3,1
Oslo - Blindern;SN18700;16.11.2023 12:00;-2,7
Oslo - Blindern;SN18700;16.11.2023 13:00;-2,4
Oslo - Blindern;SN18700;16.11.2023 14:00;-2,3
Oslo - Blindern;SN18700;16.11.2023 15:00;-2,4
Oslo - Blindern;SN18700;16.11.2023 16:00;-2,6
Oslo - Blindern;SN18700;16.11.2023 17:00;-2,7
Oslo - Blindern;SN18700;16.11.2023 18:00;-2,8
Oslo - Blindern;SN18700;16.11.2023 19:00;-2,8
Oslo - Blindern;SN18700;16.11.2023 20:00;-3,1
Oslo - Blindern;SN18700;16.11.2023 21:00;-3,1
Oslo - Blindern;SN18700;16.11.2023 22:00;-2,8
Oslo - Blindern;SN18700;16.11.2023 23:00;-2,7
Oslo - Blindern;SN18700;17.11.2023 00:00;-2,7
Oslo - Blindern;SN18700;17.11.2023 01:00;-2,7
Oslo - Blindern;SN18700;17.11.2023 02:00;-2,9
Oslo - Blindern;SN18700;17.11.2023 03:00;-2,9
Oslo - Blindern;SN18700;17.11.2023 04:00;-2,9
Oslo - Blindern;SN18700;17.11.2023 05:00;-3
Oslo - Blindern;SN18700;17.11.2023 06:00;-2,9
Oslo - Blindern;SN18700;17.11.2023 07:00;-3
Oslo - Blindern;SN18700;17.11.2023 08:00;-3,1
Oslo - Blindern;SN18700;17.11.2023 09:00;-3,2
Oslo - Blindern;SN18700;17.11.2023 10:00;-3,4
Oslo - Blindern;SN18700;17.11.2023 11:00;-3,1
Oslo - Blindern;SN18700;17.11.2023 12:00;-2,7
Oslo - Blindern;SN18700;17.11.2023 13:00;-2,9
Oslo - Blindern;SN18700;17.11.2023 14:00;-3,1
Oslo - Blindern;SN18700;17.11.2023 15:00;-3,1
Oslo - Blindern;SN18700;17.11.2023 16:00;-3,4
Oslo - Blindern;SN18700;17.11.2023 17:00;-2,9
Oslo - Blindern;SN18700;17.11.2023 18:00;-3,5
Oslo - Blindern;SN18700;17.11.2023 19:00;-4,2
Oslo - Blindern;SN18700;17.11.2023 20:00;-4,5
Oslo - Blindern;SN18700;17.11.2023 21:00;-5,1
Oslo - Blindern;SN18700;17.11.2023 22:00;-5,5
Oslo - Blindern;SN18700;17.11.2023 23:00;-6,5
Oslo - Blindern;SN18700;18.11.2023 00:00;-6,8
Oslo - Blindern;SN18700;18.11.2023 01:00;-7,3
Oslo - Blindern;SN18700;18.11.2023 02:00;-7,6
Oslo - Blindern;SN18700;18.11.2023 03:00;-8
Oslo - Blindern;SN18700;18.11.2023 04:00;-8,2
Oslo - Blindern;SN18700;18.11.2023 05:00;-8,3
Oslo - Blindern;SN18700;18.11.2023 06:00;-8,4
Oslo - Blindern;SN18700;18.11.2023 07:00;-9,4
Oslo - Blindern;SN18700;18.11.2023 08:00;-9,2
Oslo - Blindern;SN18700;18.11.2023 09:00;-8,9
Oslo - Blindern;SN18700;18.11.2023 10:00;-7,8
Oslo - Blindern;SN18700;18.11.2023 11:00;-6,1
Oslo - Blindern;SN18700;18.11.2023 12:00;-6,1
Oslo - Blindern;SN18700;18.11.2023 13:00;-5,5
Oslo - Blindern;SN18700;18.11.2023 14:00;-5,7
Oslo - Blindern;SN18700;18.11.2023 15:00;-6,1
Oslo - Blindern;SN18700;18.11.2023 16:00;-7,3
Oslo - Blindern;SN18700;18.11.2023 17:00;-7,8
Oslo - Blindern;SN18700;18.11.2023 18:00;-7,9
Oslo - Blindern;SN18700;18.11.2023 19:00;-8
Oslo - Blindern;SN18700;18.11.2023 20:00;-8,3
Oslo - Blindern;SN18700;18.11.2023 21:00;-8,6
Oslo - Blindern;SN18700;18.11.2023 22:00;-8,7
Oslo - Blindern;SN18700;18.11.2023 23:00;-8,8
Oslo - Blindern;SN18700;19.11.2023 00:00;-9,1
Oslo - Blindern;SN18700;19.11.2023 01:00;-9
Oslo - Blindern;SN18700;19.11.2023 02:00;-8,7
Oslo - Blindern;SN18700;19.11.2023 03:00;-8
Oslo - Blindern;SN18700;19.11.2023 04:00;-7,6
Oslo - Blindern;SN18700;19.11.2023 05:00;-7
Oslo - Blindern;SN18700;19.11.2023 06:00;-6,8
Oslo - Blindern;SN18700;19.11.2023 07:00;-6,9
Oslo - Blindern;SN18700;19.11.2023 08:00;-7
Oslo - Blindern;SN18700;19.11.2023 09:00;-6,5
Oslo - Blindern;SN18700;19.11.2023 10:00;-5,9
Oslo - Blindern;SN18700;19.11.2023 11:00;-4,9
Oslo - Blindern;SN18700;19.11.2023 12:00;-4,5
Oslo - Blindern;SN18700;19.11.2023 13:00;-4,5
Oslo - Blindern;SN18700;19.11.2023 14:00;-4,5
Oslo - Blindern;SN18700;19.11.2023 15:00;-4,5
Oslo - Blindern;SN18700;19.11.2023 16:00;-4,7
Oslo - Blindern;SN18700;19.11.2023 17:00;-4,4
Oslo - Blindern;SN18700;19.11.2023 18:00;-4,3
Oslo - Blindern;SN18700;19.11.2023 19:00;-4,4
Oslo - Blindern;SN18700;19.11.2023 20:00;-4,3
Oslo - Blindern;SN18700;19.11.2023 21:00;-4,2
Oslo - Blindern;SN18700;19.11.2023 22:00;-3,9
Oslo - Blindern;SN18700;19.11.2023 23:00;-3,8
Oslo - Blindern;SN18700;20.11.2023 00:00;-3,6
Oslo - Blindern;SN18700;20.11.2023 01:00;-3,6
Oslo - Blindern;SN18700;20.11.2023 02:00;-3,5
Oslo - Blindern;SN18700;20.11.2023 03:00;-3,3
Oslo - Blindern;SN18700;20.11.2023 04:00;-3,4
Oslo - Blindern;SN18700;20.11.2023 05:00;-3,1
Oslo - Blindern;SN18700;20.11.2023 06:00;-2,9
Oslo - Blindern;SN18700;20.11.2023 07:00;-2,8
Oslo - Blindern;SN18700;20.11.2023 08:00;-3
Oslo - Blindern;SN18700;20.11.2023 09:00;-2,5
Oslo - Blindern;SN18700;20.11.2023 10:00;-2,4
Oslo - Blindern;SN18700;20.11.2023 11:00;-2,1
Oslo - Blindern;SN18700;20.11.2023 12:00;-1,5
Oslo - Blindern;SN18700;20.11.2023 13:00;-1,3
Oslo - Blindern;SN18700;20.11.2023 14:00;-1,3
Oslo - Blindern;SN18700;20.11.2023 15:00;-1,3
Oslo - Blindern;SN18700;20.11.2023 16:00;-1,4
Oslo - Blindern;SN18700;20.11.2023 17:00;-1,2
Oslo - Blindern;SN18700;20.11.2023 18:00;-1,1
Oslo - Blindern;SN18700;20.11.2023 19:00;-0,7
Oslo - Blindern;SN18700;20.11.2023 20:00;-0,7
Oslo - Blindern;SN18700;20.11.2023 21:00;-0,6
Oslo - Blindern;SN18700;20.11.2023 22:00;-0,4
Oslo - Blindern;SN18700;20.11.2023 23:00;-0,6
Oslo - Blindern;SN18700;21.11.2023 00:00;-1
Oslo - Blindern;SN18700;21.11.2023 01:00;-1,8
Oslo - Blindern;SN18700;21.11.2023 02:00;-0,8
Oslo - Blindern;SN18700;21.11.2023 03:00;-1
Oslo - Blindern;SN18700;21.11.2023 04:00;-0,5
Oslo - Blindern;SN18700;21.11.2023 05:00;-0,6
Oslo - Blindern;SN18700;21.11.2023 06:00;-1,1
Oslo - Blindern;SN18700;21.11.2023 07:00;-2,1
Oslo - Blindern;SN18700;21.11.2023 08:00;-2,5
Oslo - Blindern;SN18700;21.11.2023 09:00;-2,9
Oslo - Blindern;SN18700;21.11.2023 10:00;-3
Oslo - Blindern;SN18700;21.11.2023 11:00;-2,9
Oslo - Blindern;SN18700;21.11.2023 12:00;-2,1
Oslo - Blindern;SN18700;21.11.2023 13:00;-2,1
Oslo - Blindern;SN18700;21.11.2023 14:00;-1,7
Oslo - Blindern;SN18700;21.11.2023 15:00;-2,1
Oslo - Blindern;SN18700;21.11.2023 16:00;-2,2
Oslo - Blindern;SN18700;21.11.2023 17:00;-2,1
Oslo - Blindern;SN18700;21.11.2023 18:00;-1,9
Oslo - Blindern;SN18700;21.11.2023 19:00;-1,8
Oslo - Blindern;SN18700;21.11.2023 20:00;-2
Oslo - Blindern;SN18700;21.11.2023 21:00;-2,2
Oslo - Blindern;SN18700;21.11.2023 22:00;-2,8
Oslo - Blindern;SN18700;21.11.2023 23:00;-2,2
Oslo - Blindern;SN18700;22.11.2023 00:00;-1,8
Oslo - Blindern;SN18700;22.11.2023 01:00;-1,6
Oslo - Blindern;SN18700;22.11.2023 02:00;-1,7
Oslo - Blindern;SN18700;22.11.2023 03:00;-1,6
Oslo - Blindern;SN18700;22.11.2023 04:00;-1,3
Oslo - Blindern;SN18700;22.11.2023 05:00;-0,3
Oslo - Blindern;SN18700;22.11.2023 06:00;0,8
Oslo - Blindern;SN18700;22.11.2023 07:00;1,3
Oslo - Blindern;SN18700;22.11.2023 08:00;1,5
Oslo - Blindern;SN18700;22.11.2023 09:00;1,8
Oslo - Blindern;SN18700;22.11.2023 10:00;2,6
Oslo - Blindern;SN18700;22.11.2023 11:00;3,5
Oslo - Blindern;SN18700;22.11.2023 12:00;4
Oslo - Blindern;SN18700;22.11.2023 13:00;4,6
Oslo - Blindern;SN18700;22.11.2023 14:00;4,9
Oslo - Blindern;SN18700;22.11.2023 15:00;5,2
Oslo - Blindern;SN18700;22.11.2023 16:00;5,6
Oslo - Blindern;SN18700;22.11.2023 17:00;5
Oslo - Blindern;SN18700;22.11.2023 18:00;4,2
Oslo - Blindern;SN18700;22.11.2023 19:00;4,3
Oslo - Blindern;SN18700;22.11.2023 20:00;2,5
Oslo - Blindern;SN18700;22.11.2023 21:00;1,4
Oslo - Blindern;SN18700;22.11.2023 22:00;1,6
Oslo - Blindern;SN18700;22.11.2023 23:00;0,8
Oslo - Blindern;SN18700;23.11.2023 00:00;0,5
Oslo - Blindern;SN18700;23.11.2023 01:00;1,1
Oslo - Blindern;SN18700;23.11.2023 02:00;1,6
Oslo - Blindern;SN18700;23.11.2023 03:00;1,7
Oslo - Blindern;SN18700;23.11.2023 04:00;1,5
Oslo - Blindern;SN18700;23.11.2023 05:00;1,4
Oslo - Blindern;SN18700;23.11.2023 06:00;1,1
Oslo - Blindern;SN18700;23.11.2023 07:00;0,3
Oslo - Blindern;SN18700;23.11.2023 08:00;1
Oslo - Blindern;SN18700;23.11.2023 09:00;0,7
Oslo - Blindern;SN18700;23.11.2023 10:00;1
Oslo - Blindern;SN18700;23.11.2023 11:00;3,8
Oslo - Blindern;SN18700;23.11.2023 12:00;5,5
Oslo - Blindern;SN18700;23.11.2023 13:00;6,4
Oslo - Blindern;SN18700;23.11.2023 14:00;5,8
Oslo - Blindern;SN18700;23.11.2023 15:00;4,8
Oslo - Blindern;SN18700;23.11.2023 16:00;3,7
Oslo - Blindern;SN18700;23.11.2023 17:00;3,2
Oslo - Blindern;SN18700;23.11.2023 18:00;3,2
Oslo - Blindern;SN18700;23.11.2023 19:00;3,2
Oslo - Blindern;SN18700;23.11.2023 20:00;2,9
Oslo - Blindern;SN18700;23.11.2023 21:00;3,2
Oslo - Blindern;SN18700;23.11.2023 22:00;3,1
Oslo - Blindern;SN18700;23.11.2023 23:00;2,5
Oslo - Blindern;SN18700;24.11.2023 00:00;1,8
Oslo - Blindern;SN18700;24.11.2023 01:00;1,7
Oslo - Blindern;SN18700;24.11.2023 02:00;0,9
Oslo - Blindern;SN18700;24.11.2023 03:00;0,5
Oslo - Blindern;SN18700;24.11.2023 04:00;0,4
Oslo - Blindern;SN18700;24.11.2023 05:00;1,4
Oslo - Blindern;SN18700;24.11.2023 06:00;0,9
Oslo - Blindern;SN18700;24.11.2023 07:00;-0,4
Oslo - Blindern;SN18700;24.11.2023 08:00;-1,7
Oslo - Blindern;SN18700;24.11.2023 09:00;-1,6
Oslo - Blindern;SN18700;24.11.2023 10:00;0,1
Oslo - Blindern;SN18700;24.11.2023 11:00;1,1
Oslo - Blindern;SN18700;24.11.2023 12:00;1,6
Oslo - Blindern;SN18700;24.11.2023 13:00;2,3
Oslo - Blindern;SN18700;24.11.2023 14:00;2
Oslo - Blindern;SN18700;24.11.2023 15:00;1,5
Oslo - Blindern;SN18700;24.11.2023 16:00;1,6
Oslo - Blindern;SN18700;24.11.2023 17:00;1,8
Oslo - Blindern;SN18700;24.11.2023 18:00;1,2
Oslo - Blindern;SN18700;24.11.2023 19:00;0,4
Oslo - Blindern;SN18700;24.11.2023 20:00;0,1
Oslo - Blindern;SN18700;24.11.2023 21:00;-0,1
Oslo - Blindern;SN18700;24.11.2023 22:00;-0,8
Oslo - Blindern;SN18700;24.11.2023 23:00;-0,8
Oslo - Blindern;SN18700;25.11.2023 00:00;0
Oslo - Blindern;SN18700;25.11.2023 01:00;2
Oslo - Blindern;SN18700;25.11.2023 02:00;1,8
Oslo - Blindern;SN18700;25.11.2023 03:00;2
Oslo - Blindern;SN18700;25.11.2023 04:00;2
Oslo - Blindern;SN18700;25.11.2023 05:00;1,9
Oslo - Blindern;SN18700;25.11.2023 06:00;1,6
Oslo - Blindern;SN18700;25.11.2023 07:00;1
Oslo - Blindern;SN18700;25.11.2023 08:00;-0,3
Oslo - Blindern;SN18700;25.11.2023 09:00;-0,8
Oslo - Blindern;SN18700;25.11.2023 10:00;-0,3
Oslo - Blindern;SN18700;25.11.2023 11:00;0,2
Oslo - Blindern;SN18700;25.11.2023 12:00;0,2
Oslo - Blindern;SN18700;25.11.2023 13:00;-0,4
Oslo - Blindern;SN18700;25.11.2023 14:00;-0,6
Oslo - Blindern;SN18700;25.11.2023 15:00;-1,4
Oslo - Blindern;SN18700;25.11.2023 16:00;-2,2
Oslo - Blindern;SN18700;25.11.2023 17:00;-3,1
Oslo - Blindern;SN18700;25.11.2023 18:00;-3,6
Oslo - Blindern;SN18700;25.11.2023 19:00;-3,8
Oslo - Blindern;SN18700;25.11.2023 20:00;-5
Oslo - Blindern;SN18700;25.11.2023 21:00;-4,9
Oslo - Blindern;SN18700;25.11.2023 22:00;-4,5
Oslo - Blindern;SN18700;25.11.2023 23:00;-4,5
Oslo - Blindern;SN18700;26.11.2023 00:00;-4,8
Oslo - Blindern;SN18700;26.11.2023 01:00;-4,7
Oslo - Blindern;SN18700;26.11.2023 02:00;-4
Oslo - Blindern;SN18700;26.11.2023 03:00;-3,5
Oslo - Blindern;SN18700;26.11.2023 04:00;-3,4
Oslo - Blindern;SN18700;26.11.2023 05:00;-3
Oslo - Blindern;SN18700;26.11.2023 06:00;-2,8
Oslo - Blindern;SN18700;26.11.2023 07:00;-2,3
Oslo - Blindern;SN18700;26.11.2023 08:00;-2,6
Oslo - Blindern;SN18700;26.11.2023 09:00;-2,4
Oslo - Blindern;SN18700;26.11.2023 10:00;-2,1
Oslo - Blindern;SN18700;26.11.2023 11:00;-0,7
Oslo - Blindern;SN18700;26.11.2023 12:00;-0,2
Oslo - Blindern;SN18700;26.11.2023 13:00;0,3
Oslo - Blindern;SN18700;26.11.2023 14:00;-0,7
Oslo - Blindern;SN18700;26.11.2023 15:00;-2,1
Oslo - Blindern;SN18700;26.11.2023 16:00;-2,9
Oslo - Blindern;SN18700;26.11.2023 17:00;-3,7
Oslo - Blindern;SN18700;26.11.2023 18:00;-3,8
Oslo - Blindern;SN18700;26.11.2023 19:00;-3,8
Oslo - Blindern;SN18700;26.11.2023 20:00;-4,9
Oslo - Blindern;SN18700;26.11.2023 21:00;-5
Oslo - Blindern;SN18700;26.11.2023 22:00;-4,9
Oslo - Blindern;SN18700;26.11.2023 23:00;-5,3
Oslo - Blindern;SN18700;27.11.2023 00:00;-5,5
Oslo - Blindern;SN18700;27.11.2023 01:00;-4,7
Oslo - Blindern;SN18700;27.11.2023 02:00;-4,1
Oslo - Blindern;SN18700;27.11.2023 03:00;-4,4
Oslo - Blindern;SN18700;27.11.2023 04:00;-4,4
Oslo - Blindern;SN18700;27.11.2023 05:00;-3
Oslo - Blindern;SN18700;27.11.2023 06:00;-2,8
Oslo - Blindern;SN18700;27.11.2023 07:00;-2,8
Oslo - Blindern;SN18700;27.11.2023 08:00;-2,4
Oslo - Blindern;SN18700;27.11.2023 09:00;-2,5
Oslo - Blindern;SN18700;27.11.2023 10:00;-2,6
Oslo - Blindern;SN18700;27.11.2023 11:00;-2,5
Oslo - Blindern;SN18700;27.11.2023 12:00;-2,8
Oslo - Blindern;SN18700;27.11.2023 13:00;-3
Oslo - Blindern;SN18700;27.11.2023 14:00;-3,2
Oslo - Blindern;SN18700;27.11.2023 15:00;-3,7
Oslo - Blindern;SN18700;27.11.2023 16:00;-4,3
Oslo - Blindern;SN18700;27.11.2023 17:00;-4,6
Oslo - Blindern;SN18700;27.11.2023 18:00;-5,4
Oslo - Blindern;SN18700;27.11.2023 19:00;-5,6
Oslo - Blindern;SN18700;27.11.2023 20:00;-6,1
Oslo - Blindern;SN18700;27.11.2023 21:00;-6,8
Oslo - Blindern;SN18700;27.11.2023 22:00;-7,5
Oslo - Blindern;SN18700;27.11.2023 23:00;-7,8
Oslo - Blindern;SN18700;28.11.2023 00:00;-8,3
Oslo - Blindern;SN18700;28.11.2023 01:00;-9,1
Oslo - Blindern;SN18700;28.11.2023 02:00;-9,2
Oslo - Blindern;SN18700;28.11.2023 03:00;-9,8
Oslo - Blindern;SN18700;28.11.2023 04:00;-10
Oslo - Blindern;SN18700;28.11.2023 05:00;-10,3
Oslo - Blindern;SN18700;28.11.2023 06:00;-10,3
Oslo - Blindern;SN18700;28.11.2023 07:00;-10,1
Oslo - Blindern;SN18700;28.11.2023 08:00;-9,9
Oslo - Blindern;SN18700;28.11.2023 09:00;-9,1
Oslo - Blindern;SN18700;28.11.2023 10:00;-8,7
Oslo - Blindern;SN18700;28.11.2023 11:00;-7,8
Oslo - Blindern;SN18700;28.11.2023 12:00;-7,3
Oslo - Blindern;SN18700;28.11.2023 13:00;-6,8
Oslo - Blindern;SN18700;28.11.2023 14:00;-6,8
Oslo - Blindern;SN18700;28.11.2023 15:00;-6,6
Oslo - Blindern;SN18700;28.11.2023 16:00;-6,8
Oslo - Blindern;SN18700;28.11.2023 17:00;-6,4
Oslo - Blindern;SN18700;28.11.2023 18:00;-6,2
Oslo - Blindern;SN18700;28.11.2023 19:00;-5,9
Oslo - Blindern;SN18700;28.11.2023 20:00;-5,7
Oslo - Blindern;SN18700;28.11.2023 21:00;-5,4
Oslo - Blindern;SN18700;28.11.2023 22:00;-5,1
Oslo - Blindern;SN18700;28.11.2023 23:00;-4,2
Oslo - Blindern;SN18700;29.11.2023 00:00;-3,6
Oslo - Blindern;SN18700;29.11.2023 01:00;-3,9
Oslo - Blindern;SN18700;29.11.2023 02:00;-3,6
Oslo - Blindern;SN18700;29.11.2023 03:00;-3,3
Oslo - Blindern;SN18700;29.11.2023 04:00;-3,5
Oslo - Blindern;SN18700;29.11.2023 05:00;-3,6
Oslo - Blindern;SN18700;29.11.2023 06:00;-3,1
Oslo - Blindern;SN18700;29.11.2023 07:00;-2,6
Oslo - Blindern;SN18700;29.11.2023 08:00;-2,5
Oslo - Blindern;SN18700;29.11.2023 09:00;-2,2
Oslo - Blindern;SN18700;29.11.2023 10:00;-2
Oslo - Blindern;SN18700;29.11.2023 11:00;-1,7
Oslo - Blindern;SN18700;29.11.2023 12:00;-1,3
Oslo - Blindern;SN18700;29.11.2023 13:00;-1,1
Oslo - Blindern;SN18700;29.11.2023 14:00;-1,2
Oslo - Blindern;SN18700;29.11.2023 15:00;-1,2
Oslo - Blindern;SN18700;29.11.2023 16:00;-1
Oslo - Blindern;SN18700;29.11.2023 17:00;-1
Oslo - Blindern;SN18700;29.11.2023 18:00;-1,1
Oslo - Blindern;SN18700;29.11.2023 19:00;-1,4
Oslo - Blindern;SN18700;29.11.2023 20:00;-1,8
Oslo - Blindern;SN18700;29.11.2023 21:00;-2,2
Oslo - Blindern;SN18700;29.11.2023 22:00;-2,1
Oslo - Blindern;SN18700;29.11.2023 23:00;-2,1
Oslo - Blindern;SN18700;30.11.2023 00:00;-2
Oslo - Blindern;SN18700;30.11.2023 01:00;-1,8
Oslo - Blindern;SN18700;30.11.2023 02:00;-2,1
Oslo - Blindern;SN18700;30.11.2023 03:00;-2
Oslo - Blindern;SN18700;30.11.2023 04:00;-2,2
Oslo - Blindern;SN18700;30.11.2023 05:00;-2,2
Oslo - Blindern;SN18700;30.11.2023 06:00;-2,4
Oslo - Blindern;SN18700;30.11.2023 07:00;-2
Oslo - Blindern;SN18700;30.11.2023 08:00;-2,1
Oslo - Blindern;SN18700;30.11.2023 09:00;-1,8
Oslo - Blindern;SN18700;30.11.2023 10:00;-1,8
Oslo - Blindern;SN18700;30.11.2023 11:00;-1,7
Oslo - Blindern;SN18700;30.11.2023 12:00;-1,7
Oslo - Blindern;SN18700;30.11.2023 13:00;-1,6
Oslo - Blindern;SN18700;30.11.2023 14:00;-1,5
Oslo - Blindern;SN18700;30.11.2023 15:00;-1,6
Oslo - Blindern;SN18700;30.11.2023 16:00;-1,9
Oslo - Blindern;SN18700;30.11.2023 17:00;-1,9
Oslo - Blindern;SN18700;30.11.2023 18:00;-1,9
Oslo - Blindern;SN18700;30.11.2023 19:00;-2,4
Oslo - Blindern;SN18700;30.11.2023 20:00;-2,9
Oslo - Blindern;SN18700;30.11.2023 21:00;-3,6
Oslo - Blindern;SN18700;30.11.2023 22:00;-3,6
Oslo - Blindern;SN18700;30.11.2023 23:00;-4,5
Oslo - Blindern;SN18700;01.12.2023 00:00;-5,5
Oslo - Blindern;SN18700;01.12.2023 01:00;-5,1
Oslo - Blindern;SN18700;01.12.2023 02:00;-5,8
Oslo - Blindern;SN18700;01.12.2023 03:00;-5,7
Oslo - Blindern;SN18700;01.12.2023 04:00;-6
Oslo - Blindern;SN18700;01.12.2023 05:00;-6,5
Oslo - Blindern;SN18700;01.12.2023 06:00;-7,2
Oslo - Blindern;SN18700;01.12.2023 07:00;-6,7
Oslo - Blindern;SN18700;01.12.2023 08:00;-7,8
Oslo - Blindern;SN18700;01.12.2023 09:00;-8
Oslo - Blindern;SN18700;01.12.2023 10:00;-6,8
Oslo - Blindern;SN18700;01.12.2023 11:00;-5,6
Oslo - Blindern;SN18700;01.12.2023 12:00;-5
Oslo - Blindern;SN18700;01.12.2023 13:00;-4,6
Oslo - Blindern;SN18700;01.12.2023 14:00;-5,2
Oslo - Blindern;SN18700;01.12.2023 15:00;-5,6
Oslo - Blindern;SN18700;01.12.2023 16:00;-6,6
Oslo - Blindern;SN18700;01.12.2023 17:00;-7,4
Oslo - Blindern;SN18700;01.12.2023 18:00;-7,8
Oslo - Blindern;SN18700;01.12.2023 19:00;-8,2
Oslo - Blindern;SN18700;01.12.2023 20:00;-9,6
Oslo - Blindern;SN18700;01.12.2023 21:00;-10
Oslo - Blindern;SN18700;01.12.2023 22:00;-10,5
Oslo - Blindern;SN18700;01.12.2023 23:00;-10,4
Oslo - Blindern;SN18700;02.12.2023 00:00;-10,7
Oslo - Blindern;SN18700;02.12.2023 01:00;-11,1
Oslo - Blindern;SN18700;02.12.2023 02:00;-11,3
Oslo - Blindern;SN18700;02.12.2023 03:00;-10,5
Oslo - Blindern;SN18700;02.12.2023 04:00;-10,5
Oslo - Blindern;SN18700;02.12.2023 05:00;-10,3
Oslo - Blindern;SN18700;02.12.2023 06:00;-11,6
Oslo - Blindern;SN18700;02.12.2023 07:00;-10,5
Oslo - Blindern;SN18700;02.12.2023 08:00;-10,4
Oslo - Blindern;SN18700;02.12.2023 09:00;-10,8
Oslo - Blindern;SN18700;02.12.2023 10:00;-9,5
Oslo - Blindern;SN18700;02.12.2023 11:00;-8
Oslo - Blindern;SN18700;02.12.2023 12:00;-7,5
Oslo - Blindern;SN18700;02.12.2023 13:00;-7,2
Oslo - Blindern;SN18700;02.12.2023 14:00;-7,3
Oslo - Blindern;SN18700;02.12.2023 15:00;-8
Oslo - Blindern;SN18700;02.12.2023 16:00;-8,9
Oslo - Blindern;SN18700;02.12.2023 17:00;-9,6
Oslo - Blindern;SN18700;02.12.2023 18:00;-9,8
Oslo - Blindern;SN18700;02.12.2023 19:00;-10,9
Oslo - Blindern;SN18700;02.12.2023 20:00;-11,4
Oslo - Blindern;SN18700;02.12.2023 21:00;-11,8
Oslo - Blindern;SN18700;02.12.2023 22:00;-12,3
Oslo - Blindern;SN18700;02.12.2023 23:00;-12,6
Oslo - Blindern;SN18700;03.12.2023 00:00;-11,9
Oslo - Blindern;SN18700;03.12.2023 01:00;-12,5
Oslo - Blindern;SN18700;03.12.2023 02:00;-12,2
Oslo - Blindern;SN18700;03.12.2023 03:00;-11,9
Oslo - Blindern;SN18700;03.12.2023 04:00;-12,5
Oslo - Blindern;SN18700;03.12.2023 05:00;-12,9
Oslo - Blindern;SN18700;03.12.2023 06:00;-12,3
Oslo - Blindern;SN18700;03.12.2023 07:00;-12,6
Oslo - Blindern;SN18700;03.12.2023 08:00;-12,5
Oslo - Blindern;SN18700;03.12.2023 09:00;-12,7
Oslo - Blindern;SN18700;03.12.2023 10:00;-11,3
Oslo - Blindern;SN18700;03.12.2023 11:00;-11,4
Oslo - Blindern;SN18700;03.12.2023 12:00;-9,8
Oslo - Blindern;SN18700;03.12.2023 13:00;-8,5
Oslo - Blindern;SN18700;03.12.2023 14:00;-9,8
Oslo - Blindern;SN18700;03.12.2023 15:00;-10,5
Oslo - Blindern;SN18700;03.12.2023 16:00;-11,4
Oslo - Blindern;SN18700;03.12.2023 17:00;-11,9
Oslo - Blindern;SN18700;03.12.2023 18:00;-12,9
Oslo - Blindern;SN18700;03.12.2023 19:00;-12,6
Oslo - Blindern;SN18700;03.12.2023 20:00;-13
Oslo - Blindern;SN18700;03.12.2023 21:00;-13,6
Oslo - Blindern;SN18700;03.12.2023 22:00;-13,2
Oslo - Blindern;SN18700;03.12.2023 23:00;-13,3
Oslo - Blindern;SN18700;04.12.2023 00:00;-13,5
Oslo - Blindern;SN18700;04.12.2023 01:00;-13,4
Oslo - Blindern;SN18700;04.12.2023 02:00;-13,5
Oslo - Blindern;SN18700;04.12.2023 03:00;-13,5
Oslo - Blindern;SN18700;04.12.2023 04:00;-13
Oslo - Blindern;SN18700;04.12.2023 05:00;-13,9
Oslo - Blindern;SN18700;04.12.2023 06:00;-13,6
Oslo - Blindern;SN18700;04.12.2023 07:00;-14,2
Oslo - Blindern;SN18700;04.12.2023 08:00;-13,6
Oslo - Blindern;SN18700;04.12.2023 09:00;-13,6
Oslo - Blindern;SN18700;04.12.2023 10:00;-13,3
Oslo - Blindern;SN18700;04.12.2023 11:00;-11,7
Oslo - Blindern;SN18700;04.12.2023 12:00;-10,9
Oslo - Blindern;SN18700;04.12.2023 13:00;-9,8
Oslo - Blindern;SN18700;04.12.2023 14:00;-10,5
Oslo - Blindern;SN18700;04.12.2023 15:00;-11,1
Oslo - Blindern;SN18700;04.12.2023 16:00;-12,1
Oslo - Blindern;SN18700;04.12.2023 17:00;-11,9
Oslo - Blindern;SN18700;04.12.2023 18:00;-12,8
Oslo - Blindern;SN18700;04.12.2023 19:00;-13,2
Oslo - Blindern;SN18700;04.12.2023 20:00;-13,6
Oslo - Blindern;SN18700;04.12.2023 21:00;-13,6
Oslo - Blindern;SN18700;04.12.2023 22:00;-13,7
Oslo - Blindern;SN18700;04.12.2023 23:00;-13,6
Oslo - Blindern;SN18700;05.12.2023 00:00;-14,3
Oslo - Blindern;SN18700;05.12.2023 01:00;-14,2
Oslo - Blindern;SN18700;05.12.2023 02:00;-14,2
Oslo - Blindern;SN18700;05.12.2023 03:00;-14,3
Oslo - Blindern;SN18700;05.12.2023 04:00;-14,5
Oslo - Blindern;SN18700;05.12.2023 05:00;-14,9
Oslo - Blindern;SN18700;05.12.2023 06:00;-14,1
Oslo - Blindern;SN18700;05.12.2023 07:00;-14
Oslo - Blindern;SN18700;05.12.2023 08:00;-14,2
Oslo - Blindern;SN18700;05.12.2023 09:00;-14,1
Oslo - Blindern;SN18700;05.12.2023 10:00;-14
Oslo - Blindern;SN18700;05.12.2023 11:00;-13,5
Oslo - Blindern;SN18700;05.12.2023 12:00;-12,7
Oslo - Blindern;SN18700;05.12.2023 13:00;-11,2
Oslo - Blindern;SN18700;05.12.2023 14:00;-10,4
Oslo - Blindern;SN18700;05.12.2023 15:00;-10,1
Oslo - Blindern;SN18700;05.12.2023 16:00;-11,2
Oslo - Blindern;SN18700;05.12.2023 17:00;-11,6
Oslo - Blindern;SN18700;05.12.2023 18:00;-12,1
Oslo - Blindern;SN18700;05.12.2023 19:00;-12,3
Oslo - Blindern;SN18700;05.12.2023 20:00;-12,2
Oslo - Blindern;SN18700;05.12.2023 21:00;-12,2
Oslo - Blindern;SN18700;05.12.2023 22:00;-12,3
Oslo - Blindern;SN18700;05.12.2023 23:00;-11,8
Oslo - Blindern;SN18700;06.12.2023 00:00;-12,3
Oslo - Blindern;SN18700;06.12.2023 01:00;-10,5
Oslo - Blindern;SN18700;06.12.2023 02:00;-10,3
Oslo - Blindern;SN18700;06.12.2023 03:00;-9,8
Oslo - Blindern;SN18700;06.12.2023 04:00;-9,4
Oslo - Blindern;SN18700;06.12.2023 05:00;-9,1
Oslo - Blindern;SN18700;06.12.2023 06:00;-8,8
Oslo - Blindern;SN18700;06.12.2023 07:00;-9
Oslo - Blindern;SN18700;06.12.2023 08:00;-8,9
Oslo - Blindern;SN18700;06.12.2023 09:00;-8,9
Oslo - Blindern;SN18700;06.12.2023 10:00;-8,7
Oslo - Blindern;SN18700;06.12.2023 11:00;-8,3
Oslo - Blindern;SN18700;06.12.2023 12:00;-7,9
Oslo - Blindern;SN18700;06.12.2023 13:00;-7,6
Oslo - Blindern;SN18700;06.12.2023 14:00;-7,6
Oslo - Blindern;SN18700;06.12.2023 15:00;-7,7
Oslo - Blindern;SN18700;06.12.2023 16:00;-7,7
Oslo - Blindern;SN18700;06.12.2023 17:00;-7,8
Oslo - Blindern;SN18700;06.12.2023 18:00;-8,1
Oslo - Blindern;SN18700;06.12.2023 19:00;-7,9
Oslo - Blindern;SN18700;06.12.2023 20:00;-7,9
Oslo - Blindern;SN18700;06.12.2023 21:00;-7,9
Oslo - Blindern;SN18700;06.12.2023 22:00;-8
Oslo - Blindern;SN18700;06.12.2023 23:00;-7,9
Oslo - Blindern;SN18700;07.12.2023 00:00;-7,8
Oslo - Blindern;SN18700;07.12.2023 01:00;-7,7
Oslo - Blindern;SN18700;07.12.2023 02:00;-7,7
Oslo - Blindern;SN18700;07.12.2023 03:00;-7,4
Oslo - Blindern;SN18700;07.12.2023 04:00;-7,3
Oslo - Blindern;SN18700;07.12.2023 05:00;-7,3
Oslo - Blindern;SN18700;07.12.2023 06:00;-8,1
Oslo - Blindern;SN18700;07.12.2023 07:00;-7,3
Oslo - Blindern;SN18700;07.12.2023 08:00;-6,6
Oslo - Blindern;SN18700;07.12.2023 09:00;-6,2
Oslo - Blindern;SN18700;07.12.2023 10:00;-5,8
Oslo - Blindern;SN18700;07.12.2023 11:00;-5,2
Oslo - Blindern;SN18700;07.12.2023 12:00;-5,4
Oslo - Blindern;SN18700;07.12.2023 13:00;-4,9
Oslo - Blindern;SN18700;07.12.2023 14:00;-5
Oslo - Blindern;SN18700;07.12.2023 15:00;-5,1
Oslo - Blindern;SN18700;07.12.2023 16:00;-5,2
Oslo - Blindern;SN18700;07.12.2023 17:00;-4,7
Oslo - Blindern;SN18700;07.12.2023 18:00;-4,9
Oslo - Blindern;SN18700;07.12.2023 19:00;-4,5
Oslo - Blindern;SN18700;07.12.2023 20:00;-4,4
Oslo - Blindern;SN18700;07.12.2023 21:00;-4,3
Oslo - Blindern;SN18700;07.12.2023 22:00;-4,5
Oslo - Blindern;SN18700;07.12.2023 23:00;-4,9
Oslo - Blindern;SN18700;08.12.2023 00:00;-4,7
Oslo - Blindern;SN18700;08.12.2023 01:00;-4
Oslo - Blindern;SN18700;08.12.2023 02:00;-3,8
Oslo - Blindern;SN18700;08.12.2023 03:00;-3,8
Oslo - Blindern;SN18700;08.12.2023 04:00;-3,8
Oslo - Blindern;SN18700;08.12.2023 05:00;-3,9
Oslo - Blindern;SN18700;08.12.2023 06:00;-3,9
Oslo - Blindern;SN18700;08.12.2023 07:00;-3,9
Oslo - Blindern;SN18700;08.12.2023 08:00;-3,8
Oslo - Blindern;SN18700;08.12.2023 09:00;-3,8
Oslo - Blindern;SN18700;08.12.2023 10:00;-3,6
Oslo - Blindern;SN18700;08.12.2023 11:00;-3,2
Oslo - Blindern;SN18700;08.12.2023 12:00;-2,9
Oslo - Blindern;SN18700;08.12.2023 13:00;-2,9
Oslo - Blindern;SN18700;08.12.2023 14:00;-2,7
Oslo - Blindern;SN18700;08.12.2023 15:00;-2,6
Oslo - Blindern;SN18700;08.12.2023 16:00;-2,6
Oslo - Blindern;SN18700;08.12.2023 17:00;-2,6
Oslo - Blindern;SN18700;08.12.2023 18:00;-2,4
Oslo - Blindern;SN18700;08.12.2023 19:00;-2,5
Oslo - Blindern;SN18700;08.12.2023 20:00;-2,2
Oslo - Blindern;SN18700;08.12.2023 21:00;-1,8
Oslo - Blindern;SN18700;08.12.2023 22:00;-0,9
Oslo - Blindern;SN18700;08.12.2023 23:00;-0,9
Oslo - Blindern;SN18700;09.12.2023 00:00;-1,2
Oslo - Blindern;SN18700;09.12.2023 01:00;-1,1
Oslo - Blindern;SN18700;09.12.2023 02:00;-0,8
Oslo - Blindern;SN18700;09.12.2023 03:00;-0,6
Oslo - Blindern;SN18700;09.12.2023 04:00;-0,3
Oslo - Blindern;SN18700;09.12.2023 05:00;-0,3
Oslo - Blindern;SN18700;09.12.2023 06:00;-0,3
Oslo - Blindern;SN18700;09.12.2023 07:00;-0,2
Oslo - Blindern;SN18700;09.12.2023 08:00;-0,1
Oslo - Blindern;SN18700;09.12.2023 09:00;0
Oslo - Blindern;SN18700;09.12.2023 10:00;0,2
Oslo - Blindern;SN18700;09.12.2023 11:00;0,6
Oslo - Blindern;SN18700;09.12.2023 12:00;0,8
Oslo - Blindern;SN18700;09.12.2023 13:00;0,9
Oslo - Blindern;SN18700;09.12.2023 14:00;1,1
Oslo - Blindern;SN18700;09.12.2023 15:00;1,1
Oslo - Blindern;SN18700;09.12.2023 16:00;1
Oslo - Blindern;SN18700;09.12.2023 17:00;0,7
Oslo - Blindern;SN18700;09.12.2023 18:00;0,4
Oslo - Blindern;SN18700;09.12.2023 19:00;0,5
Oslo - Blindern;SN18700;09.12.2023 20:00;0,3
Oslo - Blindern;SN18700;09.12.2023 21:00;0,2
Oslo - Blindern;SN18700;09.12.2023 22:00;-0,1
Oslo - Blindern;SN18700;09.12.2023 23:00;0
Oslo - Blindern;SN18700;10.12.2023 00:00;0
Oslo - Blindern;SN18700;10.12.2023 01:00;-0,1
Oslo - Blindern;SN18700;10.12.2023 02:00;0
Oslo - Blindern;SN18700;10.12.2023 03:00;0
Oslo - Blindern;SN18700;10.12.2023 04:00;-0,3
Oslo - Blindern;SN18700;10.12.2023 05:00;-0,4
Oslo - Blindern;SN18700;10.12.2023 06:00;-0,2
Oslo - Blindern;SN18700;10.12.2023 07:00;-0,4
Oslo - Blindern;SN18700;10.12.2023 08:00;-0,7
Oslo - Blindern;SN18700;10.12.2023 09:00;-0,6
Oslo - Blindern;SN18700;10.12.2023 10:00;-0,5
Oslo - Blindern;SN18700;10.12.2023 11:00;-0,6
Oslo - Blindern;SN18700;10.12.2023 12:00;-0,7
Oslo - Blindern;SN18700;10.12.2023 13:00;-0,6
Oslo - Blindern;SN18700;10.12.2023 14:00;-0,6
Oslo - Blindern;SN18700;10.12.2023 15:00;-0,7
Oslo - Blindern;SN18700;10.12.2023 16:00;-0,8
Oslo - Blindern;SN18700;10.12.2023 17:00;-0,9
Oslo - Blindern;SN18700;10.12.2023 18:00;-1,1
Oslo - Blindern;SN18700;10.12.2023 19:00;-1,1
Oslo - Blindern;SN18700;10.12.2023 20:00;-1,2
Oslo - Blindern;SN18700;10.12.2023 21:00;-1,3
Oslo - Blindern;SN18700;10.12.2023 22:00;-1,4
Oslo - Blindern;SN18700;10.12.2023 23:00;-1,5
Oslo - Blindern;SN18700;11.12.2023 00:00;-1,4
Oslo - Blindern;SN18700;11.12.2023 01:00;-1,4
Oslo - Blindern;SN18700;11.12.2023 02:00;-1,4
Oslo - Blindern;SN18700;11.12.2023 03:00;-1,2
Oslo - Blindern;SN18700;11.12.2023 04:00;-1,2
Oslo - Blindern;SN18700;11.12.2023 05:00;-1,3
Oslo - Blindern;SN18700;11.12.2023 06:00;-1,3
Oslo - Blindern;SN18700;11.12.2023 07:00;-1,3
Oslo - Blindern;SN18700;11.12.2023 08:00;-1,1
Oslo - Blindern;SN18700;11.12.2023 09:00;-0,9
Oslo - Blindern;SN18700;11.12.2023 10:00;-0,8
Oslo - Blindern;SN18700;11.12.2023 11:00;-0,7
Oslo - Blindern;SN18700;11.12.2023 12:00;-0,5
Oslo - Blindern;SN18700;11.12.2023 13:00;-0,3
Oslo - Blindern;SN18700;11.12.2023 14:00;-0,3
Oslo - Blindern;SN18700;11.12.2023 15:00;-0,3
Oslo - Blindern;SN18700;11.12.2023 16:00;-0,3
Oslo - Blindern;SN18700;11.12.2023 17:00;-0,6
Oslo - Blindern;SN18700;11.12.2023 18:00;-0,4
Oslo - Blindern;SN18700;11.12.2023 19:00;-0,4
Oslo - Blindern;SN18700;11.12.2023 20:00;-0,5
Oslo - Blindern;SN18700;11.12.2023 21:00;-0,7
Oslo - Blindern;SN18700;11.12.2023 22:00;-0,7
Oslo - Blindern;SN18700;11.12.2023 23:00;-0,5
Oslo - Blindern;SN18700;12.12.2023 00:00;-0,4
Oslo - Blindern;SN18700;12.12.2023 01:00;-0,4
Oslo - Blindern;SN18700;12.12.2023 02:00;-0,5
Oslo - Blindern;SN18700;12.12.2023 03:00;-0,5
Oslo - Blindern;SN18700;12.12.2023 04:00;-0,7
Oslo - Blindern;SN18700;12.12.2023 05:00;-0,8
Oslo - Blindern;SN18700;12.12.2023 06:00;-1,1
Oslo - Blindern;SN18700;12.12.2023 07:00;-1,1
Oslo - Blindern;SN18700;12.12.2023 08:00;-1,3
Oslo - Blindern;SN18700;12.12.2023 09:00;-1,4
Oslo - Blindern;SN18700;12.12.2023 10:00;-1,5
Oslo - Blindern;SN18700;12.12.2023 11:00;-1,6
Oslo - Blindern;SN18700;12.12.2023 12:00;-1,6
Oslo - Blindern;SN18700;12.12.2023 13:00;-1,7
Oslo - Blindern;SN18700;12.12.2023 14:00;-1,8
Oslo - Blindern;SN18700;12.12.2023 15:00;-2
Oslo - Blindern;SN18700;12.12.2023 16:00;-2,3
Oslo - Blindern;SN18700;12.12.2023 17:00;-2,5
Oslo - Blindern;SN18700;12.12.2023 18:00;-2,6
Oslo - Blindern;SN18700;12.12.2023 19:00;-2,8
Oslo - Blindern;SN18700;12.12.2023 20:00;-2,9
Oslo - Blindern;SN18700;12.12.2023 21:00;-3,1
Oslo - Blindern;SN18700;12.12.2023 22:00;-3,4
Oslo - Blindern;SN18700;12.12.2023 23:00;-3,5
Oslo - Blindern;SN18700;13.12.2023 00:00;-3,5
Oslo - Blindern;SN18700;13.12.2023 01:00;-3,8
Oslo - Blindern;SN18700;13.12.2023 02:00;-3,8
Oslo - Blindern;SN18700;13.12.2023 03:00;-3,9
Oslo - Blindern;SN18700;13.12.2023 04:00;-3,7
Oslo - Blindern;SN18700;13.12.2023 05:00;-4
Oslo - Blindern;SN18700;13.12.2023 06:00;-3,8
Oslo - Blindern;SN18700;13.12.2023 07:00;-4
Oslo - Blindern;SN18700;13.12.2023 08:00;-4,1
Oslo - Blindern;SN18700;13.12.2023 09:00;-4
Oslo - Blindern;SN18700;13.12.2023 10:00;-3,9
Oslo - Blindern;SN18700;13.12.2023 11:00;-4
Oslo - Blindern;SN18700;13.12.2023 12:00;-3,8
Oslo - Blindern;SN18700;13.12.2023 13:00;-3,7
Oslo - Blindern;SN18700;13.12.2023 14:00;-3,7
Oslo - Blindern;SN18700;13.12.2023 15:00;-3,9
Oslo - Blindern;SN18700;13.12.2023 16:00;-4,2
Oslo - Blindern;SN18700;13.12.2023 17:00;-4,3
Oslo - Blindern;SN18700;13.12.2023 18:00;-4,4
Oslo - Blindern;SN18700;13.12.2023 19:00;-4,4
Oslo - Blindern;SN18700;13.12.2023 20:00;-4,5
Oslo - Blindern;SN18700;13.12.2023 21:00;-4,7
Oslo - Blindern;SN18700;13.12.2023 22:00;-5,1
Oslo - Blindern;SN18700;13.12.2023 23:00;-5,2
Oslo - Blindern;SN18700;14.12.2023 00:00;-5,5
Oslo - Blindern;SN18700;14.12.2023 01:00;-6
Oslo - Blindern;SN18700;14.12.2023 02:00;-6,2
Oslo - Blindern;SN18700;14.12.2023 03:00;-6,4
Oslo - Blindern;SN18700;14.12.2023 04:00;-6,2
Oslo - Blindern;SN18700;14.12.2023 05:00;-6,3
Oslo - Blindern;SN18700;14.12.2023 06:00;-6,2
Oslo - Blindern;SN18700;14.12.2023 07:00;-6
Oslo - Blindern;SN18700;14.12.2023 08:00;-5,9
Oslo - Blindern;SN18700;14.12.2023 09:00;-6
Oslo - Blindern;SN18700;14.12.2023 10:00;-5,9
Oslo - Blindern;SN18700;14.12.2023 11:00;-6
Oslo - Blindern;SN18700;14.12.2023 12:00;-5,8
Oslo - Blindern;SN18700;14.12.2023 13:00;-5,7
Oslo - Blindern;SN18700;14.12.2023 14:00;-5,7
Oslo - Blindern;SN18700;14.12.2023 15:00;-5,6
Oslo - Blindern;SN18700;14.12.2023 16:00;-5,5
Oslo - Blindern;SN18700;14.12.2023 17:00;-5,3
Oslo - Blindern;SN18700;14.12.2023 18:00;-5,5
Oslo - Blindern;SN18700;14.12.2023 19:00;-5,7
Oslo - Blindern;SN18700;14.12.2023 20:00;-5,6
Oslo - Blindern;SN18700;14.12.2023 21:00;-5,6
Oslo - Blindern;SN18700;14.12.2023 22:00;-5,5
Oslo - Blindern;SN18700;14.12.2023 23:00;-5,6
Oslo - Blindern;SN18700;15.12.2023 00:00;-5,1
Oslo - Blindern;SN18700;15.12.2023 01:00;-4,7
Oslo - Blindern;SN18700;15.12.2023 02:00;-4,4
Oslo - Blindern;SN18700;15.12.2023 03:00;-4,3
Oslo - Blindern;SN18700;15.12.2023 04:00;-4,6
Oslo - Blindern;SN18700;15.12.2023 05:00;-4,6
Oslo - Blindern;SN18700;15.12.2023 06:00;-4,1
Oslo - Blindern;SN18700;15.12.2023 07:00;-4
Oslo - Blindern;SN18700;15.12.2023 08:00;-3,6
Oslo - Blindern;SN18700;15.12.2023 09:00;-3,7
Oslo - Blindern;SN18700;15.12.2023 10:00;-3,7
Oslo - Blindern;SN18700;15.12.2023 11:00;-4
Oslo - Blindern;SN18700;15.12.2023 12:00;-3,7
Oslo - Blindern;SN18700;15.12.2023 13:00;-3,9
Oslo - Blindern;SN18700;15.12.2023 14:00;-3,8
Oslo - Blindern;SN18700;15.12.2023 15:00;-4,2
Oslo - Blindern;SN18700;15.12.2023 16:00;-3,8
Oslo - Blindern;SN18700;15.12.2023 17:00;-4
Oslo - Blindern;SN18700;15.12.2023 18:00;-3,8
Oslo - Blindern;SN18700;15.12.2023 19:00;-3,8
Oslo - Blindern;SN18700;15.12.2023 20:00;-4,4
Oslo - Blindern;SN18700;15.12.2023 21:00;-4,3
Oslo - Blindern;SN18700;15.12.2023 22:00;-4,7
Oslo - Blindern;SN18700;15.12.2023 23:00;-4,4
Oslo - Blindern;SN18700;16.12.2023 00:00;-3,7
Oslo - Blindern;SN18700;16.12.2023 01:00;-3,3
Oslo - Blindern;SN18700;16.12.2023 02:00;-3,4
Oslo - Blindern;SN18700;16.12.2023 03:00;-3
Oslo - Blindern;SN18700;16.12.2023 04:00;-2,9
Oslo - Blindern;SN18700;16.12.2023 05:00;-2,4
Oslo - Blindern;SN18700;16.12.2023 06:00;-2
Oslo - Blindern;SN18700;16.12.2023 07:00;-1,4
Oslo - Blindern;SN18700;16.12.2023 08:00;-0,8
Oslo - Blindern;SN18700;16.12.2023 09:00;-0,3
Oslo - Blindern;SN18700;16.12.2023 10:00;0,3
Oslo - Blindern;SN18700;16.12.2023 11:00;0,7
Oslo - Blindern;SN18700;16.12.2023 12:00;0,6
Oslo - Blindern;SN18700;16.12.2023 13:00;1,1
Oslo - Blindern;SN18700;16.12.2023 14:00;2,1
Oslo - Blindern;SN18700;16.12.2023 15:00;2,4
Oslo - Blindern;SN18700;16.12.2023 16:00;2,4
Oslo - Blindern;SN18700;16.12.2023 17:00;3,1
Oslo - Blindern;SN18700;16.12.2023 18:00;3,1
Oslo - Blindern;SN18700;16.12.2023 19:00;2,8
Oslo - Blindern;SN18700;16.12.2023 20:00;4,1
Oslo - Blindern;SN18700;16.12.2023 21:00;3,9
Oslo - Blindern;SN18700;16.12.2023 22:00;7
Oslo - Blindern;SN18700;16.12.2023 23:00;8,4
Oslo - Blindern;SN18700;17.12.2023 00:00;6,6
Oslo - Blindern;SN18700;17.12.2023 01:00;2,3
Oslo - Blindern;SN18700;17.12.2023 02:00;0,9
Oslo - Blindern;SN18700;17.12.2023 03:00;1,1
Oslo - Blindern;SN18700;17.12.2023 04:00;0,2
Oslo - Blindern;SN18700;17.12.2023 05:00;-0,2
Oslo - Blindern;SN18700;17.12.2023 06:00;-0,2
Oslo - Blindern;SN18700;17.12.2023 07:00;0
Oslo - Blindern;SN18700;17.12.2023 08:00;-0,1
Oslo - Blindern;SN18700;17.12.2023 09:00;0,5
Oslo - Blindern;SN18700;17.12.2023 10:00;0,3
Oslo - Blindern;SN18700;17.12.2023 11:00;0,4
Oslo - Blindern;SN18700;17.12.2023 12:00;0,7
Oslo - Blindern;SN18700;17.12.2023 13:00;1,5
Oslo - Blindern;SN18700;17.12.2023 14:00;2,3
Oslo - Blindern;SN18700;17.12.2023 15:00;3
Oslo - Blindern;SN18700;17.12.2023 16:00;2,6
Oslo - Blindern;SN18700;17.12.2023 17:00;1,1
Oslo - Blindern;SN18700;17.12.2023 18:00;1,8
Oslo - Blindern;SN18700;17.12.2023 19:00;1
Oslo - Blindern;SN18700;17.12.2023 20:00;1,3
Oslo - Blindern;SN18700;17.12.2023 21:00;0,9
Oslo - Blindern;SN18700;17.12.2023 22:00;0,8
Oslo - Blindern;SN18700;17.12.2023 23:00;0,8
Oslo - Blindern;SN18700;18.12.2023 00:00;0,9
Oslo - Blindern;SN18700;18.12.2023 01:00;0,9
Oslo - Blindern;SN18700;18.12.2023 02:00;0,4
Oslo - Blindern;SN18700;18.12.2023 03:00;1,7
Oslo - Blindern;SN18700;18.12.2023 04:00;1,1
Oslo - Blindern;SN18700;18.12.2023 05:00;0,9
Oslo - Blindern;SN18700;18.12.2023 06:00;0,5
Oslo - Blindern;SN18700;18.12.2023 07:00;1,1
Oslo - Blindern;SN18700;18.12.2023 08:00;1,1
Oslo - Blindern;SN18700;18.12.2023 09:00;1
Oslo - Blindern;SN18700;18.12.2023 10:00;1,3
Oslo - Blindern;SN18700;18.12.2023 11:00;1
Oslo - Blindern;SN18700;18.12.2023 12:00;1,1
Oslo - Blindern;SN18700;18.12.2023 13:00;0,8
Oslo - Blindern;SN18700;18.12.2023 14:00;1
Oslo - Blindern;SN18700;18.12.2023 15:00;1,3
Oslo - Blindern;SN18700;18.12.2023 16:00;1
Oslo - Blindern;SN18700;18.12.2023 17:00;0,9
Oslo - Blindern;SN18700;18.12.2023 18:00;0,5
Oslo - Blindern;SN18700;18.12.2023 19:00;1
Oslo - Blindern;SN18700;18.12.2023 20:00;1,4
Oslo - Blindern;SN18700;18.12.2023 21:00;1,6
Oslo - Blindern;SN18700;18.12.2023 22:00;2
Oslo - Blindern;SN18700;18.12.2023 23:00;2,4
Oslo - Blindern;SN18700;19.12.2023 00:00;2
Oslo - Blindern;SN18700;19.12.2023 01:00;2,7
Oslo - Blindern;SN18700;19.12.2023 02:00;2,6
Oslo - Blindern;SN18700;19.12.2023 03:00;1,4
Oslo - Blindern;SN18700;19.12.2023 04:00;0,5
Oslo - Blindern;SN18700;19.12.2023 05:00;2,8
Oslo - Blindern;SN18700;19.12.2023 06:00;3,8
Oslo - Blindern;SN18700;19.12.2023 07:00;2,8
Oslo - Blindern;SN18700;19.12.2023 08:00;2,1
Oslo - Blindern;SN18700;19.12.2023 09:00;1,4
Oslo - Blindern;SN18700;19.12.2023 10:00;0
Oslo - Blindern;SN18700;19.12.2023 11:00;3,2
Oslo - Blindern;SN18700;19.12.2023 12:00;2,4
Oslo - Blindern;SN18700;19.12.2023 13:00;1,8
Oslo - Blindern;SN18700;19.12.2023 14:00;1,4
Oslo - Blindern;SN18700;19.12.2023 15:00;1,2
Oslo - Blindern;SN18700;19.12.2023 16:00;1,1
Oslo - Blindern;SN18700;19.12.2023 17:00;-0,6
Oslo - Blindern;SN18700;19.12.2023 18:00;-1,8
Oslo - Blindern;SN18700;19.12.2023 19:00;-1,9
Oslo - Blindern;SN18700;19.12.2023 20:00;-2,9
Oslo - Blindern;SN18700;19.12.2023 21:00;-2,4
Oslo - Blindern;SN18700;19.12.2023 22:00;-1,9
Oslo - Blindern;SN18700;19.12.2023 23:00;-1,1
Oslo - Blindern;SN18700;20.12.2023 00:00;-0,7
Oslo - Blindern;SN18700;20.12.2023 01:00;-0,7
Oslo - Blindern;SN18700;20.12.2023 02:00;-0,4
Oslo - Blindern;SN18700;20.12.2023 03:00;-0,6
Oslo - Blindern;SN18700;20.12.2023 04:00;-0,9
Oslo - Blindern;SN18700;20.12.2023 05:00;-0,9
Oslo - Blindern;SN18700;20.12.2023 06:00;-0,7
Oslo - Blindern;SN18700;20.12.2023 07:00;-0,9
Oslo - Blindern;SN18700;20.12.2023 08:00;-0,4
Oslo - Blindern;SN18700;20.12.2023 09:00;-0,4
Oslo - Blindern;SN18700;20.12.2023 10:00;-0,5
Oslo - Blindern;SN18700;20.12.2023 11:00;-0,2
Oslo - Blindern;SN18700;20.12.2023 12:00;-0,1
Oslo - Blindern;SN18700;20.12.2023 13:00;0,2
Oslo - Blindern;SN18700;20.12.2023 14:00;0,7
Oslo - Blindern;SN18700;20.12.2023 15:00;-0,8
Oslo - Blindern;SN18700;20.12.2023 16:00;-1,5
Oslo - Blindern;SN18700;20.12.2023 17:00;-2,9
Oslo - Blindern;SN18700;20.12.2023 18:00;-4
Oslo - Blindern;SN18700;20.12.2023 19:00;-4,6
Oslo - Blindern;SN18700;20.12.2023 20:00;-5,5
Oslo - Blindern;SN18700;20.12.2023 21:00;-5,6
Oslo - Blindern;SN18700;20.12.2023 22:00;-5,7
Oslo - Blindern;SN18700;20.12.2023 23:00;-6,1
Oslo - Blindern;SN18700;21.12.2023 00:00;-7,1
Oslo - Blindern;SN18700;21.12.2023 01:00;-7,4
Oslo - Blindern;SN18700;21.12.2023 02:00;-7,9
Oslo - Blindern;SN18700;21.12.2023 03:00;-7
Oslo - Blindern;SN18700;21.12.2023 04:00;-7,7
Oslo - Blindern;SN18700;21.12.2023 05:00;-7,9
Oslo - Blindern;SN18700;21.12.2023 06:00;-6,6
Oslo - Blindern;SN18700;21.12.2023 07:00;-5,4
Oslo - Blindern;SN18700;21.12.2023 08:00;-5,4
Oslo - Blindern;SN18700;21.12.2023 09:00;-5
Oslo - Blindern;SN18700;21.12.2023 10:00;-4,4
Oslo - Blindern;SN18700;21.12.2023 11:00;-3,3
Oslo - Blindern;SN18700;21.12.2023 12:00;-2,5
Oslo - Blindern;SN18700;21.12.2023 13:00;-2,1
Oslo - Blindern;SN18700;21.12.2023 14:00;-2
Oslo - Blindern;SN18700;21.12.2023 15:00;-1,7
Oslo - Blindern;SN18700;21.12.2023 16:00;-1,5
Oslo - Blindern;SN18700;21.12.2023 17:00;-1,1
Oslo - Blindern;SN18700;21.12.2023 18:00;-1,7
Oslo - Blindern;SN18700;21.12.2023 19:00;-1,6
Oslo - Blindern;SN18700;21.12.2023 20:00;-1,7
Oslo - Blindern;SN18700;21.12.2023 21:00;-1,7
Oslo - Blindern;SN18700;21.12.2023 22:00;-1,5
Oslo - Blindern;SN18700;21.12.2023 23:00;-1,2
Oslo - Blindern;SN18700;22.12.2023 00:00;-1,4
Oslo - Blindern;SN18700;22.12.2023 01:00;-1,1
Oslo - Blindern;SN18700;22.12.2023 02:00;-0,9
Oslo - Blindern;SN18700;22.12.2023 03:00;-1
Oslo - Blindern;SN18700;22.12.2023 04:00;-0,9
Oslo - Blindern;SN18700;22.12.2023 05:00;-1,4
Oslo - Blindern;SN18700;22.12.2023 06:00;-1,6
Oslo - Blindern;SN18700;22.12.2023 07:00;-1,6
Oslo - Blindern;SN18700;22.12.2023 08:00;-1,2
Oslo - Blindern;SN18700;22.12.2023 09:00;-0,3
Oslo - Blindern;SN18700;22.12.2023 10:00;-0,6
Oslo - Blindern;SN18700;22.12.2023 11:00;-0,7
Oslo - Blindern;SN18700;22.12.2023 12:00;-0,3
Oslo - Blindern;SN18700;22.12.2023 13:00;0
Oslo - Blindern;SN18700;22.12.2023 14:00;-0,5
Oslo - Blindern;SN18700;22.12.2023 15:00;-0,8
Oslo - Blindern;SN18700;22.12.2023 16:00;-2,2
Oslo - Blindern;SN18700;22.12.2023 17:00;-2,4
Oslo - Blindern;SN18700;22.12.2023 18:00;-3,4
Oslo - Blindern;SN18700;22.12.2023 19:00;-4
Oslo - Blindern;SN18700;22.12.2023 20:00;-5,1
Oslo - Blindern;SN18700;22.12.2023 21:00;-4,4
Oslo - Blindern;SN18700;22.12.2023 22:00;-3
Oslo - Blindern;SN18700;22.12.2023 23:00;-2,7
Oslo - Blindern;SN18700;23.12.2023 00:00;-3,1
Oslo - Blindern;SN18700;23.12.2023 01:00;-4,7
Oslo - Blindern;SN18700;23.12.2023 02:00;-4,7
Oslo - Blindern;SN18700;23.12.2023 03:00;-5,2
Oslo - Blindern;SN18700;23.12.2023 04:00;-6,3
Oslo - Blindern;SN18700;23.12.2023 05:00;-5,9
Oslo - Blindern;SN18700;23.12.2023 06:00;-6,9
Oslo - Blindern;SN18700;23.12.2023 07:00;-7,2
Oslo - Blindern;SN18700;23.12.2023 08:00;-8,1
Oslo - Blindern;SN18700;23.12.2023 09:00;-7,4
Oslo - Blindern;SN18700;23.12.2023 10:00;-6,4
Oslo - Blindern;SN18700;23.12.2023 11:00;-5,8
Oslo - Blindern;SN18700;23.12.2023 12:00;-4,4
Oslo - Blindern;SN18700;23.12.2023 13:00;-3,5
Oslo - Blindern;SN18700;23.12.2023 14:00;-4,8
Oslo - Blindern;SN18700;23.12.2023 15:00;-4,8
Oslo - Blindern;SN18700;23.12.2023 16:00;-5,9
Oslo - Blindern;SN18700;23.12.2023 17:00;-5,2
Oslo - Blindern;SN18700;23.12.2023 18:00;-5,9
Oslo - Blindern;SN18700;23.12.2023 19:00;-7,7
Oslo - Blindern;SN18700;23.12.2023 20:00;-7,5
Oslo - Blindern;SN18700;23.12.2023 21:00;-8,3
Oslo - Blindern;SN18700;23.12.2023 22:00;-8,5
Oslo - Blindern;SN18700;23.12.2023 23:00;-9,2
Oslo - Blindern;SN18700;24.12.2023 00:00;-9,5
Oslo - Blindern;SN18700;24.12.2023 01:00;-10,1
Oslo - Blindern;SN18700;24.12.2023 02:00;-10,1
Oslo - Blindern;SN18700;24.12.2023 03:00;-10,4
Oslo - Blindern;SN18700;24.12.2023 04:00;-8,8
Oslo - Blindern;SN18700;24.12.2023 05:00;-9,2
Oslo - Blindern;SN18700;24.12.2023 06:00;-9,6
Oslo - Blindern;SN18700;24.12.2023 07:00;-9,5
Oslo - Blindern;SN18700;24.12.2023 08:00;-9
Oslo - Blindern;SN18700;24.12.2023 09:00;-8,8
Oslo - Blindern;SN18700;24.12.2023 10:00;-8,4
Oslo - Blindern;SN18700;24.12.2023 11:00;-7,7
Oslo - Blindern;SN18700;24.12.2023 12:00;-6
Oslo - Blindern;SN18700;24.12.2023 13:00;-4,9
Oslo - Blindern;SN18700;24.12.2023 14:00;-4,6
Oslo - Blindern;SN18700;24.12.2023 15:00;-5,4
Oslo - Blindern;SN18700;24.12.2023 16:00;-5,3
Oslo - Blindern;SN18700;24.12.2023 17:00;-4,8
Oslo - Blindern;SN18700;24.12.2023 18:00;-5,8
Oslo - Blindern;SN18700;24.12.2023 19:00;-5,2
Oslo - Blindern;SN18700;24.12.2023 20:00;-4,8
Oslo - Blindern;SN18700;24.12.2023 21:00;-4,4
Oslo - Blindern;SN18700;24.12.2023 22:00;-4,7
Oslo - Blindern;SN18700;24.12.2023 23:00;-4,8
Oslo - Blindern;SN18700;25.12.2023 00:00;-4,8
Oslo - Blindern;SN18700;25.12.2023 01:00;-5,1
Oslo - Blindern;SN18700;25.12.2023 02:00;-5,1
Oslo - Blindern;SN18700;25.12.2023 03:00;-5
Oslo - Blindern;SN18700;25.12.2023 04:00;-4,7
Oslo - Blindern;SN18700;25.12.2023 05:00;-4,9
Oslo - Blindern;SN18700;25.12.2023 06:00;-4,6
Oslo - Blindern;SN18700;25.12.2023 07:00;-4,6
Oslo - Blindern;SN18700;25.12.2023 08:00;-4,6
Oslo - Blindern;SN18700;25.12.2023 09:00;-4,3
Oslo - Blindern;SN18700;25.12.2023 10:00;-4
Oslo - Blindern;SN18700;25.12.2023 11:00;-4,2
Oslo - Blindern;SN18700;25.12.2023 12:00;-3,7
Oslo - Blindern;SN18700;25.12.2023 13:00;-2,8
Oslo - Blindern;SN18700;25.12.2023 14:00;-2,9
Oslo - Blindern;SN18700;25.12.2023 15:00;-4,5
Oslo - Blindern;SN18700;25.12.2023 16:00;-6,1
Oslo - Blindern;SN18700;25.12.2023 17:00;-6,9
Oslo - Blindern;SN18700;25.12.2023 18:00;-7,6
Oslo - Blindern;SN18700;25.12.2023 19:00;-8,3
Oslo - Blindern;SN18700;25.12.2023 20:00;-8,7
Oslo - Blindern;SN18700;25.12.2023 21:00;-9,4
Oslo - Blindern;SN18700;25.12.2023 22:00;-9,2
Oslo - Blindern;SN18700;25.12.2023 23:00;-9,8
Oslo - Blindern;SN18700;26.12.2023 00:00;-9,3
Oslo - Blindern;SN18700;26.12.2023 01:00;-9,6
Oslo - Blindern;SN18700;26.12.2023 02:00;-9,2
Oslo - Blindern;SN18700;26.12.2023 03:00;-9,3
Oslo - Blindern;SN18700;26.12.2023 04:00;-9,9
Oslo - Blindern;SN18700;26.12.2023 05:00;-9,9
Oslo - Blindern;SN18700;26.12.2023 06:00;-8,9
Oslo - Blindern;SN18700;26.12.2023 07:00;-10,4
Oslo - Blindern;SN18700;26.12.2023 08:00;-11,3
Oslo - Blindern;SN18700;26.12.2023 09:00;-11,3
Oslo - Blindern;SN18700;26.12.2023 10:00;-10,8
Oslo - Blindern;SN18700;26.12.2023 11:00;-9,6
Oslo - Blindern;SN18700;26.12.2023 12:00;-9,1
Oslo - Blindern;SN18700;26.12.2023 13:00;-6,9
Oslo - Blindern;SN18700;26.12.2023 14:00;-7,5
Oslo - Blindern;SN18700;26.12.2023 15:00;-8,2
Oslo - Blindern;SN18700;26.12.2023 16:00;-9,5
Oslo - Blindern;SN18700;26.12.2023 17:00;-10,1
Oslo - Blindern;SN18700;26.12.2023 18:00;-10
Oslo - Blindern;SN18700;26.12.2023 19:00;-9,9
Oslo - Blindern;SN18700;26.12.2023 20:00;-9,9
Oslo - Blindern;SN18700;26.12.2023 21:00;-10,2
Oslo - Blindern;SN18700;26.12.2023 22:00;-10,2
Oslo - Blindern;SN18700;26.12.2023 23:00;-10,7
Oslo - Blindern;SN18700;27.12.2023 00:00;-9,5
Oslo - Blindern;SN18700;27.12.2023 01:00;-8,8
Oslo - Blindern;SN18700;27.12.2023 02:00;-8,1
Oslo - Blindern;SN18700;27.12.2023 03:00;-7,4
Oslo - Blindern;SN18700;27.12.2023 04:00;-7,3
Oslo - Blindern;SN18700;27.12.2023 05:00;-8
Oslo - Blindern;SN18700;27.12.2023 06:00;-6,6
Oslo - Blindern;SN18700;27.12.2023 07:00;-7,6
Oslo - Blindern;SN18700;27.12.2023 08:00;-8
Oslo - Blindern;SN18700;27.12.2023 09:00;-7,8
Oslo - Blindern;SN18700;27.12.2023 10:00;-7,4
Oslo - Blindern;SN18700;27.12.2023 11:00;-6,5
Oslo - Blindern;SN18700;27.12.2023 12:00;-5,7
Oslo - Blindern;SN18700;27.12.2023 13:00;-3,8
Oslo - Blindern;SN18700;27.12.2023 14:00;-5,8
Oslo - Blindern;SN18700;27.12.2023 15:00;-6,8
Oslo - Blindern;SN18700;27.12.2023 16:00;-7,7
Oslo - Blindern;SN18700;27.12.2023 17:00;-8,2
Oslo - Blindern;SN18700;27.12.2023 18:00;-8,3
Oslo - Blindern;SN18700;27.12.2023 19:00;-6,8
Oslo - Blindern;SN18700;27.12.2023 20:00;-7,4
Oslo - Blindern;SN18700;27.12.2023 21:00;-7,6
Oslo - Blindern;SN18700;27.12.2023 22:00;-7,3
Oslo - Blindern;SN18700;27.12.2023 23:00;-5,4
Oslo - Blindern;SN18700;28.12.2023 00:00;-6,1
Oslo - Blindern;SN18700;28.12.2023 01:00;-3,9
Oslo - Blindern;SN18700;28.12.2023 02:00;-4,2
Oslo - Blindern;SN18700;28.12.2023 03:00;-3,9
Oslo - Blindern;SN18700;28.12.2023 04:00;-4,4
Oslo - Blindern;SN18700;28.12.2023 05:00;-5,1
Oslo - Blindern;SN18700;28.12.2023 06:00;-5,2
Oslo - Blindern;SN18700;28.12.2023 07:00;-4,5
Oslo - Blindern;SN18700;28.12.2023 08:00;-4
Oslo - Blindern;SN18700;28.12.2023 09:00;-4,1
Oslo - Blindern;SN18700;28.12.2023 10:00;-3,8
Oslo - Blindern;SN18700;28.12.2023 11:00;-3,7
Oslo - Blindern;SN18700;28.12.2023 12:00;-3,2
Oslo - Blindern;SN18700;28.12.2023 13:00;-3,2
Oslo - Blindern;SN18700;28.12.2023 14:00;-2,9
Oslo - Blindern;SN18700;28.12.2023 15:00;-3,1
Oslo - Blindern;SN18700;28.12.2023 16:00;-4,3
Oslo - Blindern;SN18700;28.12.2023 17:00;-5,2
Oslo - Blindern;SN18700;28.12.2023 18:00;-6,4
Oslo - Blindern;SN18700;28.12.2023 19:00;-6,2
Oslo - Blindern;SN18700;28.12.2023 20:00;-5,8
Oslo - Blindern;SN18700;28.12.2023 21:00;-5,3
Oslo - Blindern;SN18700;28.12.2023 22:00;-5
Oslo - Blindern;SN18700;28.12.2023 23:00;-4,5
Oslo - Blindern;SN18700;29.12.2023 00:00;-4,3
Oslo - Blindern;SN18700;29.12.2023 01:00;-4,2
Oslo - Blindern;SN18700;29.12.2023 02:00;-3,9
Oslo - Blindern;SN18700;29.12.2023 03:00;-3,7
Oslo - Blindern;SN18700;29.12.2023 04:00;-3,3
Oslo - Blindern;SN18700;29.12.2023 05:00;-2,8
Oslo - Blindern;SN18700;29.12.2023 06:00;-2,5
Oslo - Blindern;SN18700;29.12.2023 07:00;-3
Oslo - Blindern;SN18700;29.12.2023 08:00;-3,2
Oslo - Blindern;SN18700;29.12.2023 09:00;-2,6
Oslo - Blindern;SN18700;29.12.2023 10:00;-2,2
Oslo - Blindern;SN18700;29.12.2023 11:00;-2,2
Oslo - Blindern;SN18700;29.12.2023 12:00;-2,7
Oslo - Blindern;SN18700;29.12.2023 13:00;-2
Oslo - Blindern;SN18700;29.12.2023 14:00;-2
Oslo - Blindern;SN18700;29.12.2023 15:00;-2,1
Oslo - Blindern;SN18700;29.12.2023 16:00;-2,6
Oslo - Blindern;SN18700;29.12.2023 17:00;-3,2
Oslo - Blindern;SN18700;29.12.2023 18:00;-4,2
Oslo - Blindern;SN18700;29.12.2023 19:00;-5,3
Oslo - Blindern;SN18700;29.12.2023 20:00;-5,5
Oslo - Blindern;SN18700;29.12.2023 21:00;-6,4
Oslo - Blindern;SN18700;29.12.2023 22:00;-6,2
Oslo - Blindern;SN18700;29.12.2023 23:00;-5,5
Oslo - Blindern;SN18700;30.12.2023 00:00;-4,6
Oslo - Blindern;SN18700;30.12.2023 01:00;-4,5
Oslo - Blindern;SN18700;30.12.2023 02:00;-4,4
Oslo - Blindern;SN18700;30.12.2023 03:00;-4,3
Oslo - Blindern;SN18700;30.12.2023 04:00;-4,1
Oslo - Blindern;SN18700;30.12.2023 05:00;-4,2
Oslo - Blindern;SN18700;30.12.2023 06:00;-3,6
Oslo - Blindern;SN18700;30.12.2023 07:00;-3,7
Oslo - Blindern;SN18700;30.12.2023 08:00;-3,7
Oslo - Blindern;SN18700;30.12.2023 09:00;-3,5
Oslo - Blindern;SN18700;30.12.2023 10:00;-2,9
Oslo - Blindern;SN18700;30.12.2023 11:00;-2,7
Oslo - Blindern;SN18700;30.12.2023 12:00;-2,2
Oslo - Blindern;SN18700;30.12.2023 13:00;-0,4
Oslo - Blindern;SN18700;30.12.2023 14:00;0
Oslo - Blindern;SN18700;30.12.2023 15:00;-0,1
Oslo - Blindern;SN18700;30.12.2023 16:00;-0,3
Oslo - Blindern;SN18700;30.12.2023 17:00;-0,5
Oslo - Blindern;SN18700;30.12.2023 18:00;-0,5
Oslo - Blindern;SN18700;30.12.2023 19:00;-0,5
Oslo - Blindern;SN18700;30.12.2023 20:00;-0,7
Oslo - Blindern;SN18700;30.12.2023 21:00;-0,8
Oslo - Blindern;SN18700;30.12.2023 22:00;-0,9
Oslo - Blindern;SN18700;30.12.2023 23:00;-1
Oslo - Blindern;SN18700;31.12.2023 00:00;-1,2
Oslo - Blindern;SN18700;31.12.2023 01:00;-1,4
Oslo - Blindern;SN18700;31.12.2023 02:00;-1,4
Oslo - Blindern;SN18700;31.12.2023 03:00;-1,7
Oslo - Blindern;SN18700;31.12.2023 04:00;-1,8
Oslo - Blindern;SN18700;31.12.2023 05:00;-1,9
Oslo - Blindern;SN18700;31.12.2023 06:00;-2
Oslo - Blindern;SN18700;31.12.2023 07:00;-2,1
Oslo - Blindern;SN18700;31.12.2023 08:00;-2,2
Oslo - Blindern;SN18700;31.12.2023 09:00;-2,4
Oslo - Blindern;SN18700;31.12.2023 10:00;-2,4
Oslo - Blindern;SN18700;31.12.2023 11:00;-2,4
Oslo - Blindern;SN18700;31.12.2023 12:00;-2,5
Oslo - Blindern;SN18700;31.12.2023 13:00;-3,1
Oslo - Blindern;SN18700;31.12.2023 14:00;-3,3
Oslo - Blindern;SN18700;31.12.2023 15:00;-3,5
Oslo - Blindern;SN18700;31.12.2023 16:00;-3,7
Oslo - Blindern;SN18700;31.12.2023 17:00;-4
Oslo - Blindern;SN18700;31.12.2023 18:00;-4,4
Oslo - Blindern;SN18700;31.12.2023 19:00;-4,7
Oslo - Blindern;SN18700;31.12.2023 20:00;-4,6
Oslo - Blindern;SN18700;31.12.2023 21:00;-4,5
Oslo - Blindern;SN18700;31.12.2023 22:00;-4,5
Oslo - Blindern;SN18700;31.12.2023 23:00;-4,4
Oslo - Blindern;SN18700;01.01.2024 00:00;-4
Oslo - Blindern;SN18700;01.01.2024 01:00;-3,9
Oslo - Blindern;SN18700;01.01.2024 02:00;-3,9
Oslo - Blindern;SN18700;01.01.2024 03:00;-4,1
Oslo - Blindern;SN18700;01.01.2024 04:00;-4,4
Oslo - Blindern;SN18700;01.01.2024 05:00;-4,6
Oslo - Blindern;SN18700;01.01.2024 06:00;-4,9
Oslo - Blindern;SN18700;01.01.2024 07:00;-4,9
Oslo - Blindern;SN18700;01.01.2024 08:00;-5,2
Oslo - Blindern;SN18700;01.01.2024 09:00;-5,3
Oslo - Blindern;SN18700;01.01.2024 10:00;-5,4
Oslo - Blindern;SN18700;01.01.2024 11:00;-5,6
Oslo - Blindern;SN18700;01.01.2024 12:00;-5,6
Oslo - Blindern;SN18700;01.01.2024 13:00;-5,4
Oslo - Blindern;SN18700;01.01.2024 14:00;-5,2
Oslo - Blindern;SN18700;01.01.2024 15:00;-4,9
Oslo - Blindern;SN18700;01.01.2024 16:00;-4,8
Oslo - Blindern;SN18700;01.01.2024 17:00;-4,8
Oslo - Blindern;SN18700;01.01.2024 18:00;-4,7
Oslo - Blindern;SN18700;01.01.2024 19:00;-4,8
Oslo - Blindern;SN18700;01.01.2024 20:00;-4,9
Oslo - Blindern;SN18700;01.01.2024 21:00;-4,9
Oslo - Blindern;SN18700;01.01.2024 22:00;-4,9
Oslo - Blindern;SN18700;01.01.2024 23:00;-4,8
Oslo - Blindern;SN18700;02.01.2024 00:00;-5
Oslo - Blindern;SN18700;02.01.2024 01:00;-5,2
Oslo - Blindern;SN18700;02.01.2024 02:00;-5,4
Oslo - Blindern;SN18700;02.01.2024 03:00;-5,5
Oslo - Blindern;SN18700;02.01.2024 04:00;-5,8
Oslo - Blindern;SN18700;02.01.2024 05:00;-6,2
Oslo - Blindern;SN18700;02.01.2024 06:00;-6,5
Oslo - Blindern;SN18700;02.01.2024 07:00;-6,7
Oslo - Blindern;SN18700;02.01.2024 08:00;-6,9
Oslo - Blindern;SN18700;02.01.2024 09:00;-7,1
Oslo - Blindern;SN18700;02.01.2024 10:00;-7,5
Oslo - Blindern;SN18700;02.01.2024 11:00;-7,8
Oslo - Blindern;SN18700;02.01.2024 12:00;-8,2
Oslo - Blindern;SN18700;02.01.2024 13:00;-8,3
Oslo - Blindern;SN18700;02.01.2024 14:00;-8,3
Oslo - Blindern;SN18700;02.01.2024 15:00;-8,4
Oslo - Blindern;SN18700;02.01.2024 16:00;-8,3
Oslo - Blindern;SN18700;02.01.2024 17:00;-8,3
Oslo - Blindern;SN18700;02.01.2024 18:00;-8,3
Oslo - Blindern;SN18700;02.01.2024 19:00;-8,4
Oslo - Blindern;SN18700;02.01.2024 20:00;-8,2
Oslo - Blindern;SN18700;02.01.2024 21:00;-8,2
Oslo - Blindern;SN18700;02.01.2024 22:00;-8
Oslo - Blindern;SN18700;02.01.2024 23:00;-7,8
Oslo - Blindern;SN18700;03.01.2024 00:00;-7,7
Oslo - Blindern;SN18700;03.01.2024 01:00;-7,7
Oslo - Blindern;SN18700;03.01.2024 02:00;-8
Oslo - Blindern;SN18700;03.01.2024 03:00;-8,2
Oslo - Blindern;SN18700;03.01.2024 04:00;-8,4
Oslo - Blindern;SN18700;03.01.2024 05:00;-8,3
Oslo - Blindern;SN18700;03.01.2024 06:00;-8,4
Oslo - Blindern;SN18700;03.01.2024 07:00;-8,5
Oslo - Blindern;SN18700;03.01.2024 08:00;-8,6
Oslo - Blindern;SN18700;03.01.2024 09:00;-8,7
Oslo - Blindern;SN18700;03.01.2024 10:00;-8,8
Oslo - Blindern;SN18700;03.01.2024 11:00;-8,7
Oslo - Blindern;SN18700;03.01.2024 12:00;-8,7
Oslo - Blindern;SN18700;03.01.2024 13:00;-8,6
Oslo - Blindern;SN18700;03.01.2024 14:00;-8,5
Oslo - Blindern;SN18700;03.01.2024 15:00;-8,5
Oslo - Blindern;SN18700;03.01.2024 16:00;-8,5
Oslo - Blindern;SN18700;03.01.2024 17:00;-8,6
Oslo - Blindern;SN18700;03.01.2024 18:00;-8,5
Oslo - Blindern;SN18700;03.01.2024 19:00;-8,6
Oslo - Blindern;SN18700;03.01.2024 20:00;-8,7
Oslo - Blindern;SN18700;03.01.2024 21:00;-8,8
Oslo - Blindern;SN18700;03.01.2024 22:00;-8,8
Oslo - Blindern;SN18700;03.01.2024 23:00;-8,9
Oslo - Blindern;SN18700;04.01.2024 00:00;-9
Oslo - Blindern;SN18700;04.01.2024 01:00;-9
Oslo - Blindern;SN18700;04.01.2024 02:00;-8,8
Oslo - Blindern;SN18700;04.01.2024 03:00;-8,8
Oslo - Blindern;SN18700;04.01.2024 04:00;-8,9
Oslo - Blindern;SN18700;04.01.2024 05:00;-9
Oslo - Blindern;SN18700;04.01.2024 06:00;-8,8
Oslo - Blindern;SN18700;04.01.2024 07:00;-9,1
Oslo - Blindern;SN18700;04.01.2024 08:00;-9,3
Oslo - Blindern;SN18700;04.01.2024 09:00;-9,5
Oslo - Blindern;SN18700;04.01.2024 10:00;-9,5
Oslo - Blindern;SN18700;04.01.2024 11:00;-9,3
Oslo - Blindern;SN18700;04.01.2024 12:00;-9,8
Oslo - Blindern;SN18700;04.01.2024 13:00;-9,7
Oslo - Blindern;SN18700;04.01.2024 14:00;-10
Oslo - Blindern;SN18700;04.01.2024 15:00;-10,7
Oslo - Blindern;SN18700;04.01.2024 16:00;-11,4
Oslo - Blindern;SN18700;04.01.2024 17:00;-12,1
Oslo - Blindern;SN18700;04.01.2024 18:00;-12,4
Oslo - Blindern;SN18700;04.01.2024 19:00;-12,4
Oslo - Blindern;SN18700;04.01.2024 20:00;-12,7
Oslo - Blindern;SN18700;04.01.2024 21:00;-12,5
Oslo - Blindern;SN18700;04.01.2024 22:00;-12,1
Oslo - Blindern;SN18700;04.01.2024 23:00;-12
Oslo - Blindern;SN18700;05.01.2024 00:00;-12,6
Oslo - Blindern;SN18700;05.01.2024 01:00;-12,8
Oslo - Blindern;SN18700;05.01.2024 02:00;-13,3
Oslo - Blindern;SN18700;05.01.2024 03:00;-13,2
Oslo - Blindern;SN18700;05.01.2024 04:00;-14,5
Oslo - Blindern;SN18700;05.01.2024 05:00;-14,9
Oslo - Blindern;SN18700;05.01.2024 06:00;-14,8
Oslo - Blindern;SN18700;05.01.2024 07:00;-17
Oslo - Blindern;SN18700;05.01.2024 08:00;-17,5
Oslo - Blindern;SN18700;05.01.2024 09:00;-17,3
Oslo - Blindern;SN18700;05.01.2024 10:00;-17,7
Oslo - Blindern;SN18700;05.01.2024 11:00;-16,2
Oslo - Blindern;SN18700;05.01.2024 12:00;-14,8
Oslo - Blindern;SN18700;05.01.2024 13:00;-13,5
Oslo - Blindern;SN18700;05.01.2024 14:00;-14,3
Oslo - Blindern;SN18700;05.01.2024 15:00;-15,4
Oslo - Blindern;SN18700;05.01.2024 16:00;-16,4
Oslo - Blindern;SN18700;05.01.2024 17:00;-17,3
Oslo - Blindern;SN18700;05.01.2024 18:00;-18,1
Oslo - Blindern;SN18700;05.01.2024 19:00;-18,9
Oslo - Blindern;SN18700;05.01.2024 20:00;-19,7
Oslo - Blindern;SN18700;05.01.2024 21:00;-20,1
Oslo - Blindern;SN18700;05.01.2024 22:00;-20,7
Oslo - Blindern;SN18700;05.01.2024 23:00;-21
Oslo - Blindern;SN18700;06.01.2024 00:00;-21
Oslo - Blindern;SN18700;06.01.2024 01:00;-21,5
Oslo - Blindern;SN18700;06.01.2024 02:00;-21,6
Oslo - Blindern;SN18700;06.01.2024 03:00;-22,3
Oslo - Blindern;SN18700;06.01.2024 04:00;-21,6
Oslo - Blindern;SN18700;06.01.2024 05:00;-22,5
Oslo - Blindern;SN18700;06.01.2024 06:00;-22,9
Oslo - Blindern;SN18700;06.01.2024 07:00;-21,6
Oslo - Blindern;SN18700;06.01.2024 08:00;-21,9
Oslo - Blindern;SN18700;06.01.2024 09:00;-21,2
Oslo - Blindern;SN18700;06.01.2024 10:00;-20,3
Oslo - Blindern;SN18700;06.01.2024 11:00;-18,5
Oslo - Blindern;SN18700;06.01.2024 12:00;-15,9
Oslo - Blindern;SN18700;06.01.2024 13:00;-16,7
Oslo - Blindern;SN18700;06.01.2024 14:00;-16,6
Oslo - Blindern;SN18700;06.01.2024 15:00;-16,5
Oslo - Blindern;SN18700;06.01.2024 16:00;-16,7
Oslo - Blindern;SN18700;06.01.2024 17:00;-16,3
Oslo - Blindern;SN18700;06.01.2024 18:00;-16,7
Oslo - Blindern;SN18700;06.01.2024 19:00;-16,2
Oslo - Blindern;SN18700;06.01.2024 20:00;-17
Oslo - Blindern;SN18700;06.01.2024 21:00;-16,8
Oslo - Blindern;SN18700;06.01.2024 22:00;-16,3
Oslo - Blindern;SN18700;06.01.2024 23:00;-17,1
Oslo - Blindern;SN18700;07.01.2024 00:00;-16,5
Oslo - Blindern;SN18700;07.01.2024 01:00;-17,3
Oslo - Blindern;SN18700;07.01.2024 02:00;-17,3
Oslo - Blindern;SN18700;07.01.2024 03:00;-17,7
Oslo - Blindern;SN18700;07.01.2024 04:00;-17,8
Oslo - Blindern;SN18700;07.01.2024 05:00;-17,1
Oslo - Blindern;SN18700;07.01.2024 06:00;-17,4
Oslo - Blindern;SN18700;07.01.2024 07:00;-17,4
Oslo - Blindern;SN18700;07.01.2024 08:00;-18
Oslo - Blindern;SN18700;07.01.2024 09:00;-18,1
Oslo - Blindern;SN18700;07.01.2024 10:00;-17,2
Oslo - Blindern;SN18700;07.01.2024 11:00;-16,1
Oslo - Blindern;SN18700;07.01.2024 12:00;-14,8
Oslo - Blindern;SN18700;07.01.2024 13:00;-13,5
Oslo - Blindern;SN18700;07.01.2024 14:00;-13,7
Oslo - Blindern;SN18700;07.01.2024 15:00;-14,1
Oslo - Blindern;SN18700;07.01.2024 16:00;-15,2
Oslo - Blindern;SN18700;07.01.2024 17:00;-16,2
Oslo - Blindern;SN18700;07.01.2024 18:00;-16,9
Oslo - Blindern;SN18700;07.01.2024 19:00;-16,9
Oslo - Blindern;SN18700;07.01.2024 20:00;-17,1
Oslo - Blindern;SN18700;07.01.2024 21:00;-17,3
Oslo - Blindern;SN18700;07.01.2024 22:00;-17,6
Oslo - Blindern;SN18700;07.01.2024 23:00;-18,6
Oslo - Blindern;SN18700;08.01.2024 00:00;-18,2
Oslo - Blindern;SN18700;08.01.2024 01:00;-17,4
Oslo - Blindern;SN18700;08.01.2024 02:00;-18,9
Oslo - Blindern;SN18700;08.01.2024 03:00;-18,2
Oslo - Blindern;SN18700;08.01.2024 04:00;-18,8
Oslo - Blindern;SN18700;08.01.2024 05:00;-18,8
Oslo - Blindern;SN18700;08.01.2024 06:00;-18,6
Oslo - Blindern;SN18700;08.01.2024 07:00;-17,5
Oslo - Blindern;SN18700;08.01.2024 08:00;-17,7
Oslo - Blindern;SN18700;08.01.2024 09:00;-17,4
Oslo - Blindern;SN18700;08.01.2024 10:00;-16,9
Oslo - Blindern;SN18700;08.01.2024 11:00;-14,7
Oslo - Blindern;SN18700;08.01.2024 12:00;-13
Oslo - Blindern;SN18700;08.01.2024 13:00;-12,2
Oslo - Blindern;SN18700;08.01.2024 14:00;-11,8
Oslo - Blindern;SN18700;08.01.2024 15:00;-11,4
Oslo - Blindern;SN18700;08.01.2024 16:00;-11,7
Oslo - Blindern;SN18700;08.01.2024 17:00;-12
Oslo - Blindern;SN18700;08.01.2024 18:00;-12,7
Oslo - Blindern;SN18700;08.01.2024 19:00;-13,3
Oslo - Blindern;SN18700;08.01.2024 20:00;-12,9
Oslo - Blindern;SN18700;08.01.2024 21:00;-13,3
Oslo - Blindern;SN18700;08.01.2024 22:00;-13,3
Oslo - Blindern;SN18700;08.01.2024 23:00;-13
Oslo - Blindern;SN18700;09.01.2024 00:00;-12,9
Oslo - Blindern;SN18700;09.01.2024 01:00;-12,7
Oslo - Blindern;SN18700;09.01.2024 02:00;-12,7
Oslo - Blindern;SN18700;09.01.2024 03:00;-12,3
Oslo - Blindern;SN18700;09.01.2024 04:00;-12,3
Oslo - Blindern;SN18700;09.01.2024 05:00;-12,8
Oslo - Blindern;SN18700;09.01.2024 06:00;-13,3
Oslo - Blindern;SN18700;09.01.2024 07:00;-13,3
Oslo - Blindern;SN18700;09.01.2024 08:00;-12,2
Oslo - Blindern;SN18700;09.01.2024 09:00;-10,8
Oslo - Blindern;SN18700;09.01.2024 10:00;-9,8
Oslo - Blindern;SN18700;09.01.2024 11:00;-8,4
Oslo - Blindern;SN18700;09.01.2024 12:00;-8
Oslo - Blindern;SN18700;09.01.2024 13:00;-7,1
Oslo - Blindern;SN18700;09.01.2024 14:00;-7
Oslo - Blindern;SN18700;09.01.2024 15:00;-6,9
Oslo - Blindern;SN18700;09.01.2024 16:00;-7,7
Oslo - Blindern;SN18700;09.01.2024 17:00;-7,3
Oslo - Blindern;SN18700;09.01.2024 18:00;-6,2
Oslo - Blindern;SN18700;09.01.2024 19:00;-5,7
Oslo - Blindern;SN18700;09.01.2024 20:00;-5,3
Oslo - Blindern;SN18700;09.01.2024 21:00;-6
Oslo - Blindern;SN18700;09.01.2024 22:00;-6,4
Oslo - Blindern;SN18700;09.01.2024 23:00;-6,5
Oslo - Blindern;SN18700;10.01.2024 00:00;-7,1
Oslo - Blindern;SN18700;10.01.2024 01:00;-7,3
Oslo - Blindern;SN18700;10.01.2024 02:00;-6,8
Oslo - Blindern;SN18700;10.01.2024 03:00;-7,8
Oslo - Blindern;SN18700;10.01.2024 04:00;-8,6
Oslo - Blindern;SN18700;10.01.2024 05:00;-8,1
Oslo - Blindern;SN18700;10.01.2024 06:00;-8,3
Oslo - Blindern;SN18700;10.01.2024 07:00;-8,2
Oslo - Blindern;SN18700;10.01.2024 08:00;-8,7
Oslo - Blindern;SN18700;10.01.2024 09:00;-8,2
Oslo - Blindern;SN18700;10.01.2024 10:00;-8,2
Oslo - Blindern;SN18700;10.01.2024 11:00;-6
Oslo - Blindern;SN18700;10.01.2024 12:00;-4,8
Oslo - Blindern;SN18700;10.01.2024 13:00;-3,5
Oslo - Blindern;SN18700;10.01.2024 14:00;-3,7
Oslo - Blindern;SN18700;10.01.2024 15:00;-3,9
Oslo - Blindern;SN18700;10.01.2024 16:00;-4,9
Oslo - Blindern;SN18700;10.01.2024 17:00;-6
Oslo - Blindern;SN18700;10.01.2024 18:00;-6,1
Oslo - Blindern;SN18700;10.01.2024 19:00;-5,6
Oslo - Blindern;SN18700;10.01.2024 20:00;-5,7
Oslo - Blindern;SN18700;10.01.2024 21:00;-5,1
Oslo - Blindern;SN18700;10.01.2024 22:00;-4,7
Oslo - Blindern;SN18700;10.01.2024 23:00;-4,7
Oslo - Blindern;SN18700;11.01.2024 00:00;-4,4
Oslo - Blindern;SN18700;11.01.2024 01:00;-3,9
Oslo - Blindern;SN18700;11.01.2024 02:00;-3,8
Oslo - Blindern;SN18700;11.01.2024 03:00;-3,1
Oslo - Blindern;SN18700;11.01.2024 04:00;-3,1
Oslo - Blindern;SN18700;11.01.2024 05:00;5,4
Oslo - Blindern;SN18700;11.01.2024 06:00;2,4
Oslo - Blindern;SN18700;11.01.2024 07:00;7,7
Oslo - Blindern;SN18700;11.01.2024 08:00;2,7
Oslo - Blindern;SN18700;11.01.2024 09:00;5,7
Oslo - Blindern;SN18700;11.01.2024 10:00;6,4
Oslo - Blindern;SN18700;11.01.2024 11:00;6
Oslo - Blindern;SN18700;11.01.2024 12:00;7,6
Oslo - Blindern;SN18700;11.01.2024 13:00;5,7
Oslo - Blindern;SN18700;11.01.2024 14:00;5,6
Oslo - Blindern;SN18700;11.01.2024 15:00;4,9
Oslo - Blindern;SN18700;11.01.2024 16:00;3,1
Oslo - Blindern;SN18700;11.01.2024 17:00;0,7
Oslo - Blindern;SN18700;11.01.2024 18:00;-0,1
Oslo - Blindern;SN18700;11.01.2024 19:00;-1,2
Oslo - Blindern;SN18700;11.01.2024 20:00;-1,5
Oslo - Blindern;SN18700;11.01.2024 21:00;-1,3
Oslo - Blindern;SN18700;11.01.2024 22:00;-2,4
Oslo - Blindern;SN18700;11.01.2024 23:00;-3,2
Oslo - Blindern;SN18700;12.01.2024 00:00;-3,9
Oslo - Blindern;SN18700;12.01.2024 01:00;-4,4
Oslo - Blindern;SN18700;12.01.2024 02:00;-4,5
Oslo - Blindern;SN18700;12.01.2024 03:00;-5,7
Oslo - Blindern;SN18700;12.01.2024 04:00;-6
Oslo - Blindern;SN18700;12.01.2024 05:00;-6,1
Oslo - Blindern;SN18700;12.01.2024 06:00;-5,7
Oslo - Blindern;SN18700;12.01.2024 07:00;-5,8
Oslo - Blindern;SN18700;12.01.2024 08:00;-5,1
Oslo - Blindern;SN18700;12.01.2024 09:00;-4,6
Oslo - Blindern;SN18700;12.01.2024 10:00;-3,8
Oslo - Blindern;SN18700;12.01.2024 11:00;-3,3
Oslo - Blindern;SN18700;12.01.2024 12:00;-2,3
Oslo - Blindern;SN18700;12.01.2024 13:00;-2,2
Oslo - Blindern;SN18700;12.01.2024 14:00;-1,7
Oslo - Blindern;SN18700;12.01.2024 15:00;-1,9
Oslo - Blindern;SN18700;12.01.2024 16:00;-2,1
Oslo - Blindern;SN18700;12.01.2024 17:00;-2,9
Oslo - Blindern;SN18700;12.01.2024 18:00;-3,7
Oslo - Blindern;SN18700;12.01.2024 19:00;-3,8
Oslo - Blindern;SN18700;12.01.2024 20:00;-4,4
Oslo - Blindern;SN18700;12.01.2024 21:00;-4,9
Oslo - Blindern;SN18700;12.01.2024 22:00;-6,2
Oslo - Blindern;SN18700;12.01.2024 23:00;-6,6
Oslo - Blindern;SN18700;13.01.2024 00:00;-6,4
Oslo - Blindern;SN18700;13.01.2024 01:00;-5,7
Oslo - Blindern;SN18700;13.01.2024 02:00;-5
Oslo - Blindern;SN18700;13.01.2024 03:00;-5,1
Oslo - Blindern;SN18700;13.01.2024 04:00;-4,8
Oslo - Blindern;SN18700;13.01.2024 05:00;-4,8
Oslo - Blindern;SN18700;13.01.2024 06:00;-4,6
Oslo - Blindern;SN18700;13.01.2024 07:00;-4,3
Oslo - Blindern;SN18700;13.01.2024 08:00;-4,4
Oslo - Blindern;SN18700;13.01.2024 09:00;-4,3
Oslo - Blindern;SN18700;13.01.2024 10:00;-4,1
Oslo - Blindern;SN18700;13.01.2024 11:00;-4,2
Oslo - Blindern;SN18700;13.01.2024 12:00;-3,8
Oslo - Blindern;SN18700;13.01.2024 13:00;-3,4
Oslo - Blindern;SN18700;13.01.2024 14:00;-3
Oslo - Blindern;SN18700;13.01.2024 15:00;-3,1
Oslo - Blindern;SN18700;13.01.2024 16:00;-3,8
Oslo - Blindern;SN18700;13.01.2024 17:00;-3,8
Oslo - Blindern;SN18700;13.01.2024 18:00;-4,2
Oslo - Blindern;SN18700;13.01.2024 19:00;-4
Oslo - Blindern;SN18700;13.01.2024 20:00;-3,6
Oslo - Blindern;SN18700;13.01.2024 21:00;-3,6
Oslo - Blindern;SN18700;13.01.2024 22:00;-3,7
Oslo - Blindern;SN18700;13.01.2024 23:00;-3,8
Oslo - Blindern;SN18700;14.01.2024 00:00;-3,7
Oslo - Blindern;SN18700;14.01.2024 01:00;-3,6
Oslo - Blindern;SN18700;14.01.2024 02:00;-3,9
Oslo - Blindern;SN18700;14.01.2024 03:00;-3,9
Oslo - Blindern;SN18700;14.01.2024 04:00;-3,7
Oslo - Blindern;SN18700;14.01.2024 05:00;-3,3
Oslo - Blindern;SN18700;14.01.2024 06:00;-3,7
Oslo - Blindern;SN18700;14.01.2024 07:00;-3,6
Oslo - Blindern;SN18700;14.01.2024 08:00;-3,4
Oslo - Blindern;SN18700;14.01.2024 09:00;-2,8
Oslo - Blindern;SN18700;14.01.2024 10:00;-2,6
Oslo - Blindern;SN18700;14.01.2024 11:00;-2,4
Oslo - Blindern;SN18700;14.01.2024 12:00;-1,4
Oslo - Blindern;SN18700;14.01.2024 13:00;-0,7
Oslo - Blindern;SN18700;14.01.2024 14:00;-0,6
Oslo - Blindern;SN18700;14.01.2024 15:00;-0,6
Oslo - Blindern;SN18700;14.01.2024 16:00;-1,3
Oslo - Blindern;SN18700;14.01.2024 17:00;-1,4
Oslo - Blindern;SN18700;14.01.2024 18:00;-1,2
Oslo - Blindern;SN18700;14.01.2024 19:00;-0,3
Oslo - Blindern;SN18700;14.01.2024 20:00;-1
Oslo - Blindern;SN18700;14.01.2024 21:00;-2,3
Oslo - Blindern;SN18700;14.01.2024 22:00;-2,7
Oslo - Blindern;SN18700;14.01.2024 23:00;-3,1
Oslo - Blindern;SN18700;15.01.2024 00:00;-3,7
Oslo - Blindern;SN18700;15.01.2024 01:00;-4,4
Oslo - Blindern;SN18700;15.01.2024 02:00;-4,9
Oslo - Blindern;SN18700;15.01.2024 03:00;-5,5
Oslo - Blindern;SN18700;15.01.2024 04:00;-6
Oslo - Blindern;SN18700;15.01.2024 05:00;-8,2
Oslo - Blindern;SN18700;15.01.2024 06:00;-9,4
Oslo - Blindern;SN18700;15.01.2024 07:00;-9,5
Oslo - Blindern;SN18700;15.01.2024 08:00;-10,1
Oslo - Blindern;SN18700;15.01.2024 09:00;-10,6
Oslo - Blindern;SN18700;15.01.2024 10:00;-10,8
Oslo - Blindern;SN18700;15.01.2024 11:00;-8,1
Oslo - Blindern;SN18700;15.01.2024 12:00;-7,2
Oslo - Blindern;SN18700;15.01.2024 13:00;-6,2
Oslo - Blindern;SN18700;15.01.2024 14:00;-6,8
Oslo - Blindern;SN18700;15.01.2024 15:00;-7,4
Oslo - Blindern;SN18700;15.01.2024 16:00;-9,3
Oslo - Blindern;SN18700;15.01.2024 17:00;-10,2
Oslo - Blindern;SN18700;15.01.2024 18:00;-10,9
Oslo - Blindern;SN18700;15.01.2024 19:00;-12,3
Oslo - Blindern;SN18700;15.01.2024 20:00;-12,7
Oslo - Blindern;SN18700;15.01.2024 21:00;-13,1
Oslo - Blindern;SN18700;15.01.2024 22:00;-13,6
Oslo - Blindern;SN18700;15.01.2024 23:00;-13,7
Oslo - Blindern;SN18700;16.01.2024 00:00;-13,8
Oslo - Blindern;SN18700;16.01.2024 01:00;-15,8
Oslo - Blindern;SN18700;16.01.2024 02:00;-16,1
Oslo - Blindern;SN18700;16.01.2024 03:00;-16,8
Oslo - Blindern;SN18700;16.01.2024 04:00;-17,1
Oslo - Blindern;SN18700;16.01.2024 05:00;-17,5
Oslo - Blindern;SN18700;16.01.2024 06:00;-18,6
Oslo - Blindern;SN18700;16.01.2024 07:00;-17,2
Oslo - Blindern;SN18700;16.01.2024 08:00;-15,7
Oslo - Blindern;SN18700;16.01.2024 09:00;-14,8
Oslo - Blindern;SN18700;16.01.2024 10:00;-13,7
Oslo - Blindern;SN18700;16.01.2024 11:00;-12,6
Oslo - Blindern;SN18700;16.01.2024 12:00;-11,7
Oslo - Blindern;SN18700;16.01.2024 13:00;-11,2
Oslo - Blindern;SN18700;16.01.2024 14:00;-10,8
Oslo - Blindern;SN18700;16.01.2024 15:00;-10,3
Oslo - Blindern;SN18700;16.01.2024 16:00;-10
Oslo - Blindern;SN18700;16.01.2024 17:00;-10
Oslo - Blindern;SN18700;16.01.2024 18:00;-9,4
Oslo - Blindern;SN18700;16.01.2024 19:00;-8,6
Oslo - Blindern;SN18700;16.01.2024 20:00;-7,4
Oslo - Blindern;SN18700;16.01.2024 21:00;-7,3
Oslo - Blindern;SN18700;16.01.2024 22:00;-7,3
Oslo - Blindern;SN18700;16.01.2024 23:00;-7,6
Oslo - Blindern;SN18700;17.01.2024 00:00;-7,7
Oslo - Blindern;SN18700;17.01.2024 01:00;-7,3
Oslo - Blindern;SN18700;17.01.2024 02:00;-7,3
Oslo - Blindern;SN18700;17.01.2024 03:00;-7,3
Oslo - Blindern;SN18700;17.01.2024 04:00;-7,1
Oslo - Blindern;SN18700;17.01.2024 05:00;-7,7
Oslo - Blindern;SN18700;17.01.2024 06:00;-6,9
Oslo - Blindern;SN18700;17.01.2024 07:00;-6,6
Oslo - Blindern;SN18700;17.01.2024 08:00;-6,1
Oslo - Blindern;SN18700;17.01.2024 09:00;-6,1
Oslo - Blindern;SN18700;17.01.2024 10:00;-6,1
Oslo - Blindern;SN18700;17.01.2024 11:00;-5,7
Oslo - Blindern;SN18700;17.01.2024 12:00;-6,5
Oslo - Blindern;SN18700;17.01.2024 13:00;-6,8
Oslo - Blindern;SN18700;17.01.2024 14:00;-6,6
Oslo - Blindern;SN18700;17.01.2024 15:00;-6,1
Oslo - Blindern;SN18700;17.01.2024 16:00;-6,3
Oslo - Blindern;SN18700;17.01.2024 17:00;-6,4
Oslo - Blindern;SN18700;17.01.2024 18:00;-6,9
Oslo - Blindern;SN18700;17.01.2024 19:00;-6,9
Oslo - Blindern;SN18700;17.01.2024 20:00;-7,7
Oslo - Blindern;SN18700;17.01.2024 21:00;-7
Oslo - Blindern;SN18700;17.01.2024 22:00;-7,7
Oslo - Blindern;SN18700;17.01.2024 23:00;-5,9
Oslo - Blindern;SN18700;18.01.2024 00:00;-8,1
Oslo - Blindern;SN18700;18.01.2024 01:00;-8,5
Oslo - Blindern;SN18700;18.01.2024 02:00;-9,5
Oslo - Blindern;SN18700;18.01.2024 03:00;-10,3
Oslo - Blindern;SN18700;18.01.2024 04:00;-10,9
Oslo - Blindern;SN18700;18.01.2024 05:00;-10,9
Oslo - Blindern;SN18700;18.01.2024 06:00;-11,1
Oslo - Blindern;SN18700;18.01.2024 07:00;-11,3
Oslo - Blindern;SN18700;18.01.2024 08:00;-11,1
Oslo - Blindern;SN18700;18.01.2024 09:00;-12,3
Oslo - Blindern;SN18700;18.01.2024 10:00;-11,2
Oslo - Blindern;SN18700;18.01.2024 11:00;-9,5
Oslo - Blindern;SN18700;18.01.2024 12:00;-7,2
Oslo - Blindern;SN18700;18.01.2024 13:00;-6,2
Oslo - Blindern;SN18700;18.01.2024 14:00;-5,7
Oslo - Blindern;SN18700;18.01.2024 15:00;-6,8
Oslo - Blindern;SN18700;18.01.2024 16:00;-8,9
Oslo - Blindern;SN18700;18.01.2024 17:00;-10,2
Oslo - Blindern;SN18700;18.01.2024 18:00;-10,3
Oslo - Blindern;SN18700;18.01.2024 19:00;-11,2
Oslo - Blindern;SN18700;18.01.2024 20:00;-11,3
Oslo - Blindern;SN18700;18.01.2024 21:00;-12,2
Oslo - Blindern;SN18700;18.01.2024 22:00;-12,5
Oslo - Blindern;SN18700;18.01.2024 23:00;-13,3
Oslo - Blindern;SN18700;19.01.2024 00:00;-13,5
Oslo - Blindern;SN18700;19.01.2024 01:00;-13,9
Oslo - Blindern;SN18700;19.01.2024 02:00;-13,1
Oslo - Blindern;SN18700;19.01.2024 03:00;-13,9
Oslo - Blindern;SN18700;19.01.2024 04:00;-12,4
Oslo - Blindern;SN18700;19.01.2024 05:00;-12,4
Oslo - Blindern;SN18700;19.01.2024 06:00;-12,1
Oslo - Blindern;SN18700;19.01.2024 07:00;-12
Oslo - Blindern;SN18700;19.01.2024 08:00;-11,8
Oslo - Blindern;SN18700;19.01.2024 09:00;-11,1
Oslo - Blindern;SN18700;19.01.2024 10:00;-12,1
Oslo - Blindern;SN18700;19.01.2024 11:00;-11,3
Oslo - Blindern;SN18700;19.01.2024 12:00;-10,7
Oslo - Blindern;SN18700;19.01.2024 13:00;-9,8
Oslo - Blindern;SN18700;19.01.2024 14:00;-8,9
Oslo - Blindern;SN18700;19.01.2024 15:00;-8,8
Oslo - Blindern;SN18700;19.01.2024 16:00;-10
Oslo - Blindern;SN18700;19.01.2024 17:00;-10
Oslo - Blindern;SN18700;19.01.2024 18:00;-11,4
Oslo - Blindern;SN18700;19.01.2024 19:00;-12,1
Oslo - Blindern;SN18700;19.01.2024 20:00;-13,1
Oslo - Blindern;SN18700;19.01.2024 21:00;-12,8
Oslo - Blindern;SN18700;19.01.2024 22:00;-13,4
Oslo - Blindern;SN18700;19.01.2024 23:00;-13,3
Oslo - Blindern;SN18700;20.01.2024 00:00;-12,7
Oslo - Blindern;SN18700;20.01.2024 01:00;-10,5
Oslo - Blindern;SN18700;20.01.2024 02:00;-11,2
Oslo - Blindern;SN18700;20.01.2024 03:00;-14,2
Oslo - Blindern;SN18700;20.01.2024 04:00;-14,2
Oslo - Blindern;SN18700;20.01.2024 05:00;-15,5
Oslo - Blindern;SN18700;20.01.2024 06:00;-15,7
Oslo - Blindern;SN18700;20.01.2024 07:00;-15,4
Oslo - Blindern;SN18700;20.01.2024 08:00;-15,2
Oslo - Blindern;SN18700;20.01.2024 09:00;-15,7
Oslo - Blindern;SN18700;20.01.2024 10:00;-15,7
Oslo - Blindern;SN18700;20.01.2024 11:00;-12,7
Oslo - Blindern;SN18700;20.01.2024 12:00;-11,6
Oslo - Blindern;SN18700;20.01.2024 13:00;-10,5
Oslo - Blindern;SN18700;20.01.2024 14:00;-11,5
Oslo - Blindern;SN18700;20.01.2024 15:00;-10,8
Oslo - Blindern;SN18700;20.01.2024 16:00;-10,4
Oslo - Blindern;SN18700;20.01.2024 17:00;-10,3
Oslo - Blindern;SN18700;20.01.2024 18:00;-10,2
Oslo - Blindern;SN18700;20.01.2024 19:00;-9,6
Oslo - Blindern;SN18700;20.01.2024 20:00;-10,3
Oslo - Blindern;SN18700;20.01.2024 21:00;-9,1
Oslo - Blindern;SN18700;20.01.2024 22:00;-8,9
Oslo - Blindern;SN18700;20.01.2024 23:00;-8,5
Oslo - Blindern;SN18700;21.01.2024 00:00;-8,4
Oslo - Blindern;SN18700;21.01.2024 01:00;-8,1
Oslo - Blindern;SN18700;21.01.2024 02:00;-7,9
Oslo - Blindern;SN18700;21.01.2024 03:00;-7,9
Oslo - Blindern;SN18700;21.01.2024 04:00;-8,1
Oslo - Blindern;SN18700;21.01.2024 05:00;-8,1
Oslo - Blindern;SN18700;21.01.2024 06:00;-7,9
Oslo - Blindern;SN18700;21.01.2024 07:00;-6,9
Oslo - Blindern;SN18700;21.01.2024 08:00;-6,2
Oslo - Blindern;SN18700;21.01.2024 09:00;-5,2
Oslo - Blindern;SN18700;21.01.2024 10:00;-4
Oslo - Blindern;SN18700;21.01.2024 11:00;-3,4
Oslo - Blindern;SN18700;21.01.2024 12:00;-1,4
Oslo - Blindern;SN18700;21.01.2024 13:00;0,4
Oslo - Blindern;SN18700;21.01.2024 14:00;0,5
Oslo - Blindern;SN18700;21.01.2024 15:00;0,5
Oslo - Blindern;SN18700;21.01.2024 16:00;0,4
Oslo - Blindern;SN18700;21.01.2024 17:00;0,3
Oslo - Blindern;SN18700;21.01.2024 18:00;0,6
Oslo - Blindern;SN18700;21.01.2024 19:00;0,9
Oslo - Blindern;SN18700;21.01.2024 20:00;1,1
Oslo - Blindern;SN18700;21.01.2024 21:00;1,3
Oslo - Blindern;SN18700;21.01.2024 22:00;1,2
Oslo - Blindern;SN18700;21.01.2024 23:00;1,6
Oslo - Blindern;SN18700;22.01.2024 00:00;2,3
Oslo - Blindern;SN18700;22.01.2024 02:00;2,3
Oslo - Blindern;SN18700;22.01.2024 03:00;3,2
Oslo - Blindern;SN18700;22.01.2024 04:00;3,2
Oslo - Blindern;SN18700;22.01.2024 05:00;2,7
Oslo - Blindern;SN18700;22.01.2024 06:00;3,2
Oslo - Blindern;SN18700;22.01.2024 07:00;3,7
Oslo - Blindern;SN18700;22.01.2024 08:00;4,6
Oslo - Blindern;SN18700;22.01.2024 09:00;5,3
Oslo - Blindern;SN18700;22.01.2024 10:00;5,4
Oslo - Blindern;SN18700;22.01.2024 11:00;5
Oslo - Blindern;SN18700;22.01.2024 12:00;5,1
Oslo - Blindern;SN18700;22.01.2024 13:00;5,3
Oslo - Blindern;SN18700;22.01.2024 14:00;5,9
Oslo - Blindern;SN18700;22.01.2024 15:00;7
Oslo - Blindern;SN18700;22.01.2024 16:00;7,1
Oslo - Blindern;SN18700;22.01.2024 17:00;6,1
Oslo - Blindern;SN18700;22.01.2024 18:00;5,6
Oslo - Blindern;SN18700;22.01.2024 19:00;5,7
Oslo - Blindern;SN18700;22.01.2024 20:00;5,2
Oslo - Blindern;SN18700;22.01.2024 21:00;4,4
Oslo - Blindern;SN18700;22.01.2024 22:00;3,5
Oslo - Blindern;SN18700;22.01.2024 23:00;3,4
Oslo - Blindern;SN18700;23.01.2024 00:00;3,4
Oslo - Blindern;SN18700;23.01.2024 01:00;3,3
Oslo - Blindern;SN18700;23.01.2024 02:00;3,6
Oslo - Blindern;SN18700;23.01.2024 03:00;2,7
Oslo - Blindern;SN18700;23.01.2024 04:00;3,9
Oslo - Blindern;SN18700;23.01.2024 05:00;4,7
Oslo - Blindern;SN18700;23.01.2024 06:00;4,8
Oslo - Blindern;SN18700;23.01.2024 07:00;7,2
Oslo - Blindern;SN18700;23.01.2024 08:00;6,9
Oslo - Blindern;SN18700;23.01.2024 09:00;6,2
Oslo - Blindern;SN18700;23.01.2024 10:00;6,7
Oslo - Blindern;SN18700;23.01.2024 11:00;7,7
Oslo - Blindern;SN18700;23.01.2024 12:00;8,3
Oslo - Blindern;SN18700;23.01.2024 13:00;8,6
Oslo - Blindern;SN18700;23.01.2024 14:00;8
Oslo - Blindern;SN18700;23.01.2024 15:00;7,3
Oslo - Blindern;SN18700;23.01.2024 16:00;5,8
Oslo - Blindern;SN18700;23.01.2024 17:00;3,5
Oslo - Blindern;SN18700;23.01.2024 18:00;0,6
Oslo - Blindern;SN18700;23.01.2024 19:00;0,2
Oslo - Blindern;SN18700;23.01.2024 20:00;0,2
Oslo - Blindern;SN18700;23.01.2024 21:00;0,1
Oslo - Blindern;SN18700;23.01.2024 22:00;0,7
Oslo - Blindern;SN18700;23.01.2024 23:00;2
Oslo - Blindern;SN18700;24.01.2024 00:00;2,4
Oslo - Blindern;SN18700;24.01.2024 01:00;2,4
Oslo - Blindern;SN18700;24.01.2024 02:00;1,6
Oslo - Blindern;SN18700;24.01.2024 03:00;0,3
Oslo - Blindern;SN18700;24.01.2024 04:00;0,8
Oslo - Blindern;SN18700;24.01.2024 05:00;1,1
Oslo - Blindern;SN18700;24.01.2024 06:00;1,1
Oslo - Blindern;SN18700;24.01.2024 07:00;1
Oslo - Blindern;SN18700;24.01.2024 08:00;1,2
Oslo - Blindern;SN18700;24.01.2024 09:00;1,1
Oslo - Blindern;SN18700;24.01.2024 10:00;1,3
Oslo - Blindern;SN18700;24.01.2024 11:00;1,5
Oslo - Blindern;SN18700;24.01.2024 12:00;2,3
Oslo - Blindern;SN18700;24.01.2024 13:00;2,2
Oslo - Blindern;SN18700;24.01.2024 14:00;2,2
Oslo - Blindern;SN18700;24.01.2024 15:00;2,2
Oslo - Blindern;SN18700;24.01.2024 16:00;2
Oslo - Blindern;SN18700;24.01.2024 17:00;1,4
Oslo - Blindern;SN18700;24.01.2024 18:00;1,4
Oslo - Blindern;SN18700;24.01.2024 19:00;1,3
Oslo - Blindern;SN18700;24.01.2024 20:00;0,3
Oslo - Blindern;SN18700;24.01.2024 21:00;-0,1
Oslo - Blindern;SN18700;24.01.2024 22:00;0,5
Oslo - Blindern;SN18700;24.01.2024 23:00;0
Oslo - Blindern;SN18700;25.01.2024 00:00;-0,7
Oslo - Blindern;SN18700;25.01.2024 01:00;0
Oslo - Blindern;SN18700;25.01.2024 02:00;-0,1
Oslo - Blindern;SN18700;25.01.2024 03:00;-0,1
Oslo - Blindern;SN18700;25.01.2024 04:00;-0,7
Oslo - Blindern;SN18700;25.01.2024 05:00;-1,5
Oslo - Blindern;SN18700;25.01.2024 06:00;-1,9
Oslo - Blindern;SN18700;25.01.2024 07:00;-1,4
Oslo - Blindern;SN18700;25.01.2024 08:00;-1,4
Oslo - Blindern;SN18700;25.01.2024 09:00;-1,6
Oslo - Blindern;SN18700;25.01.2024 10:00;-1,1
Oslo - Blindern;SN18700;25.01.2024 11:00;0,6
Oslo - Blindern;SN18700;25.01.2024 12:00;2,8
Oslo - Blindern;SN18700;25.01.2024 13:00;3,4
Oslo - Blindern;SN18700;25.01.2024 14:00;3,2
Oslo - Blindern;SN18700;25.01.2024 15:00;2,9
Oslo - Blindern;SN18700;25.01.2024 16:00;0,9
Oslo - Blindern;SN18700;25.01.2024 17:00;-0,4
Oslo - Blindern;SN18700;25.01.2024 18:00;-0,8
Oslo - Blindern;SN18700;25.01.2024 19:00;-1,9
Oslo - Blindern;SN18700;25.01.2024 20:00;-1,8
Oslo - Blindern;SN18700;25.01.2024 21:00;-2,5
Oslo - Blindern;SN18700;25.01.2024 22:00;-3
Oslo - Blindern;SN18700;25.01.2024 23:00;-3,3
Oslo - Blindern;SN18700;26.01.2024 00:00;-3,5
Oslo - Blindern;SN18700;26.01.2024 01:00;-3,4
Oslo - Blindern;SN18700;26.01.2024 02:00;-3
Oslo - Blindern;SN18700;26.01.2024 03:00;-3,1
Oslo - Blindern;SN18700;26.01.2024 04:00;-2,3
Oslo - Blindern;SN18700;26.01.2024 05:00;-1,4
Oslo - Blindern;SN18700;26.01.2024 06:00;-0,9
Oslo - Blindern;SN18700;26.01.2024 07:00;-0,6
Oslo - Blindern;SN18700;26.01.2024 08:00;0,2
Oslo - Blindern;SN18700;26.01.2024 09:00;0,4
Oslo - Blindern;SN18700;26.01.2024 10:00;0,6
Oslo - Blindern;SN18700;26.01.2024 11:00;0,4
Oslo - Blindern;SN18700;26.01.2024 12:00;0,4
Oslo - Blindern;SN18700;26.01.2024 13:00;0,3
Oslo - Blindern;SN18700;26.01.2024 14:00;0,5
Oslo - Blindern;SN18700;26.01.2024 15:00;0,6
Oslo - Blindern;SN18700;26.01.2024 16:00;0,8
Oslo - Blindern;SN18700;26.01.2024 17:00;0,8
Oslo - Blindern;SN18700;26.01.2024 18:00;0,8
Oslo - Blindern;SN18700;26.01.2024 19:00;0,6
Oslo - Blindern;SN18700;26.01.2024 20:00;0,4
Oslo - Blindern;SN18700;26.01.2024 21:00;0,5
Oslo - Blindern;SN18700;26.01.2024 22:00;2,1
Oslo - Blindern;SN18700;26.01.2024 23:00;0,2
Oslo - Blindern;SN18700;27.01.2024 00:00;-0,7
Oslo - Blindern;SN18700;27.01.2024 01:00;-2
Oslo - Blindern;SN18700;27.01.2024 02:00;-2,5
Oslo - Blindern;SN18700;27.01.2024 03:00;-3,1
Oslo - Blindern;SN18700;27.01.2024 04:00;-4,1
Oslo - Blindern;SN18700;27.01.2024 05:00;-3,9
Oslo - Blindern;SN18700;27.01.2024 06:00;-4,6
Oslo - Blindern;SN18700;27.01.2024 07:00;-4,5
Oslo - Blindern;SN18700;27.01.2024 08:00;-4,9
Oslo - Blindern;SN18700;27.01.2024 09:00;-4,6
Oslo - Blindern;SN18700;27.01.2024 10:00;-2,9
Oslo - Blindern;SN18700;27.01.2024 11:00;-0,9
Oslo - Blindern;SN18700;27.01.2024 12:00;1,4
Oslo - Blindern;SN18700;27.01.2024 13:00;0,7
Oslo - Blindern;SN18700;27.01.2024 14:00;1,6
Oslo - Blindern;SN18700;27.01.2024 15:00;1,1
Oslo - Blindern;SN18700;27.01.2024 16:00;1,3
Oslo - Blindern;SN18700;27.01.2024 17:00;2,2
Oslo - Blindern;SN18700;27.01.2024 18:00;1,7
Oslo - Blindern;SN18700;27.01.2024 19:00;1,2
Oslo - Blindern;SN18700;27.01.2024 20:00;0,2
Oslo - Blindern;SN18700;27.01.2024 21:00;0,5
Oslo - Blindern;SN18700;27.01.2024 22:00;1,8
Oslo - Blindern;SN18700;27.01.2024 23:00;1,3
Oslo - Blindern;SN18700;28.01.2024 00:00;1,9
Oslo - Blindern;SN18700;28.01.2024 01:00;0,9
Oslo - Blindern;SN18700;28.01.2024 02:00;0,9
Oslo - Blindern;SN18700;28.01.2024 03:00;1,9
Oslo - Blindern;SN18700;28.01.2024 04:00;2
Oslo - Blindern;SN18700;28.01.2024 05:00;2,1
Oslo - Blindern;SN18700;28.01.2024 06:00;1,6
Oslo - Blindern;SN18700;28.01.2024 07:00;1,4
Oslo - Blindern;SN18700;28.01.2024 08:00;1,5
Oslo - Blindern;SN18700;28.01.2024 09:00;2,4
Oslo - Blindern;SN18700;28.01.2024 10:00;2,9
Oslo - Blindern;SN18700;28.01.2024 11:00;3,1
Oslo - Blindern;SN18700;28.01.2024 12:00;3,6
Oslo - Blindern;SN18700;28.01.2024 13:00;3,7
Oslo - Blindern;SN18700;28.01.2024 14:00;3,6
Oslo - Blindern;SN18700;28.01.2024 15:00;3,7
Oslo - Blindern;SN18700;28.01.2024 16:00;3,5
Oslo - Blindern;SN18700;28.01.2024 17:00;3,5
Oslo - Blindern;SN18700;28.01.2024 18:00;3,4
Oslo - Blindern;SN18700;28.01.2024 19:00;3,5
Oslo - Blindern;SN18700;28.01.2024 20:00;3,4
Oslo - Blindern;SN18700;28.01.2024 21:00;3,4
Oslo - Blindern;SN18700;28.01.2024 22:00;3,3
Oslo - Blindern;SN18700;28.01.2024 23:00;3,4
Oslo - Blindern;SN18700;29.01.2024 00:00;3,4
Oslo - Blindern;SN18700;29.01.2024 01:00;3,3
Oslo - Blindern;SN18700;29.01.2024 02:00;3,3
Oslo - Blindern;SN18700;29.01.2024 03:00;3,6
Oslo - Blindern;SN18700;29.01.2024 04:00;3,5
Oslo - Blindern;SN18700;29.01.2024 05:00;3,6
Oslo - Blindern;SN18700;29.01.2024 06:00;3,3
Oslo - Blindern;SN18700;29.01.2024 07:00;3,4
Oslo - Blindern;SN18700;29.01.2024 08:00;3,3
Oslo - Blindern;SN18700;29.01.2024 09:00;3,1
Oslo - Blindern;SN18700;29.01.2024 10:00;2,9
Oslo - Blindern;SN18700;29.01.2024 11:00;3,5
Oslo - Blindern;SN18700;29.01.2024 12:00;4
Oslo - Blindern;SN18700;29.01.2024 13:00;5,4
Oslo - Blindern;SN18700;29.01.2024 14:00;5,2
Oslo - Blindern;SN18700;29.01.2024 15:00;5,1
Oslo - Blindern;SN18700;29.01.2024 16:00;4
Oslo - Blindern;SN18700;29.01.2024 17:00;3,3
Oslo - Blindern;SN18700;29.01.2024 18:00;2
Oslo - Blindern;SN18700;29.01.2024 19:00;1,8
Oslo - Blindern;SN18700;29.01.2024 20:00;0,9
Oslo - Blindern;SN18700;29.01.2024 21:00;0,3
Oslo - Blindern;SN18700;29.01.2024 22:00;0,3
Oslo - Blindern;SN18700;29.01.2024 23:00;0
Oslo - Blindern;SN18700;30.01.2024 00:00;0
Oslo - Blindern;SN18700;30.01.2024 01:00;-0,2
Oslo - Blindern;SN18700;30.01.2024 02:00;-0,4
Oslo - Blindern;SN18700;30.01.2024 03:00;-0,3
Oslo - Blindern;SN18700;30.01.2024 04:00;-0,4
Oslo - Blindern;SN18700;30.01.2024 05:00;-0,5
Oslo - Blindern;SN18700;30.01.2024 06:00;-0,4
Oslo - Blindern;SN18700;30.01.2024 07:00;-0,3
Oslo - Blindern;SN18700;30.01.2024 08:00;0,6
Oslo - Blindern;SN18700;30.01.2024 09:00;0,2
Oslo - Blindern;SN18700;30.01.2024 10:00;0,9
Oslo - Blindern;SN18700;30.01.2024 11:00;0,6
Oslo - Blindern;SN18700;30.01.2024 12:00;0,5
Oslo - Blindern;SN18700;30.01.2024 13:00;0,5
Oslo - Blindern;SN18700;30.01.2024 14:00;0,6
Oslo - Blindern;SN18700;30.01.2024 15:00;0,2
Oslo - Blindern;SN18700;30.01.2024 16:00;0,2
Oslo - Blindern;SN18700;30.01.2024 17:00;0,1
Oslo - Blindern;SN18700;30.01.2024 18:00;0,2
Oslo - Blindern;SN18700;30.01.2024 19:00;0
Oslo - Blindern;SN18700;30.01.2024 20:00;0
Oslo - Blindern;SN18700;30.01.2024 21:00;0,1
Oslo - Blindern;SN18700;30.01.2024 22:00;-0,4
Oslo - Blindern;SN18700;30.01.2024 23:00;-1,1
Oslo - Blindern;SN18700;31.01.2024 00:00;-1,1
Oslo - Blindern;SN18700;31.01.2024 01:00;-1,4
Oslo - Blindern;SN18700;31.01.2024 02:00;-2
Oslo - Blindern;SN18700;31.01.2024 03:00;-2,8
Oslo - Blindern;SN18700;31.01.2024 04:00;-2,8
Oslo - Blindern;SN18700;31.01.2024 05:00;-2,9
Oslo - Blindern;SN18700;31.01.2024 06:00;-3,9
Oslo - Blindern;SN18700;31.01.2024 07:00;-3,8
Oslo - Blindern;SN18700;31.01.2024 08:00;-3,6
Oslo - Blindern;SN18700;31.01.2024 09:00;-3,8
Oslo - Blindern;SN18700;31.01.2024 10:00;-4,2
Oslo - Blindern;SN18700;31.01.2024 11:00;-3,8
Oslo - Blindern;SN18700;31.01.2024 12:00;-3,7
Oslo - Blindern;SN18700;31.01.2024 13:00;-2,8
Oslo - Blindern;SN18700;31.01.2024 14:00;-2
Oslo - Blindern;SN18700;31.01.2024 15:00;-0,4
Oslo - Blindern;SN18700;31.01.2024 16:00;2
Oslo - Blindern;SN18700;31.01.2024 17:00;2,8
Oslo - Blindern;SN18700;31.01.2024 18:00;3,1
Oslo - Blindern;SN18700;31.01.2024 19:00;2,9
Oslo - Blindern;SN18700;31.01.2024 20:00;3,1
Oslo - Blindern;SN18700;31.01.2024 21:00;3,2
Oslo - Blindern;SN18700;31.01.2024 22:00;3,1
Oslo - Blindern;SN18700;31.01.2024 23:00;3
Oslo - Blindern;SN18700;01.02.2024 00:00;3,3
Oslo - Blindern;SN18700;01.02.2024 01:00;2,8
Oslo - Blindern;SN18700;01.02.2024 02:00;1,8
Oslo - Blindern;SN18700;01.02.2024 03:00;1,1
Oslo - Blindern;SN18700;01.02.2024 04:00;0,6
Oslo - Blindern;SN18700;01.02.2024 05:00;1,8
Oslo - Blindern;SN18700;01.02.2024 06:00;-0,4
Oslo - Blindern;SN18700;01.02.2024 07:00;1,2
Oslo - Blindern;SN18700;01.02.2024 08:00;0,7
Oslo - Blindern;SN18700;01.02.2024 09:00;1,4
Oslo - Blindern;SN18700;01.02.2024 10:00;1
Oslo - Blindern;SN18700;01.02.2024 11:00;1,7
Oslo - Blindern;SN18700;01.02.2024 12:00;4,1
Oslo - Blindern;SN18700;01.02.2024 13:00;5,1
Oslo - Blindern;SN18700;01.02.2024 14:00;4,9
Oslo - Blindern;SN18700;01.02.2024 15:00;4,7
Oslo - Blindern;SN18700;01.02.2024 16:00;4,4
Oslo - Blindern;SN18700;01.02.2024 17:00;3,2
Oslo - Blindern;SN18700;01.02.2024 18:00;1,9
Oslo - Blindern;SN18700;01.02.2024 19:00;1,5
Oslo - Blindern;SN18700;01.02.2024 20:00;1,2
Oslo - Blindern;SN18700;01.02.2024 21:00;-0,8
Oslo - Blindern;SN18700;01.02.2024 22:00;-1,6
Oslo - Blindern;SN18700;01.02.2024 23:00;-2,5
Oslo - Blindern;SN18700;02.02.2024 00:00;-2,9
Oslo - Blindern;SN18700;02.02.2024 01:00;-3,3
Oslo - Blindern;SN18700;02.02.2024 02:00;-3,9
Oslo - Blindern;SN18700;02.02.2024 03:00;-4,1
Oslo - Blindern;SN18700;02.02.2024 04:00;-4,1
Oslo - Blindern;SN18700;02.02.2024 05:00;-3,4
Oslo - Blindern;SN18700;02.02.2024 06:00;-2,3
Oslo - Blindern;SN18700;02.02.2024 07:00;-1,8
Oslo - Blindern;SN18700;02.02.2024 08:00;-1,4
Oslo - Blindern;SN18700;02.02.2024 09:00;-0,8
Oslo - Blindern;SN18700;02.02.2024 10:00;-0,2
Oslo - Blindern;SN18700;02.02.2024 11:00;0,7
Oslo - Blindern;SN18700;02.02.2024 12:00;1,5
Oslo - Blindern;SN18700;02.02.2024 13:00;2,6
Oslo - Blindern;SN18700;02.02.2024 14:00;2,7
Oslo - Blindern;SN18700;02.02.2024 15:00;2,9
Oslo - Blindern;SN18700;02.02.2024 16:00;3
Oslo - Blindern;SN18700;02.02.2024 17:00;2,5
Oslo - Blindern;SN18700;02.02.2024 18:00;2,4
Oslo - Blindern;SN18700;02.02.2024 19:00;2,6
Oslo - Blindern;SN18700;02.02.2024 20:00;2,4
Oslo - Blindern;SN18700;02.02.2024 21:00;1,9
Oslo - Blindern;SN18700;02.02.2024 22:00;1,5
Oslo - Blindern;SN18700;02.02.2024 23:00;3,1
Oslo - Blindern;SN18700;03.02.2024 00:00;10,6
Oslo - Blindern;SN18700;03.02.2024 01:00;10,2
Oslo - Blindern;SN18700;03.02.2024 02:00;10
Oslo - Blindern;SN18700;03.02.2024 03:00;8,8
Oslo - Blindern;SN18700;03.02.2024 04:00;8,4
Oslo - Blindern;SN18700;03.02.2024 05:00;7,1
Oslo - Blindern;SN18700;03.02.2024 06:00;5,5
Oslo - Blindern;SN18700;03.02.2024 07:00;7,2
Oslo - Blindern;SN18700;03.02.2024 08:00;5,4
Oslo - Blindern;SN18700;03.02.2024 09:00;6,7
Oslo - Blindern;SN18700;03.02.2024 10:00;7,1
Oslo - Blindern;SN18700;03.02.2024 11:00;6,6
Oslo - Blindern;SN18700;03.02.2024 12:00;7,1
Oslo - Blindern;SN18700;03.02.2024 13:00;7
Oslo - Blindern;SN18700;03.02.2024 14:00;5,8
Oslo - Blindern;SN18700;03.02.2024 15:00;5,4
Oslo - Blindern;SN18700;03.02.2024 16:00;4,6
Oslo - Blindern;SN18700;03.02.2024 17:00;2,6
Oslo - Blindern;SN18700;03.02.2024 18:00;3,3
Oslo - Blindern;SN18700;03.02.2024 19:00;3
Oslo - Blindern;SN18700;03.02.2024 20:00;1,9
Oslo - Blindern;SN18700;03.02.2024 21:00;2,2
Oslo - Blindern;SN18700;03.02.2024 22:00;2
Oslo - Blindern;SN18700;03.02.2024 23:00;2,5
Oslo - Blindern;SN18700;04.02.2024 00:00;1,7
Oslo - Blindern;SN18700;04.02.2024 01:00;1,9
Oslo - Blindern;SN18700;04.02.2024 02:00;0,2
Oslo - Blindern;SN18700;04.02.2024 03:00;-0,7
Oslo - Blindern;SN18700;04.02.2024 04:00;-1,4
Oslo - Blindern;SN18700;04.02.2024 05:00;-0,1
Oslo - Blindern;SN18700;04.02.2024 06:00;-0,2
Oslo - Blindern;SN18700;04.02.2024 07:00;1,2
Oslo - Blindern;SN18700;04.02.2024 08:00;-0,5
Oslo - Blindern;SN18700;04.02.2024 09:00;-0,9
Oslo - Blindern;SN18700;04.02.2024 10:00;-0,1
Oslo - Blindern;SN18700;04.02.2024 11:00;1,3
Oslo - Blindern;SN18700;04.02.2024 12:00;1,3
Oslo - Blindern;SN18700;04.02.2024 13:00;2,9
Oslo - Blindern;SN18700;04.02.2024 14:00;3,3
Oslo - Blindern;SN18700;04.02.2024 15:00;4,5
Oslo - Blindern;SN18700;04.02.2024 16:00;3,5
Oslo - Blindern;SN18700;04.02.2024 17:00;1,4
Oslo - Blindern;SN18700;04.02.2024 18:00;0,5
Oslo - Blindern;SN18700;04.02.2024 19:00;-0,2
Oslo - Blindern;SN18700;04.02.2024 20:00;-1
Oslo - Blindern;SN18700;04.02.2024 21:00;1,3
Oslo - Blindern;SN18700;04.02.2024 22:00;-0,2
Oslo - Blindern;SN18700;04.02.2024 23:00;1,3
Oslo - Blindern;SN18700;05.02.2024 00:00;0,6
Oslo - Blindern;SN18700;05.02.2024 01:00;-0,5
Oslo - Blindern;SN18700;05.02.2024 02:00;0,1
Oslo - Blindern;SN18700;05.02.2024 03:00;-0,4
Oslo - Blindern;SN18700;05.02.2024 04:00;-1
Oslo - Blindern;SN18700;05.02.2024 05:00;-2,6
Oslo - Blindern;SN18700;05.02.2024 06:00;-2,9
Oslo - Blindern;SN18700;05.02.2024 07:00;-1,2
Oslo - Blindern;SN18700;05.02.2024 08:00;-2,5
Oslo - Blindern;SN18700;05.02.2024 09:00;-2,7
Oslo - Blindern;SN18700;05.02.2024 10:00;-1,3
Oslo - Blindern;SN18700;05.02.2024 11:00;-0,8
Oslo - Blindern;SN18700;05.02.2024 12:00;0,3
Oslo - Blindern;SN18700;05.02.2024 13:00;1,4
Oslo - Blindern;SN18700;05.02.2024 14:00;2,3
Oslo - Blindern;SN18700;05.02.2024 15:00;1,7
Oslo - Blindern;SN18700;05.02.2024 16:00;-0,3
Oslo - Blindern;SN18700;05.02.2024 17:00;-1,9
Oslo - Blindern;SN18700;05.02.2024 18:00;-3,4
Oslo - Blindern;SN18700;05.02.2024 19:00;-4,8
Oslo - Blindern;SN18700;05.02.2024 20:00;-5
Oslo - Blindern;SN18700;05.02.2024 21:00;-5,2
Oslo - Blindern;SN18700;05.02.2024 22:00;-5,6
Oslo - Blindern;SN18700;05.02.2024 23:00;-7,2
Oslo - Blindern;SN18700;06.02.2024 00:00;-7,2
Oslo - Blindern;SN18700;06.02.2024 01:00;-7,3
Oslo - Blindern;SN18700;06.02.2024 02:00;-7,5
Oslo - Blindern;SN18700;06.02.2024 03:00;-8,1
Oslo - Blindern;SN18700;06.02.2024 04:00;-9,3
Oslo - Blindern;SN18700;06.02.2024 05:00;-9,6
Oslo - Blindern;SN18700;06.02.2024 06:00;-9,6
Oslo - Blindern;SN18700;06.02.2024 07:00;-10,4
Oslo - Blindern;SN18700;06.02.2024 08:00;-10,4
Oslo - Blindern;SN18700;06.02.2024 09:00;-9,6
Oslo - Blindern;SN18700;06.02.2024 10:00;-9,4
Oslo - Blindern;SN18700;06.02.2024 11:00;-9
Oslo - Blindern;SN18700;06.02.2024 12:00;-5,9
Oslo - Blindern;SN18700;06.02.2024 13:00;-5,3
Oslo - Blindern;SN18700;06.02.2024 14:00;-5,3
Oslo - Blindern;SN18700;06.02.2024 15:00;-5,2
Oslo - Blindern;SN18700;06.02.2024 16:00;-5,4
Oslo - Blindern;SN18700;06.02.2024 17:00;-5,3
Oslo - Blindern;SN18700;06.02.2024 18:00;-5,8
Oslo - Blindern;SN18700;06.02.2024 19:00;-5,8
Oslo - Blindern;SN18700;06.02.2024 20:00;-6,2
Oslo - Blindern;SN18700;06.02.2024 21:00;-6,1
Oslo - Blindern;SN18700;06.02.2024 22:00;-6,1
Oslo - Blindern;SN18700;06.02.2024 23:00;-6,3
Oslo - Blindern;SN18700;07.02.2024 00:00;-6,2
Oslo - Blindern;SN18700;07.02.2024 01:00;-6
Oslo - Blindern;SN18700;07.02.2024 02:00;-5,9
Oslo - Blindern;SN18700;07.02.2024 03:00;-6,2
Oslo - Blindern;SN18700;07.02.2024 04:00;-6,3
Oslo - Blindern;SN18700;07.02.2024 05:00;-6,9
Oslo - Blindern;SN18700;07.02.2024 06:00;-7,9
Oslo - Blindern;SN18700;07.02.2024 07:00;-8,3
Oslo - Blindern;SN18700;07.02.2024 08:00;-9,1
Oslo - Blindern;SN18700;07.02.2024 09:00;-9,6
Oslo - Blindern;SN18700;07.02.2024 10:00;-9,4
Oslo - Blindern;SN18700;07.02.2024 11:00;-7,8
Oslo - Blindern;SN18700;07.02.2024 12:00;-5
Oslo - Blindern;SN18700;07.02.2024 13:00;-4,1
Oslo - Blindern;SN18700;07.02.2024 14:00;-4,6
Oslo - Blindern;SN18700;07.02.2024 15:00;-4,9
Oslo - Blindern;SN18700;07.02.2024 16:00;-5,2
Oslo - Blindern;SN18700;07.02.2024 17:00;-6,3
Oslo - Blindern;SN18700;07.02.2024 18:00;-7
Oslo - Blindern;SN18700;07.02.2024 19:00;-8,9
Oslo - Blindern;SN18700;07.02.2024 20:00;-9,5
Oslo - Blindern;SN18700;07.02.2024 21:00;-10
Oslo - Blindern;SN18700;07.02.2024 22:00;-10
Oslo - Blindern;SN18700;07.02.2024 23:00;-11,1
Oslo - Blindern;SN18700;08.02.2024 00:00;-10,3
Oslo - Blindern;SN18700;08.02.2024 01:00;-9,5
Oslo - Blindern;SN18700;08.02.2024 02:00;-9,7
Oslo - Blindern;SN18700;08.02.2024 03:00;-10
Oslo - Blindern;SN18700;08.02.2024 04:00;-10,5
Oslo - Blindern;SN18700;08.02.2024 05:00;-11,2
Oslo - Blindern;SN18700;08.02.2024 06:00;-10,8
Oslo - Blindern;SN18700;08.02.2024 07:00;-11,8
Oslo - Blindern;SN18700;08.02.2024 08:00;-11,8
Oslo - Blindern;SN18700;08.02.2024 09:00;-11,5
Oslo - Blindern;SN18700;08.02.2024 10:00;-10,9
Oslo - Blindern;SN18700;08.02.2024 11:00;-10,8
Oslo - Blindern;SN18700;08.02.2024 12:00;-9,8
Oslo - Blindern;SN18700;08.02.2024 13:00;-8
Oslo - Blindern;SN18700;08.02.2024 14:00;-7,7
Oslo - Blindern;SN18700;08.02.2024 15:00;-8,3
Oslo - Blindern;SN18700;08.02.2024 16:00;-9,6
Oslo - Blindern;SN18700;08.02.2024 17:00;-10,3
Oslo - Blindern;SN18700;08.02.2024 18:00;-11,1
Oslo - Blindern;SN18700;08.02.2024 19:00;-11
Oslo - Blindern;SN18700;08.02.2024 20:00;-12,2
Oslo - Blindern;SN18700;08.02.2024 21:00;-12,3
Oslo - Blindern;SN18700;08.02.2024 22:00;-13,3
Oslo - Blindern;SN18700;08.02.2024 23:00;-13,3
Oslo - Blindern;SN18700;09.02.2024 00:00;-12,9
Oslo - Blindern;SN18700;09.02.2024 01:00;-13,4
Oslo - Blindern;SN18700;09.02.2024 02:00;-12,3
Oslo - Blindern;SN18700;09.02.2024 03:00;-12,1
Oslo - Blindern;SN18700;09.02.2024 04:00;-13,8
Oslo - Blindern;SN18700;09.02.2024 05:00;-13,9
Oslo - Blindern;SN18700;09.02.2024 06:00;-11,4
Oslo - Blindern;SN18700;09.02.2024 07:00;-14,7
Oslo - Blindern;SN18700;09.02.2024 08:00;-11,9
Oslo - Blindern;SN18700;09.02.2024 09:00;-12,6
Oslo - Blindern;SN18700;09.02.2024 10:00;-11,6
Oslo - Blindern;SN18700;09.02.2024 11:00;-11,4
Oslo - Blindern;SN18700;09.02.2024 12:00;-8,4
Oslo - Blindern;SN18700;09.02.2024 13:00;-7,6
Oslo - Blindern;SN18700;09.02.2024 14:00;-7,3
Oslo - Blindern;SN18700;09.02.2024 15:00;-8
Oslo - Blindern;SN18700;09.02.2024 16:00;-7,8
Oslo - Blindern;SN18700;09.02.2024 17:00;-7,6
Oslo - Blindern;SN18700;09.02.2024 18:00;-7,8
Oslo - Blindern;SN18700;09.02.2024 19:00;-7,5
Oslo - Blindern;SN18700;09.02.2024 20:00;-7,8
Oslo - Blindern;SN18700;09.02.2024 21:00;-8,1
Oslo - Blindern;SN18700;09.02.2024 22:00;-8
Oslo - Blindern;SN18700;09.02.2024 23:00;-8,1
Oslo - Blindern;SN18700;10.02.2024 00:00;-7,9
Oslo - Blindern;SN18700;10.02.2024 01:00;-8,1
Oslo - Blindern;SN18700;10.02.2024 02:00;-8,4
Oslo - Blindern;SN18700;10.02.2024 03:00;-8,4
Oslo - Blindern;SN18700;10.02.2024 04:00;-8,5
Oslo - Blindern;SN18700;10.02.2024 05:00;-8,7
Oslo - Blindern;SN18700;10.02.2024 06:00;-8,9
Oslo - Blindern;SN18700;10.02.2024 07:00;-9,2
Oslo - Blindern;SN18700;10.02.2024 08:00;-9,2
Oslo - Blindern;SN18700;10.02.2024 09:00;-9,1
Oslo - Blindern;SN18700;10.02.2024 10:00;-8,7
Oslo - Blindern;SN18700;10.02.2024 11:00;-8,2
Oslo - Blindern;SN18700;10.02.2024 12:00;-7,8
Oslo - Blindern;SN18700;10.02.2024 13:00;-7,8
Oslo - Blindern;SN18700;10.02.2024 14:00;-7,6
Oslo - Blindern;SN18700;10.02.2024 15:00;-7,6
Oslo - Blindern;SN18700;10.02.2024 16:00;-7,6
Oslo - Blindern;SN18700;10.02.2024 17:00;-7,5
Oslo - Blindern;SN18700;10.02.2024 18:00;-7,3
Oslo - Blindern;SN18700;10.02.2024 19:00;-7,3
Oslo - Blindern;SN18700;10.02.2024 20:00;-7,3
Oslo - Blindern;SN18700;10.02.2024 21:00;-7,5
Oslo - Blindern;SN18700;10.02.2024 22:00;-7,3
Oslo - Blindern;SN18700;10.02.2024 23:00;-7,2
Oslo - Blindern;SN18700;11.02.2024 00:00;-7,1
Oslo - Blindern;SN18700;11.02.2024 01:00;-6,6
Oslo - Blindern;SN18700;11.02.2024 02:00;-6,3
Oslo - Blindern;SN18700;11.02.2024 03:00;-6,1
Oslo - Blindern;SN18700;11.02.2024 04:00;-6
Oslo - Blindern;SN18700;11.02.2024 05:00;-5,9
Oslo - Blindern;SN18700;11.02.2024 06:00;-5,7
Oslo - Blindern;SN18700;11.02.2024 07:00;-5,5
Oslo - Blindern;SN18700;11.02.2024 08:00;-5,5
Oslo - Blindern;SN18700;11.02.2024 09:00;-5,5
Oslo - Blindern;SN18700;11.02.2024 10:00;-5,3
Oslo - Blindern;SN18700;11.02.2024 11:00;-5,1
Oslo - Blindern;SN18700;11.02.2024 12:00;-4,9
Oslo - Blindern;SN18700;11.02.2024 13:00;-4,6
Oslo - Blindern;SN18700;11.02.2024 14:00;-4,5
Oslo - Blindern;SN18700;11.02.2024 15:00;-4,4
Oslo - Blindern;SN18700;11.02.2024 16:00;-4,6
Oslo - Blindern;SN18700;11.02.2024 17:00;-4,7
Oslo - Blindern;SN18700;11.02.2024 18:00;-4,8
Oslo - Blindern;SN18700;11.02.2024 19:00;-4,6
Oslo - Blindern;SN18700;11.02.2024 20:00;-4,4
Oslo - Blindern;SN18700;11.02.2024 21:00;-4,3
Oslo - Blindern;SN18700;11.02.2024 22:00;-4,3
Oslo - Blindern;SN18700;11.02.2024 23:00;-4,3
Oslo - Blindern;SN18700;12.02.2024 00:00;-4,4
Oslo - Blindern;SN18700;12.02.2024 01:00;-4,5
Oslo - Blindern;SN18700;12.02.2024 02:00;-4,8
Oslo - Blindern;SN18700;12.02.2024 03:00;-5,3
Oslo - Blindern;SN18700;12.02.2024 04:00;-5,6
Oslo - Blindern;SN18700;12.02.2024 05:00;-5,8
Oslo - Blindern;SN18700;12.02.2024 06:00;-5,4
Oslo - Blindern;SN18700;12.02.2024 07:00;-5,2
Oslo - Blindern;SN18700;12.02.2024 08:00;-4,9
Oslo - Blindern;SN18700;12.02.2024 09:00;-5,1
Oslo - Blindern;SN18700;12.02.2024 10:00;-4,7
Oslo - Blindern;SN18700;12.02.2024 11:00;-4,5
Oslo - Blindern;SN18700;12.02.2024 12:00;-4,3
Oslo - Blindern;SN18700;12.02.2024 13:00;-4,2
Oslo - Blindern;SN18700;12.02.2024 14:00;-4,1
Oslo - Blindern;SN18700;12.02.2024 15:00;-3,9
Oslo - Blindern;SN18700;12.02.2024 16:00;-3,9
Oslo - Blindern;SN18700;12.02.2024 17:00;-3,7
Oslo - Blindern;SN18700;12.02.2024 18:00;-3,4
Oslo - Blindern;SN18700;12.02.2024 19:00;-3,2
Oslo - Blindern;SN18700;12.02.2024 20:00;-3,3
Oslo - Blindern;SN18700;12.02.2024 21:00;-3,2
Oslo - Blindern;SN18700;12.02.2024 22:00;-3,2
Oslo - Blindern;SN18700;12.02.2024 23:00;-3,2
Oslo - Blindern;SN18700;13.02.2024 00:00;-3,4
Oslo - Blindern;SN18700;13.02.2024 01:00;-3,4
Oslo - Blindern;SN18700;13.02.2024 02:00;-3,5
Oslo - Blindern;SN18700;13.02.2024 03:00;-3,6
Oslo - Blindern;SN18700;13.02.2024 04:00;-3,6
Oslo - Blindern;SN18700;13.02.2024 05:00;-3,6
Oslo - Blindern;SN18700;13.02.2024 06:00;-3,8
Oslo - Blindern;SN18700;13.02.2024 07:00;-3,7
Oslo - Blindern;SN18700;13.02.2024 08:00;-3,7
Oslo - Blindern;SN18700;13.02.2024 09:00;-3,9
Oslo - Blindern;SN18700;13.02.2024 10:00;-3,4
Oslo - Blindern;SN18700;13.02.2024 11:00;-3,1
Oslo - Blindern;SN18700;13.02.2024 12:00;-2,1
Oslo - Blindern;SN18700;13.02.2024 13:00;-2,4
Oslo - Blindern;SN18700;13.02.2024 14:00;-2,4
Oslo - Blindern;SN18700;13.02.2024 15:00;-2,6
Oslo - Blindern;SN18700;13.02.2024 16:00;-3
Oslo - Blindern;SN18700;13.02.2024 17:00;-3,4
Oslo - Blindern;SN18700;13.02.2024 18:00;-3,5
Oslo - Blindern;SN18700;13.02.2024 19:00;-3,6
Oslo - Blindern;SN18700;13.02.2024 20:00;-3,7
Oslo - Blindern;SN18700;13.02.2024 21:00;-4
Oslo - Blindern;SN18700;13.02.2024 22:00;-4,5
Oslo - Blindern;SN18700;13.02.2024 23:00;-4,4
Oslo - Blindern;SN18700;14.02.2024 00:00;-4,4
Oslo - Blindern;SN18700;14.02.2024 01:00;-4,1
Oslo - Blindern;SN18700;14.02.2024 02:00;-3,7
Oslo - Blindern;SN18700;14.02.2024 03:00;-3,8
Oslo - Blindern;SN18700;14.02.2024 04:00;-3,7
Oslo - Blindern;SN18700;14.02.2024 05:00;-3,6
Oslo - Blindern;SN18700;14.02.2024 06:00;-3,7
Oslo - Blindern;SN18700;14.02.2024 07:00;-3,6
Oslo - Blindern;SN18700;14.02.2024 08:00;-3,4
Oslo - Blindern;SN18700;14.02.2024 09:00;-3,1
Oslo - Blindern;SN18700;14.02.2024 10:00;-2,8
Oslo - Blindern;SN18700;14.02.2024 11:00;-2,1
Oslo - Blindern;SN18700;14.02.2024 12:00;-1,2
Oslo - Blindern;SN18700;14.02.2024 13:00;-0,6
Oslo - Blindern;SN18700;14.02.2024 14:00;0,1
Oslo - Blindern;SN18700;14.02.2024 15:00;0,4
Oslo - Blindern;SN18700;14.02.2024 16:00;0,5
Oslo - Blindern;SN18700;14.02.2024 17:00;0,5
Oslo - Blindern;SN18700;14.02.2024 18:00;0,5
Oslo - Blindern;SN18700;14.02.2024 19:00;0,4
Oslo - Blindern;SN18700;14.02.2024 20:00;0,5
Oslo - Blindern;SN18700;14.02.2024 21:00;0,5
Oslo - Blindern;SN18700;14.02.2024 22:00;0,4
Oslo - Blindern;SN18700;14.02.2024 23:00;0,6
Oslo - Blindern;SN18700;15.02.2024 00:00;0,5
Oslo - Blindern;SN18700;15.02.2024 01:00;0,2
Oslo - Blindern;SN18700;15.02.2024 02:00;0
Oslo - Blindern;SN18700;15.02.2024 03:00;-0,2
Oslo - Blindern;SN18700;15.02.2024 04:00;-0,1
Oslo - Blindern;SN18700;15.02.2024 05:00;-0,2
Oslo - Blindern;SN18700;15.02.2024 06:00;0
Oslo - Blindern;SN18700;15.02.2024 07:00;0,1
Oslo - Blindern;SN18700;15.02.2024 08:00;-0,5
Oslo - Blindern;SN18700;15.02.2024 09:00;-0,5
Oslo - Blindern;SN18700;15.02.2024 10:00;-0,2
Oslo - Blindern;SN18700;15.02.2024 11:00;0,1
Oslo - Blindern;SN18700;15.02.2024 12:00;1,8
Oslo - Blindern;SN18700;15.02.2024 13:00;1,9
Oslo - Blindern;SN18700;15.02.2024 14:00;1,9
Oslo - Blindern;SN18700;15.02.2024 15:00;1,6
Oslo - Blindern;SN18700;15.02.2024 16:00;1,4
Oslo - Blindern;SN18700;15.02.2024 17:00;0,9
Oslo - Blindern;SN18700;15.02.2024 18:00;0,8
Oslo - Blindern;SN18700;15.02.2024 19:00;0,6
Oslo - Blindern;SN18700;15.02.2024 20:00;0,8
Oslo - Blindern;SN18700;15.02.2024 21:00;0,6
Oslo - Blindern;SN18700;15.02.2024 22:00;0,8
Oslo - Blindern;SN18700;15.02.2024 23:00;0,7
Oslo - Blindern;SN18700;16.02.2024 00:00;0,7
Oslo - Blindern;SN18700;16.02.2024 01:00;0,8
Oslo - Blindern;SN18700;16.02.2024 02:00;1
Oslo - Blindern;SN18700;16.02.2024 03:00;1,1
Oslo - Blindern;SN18700;16.02.2024 04:00;1,2
Oslo - Blindern;SN18700;16.02.2024 05:00;1,3
Oslo - Blindern;SN18700;16.02.2024 06:00;1,4
Oslo - Blindern;SN18700;16.02.2024 07:00;1,3
Oslo - Blindern;SN18700;16.02.2024 08:00;1,2
Oslo - Blindern;SN18700;16.02.2024 09:00;1,2
Oslo - Blindern;SN18700;16.02.2024 10:00;1
Oslo - Blindern;SN18700;16.02.2024 11:00;0,8
Oslo - Blindern;SN18700;16.02.2024 12:00;1
Oslo - Blindern;SN18700;16.02.2024 13:00;1,3
Oslo - Blindern;SN18700;16.02.2024 14:00;1,7
Oslo - Blindern;SN18700;16.02.2024 15:00;1,6
Oslo - Blindern;SN18700;16.02.2024 16:00;1,3
Oslo - Blindern;SN18700;16.02.2024 17:00;1,6
Oslo - Blindern;SN18700;16.02.2024 18:00;1,4
Oslo - Blindern;SN18700;16.02.2024 19:00;1,5
Oslo - Blindern;SN18700;16.02.2024 20:00;1,8
Oslo - Blindern;SN18700;16.02.2024 21:00;1,9
Oslo - Blindern;SN18700;16.02.2024 22:00;1,7
Oslo - Blindern;SN18700;16.02.2024 23:00;1,3
Oslo - Blindern;SN18700;17.02.2024 00:00;1,5
Oslo - Blindern;SN18700;17.02.2024 01:00;0,6
Oslo - Blindern;SN18700;17.02.2024 02:00;2,1
Oslo - Blindern;SN18700;17.02.2024 03:00;1,4
Oslo - Blindern;SN18700;17.02.2024 04:00;1,1
Oslo - Blindern;SN18700;17.02.2024 05:00;-0,8
Oslo - Blindern;SN18700;17.02.2024 06:00;-1,5
Oslo - Blindern;SN18700;17.02.2024 07:00;-2,3
Oslo - Blindern;SN18700;17.02.2024 08:00;-2
Oslo - Blindern;SN18700;17.02.2024 09:00;-1,1
Oslo - Blindern;SN18700;17.02.2024 10:00;-0,2
Oslo - Blindern;SN18700;17.02.2024 11:00;1,8
Oslo - Blindern;SN18700;17.02.2024 12:00;4,5
Oslo - Blindern;SN18700;17.02.2024 13:00;4,4
Oslo - Blindern;SN18700;17.02.2024 14:00;5,2
Oslo - Blindern;SN18700;17.02.2024 15:00;4,5
Oslo - Blindern;SN18700;17.02.2024 16:00;4
Oslo - Blindern;SN18700;17.02.2024 17:00;2
Oslo - Blindern;SN18700;17.02.2024 18:00;-0,6
Oslo - Blindern;SN18700;17.02.2024 19:00;-1,3
Oslo - Blindern;SN18700;17.02.2024 20:00;-1,7
Oslo - Blindern;SN18700;17.02.2024 21:00;-2
Oslo - Blindern;SN18700;17.02.2024 22:00;-2,6
Oslo - Blindern;SN18700;17.02.2024 23:00;-3,1
Oslo - Blindern;SN18700;18.02.2024 00:00;-3,4
Oslo - Blindern;SN18700;18.02.2024 01:00;-2,5
Oslo - Blindern;SN18700;18.02.2024 02:00;-1,8
Oslo - Blindern;SN18700;18.02.2024 03:00;-1,8
Oslo - Blindern;SN18700;18.02.2024 04:00;-1,3
Oslo - Blindern;SN18700;18.02.2024 05:00;-1,3
Oslo - Blindern;SN18700;18.02.2024 06:00;-1,4
Oslo - Blindern;SN18700;18.02.2024 07:00;-1,3
Oslo - Blindern;SN18700;18.02.2024 08:00;-1,3
Oslo - Blindern;SN18700;18.02.2024 09:00;-1,1
Oslo - Blindern;SN18700;18.02.2024 10:00;-1,1
Oslo - Blindern;SN18700;18.02.2024 11:00;-0,8
Oslo - Blindern;SN18700;18.02.2024 12:00;-0,5
Oslo - Blindern;SN18700;18.02.2024 13:00;0
Oslo - Blindern;SN18700;18.02.2024 14:00;-0,1
Oslo - Blindern;SN18700;18.02.2024 15:00;0,1
Oslo - Blindern;SN18700;18.02.2024 16:00;0,1
Oslo - Blindern;SN18700;18.02.2024 17:00;0,1
Oslo - Blindern;SN18700;18.02.2024 18:00;-0,2
Oslo - Blindern;SN18700;18.02.2024 19:00;-0,3
Oslo - Blindern;SN18700;18.02.2024 20:00;-0,3
Oslo - Blindern;SN18700;18.02.2024 21:00;-0,4
Oslo - Blindern;SN18700;18.02.2024 22:00;-0,6
Oslo - Blindern;SN18700;18.02.2024 23:00;-0,5
Oslo - Blindern;SN18700;19.02.2024 00:00;-0,5
Oslo - Blindern;SN18700;19.02.2024 01:00;-0,5
Oslo - Blindern;SN18700;19.02.2024 02:00;-0,6
Oslo - Blindern;SN18700;19.02.2024 03:00;-0,6
Oslo - Blindern;SN18700;19.02.2024 04:00;-0,6
Oslo - Blindern;SN18700;19.02.2024 05:00;-0,7
Oslo - Blindern;SN18700;19.02.2024 06:00;-0,6
Oslo - Blindern;SN18700;19.02.2024 07:00;-0,7
Oslo - Blindern;SN18700;19.02.2024 08:00;-0,7
Oslo - Blindern;SN18700;19.02.2024 09:00;-0,5
Oslo - Blindern;SN18700;19.02.2024 10:00;-0,1
Oslo - Blindern;SN18700;19.02.2024 11:00;0,5
Oslo - Blindern;SN18700;19.02.2024 12:00;1,4
Oslo - Blindern;SN18700;19.02.2024 13:00;1,3
Oslo - Blindern;SN18700;19.02.2024 14:00;3,7
Oslo - Blindern;SN18700;19.02.2024 15:00;1,1
Oslo - Blindern;SN18700;19.02.2024 16:00;0,6
Oslo - Blindern;SN18700;19.02.2024 17:00;0,7
Oslo - Blindern;SN18700;19.02.2024 18:00;0,2
Oslo - Blindern;SN18700;19.02.2024 19:00;-0,2
Oslo - Blindern;SN18700;19.02.2024 20:00;-0,2
Oslo - Blindern;SN18700;19.02.2024 21:00;-0,1
Oslo - Blindern;SN18700;19.02.2024 22:00;-0,3
Oslo - Blindern;SN18700;19.02.2024 23:00;-0,5
Oslo - Blindern;SN18700;20.02.2024 00:00;-0,5
Oslo - Blindern;SN18700;20.02.2024 01:00;-0,9
Oslo - Blindern;SN18700;20.02.2024 02:00;-1,3
Oslo - Blindern;SN18700;20.02.2024 03:00;-1,1
Oslo - Blindern;SN18700;20.02.2024 04:00;-1,1
Oslo - Blindern;SN18700;20.02.2024 05:00;-1,2
Oslo - Blindern;SN18700;20.02.2024 06:00;-1,3
Oslo - Blindern;SN18700;20.02.2024 07:00;-1,5
Oslo - Blindern;SN18700;20.02.2024 08:00;-1,5
Oslo - Blindern;SN18700;20.02.2024 09:00;-1,5
Oslo - Blindern;SN18700;20.02.2024 10:00;-1,5
Oslo - Blindern;SN18700;20.02.2024 11:00;-1,3
Oslo - Blindern;SN18700;20.02.2024 12:00;-1,4
Oslo - Blindern;SN18700;20.02.2024 13:00;-1,3
Oslo - Blindern;SN18700;20.02.2024 14:00;-1,2
Oslo - Blindern;SN18700;20.02.2024 15:00;-1
Oslo - Blindern;SN18700;20.02.2024 16:00;-0,8
Oslo - Blindern;SN18700;20.02.2024 17:00;-0,8
Oslo - Blindern;SN18700;20.02.2024 18:00;-0,9
Oslo - Blindern;SN18700;20.02.2024 19:00;-0,5
Oslo - Blindern;SN18700;20.02.2024 20:00;-0,2
Oslo - Blindern;SN18700;20.02.2024 21:00;0,1
Oslo - Blindern;SN18700;20.02.2024 22:00;0,3
Oslo - Blindern;SN18700;20.02.2024 23:00;0,6
Oslo - Blindern;SN18700;21.02.2024 00:00;0,7
Oslo - Blindern;SN18700;21.02.2024 01:00;0,8
Oslo - Blindern;SN18700;21.02.2024 02:00;0,8
Oslo - Blindern;SN18700;21.02.2024 03:00;0,7
Oslo - Blindern;SN18700;21.02.2024 04:00;0,8
Oslo - Blindern;SN18700;21.02.2024 05:00;0,8
Oslo - Blindern;SN18700;21.02.2024 06:00;1
Oslo - Blindern;SN18700;21.02.2024 07:00;0,7
Oslo - Blindern;SN18700;21.02.2024 08:00;1,2
Oslo - Blindern;SN18700;21.02.2024 09:00;0,9
Oslo - Blindern;SN18700;21.02.2024 10:00;1,4
Oslo - Blindern;SN18700;21.02.2024 11:00;2,8
Oslo - Blindern;SN18700;21.02.2024 12:00;2,1
Oslo - Blindern;SN18700;21.02.2024 13:00;1,9
Oslo - Blindern;SN18700;21.02.2024 14:00;2
Oslo - Blindern;SN18700;21.02.2024 15:00;1,8
Oslo - Blindern;SN18700;21.02.2024 16:00;1,3
Oslo - Blindern;SN18700;21.02.2024 17:00;1
Oslo - Blindern;SN18700;21.02.2024 18:00;0,8
Oslo - Blindern;SN18700;21.02.2024 19:00;0,7
Oslo - Blindern;SN18700;21.02.2024 20:00;0,7
Oslo - Blindern;SN18700;21.02.2024 21:00;0,4
Oslo - Blindern;SN18700;21.02.2024 22:00;0,3
Oslo - Blindern;SN18700;21.02.2024 23:00;0,6
Oslo - Blindern;SN18700;22.02.2024 00:00;0,9
Oslo - Blindern;SN18700;22.02.2024 01:00;1,2
Oslo - Blindern;SN18700;22.02.2024 02:00;2,1
Oslo - Blindern;SN18700;22.02.2024 03:00;2,7
Oslo - Blindern;SN18700;22.02.2024 04:00;2,8
Oslo - Blindern;SN18700;22.02.2024 05:00;3,3
Oslo - Blindern;SN18700;22.02.2024 06:00;3,4
Oslo - Blindern;SN18700;22.02.2024 07:00;3,4
Oslo - Blindern;SN18700;22.02.2024 08:00;3,5
Oslo - Blindern;SN18700;22.02.2024 09:00;3,6
Oslo - Blindern;SN18700;22.02.2024 10:00;3,9
Oslo - Blindern;SN18700;22.02.2024 11:00;4
Oslo - Blindern;SN18700;22.02.2024 12:00;4
Oslo - Blindern;SN18700;22.02.2024 13:00;4,1
Oslo - Blindern;SN18700;22.02.2024 14:00;4
Oslo - Blindern;SN18700;22.02.2024 15:00;4
Oslo - Blindern;SN18700;22.02.2024 16:00;4,1
Oslo - Blindern;SN18700;22.02.2024 17:00;4,1
Oslo - Blindern;SN18700;22.02.2024 18:00;3,9
Oslo - Blindern;SN18700;22.02.2024 19:00;4
Oslo - Blindern;SN18700;22.02.2024 20:00;3,8
Oslo - Blindern;SN18700;22.02.2024 21:00;3,9
Oslo - Blindern;SN18700;22.02.2024 22:00;3,9
Oslo - Blindern;SN18700;22.02.2024 23:00;4,1
Oslo - Blindern;SN18700;23.02.2024 00:00;4,3
Oslo - Blindern;SN18700;23.02.2024 01:00;4
Oslo - Blindern;SN18700;23.02.2024 02:00;4
Oslo - Blindern;SN18700;23.02.2024 03:00;3,9
Oslo - Blindern;SN18700;23.02.2024 04:00;3,9
Oslo - Blindern;SN18700;23.02.2024 05:00;3,7
Oslo - Blindern;SN18700;23.02.2024 06:00;3,6
Oslo - Blindern;SN18700;23.02.2024 07:00;2,6
Oslo - Blindern;SN18700;23.02.2024 08:00;3,5
Oslo - Blindern;SN18700;23.02.2024 09:00;4,4
Oslo - Blindern;SN18700;23.02.2024 10:00;4,1
Oslo - Blindern;SN18700;23.02.2024 11:00;3
Oslo - Blindern;SN18700;23.02.2024 12:00;3
Oslo - Blindern;SN18700;23.02.2024 13:00;2,5
Oslo - Blindern;SN18700;23.02.2024 14:00;2,7
Oslo - Blindern;SN18700;23.02.2024 15:00;3,4
Oslo - Blindern;SN18700;23.02.2024 16:00;4,1
Oslo - Blindern;SN18700;23.02.2024 17:00;3,8
Oslo - Blindern;SN18700;23.02.2024 18:00;3,8
Oslo - Blindern;SN18700;23.02.2024 19:00;3,4
Oslo - Blindern;SN18700;23.02.2024 20:00;3,4
Oslo - Blindern;SN18700;23.02.2024 21:00;3,5
Oslo - Blindern;SN18700;23.02.2024 22:00;3,6
Oslo - Blindern;SN18700;23.02.2024 23:00;3,5
Oslo - Blindern;SN18700;24.02.2024 00:00;3,2
Oslo - Blindern;SN18700;24.02.2024 01:00;2,9
Oslo - Blindern;SN18700;24.02.2024 02:00;2,6
Oslo - Blindern;SN18700;24.02.2024 03:00;2,7
Oslo - Blindern;SN18700;24.02.2024 04:00;2,6
Oslo - Blindern;SN18700;24.02.2024 05:00;3
Oslo - Blindern;SN18700;24.02.2024 06:00;3,1
Oslo - Blindern;SN18700;24.02.2024 07:00;2,7
Oslo - Blindern;SN18700;24.02.2024 08:00;2,8
Oslo - Blindern;SN18700;24.02.2024 09:00;3,1
Oslo - Blindern;SN18700;24.02.2024 10:00;3,1
Oslo - Blindern;SN18700;24.02.2024 11:00;3,3
Oslo - Blindern;SN18700;24.02.2024 12:00;3,3
Oslo - Blindern;SN18700;24.02.2024 13:00;3,6
Oslo - Blindern;SN18700;24.02.2024 14:00;3,9
Oslo - Blindern;SN18700;24.02.2024 15:00;4,3
Oslo - Blindern;SN18700;24.02.2024 16:00;4,2
Oslo - Blindern;SN18700;24.02.2024 17:00;3,9
Oslo - Blindern;SN18700;24.02.2024 18:00;3,6
Oslo - Blindern;SN18700;24.02.2024 19:00;3,3
Oslo - Blindern;SN18700;24.02.2024 20:00;3,3
Oslo - Blindern;SN18700;24.02.2024 21:00;2,7
Oslo - Blindern;SN18700;24.02.2024 22:00;2,8
Oslo - Blindern;SN18700;24.02.2024 23:00;2,7
Oslo - Blindern;SN18700;25.02.2024 00:00;2,3
Oslo - Blindern;SN18700;25.02.2024 01:00;2,3
Oslo - Blindern;SN18700;25.02.2024 02:00;2
Oslo - Blindern;SN18700;25.02.2024 03:00;2,2
Oslo - Blindern;SN18700;25.02.2024 04:00;2,2
Oslo - Blindern;SN18700;25.02.2024 05:00;2,4
Oslo - Blindern;SN18700;25.02.2024 06:00;2,6
Oslo - Blindern;SN18700;25.02.2024 07:00;2,5
Oslo - Blindern;SN18700;25.02.2024 08:00;2,5
Oslo - Blindern;SN18700;25.02.2024 09:00;2,4
Oslo - Blindern;SN18700;25.02.2024 10:00;2,6
Oslo - Blindern;SN18700;25.02.2024 11:00;2,9
Oslo - Blindern;SN18700;25.02.2024 12:00;3,6
Oslo - Blindern;SN18700;25.02.2024 13:00;3,6
Oslo - Blindern;SN18700;25.02.2024 14:00;3,5
Oslo - Blindern;SN18700;25.02.2024 15:00;3,3
Oslo - Blindern;SN18700;25.02.2024 16:00;3,2
Oslo - Blindern;SN18700;25.02.2024 17:00;3,1
Oslo - Blindern;SN18700;25.02.2024 18:00;2,7
Oslo - Blindern;SN18700;25.02.2024 19:00;2,9
Oslo - Blindern;SN18700;25.02.2024 20:00;2,6
Oslo - Blindern;SN18700;25.02.2024 21:00;2,5
Oslo - Blindern;SN18700;25.02.2024 22:00;2,6
Oslo - Blindern;SN18700;25.02.2024 23:00;2,4
Oslo - Blindern;SN18700;26.02.2024 00:00;2,3
Oslo - Blindern;SN18700;26.02.2024 01:00;2,2
Oslo - Blindern;SN18700;26.02.2024 02:00;2,2
Oslo - Blindern;SN18700;26.02.2024 03:00;2
Oslo - Blindern;SN18700;26.02.2024 04:00;2
Oslo - Blindern;SN18700;26.02.2024 05:00;2,3
Oslo - Blindern;SN18700;26.02.2024 06:00;1,9
Oslo - Blindern;SN18700;26.02.2024 07:00;1,6
Oslo - Blindern;SN18700;26.02.2024 08:00;1,2
Oslo - Blindern;SN18700;26.02.2024 09:00;2,9
Oslo - Blindern;SN18700;26.02.2024 10:00;2,4
Oslo - Blindern;SN18700;26.02.2024 11:00;2,3
Oslo - Blindern;SN18700;26.02.2024 12:00;3,6
Oslo - Blindern;SN18700;26.02.2024 13:00;3,9
Oslo - Blindern;SN18700;26.02.2024 14:00;4,7
Oslo - Blindern;SN18700;26.02.2024 15:00;4,8
Oslo - Blindern;SN18700;26.02.2024 16:00;3
Oslo - Blindern;SN18700;26.02.2024 17:00;2
Oslo - Blindern;SN18700;26.02.2024 18:00;0,5
Oslo - Blindern;SN18700;26.02.2024 19:00;-0,3
Oslo - Blindern;SN18700;26.02.2024 20:00;-0,8
Oslo - Blindern;SN18700;26.02.2024 21:00;-1,6
Oslo - Blindern;SN18700;26.02.2024 22:00;-1,5
Oslo - Blindern;SN18700;26.02.2024 23:00;-1
Oslo - Blindern;SN18700;27.02.2024 00:00;-0,6
Oslo - Blindern;SN18700;27.02.2024 01:00;-1,1
Oslo - Blindern;SN18700;27.02.2024 02:00;-1,1
Oslo - Blindern;SN18700;27.02.2024 03:00;-1,1
Oslo - Blindern;SN18700;27.02.2024 04:00;-1,6
Oslo - Blindern;SN18700;27.02.2024 05:00;-1,4
Oslo - Blindern;SN18700;27.02.2024 06:00;-1,1
Oslo - Blindern;SN18700;27.02.2024 07:00;-1
Oslo - Blindern;SN18700;27.02.2024 08:00;-0,8
Oslo - Blindern;SN18700;27.02.2024 09:00;-0,2
Oslo - Blindern;SN18700;27.02.2024 10:00;0,1
Oslo - Blindern;SN18700;27.02.2024 11:00;0,9
Oslo - Blindern;SN18700;27.02.2024 12:00;1,7
Oslo - Blindern;SN18700;27.02.2024 13:00;2,7
Oslo - Blindern;SN18700;27.02.2024 14:00;3,3
Oslo - Blindern;SN18700;27.02.2024 15:00;3,2
Oslo - Blindern;SN18700;27.02.2024 16:00;2,5
Oslo - Blindern;SN18700;27.02.2024 17:00;2,2
Oslo - Blindern;SN18700;27.02.2024 18:00;1,8
Oslo - Blindern;SN18700;27.02.2024 19:00;1,9
Oslo - Blindern;SN18700;27.02.2024 20:00;2,2
Oslo - Blindern;SN18700;27.02.2024 21:00;2,3
Oslo - Blindern;SN18700;27.02.2024 22:00;2,4
Oslo - Blindern;SN18700;27.02.2024 23:00;2,3
Oslo - Blindern;SN18700;28.02.2024 00:00;2,4
Oslo - Blindern;SN18700;28.02.2024 01:00;2,5
Oslo - Blindern;SN18700;28.02.2024 02:00;2,5
Oslo - Blindern;SN18700;28.02.2024 03:00;2,4
Oslo - Blindern;SN18700;28.02.2024 04:00;2,2
Oslo - Blindern;SN18700;28.02.2024 05:00;2,4
Oslo - Blindern;SN18700;28.02.2024 06:00;2,3
Oslo - Blindern;SN18700;28.02.2024 07:00;2,3
Oslo - Blindern;SN18700;28.02.2024 08:00;2,4
Oslo - Blindern;SN18700;28.02.2024 09:00;2,8
Oslo - Blindern;SN18700;28.02.2024 10:00;3,4
Oslo - Blindern;SN18700;28.02.2024 11:00;4,3
Oslo - Blindern;SN18700;28.02.2024 12:00;5,9
Oslo - Blindern;SN18700;28.02.2024 13:00;5,4
Oslo - Blindern;SN18700;28.02.2024 14:00;6,6
Oslo - Blindern;SN18700;28.02.2024 15:00;5,7
Oslo - Blindern;SN18700;28.02.2024 16:00;5
Oslo - Blindern;SN18700;28.02.2024 17:00;4,6
Oslo - Blindern;SN18700;28.02.2024 18:00;4,3
Oslo - Blindern;SN18700;28.02.2024 19:00;3,5
Oslo - Blindern;SN18700;28.02.2024 20:00;3,4
Oslo - Blindern;SN18700;28.02.2024 21:00;2,9
Oslo - Blindern;SN18700;28.02.2024 22:00;2,8
Oslo - Blindern;SN18700;28.02.2024 23:00;2,5
Oslo - Blindern;SN18700;29.02.2024 00:00;2,1
Oslo - Blindern;SN18700;29.02.2024 01:00;2,8
Oslo - Blindern;SN18700;29.02.2024 02:00;3,3
Oslo - Blindern;SN18700;29.02.2024 03:00;3,5
Oslo - Blindern;SN18700;29.02.2024 04:00;3,5
Oslo - Blindern;SN18700;29.02.2024 05:00;3,7
Oslo - Blindern;SN18700;29.02.2024 06:00;3,8
Oslo - Blindern;SN18700;29.02.2024 07:00;3,6
Oslo - Blindern;SN18700;29.02.2024 08:00;3,4
Oslo - Blindern;SN18700;29.02.2024 09:00;3,7
Oslo - Blindern;SN18700;29.02.2024 10:00;3,7
Oslo - Blindern;SN18700;29.02.2024 11:00;3,8
Oslo - Blindern;SN18700;29.02.2024 12:00;3,8
Oslo - Blindern;SN18700;29.02.2024 13:00;3,9
Oslo - Blindern;SN18700;29.02.2024 14:00;4
Oslo - Blindern;SN18700;29.02.2024 15:00;4,2
Oslo - Blindern;SN18700;29.02.2024 16:00;4,3
Oslo - Blindern;SN18700;29.02.2024 17:00;4,3
Oslo - Blindern;SN18700;29.02.2024 18:00;4,2
Oslo - Blindern;SN18700;29.02.2024 19:00;4,1
Oslo - Blindern;SN18700;29.02.2024 20:00;4
Oslo - Blindern;SN18700;29.02.2024 21:00;4
Oslo - Blindern;SN18700;29.02.2024 22:00;4
Oslo - Blindern;SN18700;29.02.2024 23:00;4
Oslo - Blindern;SN18700;01.03.2024 00:00;4
Oslo - Blindern;SN18700;01.03.2024 01:00;3,9
Oslo - Blindern;SN18700;01.03.2024 02:00;3,8
Oslo - Blindern;SN18700;01.03.2024 03:00;3,7
Oslo - Blindern;SN18700;01.03.2024 04:00;3,7
Oslo - Blindern;SN18700;01.03.2024 05:00;3,7
Oslo - Blindern;SN18700;01.03.2024 06:00;3,8
Oslo - Blindern;SN18700;01.03.2024 07:00;3,6
Oslo - Blindern;SN18700;01.03.2024 08:00;3,9
Oslo - Blindern;SN18700;01.03.2024 09:00;3,8
Oslo - Blindern;SN18700;01.03.2024 10:00;3
Oslo - Blindern;SN18700;01.03.2024 11:00;2,9
Oslo - Blindern;SN18700;01.03.2024 12:00;3,2
Oslo - Blindern;SN18700;01.03.2024 13:00;3,7
Oslo - Blindern;SN18700;01.03.2024 14:00;4,7
Oslo - Blindern;SN18700;01.03.2024 15:00;4,4
Oslo - Blindern;SN18700;01.03.2024 16:00;4,1
Oslo - Blindern;SN18700;01.03.2024 17:00;3,6
Oslo - Blindern;SN18700;01.03.2024 18:00;3,5
Oslo - Blindern;SN18700;01.03.2024 19:00;3,8
Oslo - Blindern;SN18700;01.03.2024 20:00;3,9
Oslo - Blindern;SN18700;01.03.2024 21:00;4,1
Oslo - Blindern;SN18700;01.03.2024 22:00;4
Oslo - Blindern;SN18700;01.03.2024 23:00;4,1
Oslo - Blindern;SN18700;02.03.2024 00:00;4,2
Oslo - Blindern;SN18700;02.03.2024 01:00;4
Oslo - Blindern;SN18700;02.03.2024 02:00;4
Oslo - Blindern;SN18700;02.03.2024 03:00;3,8
Oslo - Blindern;SN18700;02.03.2024 04:00;3,7
Oslo - Blindern;SN18700;02.03.2024 05:00;4,1
Oslo - Blindern;SN18700;02.03.2024 06:00;3,7
Oslo - Blindern;SN18700;02.03.2024 07:00;3,9
Oslo - Blindern;SN18700;02.03.2024 08:00;3,7
Oslo - Blindern;SN18700;02.03.2024 09:00;3,8
Oslo - Blindern;SN18700;02.03.2024 10:00;4,1
Oslo - Blindern;SN18700;02.03.2024 11:00;4,4
Oslo - Blindern;SN18700;02.03.2024 12:00;4,4
Oslo - Blindern;SN18700;02.03.2024 13:00;4,9
Oslo - Blindern;SN18700;02.03.2024 14:00;4,7
Oslo - Blindern;SN18700;02.03.2024 15:00;4,7
Oslo - Blindern;SN18700;02.03.2024 16:00;4,6
Oslo - Blindern;SN18700;02.03.2024 17:00;4,4
Oslo - Blindern;SN18700;02.03.2024 18:00;4,3
Oslo - Blindern;SN18700;02.03.2024 19:00;4,2
Oslo - Blindern;SN18700;02.03.2024 20:00;4,1
Oslo - Blindern;SN18700;02.03.2024 21:00;4,2
Oslo - Blindern;SN18700;02.03.2024 22:00;4,1
Oslo - Blindern;SN18700;02.03.2024 23:00;4
Oslo - Blindern;SN18700;03.03.2024 00:00;4
Oslo - Blindern;SN18700;03.03.2024 01:00;3,8
Oslo - Blindern;SN18700;03.03.2024 02:00;3,9
Oslo - Blindern;SN18700;03.03.2024 03:00;3,9
Oslo - Blindern;SN18700;03.03.2024 04:00;3,9
Oslo - Blindern;SN18700;03.03.2024 05:00;3,9
Oslo - Blindern;SN18700;03.03.2024 06:00;3,8
Oslo - Blindern;SN18700;03.03.2024 07:00;4,1
Oslo - Blindern;SN18700;03.03.2024 08:00;3,8
Oslo - Blindern;SN18700;03.03.2024 09:00;4,1
Oslo - Blindern;SN18700;03.03.2024 10:00;4,1
Oslo - Blindern;SN18700;03.03.2024 11:00;4,3
Oslo - Blindern;SN18700;03.03.2024 12:00;4,2
Oslo - Blindern;SN18700;03.03.2024 13:00;4,3
Oslo - Blindern;SN18700;03.03.2024 14:00;4,4
Oslo - Blindern;SN18700;03.03.2024 15:00;4,4
Oslo - Blindern;SN18700;03.03.2024 16:00;4,5
Oslo - Blindern;SN18700;03.03.2024 17:00;4,5
Oslo - Blindern;SN18700;03.03.2024 18:00;4,5
Oslo - Blindern;SN18700;03.03.2024 19:00;4,5
Oslo - Blindern;SN18700;03.03.2024 20:00;4,5
Oslo - Blindern;SN18700;03.03.2024 21:00;4,4
Oslo - Blindern;SN18700;03.03.2024 22:00;4,2
Oslo - Blindern;SN18700;03.03.2024 23:00;4,1
Oslo - Blindern;SN18700;04.03.2024 00:00;4
Oslo - Blindern;SN18700;04.03.2024 01:00;3,8
Oslo - Blindern;SN18700;04.03.2024 02:00;3,7
Oslo - Blindern;SN18700;04.03.2024 03:00;3,5
Oslo - Blindern;SN18700;04.03.2024 04:00;3,4
Oslo - Blindern;SN18700;04.03.2024 05:00;3,1
Oslo - Blindern;SN18700;04.03.2024 06:00;3,1
Oslo - Blindern;SN18700;04.03.2024 07:00;3
Oslo - Blindern;SN18700;04.03.2024 08:00;3,4
Oslo - Blindern;SN18700;04.03.2024 09:00;3,6
Oslo - Blindern;SN18700;04.03.2024 10:00;4,1
Oslo - Blindern;SN18700;04.03.2024 11:00;4,5
Oslo - Blindern;SN18700;04.03.2024 12:00;4,4
Oslo - Blindern;SN18700;04.03.2024 13:00;4,1
Oslo - Blindern;SN18700;04.03.2024 14:00;4
Oslo - Blindern;SN18700;04.03.2024 15:00;4,1
Oslo - Blindern;SN18700;04.03.2024 16:00;3,9
Oslo - Blindern;SN18700;04.03.2024 17:00;3,6
Oslo - Blindern;SN18700;04.03.2024 18:00;3,2
Oslo - Blindern;SN18700;04.03.2024 19:00;3,1
Oslo - Blindern;SN18700;04.03.2024 20:00;3
Oslo - Blindern;SN18700;04.03.2024 21:00;2,9
Oslo - Blindern;SN18700;04.03.2024 22:00;3
Oslo - Blindern;SN18700;04.03.2024 23:00;2,8
Oslo - Blindern;SN18700;05.03.2024 00:00;2,7
Oslo - Blindern;SN18700;05.03.2024 01:00;2,6
Oslo - Blindern;SN18700;05.03.2024 02:00;2,5
Oslo - Blindern;SN18700;05.03.2024 03:00;2,4
Oslo - Blindern;SN18700;05.03.2024 04:00;2,4
Oslo - Blindern;SN18700;05.03.2024 05:00;2,4
Oslo - Blindern;SN18700;05.03.2024 06:00;2,3
Oslo - Blindern;SN18700;05.03.2024 07:00;2,2
Oslo - Blindern;SN18700;05.03.2024 08:00;2,2
Oslo - Blindern;SN18700;05.03.2024 09:00;2,6
Oslo - Blindern;SN18700;05.03.2024 10:00;2,7
Oslo - Blindern;SN18700;05.03.2024 11:00;2,6
Oslo - Blindern;SN18700;05.03.2024 12:00;3,9
Oslo - Blindern;SN18700;05.03.2024 13:00;4,3
Oslo - Blindern;SN18700;05.03.2024 14:00;4,6
Oslo - Blindern;SN18700;05.03.2024 15:00;4,8
Oslo - Blindern;SN18700;05.03.2024 16:00;4,3
Oslo - Blindern;SN18700;05.03.2024 17:00;4
Oslo - Blindern;SN18700;05.03.2024 18:00;3
Oslo - Blindern;SN18700;05.03.2024 19:00;2
Oslo - Blindern;SN18700;05.03.2024 20:00;1,8
Oslo - Blindern;SN18700;05.03.2024 21:00;1,4
Oslo - Blindern;SN18700;05.03.2024 22:00;1,2
Oslo - Blindern;SN18700;05.03.2024 23:00;1
Oslo - Blindern;SN18700;06.03.2024 00:00;0,9
Oslo - Blindern;SN18700;06.03.2024 01:00;0,9
Oslo - Blindern;SN18700;06.03.2024 02:00;0,8
Oslo - Blindern;SN18700;06.03.2024 03:00;0,6
Oslo - Blindern;SN18700;06.03.2024 04:00;0,4
Oslo - Blindern;SN18700;06.03.2024 05:00;0,2
Oslo - Blindern;SN18700;06.03.2024 06:00;0,2
Oslo - Blindern;SN18700;06.03.2024 07:00;0
Oslo - Blindern;SN18700;06.03.2024 08:00;0,3
Oslo - Blindern;SN18700;06.03.2024 09:00;0,9
Oslo - Blindern;SN18700;06.03.2024 10:00;1,3
Oslo - Blindern;SN18700;06.03.2024 11:00;2,3
Oslo - Blindern;SN18700;06.03.2024 12:00;2,9
Oslo - Blindern;SN18700;06.03.2024 13:00;4
Oslo - Blindern;SN18700;06.03.2024 14:00;4,1
Oslo - Blindern;SN18700;06.03.2024 15:00;4,5
Oslo - Blindern;SN18700;06.03.2024 16:00;4,5
Oslo - Blindern;SN18700;06.03.2024 17:00;3,8
Oslo - Blindern;SN18700;06.03.2024 18:00;2,9
Oslo - Blindern;SN18700;06.03.2024 19:00;0,1
Oslo - Blindern;SN18700;06.03.2024 20:00;-0,6
Oslo - Blindern;SN18700;06.03.2024 21:00;-1,7
Oslo - Blindern;SN18700;06.03.2024 22:00;-1,5
Oslo - Blindern;SN18700;06.03.2024 23:00;-1,5
Oslo - Blindern;SN18700;07.03.2024 00:00;-2,4
Oslo - Blindern;SN18700;07.03.2024 01:00;-2,3
Oslo - Blindern;SN18700;07.03.2024 02:00;-2,8
Oslo - Blindern;SN18700;07.03.2024 03:00;-2,9
Oslo - Blindern;SN18700;07.03.2024 04:00;-3,4
Oslo - Blindern;SN18700;07.03.2024 05:00;-3,8
Oslo - Blindern;SN18700;07.03.2024 06:00;-4,5
Oslo - Blindern;SN18700;07.03.2024 07:00;-3,9
Oslo - Blindern;SN18700;07.03.2024 08:00;-2,9
Oslo - Blindern;SN18700;07.03.2024 09:00;0,6
Oslo - Blindern;SN18700;07.03.2024 10:00;0,7
Oslo - Blindern;SN18700;07.03.2024 11:00;3,4
Oslo - Blindern;SN18700;07.03.2024 12:00;4,8
Oslo - Blindern;SN18700;07.03.2024 13:00;5,9
Oslo - Blindern;SN18700;07.03.2024 14:00;6,6
Oslo - Blindern;SN18700;07.03.2024 15:00;7,3
Oslo - Blindern;SN18700;07.03.2024 16:00;7,3
Oslo - Blindern;SN18700;07.03.2024 17:00;6,1
Oslo - Blindern;SN18700;07.03.2024 18:00;4,1
Oslo - Blindern;SN18700;07.03.2024 19:00;1,6
Oslo - Blindern;SN18700;07.03.2024 20:00;0,6
Oslo - Blindern;SN18700;07.03.2024 21:00;-0,3
Oslo - Blindern;SN18700;07.03.2024 22:00;-0,1
Oslo - Blindern;SN18700;07.03.2024 23:00;-0,2
Oslo - Blindern;SN18700;08.03.2024 00:00;-1,1
Oslo - Blindern;SN18700;08.03.2024 01:00;-1,8
Oslo - Blindern;SN18700;08.03.2024 02:00;-2,1
Oslo - Blindern;SN18700;08.03.2024 03:00;-2,1
Oslo - Blindern;SN18700;08.03.2024 04:00;-3
Oslo - Blindern;SN18700;08.03.2024 05:00;-3,1
Oslo - Blindern;SN18700;08.03.2024 06:00;-3,3
Oslo - Blindern;SN18700;08.03.2024 07:00;-2,9
Oslo - Blindern;SN18700;08.03.2024 08:00;-1,5
Oslo - Blindern;SN18700;08.03.2024 09:00;0,7
Oslo - Blindern;SN18700;08.03.2024 10:00;2,4
Oslo - Blindern;SN18700;08.03.2024 11:00;3,9
Oslo - Blindern;SN18700;08.03.2024 12:00;5
Oslo - Blindern;SN18700;08.03.2024 13:00;5,5
Oslo - Blindern;SN18700;08.03.2024 14:00;6,3
Oslo - Blindern;SN18700;08.03.2024 15:00;6,6
Oslo - Blindern;SN18700;08.03.2024 16:00;6,1
Oslo - Blindern;SN18700;08.03.2024 17:00;5,3
Oslo - Blindern;SN18700;08.03.2024 18:00;3,9
Oslo - Blindern;SN18700;08.03.2024 19:00;2,9
Oslo - Blindern;SN18700;08.03.2024 20:00;1,8
Oslo - Blindern;SN18700;08.03.2024 21:00;1,7
Oslo - Blindern;SN18700;08.03.2024 22:00;1,4
Oslo - Blindern;SN18700;08.03.2024 23:00;1,1
Oslo - Blindern;SN18700;09.03.2024 00:00;1,3
Oslo - Blindern;SN18700;09.03.2024 01:00;1,1
Oslo - Blindern;SN18700;09.03.2024 02:00;2
Oslo - Blindern;SN18700;09.03.2024 03:00;2
Oslo - Blindern;SN18700;09.03.2024 04:00;1,6
Oslo - Blindern;SN18700;09.03.2024 05:00;1,1
Oslo - Blindern;SN18700;09.03.2024 06:00;0,8
Oslo - Blindern;SN18700;09.03.2024 07:00;0,6
Oslo - Blindern;SN18700;09.03.2024 08:00;0,2
Oslo - Blindern;SN18700;09.03.2024 09:00;0
Oslo - Blindern;SN18700;09.03.2024 10:00;0
Oslo - Blindern;SN18700;09.03.2024 11:00;0,5
Oslo - Blindern;SN18700;09.03.2024 12:00;2,1
Oslo - Blindern;SN18700;09.03.2024 13:00;1,8
Oslo - Blindern;SN18700;09.03.2024 14:00;1,8
Oslo - Blindern;SN18700;09.03.2024 15:00;1,8
Oslo - Blindern;SN18700;09.03.2024 16:00;1,7
Oslo - Blindern;SN18700;09.03.2024 17:00;1,6
Oslo - Blindern;SN18700;09.03.2024 18:00;1
Oslo - Blindern;SN18700;09.03.2024 19:00;0,5
Oslo - Blindern;SN18700;09.03.2024 20:00;0,2
Oslo - Blindern;SN18700;09.03.2024 21:00;-0,4
Oslo - Blindern;SN18700;09.03.2024 22:00;-0,4
Oslo - Blindern;SN18700;09.03.2024 23:00;-0,4
Oslo - Blindern;SN18700;10.03.2024 00:00;-0,4
Oslo - Blindern;SN18700;10.03.2024 01:00;-0,7
Oslo - Blindern;SN18700;10.03.2024 02:00;-0,9
Oslo - Blindern;SN18700;10.03.2024 03:00;-1
Oslo - Blindern;SN18700;10.03.2024 04:00;-1,1
Oslo - Blindern;SN18700;10.03.2024 05:00;-1,4
Oslo - Blindern;SN18700;10.03.2024 06:00;-1,6
Oslo - Blindern;SN18700;10.03.2024 07:00;-1,9
Oslo - Blindern;SN18700;10.03.2024 08:00;-2
Oslo - Blindern;SN18700;10.03.2024 09:00;-2,2
Oslo - Blindern;SN18700;10.03.2024 10:00;-2,2
Oslo - Blindern;SN18700;10.03.2024 11:00;-2
Oslo - Blindern;SN18700;10.03.2024 12:00;-1,8
Oslo - Blindern;SN18700;10.03.2024 13:00;-1,5
Oslo - Blindern;SN18700;10.03.2024 14:00;-1,3
Oslo - Blindern;SN18700;10.03.2024 15:00;-1,2
Oslo - Blindern;SN18700;10.03.2024 16:00;-1,1
Oslo - Blindern;SN18700;10.03.2024 17:00;-1,1
Oslo - Blindern;SN18700;10.03.2024 18:00;-1,1
Oslo - Blindern;SN18700;10.03.2024 19:00;-1
Oslo - Blindern;SN18700;10.03.2024 20:00;-1,1
Oslo - Blindern;SN18700;10.03.2024 21:00;-1,1
Oslo - Blindern;SN18700;10.03.2024 22:00;-1,1
Oslo - Blindern;SN18700;10.03.2024 23:00;-1,1
Oslo - Blindern;SN18700;11.03.2024 00:00;-1,2
Oslo - Blindern;SN18700;11.03.2024 01:00;-1,2
Oslo - Blindern;SN18700;11.03.2024 02:00;-1,3
Oslo - Blindern;SN18700;11.03.2024 03:00;-1,4
Oslo - Blindern;SN18700;11.03.2024 04:00;-1,4
Oslo - Blindern;SN18700;11.03.2024 05:00;-1,5
Oslo - Blindern;SN18700;11.03.2024 06:00;-1,5
Oslo - Blindern;SN18700;11.03.2024 07:00;-1,7
Oslo - Blindern;SN18700;11.03.2024 08:00;-1,5
Oslo - Blindern;SN18700;11.03.2024 09:00;-1,3
Oslo - Blindern;SN18700;11.03.2024 10:00;-0,7
Oslo - Blindern;SN18700;11.03.2024 11:00;-0,1
Oslo - Blindern;SN18700;11.03.2024 12:00;0,6
Oslo - Blindern;SN18700;11.03.2024 13:00;1,1
Oslo - Blindern;SN18700;11.03.2024 14:00;1,7
Oslo - Blindern;SN18700;11.03.2024 15:00;2
Oslo - Blindern;SN18700;11.03.2024 16:00;2,3
Oslo - Blindern;SN18700;11.03.2024 17:00;1,6
Oslo - Blindern;SN18700;11.03.2024 18:00;0,9
Oslo - Blindern;SN18700;11.03.2024 19:00;0,1
Oslo - Blindern;SN18700;11.03.2024 20:00;-0,2
Oslo - Blindern;SN18700;11.03.2024 21:00;-0,6
Oslo - Blindern;SN18700;11.03.2024 22:00;-0,5
Oslo - Blindern;SN18700;11.03.2024 23:00;-0,7
Oslo - Blindern;SN18700;12.03.2024 00:00;-0,8
Oslo - Blindern;SN18700;12.03.2024 01:00;-0,9
Oslo - Blindern;SN18700;12.03.2024 02:00;-1,3
Oslo - Blindern;SN18700;12.03.2024 03:00;-1,3
Oslo - Blindern;SN18700;12.03.2024 04:00;-1,9
Oslo - Blindern;SN18700;12.03.2024 05:00;-1,7
Oslo - Blindern;SN18700;12.03.2024 06:00;-1,6
Oslo - Blindern;SN18700;12.03.2024 07:00;-3,3
Oslo - Blindern;SN18700;12.03.2024 08:00;-2,6
Oslo - Blindern;SN18700;12.03.2024 09:00;-1,4
Oslo - Blindern;SN18700;12.03.2024 10:00;-0,8
Oslo - Blindern;SN18700;12.03.2024 11:00;0,9
Oslo - Blindern;SN18700;12.03.2024 12:00;3,6
Oslo - Blindern;SN18700;12.03.2024 13:00;4,5
Oslo - Blindern;SN18700;12.03.2024 14:00;5,7
Oslo - Blindern;SN18700;12.03.2024 15:00;5,9
Oslo - Blindern;SN18700;12.03.2024 16:00;6,6
Oslo - Blindern;SN18700;12.03.2024 17:00;5
Oslo - Blindern;SN18700;12.03.2024 18:00;3,5
Oslo - Blindern;SN18700;12.03.2024 19:00;1,5
Oslo - Blindern;SN18700;12.03.2024 20:00;0,8
Oslo - Blindern;SN18700;12.03.2024 21:00;0,6
Oslo - Blindern;SN18700;12.03.2024 22:00;-0,3
Oslo - Blindern;SN18700;12.03.2024 23:00;-0,5
Oslo - Blindern;SN18700;13.03.2024 00:00;0
Oslo - Blindern;SN18700;13.03.2024 01:00;0,4
Oslo - Blindern;SN18700;13.03.2024 02:00;0,9
Oslo - Blindern;SN18700;13.03.2024 03:00;0,6
Oslo - Blindern;SN18700;13.03.2024 04:00;0,6
Oslo - Blindern;SN18700;13.03.2024 05:00;0,7
Oslo - Blindern;SN18700;13.03.2024 06:00;0,9
Oslo - Blindern;SN18700;13.03.2024 07:00;0,9
Oslo - Blindern;SN18700;13.03.2024 08:00;1
Oslo - Blindern;SN18700;13.03.2024 09:00;1,5
Oslo - Blindern;SN18700;13.03.2024 10:00;1,7
Oslo - Blindern;SN18700;13.03.2024 11:00;2,2
Oslo - Blindern;SN18700;13.03.2024 12:00;2,3
Oslo - Blindern;SN18700;13.03.2024 13:00;2,6
Oslo - Blindern;SN18700;13.03.2024 14:00;2,5
Oslo - Blindern;SN18700;13.03.2024 15:00;2,8
Oslo - Blindern;SN18700;13.03.2024 16:00;3,1
Oslo - Blindern;SN18700;13.03.2024 17:00;3,2
Oslo - Blindern;SN18700;13.03.2024 18:00;3,5
Oslo - Blindern;SN18700;13.03.2024 19:00;3,3
Oslo - Blindern;SN18700;13.03.2024 20:00;3,3
Oslo - Blindern;SN18700;13.03.2024 21:00;3,8
Oslo - Blindern;SN18700;13.03.2024 22:00;4,5
Oslo - Blindern;SN18700;13.03.2024 23:00;4,7
Oslo - Blindern;SN18700;14.03.2024 00:00;4,9
Oslo - Blindern;SN18700;14.03.2024 01:00;5
Oslo - Blindern;SN18700;14.03.2024 02:00;4,9
Oslo - Blindern;SN18700;14.03.2024 03:00;5
Oslo - Blindern;SN18700;14.03.2024 04:00;4,9
Oslo - Blindern;SN18700;14.03.2024 05:00;4,7
Oslo - Blindern;SN18700;14.03.2024 06:00;4,7
Oslo - Blindern;SN18700;14.03.2024 07:00;4,7
Oslo - Blindern;SN18700;14.03.2024 08:00;4,7
Oslo - Blindern;SN18700;14.03.2024 09:00;5
Oslo - Blindern;SN18700;14.03.2024 10:00;6,1
Oslo - Blindern;SN18700;14.03.2024 11:00;8,5
Oslo - Blindern;SN18700;14.03.2024 12:00;9,4
Oslo - Blindern;SN18700;14.03.2024 13:00;9,5
Oslo - Blindern;SN18700;14.03.2024 14:00;9,6
Oslo - Blindern;SN18700;14.03.2024 15:00;9,4
Oslo - Blindern;SN18700;14.03.2024 16:00;9,1
Oslo - Blindern;SN18700;14.03.2024 17:00;7,3
Oslo - Blindern;SN18700;14.03.2024 18:00;6,1
Oslo - Blindern;SN18700;14.03.2024 19:00;5,4
Oslo - Blindern;SN18700;14.03.2024 20:00;5,3
Oslo - Blindern;SN18700;14.03.2024 21:00;5,1
Oslo - Blindern;SN18700;14.03.2024 22:00;5
Oslo - Blindern;SN18700;14.03.2024 23:00;4,9
Oslo - Blindern;SN18700;15.03.2024 00:00;4,9
Oslo - Blindern;SN18700;15.03.2024 01:00;4,7
Oslo - Blindern;SN18700;15.03.2024 02:00;3,9
Oslo - Blindern;SN18700;15.03.2024 03:00;3,4
Oslo - Blindern;SN18700;15.03.2024 04:00;4,3
Oslo - Blindern;SN18700;15.03.2024 05:00;4
Oslo - Blindern;SN18700;15.03.2024 06:00;3,6
Oslo - Blindern;SN18700;15.03.2024 07:00;3,6
Oslo - Blindern;SN18700;15.03.2024 08:00;3,7
Oslo - Blindern;SN18700;15.03.2024 09:00;4
Oslo - Blindern;SN18700;15.03.2024 10:00;4,3
Oslo - Blindern;SN18700;15.03.2024 11:00;4,6
Oslo - Blindern;SN18700;15.03.2024 12:00;4,5
Oslo - Blindern;SN18700;15.03.2024 13:00;4,8
Oslo - Blindern;SN18700;15.03.2024 14:00;5,1
Oslo - Blindern;SN18700;15.03.2024 15:00;4,8
Oslo - Blindern;SN18700;15.03.2024 16:00;4,3
Oslo - Blindern;SN18700;15.03.2024 17:00;4,3
Oslo - Blindern;SN18700;15.03.2024 18:00;4,2
Oslo - Blindern;SN18700;15.03.2024 19:00;4,4
Oslo - Blindern;SN18700;15.03.2024 20:00;4,2
Oslo - Blindern;SN18700;15.03.2024 21:00;4
Oslo - Blindern;SN18700;15.03.2024 22:00;4,2
Oslo - Blindern;SN18700;15.03.2024 23:00;4,7
Oslo - Blindern;SN18700;16.03.2024 00:00;4,6
Oslo - Blindern;SN18700;16.03.2024 01:00;4,8
Oslo - Blindern;SN18700;16.03.2024 02:00;4
Oslo - Blindern;SN18700;16.03.2024 03:00;3,4
Oslo - Blindern;SN18700;16.03.2024 04:00;3,6
Oslo - Blindern;SN18700;16.03.2024 05:00;3,6
Oslo - Blindern;SN18700;16.03.2024 06:00;3,2
Oslo - Blindern;SN18700;16.03.2024 07:00;2,6
Oslo - Blindern;SN18700;16.03.2024 08:00;1,8
Oslo - Blindern;SN18700;16.03.2024 09:00;1
Oslo - Blindern;SN18700;16.03.2024 10:00;1,1
Oslo - Blindern;SN18700;16.03.2024 11:00;0,4
Oslo - Blindern;SN18700;16.03.2024 12:00;-0,3
Oslo - Blindern;SN18700;16.03.2024 13:00;-0,4
Oslo - Blindern;SN18700;16.03.2024 14:00;-0,7
Oslo - Blindern;SN18700;16.03.2024 15:00;-0,7
Oslo - Blindern;SN18700;16.03.2024 16:00;-0,6
Oslo - Blindern;SN18700;16.03.2024 17:00;-0,4
Oslo - Blindern;SN18700;16.03.2024 18:00;-0,2
Oslo - Blindern;SN18700;16.03.2024 19:00;-0,3
Oslo - Blindern;SN18700;16.03.2024 20:00;-0,3
Oslo - Blindern;SN18700;16.03.2024 21:00;-0,8
Oslo - Blindern;SN18700;16.03.2024 22:00;-1,9
Oslo - Blindern;SN18700;16.03.2024 23:00;-2,7
Oslo - Blindern;SN18700;17.03.2024 00:00;-2,8
Oslo - Blindern;SN18700;17.03.2024 01:00;-3,1
Oslo - Blindern;SN18700;17.03.2024 02:00;-4
Oslo - Blindern;SN18700;17.03.2024 03:00;-3,6
Oslo - Blindern;SN18700;17.03.2024 04:00;-3,2
Oslo - Blindern;SN18700;17.03.2024 05:00;-3,7
Oslo - Blindern;SN18700;17.03.2024 06:00;-4,1
Oslo - Blindern;SN18700;17.03.2024 07:00;-3,9
Oslo - Blindern;SN18700;17.03.2024 08:00;-2,1
Oslo - Blindern;SN18700;17.03.2024 09:00;-0,7
Oslo - Blindern;SN18700;17.03.2024 10:00;0,3
Oslo - Blindern;SN18700;17.03.2024 11:00;1,2
Oslo - Blindern;SN18700;17.03.2024 12:00;1,8
Oslo - Blindern;SN18700;17.03.2024 13:00;1,4
Oslo - Blindern;SN18700;17.03.2024 14:00;1,1
Oslo - Blindern;SN18700;17.03.2024 15:00;1,5
Oslo - Blindern;SN18700;17.03.2024 16:00;1
Oslo - Blindern;SN18700;17.03.2024 17:00;0,7
Oslo - Blindern;SN18700;17.03.2024 18:00;-0,6
Oslo - Blindern;SN18700;17.03.2024 19:00;-1,3
Oslo - Blindern;SN18700;17.03.2024 20:00;-2
Oslo - Blindern;SN18700;17.03.2024 21:00;-2,4
Oslo - Blindern;SN18700;17.03.2024 22:00;-2,2
Oslo - Blindern;SN18700;17.03.2024 23:00;-2
Oslo - Blindern;SN18700;18.03.2024 00:00;-2,1
Oslo - Blindern;SN18700;18.03.2024 01:00;-2,5
Oslo - Blindern;SN18700;18.03.2024 02:00;-2,8
Oslo - Blindern;SN18700;18.03.2024 03:00;-3
Oslo - Blindern;SN18700;18.03.2024 04:00;-3,1
Oslo - Blindern;SN18700;18.03.2024 05:00;-3,2
Oslo - Blindern;SN18700;18.03.2024 06:00;-3,5
Oslo - Blindern;SN18700;18.03.2024 07:00;-4
Oslo - Blindern;SN18700;18.03.2024 08:00;-3,2
Oslo - Blindern;SN18700;18.03.2024 09:00;-2
Oslo - Blindern;SN18700;18.03.2024 10:00;-0,9
Oslo - Blindern;SN18700;18.03.2024 11:00;-0,7
Oslo - Blindern;SN18700;18.03.2024 12:00;-0,7
Oslo - Blindern;SN18700;18.03.2024 13:00;0,6
Oslo - Blindern;SN18700;18.03.2024 14:00;1,2
Oslo - Blindern;SN18700;18.03.2024 15:00;1,5
Oslo - Blindern;SN18700;18.03.2024 16:00;2,5
Oslo - Blindern;SN18700;18.03.2024 17:00;1
Oslo - Blindern;SN18700;18.03.2024 18:00;0,2
Oslo - Blindern;SN18700;18.03.2024 19:00;0,4
Oslo - Blindern;SN18700;18.03.2024 20:00;0,2
Oslo - Blindern;SN18700;18.03.2024 21:00;-0,3
Oslo - Blindern;SN18700;18.03.2024 22:00;-0,4
Oslo - Blindern;SN18700;18.03.2024 23:00;-0,3
Oslo - Blindern;SN18700;19.03.2024 00:00;0,1
Oslo - Blindern;SN18700;19.03.2024 01:00;-0,1
Oslo - Blindern;SN18700;19.03.2024 02:00;-0,4
Oslo - Blindern;SN18700;19.03.2024 03:00;-0,6
Oslo - Blindern;SN18700;19.03.2024 04:00;-0,7
Oslo - Blindern;SN18700;19.03.2024 05:00;-0,8
Oslo - Blindern;SN18700;19.03.2024 06:00;-0,6
Oslo - Blindern;SN18700;19.03.2024 07:00;-0,7
Oslo - Blindern;SN18700;19.03.2024 08:00;-0,1
Oslo - Blindern;SN18700;19.03.2024 09:00;0,2
Oslo - Blindern;SN18700;19.03.2024 10:00;0,7
Oslo - Blindern;SN18700;19.03.2024 11:00;1,5
Oslo - Blindern;SN18700;19.03.2024 12:00;1,8
Oslo - Blindern;SN18700;19.03.2024 13:00;2
Oslo - Blindern;SN18700;19.03.2024 14:00;2
Oslo - Blindern;SN18700;19.03.2024 15:00;1,9
Oslo - Blindern;SN18700;19.03.2024 16:00;2
Oslo - Blindern;SN18700;19.03.2024 17:00;2
Oslo - Blindern;SN18700;19.03.2024 18:00;1,7
Oslo - Blindern;SN18700;19.03.2024 19:00;0,7
Oslo - Blindern;SN18700;19.03.2024 20:00;0,6
Oslo - Blindern;SN18700;19.03.2024 21:00;0,6
Oslo - Blindern;SN18700;19.03.2024 22:00;0,5
Oslo - Blindern;SN18700;19.03.2024 23:00;0,8
Oslo - Blindern;SN18700;20.03.2024 00:00;0,8
Oslo - Blindern;SN18700;20.03.2024 01:00;0,9
Oslo - Blindern;SN18700;20.03.2024 02:00;0,6
Oslo - Blindern;SN18700;20.03.2024 03:00;0,9
Oslo - Blindern;SN18700;20.03.2024 04:00;0,9
Oslo - Blindern;SN18700;20.03.2024 05:00;0,9
Oslo - Blindern;SN18700;20.03.2024 06:00;0,9
Oslo - Blindern;SN18700;20.03.2024 07:00;1
Oslo - Blindern;SN18700;20.03.2024 08:00;1,3
Oslo - Blindern;SN18700;20.03.2024 09:00;1,6
Oslo - Blindern;SN18700;20.03.2024 10:00;2
Oslo - Blindern;SN18700;20.03.2024 11:00;2,4
Oslo - Blindern;SN18700;20.03.2024 12:00;3,9
Oslo - Blindern;SN18700;20.03.2024 13:00;4,9
Oslo - Blindern;SN18700;20.03.2024 14:00;4,5
Oslo - Blindern;SN18700;20.03.2024 15:00;4,2
Oslo - Blindern;SN18700;20.03.2024 16:00;3,9
Oslo - Blindern;SN18700;20.03.2024 17:00;3,5
Oslo - Blindern;SN18700;20.03.2024 18:00;3,3
Oslo - Blindern;SN18700;20.03.2024 19:00;3,1
Oslo - Blindern;SN18700;20.03.2024 20:00;3
Oslo - Blindern;SN18700;20.03.2024 21:00;3
Oslo - Blindern;SN18700;20.03.2024 22:00;2,7
Oslo - Blindern;SN18700;20.03.2024 23:00;2,6
Oslo - Blindern;SN18700;21.03.2024 00:00;2,4
Oslo - Blindern;SN18700;21.03.2024 01:00;2,2
Oslo - Blindern;SN18700;21.03.2024 02:00;2,2
Oslo - Blindern;SN18700;21.03.2024 03:00;2,2
Oslo - Blindern;SN18700;21.03.2024 04:00;2,2
Oslo - Blindern;SN18700;21.03.2024 05:00;2,2
Oslo - Blindern;SN18700;21.03.2024 06:00;1,8
Oslo - Blindern;SN18700;21.03.2024 07:00;1,4
Oslo - Blindern;SN18700;21.03.2024 08:00;2,3
Oslo - Blindern;SN18700;21.03.2024 09:00;4,5
Oslo - Blindern;SN18700;21.03.2024 10:00;6,2
Oslo - Blindern;SN18700;21.03.2024 11:00;6,9
Oslo - Blindern;SN18700;21.03.2024 12:00;6,9
Oslo - Blindern;SN18700;21.03.2024 13:00;6,9
Oslo - Blindern;SN18700;21.03.2024 14:00;6,5
Oslo - Blindern;SN18700;21.03.2024 15:00;5,7
Oslo - Blindern;SN18700;21.03.2024 16:00;5,6
Oslo - Blindern;SN18700;21.03.2024 17:00;4,4
Oslo - Blindern;SN18700;21.03.2024 18:00;3,8
Oslo - Blindern;SN18700;21.03.2024 19:00;2,5
Oslo - Blindern;SN18700;21.03.2024 20:00;1,4
Oslo - Blindern;SN18700;21.03.2024 21:00;1
Oslo - Blindern;SN18700;21.03.2024 22:00;1,6
Oslo - Blindern;SN18700;21.03.2024 23:00;1,8
Oslo - Blindern;SN18700;22.03.2024 00:00;2
Oslo - Blindern;SN18700;22.03.2024 01:00;2,9
Oslo - Blindern;SN18700;22.03.2024 02:00;3,1
Oslo - Blindern;SN18700;22.03.2024 03:00;3,5
Oslo - Blindern;SN18700;22.03.2024 04:00;3,5
Oslo - Blindern;SN18700;22.03.2024 05:00;3,5
Oslo - Blindern;SN18700;22.03.2024 06:00;3,5
Oslo - Blindern;SN18700;22.03.2024 07:00;3,5
Oslo - Blindern;SN18700;22.03.2024 08:00;3,6
Oslo - Blindern;SN18700;22.03.2024 09:00;4,5
Oslo - Blindern;SN18700;22.03.2024 10:00;6,5
Oslo - Blindern;SN18700;22.03.2024 11:00;8,1
Oslo - Blindern;SN18700;22.03.2024 12:00;9,8
Oslo - Blindern;SN18700;22.03.2024 13:00;10,3
Oslo - Blindern;SN18700;22.03.2024 14:00;11,3
Oslo - Blindern;SN18700;22.03.2024 15:00;11,3
Oslo - Blindern;SN18700;22.03.2024 16:00;10,5
Oslo - Blindern;SN18700;22.03.2024 17:00;10,4
Oslo - Blindern;SN18700;22.03.2024 18:00;8,7
Oslo - Blindern;SN18700;22.03.2024 19:00;6,6
Oslo - Blindern;SN18700;22.03.2024 20:00;5,1
Oslo - Blindern;SN18700;22.03.2024 21:00;3,6
Oslo - Blindern;SN18700;22.03.2024 22:00;4
Oslo - Blindern;SN18700;22.03.2024 23:00;2,6
Oslo - Blindern;SN18700;23.03.2024 00:00;2,7
Oslo - Blindern;SN18700;23.03.2024 01:00;2,3
Oslo - Blindern;SN18700;23.03.2024 02:00;2,6
Oslo - Blindern;SN18700;23.03.2024 03:00;2,9
Oslo - Blindern;SN18700;23.03.2024 04:00;2,6
Oslo - Blindern;SN18700;23.03.2024 05:00;2,6
Oslo - Blindern;SN18700;23.03.2024 06:00;2,6
Oslo - Blindern;SN18700;23.03.2024 07:00;2,8
Oslo - Blindern;SN18700;23.03.2024 08:00;3,6
Oslo - Blindern;SN18700;23.03.2024 09:00;4,1
Oslo - Blindern;SN18700;23.03.2024 10:00;5,6
Oslo - Blindern;SN18700;23.03.2024 11:00;5,8
Oslo - Blindern;SN18700;23.03.2024 12:00;5,5
Oslo - Blindern;SN18700;23.03.2024 13:00;5,9
Oslo - Blindern;SN18700;23.03.2024 14:00;6,6
Oslo - Blindern;SN18700;23.03.2024 15:00;6,4
Oslo - Blindern;SN18700;23.03.2024 16:00;6,5
Oslo - Blindern;SN18700;23.03.2024 17:00;5,9
Oslo - Blindern;SN18700;23.03.2024 18:00;5,7
Oslo - Blindern;SN18700;23.03.2024 19:00;5
Oslo - Blindern;SN18700;23.03.2024 20:00;4,6
Oslo - Blindern;SN18700;23.03.2024 21:00;4,3
Oslo - Blindern;SN18700;23.03.2024 22:00;3,9
Oslo - Blindern;SN18700;23.03.2024 23:00;3,7
Oslo - Blindern;SN18700;24.03.2024 00:00;3,6
Oslo - Blindern;SN18700;24.03.2024 01:00;3,5
Oslo - Blindern;SN18700;24.03.2024 02:00;3,3
Oslo - Blindern;SN18700;24.03.2024 03:00;3,2
Oslo - Blindern;SN18700;24.03.2024 04:00;3,1
Oslo - Blindern;SN18700;24.03.2024 05:00;2,8
Oslo - Blindern;SN18700;24.03.2024 06:00;2,5
Oslo - Blindern;SN18700;24.03.2024 07:00;2,5
Oslo - Blindern;SN18700;24.03.2024 08:00;2,9
Oslo - Blindern;SN18700;24.03.2024 09:00;3,1
Oslo - Blindern;SN18700;24.03.2024 10:00;3,9
Oslo - Blindern;SN18700;24.03.2024 11:00;4,3
Oslo - Blindern;SN18700;24.03.2024 12:00;5
Oslo - Blindern;SN18700;24.03.2024 13:00;5,3
Oslo - Blindern;SN18700;24.03.2024 14:00;6,5
Oslo - Blindern;SN18700;24.03.2024 15:00;6,3
Oslo - Blindern;SN18700;24.03.2024 16:00;5,8
Oslo - Blindern;SN18700;24.03.2024 17:00;5,8
Oslo - Blindern;SN18700;24.03.2024 18:00;4,9
Oslo - Blindern;SN18700;24.03.2024 19:00;3,6
Oslo - Blindern;SN18700;24.03.2024 20:00;2,4
Oslo - Blindern;SN18700;24.03.2024 21:00;2,4
Oslo - Blindern;SN18700;24.03.2024 22:00;2,6
Oslo - Blindern;SN18700;24.03.2024 23:00;2,6
Oslo - Blindern;SN18700;25.03.2024 00:00;2,3
Oslo - Blindern;SN18700;25.03.2024 01:00;2,1
Oslo - Blindern;SN18700;25.03.2024 02:00;2
Oslo - Blindern;SN18700;25.03.2024 03:00;1,7
Oslo - Blindern;SN18700;25.03.2024 04:00;1,3
Oslo - Blindern;SN18700;25.03.2024 05:00;1,4
Oslo - Blindern;SN18700;25.03.2024 06:00;1,2
Oslo - Blindern;SN18700;25.03.2024 07:00;1,1
Oslo - Blindern;SN18700;25.03.2024 08:00;1,1
Oslo - Blindern;SN18700;25.03.2024 09:00;0,6
Oslo - Blindern;SN18700;25.03.2024 10:00;0,5
Oslo - Blindern;SN18700;25.03.2024 11:00;0,4
Oslo - Blindern;SN18700;25.03.2024 12:00;0,7
Oslo - Blindern;SN18700;25.03.2024 13:00;1,1
Oslo - Blindern;SN18700;25.03.2024 14:00;1
Oslo - Blindern;SN18700;25.03.2024 15:00;0,9
Oslo - Blindern;SN18700;25.03.2024 16:00;1,3
Oslo - Blindern;SN18700;25.03.2024 17:00;1,2
Oslo - Blindern;SN18700;25.03.2024 18:00;0,6
Oslo - Blindern;SN18700;25.03.2024 19:00;0,7
Oslo - Blindern;SN18700;25.03.2024 20:00;0,7
Oslo - Blindern;SN18700;25.03.2024 21:00;0,5
Oslo - Blindern;SN18700;25.03.2024 22:00;0,5
Oslo - Blindern;SN18700;25.03.2024 23:00;0,6
Oslo - Blindern;SN18700;26.03.2024 00:00;0,5
Oslo - Blindern;SN18700;26.03.2024 01:00;0,5
Oslo - Blindern;SN18700;26.03.2024 02:00;0,1
Oslo - Blindern;SN18700;26.03.2024 03:00;0
Oslo - Blindern;SN18700;26.03.2024 04:00;0
Oslo - Blindern;SN18700;26.03.2024 05:00;0
Oslo - Blindern;SN18700;26.03.2024 06:00;0,1
Oslo - Blindern;SN18700;26.03.2024 07:00;0,2
Oslo - Blindern;SN18700;26.03.2024 08:00;0,5
Oslo - Blindern;SN18700;26.03.2024 09:00;0,7
Oslo - Blindern;SN18700;26.03.2024 10:00;1,1
Oslo - Blindern;SN18700;26.03.2024 11:00;1,5
Oslo - Blindern;SN18700;26.03.2024 12:00;2,2
Oslo - Blindern;SN18700;26.03.2024 13:00;2,1
Oslo - Blindern;SN18700;26.03.2024 14:00;2,4
Oslo - Blindern;SN18700;26.03.2024 15:00;2,4
Oslo - Blindern;SN18700;26.03.2024 16:00;2,4
Oslo - Blindern;SN18700;26.03.2024 17:00;2
Oslo - Blindern;SN18700;26.03.2024 18:00;2,2
Oslo - Blindern;SN18700;26.03.2024 19:00;1,9
Oslo - Blindern;SN18700;26.03.2024 20:00;2
Oslo - Blindern;SN18700;26.03.2024 21:00;1,4
Oslo - Blindern;SN18700;26.03.2024 22:00;1,8
Oslo - Blindern;SN18700;26.03.2024 23:00;0,8
Oslo - Blindern;SN18700;27.03.2024 00:00;1,7
Oslo - Blindern;SN18700;27.03.2024 01:00;1,8
Oslo - Blindern;SN18700;27.03.2024 02:00;2,1
Oslo - Blindern;SN18700;27.03.2024 03:00;1,9
Oslo - Blindern;SN18700;27.03.2024 04:00;2
Oslo - Blindern;SN18700;27.03.2024 05:00;2,2
Oslo - Blindern;SN18700;27.03.2024 06:00;2
Oslo - Blindern;SN18700;27.03.2024 07:00;2,2
Oslo - Blindern;SN18700;27.03.2024 08:00;2,4
Oslo - Blindern;SN18700;27.03.2024 09:00;2,6
Oslo - Blindern;SN18700;27.03.2024 10:00;2,8
Oslo - Blindern;SN18700;27.03.2024 11:00;2,9
Oslo - Blindern;SN18700;27.03.2024 12:00;3
Oslo - Blindern;SN18700;27.03.2024 13:00;3,2
Oslo - Blindern;SN18700;27.03.2024 14:00;3,6
Oslo - Blindern;SN18700;27.03.2024 15:00;3,8
Oslo - Blindern;SN18700;27.03.2024 16:00;3,8
Oslo - Blindern;SN18700;27.03.2024 17:00;3,7
Oslo - Blindern;SN18700;27.03.2024 18:00;4
Oslo - Blindern;SN18700;27.03.2024 19:00;4,6
Oslo - Blindern;SN18700;27.03.2024 20:00;4,2
Oslo - Blindern;SN18700;27.03.2024 21:00;4,6
Oslo - Blindern;SN18700;27.03.2024 22:00;4,7
Oslo - Blindern;SN18700;27.03.2024 23:00;5
Oslo - Blindern;SN18700;28.03.2024 00:00;5,3
Oslo - Blindern;SN18700;28.03.2024 01:00;5
Oslo - Blindern;SN18700;28.03.2024 02:00;4,8
Oslo - Blindern;SN18700;28.03.2024 03:00;4,6
Oslo - Blindern;SN18700;28.03.2024 04:00;4,6
Oslo - Blindern;SN18700;28.03.2024 05:00;4,7
Oslo - Blindern;SN18700;28.03.2024 06:00;4,5
Oslo - Blindern;SN18700;28.03.2024 07:00;4,6
Oslo - Blindern;SN18700;28.03.2024 08:00;4,9
Oslo - Blindern;SN18700;28.03.2024 09:00;5,3
Oslo - Blindern;SN18700;28.03.2024 10:00;6,4
Oslo - Blindern;SN18700;28.03.2024 11:00;7,3
Oslo - Blindern;SN18700;28.03.2024 12:00;7,6
Oslo - Blindern;SN18700;28.03.2024 13:00;8,4
Oslo - Blindern;SN18700;28.03.2024 14:00;8
Oslo - Blindern;SN18700;28.03.2024 15:00;7,4
Oslo - Blindern;SN18700;28.03.2024 16:00;7,4
Oslo - Blindern;SN18700;28.03.2024 17:00;7,3
Oslo - Blindern;SN18700;28.03.2024 18:00;7,2
Oslo - Blindern;SN18700;28.03.2024 19:00;7,1
Oslo - Blindern;SN18700;28.03.2024 20:00;6,6
Oslo - Blindern;SN18700;28.03.2024 21:00;5,9
Oslo - Blindern;SN18700;28.03.2024 22:00;5,4
Oslo - Blindern;SN18700;28.03.2024 23:00;5,3
Oslo - Blindern;SN18700;29.03.2024 00:00;5,3
Oslo - Blindern;SN18700;29.03.2024 01:00;5,4
Oslo - Blindern;SN18700;29.03.2024 02:00;5,2
Oslo - Blindern;SN18700;29.03.2024 03:00;5,4
Oslo - Blindern;SN18700;29.03.2024 04:00;5,4
Oslo - Blindern;SN18700;29.03.2024 05:00;5
Oslo - Blindern;SN18700;29.03.2024 06:00;4,9
Oslo - Blindern;SN18700;29.03.2024 07:00;4,8
Oslo - Blindern;SN18700;29.03.2024 08:00;4,8
Oslo - Blindern;SN18700;29.03.2024 09:00;5,1
Oslo - Blindern;SN18700;29.03.2024 10:00;6,5
Oslo - Blindern;SN18700;29.03.2024 11:00;6,7
Oslo - Blindern;SN18700;29.03.2024 12:00;6,6
Oslo - Blindern;SN18700;29.03.2024 13:00;6,3
Oslo - Blindern;SN18700;29.03.2024 14:00;6,4
Oslo - Blindern;SN18700;29.03.2024 15:00;6,7
Oslo - Blindern;SN18700;29.03.2024 16:00;6,8
Oslo - Blindern;SN18700;29.03.2024 17:00;6,7
Oslo - Blindern;SN18700;29.03.2024 18:00;6,3
Oslo - Blindern;SN18700;29.03.2024 19:00;6
Oslo - Blindern;SN18700;29.03.2024 20:00;5,9
Oslo - Blindern;SN18700;29.03.2024 21:00;5,6
Oslo - Blindern;SN18700;29.03.2024 22:00;5,5
Oslo - Blindern;SN18700;29.03.2024 23:00;5,3
Oslo - Blindern;SN18700;30.03.2024 00:00;5
Oslo - Blindern;SN18700;30.03.2024 01:00;4,6
Oslo - Blindern;SN18700;30.03.2024 02:00;4,4
Oslo - Blindern;SN18700;30.03.2024 03:00;4,2
Oslo - Blindern;SN18700;30.03.2024 04:00;4,2
Oslo - Blindern;SN18700;30.03.2024 05:00;4,2
Oslo - Blindern;SN18700;30.03.2024 06:00;4,3
Oslo - Blindern;SN18700;30.03.2024 07:00;4,6
Oslo - Blindern;SN18700;30.03.2024 08:00;5
Oslo - Blindern;SN18700;30.03.2024 09:00;5,2
Oslo - Blindern;SN18700;30.03.2024 10:00;5,8
Oslo - Blindern;SN18700;30.03.2024 11:00;6,1
Oslo - Blindern;SN18700;30.03.2024 12:00;6,3
Oslo - Blindern;SN18700;30.03.2024 13:00;5,9
Oslo - Blindern;SN18700;30.03.2024 14:00;6,1
Oslo - Blindern;SN18700;30.03.2024 15:00;6,8
Oslo - Blindern;SN18700;30.03.2024 16:00;7
Oslo - Blindern;SN18700;30.03.2024 17:00;7,1
Oslo - Blindern;SN18700;30.03.2024 18:00;7,2
Oslo - Blindern;SN18700;30.03.2024 19:00;6,3
Oslo - Blindern;SN18700;30.03.2024 20:00;5,8
Oslo - Blindern;SN18700;30.03.2024 21:00;6,3
Oslo - Blindern;SN18700;30.03.2024 22:00;6,9
Oslo - Blindern;SN18700;30.03.2024 23:00;6,8
Oslo - Blindern;SN18700;31.03.2024 00:00;6,1
Oslo - Blindern;SN18700;31.03.2024 01:00;5,9
Oslo - Blindern;SN18700;31.03.2024 02:00;5,7
Oslo - Blindern;SN18700;31.03.2024 03:00;6,1
Oslo - Blindern;SN18700;31.03.2024 04:00;5,9
Oslo - Blindern;SN18700;31.03.2024 05:00;6
Oslo - Blindern;SN18700;31.03.2024 06:00;5,5
Oslo - Blindern;SN18700;31.03.2024 07:00;6
Oslo - Blindern;SN18700;31.03.2024 08:00;6,2
Oslo - Blindern;SN18700;31.03.2024 09:00;6,2
Oslo - Blindern;SN18700;31.03.2024 10:00;6,2
Oslo - Blindern;SN18700;31.03.2024 11:00;6,8
Oslo - Blindern;SN18700;31.03.2024 12:00;7
Oslo - Blindern;SN18700;31.03.2024 13:00;7
Oslo - Blindern;SN18700;31.03.2024 14:00;7,9
Oslo - Blindern;SN18700;31.03.2024 15:00;9
Oslo - Blindern;SN18700;31.03.2024 16:00;10,1
Oslo - Blindern;SN18700;31.03.2024 17:00;8,5
Oslo - Blindern;SN18700;31.03.2024 18:00;8,1
Oslo - Blindern;SN18700;31.03.2024 19:00;6,9
Oslo - Blindern;SN18700;31.03.2024 20:00;5,7
Oslo - Blindern;SN18700;31.03.2024 21:00;4,9
Oslo - Blindern;SN18700;31.03.2024 22:00;4,3
Oslo - Blindern;SN18700;31.03.2024 23:00;4
Oslo - Blindern;SN18700;01.04.2024 00:00;4,1
Oslo - Blindern;SN18700;01.04.2024 01:00;3,1
Oslo - Blindern;SN18700;01.04.2024 02:00;2,4
Oslo - Blindern;SN18700;01.04.2024 03:00;1,5
Oslo - Blindern;SN18700;01.04.2024 04:00;1,1
Oslo - Blindern;SN18700;01.04.2024 05:00;1,4
Oslo - Blindern;SN18700;01.04.2024 06:00;4
Oslo - Blindern;SN18700;01.04.2024 07:00;4,4
Oslo - Blindern;SN18700;01.04.2024 08:00;5,9
Oslo - Blindern;SN18700;01.04.2024 09:00;8,6
Oslo - Blindern;SN18700;01.04.2024 10:00;9,7
Oslo - Blindern;SN18700;01.04.2024 11:00;10,3
Oslo - Blindern;SN18700;01.04.2024 12:00;10,6
Oslo - Blindern;SN18700;01.04.2024 13:00;10,5
Oslo - Blindern;SN18700;01.04.2024 14:00;10,6
Oslo - Blindern;SN18700;01.04.2024 15:00;10,6
Oslo - Blindern;SN18700;01.04.2024 16:00;10,5
Oslo - Blindern;SN18700;01.04.2024 17:00;11,2
Oslo - Blindern;SN18700;01.04.2024 18:00;10,6
Oslo - Blindern;SN18700;01.04.2024 19:00;9,1
Oslo - Blindern;SN18700;01.04.2024 20:00;8,4
Oslo - Blindern;SN18700;01.04.2024 21:00;7,3
Oslo - Blindern;SN18700;01.04.2024 22:00;6,6
Oslo - Blindern;SN18700;01.04.2024 23:00;5,8
Oslo - Blindern;SN18700;02.04.2024 00:00;5,2
Oslo - Blindern;SN18700;02.04.2024 01:00;4,2
Oslo - Blindern;SN18700;02.04.2024 02:00;3,7
Oslo - Blindern;SN18700;02.04.2024 03:00;3,3
Oslo - Blindern;SN18700;02.04.2024 04:00;2,8
Oslo - Blindern;SN18700;02.04.2024 05:00;2,5
Oslo - Blindern;SN18700;02.04.2024 06:00;2,4
Oslo - Blindern;SN18700;02.04.2024 07:00;2,4
Oslo - Blindern;SN18700;02.04.2024 08:00;2,4
Oslo - Blindern;SN18700;02.04.2024 09:00;2,6
Oslo - Blindern;SN18700;02.04.2024 10:00;2,4
Oslo - Blindern;SN18700;02.04.2024 11:00;2,5
Oslo - Blindern;SN18700;02.04.2024 12:00;2,1
Oslo - Blindern;SN18700;02.04.2024 13:00;2,4
Oslo - Blindern;SN18700;02.04.2024 14:00;3,1
Oslo - Blindern;SN18700;02.04.2024 15:00;2,9
Oslo - Blindern;SN18700;02.04.2024 16:00;4,6
Oslo - Blindern;SN18700;02.04.2024 17:00;4,3
Oslo - Blindern;SN18700;02.04.2024 18:00;3,8
Oslo - Blindern;SN18700;02.04.2024 19:00;3,5
Oslo - Blindern;SN18700;02.04.2024 20:00;2,9
Oslo - Blindern;SN18700;02.04.2024 21:00;2,1
Oslo - Blindern;SN18700;02.04.2024 22:00;1,9
Oslo - Blindern;SN18700;02.04.2024 23:00;2,1
Oslo - Blindern;SN18700;03.04.2024 00:00;1,7
Oslo - Blindern;SN18700;03.04.2024 01:00;1,1
Oslo - Blindern;SN18700;03.04.2024 02:00;0,6
Oslo - Blindern;SN18700;03.04.2024 03:00;0,3
Oslo - Blindern;SN18700;03.04.2024 04:00;0
Oslo - Blindern;SN18700;03.04.2024 05:00;-0,1
Oslo - Blindern;SN18700;03.04.2024 06:00;-0,3
Oslo - Blindern;SN18700;03.04.2024 07:00;-0,2
Oslo - Blindern;SN18700;03.04.2024 08:00;-0,1
Oslo - Blindern;SN18700;03.04.2024 09:00;0,6
Oslo - Blindern;SN18700;03.04.2024 10:00;1
Oslo - Blindern;SN18700;03.04.2024 11:00;1,5
Oslo - Blindern;SN18700;03.04.2024 12:00;1,9
Oslo - Blindern;SN18700;03.04.2024 13:00;2,6
Oslo - Blindern;SN18700;03.04.2024 14:00;3
Oslo - Blindern;SN18700;03.04.2024 15:00;2,8
Oslo - Blindern;SN18700;03.04.2024 16:00;2,7
Oslo - Blindern;SN18700;03.04.2024 17:00;2,2
Oslo - Blindern;SN18700;03.04.2024 18:00;1,7
Oslo - Blindern;SN18700;03.04.2024 19:00;1,1
Oslo - Blindern;SN18700;03.04.2024 20:00;0,6
Oslo - Blindern;SN18700;03.04.2024 21:00;-0,2
Oslo - Blindern;SN18700;03.04.2024 22:00;-1
Oslo - Blindern;SN18700;03.04.2024 23:00;-1,3
Oslo - Blindern;SN18700;04.04.2024 00:00;-1,7
Oslo - Blindern;SN18700;04.04.2024 01:00;-1,8
Oslo - Blindern;SN18700;04.04.2024 02:00;-1,8
Oslo - Blindern;SN18700;04.04.2024 03:00;-2
Oslo - Blindern;SN18700;04.04.2024 04:00;-2,1
Oslo - Blindern;SN18700;04.04.2024 05:00;-2,4
Oslo - Blindern;SN18700;04.04.2024 06:00;-2,5
Oslo - Blindern;SN18700;04.04.2024 07:00;-2,2
Oslo - Blindern;SN18700;04.04.2024 08:00;-2,2
Oslo - Blindern;SN18700;04.04.2024 09:00;-2,2
Oslo - Blindern;SN18700;04.04.2024 10:00;-3,1
Oslo - Blindern;SN18700;04.04.2024 11:00;-3,5
Oslo - Blindern;SN18700;04.04.2024 12:00;-3
Oslo - Blindern;SN18700;04.04.2024 13:00;-3
Oslo - Blindern;SN18700;04.04.2024 14:00;-3,2
Oslo - Blindern;SN18700;04.04.2024 15:00;-2,7
Oslo - Blindern;SN18700;04.04.2024 16:00;-2,3
Oslo - Blindern;SN18700;04.04.2024 17:00;-2,3
Oslo - Blindern;SN18700;04.04.2024 18:00;-2,3
Oslo - Blindern;SN18700;04.04.2024 19:00;-2,2
Oslo - Blindern;SN18700;04.04.2024 20:00;-2,2
Oslo - Blindern;SN18700;04.04.2024 21:00;-2
Oslo - Blindern;SN18700;04.04.2024 22:00;-2
Oslo - Blindern;SN18700;04.04.2024 23:00;-1,9
Oslo - Blindern;SN18700;05.04.2024 00:00;-1,7
Oslo - Blindern;SN18700;05.04.2024 01:00;-1,7
Oslo - Blindern;SN18700;05.04.2024 02:00;-2
Oslo - Blindern;SN18700;05.04.2024 03:00;-2
Oslo - Blindern;SN18700;05.04.2024 04:00;-2,2
Oslo - Blindern;SN18700;05.04.2024 05:00;-2
Oslo - Blindern;SN18700;05.04.2024 06:00;-2
Oslo - Blindern;SN18700;05.04.2024 07:00;-1,4
Oslo - Blindern;SN18700;05.04.2024 08:00;-1,2
Oslo - Blindern;SN18700;05.04.2024 09:00;-0,6
Oslo - Blindern;SN18700;05.04.2024 10:00;0,6
Oslo - Blindern;SN18700;05.04.2024 11:00;1
Oslo - Blindern;SN18700;05.04.2024 12:00;1,8
Oslo - Blindern;SN18700;05.04.2024 13:00;2
Oslo - Blindern;SN18700;05.04.2024 14:00;2
Oslo - Blindern;SN18700;05.04.2024 15:00;1,8
Oslo - Blindern;SN18700;05.04.2024 16:00;1,5
Oslo - Blindern;SN18700;05.04.2024 17:00;1
Oslo - Blindern;SN18700;05.04.2024 18:00;0,9
Oslo - Blindern;SN18700;05.04.2024 19:00;-0,1
Oslo - Blindern;SN18700;05.04.2024 20:00;-0,2
Oslo - Blindern;SN18700;05.04.2024 21:00;-0,2
Oslo - Blindern;SN18700;05.04.2024 22:00;0
Oslo - Blindern;SN18700;05.04.2024 23:00;0
Oslo - Blindern;SN18700;06.04.2024 00:00;-0,1
Oslo - Blindern;SN18700;06.04.2024 01:00;0,2
Oslo - Blindern;SN18700;06.04.2024 02:00;0,4
Oslo - Blindern;SN18700;06.04.2024 03:00;0,2
Oslo - Blindern;SN18700;06.04.2024 04:00;0,5
Oslo - Blindern;SN18700;06.04.2024 05:00;0,3
Oslo - Blindern;SN18700;06.04.2024 06:00;0,5
Oslo - Blindern;SN18700;06.04.2024 07:00;1,1
Oslo - Blindern;SN18700;06.04.2024 08:00;1,7
Oslo - Blindern;SN18700;06.04.2024 09:00;2,5
Oslo - Blindern;SN18700;06.04.2024 10:00;3,3
Oslo - Blindern;SN18700;06.04.2024 11:00;3
Oslo - Blindern;SN18700;06.04.2024 12:00;3,2
Oslo - Blindern;SN18700;06.04.2024 13:00;3,6
Oslo - Blindern;SN18700;06.04.2024 14:00;4,2
Oslo - Blindern;SN18700;06.04.2024 15:00;3,9
Oslo - Blindern;SN18700;06.04.2024 16:00;3,8
Oslo - Blindern;SN18700;06.04.2024 17:00;3,5
Oslo - Blindern;SN18700;06.04.2024 18:00;3,4
Oslo - Blindern;SN18700;06.04.2024 19:00;3,3
Oslo - Blindern;SN18700;06.04.2024 20:00;3,4
Oslo - Blindern;SN18700;06.04.2024 21:00;3,3
Oslo - Blindern;SN18700;06.04.2024 22:00;3,3
Oslo - Blindern;SN18700;06.04.2024 23:00;3,2
Oslo - Blindern;SN18700;07.04.2024 00:00;3,8
Oslo - Blindern;SN18700;07.04.2024 01:00;3,5
Oslo - Blindern;SN18700;07.04.2024 02:00;3,8
Oslo - Blindern;SN18700;07.04.2024 03:00;4,2
Oslo - Blindern;SN18700;07.04.2024 04:00;4,7
Oslo - Blindern;SN18700;07.04.2024 05:00;4,5
Oslo - Blindern;SN18700;07.04.2024 06:00;4,3
Oslo - Blindern;SN18700;07.04.2024 07:00;4,6
Oslo - Blindern;SN18700;07.04.2024 08:00;5,2
Oslo - Blindern;SN18700;07.04.2024 09:00;5,6
Oslo - Blindern;SN18700;07.04.2024 10:00;6,2
Oslo - Blindern;SN18700;07.04.2024 11:00;6,8
Oslo - Blindern;SN18700;07.04.2024 12:00;8,3
Oslo - Blindern;SN18700;07.04.2024 13:00;9,9
Oslo - Blindern;SN18700;07.04.2024 14:00;11,5
Oslo - Blindern;SN18700;07.04.2024 15:00;11,2
Oslo - Blindern;SN18700;07.04.2024 16:00;11,4
Oslo - Blindern;SN18700;07.04.2024 17:00;10,9
Oslo - Blindern;SN18700;07.04.2024 18:00;9,6
Oslo - Blindern;SN18700;07.04.2024 19:00;8
Oslo - Blindern;SN18700;07.04.2024 20:00;7,7
Oslo - Blindern;SN18700;07.04.2024 21:00;7
Oslo - Blindern;SN18700;07.04.2024 22:00;6,4
Oslo - Blindern;SN18700;07.04.2024 23:00;6,1
Oslo - Blindern;SN18700;08.04.2024 00:00;6
Oslo - Blindern;SN18700;08.04.2024 01:00;5,9
Oslo - Blindern;SN18700;08.04.2024 02:00;6,1
Oslo - Blindern;SN18700;08.04.2024 03:00;6,4
Oslo - Blindern;SN18700;08.04.2024 04:00;6,7
Oslo - Blindern;SN18700;08.04.2024 05:00;6,6
Oslo - Blindern;SN18700;08.04.2024 06:00;6,6
Oslo - Blindern;SN18700;08.04.2024 07:00;6,6
Oslo - Blindern;SN18700;08.04.2024 08:00;6,9
Oslo - Blindern;SN18700;08.04.2024 09:00;7,5
Oslo - Blindern;SN18700;08.04.2024 10:00;9,5
Oslo - Blindern;SN18700;08.04.2024 11:00;11,3
Oslo - Blindern;SN18700;08.04.2024 12:00;12,6
Oslo - Blindern;SN18700;08.04.2024 13:00;12
Oslo - Blindern;SN18700;08.04.2024 14:00;12
Oslo - Blindern;SN18700;08.04.2024 15:00;12
Oslo - Blindern;SN18700;08.04.2024 16:00;11,8
Oslo - Blindern;SN18700;08.04.2024 17:00;11,1
Oslo - Blindern;SN18700;08.04.2024 18:00;10,1
Oslo - Blindern;SN18700;08.04.2024 19:00;8,9
Oslo - Blindern;SN18700;08.04.2024 20:00;7,9
Oslo - Blindern;SN18700;08.04.2024 21:00;7,4
Oslo - Blindern;SN18700;08.04.2024 22:00;7,1
Oslo - Blindern;SN18700;08.04.2024 23:00;6,7
Oslo - Blindern;SN18700;09.04.2024 00:00;6,4
Oslo - Blindern;SN18700;09.04.2024 01:00;6,4
Oslo - Blindern;SN18700;09.04.2024 02:00;6,3
Oslo - Blindern;SN18700;09.04.2024 03:00;6
Oslo - Blindern;SN18700;09.04.2024 04:00;5,8
Oslo - Blindern;SN18700;09.04.2024 05:00;5,8
Oslo - Blindern;SN18700;09.04.2024 06:00;5,9
Oslo - Blindern;SN18700;09.04.2024 07:00;5,7
Oslo - Blindern;SN18700;09.04.2024 08:00;6,1
Oslo - Blindern;SN18700;09.04.2024 09:00;6,6
Oslo - Blindern;SN18700;09.04.2024 10:00;7,9
Oslo - Blindern;SN18700;09.04.2024 11:00;9,5
Oslo - Blindern;SN18700;09.04.2024 12:00;11
Oslo - Blindern;SN18700;09.04.2024 13:00;10,7
Oslo - Blindern;SN18700;09.04.2024 14:00;10,8
Oslo - Blindern;SN18700;09.04.2024 15:00;11,4
Oslo - Blindern;SN18700;09.04.2024 16:00;11
Oslo - Blindern;SN18700;09.04.2024 17:00;10,5
Oslo - Blindern;SN18700;09.04.2024 18:00;9,7
Oslo - Blindern;SN18700;09.04.2024 19:00;10,3
Oslo - Blindern;SN18700;09.04.2024 20:00;10,4
Oslo - Blindern;SN18700;09.04.2024 21:00;10
Oslo - Blindern;SN18700;09.04.2024 22:00;8,1
Oslo - Blindern;SN18700;09.04.2024 23:00;7,4
Oslo - Blindern;SN18700;10.04.2024 00:00;7,1
Oslo - Blindern;SN18700;10.04.2024 01:00;6,8
Oslo - Blindern;SN18700;10.04.2024 02:00;6,7
Oslo - Blindern;SN18700;10.04.2024 03:00;6,8
Oslo - Blindern;SN18700;10.04.2024 04:00;6,9
Oslo - Blindern;SN18700;10.04.2024 05:00;6,9
Oslo - Blindern;SN18700;10.04.2024 06:00;6,9
Oslo - Blindern;SN18700;10.04.2024 07:00;6,7
Oslo - Blindern;SN18700;10.04.2024 08:00;6,9
Oslo - Blindern;SN18700;10.04.2024 09:00;7,1
Oslo - Blindern;SN18700;10.04.2024 10:00;7,7
Oslo - Blindern;SN18700;10.04.2024 11:00;8,1
Oslo - Blindern;SN18700;10.04.2024 12:00;11,3
Oslo - Blindern;SN18700;10.04.2024 13:00;12,2
Oslo - Blindern;SN18700;10.04.2024 14:00;11,2
Oslo - Blindern;SN18700;10.04.2024 15:00;11,7
Oslo - Blindern;SN18700;10.04.2024 16:00;11,6
Oslo - Blindern;SN18700;10.04.2024 17:00;10,8
Oslo - Blindern;SN18700;10.04.2024 18:00;10,2
Oslo - Blindern;SN18700;10.04.2024 19:00;9,1
Oslo - Blindern;SN18700;10.04.2024 20:00;7,6
Oslo - Blindern;SN18700;10.04.2024 21:00;7,2
Oslo - Blindern;SN18700;10.04.2024 22:00;6,6
Oslo - Blindern;SN18700;10.04.2024 23:00;6,5
Oslo - Blindern;SN18700;11.04.2024 00:00;6,8
Oslo - Blindern;SN18700;11.04.2024 01:00;6,6
Oslo - Blindern;SN18700;11.04.2024 02:00;6,1
Oslo - Blindern;SN18700;11.04.2024 03:00;4,7
Oslo - Blindern;SN18700;11.04.2024 04:00;4,3
Oslo - Blindern;SN18700;11.04.2024 05:00;4,2
Oslo - Blindern;SN18700;11.04.2024 06:00;5,2
Oslo - Blindern;SN18700;11.04.2024 07:00;5,8
Oslo - Blindern;SN18700;11.04.2024 08:00;6,1
Oslo - Blindern;SN18700;11.04.2024 09:00;6,5
Oslo - Blindern;SN18700;11.04.2024 10:00;6,9
Oslo - Blindern;SN18700;11.04.2024 11:00;8
Oslo - Blindern;SN18700;11.04.2024 12:00;8,5
Oslo - Blindern;SN18700;11.04.2024 13:00;11,3
Oslo - Blindern;SN18700;11.04.2024 14:00;14,1
Oslo - Blindern;SN18700;11.04.2024 15:00;16
Oslo - Blindern;SN18700;11.04.2024 16:00;18,5
Oslo - Blindern;SN18700;11.04.2024 17:00;16,1
Oslo - Blindern;SN18700;11.04.2024 18:00;17
Oslo - Blindern;SN18700;11.04.2024 19:00;14,8
Oslo - Blindern;SN18700;11.04.2024 20:00;13,5
Oslo - Blindern;SN18700;11.04.2024 21:00;13
Oslo - Blindern;SN18700;11.04.2024 22:00;11
Oslo - Blindern;SN18700;11.04.2024 23:00;9,8
Oslo - Blindern;SN18700;12.04.2024 00:00;8,6
Oslo - Blindern;SN18700;12.04.2024 01:00;6,6
Oslo - Blindern;SN18700;12.04.2024 02:00;5,3
Oslo - Blindern;SN18700;12.04.2024 03:00;4,2
Oslo - Blindern;SN18700;12.04.2024 04:00;4
Oslo - Blindern;SN18700;12.04.2024 05:00;4,6
Oslo - Blindern;SN18700;12.04.2024 06:00;4,6
Oslo - Blindern;SN18700;12.04.2024 07:00;6,1
Oslo - Blindern;SN18700;12.04.2024 08:00;6,9
Oslo - Blindern;SN18700;12.04.2024 09:00;7,9
Oslo - Blindern;SN18700;12.04.2024 10:00;9,8
Oslo - Blindern;SN18700;12.04.2024 11:00;9,9
Oslo - Blindern;SN18700;12.04.2024 12:00;10,1
Oslo - Blindern;SN18700;12.04.2024 13:00;11,2
Oslo - Blindern;SN18700;12.04.2024 14:00;11,6
Oslo - Blindern;SN18700;12.04.2024 15:00;12,3
Oslo - Blindern;SN18700;12.04.2024 16:00;12,9
Oslo - Blindern;SN18700;12.04.2024 17:00;13,2
Oslo - Blindern;SN18700;12.04.2024 18:00;11,6
Oslo - Blindern;SN18700;12.04.2024 19:00;9,9
Oslo - Blindern;SN18700;12.04.2024 20:00;8,5
Oslo - Blindern;SN18700;12.04.2024 21:00;7,7
Oslo - Blindern;SN18700;12.04.2024 22:00;7,6
Oslo - Blindern;SN18700;12.04.2024 23:00;7,3
Oslo - Blindern;SN18700;13.04.2024 00:00;7,1
Oslo - Blindern;SN18700;13.04.2024 01:00;7,1
Oslo - Blindern;SN18700;13.04.2024 02:00;6,9
Oslo - Blindern;SN18700;13.04.2024 03:00;6,3
Oslo - Blindern;SN18700;13.04.2024 04:00;6
Oslo - Blindern;SN18700;13.04.2024 05:00;5,4
Oslo - Blindern;SN18700;13.04.2024 06:00;5,7
Oslo - Blindern;SN18700;13.04.2024 07:00;6
Oslo - Blindern;SN18700;13.04.2024 08:00;6,5
Oslo - Blindern;SN18700;13.04.2024 09:00;7,7
Oslo - Blindern;SN18700;13.04.2024 10:00;10,3
Oslo - Blindern;SN18700;13.04.2024 11:00;12,8
Oslo - Blindern;SN18700;13.04.2024 12:00;15,1
Oslo - Blindern;SN18700;13.04.2024 13:00;16,3
Oslo - Blindern;SN18700;13.04.2024 14:00;15,4
Oslo - Blindern;SN18700;13.04.2024 15:00;16
Oslo - Blindern;SN18700;13.04.2024 16:00;15,6
Oslo - Blindern;SN18700;13.04.2024 17:00;15,2
Oslo - Blindern;SN18700;13.04.2024 18:00;13,9
Oslo - Blindern;SN18700;13.04.2024 19:00;12,7
Oslo - Blindern;SN18700;13.04.2024 20:00;11,4
Oslo - Blindern;SN18700;13.04.2024 21:00;10,6
Oslo - Blindern;SN18700;13.04.2024 22:00;8,1
Oslo - Blindern;SN18700;13.04.2024 23:00;7,5
Oslo - Blindern;SN18700;14.04.2024 00:00;7,4
Oslo - Blindern;SN18700;14.04.2024 01:00;7,2
Oslo - Blindern;SN18700;14.04.2024 02:00;6,9
Oslo - Blindern;SN18700;14.04.2024 03:00;6,8
Oslo - Blindern;SN18700;14.04.2024 04:00;6,4
Oslo - Blindern;SN18700;14.04.2024 05:00;5,8
Oslo - Blindern;SN18700;14.04.2024 06:00;5,4
Oslo - Blindern;SN18700;14.04.2024 07:00;6,1
Oslo - Blindern;SN18700;14.04.2024 08:00;8,6
Oslo - Blindern;SN18700;14.04.2024 09:00;9,9
Oslo - Blindern;SN18700;14.04.2024 10:00;11,2
Oslo - Blindern;SN18700;14.04.2024 11:00;11,6
Oslo - Blindern;SN18700;14.04.2024 12:00;10,9
Oslo - Blindern;SN18700;14.04.2024 13:00;10,8
Oslo - Blindern;SN18700;14.04.2024 14:00;12,5
Oslo - Blindern;SN18700;14.04.2024 15:00;12,4
Oslo - Blindern;SN18700;14.04.2024 16:00;12,2
Oslo - Blindern;SN18700;14.04.2024 17:00;11,8
Oslo - Blindern;SN18700;14.04.2024 18:00;10,2
Oslo - Blindern;SN18700;14.04.2024 19:00;9
Oslo - Blindern;SN18700;14.04.2024 20:00;7,3
Oslo - Blindern;SN18700;14.04.2024 21:00;5,7
Oslo - Blindern;SN18700;14.04.2024 22:00;4,5
Oslo - Blindern;SN18700;14.04.2024 23:00;3,3
Oslo - Blindern;SN18700;15.04.2024 00:00;2,5
Oslo - Blindern;SN18700;15.04.2024 01:00;1,6
Oslo - Blindern;SN18700;15.04.2024 02:00;1
Oslo - Blindern;SN18700;15.04.2024 03:00;0,2
Oslo - Blindern;SN18700;15.04.2024 04:00;-0,3
Oslo - Blindern;SN18700;15.04.2024 05:00;-0,7
Oslo - Blindern;SN18700;15.04.2024 06:00;0,3
Oslo - Blindern;SN18700;15.04.2024 07:00;3
Oslo - Blindern;SN18700;15.04.2024 08:00;5,2
Oslo - Blindern;SN18700;15.04.2024 09:00;6,1
Oslo - Blindern;SN18700;15.04.2024 10:00;7,6
Oslo - Blindern;SN18700;15.04.2024 11:00;9,1
Oslo - Blindern;SN18700;15.04.2024 12:00;9,3
Oslo - Blindern;SN18700;15.04.2024 13:00;9,8
Oslo - Blindern;SN18700;15.04.2024 14:00;10,4
Oslo - Blindern;SN18700;15.04.2024 15:00;11,2
Oslo - Blindern;SN18700;15.04.2024 16:00;11,8
Oslo - Blindern;SN18700;15.04.2024 17:00;11,5
Oslo - Blindern;SN18700;15.04.2024 18:00;10,1
Oslo - Blindern;SN18700;15.04.2024 19:00;9,4
Oslo - Blindern;SN18700;15.04.2024 20:00;6,3
Oslo - Blindern;SN18700;15.04.2024 21:00;5,7
Oslo - Blindern;SN18700;15.04.2024 22:00;4,9
Oslo - Blindern;SN18700;15.04.2024 23:00;4,1
Oslo - Blindern;SN18700;16.04.2024 00:00;3,5
Oslo - Blindern;SN18700;16.04.2024 01:00;3,2
Oslo - Blindern;SN18700;16.04.2024 02:00;3,6
Oslo - Blindern;SN18700;16.04.2024 03:00;3,6
Oslo - Blindern;SN18700;16.04.2024 04:00;3,2
Oslo - Blindern;SN18700;16.04.2024 05:00;3,4
Oslo - Blindern;SN18700;16.04.2024 06:00;3,7
Oslo - Blindern;SN18700;16.04.2024 07:00;5
Oslo - Blindern;SN18700;16.04.2024 08:00;5,1
Oslo - Blindern;SN18700;16.04.2024 09:00;7,3
Oslo - Blindern;SN18700;16.04.2024 10:00;8,2
Oslo - Blindern;SN18700;16.04.2024 11:00;8,8
Oslo - Blindern;SN18700;16.04.2024 12:00;9,4
Oslo - Blindern;SN18700;16.04.2024 13:00;10,2
Oslo - Blindern;SN18700;16.04.2024 14:00;10,4
Oslo - Blindern;SN18700;16.04.2024 15:00;10,6
Oslo - Blindern;SN18700;16.04.2024 16:00;10,5
Oslo - Blindern;SN18700;16.04.2024 17:00;10,2
Oslo - Blindern;SN18700;16.04.2024 18:00;9,7
Oslo - Blindern;SN18700;16.04.2024 19:00;8,9
Oslo - Blindern;SN18700;16.04.2024 20:00;5,1
Oslo - Blindern;SN18700;16.04.2024 21:00;3,5
Oslo - Blindern;SN18700;16.04.2024 22:00;2,5
Oslo - Blindern;SN18700;16.04.2024 23:00;1,7
Oslo - Blindern;SN18700;17.04.2024 00:00;1,7
Oslo - Blindern;SN18700;17.04.2024 01:00;1,4
Oslo - Blindern;SN18700;17.04.2024 02:00;0,9
Oslo - Blindern;SN18700;17.04.2024 03:00;0,2
Oslo - Blindern;SN18700;17.04.2024 04:00;-0,5
Oslo - Blindern;SN18700;17.04.2024 05:00;-0,8
Oslo - Blindern;SN18700;17.04.2024 06:00;0,1
Oslo - Blindern;SN18700;17.04.2024 07:00;3,6
Oslo - Blindern;SN18700;17.04.2024 08:00;6,7
Oslo - Blindern;SN18700;17.04.2024 09:00;7,3
Oslo - Blindern;SN18700;17.04.2024 10:00;6,6
Oslo - Blindern;SN18700;17.04.2024 11:00;7,1
Oslo - Blindern;SN18700;17.04.2024 12:00;7,4
Oslo - Blindern;SN18700;17.04.2024 13:00;7,3
Oslo - Blindern;SN18700;17.04.2024 14:00;6,2
Oslo - Blindern;SN18700;17.04.2024 15:00;7,5
Oslo - Blindern;SN18700;17.04.2024 16:00;8,2
Oslo - Blindern;SN18700;17.04.2024 17:00;8,4
Oslo - Blindern;SN18700;17.04.2024 18:00;7,9
Oslo - Blindern;SN18700;17.04.2024 19:00;6,8
Oslo - Blindern;SN18700;17.04.2024 20:00;5,1
Oslo - Blindern;SN18700;17.04.2024 21:00;3,9
Oslo - Blindern;SN18700;17.04.2024 22:00;2,9
Oslo - Blindern;SN18700;17.04.2024 23:00;3
Oslo - Blindern;SN18700;18.04.2024 00:00;2,7
Oslo - Blindern;SN18700;18.04.2024 01:00;1,9
Oslo - Blindern;SN18700;18.04.2024 02:00;1,7
Oslo - Blindern;SN18700;18.04.2024 03:00;1,3
Oslo - Blindern;SN18700;18.04.2024 04:00;1
Oslo - Blindern;SN18700;18.04.2024 05:00;1,1
Oslo - Blindern;SN18700;18.04.2024 06:00;1,4
Oslo - Blindern;SN18700;18.04.2024 07:00;3,4
Oslo - Blindern;SN18700;18.04.2024 08:00;4,6
Oslo - Blindern;SN18700;18.04.2024 09:00;6,2
Oslo - Blindern;SN18700;18.04.2024 10:00;6,9
Oslo - Blindern;SN18700;18.04.2024 11:00;6,1
Oslo - Blindern;SN18700;18.04.2024 12:00;7
Oslo - Blindern;SN18700;18.04.2024 13:00;6,2
Oslo - Blindern;SN18700;18.04.2024 14:00;6,7
Oslo - Blindern;SN18700;18.04.2024 15:00;7,7
Oslo - Blindern;SN18700;18.04.2024 16:00;7,1
Oslo - Blindern;SN18700;18.04.2024 17:00;7,3
Oslo - Blindern;SN18700;18.04.2024 18:00;6,8
Oslo - Blindern;SN18700;18.04.2024 19:00;6,2
Oslo - Blindern;SN18700;18.04.2024 20:00;5,4
Oslo - Blindern;SN18700;18.04.2024 21:00;3,3
Oslo - Blindern;SN18700;18.04.2024 22:00;3,3
Oslo - Blindern;SN18700;18.04.2024 23:00;2,9
Oslo - Blindern;SN18700;19.04.2024 00:00;1,3
Oslo - Blindern;SN18700;19.04.2024 01:00;0,4
Oslo - Blindern;SN18700;19.04.2024 02:00;0,3
Oslo - Blindern;SN18700;19.04.2024 03:00;0,6
Oslo - Blindern;SN18700;19.04.2024 04:00;0,8
Oslo - Blindern;SN18700;19.04.2024 05:00;0,8
Oslo - Blindern;SN18700;19.04.2024 06:00;0,9
Oslo - Blindern;SN18700;19.04.2024 07:00;1
Oslo - Blindern;SN18700;19.04.2024 08:00;2,7
Oslo - Blindern;SN18700;19.04.2024 09:00;2,1
Oslo - Blindern;SN18700;19.04.2024 10:00;2,2
Oslo - Blindern;SN18700;19.04.2024 11:00;3,6
Oslo - Blindern;SN18700;19.04.2024 12:00;3,1
Oslo - Blindern;SN18700;19.04.2024 13:00;4
Oslo - Blindern;SN18700;19.04.2024 14:00;4,4
Oslo - Blindern;SN18700;19.04.2024 15:00;4,7
Oslo - Blindern;SN18700;19.04.2024 16:00;5,8
Oslo - Blindern;SN18700;19.04.2024 17:00;5,5
Oslo - Blindern;SN18700;19.04.2024 18:00;6,3
Oslo - Blindern;SN18700;19.04.2024 19:00;4,7
Oslo - Blindern;SN18700;19.04.2024 20:00;3,4
Oslo - Blindern;SN18700;19.04.2024 21:00;2,6
Oslo - Blindern;SN18700;19.04.2024 22:00;2,1
Oslo - Blindern;SN18700;19.04.2024 23:00;2,5
Oslo - Blindern;SN18700;20.04.2024 00:00;1,8
Oslo - Blindern;SN18700;20.04.2024 01:00;0,7
Oslo - Blindern;SN18700;20.04.2024 02:00;0
Oslo - Blindern;SN18700;20.04.2024 03:00;-0,5
Oslo - Blindern;SN18700;20.04.2024 04:00;-1
Oslo - Blindern;SN18700;20.04.2024 05:00;-1,3
Oslo - Blindern;SN18700;20.04.2024 06:00;0
Oslo - Blindern;SN18700;20.04.2024 07:00;2
Oslo - Blindern;SN18700;20.04.2024 08:00;2,4
Oslo - Blindern;SN18700;20.04.2024 09:00;5,9
Oslo - Blindern;SN18700;20.04.2024 10:00;7,5
Oslo - Blindern;SN18700;20.04.2024 11:00;7,3
Oslo - Blindern;SN18700;20.04.2024 12:00;7,6
Oslo - Blindern;SN18700;20.04.2024 13:00;7,6
Oslo - Blindern;SN18700;20.04.2024 14:00;9,4
Oslo - Blindern;SN18700;20.04.2024 15:00;9,5
Oslo - Blindern;SN18700;20.04.2024 16:00;9,9
Oslo - Blindern;SN18700;20.04.2024 17:00;9,4
Oslo - Blindern;SN18700;20.04.2024 18:00;9,1
Oslo - Blindern;SN18700;20.04.2024 19:00;7,8
Oslo - Blindern;SN18700;20.04.2024 20:00;6,3
Oslo - Blindern;SN18700;20.04.2024 21:00;5,7
Oslo - Blindern;SN18700;20.04.2024 22:00;5
Oslo - Blindern;SN18700;20.04.2024 23:00;4,4
Oslo - Blindern;SN18700;21.04.2024 00:00;4,1
Oslo - Blindern;SN18700;21.04.2024 01:00;3,7
Oslo - Blindern;SN18700;21.04.2024 02:00;2,8
Oslo - Blindern;SN18700;21.04.2024 03:00;2,4
Oslo - Blindern;SN18700;21.04.2024 04:00;2
Oslo - Blindern;SN18700;21.04.2024 05:00;2
Oslo - Blindern;SN18700;21.04.2024 06:00;2,5
Oslo - Blindern;SN18700;21.04.2024 07:00;3,9
Oslo - Blindern;SN18700;21.04.2024 08:00;5
Oslo - Blindern;SN18700;21.04.2024 09:00;5,5
Oslo - Blindern;SN18700;21.04.2024 10:00;6,3
Oslo - Blindern;SN18700;21.04.2024 11:00;6,9
Oslo - Blindern;SN18700;21.04.2024 12:00;8,3
Oslo - Blindern;SN18700;21.04.2024 13:00;8,5
Oslo - Blindern;SN18700;21.04.2024 14:00;9,2
Oslo - Blindern;SN18700;21.04.2024 15:00;9,4
Oslo - Blindern;SN18700;21.04.2024 16:00;9,6
Oslo - Blindern;SN18700;21.04.2024 17:00;9,6
Oslo - Blindern;SN18700;21.04.2024 18:00;9,1
Oslo - Blindern;SN18700;21.04.2024 19:00;8,3
Oslo - Blindern;SN18700;21.04.2024 20:00;6,4
Oslo - Blindern;SN18700;21.04.2024 21:00;4,1
Oslo - Blindern;SN18700;21.04.2024 22:00;3,3
Oslo - Blindern;SN18700;21.04.2024 23:00;2,6
Oslo - Blindern;SN18700;22.04.2024 00:00;2,1
Oslo - Blindern;SN18700;22.04.2024 01:00;1,3
Oslo - Blindern;SN18700;22.04.2024 02:00;0
Oslo - Blindern;SN18700;22.04.2024 03:00;-0,7
Oslo - Blindern;SN18700;22.04.2024 04:00;-1,8
Oslo - Blindern;SN18700;22.04.2024 05:00;-2,1
Oslo - Blindern;SN18700;22.04.2024 06:00;-0,8
Oslo - Blindern;SN18700;22.04.2024 07:00;0,7
Oslo - Blindern;SN18700;22.04.2024 08:00;2,9
Oslo - Blindern;SN18700;22.04.2024 09:00;3,6
Oslo - Blindern;SN18700;22.04.2024 10:00;4,8
Oslo - Blindern;SN18700;22.04.2024 11:00;5,5
Oslo - Blindern;SN18700;22.04.2024 12:00;7,2
Oslo - Blindern;SN18700;22.04.2024 13:00;8,4
Oslo - Blindern;SN18700;22.04.2024 14:00;8,6
Oslo - Blindern;SN18700;22.04.2024 15:00;8,9
Oslo - Blindern;SN18700;22.04.2024 16:00;9
Oslo - Blindern;SN18700;22.04.2024 17:00;9,2
Oslo - Blindern;SN18700;22.04.2024 18:00;8,9
Oslo - Blindern;SN18700;22.04.2024 19:00;8,1
Oslo - Blindern;SN18700;22.04.2024 20:00;6,1
Oslo - Blindern;SN18700;22.04.2024 21:00;5,1
Oslo - Blindern;SN18700;22.04.2024 22:00;2,7
Oslo - Blindern;SN18700;22.04.2024 23:00;1,6
Oslo - Blindern;SN18700;23.04.2024 00:00;2,2
Oslo - Blindern;SN18700;23.04.2024 01:00;2,3
Oslo - Blindern;SN18700;23.04.2024 02:00;2,2
Oslo - Blindern;SN18700;23.04.2024 03:00;2
Oslo - Blindern;SN18700;23.04.2024 04:00;2
Oslo - Blindern;SN18700;23.04.2024 05:00;2,6
Oslo - Blindern;SN18700;23.04.2024 06:00;3,4
Oslo - Blindern;SN18700;23.04.2024 07:00;4,5
Oslo - Blindern;SN18700;23.04.2024 08:00;3,2
Oslo - Blindern;SN18700;23.04.2024 09:00;4,4
Oslo - Blindern;SN18700;23.04.2024 10:00;5,9
Oslo - Blindern;SN18700;23.04.2024 11:00;6,8
Oslo - Blindern;SN18700;23.04.2024 12:00;7,6
Oslo - Blindern;SN18700;23.04.2024 13:00;8,1
Oslo - Blindern;SN18700;23.04.2024 14:00;10,3
Oslo - Blindern;SN18700;23.04.2024 15:00;9,8
Oslo - Blindern;SN18700;23.04.2024 16:00;9,7
Oslo - Blindern;SN18700;23.04.2024 17:00;8,6
Oslo - Blindern;SN18700;23.04.2024 18:00;7,9
Oslo - Blindern;SN18700;23.04.2024 19:00;7
Oslo - Blindern;SN18700;23.04.2024 20:00;5,8
Oslo - Blindern;SN18700;23.04.2024 21:00;5,8
Oslo - Blindern;SN18700;23.04.2024 22:00;5,5
Oslo - Blindern;SN18700;23.04.2024 23:00;5,6
Oslo - Blindern;SN18700;24.04.2024 00:00;5,2
Oslo - Blindern;SN18700;24.04.2024 01:00;5,2
Oslo - Blindern;SN18700;24.04.2024 02:00;5,1
Oslo - Blindern;SN18700;24.04.2024 03:00;4,9
Oslo - Blindern;SN18700;24.04.2024 04:00;4,7
Oslo - Blindern;SN18700;24.04.2024 05:00;4,1
Oslo - Blindern;SN18700;24.04.2024 06:00;3,8
Oslo - Blindern;SN18700;24.04.2024 07:00;4,9
Oslo - Blindern;SN18700;24.04.2024 08:00;6,1
Oslo - Blindern;SN18700;24.04.2024 09:00;7
Oslo - Blindern;SN18700;24.04.2024 10:00;7,3
Oslo - Blindern;SN18700;24.04.2024 11:00;7,4
Oslo - Blindern;SN18700;24.04.2024 12:00;7,9
Oslo - Blindern;SN18700;24.04.2024 13:00;6,3
Oslo - Blindern;SN18700;24.04.2024 14:00;5,6
Oslo - Blindern;SN18700;24.04.2024 15:00;6,1
Oslo - Blindern;SN18700;24.04.2024 16:00;6,3
Oslo - Blindern;SN18700;24.04.2024 17:00;6,1
Oslo - Blindern;SN18700;24.04.2024 18:00;6,3
Oslo - Blindern;SN18700;24.04.2024 19:00;5,6
Oslo - Blindern;SN18700;24.04.2024 20:00;5,2
Oslo - Blindern;SN18700;24.04.2024 21:00;4,5
Oslo - Blindern;SN18700;24.04.2024 22:00;4
Oslo - Blindern;SN18700;24.04.2024 23:00;3,6
Oslo - Blindern;SN18700;25.04.2024 00:00;2,9
Oslo - Blindern;SN18700;25.04.2024 01:00;2,7
Oslo - Blindern;SN18700;25.04.2024 02:00;2,6
Oslo - Blindern;SN18700;25.04.2024 03:00;2,6
Oslo - Blindern;SN18700;25.04.2024 04:00;2,6
Oslo - Blindern;SN18700;25.04.2024 05:00;2,8
Oslo - Blindern;SN18700;25.04.2024 06:00;2,7
Oslo - Blindern;SN18700;25.04.2024 07:00;3,2
Oslo - Blindern;SN18700;25.04.2024 08:00;3,6
Oslo - Blindern;SN18700;25.04.2024 09:00;4,7
Oslo - Blindern;SN18700;25.04.2024 10:00;5,3
Oslo - Blindern;SN18700;25.04.2024 11:00;5,8
Oslo - Blindern;SN18700;25.04.2024 12:00;6,3
Oslo - Blindern;SN18700;25.04.2024 13:00;6,4
Oslo - Blindern;SN18700;25.04.2024 14:00;6,8
Oslo - Blindern;SN18700;25.04.2024 15:00;8,2
Oslo - Blindern;SN18700;25.04.2024 16:00;8,7
Oslo - Blindern;SN18700;25.04.2024 17:00;8,6
Oslo - Blindern;SN18700;25.04.2024 18:00;6,6
Oslo - Blindern;SN18700;25.04.2024 19:00;6
Oslo - Blindern;SN18700;25.04.2024 20:00;5,5
Oslo - Blindern;SN18700;25.04.2024 21:00;5,1
Oslo - Blindern;SN18700;25.04.2024 22:00;4,9
Oslo - Blindern;SN18700;25.04.2024 23:00;3,9
Oslo - Blindern;SN18700;26.04.2024 00:00;3,5
Oslo - Blindern;SN18700;26.04.2024 01:00;3,6
Oslo - Blindern;SN18700;26.04.2024 02:00;3,3
Oslo - Blindern;SN18700;26.04.2024 03:00;4
Oslo - Blindern;SN18700;26.04.2024 04:00;3,8
Oslo - Blindern;SN18700;26.04.2024 05:00;3,1
Oslo - Blindern;SN18700;26.04.2024 06:00;2,9
Oslo - Blindern;SN18700;26.04.2024 07:00;3,9
Oslo - Blindern;SN18700;26.04.2024 08:00;4,1
Oslo - Blindern;SN18700;26.04.2024 09:00;4,9
Oslo - Blindern;SN18700;26.04.2024 10:00;8,2
Oslo - Blindern;SN18700;26.04.2024 11:00;8,9
Oslo - Blindern;SN18700;26.04.2024 12:00;8
Oslo - Blindern;SN18700;26.04.2024 13:00;9,4
Oslo - Blindern;SN18700;26.04.2024 14:00;8,3
Oslo - Blindern;SN18700;26.04.2024 15:00;8,2
Oslo - Blindern;SN18700;26.04.2024 16:00;8,9
Oslo - Blindern;SN18700;26.04.2024 17:00;8,7
Oslo - Blindern;SN18700;26.04.2024 18:00;8,2
Oslo - Blindern;SN18700;26.04.2024 19:00;7,9
Oslo - Blindern;SN18700;26.04.2024 20:00;6,8
Oslo - Blindern;SN18700;26.04.2024 21:00;5,2
Oslo - Blindern;SN18700;26.04.2024 22:00;4,6
Oslo - Blindern;SN18700;26.04.2024 23:00;4,3
Oslo - Blindern;SN18700;27.04.2024 00:00;3,5
Oslo - Blindern;SN18700;27.04.2024 01:00;2,3
Oslo - Blindern;SN18700;27.04.2024 02:00;1,3
Oslo - Blindern;SN18700;27.04.2024 03:00;0,8
Oslo - Blindern;SN18700;27.04.2024 04:00;0,2
Oslo - Blindern;SN18700;27.04.2024 05:00;0
Oslo - Blindern;SN18700;27.04.2024 06:00;1,3
Oslo - Blindern;SN18700;27.04.2024 07:00;3
Oslo - Blindern;SN18700;27.04.2024 08:00;5,2
Oslo - Blindern;SN18700;27.04.2024 09:00;8,2
Oslo - Blindern;SN18700;27.04.2024 10:00;9,2
Oslo - Blindern;SN18700;27.04.2024 11:00;8,2
Oslo - Blindern;SN18700;27.04.2024 12:00;9,4
Oslo - Blindern;SN18700;27.04.2024 13:00;12,4
Oslo - Blindern;SN18700;27.04.2024 14:00;10,8
Oslo - Blindern;SN18700;27.04.2024 15:00;10,5
Oslo - Blindern;SN18700;27.04.2024 16:00;10,6
Oslo - Blindern;SN18700;27.04.2024 17:00;12,3
Oslo - Blindern;SN18700;27.04.2024 18:00;11
Oslo - Blindern;SN18700;27.04.2024 19:00;10
Oslo - Blindern;SN18700;27.04.2024 20:00;8,7
Oslo - Blindern;SN18700;27.04.2024 21:00;5,7
Oslo - Blindern;SN18700;27.04.2024 22:00;3,9
Oslo - Blindern;SN18700;27.04.2024 23:00;3,1
Oslo - Blindern;SN18700;28.04.2024 00:00;2,5
Oslo - Blindern;SN18700;28.04.2024 01:00;2
Oslo - Blindern;SN18700;28.04.2024 02:00;2,8
Oslo - Blindern;SN18700;28.04.2024 03:00;3,1
Oslo - Blindern;SN18700;28.04.2024 04:00;4,2
Oslo - Blindern;SN18700;28.04.2024 05:00;4,3
Oslo - Blindern;SN18700;28.04.2024 06:00;4,6
Oslo - Blindern;SN18700;28.04.2024 07:00;3,9
Oslo - Blindern;SN18700;28.04.2024 08:00;3,8
Oslo - Blindern;SN18700;28.04.2024 09:00;3,9
Oslo - Blindern;SN18700;28.04.2024 10:00;4,7
Oslo - Blindern;SN18700;28.04.2024 11:00;5,2
Oslo - Blindern;SN18700;28.04.2024 12:00;5,3
Oslo - Blindern;SN18700;28.04.2024 13:00;5,4
Oslo - Blindern;SN18700;28.04.2024 14:00;5,6
Oslo - Blindern;SN18700;28.04.2024 15:00;5,9
Oslo - Blindern;SN18700;28.04.2024 16:00;6,2
Oslo - Blindern;SN18700;28.04.2024 17:00;6,1
Oslo - Blindern;SN18700;28.04.2024 18:00;6
Oslo - Blindern;SN18700;28.04.2024 19:00;6
Oslo - Blindern;SN18700;28.04.2024 20:00;6
Oslo - Blindern;SN18700;28.04.2024 21:00;5,7
Oslo - Blindern;SN18700;28.04.2024 22:00;5,8
Oslo - Blindern;SN18700;28.04.2024 23:00;6,1
Oslo - Blindern;SN18700;29.04.2024 00:00;5,9
Oslo - Blindern;SN18700;29.04.2024 01:00;6,6
Oslo - Blindern;SN18700;29.04.2024 02:00;7
Oslo - Blindern;SN18700;29.04.2024 03:00;7,2
Oslo - Blindern;SN18700;29.04.2024 04:00;7,4
Oslo - Blindern;SN18700;29.04.2024 05:00;7,9
Oslo - Blindern;SN18700;29.04.2024 06:00;8
Oslo - Blindern;SN18700;29.04.2024 07:00;8,1
Oslo - Blindern;SN18700;29.04.2024 08:00;8,1
Oslo - Blindern;SN18700;29.04.2024 09:00;8,3
Oslo - Blindern;SN18700;29.04.2024 10:00;9,1
Oslo - Blindern;SN18700;29.04.2024 11:00;9,5
Oslo - Blindern;SN18700;29.04.2024 12:00;10,3
Oslo - Blindern;SN18700;29.04.2024 13:00;7,1
Oslo - Blindern;SN18700;29.04.2024 14:00;10,1
Oslo - Blindern;SN18700;29.04.2024 15:00;11,4
Oslo - Blindern;SN18700;29.04.2024 16:00;13,1
Oslo - Blindern;SN18700;29.04.2024 17:00;12,7
Oslo - Blindern;SN18700;29.04.2024 18:00;11,1
Oslo - Blindern;SN18700;29.04.2024 19:00;11,2
Oslo - Blindern;SN18700;29.04.2024 20:00;10
Oslo - Blindern;SN18700;29.04.2024 21:00;9
Oslo - Blindern;SN18700;29.04.2024 22:00;8
Oslo - Blindern;SN18700;29.04.2024 23:00;7,5
Oslo - Blindern;SN18700;30.04.2024 00:00;7,8
Oslo - Blindern;SN18700;30.04.2024 01:00;7,5
Oslo - Blindern;SN18700;30.04.2024 02:00;6,7
Oslo - Blindern;SN18700;30.04.2024 03:00;6,3
Oslo - Blindern;SN18700;30.04.2024 04:00;6,5
Oslo - Blindern;SN18700;30.04.2024 05:00;6,7
Oslo - Blindern;SN18700;30.04.2024 06:00;7,1
Oslo - Blindern;SN18700;30.04.2024 07:00;7,7
Oslo - Blindern;SN18700;30.04.2024 08:00;7,8
Oslo - Blindern;SN18700;30.04.2024 09:00;8,8
Oslo - Blindern;SN18700;30.04.2024 10:00;11
Oslo - Blindern;SN18700;30.04.2024 11:00;13,4
Oslo - Blindern;SN18700;30.04.2024 12:00;14,2
Oslo - Blindern;SN18700;30.04.2024 13:00;16,5
Oslo - Blindern;SN18700;30.04.2024 14:00;17,3
Oslo - Blindern;SN18700;30.04.2024 15:00;17,5
Oslo - Blindern;SN18700;30.04.2024 16:00;17,8
Oslo - Blindern;SN18700;30.04.2024 17:00;16,7
Oslo - Blindern;SN18700;30.04.2024 18:00;16,2
Oslo - Blindern;SN18700;30.04.2024 19:00;15,9
Oslo - Blindern;SN18700;30.04.2024 20:00;14,9
Oslo - Blindern;SN18700;30.04.2024 21:00;13,8
Oslo - Blindern;SN18700;30.04.2024 22:00;13
Oslo - Blindern;SN18700;30.04.2024 23:00;12,2
Oslo - Blindern;SN18700;01.05.2024 00:00;12,2
Oslo - Blindern;SN18700;01.05.2024 01:00;12,3
Oslo - Blindern;SN18700;01.05.2024 02:00;12,3
Oslo - Blindern;SN18700;01.05.2024 03:00;11,7
Oslo - Blindern;SN18700;01.05.2024 04:00;11
Oslo - Blindern;SN18700;01.05.2024 05:00;11,1
Oslo - Blindern;SN18700;01.05.2024 06:00;11,7
Oslo - Blindern;SN18700;01.05.2024 07:00;12,1
Oslo - Blindern;SN18700;01.05.2024 08:00;13,9
Oslo - Blindern;SN18700;01.05.2024 09:00;14,8
Oslo - Blindern;SN18700;01.05.2024 10:00;15,7
Oslo - Blindern;SN18700;01.05.2024 11:00;17,2
Oslo - Blindern;SN18700;01.05.2024 12:00;18,2
Oslo - Blindern;SN18700;01.05.2024 13:00;19
Oslo - Blindern;SN18700;01.05.2024 14:00;20,1
Oslo - Blindern;SN18700;01.05.2024 15:00;20,7
Oslo - Blindern;SN18700;01.05.2024 16:00;20,7
Oslo - Blindern;SN18700;01.05.2024 17:00;20,9
Oslo - Blindern;SN18700;01.05.2024 18:00;20,3
Oslo - Blindern;SN18700;01.05.2024 19:00;19,7
Oslo - Blindern;SN18700;01.05.2024 20:00;18,7
Oslo - Blindern;SN18700;01.05.2024 21:00;16,6
Oslo - Blindern;SN18700;01.05.2024 22:00;14,7
Oslo - Blindern;SN18700;01.05.2024 23:00;13,8
Oslo - Blindern;SN18700;02.05.2024 00:00;13,6
Oslo - Blindern;SN18700;02.05.2024 01:00;13,1
Oslo - Blindern;SN18700;02.05.2024 02:00;12,1
Oslo - Blindern;SN18700;02.05.2024 03:00;11,4
Oslo - Blindern;SN18700;02.05.2024 04:00;9,9
Oslo - Blindern;SN18700;02.05.2024 05:00;10,8
Oslo - Blindern;SN18700;02.05.2024 06:00;12,1
Oslo - Blindern;SN18700;02.05.2024 07:00;13
Oslo - Blindern;SN18700;02.05.2024 08:00;14
Oslo - Blindern;SN18700;02.05.2024 09:00;15,8
Oslo - Blindern;SN18700;02.05.2024 10:00;17,4
Oslo - Blindern;SN18700;02.05.2024 11:00;18,2
Oslo - Blindern;SN18700;02.05.2024 12:00;18,8
Oslo - Blindern;SN18700;02.05.2024 13:00;19,8
Oslo - Blindern;SN18700;02.05.2024 14:00;20,7
Oslo - Blindern;SN18700;02.05.2024 15:00;21,2
Oslo - Blindern;SN18700;02.05.2024 16:00;21,5
Oslo - Blindern;SN18700;02.05.2024 17:00;21,7
Oslo - Blindern;SN18700;02.05.2024 18:00;21,2
Oslo - Blindern;SN18700;02.05.2024 19:00;20,5
Oslo - Blindern;SN18700;02.05.2024 20:00;19,1
Oslo - Blindern;SN18700;02.05.2024 21:00;15,5
Oslo - Blindern;SN18700;02.05.2024 22:00;13,6
Oslo - Blindern;SN18700;02.05.2024 23:00;12,3
Oslo - Blindern;SN18700;03.05.2024 00:00;11,5
Oslo - Blindern;SN18700;03.05.2024 01:00;9,8
Oslo - Blindern;SN18700;03.05.2024 02:00;9,8
Oslo - Blindern;SN18700;03.05.2024 03:00;9,5
Oslo - Blindern;SN18700;03.05.2024 04:00;9,1
Oslo - Blindern;SN18700;03.05.2024 05:00;9,2
Oslo - Blindern;SN18700;03.05.2024 06:00;10,8
Oslo - Blindern;SN18700;03.05.2024 07:00;13,1
Oslo - Blindern;SN18700;03.05.2024 08:00;13,6
Oslo - Blindern;SN18700;03.05.2024 09:00;15,4
Oslo - Blindern;SN18700;03.05.2024 10:00;16,6
Oslo - Blindern;SN18700;03.05.2024 11:00;18,2
Oslo - Blindern;SN18700;03.05.2024 12:00;19,2
Oslo - Blindern;SN18700;03.05.2024 13:00;20
Oslo - Blindern;SN18700;03.05.2024 14:00;20,9
Oslo - Blindern;SN18700;03.05.2024 15:00;21,9
Oslo - Blindern;SN18700;03.05.2024 16:00;21,7
Oslo - Blindern;SN18700;03.05.2024 17:00;21,7
Oslo - Blindern;SN18700;03.05.2024 18:00;21,4
Oslo - Blindern;SN18700;03.05.2024 19:00;20,5
Oslo - Blindern;SN18700;03.05.2024 20:00;18,2
Oslo - Blindern;SN18700;03.05.2024 21:00;14,5
Oslo - Blindern;SN18700;03.05.2024 22:00;13
Oslo - Blindern;SN18700;03.05.2024 23:00;11,7
Oslo - Blindern;SN18700;04.05.2024 00:00;11,1
Oslo - Blindern;SN18700;04.05.2024 01:00;10,3
Oslo - Blindern;SN18700;04.05.2024 02:00;9,7
Oslo - Blindern;SN18700;04.05.2024 03:00;8,9
Oslo - Blindern;SN18700;04.05.2024 04:00;9
Oslo - Blindern;SN18700;04.05.2024 05:00;8,4
Oslo - Blindern;SN18700;04.05.2024 06:00;9
Oslo - Blindern;SN18700;04.05.2024 07:00;12,4
Oslo - Blindern;SN18700;04.05.2024 08:00;15,2
Oslo - Blindern;SN18700;04.05.2024 09:00;17,1
Oslo - Blindern;SN18700;04.05.2024 10:00;18,6
Oslo - Blindern;SN18700;04.05.2024 11:00;20,7
Oslo - Blindern;SN18700;04.05.2024 12:00;21,6
Oslo - Blindern;SN18700;04.05.2024 13:00;22,8
Oslo - Blindern;SN18700;04.05.2024 14:00;23,1
Oslo - Blindern;SN18700;04.05.2024 15:00;22,8
Oslo - Blindern;SN18700;04.05.2024 16:00;23,4
Oslo - Blindern;SN18700;04.05.2024 17:00;22,7
Oslo - Blindern;SN18700;04.05.2024 18:00;21,7
Oslo - Blindern;SN18700;04.05.2024 19:00;20,6
Oslo - Blindern;SN18700;04.05.2024 20:00;17,3
Oslo - Blindern;SN18700;04.05.2024 21:00;15,5
Oslo - Blindern;SN18700;04.05.2024 22:00;14,8
Oslo - Blindern;SN18700;04.05.2024 23:00;13,7
Oslo - Blindern;SN18700;05.05.2024 00:00;12,4
Oslo - Blindern;SN18700;05.05.2024 01:00;10,6
Oslo - Blindern;SN18700;05.05.2024 02:00;10,8
Oslo - Blindern;SN18700;05.05.2024 03:00;9,7
Oslo - Blindern;SN18700;05.05.2024 04:00;10,1
Oslo - Blindern;SN18700;05.05.2024 05:00;10,2
Oslo - Blindern;SN18700;05.05.2024 06:00;10
Oslo - Blindern;SN18700;05.05.2024 07:00;10,2
Oslo - Blindern;SN18700;05.05.2024 08:00;10,9
Oslo - Blindern;SN18700;05.05.2024 09:00;11,6
Oslo - Blindern;SN18700;05.05.2024 10:00;12,3
Oslo - Blindern;SN18700;05.05.2024 11:00;12,5
Oslo - Blindern;SN18700;05.05.2024 12:00;13,4
Oslo - Blindern;SN18700;05.05.2024 13:00;13,6
Oslo - Blindern;SN18700;05.05.2024 14:00;13,3
Oslo - Blindern;SN18700;05.05.2024 15:00;13,7
Oslo - Blindern;SN18700;05.05.2024 16:00;14,3
Oslo - Blindern;SN18700;05.05.2024 17:00;14,5
Oslo - Blindern;SN18700;05.05.2024 18:00;14,4
Oslo - Blindern;SN18700;05.05.2024 19:00;14,4
Oslo - Blindern;SN18700;05.05.2024 20:00;14,2
Oslo - Blindern;SN18700;05.05.2024 21:00;13,4
Oslo - Blindern;SN18700;05.05.2024 22:00;13,5
Oslo - Blindern;SN18700;05.05.2024 23:00;14,1
Oslo - Blindern;SN18700;06.05.2024 00:00;13,4
Oslo - Blindern;SN18700;06.05.2024 01:00;12,7
Oslo - Blindern;SN18700;06.05.2024 02:00;12,3
Oslo - Blindern;SN18700;06.05.2024 03:00;11,6
Oslo - Blindern;SN18700;06.05.2024 04:00;10,9
Oslo - Blindern;SN18700;06.05.2024 05:00;10,5
Oslo - Blindern;SN18700;06.05.2024 06:00;10,1
Oslo - Blindern;SN18700;06.05.2024 07:00;9,4
Oslo - Blindern;SN18700;06.05.2024 08:00;9,6
Oslo - Blindern;SN18700;06.05.2024 09:00;9,7
Oslo - Blindern;SN18700;06.05.2024 10:00;9,9
Oslo - Blindern;SN18700;06.05.2024 11:00;9,9
Oslo - Blindern;SN18700;06.05.2024 12:00;10,6
Oslo - Blindern;SN18700;06.05.2024 13:00;10,6
Oslo - Blindern;SN18700;06.05.2024 14:00;11,2
Oslo - Blindern;SN18700;06.05.2024 15:00;11,9
Oslo - Blindern;SN18700;06.05.2024 16:00;11,6
Oslo - Blindern;SN18700;06.05.2024 17:00;10,8
Oslo - Blindern;SN18700;06.05.2024 18:00;10,7
Oslo - Blindern;SN18700;06.05.2024 19:00;10,4
Oslo - Blindern;SN18700;06.05.2024 20:00;10,1
Oslo - Blindern;SN18700;06.05.2024 21:00;9,8
Oslo - Blindern;SN18700;06.05.2024 22:00;9,7
Oslo - Blindern;SN18700;06.05.2024 23:00;9,5
Oslo - Blindern;SN18700;07.05.2024 00:00;9,1
Oslo - Blindern;SN18700;07.05.2024 01:00;8,6
Oslo - Blindern;SN18700;07.05.2024 02:00;8,2
Oslo - Blindern;SN18700;07.05.2024 03:00;8,1
Oslo - Blindern;SN18700;07.05.2024 04:00;7,8
Oslo - Blindern;SN18700;07.05.2024 05:00;7,9
Oslo - Blindern;SN18700;07.05.2024 06:00;8,1
Oslo - Blindern;SN18700;07.05.2024 07:00;8,6
Oslo - Blindern;SN18700;07.05.2024 08:00;8,9
Oslo - Blindern;SN18700;07.05.2024 09:00;9,8
Oslo - Blindern;SN18700;07.05.2024 10:00;10,1
Oslo - Blindern;SN18700;07.05.2024 11:00;11,3
Oslo - Blindern;SN18700;07.05.2024 12:00;14,3
Oslo - Blindern;SN18700;07.05.2024 13:00;14,6
Oslo - Blindern;SN18700;07.05.2024 14:00;15,6
Oslo - Blindern;SN18700;07.05.2024 15:00;14,9
Oslo - Blindern;SN18700;07.05.2024 16:00;13,5
Oslo - Blindern;SN18700;07.05.2024 17:00;13,9
Oslo - Blindern;SN18700;07.05.2024 18:00;13,4
Oslo - Blindern;SN18700;07.05.2024 19:00;12,8
Oslo - Blindern;SN18700;07.05.2024 20:00;12,2
Oslo - Blindern;SN18700;07.05.2024 21:00;11,3
Oslo - Blindern;SN18700;07.05.2024 22:00;10,5
Oslo - Blindern;SN18700;07.05.2024 23:00;9,2
Oslo - Blindern;SN18700;08.05.2024 00:00;8,2
Oslo - Blindern;SN18700;08.05.2024 01:00;7,8
Oslo - Blindern;SN18700;08.05.2024 02:00;6,8
Oslo - Blindern;SN18700;08.05.2024 03:00;6,5
Oslo - Blindern;SN18700;08.05.2024 04:00;6,4
Oslo - Blindern;SN18700;08.05.2024 05:00;6,7
Oslo - Blindern;SN18700;08.05.2024 06:00;8,6
Oslo - Blindern;SN18700;08.05.2024 07:00;9,3
Oslo - Blindern;SN18700;08.05.2024 08:00;10,5
Oslo - Blindern;SN18700;08.05.2024 09:00;12
Oslo - Blindern;SN18700;08.05.2024 10:00;13,9
Oslo - Blindern;SN18700;08.05.2024 11:00;14,5
Oslo - Blindern;SN18700;08.05.2024 12:00;14,9
Oslo - Blindern;SN18700;08.05.2024 13:00;15,2
Oslo - Blindern;SN18700;08.05.2024 14:00;16,9
Oslo - Blindern;SN18700;08.05.2024 15:00;16,4
Oslo - Blindern;SN18700;08.05.2024 16:00;12,9
Oslo - Blindern;SN18700;08.05.2024 17:00;13,8
Oslo - Blindern;SN18700;08.05.2024 18:00;13,8
Oslo - Blindern;SN18700;08.05.2024 19:00;13,2
Oslo - Blindern;SN18700;08.05.2024 20:00;12,5
Oslo - Blindern;SN18700;08.05.2024 21:00;12
Oslo - Blindern;SN18700;08.05.2024 22:00;11,3
Oslo - Blindern;SN18700;08.05.2024 23:00;11
Oslo - Blindern;SN18700;09.05.2024 00:00;10,7
Oslo - Blindern;SN18700;09.05.2024 01:00;10,4
Oslo - Blindern;SN18700;09.05.2024 02:00;10
Oslo - Blindern;SN18700;09.05.2024 03:00;9,8
Oslo - Blindern;SN18700;09.05.2024 04:00;9,7
Oslo - Blindern;SN18700;09.05.2024 05:00;9,7
Oslo - Blindern;SN18700;09.05.2024 06:00;9,6
Oslo - Blindern;SN18700;09.05.2024 07:00;9,7
Oslo - Blindern;SN18700;09.05.2024 08:00;10,2
Oslo - Blindern;SN18700;09.05.2024 09:00;11
Oslo - Blindern;SN18700;09.05.2024 10:00;11,9
Oslo - Blindern;SN18700;09.05.2024 11:00;11,1
Oslo - Blindern;SN18700;09.05.2024 12:00;11,2
Oslo - Blindern;SN18700;09.05.2024 13:00;11,4
Oslo - Blindern;SN18700;09.05.2024 14:00;12,9
Oslo - Blindern;SN18700;09.05.2024 15:00;14,2
Oslo - Blindern;SN18700;09.05.2024 16:00;16
Oslo - Blindern;SN18700;09.05.2024 17:00;14,5
Oslo - Blindern;SN18700;09.05.2024 18:00;14,8
Oslo - Blindern;SN18700;09.05.2024 19:00;14,8
Oslo - Blindern;SN18700;09.05.2024 20:00;14,8
Oslo - Blindern;SN18700;09.05.2024 21:00;12,4
Oslo - Blindern;SN18700;09.05.2024 22:00;11,1
Oslo - Blindern;SN18700;09.05.2024 23:00;12,2
Oslo - Blindern;SN18700;10.05.2024 00:00;11,3
Oslo - Blindern;SN18700;10.05.2024 01:00;10,8
Oslo - Blindern;SN18700;10.05.2024 02:00;9,7
Oslo - Blindern;SN18700;10.05.2024 03:00;8,5
Oslo - Blindern;SN18700;10.05.2024 04:00;7,4
Oslo - Blindern;SN18700;10.05.2024 05:00;7
Oslo - Blindern;SN18700;10.05.2024 06:00;7
Oslo - Blindern;SN18700;10.05.2024 07:00;7,1
Oslo - Blindern;SN18700;10.05.2024 08:00;8,4
Oslo - Blindern;SN18700;10.05.2024 09:00;10
Oslo - Blindern;SN18700;10.05.2024 10:00;11,1
Oslo - Blindern;SN18700;10.05.2024 11:00;12,8
Oslo - Blindern;SN18700;10.05.2024 12:00;14,2
Oslo - Blindern;SN18700;10.05.2024 13:00;14,6
Oslo - Blindern;SN18700;10.05.2024 14:00;14
Oslo - Blindern;SN18700;10.05.2024 15:00;14
Oslo - Blindern;SN18700;10.05.2024 16:00;13,6
Oslo - Blindern;SN18700;10.05.2024 17:00;13,9
Oslo - Blindern;SN18700;10.05.2024 18:00;14,1
Oslo - Blindern;SN18700;10.05.2024 19:00;13,6
Oslo - Blindern;SN18700;10.05.2024 20:00;12,6
Oslo - Blindern;SN18700;10.05.2024 21:00;11,9
Oslo - Blindern;SN18700;10.05.2024 22:00;11,6
Oslo - Blindern;SN18700;10.05.2024 23:00;10,8
Oslo - Blindern;SN18700;11.05.2024 00:00;10
Oslo - Blindern;SN18700;11.05.2024 01:00;8,1
Oslo - Blindern;SN18700;11.05.2024 02:00;7,2
Oslo - Blindern;SN18700;11.05.2024 03:00;7,1
Oslo - Blindern;SN18700;11.05.2024 04:00;6,5
Oslo - Blindern;SN18700;11.05.2024 05:00;6,7
Oslo - Blindern;SN18700;11.05.2024 06:00;8,9
Oslo - Blindern;SN18700;11.05.2024 07:00;11,6
Oslo - Blindern;SN18700;11.05.2024 08:00;13,3
Oslo - Blindern;SN18700;11.05.2024 09:00;15
Oslo - Blindern;SN18700;11.05.2024 10:00;15,7
Oslo - Blindern;SN18700;11.05.2024 11:00;17
Oslo - Blindern;SN18700;11.05.2024 12:00;18,2
Oslo - Blindern;SN18700;11.05.2024 13:00;17,6
Oslo - Blindern;SN18700;11.05.2024 14:00;18,6
Oslo - Blindern;SN18700;11.05.2024 15:00;18,9
Oslo - Blindern;SN18700;11.05.2024 16:00;19,1
Oslo - Blindern;SN18700;11.05.2024 17:00;19,1
Oslo - Blindern;SN18700;11.05.2024 18:00;17,9
Oslo - Blindern;SN18700;11.05.2024 19:00;16,6
Oslo - Blindern;SN18700;11.05.2024 20:00;15,2
Oslo - Blindern;SN18700;11.05.2024 21:00;13,8
Oslo - Blindern;SN18700;11.05.2024 22:00;12,5
Oslo - Blindern;SN18700;11.05.2024 23:00;10,7
Oslo - Blindern;SN18700;12.05.2024 00:00;9,8
Oslo - Blindern;SN18700;12.05.2024 01:00;8,9
Oslo - Blindern;SN18700;12.05.2024 02:00;7,9
Oslo - Blindern;SN18700;12.05.2024 03:00;7,5
Oslo - Blindern;SN18700;12.05.2024 04:00;7,2
Oslo - Blindern;SN18700;12.05.2024 05:00;7,7
Oslo - Blindern;SN18700;12.05.2024 06:00;10
Oslo - Blindern;SN18700;12.05.2024 07:00;10,7
Oslo - Blindern;SN18700;12.05.2024 08:00;11,8
Oslo - Blindern;SN18700;12.05.2024 09:00;14,3
Oslo - Blindern;SN18700;12.05.2024 10:00;15,8
Oslo - Blindern;SN18700;12.05.2024 11:00;17,3
Oslo - Blindern;SN18700;12.05.2024 12:00;19,2
Oslo - Blindern;SN18700;12.05.2024 13:00;20,8
Oslo - Blindern;SN18700;12.05.2024 14:00;21,1
Oslo - Blindern;SN18700;12.05.2024 15:00;20,7
Oslo - Blindern;SN18700;12.05.2024 16:00;21
Oslo - Blindern;SN18700;12.05.2024 17:00;19,6
Oslo - Blindern;SN18700;12.05.2024 18:00;18,5
Oslo - Blindern;SN18700;12.05.2024 19:00;17,2
Oslo - Blindern;SN18700;12.05.2024 20:00;15,2
Oslo - Blindern;SN18700;12.05.2024 21:00;13,7
Oslo - Blindern;SN18700;12.05.2024 22:00;12,3
Oslo - Blindern;SN18700;12.05.2024 23:00;11
Oslo - Blindern;SN18700;13.05.2024 00:00;10,6
Oslo - Blindern;SN18700;13.05.2024 01:00;9,1
Oslo - Blindern;SN18700;13.05.2024 02:00;8,5
Oslo - Blindern;SN18700;13.05.2024 03:00;8,4
Oslo - Blindern;SN18700;13.05.2024 04:00;8,2
Oslo - Blindern;SN18700;13.05.2024 05:00;9,5
Oslo - Blindern;SN18700;13.05.2024 06:00;10,3
Oslo - Blindern;SN18700;13.05.2024 07:00;11
Oslo - Blindern;SN18700;13.05.2024 08:00;13,6
Oslo - Blindern;SN18700;13.05.2024 09:00;15,2
Oslo - Blindern;SN18700;13.05.2024 10:00;17,2
Oslo - Blindern;SN18700;13.05.2024 11:00;19,1
Oslo - Blindern;SN18700;13.05.2024 12:00;20,3
Oslo - Blindern;SN18700;13.05.2024 13:00;21,3
Oslo - Blindern;SN18700;13.05.2024 14:00;22,1
Oslo - Blindern;SN18700;13.05.2024 15:00;22
Oslo - Blindern;SN18700;13.05.2024 16:00;21,7
Oslo - Blindern;SN18700;13.05.2024 17:00;21,8
Oslo - Blindern;SN18700;13.05.2024 18:00;21,2
Oslo - Blindern;SN18700;13.05.2024 19:00;20
Oslo - Blindern;SN18700;13.05.2024 20:00;17,3
Oslo - Blindern;SN18700;13.05.2024 21:00;15,7
Oslo - Blindern;SN18700;13.05.2024 22:00;14
Oslo - Blindern;SN18700;13.05.2024 23:00;12,1
Oslo - Blindern;SN18700;14.05.2024 00:00;10,6
Oslo - Blindern;SN18700;14.05.2024 01:00;9,3
Oslo - Blindern;SN18700;14.05.2024 02:00;9
Oslo - Blindern;SN18700;14.05.2024 03:00;8,8
Oslo - Blindern;SN18700;14.05.2024 04:00;8,5
Oslo - Blindern;SN18700;14.05.2024 05:00;8
Oslo - Blindern;SN18700;14.05.2024 06:00;11
Oslo - Blindern;SN18700;14.05.2024 07:00;14,4
Oslo - Blindern;SN18700;14.05.2024 08:00;16,5
Oslo - Blindern;SN18700;14.05.2024 09:00;18,4
Oslo - Blindern;SN18700;14.05.2024 10:00;19,3
Oslo - Blindern;SN18700;14.05.2024 11:00;20,6
Oslo - Blindern;SN18700;14.05.2024 12:00;21,8
Oslo - Blindern;SN18700;14.05.2024 13:00;21,8
Oslo - Blindern;SN18700;14.05.2024 14:00;22,4
Oslo - Blindern;SN18700;14.05.2024 15:00;22,6
Oslo - Blindern;SN18700;14.05.2024 16:00;22,4
Oslo - Blindern;SN18700;14.05.2024 17:00;22,1
Oslo - Blindern;SN18700;14.05.2024 18:00;20,8
Oslo - Blindern;SN18700;14.05.2024 19:00;18,9
Oslo - Blindern;SN18700;14.05.2024 20:00;17,6
Oslo - Blindern;SN18700;14.05.2024 21:00;15,3
Oslo - Blindern;SN18700;14.05.2024 22:00;13,5
Oslo - Blindern;SN18700;14.05.2024 23:00;12,5
Oslo - Blindern;SN18700;15.05.2024 00:00;11,9
Oslo - Blindern;SN18700;15.05.2024 01:00;11,8
Oslo - Blindern;SN18700;15.05.2024 02:00;10,4
Oslo - Blindern;SN18700;15.05.2024 03:00;9,7
Oslo - Blindern;SN18700;15.05.2024 04:00;10
Oslo - Blindern;SN18700;15.05.2024 05:00;10,9
Oslo - Blindern;SN18700;15.05.2024 06:00;13,8
Oslo - Blindern;SN18700;15.05.2024 07:00;15,9
Oslo - Blindern;SN18700;15.05.2024 08:00;17,7
Oslo - Blindern;SN18700;15.05.2024 09:00;19,6
Oslo - Blindern;SN18700;15.05.2024 10:00;21,9
Oslo - Blindern;SN18700;15.05.2024 11:00;22,6
Oslo - Blindern;SN18700;15.05.2024 12:00;23,6
Oslo - Blindern;SN18700;15.05.2024 13:00;24,8
Oslo - Blindern;SN18700;15.05.2024 14:00;24,5
Oslo - Blindern;SN18700;15.05.2024 15:00;24,6
Oslo - Blindern;SN18700;15.05.2024 16:00;24
Oslo - Blindern;SN18700;15.05.2024 17:00;23,8
Oslo - Blindern;SN18700;15.05.2024 18:00;23,1
Oslo - Blindern;SN18700;15.05.2024 19:00;22,3
Oslo - Blindern;SN18700;15.05.2024 20:00;20
Oslo - Blindern;SN18700;15.05.2024 21:00;18,4
Oslo - Blindern;SN18700;15.05.2024 22:00;15,4
Oslo - Blindern;SN18700;15.05.2024 23:00;13,8
Oslo - Blindern;SN18700;16.05.2024 00:00;13,7
Oslo - Blindern;SN18700;16.05.2024 01:00;12,6
Oslo - Blindern;SN18700;16.05.2024 02:00;11,9
Oslo - Blindern;SN18700;16.05.2024 03:00;11,1
Oslo - Blindern;SN18700;16.05.2024 04:00;10,5
Oslo - Blindern;SN18700;16.05.2024 05:00;11,5
Oslo - Blindern;SN18700;16.05.2024 06:00;14,5
Oslo - Blindern;SN18700;16.05.2024 07:00;17,2
Oslo - Blindern;SN18700;16.05.2024 08:00;18,6
Oslo - Blindern;SN18700;16.05.2024 09:00;19,5
Oslo - Blindern;SN18700;16.05.2024 10:00;21,1
Oslo - Blindern;SN18700;16.05.2024 11:00;22,6
Oslo - Blindern;SN18700;16.05.2024 12:00;22,8
Oslo - Blindern;SN18700;16.05.2024 13:00;22,8
Oslo - Blindern;SN18700;16.05.2024 14:00;23,3
Oslo - Blindern;SN18700;16.05.2024 15:00;23,5
Oslo - Blindern;SN18700;16.05.2024 16:00;23,3
Oslo - Blindern;SN18700;16.05.2024 17:00;22,8
Oslo - Blindern;SN18700;16.05.2024 18:00;22,2
Oslo - Blindern;SN18700;16.05.2024 19:00;21,3
Oslo - Blindern;SN18700;16.05.2024 20:00;19,8
Oslo - Blindern;SN18700;16.05.2024 21:00;18,9
Oslo - Blindern;SN18700;16.05.2024 22:00;17,1
Oslo - Blindern;SN18700;16.05.2024 23:00;16,8
Oslo - Blindern;SN18700;17.05.2024 00:00;14,4
Oslo - Blindern;SN18700;17.05.2024 01:00;13,1
Oslo - Blindern;SN18700;17.05.2024 02:00;12,2
Oslo - Blindern;SN18700;17.05.2024 03:00;11,4
Oslo - Blindern;SN18700;17.05.2024 04:00;10,7
Oslo - Blindern;SN18700;17.05.2024 05:00;11,2
Oslo - Blindern;SN18700;17.05.2024 06:00;13,4
Oslo - Blindern;SN18700;17.05.2024 07:00;15
Oslo - Blindern;SN18700;17.05.2024 08:00;16,3
Oslo - Blindern;SN18700;17.05.2024 09:00;17,6
Oslo - Blindern;SN18700;17.05.2024 10:00;18,9
Oslo - Blindern;SN18700;17.05.2024 11:00;20,8
Oslo - Blindern;SN18700;17.05.2024 12:00;22,2
Oslo - Blindern;SN18700;17.05.2024 13:00;22,8
Oslo - Blindern;SN18700;17.05.2024 14:00;23,6
Oslo - Blindern;SN18700;17.05.2024 15:00;23,1
Oslo - Blindern;SN18700;17.05.2024 16:00;23,8
Oslo - Blindern;SN18700;17.05.2024 17:00;23,3
Oslo - Blindern;SN18700;17.05.2024 18:00;22,1
Oslo - Blindern;SN18700;17.05.2024 19:00;21,5
Oslo - Blindern;SN18700;17.05.2024 20:00;19,7
Oslo - Blindern;SN18700;17.05.2024 21:00;16,9
Oslo - Blindern;SN18700;17.05.2024 22:00;14,1
Oslo - Blindern;SN18700;17.05.2024 23:00;12,8
Oslo - Blindern;SN18700;18.05.2024 00:00;12
Oslo - Blindern;SN18700;18.05.2024 01:00;11,4
Oslo - Blindern;SN18700;18.05.2024 02:00;10,8
Oslo - Blindern;SN18700;18.05.2024 03:00;10,2
Oslo - Blindern;SN18700;18.05.2024 04:00;9,2
Oslo - Blindern;SN18700;18.05.2024 05:00;10,1
Oslo - Blindern;SN18700;18.05.2024 06:00;12,9
Oslo - Blindern;SN18700;18.05.2024 07:00;16,2
Oslo - Blindern;SN18700;18.05.2024 08:00;18,1
Oslo - Blindern;SN18700;18.05.2024 09:00;19,3
Oslo - Blindern;SN18700;18.05.2024 10:00;21,1
Oslo - Blindern;SN18700;18.05.2024 11:00;22,8
Oslo - Blindern;SN18700;18.05.2024 12:00;23,7
Oslo - Blindern;SN18700;18.05.2024 13:00;23,7
Oslo - Blindern;SN18700;18.05.2024 14:00;24
Oslo - Blindern;SN18700;18.05.2024 15:00;24
Oslo - Blindern;SN18700;18.05.2024 16:00;23,7
Oslo - Blindern;SN18700;18.05.2024 17:00;22,8
Oslo - Blindern;SN18700;18.05.2024 18:00;21,9
Oslo - Blindern;SN18700;18.05.2024 19:00;20,6
Oslo - Blindern;SN18700;18.05.2024 20:00;19
Oslo - Blindern;SN18700;18.05.2024 21:00;16,8
Oslo - Blindern;SN18700;18.05.2024 22:00;14,9
Oslo - Blindern;SN18700;18.05.2024 23:00;12,8
Oslo - Blindern;SN18700;19.05.2024 00:00;11,5
Oslo - Blindern;SN18700;19.05.2024 01:00;10,6
Oslo - Blindern;SN18700;19.05.2024 02:00;9,9
Oslo - Blindern;SN18700;19.05.2024 03:00;9,2
Oslo - Blindern;SN18700;19.05.2024 04:00;8,9
Oslo - Blindern;SN18700;19.05.2024 05:00;9,2
Oslo - Blindern;SN18700;19.05.2024 06:00;13,1
Oslo - Blindern;SN18700;19.05.2024 07:00;15,6
Oslo - Blindern;SN18700;19.05.2024 08:00;16,8
Oslo - Blindern;SN18700;19.05.2024 09:00;18,2
Oslo - Blindern;SN18700;19.05.2024 10:00;20,6
Oslo - Blindern;SN18700;19.05.2024 11:00;22,8
Oslo - Blindern;SN18700;19.05.2024 12:00;24,5
Oslo - Blindern;SN18700;19.05.2024 13:00;24,6
Oslo - Blindern;SN18700;19.05.2024 14:00;23,5
Oslo - Blindern;SN18700;19.05.2024 15:00;25,1
Oslo - Blindern;SN18700;19.05.2024 16:00;24,7
Oslo - Blindern;SN18700;19.05.2024 17:00;23,8
Oslo - Blindern;SN18700;19.05.2024 18:00;23,5
Oslo - Blindern;SN18700;19.05.2024 19:00;21,9
Oslo - Blindern;SN18700;19.05.2024 20:00;20,5
Oslo - Blindern;SN18700;19.05.2024 21:00;19,9
Oslo - Blindern;SN18700;19.05.2024 22:00;17,1
Oslo - Blindern;SN18700;19.05.2024 23:00;15,7
Oslo - Blindern;SN18700;20.05.2024 00:00;14,8
Oslo - Blindern;SN18700;20.05.2024 01:00;14,3
Oslo - Blindern;SN18700;20.05.2024 02:00;13,6
Oslo - Blindern;SN18700;20.05.2024 03:00;13
Oslo - Blindern;SN18700;20.05.2024 04:00;12,7
Oslo - Blindern;SN18700;20.05.2024 05:00;12,3
Oslo - Blindern;SN18700;20.05.2024 06:00;12,2
Oslo - Blindern;SN18700;20.05.2024 07:00;12,6
Oslo - Blindern;SN18700;20.05.2024 08:00;13,2
Oslo - Blindern;SN18700;20.05.2024 09:00;15,3
Oslo - Blindern;SN18700;20.05.2024 10:00;16,2
Oslo - Blindern;SN18700;20.05.2024 11:00;17,3
Oslo - Blindern;SN18700;20.05.2024 12:00;18,2
Oslo - Blindern;SN18700;20.05.2024 13:00;19,7
Oslo - Blindern;SN18700;20.05.2024 14:00;19,6
Oslo - Blindern;SN18700;20.05.2024 15:00;20,7
Oslo - Blindern;SN18700;20.05.2024 16:00;20,8
Oslo - Blindern;SN18700;20.05.2024 17:00;20,9
Oslo - Blindern;SN18700;20.05.2024 18:00;20,6
Oslo - Blindern;SN18700;20.05.2024 19:00;20,2
Oslo - Blindern;SN18700;20.05.2024 20:00;19,5
Oslo - Blindern;SN18700;20.05.2024 21:00;17,2
Oslo - Blindern;SN18700;20.05.2024 22:00;14,8
Oslo - Blindern;SN18700;20.05.2024 23:00;13,2
Oslo - Blindern;SN18700;21.05.2024 00:00;11,8
Oslo - Blindern;SN18700;21.05.2024 01:00;11,5
Oslo - Blindern;SN18700;21.05.2024 02:00;11,2
Oslo - Blindern;SN18700;21.05.2024 03:00;10,5
Oslo - Blindern;SN18700;21.05.2024 04:00;10,8
Oslo - Blindern;SN18700;21.05.2024 05:00;11,8
Oslo - Blindern;SN18700;21.05.2024 06:00;13,9
Oslo - Blindern;SN18700;21.05.2024 07:00;15,4
Oslo - Blindern;SN18700;21.05.2024 08:00;16,1
Oslo - Blindern;SN18700;21.05.2024 09:00;17,4
Oslo - Blindern;SN18700;21.05.2024 10:00;18,9
Oslo - Blindern;SN18700;21.05.2024 11:00;20
Oslo - Blindern;SN18700;21.05.2024 12:00;20,9
Oslo - Blindern;SN18700;21.05.2024 13:00;22,2
Oslo - Blindern;SN18700;21.05.2024 14:00;23,4
Oslo - Blindern;SN18700;21.05.2024 15:00;23,6
Oslo - Blindern;SN18700;21.05.2024 16:00;23,8
Oslo - Blindern;SN18700;21.05.2024 17:00;23,6
Oslo - Blindern;SN18700;21.05.2024 18:00;22,8
Oslo - Blindern;SN18700;21.05.2024 19:00;22,3
Oslo - Blindern;SN18700;21.05.2024 20:00;21,2
Oslo - Blindern;SN18700;21.05.2024 21:00;18,9
Oslo - Blindern;SN18700;21.05.2024 22:00;15,6
Oslo - Blindern;SN18700;21.05.2024 23:00;13,8
Oslo - Blindern;SN18700;22.05.2024 00:00;13,4
Oslo - Blindern;SN18700;22.05.2024 01:00;12,3
Oslo - Blindern;SN18700;22.05.2024 02:00;11,7
Oslo - Blindern;SN18700;22.05.2024 03:00;10,8
Oslo - Blindern;SN18700;22.05.2024 04:00;11
Oslo - Blindern;SN18700;22.05.2024 05:00;12,5
Oslo - Blindern;SN18700;22.05.2024 06:00;14,8
Oslo - Blindern;SN18700;22.05.2024 07:00;15,7
Oslo - Blindern;SN18700;22.05.2024 08:00;17,1
Oslo - Blindern;SN18700;22.05.2024 09:00;18,1
Oslo - Blindern;SN18700;22.05.2024 10:00;19,2
Oslo - Blindern;SN18700;22.05.2024 11:00;20,7
Oslo - Blindern;SN18700;22.05.2024 12:00;22
Oslo - Blindern;SN18700;22.05.2024 13:00;22,8
Oslo - Blindern;SN18700;22.05.2024 14:00;23,8
Oslo - Blindern;SN18700;22.05.2024 15:00;23,9
Oslo - Blindern;SN18700;22.05.2024 16:00;24,2
Oslo - Blindern;SN18700;22.05.2024 17:00;24,1
Oslo - Blindern;SN18700;22.05.2024 18:00;23,5
Oslo - Blindern;SN18700;22.05.2024 19:00;23,2
Oslo - Blindern;SN18700;22.05.2024 20:00;21,9
Oslo - Blindern;SN18700;22.05.2024 21:00;20,8
Oslo - Blindern;SN18700;22.05.2024 22:00;18,5
Oslo - Blindern;SN18700;22.05.2024 23:00;18,8
Oslo - Blindern;SN18700;23.05.2024 00:00;18
Oslo - Blindern;SN18700;23.05.2024 01:00;17,1
Oslo - Blindern;SN18700;23.05.2024 02:00;15,9
Oslo - Blindern;SN18700;23.05.2024 03:00;15,3
Oslo - Blindern;SN18700;23.05.2024 04:00;14,3
Oslo - Blindern;SN18700;23.05.2024 05:00;15
Oslo - Blindern;SN18700;23.05.2024 06:00;16,3
Oslo - Blindern;SN18700;23.05.2024 07:00;17,5
Oslo - Blindern;SN18700;23.05.2024 08:00;19
Oslo - Blindern;SN18700;23.05.2024 09:00;20,3
Oslo - Blindern;SN18700;23.05.2024 10:00;21,8
Oslo - Blindern;SN18700;23.05.2024 11:00;23,4
Oslo - Blindern;SN18700;23.05.2024 12:00;24,1
Oslo - Blindern;SN18700;23.05.2024 13:00;24,4
Oslo - Blindern;SN18700;23.05.2024 14:00;24,6
Oslo - Blindern;SN18700;23.05.2024 15:00;24,6
Oslo - Blindern;SN18700;23.05.2024 16:00;24,7
Oslo - Blindern;SN18700;23.05.2024 17:00;25,5
Oslo - Blindern;SN18700;23.05.2024 18:00;24
Oslo - Blindern;SN18700;23.05.2024 19:00;24
Oslo - Blindern;SN18700;23.05.2024 20:00;23,4
Oslo - Blindern;SN18700;23.05.2024 21:00;22,7
Oslo - Blindern;SN18700;23.05.2024 22:00;18
Oslo - Blindern;SN18700;23.05.2024 23:00;17,6
Oslo - Blindern;SN18700;24.05.2024 00:00;18,2
Oslo - Blindern;SN18700;24.05.2024 01:00;18,8
Oslo - Blindern;SN18700;24.05.2024 02:00;17,7
Oslo - Blindern;SN18700;24.05.2024 03:00;17,5
Oslo - Blindern;SN18700;24.05.2024 04:00;17,5
Oslo - Blindern;SN18700;24.05.2024 05:00;17,4
Oslo - Blindern;SN18700;24.05.2024 06:00;17,2
Oslo - Blindern;SN18700;24.05.2024 07:00;17,9
Oslo - Blindern;SN18700;24.05.2024 08:00;18,4
Oslo - Blindern;SN18700;24.05.2024 09:00;19,4
Oslo - Blindern;SN18700;24.05.2024 10:00;20,4
Oslo - Blindern;SN18700;24.05.2024 11:00;20
Oslo - Blindern;SN18700;24.05.2024 12:00;19
Oslo - Blindern;SN18700;24.05.2024 13:00;19,7
Oslo - Blindern;SN18700;24.05.2024 14:00;20,1
Oslo - Blindern;SN18700;24.05.2024 15:00;20,4
Oslo - Blindern;SN18700;24.05.2024 16:00;20,4
Oslo - Blindern;SN18700;24.05.2024 17:00;20,9
Oslo - Blindern;SN18700;24.05.2024 18:00;20
Oslo - Blindern;SN18700;24.05.2024 19:00;19,8
Oslo - Blindern;SN18700;24.05.2024 20:00;18,5
Oslo - Blindern;SN18700;24.05.2024 21:00;17,2
Oslo - Blindern;SN18700;24.05.2024 22:00;15,9
Oslo - Blindern;SN18700;24.05.2024 23:00;15
Oslo - Blindern;SN18700;25.05.2024 00:00;14,3
Oslo - Blindern;SN18700;25.05.2024 01:00;14
Oslo - Blindern;SN18700;25.05.2024 02:00;14
Oslo - Blindern;SN18700;25.05.2024 03:00;14,5
Oslo - Blindern;SN18700;25.05.2024 04:00;14,7
Oslo - Blindern;SN18700;25.05.2024 05:00;15,2
Oslo - Blindern;SN18700;25.05.2024 06:00;16,5
Oslo - Blindern;SN18700;25.05.2024 07:00;17,6
Oslo - Blindern;SN18700;25.05.2024 08:00;18
Oslo - Blindern;SN18700;25.05.2024 09:00;19,2
Oslo - Blindern;SN18700;25.05.2024 10:00;21,3
Oslo - Blindern;SN18700;25.05.2024 11:00;21,5
Oslo - Blindern;SN18700;25.05.2024 12:00;23,3
Oslo - Blindern;SN18700;25.05.2024 13:00;21,6
Oslo - Blindern;SN18700;25.05.2024 14:00;22,5
Oslo - Blindern;SN18700;25.05.2024 15:00;24,6
Oslo - Blindern;SN18700;25.05.2024 16:00;25,6
Oslo - Blindern;SN18700;25.05.2024 17:00;25,2
Oslo - Blindern;SN18700;25.05.2024 18:00;24,8
Oslo - Blindern;SN18700;25.05.2024 19:00;24,1
Oslo - Blindern;SN18700;25.05.2024 20:00;23,2
Oslo - Blindern;SN18700;25.05.2024 21:00;22,2
Oslo - Blindern;SN18700;25.05.2024 22:00;20
Oslo - Blindern;SN18700;25.05.2024 23:00;19,9
Oslo - Blindern;SN18700;26.05.2024 00:00;19,2
Oslo - Blindern;SN18700;26.05.2024 01:00;18,9
Oslo - Blindern;SN18700;26.05.2024 02:00;19,3
Oslo - Blindern;SN18700;26.05.2024 03:00;19,1
Oslo - Blindern;SN18700;26.05.2024 04:00;18,2
Oslo - Blindern;SN18700;26.05.2024 05:00;18
Oslo - Blindern;SN18700;26.05.2024 06:00;19,3
Oslo - Blindern;SN18700;26.05.2024 07:00;20,4
Oslo - Blindern;SN18700;26.05.2024 08:00;21,4
Oslo - Blindern;SN18700;26.05.2024 09:00;22,3
Oslo - Blindern;SN18700;26.05.2024 10:00;23,9
Oslo - Blindern;SN18700;26.05.2024 11:00;24,7
Oslo - Blindern;SN18700;26.05.2024 12:00;25,5
Oslo - Blindern;SN18700;26.05.2024 13:00;26,8
Oslo - Blindern;SN18700;26.05.2024 14:00;25,9
Oslo - Blindern;SN18700;26.05.2024 15:00;25,4
Oslo - Blindern;SN18700;26.05.2024 16:00;26,4
Oslo - Blindern;SN18700;26.05.2024 17:00;25,6
Oslo - Blindern;SN18700;26.05.2024 18:00;25,2
Oslo - Blindern;SN18700;26.05.2024 19:00;21,7
Oslo - Blindern;SN18700;26.05.2024 20:00;18,5
Oslo - Blindern;SN18700;26.05.2024 21:00;17,3
Oslo - Blindern;SN18700;26.05.2024 22:00;17,5
Oslo - Blindern;SN18700;26.05.2024 23:00;16,7
Oslo - Blindern;SN18700;27.05.2024 00:00;16,2
Oslo - Blindern;SN18700;27.05.2024 01:00;16,1
Oslo - Blindern;SN18700;27.05.2024 02:00;15,7
Oslo - Blindern;SN18700;27.05.2024 03:00;15,6
Oslo - Blindern;SN18700;27.05.2024 04:00;15,6
Oslo - Blindern;SN18700;27.05.2024 05:00;16,1
Oslo - Blindern;SN18700;27.05.2024 06:00;16,7
Oslo - Blindern;SN18700;27.05.2024 07:00;16,2
Oslo - Blindern;SN18700;27.05.2024 08:00;16,8
Oslo - Blindern;SN18700;27.05.2024 09:00;17,6
Oslo - Blindern;SN18700;27.05.2024 10:00;18
Oslo - Blindern;SN18700;27.05.2024 11:00;19,4
Oslo - Blindern;SN18700;27.05.2024 12:00;19,2
Oslo - Blindern;SN18700;27.05.2024 13:00;15,7
Oslo - Blindern;SN18700;27.05.2024 14:00;18,4
Oslo - Blindern;SN18700;27.05.2024 15:00;20,5
Oslo - Blindern;SN18700;27.05.2024 16:00;18,3
Oslo - Blindern;SN18700;27.05.2024 17:00;16,2
Oslo - Blindern;SN18700;27.05.2024 18:00;16,1
Oslo - Blindern;SN18700;27.05.2024 19:00;15,9
Oslo - Blindern;SN18700;27.05.2024 20:00;16
Oslo - Blindern;SN18700;27.05.2024 21:00;16
Oslo - Blindern;SN18700;27.05.2024 22:00;15,9
Oslo - Blindern;SN18700;27.05.2024 23:00;15,3
Oslo - Blindern;SN18700;28.05.2024 00:00;15,1
Oslo - Blindern;SN18700;28.05.2024 01:00;14,4
Oslo - Blindern;SN18700;28.05.2024 02:00;13,6
Oslo - Blindern;SN18700;28.05.2024 03:00;13,1
Oslo - Blindern;SN18700;28.05.2024 04:00;13,4
Oslo - Blindern;SN18700;28.05.2024 05:00;13,7
Oslo - Blindern;SN18700;28.05.2024 06:00;14
Oslo - Blindern;SN18700;28.05.2024 07:00;15,2
Oslo - Blindern;SN18700;28.05.2024 08:00;15,9
Oslo - Blindern;SN18700;28.05.2024 09:00;17,6
Oslo - Blindern;SN18700;28.05.2024 10:00;18,8
Oslo - Blindern;SN18700;28.05.2024 11:00;19,9
Oslo - Blindern;SN18700;28.05.2024 12:00;21,8
Oslo - Blindern;SN18700;28.05.2024 13:00;20,9
Oslo - Blindern;SN18700;28.05.2024 14:00;21,6
Oslo - Blindern;SN18700;28.05.2024 15:00;22,1
Oslo - Blindern;SN18700;28.05.2024 16:00;21,5
Oslo - Blindern;SN18700;28.05.2024 17:00;20,8
Oslo - Blindern;SN18700;28.05.2024 18:00;20,3
Oslo - Blindern;SN18700;28.05.2024 19:00;16
Oslo - Blindern;SN18700;28.05.2024 20:00;15,1
Oslo - Blindern;SN18700;28.05.2024 21:00;15,2
Oslo - Blindern;SN18700;28.05.2024 22:00;15,1
Oslo - Blindern;SN18700;28.05.2024 23:00;15
Oslo - Blindern;SN18700;29.05.2024 00:00;14,6
Oslo - Blindern;SN18700;29.05.2024 01:00;13,7
Oslo - Blindern;SN18700;29.05.2024 02:00;13,3
Oslo - Blindern;SN18700;29.05.2024 03:00;12,6
Oslo - Blindern;SN18700;29.05.2024 04:00;12,1
Oslo - Blindern;SN18700;29.05.2024 05:00;12,7
Oslo - Blindern;SN18700;29.05.2024 06:00;13
Oslo - Blindern;SN18700;29.05.2024 07:00;13,5
Oslo - Blindern;SN18700;29.05.2024 08:00;13,4
Oslo - Blindern;SN18700;29.05.2024 09:00;15
Oslo - Blindern;SN18700;29.05.2024 10:00;17,3
Oslo - Blindern;SN18700;29.05.2024 11:00;18,3
Oslo - Blindern;SN18700;29.05.2024 12:00;18,8
Oslo - Blindern;SN18700;29.05.2024 13:00;19,6
Oslo - Blindern;SN18700;29.05.2024 14:00;18
Oslo - Blindern;SN18700;29.05.2024 15:00;19,2
Oslo - Blindern;SN18700;29.05.2024 16:00;19,6
Oslo - Blindern;SN18700;29.05.2024 17:00;19,5
Oslo - Blindern;SN18700;29.05.2024 18:00;18,6
Oslo - Blindern;SN18700;29.05.2024 19:00;17,4
Oslo - Blindern;SN18700;29.05.2024 20:00;16,4
Oslo - Blindern;SN18700;29.05.2024 21:00;15
Oslo - Blindern;SN18700;29.05.2024 22:00;14,7
Oslo - Blindern;SN18700;29.05.2024 23:00;14,9
Oslo - Blindern;SN18700;30.05.2024 00:00;14,7
Oslo - Blindern;SN18700;30.05.2024 01:00;14,6
Oslo - Blindern;SN18700;30.05.2024 02:00;14,9
Oslo - Blindern;SN18700;30.05.2024 03:00;14,6
Oslo - Blindern;SN18700;30.05.2024 04:00;14,6
Oslo - Blindern;SN18700;30.05.2024 05:00;14,8
Oslo - Blindern;SN18700;30.05.2024 06:00;14,7
Oslo - Blindern;SN18700;30.05.2024 07:00;14,7
Oslo - Blindern;SN18700;30.05.2024 08:00;14,2
Oslo - Blindern;SN18700;30.05.2024 09:00;13
Oslo - Blindern;SN18700;30.05.2024 10:00;13,7
Oslo - Blindern;SN18700;30.05.2024 11:00;14,8
Oslo - Blindern;SN18700;30.05.2024 12:00;16,6
Oslo - Blindern;SN18700;30.05.2024 13:00;16,8
Oslo - Blindern;SN18700;30.05.2024 14:00;16,6
Oslo - Blindern;SN18700;30.05.2024 15:00;16,6
Oslo - Blindern;SN18700;30.05.2024 16:00;17,2
Oslo - Blindern;SN18700;30.05.2024 17:00;17,2
Oslo - Blindern;SN18700;30.05.2024 18:00;18,3
Oslo - Blindern;SN18700;30.05.2024 19:00;18,2
Oslo - Blindern;SN18700;30.05.2024 20:00;17,4
Oslo - Blindern;SN18700;30.05.2024 21:00;15,9
Oslo - Blindern;SN18700;30.05.2024 22:00;15,3
Oslo - Blindern;SN18700;30.05.2024 23:00;15,1
Oslo - Blindern;SN18700;31.05.2024 00:00;14,6
Oslo - Blindern;SN18700;31.05.2024 01:00;15
Oslo - Blindern;SN18700;31.05.2024 02:00;15,1
Oslo - Blindern;SN18700;31.05.2024 03:00;13,9
Oslo - Blindern;SN18700;31.05.2024 04:00;13,3
Oslo - Blindern;SN18700;31.05.2024 05:00;13,7
Oslo - Blindern;SN18700;31.05.2024 06:00;16,2
Oslo - Blindern;SN18700;31.05.2024 07:00;19
Oslo - Blindern;SN18700;31.05.2024 08:00;20,3
Oslo - Blindern;SN18700;31.05.2024 09:00;20,7
Oslo - Blindern;SN18700;31.05.2024 10:00;22,4
Oslo - Blindern;SN18700;31.05.2024 11:00;23,4
Oslo - Blindern;SN18700;31.05.2024 12:00;23,9
Oslo - Blindern;SN18700;31.05.2024 13:00;24,3
Oslo - Blindern;SN18700;31.05.2024 14:00;25,8
Oslo - Blindern;SN18700;31.05.2024 15:00;23,6
Oslo - Blindern;SN18700;31.05.2024 16:00;24,7
Oslo - Blindern;SN18700;31.05.2024 17:00;25,5
Oslo - Blindern;SN18700;31.05.2024 18:00;25,6
Oslo - Blindern;SN18700;31.05.2024 19:00;25,5
Oslo - Blindern;SN18700;31.05.2024 20:00;18,4
Oslo - Blindern;SN18700;31.05.2024 21:00;18,4
Oslo - Blindern;SN18700;31.05.2024 22:00;18,6
Oslo - Blindern;SN18700;31.05.2024 23:00;17,9
Oslo - Blindern;SN18700;01.06.2024 00:00;17,6
Oslo - Blindern;SN18700;01.06.2024 01:00;17,7
Oslo - Blindern;SN18700;01.06.2024 02:00;17,3
Oslo - Blindern;SN18700;01.06.2024 03:00;17,4
Oslo - Blindern;SN18700;01.06.2024 04:00;16
Oslo - Blindern;SN18700;01.06.2024 05:00;17,5
Oslo - Blindern;SN18700;01.06.2024 06:00;18,9
Oslo - Blindern;SN18700;01.06.2024 07:00;20,9
Oslo - Blindern;SN18700;01.06.2024 08:00;22,3
Oslo - Blindern;SN18700;01.06.2024 09:00;23,9
Oslo - Blindern;SN18700;01.06.2024 10:00;23,8
Oslo - Blindern;SN18700;01.06.2024 11:00;24,6
Oslo - Blindern;SN18700;01.06.2024 12:00;25,6
Oslo - Blindern;SN18700;01.06.2024 13:00;22,1
Oslo - Blindern;SN18700;01.06.2024 14:00;21
Oslo - Blindern;SN18700;01.06.2024 15:00;23,2
Oslo - Blindern;SN18700;01.06.2024 16:00;22,7
Oslo - Blindern;SN18700;01.06.2024 17:00;22
Oslo - Blindern;SN18700;01.06.2024 18:00;22,1
Oslo - Blindern;SN18700;01.06.2024 19:00;22,3
Oslo - Blindern;SN18700;01.06.2024 20:00;20,7
Oslo - Blindern;SN18700;01.06.2024 21:00;19,7
Oslo - Blindern;SN18700;01.06.2024 22:00;18,2
Oslo - Blindern;SN18700;01.06.2024 23:00;17,9
Oslo - Blindern;SN18700;02.06.2024 00:00;17,8
Oslo - Blindern;SN18700;02.06.2024 01:00;18,1
Oslo - Blindern;SN18700;02.06.2024 02:00;17,9
Oslo - Blindern;SN18700;02.06.2024 03:00;17,5
Oslo - Blindern;SN18700;02.06.2024 04:00;17,2
Oslo - Blindern;SN18700;02.06.2024 05:00;17,2
Oslo - Blindern;SN18700;02.06.2024 06:00;17,9
Oslo - Blindern;SN18700;02.06.2024 07:00;19,2
Oslo - Blindern;SN18700;02.06.2024 08:00;20,6
Oslo - Blindern;SN18700;02.06.2024 09:00;20,2
Oslo - Blindern;SN18700;02.06.2024 10:00;21,7
Oslo - Blindern;SN18700;02.06.2024 11:00;23,4
Oslo - Blindern;SN18700;02.06.2024 12:00;24,3
Oslo - Blindern;SN18700;02.06.2024 13:00;23,3
Oslo - Blindern;SN18700;02.06.2024 14:00;24,2
Oslo - Blindern;SN18700;02.06.2024 15:00;25,3
Oslo - Blindern;SN18700;02.06.2024 16:00;24,8
Oslo - Blindern;SN18700;02.06.2024 17:00;25,7
Oslo - Blindern;SN18700;02.06.2024 18:00;25,3
Oslo - Blindern;SN18700;02.06.2024 19:00;23,5
Oslo - Blindern;SN18700;02.06.2024 20:00;22,4
Oslo - Blindern;SN18700;02.06.2024 21:00;21,2
Oslo - Blindern;SN18700;02.06.2024 22:00;21,1
Oslo - Blindern;SN18700;02.06.2024 23:00;17,9
Oslo - Blindern;SN18700;03.06.2024 00:00;17,1
Oslo - Blindern;SN18700;03.06.2024 01:00;16,5
Oslo - Blindern;SN18700;03.06.2024 02:00;15,6
Oslo - Blindern;SN18700;03.06.2024 03:00;15,8
Oslo - Blindern;SN18700;03.06.2024 04:00;15,2
Oslo - Blindern;SN18700;03.06.2024 05:00;15,1
Oslo - Blindern;SN18700;03.06.2024 06:00;16,3
Oslo - Blindern;SN18700;03.06.2024 07:00;17,5
Oslo - Blindern;SN18700;03.06.2024 08:00;18,1
Oslo - Blindern;SN18700;03.06.2024 09:00;19,6
Oslo - Blindern;SN18700;03.06.2024 10:00;19,9
Oslo - Blindern;SN18700;03.06.2024 11:00;20,3
Oslo - Blindern;SN18700;03.06.2024 12:00;21,6
Oslo - Blindern;SN18700;03.06.2024 13:00;22,7
Oslo - Blindern;SN18700;03.06.2024 14:00;21,5
Oslo - Blindern;SN18700;03.06.2024 15:00;23
Oslo - Blindern;SN18700;03.06.2024 16:00;23,4
Oslo - Blindern;SN18700;03.06.2024 17:00;21,9
Oslo - Blindern;SN18700;03.06.2024 18:00;20,2
Oslo - Blindern;SN18700;03.06.2024 19:00;17,9
Oslo - Blindern;SN18700;03.06.2024 20:00;16
Oslo - Blindern;SN18700;03.06.2024 21:00;15
Oslo - Blindern;SN18700;03.06.2024 22:00;13,4
Oslo - Blindern;SN18700;03.06.2024 23:00;11,9
Oslo - Blindern;SN18700;04.06.2024 00:00;11,2
Oslo - Blindern;SN18700;04.06.2024 01:00;10,8
Oslo - Blindern;SN18700;04.06.2024 02:00;9,4
Oslo - Blindern;SN18700;04.06.2024 03:00;8,6
Oslo - Blindern;SN18700;04.06.2024 04:00;9,9
Oslo - Blindern;SN18700;04.06.2024 05:00;9,8
Oslo - Blindern;SN18700;04.06.2024 06:00;12,4
Oslo - Blindern;SN18700;04.06.2024 07:00;12,6
Oslo - Blindern;SN18700;04.06.2024 08:00;14,4
Oslo - Blindern;SN18700;04.06.2024 09:00;15,7
Oslo - Blindern;SN18700;04.06.2024 10:00;16,8
Oslo - Blindern;SN18700;04.06.2024 11:00;16,7
Oslo - Blindern;SN18700;04.06.2024 12:00;16,9
Oslo - Blindern;SN18700;04.06.2024 13:00;17,3
Oslo - Blindern;SN18700;04.06.2024 14:00;17
Oslo - Blindern;SN18700;04.06.2024 15:00;16,2
Oslo - Blindern;SN18700;04.06.2024 16:00;17,7
Oslo - Blindern;SN18700;04.06.2024 17:00;16,5
Oslo - Blindern;SN18700;04.06.2024 18:00;16,4
Oslo - Blindern;SN18700;04.06.2024 19:00;15,8
Oslo - Blindern;SN18700;04.06.2024 20:00;15,4
Oslo - Blindern;SN18700;04.06.2024 21:00;15,2
Oslo - Blindern;SN18700;04.06.2024 22:00;14,4
Oslo - Blindern;SN18700;04.06.2024 23:00;13,6
Oslo - Blindern;SN18700;05.06.2024 00:00;13,7
Oslo - Blindern;SN18700;05.06.2024 01:00;13,2
Oslo - Blindern;SN18700;05.06.2024 02:00;13,6
Oslo - Blindern;SN18700;05.06.2024 03:00;13,7
Oslo - Blindern;SN18700;05.06.2024 04:00;12,7
Oslo - Blindern;SN18700;05.06.2024 05:00;12,3
Oslo - Blindern;SN18700;05.06.2024 06:00;12,4
Oslo - Blindern;SN18700;05.06.2024 07:00;12,3
Oslo - Blindern;SN18700;05.06.2024 08:00;12,3
Oslo - Blindern;SN18700;05.06.2024 09:00;12,5
Oslo - Blindern;SN18700;05.06.2024 10:00;12,6
Oslo - Blindern;SN18700;05.06.2024 11:00;12,7
Oslo - Blindern;SN18700;05.06.2024 12:00;12,9
Oslo - Blindern;SN18700;05.06.2024 13:00;9,6
Oslo - Blindern;SN18700;05.06.2024 14:00;13,5
Oslo - Blindern;SN18700;05.06.2024 15:00;13,5
Oslo - Blindern;SN18700;05.06.2024 16:00;11,3
Oslo - Blindern;SN18700;05.06.2024 17:00;14,6
Oslo - Blindern;SN18700;05.06.2024 18:00;15,6
Oslo - Blindern;SN18700;05.06.2024 19:00;14,3
Oslo - Blindern;SN18700;05.06.2024 20:00;11,9
Oslo - Blindern;SN18700;05.06.2024 21:00;10,1
Oslo - Blindern;SN18700;05.06.2024 22:00;9,3
Oslo - Blindern;SN18700;05.06.2024 23:00;8,7
Oslo - Blindern;SN18700;06.06.2024 00:00;10,3
Oslo - Blindern;SN18700;06.06.2024 01:00;9,9
Oslo - Blindern;SN18700;06.06.2024 02:00;8
Oslo - Blindern;SN18700;06.06.2024 03:00;6,9
Oslo - Blindern;SN18700;06.06.2024 04:00;7,1
Oslo - Blindern;SN18700;06.06.2024 05:00;7,3
Oslo - Blindern;SN18700;06.06.2024 06:00;9,8
Oslo - Blindern;SN18700;06.06.2024 07:00;11,3
Oslo - Blindern;SN18700;06.06.2024 08:00;12,4
Oslo - Blindern;SN18700;06.06.2024 09:00;13,4
Oslo - Blindern;SN18700;06.06.2024 10:00;14,3
Oslo - Blindern;SN18700;06.06.2024 11:00;15,1
Oslo - Blindern;SN18700;06.06.2024 12:00;16,3
Oslo - Blindern;SN18700;06.06.2024 13:00;16,6
Oslo - Blindern;SN18700;06.06.2024 14:00;14
Oslo - Blindern;SN18700;06.06.2024 15:00;15,3
Oslo - Blindern;SN18700;06.06.2024 16:00;13,9
Oslo - Blindern;SN18700;06.06.2024 17:00;13,2
Oslo - Blindern;SN18700;06.06.2024 18:00;13
Oslo - Blindern;SN18700;06.06.2024 19:00;10,3
Oslo - Blindern;SN18700;06.06.2024 20:00;9,2
Oslo - Blindern;SN18700;06.06.2024 21:00;8,7
Oslo - Blindern;SN18700;06.06.2024 22:00;7,6
Oslo - Blindern;SN18700;06.06.2024 23:00;6,9
Oslo - Blindern;SN18700;07.06.2024 00:00;6,3
Oslo - Blindern;SN18700;07.06.2024 01:00;5,8
Oslo - Blindern;SN18700;07.06.2024 02:00;5,8
Oslo - Blindern;SN18700;07.06.2024 03:00;4,9
Oslo - Blindern;SN18700;07.06.2024 04:00;4,8
Oslo - Blindern;SN18700;07.06.2024 05:00;6,8
Oslo - Blindern;SN18700;07.06.2024 06:00;9,5
Oslo - Blindern;SN18700;07.06.2024 07:00;11,1
Oslo - Blindern;SN18700;07.06.2024 08:00;11,9
Oslo - Blindern;SN18700;07.06.2024 09:00;13,9
Oslo - Blindern;SN18700;07.06.2024 10:00;14,6
Oslo - Blindern;SN18700;07.06.2024 11:00;15,8
Oslo - Blindern;SN18700;07.06.2024 12:00;16,2
Oslo - Blindern;SN18700;07.06.2024 13:00;15,3
Oslo - Blindern;SN18700;07.06.2024 14:00;15,8
Oslo - Blindern;SN18700;07.06.2024 15:00;13,9
Oslo - Blindern;SN18700;07.06.2024 16:00;11,3
Oslo - Blindern;SN18700;07.06.2024 17:00;10,9
Oslo - Blindern;SN18700;07.06.2024 18:00;10,4
Oslo - Blindern;SN18700;07.06.2024 19:00;10,4
Oslo - Blindern;SN18700;07.06.2024 20:00;9,6
Oslo - Blindern;SN18700;07.06.2024 21:00;9,2
Oslo - Blindern;SN18700;07.06.2024 22:00;9,2
Oslo - Blindern;SN18700;07.06.2024 23:00;8,9
Oslo - Blindern;SN18700;08.06.2024 00:00;9
Oslo - Blindern;SN18700;08.06.2024 01:00;8,9
Oslo - Blindern;SN18700;08.06.2024 02:00;8,7
Oslo - Blindern;SN18700;08.06.2024 03:00;8,5
Oslo - Blindern;SN18700;08.06.2024 04:00;7,7
Oslo - Blindern;SN18700;08.06.2024 05:00;8,6
Oslo - Blindern;SN18700;08.06.2024 06:00;9,2
Oslo - Blindern;SN18700;08.06.2024 07:00;10
Oslo - Blindern;SN18700;08.06.2024 08:00;9,4
Oslo - Blindern;SN18700;08.06.2024 09:00;9
Oslo - Blindern;SN18700;08.06.2024 10:00;10,9
Oslo - Blindern;SN18700;08.06.2024 11:00;11,9
Oslo - Blindern;SN18700;08.06.2024 12:00;11,2
Oslo - Blindern;SN18700;08.06.2024 13:00;12,8
Oslo - Blindern;SN18700;08.06.2024 14:00;12,2
Oslo - Blindern;SN18700;08.06.2024 15:00;10,4
Oslo - Blindern;SN18700;08.06.2024 16:00;9,7
Oslo - Blindern;SN18700;08.06.2024 17:00;9,3
Oslo - Blindern;SN18700;08.06.2024 18:00;9,4
Oslo - Blindern;SN18700;08.06.2024 19:00;9,3
Oslo - Blindern;SN18700;08.06.2024 20:00;9,3
Oslo - Blindern;SN18700;08.06.2024 21:00;9,2
Oslo - Blindern;SN18700;08.06.2024 22:00;8,7
Oslo - Blindern;SN18700;08.06.2024 23:00;7,6
Oslo - Blindern;SN18700;09.06.2024 00:00;7,5
Oslo - Blindern;SN18700;09.06.2024 01:00;7,2
Oslo - Blindern;SN18700;09.06.2024 02:00;6
Oslo - Blindern;SN18700;09.06.2024 03:00;5,4
Oslo - Blindern;SN18700;09.06.2024 04:00;5,4
Oslo - Blindern;SN18700;09.06.2024 05:00;5,5
Oslo - Blindern;SN18700;09.06.2024 06:00;8,2
Oslo - Blindern;SN18700;09.06.2024 07:00;9,5
Oslo - Blindern;SN18700;09.06.2024 08:00;11
Oslo - Blindern;SN18700;09.06.2024 09:00;11,1
Oslo - Blindern;SN18700;09.06.2024 10:00;13,6
Oslo - Blindern;SN18700;09.06.2024 11:00;13,5
Oslo - Blindern;SN18700;09.06.2024 12:00;14,1
Oslo - Blindern;SN18700;09.06.2024 13:00;12,7
Oslo - Blindern;SN18700;09.06.2024 14:00;11,4
Oslo - Blindern;SN18700;09.06.2024 15:00;11,1
Oslo - Blindern;SN18700;09.06.2024 16:00;12,6
Oslo - Blindern;SN18700;09.06.2024 17:00;12,8
Oslo - Blindern;SN18700;09.06.2024 18:00;11,9
Oslo - Blindern;SN18700;09.06.2024 19:00;11,3
Oslo - Blindern;SN18700;09.06.2024 20:00;10,6
Oslo - Blindern;SN18700;09.06.2024 21:00;9,4
Oslo - Blindern;SN18700;09.06.2024 22:00;8,4
Oslo - Blindern;SN18700;09.06.2024 23:00;7,4
Oslo - Blindern;SN18700;10.06.2024 00:00;6,4
Oslo - Blindern;SN18700;10.06.2024 01:00;5,6
Oslo - Blindern;SN18700;10.06.2024 02:00;5
Oslo - Blindern;SN18700;10.06.2024 03:00;4,5
Oslo - Blindern;SN18700;10.06.2024 04:00;5,2
Oslo - Blindern;SN18700;10.06.2024 05:00;6,1
Oslo - Blindern;SN18700;10.06.2024 06:00;7,4
Oslo - Blindern;SN18700;10.06.2024 07:00;9,6
Oslo - Blindern;SN18700;10.06.2024 08:00;12,1
Oslo - Blindern;SN18700;10.06.2024 09:00;13,4
Oslo - Blindern;SN18700;10.06.2024 10:00;13,9
Oslo - Blindern;SN18700;10.06.2024 11:00;14
Oslo - Blindern;SN18700;10.06.2024 12:00;13,9
Oslo - Blindern;SN18700;10.06.2024 13:00;14,8
Oslo - Blindern;SN18700;10.06.2024 14:00;15,9
Oslo - Blindern;SN18700;10.06.2024 15:00;17
Oslo - Blindern;SN18700;10.06.2024 16:00;17,5
Oslo - Blindern;SN18700;10.06.2024 17:00;17,7
Oslo - Blindern;SN18700;10.06.2024 18:00;17,5
Oslo - Blindern;SN18700;10.06.2024 19:00;16
Oslo - Blindern;SN18700;10.06.2024 20:00;15,8
Oslo - Blindern;SN18700;10.06.2024 21:00;14
Oslo - Blindern;SN18700;10.06.2024 22:00;11,7
Oslo - Blindern;SN18700;10.06.2024 23:00;10,4
Oslo - Blindern;SN18700;11.06.2024 00:00;9,6
Oslo - Blindern;SN18700;11.06.2024 01:00;9,6
Oslo - Blindern;SN18700;11.06.2024 02:00;9,1
Oslo - Blindern;SN18700;11.06.2024 03:00;8,5
Oslo - Blindern;SN18700;11.06.2024 04:00;8,5
Oslo - Blindern;SN18700;11.06.2024 05:00;11,1
Oslo - Blindern;SN18700;11.06.2024 06:00;14,6
Oslo - Blindern;SN18700;11.06.2024 07:00;15,2
Oslo - Blindern;SN18700;11.06.2024 08:00;14,3
Oslo - Blindern;SN18700;11.06.2024 09:00;16,8
Oslo - Blindern;SN18700;11.06.2024 10:00;19
Oslo - Blindern;SN18700;11.06.2024 11:00;16,4
Oslo - Blindern;SN18700;11.06.2024 12:00;17,8
Oslo - Blindern;SN18700;11.06.2024 13:00;17,5
Oslo - Blindern;SN18700;11.06.2024 14:00;17,6
Oslo - Blindern;SN18700;11.06.2024 15:00;19
Oslo - Blindern;SN18700;11.06.2024 16:00;19,8
Oslo - Blindern;SN18700;11.06.2024 17:00;17,4
Oslo - Blindern;SN18700;11.06.2024 18:00;16,2
Oslo - Blindern;SN18700;11.06.2024 19:00;16,7
Oslo - Blindern;SN18700;11.06.2024 20:00;15,3
Oslo - Blindern;SN18700;11.06.2024 21:00;14,8
Oslo - Blindern;SN18700;11.06.2024 22:00;13,8
Oslo - Blindern;SN18700;11.06.2024 23:00;12,9
Oslo - Blindern;SN18700;12.06.2024 00:00;11,8
Oslo - Blindern;SN18700;12.06.2024 01:00;11
Oslo - Blindern;SN18700;12.06.2024 02:00;11,5
Oslo - Blindern;SN18700;12.06.2024 03:00;12,1
Oslo - Blindern;SN18700;12.06.2024 04:00;11,5
Oslo - Blindern;SN18700;12.06.2024 05:00;11,7
Oslo - Blindern;SN18700;12.06.2024 06:00;11,1
Oslo - Blindern;SN18700;12.06.2024 07:00;11,4
Oslo - Blindern;SN18700;12.06.2024 08:00;11
Oslo - Blindern;SN18700;12.06.2024 09:00;11,7
Oslo - Blindern;SN18700;12.06.2024 10:00;14
Oslo - Blindern;SN18700;12.06.2024 11:00;14,8
Oslo - Blindern;SN18700;12.06.2024 12:00;12,3
Oslo - Blindern;SN18700;12.06.2024 13:00;12,3
Oslo - Blindern;SN18700;12.06.2024 14:00;13,3
Oslo - Blindern;SN18700;12.06.2024 15:00;15,7
Oslo - Blindern;SN18700;12.06.2024 16:00;16,2
Oslo - Blindern;SN18700;12.06.2024 17:00;14,5
Oslo - Blindern;SN18700;12.06.2024 18:00;14,4
Oslo - Blindern;SN18700;12.06.2024 19:00;12,8
Oslo - Blindern;SN18700;12.06.2024 20:00;11,8
Oslo - Blindern;SN18700;12.06.2024 21:00;10,2
Oslo - Blindern;SN18700;12.06.2024 22:00;10,3
Oslo - Blindern;SN18700;12.06.2024 23:00;10,3
Oslo - Blindern;SN18700;13.06.2024 00:00;10,6
Oslo - Blindern;SN18700;13.06.2024 01:00;10,9
Oslo - Blindern;SN18700;13.06.2024 02:00;10,6
Oslo - Blindern;SN18700;13.06.2024 03:00;10,6
Oslo - Blindern;SN18700;13.06.2024 04:00;10,4
Oslo - Blindern;SN18700;13.06.2024 05:00;10,6
Oslo - Blindern;SN18700;13.06.2024 06:00;10,7
Oslo - Blindern;SN18700;13.06.2024 07:00;11,4
Oslo - Blindern;SN18700;13.06.2024 08:00;12,7
Oslo - Blindern;SN18700;13.06.2024 09:00;13
Oslo - Blindern;SN18700;13.06.2024 10:00;13,7
Oslo - Blindern;SN18700;13.06.2024 11:00;15
Oslo - Blindern;SN18700;13.06.2024 12:00;15,5
Oslo - Blindern;SN18700;13.06.2024 13:00;15,6
Oslo - Blindern;SN18700;13.06.2024 14:00;16,5
Oslo - Blindern;SN18700;13.06.2024 15:00;15,5
Oslo - Blindern;SN18700;13.06.2024 16:00;14,5
Oslo - Blindern;SN18700;13.06.2024 17:00;14,7
Oslo - Blindern;SN18700;13.06.2024 18:00;13
Oslo - Blindern;SN18700;13.06.2024 19:00;12,2
Oslo - Blindern;SN18700;13.06.2024 20:00;11,9
Oslo - Blindern;SN18700;13.06.2024 21:00;11,3
Oslo - Blindern;SN18700;13.06.2024 22:00;10,8
Oslo - Blindern;SN18700;13.06.2024 23:00;11
Oslo - Blindern;SN18700;14.06.2024 00:00;11
Oslo - Blindern;SN18700;14.06.2024 01:00;10,6
Oslo - Blindern;SN18700;14.06.2024 02:00;9,7
Oslo - Blindern;SN18700;14.06.2024 03:00;9,5
Oslo - Blindern;SN18700;14.06.2024 04:00;9,9
Oslo - Blindern;SN18700;14.06.2024 05:00;11,4
Oslo - Blindern;SN18700;14.06.2024 06:00;12,2
Oslo - Blindern;SN18700;14.06.2024 07:00;12,4
Oslo - Blindern;SN18700;14.06.2024 08:00;12,9
Oslo - Blindern;SN18700;14.06.2024 09:00;14,1
Oslo - Blindern;SN18700;14.06.2024 10:00;15,7
Oslo - Blindern;SN18700;14.06.2024 11:00;16,9
Oslo - Blindern;SN18700;14.06.2024 12:00;17,3
Oslo - Blindern;SN18700;14.06.2024 13:00;16,9
Oslo - Blindern;SN18700;14.06.2024 14:00;15,6
Oslo - Blindern;SN18700;14.06.2024 15:00;16,8
Oslo - Blindern;SN18700;14.06.2024 16:00;17
Oslo - Blindern;SN18700;14.06.2024 17:00;15,8
Oslo - Blindern;SN18700;14.06.2024 18:00;16,1
Oslo - Blindern;SN18700;14.06.2024 19:00;14,7
Oslo - Blindern;SN18700;14.06.2024 20:00;13,4
Oslo - Blindern;SN18700;14.06.2024 21:00;12,9
Oslo - Blindern;SN18700;14.06.2024 22:00;11,8
Oslo - Blindern;SN18700;14.06.2024 23:00;12,8
Oslo - Blindern;SN18700;15.06.2024 00:00;12,3
Oslo - Blindern;SN18700;15.06.2024 01:00;11,5
Oslo - Blindern;SN18700;15.06.2024 02:00;11,2
Oslo - Blindern;SN18700;15.06.2024 03:00;10,9
Oslo - Blindern;SN18700;15.06.2024 04:00;10,9
Oslo - Blindern;SN18700;15.06.2024 05:00;11,7
Oslo - Blindern;SN18700;15.06.2024 06:00;12,1
Oslo - Blindern;SN18700;15.06.2024 07:00;12,5
Oslo - Blindern;SN18700;15.06.2024 08:00;13,1
Oslo - Blindern;SN18700;15.06.2024 09:00;14,1
Oslo - Blindern;SN18700;15.06.2024 10:00;15,5
Oslo - Blindern;SN18700;15.06.2024 11:00;17,1
Oslo - Blindern;SN18700;15.06.2024 12:00;18,1
Oslo - Blindern;SN18700;15.06.2024 13:00;18,5
Oslo - Blindern;SN18700;15.06.2024 14:00;19,5
Oslo - Blindern;SN18700;15.06.2024 15:00;18
Oslo - Blindern;SN18700;15.06.2024 16:00;17,7
Oslo - Blindern;SN18700;15.06.2024 17:00;16,9
Oslo - Blindern;SN18700;15.06.2024 18:00;16,5
Oslo - Blindern;SN18700;15.06.2024 19:00;16
Oslo - Blindern;SN18700;15.06.2024 20:00;14,4
Oslo - Blindern;SN18700;15.06.2024 21:00;13,5
Oslo - Blindern;SN18700;15.06.2024 22:00;12,5
Oslo - Blindern;SN18700;15.06.2024 23:00;11,9
Oslo - Blindern;SN18700;16.06.2024 00:00;11,9
Oslo - Blindern;SN18700;16.06.2024 01:00;11,8
Oslo - Blindern;SN18700;16.06.2024 02:00;12
Oslo - Blindern;SN18700;16.06.2024 03:00;12,3
Oslo - Blindern;SN18700;16.06.2024 04:00;12,3
Oslo - Blindern;SN18700;16.06.2024 05:00;12,6
Oslo - Blindern;SN18700;16.06.2024 06:00;12,6
Oslo - Blindern;SN18700;16.06.2024 07:00;12,9
Oslo - Blindern;SN18700;16.06.2024 08:00;13,7
Oslo - Blindern;SN18700;16.06.2024 09:00;14,1
Oslo - Blindern;SN18700;16.06.2024 10:00;14,6
Oslo - Blindern;SN18700;16.06.2024 11:00;15,6
Oslo - Blindern;SN18700;16.06.2024 12:00;16,7
Oslo - Blindern;SN18700;16.06.2024 13:00;17,9
Oslo - Blindern;SN18700;16.06.2024 14:00;18,8
Oslo - Blindern;SN18700;16.06.2024 15:00;18,6
Oslo - Blindern;SN18700;16.06.2024 16:00;17,8
Oslo - Blindern;SN18700;16.06.2024 17:00;16,6
Oslo - Blindern;SN18700;16.06.2024 18:00;16,1
Oslo - Blindern;SN18700;16.06.2024 19:00;15,6
Oslo - Blindern;SN18700;16.06.2024 20:00;15,4
Oslo - Blindern;SN18700;16.06.2024 21:00;15,3
Oslo - Blindern;SN18700;16.06.2024 22:00;14,5
Oslo - Blindern;SN18700;16.06.2024 23:00;14,1
Oslo - Blindern;SN18700;17.06.2024 00:00;13,9
Oslo - Blindern;SN18700;17.06.2024 01:00;13,6
Oslo - Blindern;SN18700;17.06.2024 02:00;14,1
Oslo - Blindern;SN18700;17.06.2024 03:00;13,5
Oslo - Blindern;SN18700;17.06.2024 04:00;12,7
Oslo - Blindern;SN18700;17.06.2024 05:00;12,7
Oslo - Blindern;SN18700;17.06.2024 06:00;12,7
Oslo - Blindern;SN18700;17.06.2024 07:00;12,8
Oslo - Blindern;SN18700;17.06.2024 08:00;13,4
Oslo - Blindern;SN18700;17.06.2024 09:00;14,7
Oslo - Blindern;SN18700;17.06.2024 10:00;15,6
Oslo - Blindern;SN18700;17.06.2024 11:00;16,1
Oslo - Blindern;SN18700;17.06.2024 12:00;18
Oslo - Blindern;SN18700;17.06.2024 13:00;17,7
Oslo - Blindern;SN18700;17.06.2024 14:00;17,8
Oslo - Blindern;SN18700;17.06.2024 15:00;18,4
Oslo - Blindern;SN18700;17.06.2024 16:00;17,9
Oslo - Blindern;SN18700;17.06.2024 17:00;18,4
Oslo - Blindern;SN18700;17.06.2024 18:00;17,8
Oslo - Blindern;SN18700;17.06.2024 19:00;17,2
Oslo - Blindern;SN18700;17.06.2024 20:00;15,6
Oslo - Blindern;SN18700;17.06.2024 21:00;14,5
Oslo - Blindern;SN18700;17.06.2024 22:00;13,4
Oslo - Blindern;SN18700;17.06.2024 23:00;12,8
Oslo - Blindern;SN18700;18.06.2024 00:00;12,4
Oslo - Blindern;SN18700;18.06.2024 01:00;12,3
Oslo - Blindern;SN18700;18.06.2024 02:00;11,5
Oslo - Blindern;SN18700;18.06.2024 03:00;11,5
Oslo - Blindern;SN18700;18.06.2024 04:00;12,3
Oslo - Blindern;SN18700;18.06.2024 05:00;12,6
Oslo - Blindern;SN18700;18.06.2024 06:00;12,9
Oslo - Blindern;SN18700;18.06.2024 07:00;12,9
Oslo - Blindern;SN18700;18.06.2024 08:00;12,3
Oslo - Blindern;SN18700;18.06.2024 09:00;14,1
Oslo - Blindern;SN18700;18.06.2024 10:00;13,3
Oslo - Blindern;SN18700;18.06.2024 11:00;14,9
Oslo - Blindern;SN18700;18.06.2024 12:00;15
Oslo - Blindern;SN18700;18.06.2024 13:00;15,2
Oslo - Blindern;SN18700;18.06.2024 14:00;12,5
Oslo - Blindern;SN18700;18.06.2024 15:00;12,9
Oslo - Blindern;SN18700;18.06.2024 16:00;15,9
Oslo - Blindern;SN18700;18.06.2024 17:00;14
Oslo - Blindern;SN18700;18.06.2024 18:00;16
Oslo - Blindern;SN18700;18.06.2024 19:00;15,7
Oslo - Blindern;SN18700;18.06.2024 20:00;14,2
Oslo - Blindern;SN18700;18.06.2024 21:00;13,8
Oslo - Blindern;SN18700;18.06.2024 22:00;12,1
Oslo - Blindern;SN18700;18.06.2024 23:00;11,3
Oslo - Blindern;SN18700;19.06.2024 00:00;10,6
Oslo - Blindern;SN18700;19.06.2024 01:00;10,5
Oslo - Blindern;SN18700;19.06.2024 02:00;9,4
Oslo - Blindern;SN18700;19.06.2024 03:00;10
Oslo - Blindern;SN18700;19.06.2024 04:00;10,4
Oslo - Blindern;SN18700;19.06.2024 05:00;12,1
Oslo - Blindern;SN18700;19.06.2024 06:00;14,7
Oslo - Blindern;SN18700;19.06.2024 07:00;16,1
Oslo - Blindern;SN18700;19.06.2024 08:00;17,6
Oslo - Blindern;SN18700;19.06.2024 09:00;17,2
Oslo - Blindern;SN18700;19.06.2024 10:00;18,2
Oslo - Blindern;SN18700;19.06.2024 11:00;19,6
Oslo - Blindern;SN18700;19.06.2024 12:00;20,5
Oslo - Blindern;SN18700;19.06.2024 13:00;18,1
Oslo - Blindern;SN18700;19.06.2024 14:00;21,9
Oslo - Blindern;SN18700;19.06.2024 15:00;20,5
Oslo - Blindern;SN18700;19.06.2024 16:00;20,7
Oslo - Blindern;SN18700;19.06.2024 17:00;19,4
Oslo - Blindern;SN18700;19.06.2024 18:00;16,5
Oslo - Blindern;SN18700;19.06.2024 19:00;17,3
Oslo - Blindern;SN18700;19.06.2024 20:00;15,8
Oslo - Blindern;SN18700;19.06.2024 21:00;14,9
Oslo - Blindern;SN18700;19.06.2024 22:00;13,5
Oslo - Blindern;SN18700;19.06.2024 23:00;13
Oslo - Blindern;SN18700;20.06.2024 00:00;13,3
Oslo - Blindern;SN18700;20.06.2024 01:00;12,7
Oslo - Blindern;SN18700;20.06.2024 02:00;12
Oslo - Blindern;SN18700;20.06.2024 03:00;12,2
Oslo - Blindern;SN18700;20.06.2024 04:00;11,2
Oslo - Blindern;SN18700;20.06.2024 05:00;11
Oslo - Blindern;SN18700;20.06.2024 06:00;11,8
Oslo - Blindern;SN18700;20.06.2024 07:00;14,8
Oslo - Blindern;SN18700;20.06.2024 08:00;15,5
Oslo - Blindern;SN18700;20.06.2024 09:00;16,9
Oslo - Blindern;SN18700;20.06.2024 10:00;18,5
Oslo - Blindern;SN18700;20.06.2024 11:00;17,6
Oslo - Blindern;SN18700;20.06.2024 12:00;20,5
Oslo - Blindern;SN18700;20.06.2024 13:00;20,2
Oslo - Blindern;SN18700;20.06.2024 14:00;19,8
Oslo - Blindern;SN18700;20.06.2024 15:00;19,8
Oslo - Blindern;SN18700;20.06.2024 16:00;22,4
Oslo - Blindern;SN18700;20.06.2024 17:00;22
Oslo - Blindern;SN18700;20.06.2024 18:00;20,9
Oslo - Blindern;SN18700;20.06.2024 19:00;19
Oslo - Blindern;SN18700;20.06.2024 20:00;17,2
Oslo - Blindern;SN18700;20.06.2024 21:00;15,5
Oslo - Blindern;SN18700;20.06.2024 22:00;14,2
Oslo - Blindern;SN18700;20.06.2024 23:00;12,9
Oslo - Blindern;SN18700;21.06.2024 00:00;12
Oslo - Blindern;SN18700;21.06.2024 01:00;10,6
Oslo - Blindern;SN18700;21.06.2024 02:00;9,5
Oslo - Blindern;SN18700;21.06.2024 03:00;10,1
Oslo - Blindern;SN18700;21.06.2024 04:00;9,3
Oslo - Blindern;SN18700;21.06.2024 05:00;11,5
Oslo - Blindern;SN18700;21.06.2024 06:00;14,7
Oslo - Blindern;SN18700;21.06.2024 07:00;15,4
Oslo - Blindern;SN18700;21.06.2024 08:00;16,9
Oslo - Blindern;SN18700;21.06.2024 09:00;18,6
Oslo - Blindern;SN18700;21.06.2024 10:00;19
Oslo - Blindern;SN18700;21.06.2024 11:00;19,3
Oslo - Blindern;SN18700;21.06.2024 12:00;21
Oslo - Blindern;SN18700;21.06.2024 13:00;21,3
Oslo - Blindern;SN18700;21.06.2024 14:00;21,6
Oslo - Blindern;SN18700;21.06.2024 15:00;21,7
Oslo - Blindern;SN18700;21.06.2024 16:00;21,5
Oslo - Blindern;SN18700;21.06.2024 17:00;21,1
Oslo - Blindern;SN18700;21.06.2024 18:00;19,8
Oslo - Blindern;SN18700;21.06.2024 19:00;19,1
Oslo - Blindern;SN18700;21.06.2024 20:00;17,6
Oslo - Blindern;SN18700;21.06.2024 21:00;15,8
Oslo - Blindern;SN18700;21.06.2024 22:00;14,5
Oslo - Blindern;SN18700;21.06.2024 23:00;12,6
Oslo - Blindern;SN18700;22.06.2024 00:00;11,6
Oslo - Blindern;SN18700;22.06.2024 01:00;11,1
Oslo - Blindern;SN18700;22.06.2024 02:00;11,4
Oslo - Blindern;SN18700;22.06.2024 03:00;11,2
Oslo - Blindern;SN18700;22.06.2024 04:00;12
Oslo - Blindern;SN18700;22.06.2024 05:00;14
Oslo - Blindern;SN18700;22.06.2024 06:00;13,6
Oslo - Blindern;SN18700;22.06.2024 07:00;15,8
Oslo - Blindern;SN18700;22.06.2024 08:00;16,6
Oslo - Blindern;SN18700;22.06.2024 09:00;17,1
Oslo - Blindern;SN18700;22.06.2024 10:00;17,3
Oslo - Blindern;SN18700;22.06.2024 11:00;15,8
Oslo - Blindern;SN18700;22.06.2024 12:00;14,8
Oslo - Blindern;SN18700;22.06.2024 13:00;14,7
Oslo - Blindern;SN18700;22.06.2024 14:00;14,6
Oslo - Blindern;SN18700;22.06.2024 15:00;14,5
Oslo - Blindern;SN18700;22.06.2024 16:00;14,9
Oslo - Blindern;SN18700;22.06.2024 17:00;14,5
Oslo - Blindern;SN18700;22.06.2024 18:00;14,1
Oslo - Blindern;SN18700;22.06.2024 19:00;14,1
Oslo - Blindern;SN18700;22.06.2024 20:00;13,1
Oslo - Blindern;SN18700;22.06.2024 21:00;12,4
Oslo - Blindern;SN18700;22.06.2024 22:00;12,1
Oslo - Blindern;SN18700;22.06.2024 23:00;11,9
Oslo - Blindern;SN18700;23.06.2024 00:00;11,4
Oslo - Blindern;SN18700;23.06.2024 01:00;11,3
Oslo - Blindern;SN18700;23.06.2024 02:00;11,3
Oslo - Blindern;SN18700;23.06.2024 03:00;11,4
Oslo - Blindern;SN18700;23.06.2024 04:00;11,6
Oslo - Blindern;SN18700;23.06.2024 05:00;11,7
Oslo - Blindern;SN18700;23.06.2024 06:00;12,2
Oslo - Blindern;SN18700;23.06.2024 07:00;14,7
Oslo - Blindern;SN18700;23.06.2024 08:00;16,1
Oslo - Blindern;SN18700;23.06.2024 09:00;15,6
Oslo - Blindern;SN18700;23.06.2024 10:00;15,7
Oslo - Blindern;SN18700;23.06.2024 11:00;17,5
Oslo - Blindern;SN18700;23.06.2024 12:00;19,4
Oslo - Blindern;SN18700;23.06.2024 13:00;19,5
Oslo - Blindern;SN18700;23.06.2024 14:00;20,9
Oslo - Blindern;SN18700;23.06.2024 15:00;20,3
Oslo - Blindern;SN18700;23.06.2024 16:00;19,5
Oslo - Blindern;SN18700;23.06.2024 17:00;19,5
Oslo - Blindern;SN18700;23.06.2024 18:00;19,1
Oslo - Blindern;SN18700;23.06.2024 19:00;18,3
Oslo - Blindern;SN18700;23.06.2024 20:00;17,8
Oslo - Blindern;SN18700;23.06.2024 21:00;16,9
Oslo - Blindern;SN18700;23.06.2024 22:00;15,2
Oslo - Blindern;SN18700;23.06.2024 23:00;14,5
Oslo - Blindern;SN18700;24.06.2024 00:00;13,3
Oslo - Blindern;SN18700;24.06.2024 01:00;12,7
Oslo - Blindern;SN18700;24.06.2024 02:00;11,8
Oslo - Blindern;SN18700;24.06.2024 03:00;10,6
Oslo - Blindern;SN18700;24.06.2024 04:00;11
Oslo - Blindern;SN18700;24.06.2024 05:00;13,6
Oslo - Blindern;SN18700;24.06.2024 06:00;15,8
Oslo - Blindern;SN18700;24.06.2024 07:00;18
Oslo - Blindern;SN18700;24.06.2024 08:00;18,4
Oslo - Blindern;SN18700;24.06.2024 09:00;20
Oslo - Blindern;SN18700;24.06.2024 10:00;21,3
Oslo - Blindern;SN18700;24.06.2024 11:00;22,1
Oslo - Blindern;SN18700;24.06.2024 12:00;22,2
Oslo - Blindern;SN18700;24.06.2024 13:00;22,7
Oslo - Blindern;SN18700;24.06.2024 14:00;24
Oslo - Blindern;SN18700;24.06.2024 15:00;24,6
Oslo - Blindern;SN18700;24.06.2024 16:00;23,7
Oslo - Blindern;SN18700;24.06.2024 17:00;24,2
Oslo - Blindern;SN18700;24.06.2024 18:00;23,1
Oslo - Blindern;SN18700;24.06.2024 19:00;22
Oslo - Blindern;SN18700;24.06.2024 20:00;20,2
Oslo - Blindern;SN18700;24.06.2024 21:00;18,7
Oslo - Blindern;SN18700;24.06.2024 22:00;17
Oslo - Blindern;SN18700;24.06.2024 23:00;16,4
Oslo - Blindern;SN18700;25.06.2024 00:00;15,1
Oslo - Blindern;SN18700;25.06.2024 01:00;14,3
Oslo - Blindern;SN18700;25.06.2024 02:00;14
Oslo - Blindern;SN18700;25.06.2024 03:00;14,8
Oslo - Blindern;SN18700;25.06.2024 04:00;14,7
Oslo - Blindern;SN18700;25.06.2024 05:00;14,6
Oslo - Blindern;SN18700;25.06.2024 06:00;15,3
Oslo - Blindern;SN18700;25.06.2024 07:00;15,9
Oslo - Blindern;SN18700;25.06.2024 08:00;17,3
Oslo - Blindern;SN18700;25.06.2024 09:00;18,2
Oslo - Blindern;SN18700;25.06.2024 10:00;19,7
Oslo - Blindern;SN18700;25.06.2024 11:00;20,5
Oslo - Blindern;SN18700;25.06.2024 12:00;21,8
Oslo - Blindern;SN18700;25.06.2024 13:00;22
Oslo - Blindern;SN18700;25.06.2024 14:00;22,4
Oslo - Blindern;SN18700;25.06.2024 15:00;22,1
Oslo - Blindern;SN18700;25.06.2024 16:00;21,7
Oslo - Blindern;SN18700;25.06.2024 17:00;21,7
Oslo - Blindern;SN18700;25.06.2024 18:00;19,4
Oslo - Blindern;SN18700;25.06.2024 19:00;19
Oslo - Blindern;SN18700;25.06.2024 20:00;17,6
Oslo - Blindern;SN18700;25.06.2024 21:00;17,1
Oslo - Blindern;SN18700;25.06.2024 22:00;16,9
Oslo - Blindern;SN18700;25.06.2024 23:00;16,4
Oslo - Blindern;SN18700;26.06.2024 00:00;16,1
Oslo - Blindern;SN18700;26.06.2024 01:00;15,9
Oslo - Blindern;SN18700;26.06.2024 02:00;15,8
Oslo - Blindern;SN18700;26.06.2024 03:00;15,7
Oslo - Blindern;SN18700;26.06.2024 04:00;15,6
Oslo - Blindern;SN18700;26.06.2024 05:00;15,5
Oslo - Blindern;SN18700;26.06.2024 06:00;15,8
Oslo - Blindern;SN18700;26.06.2024 07:00;15,8
Oslo - Blindern;SN18700;26.06.2024 08:00;16,1
Oslo - Blindern;SN18700;26.06.2024 09:00;16,6
Oslo - Blindern;SN18700;26.06.2024 10:00;18,6
Oslo - Blindern;SN18700;26.06.2024 11:00;20,9
Oslo - Blindern;SN18700;26.06.2024 12:00;22,3
Oslo - Blindern;SN18700;26.06.2024 13:00;23,2
Oslo - Blindern;SN18700;26.06.2024 14:00;24,3
Oslo - Blindern;SN18700;26.06.2024 15:00;23,8
Oslo - Blindern;SN18700;26.06.2024 16:00;23,7
Oslo - Blindern;SN18700;26.06.2024 17:00;23,3
Oslo - Blindern;SN18700;26.06.2024 18:00;22,2
Oslo - Blindern;SN18700;26.06.2024 19:00;21,7
Oslo - Blindern;SN18700;26.06.2024 20:00;20,2
Oslo - Blindern;SN18700;26.06.2024 21:00;19,2
Oslo - Blindern;SN18700;26.06.2024 22:00;18,1
Oslo - Blindern;SN18700;26.06.2024 23:00;16,7
Oslo - Blindern;SN18700;27.06.2024 00:00;15,8
Oslo - Blindern;SN18700;27.06.2024 01:00;15,1
Oslo - Blindern;SN18700;27.06.2024 02:00;14,3
Oslo - Blindern;SN18700;27.06.2024 03:00;14,2
Oslo - Blindern;SN18700;27.06.2024 04:00;14,3
Oslo - Blindern;SN18700;27.06.2024 05:00;16,3
Oslo - Blindern;SN18700;27.06.2024 06:00;18,5
Oslo - Blindern;SN18700;27.06.2024 07:00;20,3
Oslo - Blindern;SN18700;27.06.2024 08:00;22,4
Oslo - Blindern;SN18700;27.06.2024 09:00;23,3
Oslo - Blindern;SN18700;27.06.2024 10:00;24,8
Oslo - Blindern;SN18700;27.06.2024 11:00;25,3
Oslo - Blindern;SN18700;27.06.2024 12:00;26,7
Oslo - Blindern;SN18700;27.06.2024 13:00;27,1
Oslo - Blindern;SN18700;27.06.2024 14:00;27,4
Oslo - Blindern;SN18700;27.06.2024 15:00;28
Oslo - Blindern;SN18700;27.06.2024 16:00;27,9
Oslo - Blindern;SN18700;27.06.2024 17:00;27,7
Oslo - Blindern;SN18700;27.06.2024 18:00;26,8
Oslo - Blindern;SN18700;27.06.2024 19:00;26,3
Oslo - Blindern;SN18700;27.06.2024 20:00;25,6
Oslo - Blindern;SN18700;27.06.2024 21:00;24,8
Oslo - Blindern;SN18700;27.06.2024 22:00;24,3
Oslo - Blindern;SN18700;27.06.2024 23:00;23,1
Oslo - Blindern;SN18700;28.06.2024 00:00;18,9
Oslo - Blindern;SN18700;28.06.2024 01:00;18,1
Oslo - Blindern;SN18700;28.06.2024 02:00;18,4
Oslo - Blindern;SN18700;28.06.2024 03:00;18,3
Oslo - Blindern;SN18700;28.06.2024 04:00;18,3
Oslo - Blindern;SN18700;28.06.2024 05:00;17,9
Oslo - Blindern;SN18700;28.06.2024 06:00;18,1
Oslo - Blindern;SN18700;28.06.2024 07:00;18,6
Oslo - Blindern;SN18700;28.06.2024 08:00;18,4
Oslo - Blindern;SN18700;28.06.2024 09:00;18,8
Oslo - Blindern;SN18700;28.06.2024 10:00;20,2
Oslo - Blindern;SN18700;28.06.2024 11:00;21
Oslo - Blindern;SN18700;28.06.2024 12:00;21,7
Oslo - Blindern;SN18700;28.06.2024 13:00;21,7
Oslo - Blindern;SN18700;28.06.2024 14:00;21,6
Oslo - Blindern;SN18700;28.06.2024 15:00;21,8
Oslo - Blindern;SN18700;28.06.2024 16:00;21,6
Oslo - Blindern;SN18700;28.06.2024 17:00;21,2
Oslo - Blindern;SN18700;28.06.2024 18:00;19,7
Oslo - Blindern;SN18700;28.06.2024 19:00;17,9
Oslo - Blindern;SN18700;28.06.2024 20:00;16,9
Oslo - Blindern;SN18700;28.06.2024 21:00;16,1
Oslo - Blindern;SN18700;28.06.2024 22:00;15,6
Oslo - Blindern;SN18700;28.06.2024 23:00;15
Oslo - Blindern;SN18700;29.06.2024 00:00;14,5
Oslo - Blindern;SN18700;29.06.2024 01:00;14,2
Oslo - Blindern;SN18700;29.06.2024 02:00;13,5
Oslo - Blindern;SN18700;29.06.2024 03:00;13
Oslo - Blindern;SN18700;29.06.2024 04:00;12,9
Oslo - Blindern;SN18700;29.06.2024 05:00;13,6
Oslo - Blindern;SN18700;29.06.2024 06:00;14,4
Oslo - Blindern;SN18700;29.06.2024 07:00;15
Oslo - Blindern;SN18700;29.06.2024 08:00;16,2
Oslo - Blindern;SN18700;29.06.2024 09:00;17,3
Oslo - Blindern;SN18700;29.06.2024 10:00;17,4
Oslo - Blindern;SN18700;29.06.2024 11:00;17,7
Oslo - Blindern;SN18700;29.06.2024 12:00;18,3
Oslo - Blindern;SN18700;29.06.2024 13:00;19,9
Oslo - Blindern;SN18700;29.06.2024 14:00;20,1
Oslo - Blindern;SN18700;29.06.2024 15:00;19,5
Oslo - Blindern;SN18700;29.06.2024 16:00;18,6
Oslo - Blindern;SN18700;29.06.2024 17:00;18,7
Oslo - Blindern;SN18700;29.06.2024 18:00;17,2
Oslo - Blindern;SN18700;29.06.2024 19:00;16,7
Oslo - Blindern;SN18700;29.06.2024 20:00;15,9
Oslo - Blindern;SN18700;29.06.2024 21:00;15,5
Oslo - Blindern;SN18700;29.06.2024 22:00;14,7
Oslo - Blindern;SN18700;29.06.2024 23:00;13,8
Oslo - Blindern;SN18700;30.06.2024 00:00;13,1
Oslo - Blindern;SN18700;30.06.2024 01:00;12,3
Oslo - Blindern;SN18700;30.06.2024 02:00;11,1
Oslo - Blindern;SN18700;30.06.2024 03:00;10
Oslo - Blindern;SN18700;30.06.2024 04:00;9,8
Oslo - Blindern;SN18700;30.06.2024 05:00;12,7
Oslo - Blindern;SN18700;30.06.2024 06:00;13,6
Oslo - Blindern;SN18700;30.06.2024 07:00;14,6
Oslo - Blindern;SN18700;30.06.2024 08:00;14,2
Oslo - Blindern;SN18700;30.06.2024 09:00;14,6
Oslo - Blindern;SN18700;30.06.2024 10:00;15,5
Oslo - Blindern;SN18700;30.06.2024 11:00;16,6
Oslo - Blindern;SN18700;30.06.2024 12:00;17,8
Oslo - Blindern;SN18700;30.06.2024 13:00;17,5
Oslo - Blindern;SN18700;30.06.2024 14:00;19,7
Oslo - Blindern;SN18700;30.06.2024 15:00;19,8
Oslo - Blindern;SN18700;30.06.2024 16:00;17,5
Oslo - Blindern;SN18700;30.06.2024 17:00;15,4
Oslo - Blindern;SN18700;30.06.2024 18:00;14,7
Oslo - Blindern;SN18700;30.06.2024 19:00;15,3
Oslo - Blindern;SN18700;30.06.2024 20:00;15,4
Oslo - Blindern;SN18700;30.06.2024 21:00;14,6
Oslo - Blindern;SN18700;30.06.2024 22:00;14
Oslo - Blindern;SN18700;30.06.2024 23:00;13,6
Oslo - Blindern;SN18700;01.07.2024 00:00;13
Oslo - Blindern;SN18700;01.07.2024 01:00;11,8
Oslo - Blindern;SN18700;01.07.2024 02:00;10,9
Oslo - Blindern;SN18700;01.07.2024 03:00;10,4
Oslo - Blindern;SN18700;01.07.2024 04:00;10,1
Oslo - Blindern;SN18700;01.07.2024 05:00;11,8
Oslo - Blindern;SN18700;01.07.2024 06:00;14,5
Oslo - Blindern;SN18700;01.07.2024 07:00;15,7
Oslo - Blindern;SN18700;01.07.2024 08:00;16,9
Oslo - Blindern;SN18700;01.07.2024 09:00;18,5
Oslo - Blindern;SN18700;01.07.2024 10:00;17,8
Oslo - Blindern;SN18700;01.07.2024 11:00;18,4
Oslo - Blindern;SN18700;01.07.2024 12:00;19
Oslo - Blindern;SN18700;01.07.2024 13:00;17,8
Oslo - Blindern;SN18700;01.07.2024 14:00;18,9
Oslo - Blindern;SN18700;01.07.2024 15:00;19,8
Oslo - Blindern;SN18700;01.07.2024 16:00;20,1
Oslo - Blindern;SN18700;01.07.2024 17:00;20,6
Oslo - Blindern;SN18700;01.07.2024 18:00;19,3
Oslo - Blindern;SN18700;01.07.2024 19:00;18,4
Oslo - Blindern;SN18700;01.07.2024 20:00;18
Oslo - Blindern;SN18700;01.07.2024 21:00;17,3
Oslo - Blindern;SN18700;01.07.2024 22:00;15,7
Oslo - Blindern;SN18700;01.07.2024 23:00;14,3
Oslo - Blindern;SN18700;02.07.2024 00:00;13
Oslo - Blindern;SN18700;02.07.2024 01:00;12,2
Oslo - Blindern;SN18700;02.07.2024 02:00;11,4
Oslo - Blindern;SN18700;02.07.2024 03:00;11,4
Oslo - Blindern;SN18700;02.07.2024 04:00;11,6
Oslo - Blindern;SN18700;02.07.2024 05:00;14,2
Oslo - Blindern;SN18700;02.07.2024 06:00;13,8
Oslo - Blindern;SN18700;02.07.2024 07:00;14,4
Oslo - Blindern;SN18700;02.07.2024 08:00;15,1
Oslo - Blindern;SN18700;02.07.2024 09:00;15,4
Oslo - Blindern;SN18700;02.07.2024 10:00;16,5
Oslo - Blindern;SN18700;02.07.2024 11:00;17,5
Oslo - Blindern;SN18700;02.07.2024 12:00;18,3
Oslo - Blindern;SN18700;02.07.2024 13:00;18,3
Oslo - Blindern;SN18700;02.07.2024 14:00;18,6
Oslo - Blindern;SN18700;02.07.2024 15:00;18,7
Oslo - Blindern;SN18700;02.07.2024 16:00;18,5
Oslo - Blindern;SN18700;02.07.2024 17:00;18,2
Oslo - Blindern;SN18700;02.07.2024 18:00;18,2
Oslo - Blindern;SN18700;02.07.2024 19:00;19,2
Oslo - Blindern;SN18700;02.07.2024 20:00;17,8
Oslo - Blindern;SN18700;02.07.2024 21:00;17,4
Oslo - Blindern;SN18700;02.07.2024 22:00;16,6
Oslo - Blindern;SN18700;02.07.2024 23:00;16,1
Oslo - Blindern;SN18700;03.07.2024 00:00;16
Oslo - Blindern;SN18700;03.07.2024 01:00;15,5
Oslo - Blindern;SN18700;03.07.2024 02:00;14
Oslo - Blindern;SN18700;03.07.2024 03:00;12,5
Oslo - Blindern;SN18700;03.07.2024 04:00;11,4
Oslo - Blindern;SN18700;03.07.2024 05:00;13,7
Oslo - Blindern;SN18700;03.07.2024 06:00;15,4
Oslo - Blindern;SN18700;03.07.2024 07:00;15,5
Oslo - Blindern;SN18700;03.07.2024 08:00;15,3
Oslo - Blindern;SN18700;03.07.2024 09:00;15,5
Oslo - Blindern;SN18700;03.07.2024 10:00;16,2
Oslo - Blindern;SN18700;03.07.2024 11:00;18,3
Oslo - Blindern;SN18700;03.07.2024 12:00;20,7
Oslo - Blindern;SN18700;03.07.2024 13:00;19,9
Oslo - Blindern;SN18700;03.07.2024 14:00;20,2
Oslo - Blindern;SN18700;03.07.2024 15:00;22
Oslo - Blindern;SN18700;03.07.2024 16:00;20,4
Oslo - Blindern;SN18700;03.07.2024 17:00;19,9
Oslo - Blindern;SN18700;03.07.2024 18:00;18,1
Oslo - Blindern;SN18700;03.07.2024 19:00;17,1
Oslo - Blindern;SN18700;03.07.2024 20:00;16,1
Oslo - Blindern;SN18700;03.07.2024 21:00;15,5
Oslo - Blindern;SN18700;03.07.2024 22:00;15
Oslo - Blindern;SN18700;03.07.2024 23:00;14,4
Oslo - Blindern;SN18700;04.07.2024 00:00;14,3
Oslo - Blindern;SN18700;04.07.2024 01:00;14
Oslo - Blindern;SN18700;04.07.2024 02:00;13,6
Oslo - Blindern;SN18700;04.07.2024 03:00;13,5
Oslo - Blindern;SN18700;04.07.2024 04:00;12,7
Oslo - Blindern;SN18700;04.07.2024 05:00;12,6
Oslo - Blindern;SN18700;04.07.2024 06:00;11,9
Oslo - Blindern;SN18700;04.07.2024 07:00;11,5
Oslo - Blindern;SN18700;04.07.2024 08:00;11,8
Oslo - Blindern;SN18700;04.07.2024 09:00;12
Oslo - Blindern;SN18700;04.07.2024 10:00;12,7
Oslo - Blindern;SN18700;04.07.2024 11:00;13,1
Oslo - Blindern;SN18700;04.07.2024 12:00;13,3
Oslo - Blindern;SN18700;04.07.2024 13:00;13,7
Oslo - Blindern;SN18700;04.07.2024 14:00;13
Oslo - Blindern;SN18700;04.07.2024 15:00;13,2
Oslo - Blindern;SN18700;04.07.2024 16:00;12,4
Oslo - Blindern;SN18700;04.07.2024 17:00;12,7
Oslo - Blindern;SN18700;04.07.2024 18:00;11,1
Oslo - Blindern;SN18700;04.07.2024 19:00;11,6
Oslo - Blindern;SN18700;04.07.2024 20:00;11,7
Oslo - Blindern;SN18700;04.07.2024 21:00;11,4
Oslo - Blindern;SN18700;04.07.2024 22:00;11,4
Oslo - Blindern;SN18700;04.07.2024 23:00;10,2
Oslo - Blindern;SN18700;05.07.2024 00:00;9,5
Oslo - Blindern;SN18700;05.07.2024 01:00;8,9
Oslo - Blindern;SN18700;05.07.2024 02:00;8,7
Oslo - Blindern;SN18700;05.07.2024 03:00;9,5
Oslo - Blindern;SN18700;05.07.2024 04:00;9,2
Oslo - Blindern;SN18700;05.07.2024 05:00;9,4
Oslo - Blindern;SN18700;05.07.2024 06:00;10,3
Oslo - Blindern;SN18700;05.07.2024 07:00;11,1
Oslo - Blindern;SN18700;05.07.2024 08:00;11,1
Oslo - Blindern;SN18700;05.07.2024 09:00;14,4
Oslo - Blindern;SN18700;05.07.2024 10:00;15,1
Oslo - Blindern;SN18700;05.07.2024 11:00;14,6
Oslo - Blindern;SN18700;05.07.2024 12:00;14,8
Oslo - Blindern;SN18700;05.07.2024 13:00;14,8
Oslo - Blindern;SN18700;05.07.2024 14:00;16,5
Oslo - Blindern;SN18700;05.07.2024 15:00;15
Oslo - Blindern;SN18700;05.07.2024 16:00;14,9
Oslo - Blindern;SN18700;05.07.2024 17:00;14,9
Oslo - Blindern;SN18700;05.07.2024 18:00;15,7
Oslo - Blindern;SN18700;05.07.2024 19:00;14,7
Oslo - Blindern;SN18700;05.07.2024 20:00;12,8
Oslo - Blindern;SN18700;05.07.2024 21:00;12,8
Oslo - Blindern;SN18700;05.07.2024 22:00;12,7
Oslo - Blindern;SN18700;05.07.2024 23:00;12,3
Oslo - Blindern;SN18700;06.07.2024 00:00;11,1
Oslo - Blindern;SN18700;06.07.2024 01:00;10,9
Oslo - Blindern;SN18700;06.07.2024 02:00;10,8
Oslo - Blindern;SN18700;06.07.2024 03:00;10
Oslo - Blindern;SN18700;06.07.2024 04:00;10,5
Oslo - Blindern;SN18700;06.07.2024 05:00;10,7
Oslo - Blindern;SN18700;06.07.2024 06:00;11,5
Oslo - Blindern;SN18700;06.07.2024 07:00;14,3
Oslo - Blindern;SN18700;06.07.2024 08:00;14,5
Oslo - Blindern;SN18700;06.07.2024 09:00;16,5
Oslo - Blindern;SN18700;06.07.2024 10:00;17,7
Oslo - Blindern;SN18700;06.07.2024 11:00;16,7
Oslo - Blindern;SN18700;06.07.2024 12:00;16,8
Oslo - Blindern;SN18700;06.07.2024 13:00;16,5
Oslo - Blindern;SN18700;06.07.2024 14:00;16,9
Oslo - Blindern;SN18700;06.07.2024 15:00;16,3
Oslo - Blindern;SN18700;06.07.2024 16:00;15,4
Oslo - Blindern;SN18700;06.07.2024 17:00;14,2
Oslo - Blindern;SN18700;06.07.2024 18:00;14,4
Oslo - Blindern;SN18700;06.07.2024 19:00;13,2
Oslo - Blindern;SN18700;06.07.2024 20:00;12,2
Oslo - Blindern;SN18700;06.07.2024 21:00;12,1
Oslo - Blindern;SN18700;06.07.2024 22:00;11,9
Oslo - Blindern;SN18700;06.07.2024 23:00;12,1
Oslo - Blindern;SN18700;07.07.2024 00:00;12,1
Oslo - Blindern;SN18700;07.07.2024 01:00;11,8
Oslo - Blindern;SN18700;07.07.2024 02:00;12,2
Oslo - Blindern;SN18700;07.07.2024 03:00;13,3
Oslo - Blindern;SN18700;07.07.2024 04:00;12,7
Oslo - Blindern;SN18700;07.07.2024 05:00;12,2
Oslo - Blindern;SN18700;07.07.2024 06:00;12,6
Oslo - Blindern;SN18700;07.07.2024 07:00;13,1
Oslo - Blindern;SN18700;07.07.2024 08:00;13,2
Oslo - Blindern;SN18700;07.07.2024 09:00;13,9
Oslo - Blindern;SN18700;07.07.2024 10:00;14,2
Oslo - Blindern;SN18700;07.07.2024 11:00;14
Oslo - Blindern;SN18700;07.07.2024 12:00;13,5
Oslo - Blindern;SN18700;07.07.2024 13:00;13
Oslo - Blindern;SN18700;07.07.2024 14:00;13,3
Oslo - Blindern;SN18700;07.07.2024 15:00;12,3
Oslo - Blindern;SN18700;07.07.2024 16:00;12,8
Oslo - Blindern;SN18700;07.07.2024 17:00;13,4
Oslo - Blindern;SN18700;07.07.2024 18:00;13,4
Oslo - Blindern;SN18700;07.07.2024 19:00;13,8
Oslo - Blindern;SN18700;07.07.2024 20:00;13,9
Oslo - Blindern;SN18700;07.07.2024 21:00;14,2
Oslo - Blindern;SN18700;07.07.2024 22:00;13,6
Oslo - Blindern;SN18700;07.07.2024 23:00;13,2
Oslo - Blindern;SN18700;08.07.2024 00:00;12,4
Oslo - Blindern;SN18700;08.07.2024 01:00;10,9
Oslo - Blindern;SN18700;08.07.2024 02:00;10,7
Oslo - Blindern;SN18700;08.07.2024 03:00;10,2
Oslo - Blindern;SN18700;08.07.2024 04:00;9,3
Oslo - Blindern;SN18700;08.07.2024 05:00;10,7
Oslo - Blindern;SN18700;08.07.2024 06:00;12,1
Oslo - Blindern;SN18700;08.07.2024 07:00;13,4
Oslo - Blindern;SN18700;08.07.2024 08:00;14,8
Oslo - Blindern;SN18700;08.07.2024 09:00;17
Oslo - Blindern;SN18700;08.07.2024 10:00;17,6
Oslo - Blindern;SN18700;08.07.2024 11:00;17,9
Oslo - Blindern;SN18700;08.07.2024 12:00;18,8
Oslo - Blindern;SN18700;08.07.2024 13:00;18,9
Oslo - Blindern;SN18700;08.07.2024 14:00;19,6
Oslo - Blindern;SN18700;08.07.2024 15:00;18,8
Oslo - Blindern;SN18700;08.07.2024 16:00;17,5
Oslo - Blindern;SN18700;08.07.2024 17:00;16,6
Oslo - Blindern;SN18700;08.07.2024 18:00;15,9
Oslo - Blindern;SN18700;08.07.2024 19:00;15,6
Oslo - Blindern;SN18700;08.07.2024 20:00;15,2
Oslo - Blindern;SN18700;08.07.2024 21:00;13,3
Oslo - Blindern;SN18700;08.07.2024 22:00;12,7
Oslo - Blindern;SN18700;08.07.2024 23:00;12,1
Oslo - Blindern;SN18700;09.07.2024 00:00;11,1
Oslo - Blindern;SN18700;09.07.2024 01:00;10,6
Oslo - Blindern;SN18700;09.07.2024 02:00;11,5
Oslo - Blindern;SN18700;09.07.2024 03:00;10,4
Oslo - Blindern;SN18700;09.07.2024 04:00;10,6
Oslo - Blindern;SN18700;09.07.2024 05:00;10,9
Oslo - Blindern;SN18700;09.07.2024 06:00;12,4
Oslo - Blindern;SN18700;09.07.2024 07:00;15,3
Oslo - Blindern;SN18700;09.07.2024 08:00;15,9
Oslo - Blindern;SN18700;09.07.2024 09:00;17,7
Oslo - Blindern;SN18700;09.07.2024 10:00;19
Oslo - Blindern;SN18700;09.07.2024 11:00;19,3
Oslo - Blindern;SN18700;09.07.2024 12:00;20,6
Oslo - Blindern;SN18700;09.07.2024 13:00;21,2
Oslo - Blindern;SN18700;09.07.2024 14:00;21,4
Oslo - Blindern;SN18700;09.07.2024 15:00;21,6
Oslo - Blindern;SN18700;09.07.2024 16:00;20,6
Oslo - Blindern;SN18700;09.07.2024 17:00;19,9
Oslo - Blindern;SN18700;09.07.2024 18:00;18,6
Oslo - Blindern;SN18700;09.07.2024 19:00;17,7
Oslo - Blindern;SN18700;09.07.2024 20:00;16,1
Oslo - Blindern;SN18700;09.07.2024 21:00;14,6
Oslo - Blindern;SN18700;09.07.2024 22:00;13,3
Oslo - Blindern;SN18700;09.07.2024 23:00;11,6
Oslo - Blindern;SN18700;10.07.2024 00:00;10,7
Oslo - Blindern;SN18700;10.07.2024 01:00;10,8
Oslo - Blindern;SN18700;10.07.2024 02:00;11,7
Oslo - Blindern;SN18700;10.07.2024 03:00;12,8
Oslo - Blindern;SN18700;10.07.2024 04:00;13,2
Oslo - Blindern;SN18700;10.07.2024 05:00;14
Oslo - Blindern;SN18700;10.07.2024 06:00;13,8
Oslo - Blindern;SN18700;10.07.2024 07:00;12,1
Oslo - Blindern;SN18700;10.07.2024 08:00;12
Oslo - Blindern;SN18700;10.07.2024 09:00;12
Oslo - Blindern;SN18700;10.07.2024 10:00;12,6
Oslo - Blindern;SN18700;10.07.2024 11:00;12,9
Oslo - Blindern;SN18700;10.07.2024 12:00;13,5
Oslo - Blindern;SN18700;10.07.2024 13:00;14
Oslo - Blindern;SN18700;10.07.2024 14:00;14,3
Oslo - Blindern;SN18700;10.07.2024 15:00;14,5
Oslo - Blindern;SN18700;10.07.2024 16:00;14,7
Oslo - Blindern;SN18700;10.07.2024 17:00;14,7
Oslo - Blindern;SN18700;10.07.2024 18:00;14,8
Oslo - Blindern;SN18700;10.07.2024 19:00;15
Oslo - Blindern;SN18700;10.07.2024 20:00;15,4
Oslo - Blindern;SN18700;10.07.2024 21:00;15,7
Oslo - Blindern;SN18700;10.07.2024 22:00;15,3
Oslo - Blindern;SN18700;10.07.2024 23:00;15,2
Oslo - Blindern;SN18700;11.07.2024 00:00;15,1
Oslo - Blindern;SN18700;11.07.2024 01:00;15,2
Oslo - Blindern;SN18700;11.07.2024 02:00;15,2
Oslo - Blindern;SN18700;11.07.2024 03:00;15,2
Oslo - Blindern;SN18700;11.07.2024 04:00;15
Oslo - Blindern;SN18700;11.07.2024 05:00;15,1
Oslo - Blindern;SN18700;11.07.2024 06:00;15,9
Oslo - Blindern;SN18700;11.07.2024 07:00;16,3
Oslo - Blindern;SN18700;11.07.2024 08:00;16,2
Oslo - Blindern;SN18700;11.07.2024 09:00;16,9
Oslo - Blindern;SN18700;11.07.2024 10:00;17,5
Oslo - Blindern;SN18700;11.07.2024 11:00;17,1
Oslo - Blindern;SN18700;11.07.2024 12:00;19,4
Oslo - Blindern;SN18700;11.07.2024 13:00;19,8
Oslo - Blindern;SN18700;11.07.2024 14:00;20,7
Oslo - Blindern;SN18700;11.07.2024 15:00;21,3
Oslo - Blindern;SN18700;11.07.2024 16:00;21,3
Oslo - Blindern;SN18700;11.07.2024 17:00;20,3
Oslo - Blindern;SN18700;11.07.2024 18:00;19,3
Oslo - Blindern;SN18700;11.07.2024 19:00;19,6
Oslo - Blindern;SN18700;11.07.2024 20:00;18,1
Oslo - Blindern;SN18700;11.07.2024 21:00;17
Oslo - Blindern;SN18700;11.07.2024 22:00;16,3
Oslo - Blindern;SN18700;11.07.2024 23:00;16,1
Oslo - Blindern;SN18700;12.07.2024 00:00;15,8
Oslo - Blindern;SN18700;12.07.2024 01:00;15,3
Oslo - Blindern;SN18700;12.07.2024 02:00;14,6
Oslo - Blindern;SN18700;12.07.2024 03:00;14,6
Oslo - Blindern;SN18700;12.07.2024 04:00;14,2
Oslo - Blindern;SN18700;12.07.2024 05:00;14
Oslo - Blindern;SN18700;12.07.2024 06:00;14,3
Oslo - Blindern;SN18700;12.07.2024 07:00;14,8
Oslo - Blindern;SN18700;12.07.2024 08:00;16,9
Oslo - Blindern;SN18700;12.07.2024 09:00;18,8
Oslo - Blindern;SN18700;12.07.2024 10:00;18,9
Oslo - Blindern;SN18700;12.07.2024 11:00;19,9
Oslo - Blindern;SN18700;12.07.2024 12:00;21
Oslo - Blindern;SN18700;12.07.2024 13:00;21,6
Oslo - Blindern;SN18700;12.07.2024 14:00;22,3
Oslo - Blindern;SN18700;12.07.2024 15:00;22
Oslo - Blindern;SN18700;12.07.2024 16:00;22
Oslo - Blindern;SN18700;12.07.2024 17:00;21,7
Oslo - Blindern;SN18700;12.07.2024 18:00;21,4
Oslo - Blindern;SN18700;12.07.2024 19:00;20,3
Oslo - Blindern;SN18700;12.07.2024 20:00;18,9
Oslo - Blindern;SN18700;12.07.2024 21:00;17,4
Oslo - Blindern;SN18700;12.07.2024 22:00;15,5
Oslo - Blindern;SN18700;12.07.2024 23:00;14,8
Oslo - Blindern;SN18700;13.07.2024 00:00;14,4
Oslo - Blindern;SN18700;13.07.2024 01:00;13,9
Oslo - Blindern;SN18700;13.07.2024 02:00;14,2
Oslo - Blindern;SN18700;13.07.2024 03:00;13,1
Oslo - Blindern;SN18700;13.07.2024 04:00;13,5
Oslo - Blindern;SN18700;13.07.2024 05:00;15,4
Oslo - Blindern;SN18700;13.07.2024 06:00;16,9
Oslo - Blindern;SN18700;13.07.2024 07:00;19,9
Oslo - Blindern;SN18700;13.07.2024 08:00;21,4
Oslo - Blindern;SN18700;13.07.2024 09:00;22,4
Oslo - Blindern;SN18700;13.07.2024 10:00;23,3
Oslo - Blindern;SN18700;13.07.2024 11:00;23,7
Oslo - Blindern;SN18700;13.07.2024 12:00;23,1
Oslo - Blindern;SN18700;13.07.2024 13:00;23,3
Oslo - Blindern;SN18700;13.07.2024 14:00;23,9
Oslo - Blindern;SN18700;13.07.2024 15:00;24,6
Oslo - Blindern;SN18700;13.07.2024 16:00;24,4
Oslo - Blindern;SN18700;13.07.2024 17:00;24,4
Oslo - Blindern;SN18700;13.07.2024 18:00;23,8
Oslo - Blindern;SN18700;13.07.2024 19:00;23,4
Oslo - Blindern;SN18700;13.07.2024 20:00;20,7
Oslo - Blindern;SN18700;13.07.2024 21:00;20,6
Oslo - Blindern;SN18700;13.07.2024 22:00;19,4
Oslo - Blindern;SN18700;13.07.2024 23:00;19,7
Oslo - Blindern;SN18700;14.07.2024 00:00;19,8
Oslo - Blindern;SN18700;14.07.2024 01:00;19,6
Oslo - Blindern;SN18700;14.07.2024 02:00;19,6
Oslo - Blindern;SN18700;14.07.2024 03:00;19
Oslo - Blindern;SN18700;14.07.2024 04:00;18,3
Oslo - Blindern;SN18700;14.07.2024 05:00;15,9
Oslo - Blindern;SN18700;14.07.2024 06:00;15,2
Oslo - Blindern;SN18700;14.07.2024 07:00;14,8
Oslo - Blindern;SN18700;14.07.2024 08:00;14,8
Oslo - Blindern;SN18700;14.07.2024 09:00;14,7
Oslo - Blindern;SN18700;14.07.2024 10:00;15,1
Oslo - Blindern;SN18700;14.07.2024 11:00;15
Oslo - Blindern;SN18700;14.07.2024 12:00;15,4
Oslo - Blindern;SN18700;14.07.2024 13:00;16
Oslo - Blindern;SN18700;14.07.2024 14:00;16
Oslo - Blindern;SN18700;14.07.2024 15:00;15,9
Oslo - Blindern;SN18700;14.07.2024 16:00;17
Oslo - Blindern;SN18700;14.07.2024 17:00;17
Oslo - Blindern;SN18700;14.07.2024 18:00;17,2
Oslo - Blindern;SN18700;14.07.2024 19:00;16,8
Oslo - Blindern;SN18700;14.07.2024 20:00;16,5
Oslo - Blindern;SN18700;14.07.2024 21:00;16,1
Oslo - Blindern;SN18700;14.07.2024 22:00;15,5
Oslo - Blindern;SN18700;14.07.2024 23:00;15,3
Oslo - Blindern;SN18700;15.07.2024 00:00;14,8
Oslo - Blindern;SN18700;15.07.2024 01:00;14,7
Oslo - Blindern;SN18700;15.07.2024 02:00;14,6
Oslo - Blindern;SN18700;15.07.2024 03:00;14,5
Oslo - Blindern;SN18700;15.07.2024 04:00;14,3
Oslo - Blindern;SN18700;15.07.2024 05:00;14,2
Oslo - Blindern;SN18700;15.07.2024 06:00;14
Oslo - Blindern;SN18700;15.07.2024 07:00;14,1
Oslo - Blindern;SN18700;15.07.2024 08:00;14,4
Oslo - Blindern;SN18700;15.07.2024 09:00;14,9
Oslo - Blindern;SN18700;15.07.2024 10:00;15,2
Oslo - Blindern;SN18700;15.07.2024 11:00;15,5
Oslo - Blindern;SN18700;15.07.2024 12:00;17,5
Oslo - Blindern;SN18700;15.07.2024 13:00;16,8
Oslo - Blindern;SN18700;15.07.2024 14:00;16,7
Oslo - Blindern;SN18700;15.07.2024 15:00;17,4
Oslo - Blindern;SN18700;15.07.2024 16:00;17,1
Oslo - Blindern;SN18700;15.07.2024 17:00;16,6
Oslo - Blindern;SN18700;15.07.2024 18:00;17,8
Oslo - Blindern;SN18700;15.07.2024 19:00;17,9
Oslo - Blindern;SN18700;15.07.2024 20:00;15,6
Oslo - Blindern;SN18700;15.07.2024 21:00;15,2
Oslo - Blindern;SN18700;15.07.2024 22:00;15,2
Oslo - Blindern;SN18700;15.07.2024 23:00;14,9
Oslo - Blindern;SN18700;16.07.2024 00:00;14,7
Oslo - Blindern;SN18700;16.07.2024 01:00;14,1
Oslo - Blindern;SN18700;16.07.2024 02:00;14,4
Oslo - Blindern;SN18700;16.07.2024 03:00;14,3
Oslo - Blindern;SN18700;16.07.2024 04:00;14,5
Oslo - Blindern;SN18700;16.07.2024 05:00;14,8
Oslo - Blindern;SN18700;16.07.2024 06:00;15
Oslo - Blindern;SN18700;16.07.2024 07:00;16
Oslo - Blindern;SN18700;16.07.2024 08:00;15,9
Oslo - Blindern;SN18700;16.07.2024 09:00;16,5
Oslo - Blindern;SN18700;16.07.2024 10:00;18
Oslo - Blindern;SN18700;16.07.2024 11:00;18,1
Oslo - Blindern;SN18700;16.07.2024 12:00;17,4
Oslo - Blindern;SN18700;16.07.2024 13:00;20,5
Oslo - Blindern;SN18700;16.07.2024 14:00;19,7
Oslo - Blindern;SN18700;16.07.2024 15:00;19,6
Oslo - Blindern;SN18700;16.07.2024 16:00;19,1
Oslo - Blindern;SN18700;16.07.2024 17:00;18,9
Oslo - Blindern;SN18700;16.07.2024 18:00;17,4
Oslo - Blindern;SN18700;16.07.2024 19:00;16,5
Oslo - Blindern;SN18700;16.07.2024 20:00;16,1
Oslo - Blindern;SN18700;16.07.2024 21:00;16
Oslo - Blindern;SN18700;16.07.2024 22:00;15,7
Oslo - Blindern;SN18700;16.07.2024 23:00;15,5
Oslo - Blindern;SN18700;17.07.2024 00:00;15,6
Oslo - Blindern;SN18700;17.07.2024 01:00;15,8
Oslo - Blindern;SN18700;17.07.2024 02:00;15,9
Oslo - Blindern;SN18700;17.07.2024 03:00;15,8
Oslo - Blindern;SN18700;17.07.2024 04:00;15,8
Oslo - Blindern;SN18700;17.07.2024 05:00;15,9
Oslo - Blindern;SN18700;17.07.2024 06:00;15,6
Oslo - Blindern;SN18700;17.07.2024 07:00;15,6
Oslo - Blindern;SN18700;17.07.2024 08:00;16,1
Oslo - Blindern;SN18700;17.07.2024 09:00;16,7
Oslo - Blindern;SN18700;17.07.2024 10:00;16,5
Oslo - Blindern;SN18700;17.07.2024 11:00;17,3
Oslo - Blindern;SN18700;17.07.2024 12:00;17,2
Oslo - Blindern;SN18700;17.07.2024 13:00;18
Oslo - Blindern;SN18700;17.07.2024 14:00;17,7
Oslo - Blindern;SN18700;17.07.2024 15:00;18
Oslo - Blindern;SN18700;17.07.2024 16:00;17,9
Oslo - Blindern;SN18700;17.07.2024 17:00;17,9
Oslo - Blindern;SN18700;17.07.2024 18:00;17,5
Oslo - Blindern;SN18700;17.07.2024 19:00;17,1
Oslo - Blindern;SN18700;17.07.2024 20:00;16,6
Oslo - Blindern;SN18700;17.07.2024 21:00;15,9
Oslo - Blindern;SN18700;17.07.2024 22:00;15,7
Oslo - Blindern;SN18700;17.07.2024 23:00;15,6
Oslo - Blindern;SN18700;18.07.2024 00:00;15,6
Oslo - Blindern;SN18700;18.07.2024 01:00;15,5
Oslo - Blindern;SN18700;18.07.2024 02:00;15,3
Oslo - Blindern;SN18700;18.07.2024 03:00;15,2
Oslo - Blindern;SN18700;18.07.2024 04:00;14,9
Oslo - Blindern;SN18700;18.07.2024 05:00;14,6
Oslo - Blindern;SN18700;18.07.2024 06:00;15,4
Oslo - Blindern;SN18700;18.07.2024 07:00;16,4
Oslo - Blindern;SN18700;18.07.2024 08:00;19,3
Oslo - Blindern;SN18700;18.07.2024 09:00;21,8
Oslo - Blindern;SN18700;18.07.2024 10:00;22,1
Oslo - Blindern;SN18700;18.07.2024 11:00;22,9
Oslo - Blindern;SN18700;18.07.2024 12:00;23,6
Oslo - Blindern;SN18700;18.07.2024 13:00;23,9
Oslo - Blindern;SN18700;18.07.2024 14:00;23,8
Oslo - Blindern;SN18700;18.07.2024 15:00;23,3
Oslo - Blindern;SN18700;18.07.2024 16:00;23,7
Oslo - Blindern;SN18700;18.07.2024 17:00;23,7
Oslo - Blindern;SN18700;18.07.2024 18:00;23
Oslo - Blindern;SN18700;18.07.2024 19:00;21,7
Oslo - Blindern;SN18700;18.07.2024 20:00;20,3
Oslo - Blindern;SN18700;18.07.2024 21:00;19,4
Oslo - Blindern;SN18700;18.07.2024 22:00;17,9
Oslo - Blindern;SN18700;18.07.2024 23:00;16,9
Oslo - Blindern;SN18700;19.07.2024 00:00;15,1
Oslo - Blindern;SN18700;19.07.2024 01:00;14,5
Oslo - Blindern;SN18700;19.07.2024 02:00;14,2
Oslo - Blindern;SN18700;19.07.2024 03:00;13,1
Oslo - Blindern;SN18700;19.07.2024 04:00;13,3
Oslo - Blindern;SN18700;19.07.2024 05:00;13,8
Oslo - Blindern;SN18700;19.07.2024 06:00;15,3
Oslo - Blindern;SN18700;19.07.2024 07:00;17,4
Oslo - Blindern;SN18700;19.07.2024 08:00;19,3
Oslo - Blindern;SN18700;19.07.2024 09:00;19,7
Oslo - Blindern;SN18700;19.07.2024 10:00;21,4
Oslo - Blindern;SN18700;19.07.2024 11:00;22,2
Oslo - Blindern;SN18700;19.07.2024 12:00;22,8
Oslo - Blindern;SN18700;19.07.2024 13:00;24,1
Oslo - Blindern;SN18700;19.07.2024 14:00;24,2
Oslo - Blindern;SN18700;19.07.2024 15:00;24,4
Oslo - Blindern;SN18700;19.07.2024 16:00;24,3
Oslo - Blindern;SN18700;19.07.2024 17:00;24,2
Oslo - Blindern;SN18700;19.07.2024 18:00;23,8
Oslo - Blindern;SN18700;19.07.2024 19:00;22,3
Oslo - Blindern;SN18700;19.07.2024 20:00;20
Oslo - Blindern;SN18700;19.07.2024 21:00;19,1
Oslo - Blindern;SN18700;19.07.2024 22:00;17,9
Oslo - Blindern;SN18700;19.07.2024 23:00;17
Oslo - Blindern;SN18700;20.07.2024 00:00;15,8
Oslo - Blindern;SN18700;20.07.2024 01:00;14,7
Oslo - Blindern;SN18700;20.07.2024 02:00;14,3
Oslo - Blindern;SN18700;20.07.2024 03:00;13,9
Oslo - Blindern;SN18700;20.07.2024 04:00;13,9
Oslo - Blindern;SN18700;20.07.2024 05:00;14,3
Oslo - Blindern;SN18700;20.07.2024 06:00;16,5
Oslo - Blindern;SN18700;20.07.2024 07:00;16,9
Oslo - Blindern;SN18700;20.07.2024 08:00;18,8
Oslo - Blindern;SN18700;20.07.2024 09:00;19,2
Oslo - Blindern;SN18700;20.07.2024 10:00;20,6
Oslo - Blindern;SN18700;20.07.2024 11:00;22,3
Oslo - Blindern;SN18700;20.07.2024 12:00;23,7
Oslo - Blindern;SN18700;20.07.2024 13:00;25,2
Oslo - Blindern;SN18700;20.07.2024 14:00;25,9
Oslo - Blindern;SN18700;20.07.2024 15:00;25,8
Oslo - Blindern;SN18700;20.07.2024 16:00;25,6
Oslo - Blindern;SN18700;20.07.2024 17:00;25,3
Oslo - Blindern;SN18700;20.07.2024 18:00;24,9
Oslo - Blindern;SN18700;20.07.2024 19:00;23,5
Oslo - Blindern;SN18700;20.07.2024 20:00;22
Oslo - Blindern;SN18700;20.07.2024 21:00;20,3
Oslo - Blindern;SN18700;20.07.2024 22:00;19
Oslo - Blindern;SN18700;20.07.2024 23:00;17,4
Oslo - Blindern;SN18700;21.07.2024 00:00;16,7
Oslo - Blindern;SN18700;21.07.2024 01:00;16,4
Oslo - Blindern;SN18700;21.07.2024 02:00;16,1
Oslo - Blindern;SN18700;21.07.2024 03:00;15,9
Oslo - Blindern;SN18700;21.07.2024 04:00;14,9
Oslo - Blindern;SN18700;21.07.2024 05:00;15
Oslo - Blindern;SN18700;21.07.2024 06:00;17,9
Oslo - Blindern;SN18700;21.07.2024 07:00;20,7
Oslo - Blindern;SN18700;21.07.2024 08:00;23,2
Oslo - Blindern;SN18700;21.07.2024 09:00;24
Oslo - Blindern;SN18700;21.07.2024 10:00;25,1
Oslo - Blindern;SN18700;21.07.2024 11:00;24,6
Oslo - Blindern;SN18700;21.07.2024 12:00;25,3
Oslo - Blindern;SN18700;21.07.2024 13:00;25,5
Oslo - Blindern;SN18700;21.07.2024 14:00;24,9
Oslo - Blindern;SN18700;21.07.2024 15:00;26,5
Oslo - Blindern;SN18700;21.07.2024 16:00;25
Oslo - Blindern;SN18700;21.07.2024 17:00;24,8
Oslo - Blindern;SN18700;21.07.2024 18:00;24,3
Oslo - Blindern;SN18700;21.07.2024 19:00;23,4
Oslo - Blindern;SN18700;21.07.2024 20:00;22,7
Oslo - Blindern;SN18700;21.07.2024 21:00;21,9
Oslo - Blindern;SN18700;21.07.2024 22:00;21,4
Oslo - Blindern;SN18700;21.07.2024 23:00;21
Oslo - Blindern;SN18700;22.07.2024 00:00;20,8
Oslo - Blindern;SN18700;22.07.2024 01:00;20,8
Oslo - Blindern;SN18700;22.07.2024 02:00;20,3
Oslo - Blindern;SN18700;22.07.2024 03:00;18,9
Oslo - Blindern;SN18700;22.07.2024 04:00;18,2
Oslo - Blindern;SN18700;22.07.2024 05:00;18
Oslo - Blindern;SN18700;22.07.2024 06:00;17,9
Oslo - Blindern;SN18700;22.07.2024 07:00;18
Oslo - Blindern;SN18700;22.07.2024 08:00;18,4
Oslo - Blindern;SN18700;22.07.2024 09:00;19
Oslo - Blindern;SN18700;22.07.2024 10:00;19,5
Oslo - Blindern;SN18700;22.07.2024 11:00;19,8
Oslo - Blindern;SN18700;22.07.2024 12:00;18,2
Oslo - Blindern;SN18700;22.07.2024 13:00;16,3
Oslo - Blindern;SN18700;22.07.2024 14:00;16
Oslo - Blindern;SN18700;22.07.2024 15:00;16,1
Oslo - Blindern;SN18700;22.07.2024 16:00;16,2
Oslo - Blindern;SN18700;22.07.2024 17:00;16,6
Oslo - Blindern;SN18700;22.07.2024 18:00;16,6
Oslo - Blindern;SN18700;22.07.2024 19:00;16,7
Oslo - Blindern;SN18700;22.07.2024 20:00;16,8
Oslo - Blindern;SN18700;22.07.2024 21:00;16,5
Oslo - Blindern;SN18700;22.07.2024 22:00;16,2
Oslo - Blindern;SN18700;22.07.2024 23:00;16
Oslo - Blindern;SN18700;23.07.2024 00:00;15,9
Oslo - Blindern;SN18700;23.07.2024 01:00;15,6
Oslo - Blindern;SN18700;23.07.2024 02:00;15,7
Oslo - Blindern;SN18700;23.07.2024 03:00;15,7
Oslo - Blindern;SN18700;23.07.2024 04:00;15,7
Oslo - Blindern;SN18700;23.07.2024 05:00;15,9
Oslo - Blindern;SN18700;23.07.2024 06:00;16,5
Oslo - Blindern;SN18700;23.07.2024 07:00;17,4
Oslo - Blindern;SN18700;23.07.2024 08:00;19,1
Oslo - Blindern;SN18700;23.07.2024 09:00;18,6
Oslo - Blindern;SN18700;23.07.2024 10:00;19,6
Oslo - Blindern;SN18700;23.07.2024 11:00;21,7
Oslo - Blindern;SN18700;23.07.2024 12:00;22,6
Oslo - Blindern;SN18700;23.07.2024 13:00;23,5
Oslo - Blindern;SN18700;23.07.2024 14:00;23,6
Oslo - Blindern;SN18700;23.07.2024 15:00;22,3
Oslo - Blindern;SN18700;23.07.2024 16:00;22,8
Oslo - Blindern;SN18700;23.07.2024 17:00;21,8
Oslo - Blindern;SN18700;23.07.2024 18:00;20,8
Oslo - Blindern;SN18700;23.07.2024 19:00;20,1
Oslo - Blindern;SN18700;23.07.2024 20:00;19
Oslo - Blindern;SN18700;23.07.2024 21:00;18
Oslo - Blindern;SN18700;23.07.2024 22:00;17,6
Oslo - Blindern;SN18700;23.07.2024 23:00;17,1
Oslo - Blindern;SN18700;24.07.2024 00:00;16,8
Oslo - Blindern;SN18700;24.07.2024 01:00;16,3
Oslo - Blindern;SN18700;24.07.2024 02:00;15,5
Oslo - Blindern;SN18700;24.07.2024 03:00;15,2
Oslo - Blindern;SN18700;24.07.2024 04:00;14,7
Oslo - Blindern;SN18700;24.07.2024 05:00;14,7
Oslo - Blindern;SN18700;24.07.2024 06:00;15,1
Oslo - Blindern;SN18700;24.07.2024 07:00;14,8
Oslo - Blindern;SN18700;24.07.2024 08:00;13,9
Oslo - Blindern;SN18700;24.07.2024 09:00;14,5
Oslo - Blindern;SN18700;24.07.2024 10:00;15,2
Oslo - Blindern;SN18700;24.07.2024 11:00;16,1
Oslo - Blindern;SN18700;24.07.2024 12:00;18,4
Oslo - Blindern;SN18700;24.07.2024 13:00;17,7
Oslo - Blindern;SN18700;24.07.2024 14:00;17,7
Oslo - Blindern;SN18700;24.07.2024 15:00;17,5
Oslo - Blindern;SN18700;24.07.2024 16:00;17,6
Oslo - Blindern;SN18700;24.07.2024 17:00;17,4
Oslo - Blindern;SN18700;24.07.2024 18:00;17,4
Oslo - Blindern;SN18700;24.07.2024 19:00;17,3
Oslo - Blindern;SN18700;24.07.2024 20:00;16,4
Oslo - Blindern;SN18700;24.07.2024 21:00;15,9
Oslo - Blindern;SN18700;24.07.2024 22:00;15,2
Oslo - Blindern;SN18700;24.07.2024 23:00;14,8
Oslo - Blindern;SN18700;25.07.2024 00:00;14,5
Oslo - Blindern;SN18700;25.07.2024 01:00;14,9
Oslo - Blindern;SN18700;25.07.2024 02:00;14,1
Oslo - Blindern;SN18700;25.07.2024 03:00;13,8
Oslo - Blindern;SN18700;25.07.2024 04:00;13,5
Oslo - Blindern;SN18700;25.07.2024 05:00;13,5
Oslo - Blindern;SN18700;25.07.2024 06:00;14,5
Oslo - Blindern;SN18700;25.07.2024 07:00;17,2
Oslo - Blindern;SN18700;25.07.2024 08:00;18,4
Oslo - Blindern;SN18700;25.07.2024 09:00;19,4
Oslo - Blindern;SN18700;25.07.2024 10:00;19,4
Oslo - Blindern;SN18700;25.07.2024 11:00;20,9
Oslo - Blindern;SN18700;25.07.2024 12:00;21
Oslo - Blindern;SN18700;25.07.2024 13:00;22,4
Oslo - Blindern;SN18700;25.07.2024 14:00;22,6
Oslo - Blindern;SN18700;25.07.2024 15:00;22,3
Oslo - Blindern;SN18700;25.07.2024 16:00;21,8
Oslo - Blindern;SN18700;25.07.2024 17:00;20,4
Oslo - Blindern;SN18700;25.07.2024 18:00;19,7
Oslo - Blindern;SN18700;25.07.2024 19:00;18,8
Oslo - Blindern;SN18700;25.07.2024 20:00;17,6
Oslo - Blindern;SN18700;25.07.2024 21:00;16,6
Oslo - Blindern;SN18700;25.07.2024 22:00;16,1
Oslo - Blindern;SN18700;25.07.2024 23:00;15,7
Oslo - Blindern;SN18700;26.07.2024 00:00;16,2
Oslo - Blindern;SN18700;26.07.2024 01:00;16,3
Oslo - Blindern;SN18700;26.07.2024 02:00;16
Oslo - Blindern;SN18700;26.07.2024 03:00;15,7
Oslo - Blindern;SN18700;26.07.2024 04:00;15,6
Oslo - Blindern;SN18700;26.07.2024 05:00;15,8
Oslo - Blindern;SN18700;26.07.2024 06:00;15,1
Oslo - Blindern;SN18700;26.07.2024 07:00;14,8
Oslo - Blindern;SN18700;26.07.2024 08:00;14,9
Oslo - Blindern;SN18700;26.07.2024 09:00;15,1
Oslo - Blindern;SN18700;26.07.2024 10:00;15,4
Oslo - Blindern;SN18700;26.07.2024 11:00;15,4
Oslo - Blindern;SN18700;26.07.2024 12:00;15,6
Oslo - Blindern;SN18700;26.07.2024 13:00;15,9
Oslo - Blindern;SN18700;26.07.2024 14:00;16,6
Oslo - Blindern;SN18700;26.07.2024 15:00;16,2
Oslo - Blindern;SN18700;26.07.2024 16:00;16,2
Oslo - Blindern;SN18700;26.07.2024 17:00;16,3
Oslo - Blindern;SN18700;26.07.2024 18:00;16,8
Oslo - Blindern;SN18700;26.07.2024 19:00;16,9
Oslo - Blindern;SN18700;26.07.2024 20:00;16,8
Oslo - Blindern;SN18700;26.07.2024 21:00;16,6
Oslo - Blindern;SN18700;26.07.2024 22:00;16,6
Oslo - Blindern;SN18700;26.07.2024 23:00;16,4
Oslo - Blindern;SN18700;27.07.2024 00:00;16,1
Oslo - Blindern;SN18700;27.07.2024 01:00;16,2
Oslo - Blindern;SN18700;27.07.2024 02:00;16,4
Oslo - Blindern;SN18700;27.07.2024 03:00;16,2
Oslo - Blindern;SN18700;27.07.2024 04:00;16
Oslo - Blindern;SN18700;27.07.2024 05:00;15,9
Oslo - Blindern;SN18700;27.07.2024 06:00;16
Oslo - Blindern;SN18700;27.07.2024 07:00;16,5
Oslo - Blindern;SN18700;27.07.2024 08:00;16,8
Oslo - Blindern;SN18700;27.07.2024 09:00;17,7
Oslo - Blindern;SN18700;27.07.2024 10:00;18,1
Oslo - Blindern;SN18700;27.07.2024 11:00;17,6
Oslo - Blindern;SN18700;27.07.2024 12:00;17,2
Oslo - Blindern;SN18700;27.07.2024 13:00;20,2
Oslo - Blindern;SN18700;27.07.2024 14:00;21,2
Oslo - Blindern;SN18700;27.07.2024 15:00;21,8
Oslo - Blindern;SN18700;27.07.2024 16:00;19,5
Oslo - Blindern;SN18700;27.07.2024 17:00;20,2
Oslo - Blindern;SN18700;27.07.2024 18:00;20,3
Oslo - Blindern;SN18700;27.07.2024 19:00;19,8
Oslo - Blindern;SN18700;27.07.2024 20:00;18,3
Oslo - Blindern;SN18700;27.07.2024 21:00;17,9
Oslo - Blindern;SN18700;27.07.2024 22:00;15,6
Oslo - Blindern;SN18700;27.07.2024 23:00;14,4
Oslo - Blindern;SN18700;28.07.2024 00:00;13,4
Oslo - Blindern;SN18700;28.07.2024 01:00;13,4
Oslo - Blindern;SN18700;28.07.2024 02:00;13,2
Oslo - Blindern;SN18700;28.07.2024 03:00;13,4
Oslo - Blindern;SN18700;28.07.2024 04:00;13,4
Oslo - Blindern;SN18700;28.07.2024 05:00;14
Oslo - Blindern;SN18700;28.07.2024 06:00;14,3
Oslo - Blindern;SN18700;28.07.2024 07:00;15,4
Oslo - Blindern;SN18700;28.07.2024 08:00;17,8
Oslo - Blindern;SN18700;28.07.2024 09:00;18,5
Oslo - Blindern;SN18700;28.07.2024 10:00;19,7
Oslo - Blindern;SN18700;28.07.2024 11:00;19,9
Oslo - Blindern;SN18700;28.07.2024 12:00;21
Oslo - Blindern;SN18700;28.07.2024 13:00;20,3
Oslo - Blindern;SN18700;28.07.2024 14:00;20,2
Oslo - Blindern;SN18700;28.07.2024 15:00;21,5
Oslo - Blindern;SN18700;28.07.2024 16:00;22,7
Oslo - Blindern;SN18700;28.07.2024 17:00;20,7
Oslo - Blindern;SN18700;28.07.2024 18:00;21,3
Oslo - Blindern;SN18700;28.07.2024 19:00;22
Oslo - Blindern;SN18700;28.07.2024 20:00;20,4
Oslo - Blindern;SN18700;28.07.2024 21:00;18,7
Oslo - Blindern;SN18700;28.07.2024 22:00;17,4
Oslo - Blindern;SN18700;28.07.2024 23:00;16,9
Oslo - Blindern;SN18700;29.07.2024 00:00;16,3
Oslo - Blindern;SN18700;29.07.2024 01:00;14,7
Oslo - Blindern;SN18700;29.07.2024 02:00;14,1
Oslo - Blindern;SN18700;29.07.2024 03:00;13,6
Oslo - Blindern;SN18700;29.07.2024 04:00;12,9
Oslo - Blindern;SN18700;29.07.2024 05:00;12,6
Oslo - Blindern;SN18700;29.07.2024 06:00;14
Oslo - Blindern;SN18700;29.07.2024 07:00;17,5
Oslo - Blindern;SN18700;29.07.2024 08:00;19,1
Oslo - Blindern;SN18700;29.07.2024 09:00;20
Oslo - Blindern;SN18700;29.07.2024 10:00;20,2
Oslo - Blindern;SN18700;29.07.2024 11:00;20,8
Oslo - Blindern;SN18700;29.07.2024 12:00;19,8
Oslo - Blindern;SN18700;29.07.2024 13:00;21,7
Oslo - Blindern;SN18700;29.07.2024 14:00;22,2
Oslo - Blindern;SN18700;29.07.2024 15:00;21,1
Oslo - Blindern;SN18700;29.07.2024 16:00;21,5
Oslo - Blindern;SN18700;29.07.2024 17:00;20,1
Oslo - Blindern;SN18700;29.07.2024 18:00;19,6
Oslo - Blindern;SN18700;29.07.2024 19:00;19
Oslo - Blindern;SN18700;29.07.2024 20:00;18,1
Oslo - Blindern;SN18700;29.07.2024 21:00;16,9
Oslo - Blindern;SN18700;29.07.2024 22:00;14,9
Oslo - Blindern;SN18700;29.07.2024 23:00;13,5
Oslo - Blindern;SN18700;30.07.2024 00:00;12,7
Oslo - Blindern;SN18700;30.07.2024 01:00;12,2
Oslo - Blindern;SN18700;30.07.2024 02:00;11,9
Oslo - Blindern;SN18700;30.07.2024 03:00;12,1
Oslo - Blindern;SN18700;30.07.2024 04:00;13,3
Oslo - Blindern;SN18700;30.07.2024 05:00;14
Oslo - Blindern;SN18700;30.07.2024 06:00;14,3
Oslo - Blindern;SN18700;30.07.2024 07:00;15,2
Oslo - Blindern;SN18700;30.07.2024 08:00;16,7
Oslo - Blindern;SN18700;30.07.2024 09:00;18,4
Oslo - Blindern;SN18700;30.07.2024 10:00;18,4
Oslo - Blindern;SN18700;30.07.2024 11:00;20,3
Oslo - Blindern;SN18700;30.07.2024 12:00;21,6
Oslo - Blindern;SN18700;30.07.2024 13:00;21,7
Oslo - Blindern;SN18700;30.07.2024 14:00;23,1
Oslo - Blindern;SN18700;30.07.2024 15:00;22,7
Oslo - Blindern;SN18700;30.07.2024 16:00;22
Oslo - Blindern;SN18700;30.07.2024 17:00;21,4
Oslo - Blindern;SN18700;30.07.2024 18:00;21
Oslo - Blindern;SN18700;30.07.2024 19:00;20,8
Oslo - Blindern;SN18700;30.07.2024 20:00;20,3
Oslo - Blindern;SN18700;30.07.2024 21:00;18,5
Oslo - Blindern;SN18700;30.07.2024 22:00;17,6
Oslo - Blindern;SN18700;30.07.2024 23:00;16,5
Oslo - Blindern;SN18700;31.07.2024 00:00;15,5
Oslo - Blindern;SN18700;31.07.2024 01:00;14,3
Oslo - Blindern;SN18700;31.07.2024 02:00;14,5
Oslo - Blindern;SN18700;31.07.2024 03:00;14,4
Oslo - Blindern;SN18700;31.07.2024 04:00;13,7
Oslo - Blindern;SN18700;31.07.2024 05:00;14,4
Oslo - Blindern;SN18700;31.07.2024 06:00;14,1
Oslo - Blindern;SN18700;31.07.2024 07:00;16,6
Oslo - Blindern;SN18700;31.07.2024 08:00;17,9
Oslo - Blindern;SN18700;31.07.2024 09:00;19,1
Oslo - Blindern;SN18700;31.07.2024 10:00;19,5
Oslo - Blindern;SN18700;31.07.2024 11:00;20,4
Oslo - Blindern;SN18700;31.07.2024 12:00;21,1
Oslo - Blindern;SN18700;31.07.2024 13:00;21,9
Oslo - Blindern;SN18700;31.07.2024 14:00;23,1
Oslo - Blindern;SN18700;31.07.2024 15:00;23,8
Oslo - Blindern;SN18700;31.07.2024 16:00;23,1
Oslo - Blindern;SN18700;31.07.2024 17:00;23
Oslo - Blindern;SN18700;31.07.2024 18:00;22,7
Oslo - Blindern;SN18700;31.07.2024 19:00;21,6
Oslo - Blindern;SN18700;31.07.2024 20:00;19,7
Oslo - Blindern;SN18700;31.07.2024 21:00;17,8
Oslo - Blindern;SN18700;31.07.2024 22:00;15,5
Oslo - Blindern;SN18700;31.07.2024 23:00;13,9
Oslo - Blindern;SN18700;01.08.2024 00:00;13,3
Oslo - Blindern;SN18700;01.08.2024 01:00;13,4
Oslo - Blindern;SN18700;01.08.2024 02:00;14,1
Oslo - Blindern;SN18700;01.08.2024 03:00;15,2
Oslo - Blindern;SN18700;01.08.2024 04:00;14,7
Oslo - Blindern;SN18700;01.08.2024 05:00;13,9
Oslo - Blindern;SN18700;01.08.2024 06:00;14,4
Oslo - Blindern;SN18700;01.08.2024 07:00;15,2
Oslo - Blindern;SN18700;01.08.2024 08:00;16,4
Oslo - Blindern;SN18700;01.08.2024 09:00;17,2
Oslo - Blindern;SN18700;01.08.2024 10:00;18,3
Oslo - Blindern;SN18700;01.08.2024 11:00;19,7
Oslo - Blindern;SN18700;01.08.2024 12:00;20,7
Oslo - Blindern;SN18700;01.08.2024 13:00;21,1
Oslo - Blindern;SN18700;01.08.2024 14:00;21,8
Oslo - Blindern;SN18700;01.08.2024 15:00;21,9
Oslo - Blindern;SN18700;01.08.2024 16:00;22
Oslo - Blindern;SN18700;01.08.2024 17:00;21,9
Oslo - Blindern;SN18700;01.08.2024 18:00;21,3
Oslo - Blindern;SN18700;01.08.2024 19:00;20,3
Oslo - Blindern;SN18700;01.08.2024 20:00;18,4
Oslo - Blindern;SN18700;01.08.2024 21:00;17
Oslo - Blindern;SN18700;01.08.2024 22:00;15,4
Oslo - Blindern;SN18700;01.08.2024 23:00;15,1
Oslo - Blindern;SN18700;02.08.2024 00:00;14,8
Oslo - Blindern;SN18700;02.08.2024 01:00;14,9
Oslo - Blindern;SN18700;02.08.2024 02:00;15,2
Oslo - Blindern;SN18700;02.08.2024 03:00;15,4
Oslo - Blindern;SN18700;02.08.2024 04:00;14,9
Oslo - Blindern;SN18700;02.08.2024 05:00;14,6
Oslo - Blindern;SN18700;02.08.2024 06:00;15
Oslo - Blindern;SN18700;02.08.2024 07:00;16,5
Oslo - Blindern;SN18700;02.08.2024 08:00;17,9
Oslo - Blindern;SN18700;02.08.2024 09:00;18,6
Oslo - Blindern;SN18700;02.08.2024 10:00;19,9
Oslo - Blindern;SN18700;02.08.2024 11:00;21
Oslo - Blindern;SN18700;02.08.2024 12:00;22,8
Oslo - Blindern;SN18700;02.08.2024 13:00;22,3
Oslo - Blindern;SN18700;02.08.2024 14:00;23,3
Oslo - Blindern;SN18700;02.08.2024 15:00;23,1
Oslo - Blindern;SN18700;02.08.2024 16:00;23,5
Oslo - Blindern;SN18700;02.08.2024 17:00;23,4
Oslo - Blindern;SN18700;02.08.2024 18:00;22,5
Oslo - Blindern;SN18700;02.08.2024 19:00;21,5
Oslo - Blindern;SN18700;02.08.2024 20:00;20,5
Oslo - Blindern;SN18700;02.08.2024 21:00;18,9
Oslo - Blindern;SN18700;02.08.2024 22:00;18,1
Oslo - Blindern;SN18700;02.08.2024 23:00;16,3
Oslo - Blindern;SN18700;03.08.2024 00:00;15,1
Oslo - Blindern;SN18700;03.08.2024 01:00;14,5
Oslo - Blindern;SN18700;03.08.2024 02:00;13,9
Oslo - Blindern;SN18700;03.08.2024 03:00;13,2
Oslo - Blindern;SN18700;03.08.2024 04:00;13,1
Oslo - Blindern;SN18700;03.08.2024 05:00;13,5
Oslo - Blindern;SN18700;03.08.2024 06:00;15,3
Oslo - Blindern;SN18700;03.08.2024 07:00;17,1
Oslo - Blindern;SN18700;03.08.2024 08:00;17,7
Oslo - Blindern;SN18700;03.08.2024 09:00;19,6
Oslo - Blindern;SN18700;03.08.2024 10:00;20,4
Oslo - Blindern;SN18700;03.08.2024 11:00;20,7
Oslo - Blindern;SN18700;03.08.2024 12:00;20,9
Oslo - Blindern;SN18700;03.08.2024 13:00;22,9
Oslo - Blindern;SN18700;03.08.2024 14:00;23,4
Oslo - Blindern;SN18700;03.08.2024 15:00;23
Oslo - Blindern;SN18700;03.08.2024 16:00;21,3
Oslo - Blindern;SN18700;03.08.2024 17:00;20,5
Oslo - Blindern;SN18700;03.08.2024 18:00;19,3
Oslo - Blindern;SN18700;03.08.2024 19:00;18,8
Oslo - Blindern;SN18700;03.08.2024 20:00;18,2
Oslo - Blindern;SN18700;03.08.2024 21:00;17,6
Oslo - Blindern;SN18700;03.08.2024 22:00;17,7
Oslo - Blindern;SN18700;03.08.2024 23:00;17,6
Oslo - Blindern;SN18700;04.08.2024 00:00;17,5
Oslo - Blindern;SN18700;04.08.2024 01:00;17,5
Oslo - Blindern;SN18700;04.08.2024 02:00;17,1
Oslo - Blindern;SN18700;04.08.2024 03:00;16,5
Oslo - Blindern;SN18700;04.08.2024 04:00;16,5
Oslo - Blindern;SN18700;04.08.2024 05:00;16,5
Oslo - Blindern;SN18700;04.08.2024 06:00;16,4
Oslo - Blindern;SN18700;04.08.2024 07:00;16
Oslo - Blindern;SN18700;04.08.2024 08:00;15,8
Oslo - Blindern;SN18700;04.08.2024 09:00;17
Oslo - Blindern;SN18700;04.08.2024 10:00;16,7
Oslo - Blindern;SN18700;04.08.2024 11:00;17
Oslo - Blindern;SN18700;04.08.2024 12:00;17,6
Oslo - Blindern;SN18700;04.08.2024 13:00;17,8
Oslo - Blindern;SN18700;04.08.2024 14:00;20,2
Oslo - Blindern;SN18700;04.08.2024 15:00;21,6
Oslo - Blindern;SN18700;04.08.2024 16:00;19,5
Oslo - Blindern;SN18700;04.08.2024 17:00;19,4
Oslo - Blindern;SN18700;04.08.2024 18:00;21,1
Oslo - Blindern;SN18700;04.08.2024 19:00;19,6
Oslo - Blindern;SN18700;04.08.2024 20:00;17,9
Oslo - Blindern;SN18700;04.08.2024 21:00;16,7
Oslo - Blindern;SN18700;04.08.2024 22:00;15,8
Oslo - Blindern;SN18700;04.08.2024 23:00;15,5
Oslo - Blindern;SN18700;05.08.2024 00:00;15,4
Oslo - Blindern;SN18700;05.08.2024 01:00;15,1
Oslo - Blindern;SN18700;05.08.2024 02:00;14,7
Oslo - Blindern;SN18700;05.08.2024 03:00;14,1
Oslo - Blindern;SN18700;05.08.2024 04:00;13,6
Oslo - Blindern;SN18700;05.08.2024 05:00;13,8
Oslo - Blindern;SN18700;05.08.2024 06:00;14,9
Oslo - Blindern;SN18700;05.08.2024 07:00;17,7
Oslo - Blindern;SN18700;05.08.2024 08:00;19,4
Oslo - Blindern;SN18700;05.08.2024 09:00;21,1
Oslo - Blindern;SN18700;05.08.2024 10:00;22,6
Oslo - Blindern;SN18700;05.08.2024 11:00;23,3
Oslo - Blindern;SN18700;05.08.2024 12:00;24,1
Oslo - Blindern;SN18700;05.08.2024 13:00;24,2
Oslo - Blindern;SN18700;05.08.2024 14:00;24,5
Oslo - Blindern;SN18700;05.08.2024 15:00;24,6
Oslo - Blindern;SN18700;05.08.2024 16:00;24,2
Oslo - Blindern;SN18700;05.08.2024 17:00;23,4
Oslo - Blindern;SN18700;05.08.2024 18:00;22,6
Oslo - Blindern;SN18700;05.08.2024 19:00;21,3
Oslo - Blindern;SN18700;05.08.2024 20:00;19,7
Oslo - Blindern;SN18700;05.08.2024 21:00;18,5
Oslo - Blindern;SN18700;05.08.2024 22:00;17,7
Oslo - Blindern;SN18700;05.08.2024 23:00;16,5
Oslo - Blindern;SN18700;06.08.2024 00:00;15,8
Oslo - Blindern;SN18700;06.08.2024 01:00;16,2
Oslo - Blindern;SN18700;06.08.2024 02:00;16,8
Oslo - Blindern;SN18700;06.08.2024 03:00;16,8
Oslo - Blindern;SN18700;06.08.2024 04:00;16,6
Oslo - Blindern;SN18700;06.08.2024 05:00;16,8
Oslo - Blindern;SN18700;06.08.2024 06:00;16,7
Oslo - Blindern;SN18700;06.08.2024 07:00;18
Oslo - Blindern;SN18700;06.08.2024 08:00;18
Oslo - Blindern;SN18700;06.08.2024 09:00;19,9
Oslo - Blindern;SN18700;06.08.2024 10:00;21,4
Oslo - Blindern;SN18700;06.08.2024 11:00;22
Oslo - Blindern;SN18700;06.08.2024 12:00;22,7
Oslo - Blindern;SN18700;06.08.2024 13:00;22,5
Oslo - Blindern;SN18700;06.08.2024 14:00;23
Oslo - Blindern;SN18700;06.08.2024 15:00;23,2
Oslo - Blindern;SN18700;06.08.2024 16:00;22,5
Oslo - Blindern;SN18700;06.08.2024 17:00;21,9
Oslo - Blindern;SN18700;06.08.2024 18:00;20,7
Oslo - Blindern;SN18700;06.08.2024 19:00;19,7
Oslo - Blindern;SN18700;06.08.2024 20:00;18,7
Oslo - Blindern;SN18700;06.08.2024 21:00;17,5
Oslo - Blindern;SN18700;06.08.2024 22:00;16,9
Oslo - Blindern;SN18700;06.08.2024 23:00;16,9
Oslo - Blindern;SN18700;07.08.2024 00:00;16,9
Oslo - Blindern;SN18700;07.08.2024 01:00;16,8
Oslo - Blindern;SN18700;07.08.2024 02:00;16,7
Oslo - Blindern;SN18700;07.08.2024 03:00;16,4
Oslo - Blindern;SN18700;07.08.2024 04:00;16,1
Oslo - Blindern;SN18700;07.08.2024 05:00;16,2
Oslo - Blindern;SN18700;07.08.2024 06:00;16,5
Oslo - Blindern;SN18700;07.08.2024 07:00;17,4
Oslo - Blindern;SN18700;07.08.2024 08:00;17,9
Oslo - Blindern;SN18700;07.08.2024 09:00;19,4
Oslo - Blindern;SN18700;07.08.2024 10:00;21,4
Oslo - Blindern;SN18700;07.08.2024 11:00;21,5
Oslo - Blindern;SN18700;07.08.2024 12:00;22
Oslo - Blindern;SN18700;07.08.2024 13:00;23,9
Oslo - Blindern;SN18700;07.08.2024 14:00;23,5
Oslo - Blindern;SN18700;07.08.2024 15:00;21,9
Oslo - Blindern;SN18700;07.08.2024 16:00;21,8
Oslo - Blindern;SN18700;07.08.2024 17:00;22,3
Oslo - Blindern;SN18700;07.08.2024 18:00;21
Oslo - Blindern;SN18700;07.08.2024 19:00;20,9
Oslo - Blindern;SN18700;07.08.2024 20:00;18
Oslo - Blindern;SN18700;07.08.2024 21:00;17,8
Oslo - Blindern;SN18700;07.08.2024 22:00;17,7
Oslo - Blindern;SN18700;07.08.2024 23:00;17,9
Oslo - Blindern;SN18700;08.08.2024 00:00;17,7
Oslo - Blindern;SN18700;08.08.2024 01:00;17,6
Oslo - Blindern;SN18700;08.08.2024 02:00;16,7
Oslo - Blindern;SN18700;08.08.2024 03:00;16
Oslo - Blindern;SN18700;08.08.2024 04:00;15,4
Oslo - Blindern;SN18700;08.08.2024 05:00;15
Oslo - Blindern;SN18700;08.08.2024 06:00;15,5
Oslo - Blindern;SN18700;08.08.2024 07:00;16,3
Oslo - Blindern;SN18700;08.08.2024 08:00;16,8
Oslo - Blindern;SN18700;08.08.2024 09:00;17,7
Oslo - Blindern;SN18700;08.08.2024 10:00;18,2
Oslo - Blindern;SN18700;08.08.2024 11:00;18,6
Oslo - Blindern;SN18700;08.08.2024 12:00;19,6
Oslo - Blindern;SN18700;08.08.2024 13:00;19,9
Oslo - Blindern;SN18700;08.08.2024 14:00;21,1
Oslo - Blindern;SN18700;08.08.2024 15:00;21
Oslo - Blindern;SN18700;08.08.2024 16:00;18,9
Oslo - Blindern;SN18700;08.08.2024 17:00;18,4
Oslo - Blindern;SN18700;08.08.2024 18:00;18,7
Oslo - Blindern;SN18700;08.08.2024 19:00;18,5
Oslo - Blindern;SN18700;08.08.2024 20:00;17,7
Oslo - Blindern;SN18700;08.08.2024 21:00;16,6
Oslo - Blindern;SN18700;08.08.2024 22:00;15,3
Oslo - Blindern;SN18700;08.08.2024 23:00;14,5
Oslo - Blindern;SN18700;09.08.2024 00:00;14,5
Oslo - Blindern;SN18700;09.08.2024 01:00;14,2
Oslo - Blindern;SN18700;09.08.2024 02:00;13,8
Oslo - Blindern;SN18700;09.08.2024 03:00;13,7
Oslo - Blindern;SN18700;09.08.2024 04:00;14,2
Oslo - Blindern;SN18700;09.08.2024 05:00;13,8
Oslo - Blindern;SN18700;09.08.2024 06:00;13,5
Oslo - Blindern;SN18700;09.08.2024 07:00;14
Oslo - Blindern;SN18700;09.08.2024 08:00;14,9
Oslo - Blindern;SN18700;09.08.2024 09:00;14,7
Oslo - Blindern;SN18700;09.08.2024 10:00;14,6
Oslo - Blindern;SN18700;09.08.2024 11:00;14,5
Oslo - Blindern;SN18700;09.08.2024 12:00;14,8
Oslo - Blindern;SN18700;09.08.2024 13:00;15,3
Oslo - Blindern;SN18700;09.08.2024 14:00;15,8
Oslo - Blindern;SN18700;09.08.2024 15:00;16,6
Oslo - Blindern;SN18700;09.08.2024 16:00;17,3
Oslo - Blindern;SN18700;09.08.2024 17:00;18,5
Oslo - Blindern;SN18700;09.08.2024 18:00;18,8
Oslo - Blindern;SN18700;09.08.2024 19:00;18
Oslo - Blindern;SN18700;09.08.2024 20:00;16,4
Oslo - Blindern;SN18700;09.08.2024 21:00;15
Oslo - Blindern;SN18700;09.08.2024 22:00;14
Oslo - Blindern;SN18700;09.08.2024 23:00;13
Oslo - Blindern;SN18700;10.08.2024 00:00;12,8
Oslo - Blindern;SN18700;10.08.2024 01:00;11,9
Oslo - Blindern;SN18700;10.08.2024 02:00;11,4
Oslo - Blindern;SN18700;10.08.2024 03:00;11,1
Oslo - Blindern;SN18700;10.08.2024 04:00;10,2
Oslo - Blindern;SN18700;10.08.2024 05:00;10,4
Oslo - Blindern;SN18700;10.08.2024 06:00;12,7
Oslo - Blindern;SN18700;10.08.2024 07:00;14,6
Oslo - Blindern;SN18700;10.08.2024 08:00;16,3
Oslo - Blindern;SN18700;10.08.2024 09:00;15,1
Oslo - Blindern;SN18700;10.08.2024 10:00;15,7
Oslo - Blindern;SN18700;10.08.2024 11:00;15,4
Oslo - Blindern;SN18700;10.08.2024 12:00;17
Oslo - Blindern;SN18700;10.08.2024 13:00;18,4
Oslo - Blindern;SN18700;10.08.2024 14:00;19
Oslo - Blindern;SN18700;10.08.2024 15:00;20
Oslo - Blindern;SN18700;10.08.2024 16:00;18,7
Oslo - Blindern;SN18700;10.08.2024 17:00;18,1
Oslo - Blindern;SN18700;10.08.2024 18:00;18
Oslo - Blindern;SN18700;10.08.2024 19:00;17,5
Oslo - Blindern;SN18700;10.08.2024 20:00;16,3
Oslo - Blindern;SN18700;10.08.2024 21:00;15,4
Oslo - Blindern;SN18700;10.08.2024 22:00;15
Oslo - Blindern;SN18700;10.08.2024 23:00;14,8
Oslo - Blindern;SN18700;11.08.2024 00:00;13,6
Oslo - Blindern;SN18700;11.08.2024 01:00;12,1
Oslo - Blindern;SN18700;11.08.2024 02:00;11,8
Oslo - Blindern;SN18700;11.08.2024 03:00;12,2
Oslo - Blindern;SN18700;11.08.2024 04:00;10,3
Oslo - Blindern;SN18700;11.08.2024 05:00;10
Oslo - Blindern;SN18700;11.08.2024 06:00;11,4
Oslo - Blindern;SN18700;11.08.2024 07:00;15,7
Oslo - Blindern;SN18700;11.08.2024 08:00;17,4
Oslo - Blindern;SN18700;11.08.2024 09:00;19,1
Oslo - Blindern;SN18700;11.08.2024 10:00;20
Oslo - Blindern;SN18700;11.08.2024 11:00;20,8
Oslo - Blindern;SN18700;11.08.2024 12:00;21
Oslo - Blindern;SN18700;11.08.2024 13:00;21,3
Oslo - Blindern;SN18700;11.08.2024 14:00;21,5
Oslo - Blindern;SN18700;11.08.2024 15:00;22,3
Oslo - Blindern;SN18700;11.08.2024 16:00;22,3
Oslo - Blindern;SN18700;11.08.2024 17:00;21,1
Oslo - Blindern;SN18700;11.08.2024 18:00;19,8
Oslo - Blindern;SN18700;11.08.2024 19:00;18,4
Oslo - Blindern;SN18700;11.08.2024 20:00;16,9
Oslo - Blindern;SN18700;11.08.2024 21:00;15,1
Oslo - Blindern;SN18700;11.08.2024 22:00;14,5
Oslo - Blindern;SN18700;11.08.2024 23:00;14,9
Oslo - Blindern;SN18700;12.08.2024 00:00;13,8
Oslo - Blindern;SN18700;12.08.2024 01:00;13,1
Oslo - Blindern;SN18700;12.08.2024 02:00;10,3
Oslo - Blindern;SN18700;12.08.2024 03:00;9,3
Oslo - Blindern;SN18700;12.08.2024 04:00;8,4
Oslo - Blindern;SN18700;12.08.2024 05:00;8,3
Oslo - Blindern;SN18700;12.08.2024 06:00;9,8
Oslo - Blindern;SN18700;12.08.2024 07:00;14,5
Oslo - Blindern;SN18700;12.08.2024 08:00;16,2
Oslo - Blindern;SN18700;12.08.2024 09:00;17,8
Oslo - Blindern;SN18700;12.08.2024 10:00;18,7
Oslo - Blindern;SN18700;12.08.2024 11:00;19,5
Oslo - Blindern;SN18700;12.08.2024 12:00;20,6
Oslo - Blindern;SN18700;12.08.2024 13:00;20,7
Oslo - Blindern;SN18700;12.08.2024 14:00;21,1
Oslo - Blindern;SN18700;12.08.2024 15:00;21,8
Oslo - Blindern;SN18700;12.08.2024 16:00;22,1
Oslo - Blindern;SN18700;12.08.2024 17:00;21
Oslo - Blindern;SN18700;12.08.2024 18:00;20,1
Oslo - Blindern;SN18700;12.08.2024 19:00;19,2
Oslo - Blindern;SN18700;12.08.2024 20:00;17,1
Oslo - Blindern;SN18700;12.08.2024 21:00;15,2
Oslo - Blindern;SN18700;12.08.2024 22:00;14,1
Oslo - Blindern;SN18700;12.08.2024 23:00;13,2
Oslo - Blindern;SN18700;13.08.2024 00:00;12,9
Oslo - Blindern;SN18700;13.08.2024 01:00;12,6
Oslo - Blindern;SN18700;13.08.2024 02:00;12,3
Oslo - Blindern;SN18700;13.08.2024 03:00;11,6
Oslo - Blindern;SN18700;13.08.2024 04:00;11,4
Oslo - Blindern;SN18700;13.08.2024 05:00;10,9
Oslo - Blindern;SN18700;13.08.2024 06:00;12,2
Oslo - Blindern;SN18700;13.08.2024 07:00;14,4
Oslo - Blindern;SN18700;13.08.2024 08:00;14,7
Oslo - Blindern;SN18700;13.08.2024 09:00;16
Oslo - Blindern;SN18700;13.08.2024 10:00;17,8
Oslo - Blindern;SN18700;13.08.2024 11:00;18,9
Oslo - Blindern;SN18700;13.08.2024 12:00;18,5
Oslo - Blindern;SN18700;13.08.2024 13:00;19
Oslo - Blindern;SN18700;13.08.2024 14:00;19,3
Oslo - Blindern;SN18700;13.08.2024 15:00;19,2
Oslo - Blindern;SN18700;13.08.2024 16:00;20,8
Oslo - Blindern;SN18700;13.08.2024 17:00;20,1
Oslo - Blindern;SN18700;13.08.2024 18:00;19,5
Oslo - Blindern;SN18700;13.08.2024 19:00;18
Oslo - Blindern;SN18700;13.08.2024 20:00;16,8
Oslo - Blindern;SN18700;13.08.2024 21:00;15,4
Oslo - Blindern;SN18700;13.08.2024 22:00;14,9
Oslo - Blindern;SN18700;13.08.2024 23:00;14,5
Oslo - Blindern;SN18700;14.08.2024 00:00;13,9
Oslo - Blindern;SN18700;14.08.2024 01:00;13,8
Oslo - Blindern;SN18700;14.08.2024 02:00;14,4
Oslo - Blindern;SN18700;14.08.2024 03:00;14,4
Oslo - Blindern;SN18700;14.08.2024 04:00;14,5
Oslo - Blindern;SN18700;14.08.2024 05:00;14,4
Oslo - Blindern;SN18700;14.08.2024 06:00;14,8
Oslo - Blindern;SN18700;14.08.2024 07:00;15,4
Oslo - Blindern;SN18700;14.08.2024 08:00;16,8
Oslo - Blindern;SN18700;14.08.2024 09:00;18,3
Oslo - Blindern;SN18700;14.08.2024 10:00;18,5
Oslo - Blindern;SN18700;14.08.2024 11:00;19
Oslo - Blindern;SN18700;14.08.2024 12:00;19,3
Oslo - Blindern;SN18700;14.08.2024 13:00;19
Oslo - Blindern;SN18700;14.08.2024 14:00;19
Oslo - Blindern;SN18700;14.08.2024 15:00;18
Oslo - Blindern;SN18700;14.08.2024 16:00;18,3
Oslo - Blindern;SN18700;14.08.2024 17:00;18,7
Oslo - Blindern;SN18700;14.08.2024 18:00;18,3
Oslo - Blindern;SN18700;14.08.2024 19:00;18,1
Oslo - Blindern;SN18700;14.08.2024 20:00;17,8
Oslo - Blindern;SN18700;14.08.2024 21:00;17,6
Oslo - Blindern;SN18700;14.08.2024 22:00;17,4
Oslo - Blindern;SN18700;14.08.2024 23:00;17,3
Oslo - Blindern;SN18700;15.08.2024 00:00;17,1
Oslo - Blindern;SN18700;15.08.2024 01:00;17
Oslo - Blindern;SN18700;15.08.2024 02:00;16,8
Oslo - Blindern;SN18700;15.08.2024 03:00;16,9
Oslo - Blindern;SN18700;15.08.2024 04:00;17
Oslo - Blindern;SN18700;15.08.2024 05:00;17,2
Oslo - Blindern;SN18700;15.08.2024 06:00;16,8
Oslo - Blindern;SN18700;15.08.2024 07:00;16,8
Oslo - Blindern;SN18700;15.08.2024 08:00;17,1
Oslo - Blindern;SN18700;15.08.2024 09:00;17,5
Oslo - Blindern;SN18700;15.08.2024 10:00;19,7
Oslo - Blindern;SN18700;15.08.2024 11:00;20,1
Oslo - Blindern;SN18700;15.08.2024 12:00;21,8
Oslo - Blindern;SN18700;15.08.2024 13:00;20,6
Oslo - Blindern;SN18700;15.08.2024 14:00;19,1
Oslo - Blindern;SN18700;15.08.2024 15:00;18,3
Oslo - Blindern;SN18700;15.08.2024 16:00;18,1
Oslo - Blindern;SN18700;15.08.2024 17:00;17,6
Oslo - Blindern;SN18700;15.08.2024 18:00;17,2
Oslo - Blindern;SN18700;15.08.2024 19:00;15,9
Oslo - Blindern;SN18700;15.08.2024 20:00;15,5
Oslo - Blindern;SN18700;15.08.2024 21:00;15,2
Oslo - Blindern;SN18700;15.08.2024 22:00;15,2
Oslo - Blindern;SN18700;15.08.2024 23:00;15,7
Oslo - Blindern;SN18700;16.08.2024 00:00;15,9
Oslo - Blindern;SN18700;16.08.2024 01:00;15,9
Oslo - Blindern;SN18700;16.08.2024 02:00;15,9
Oslo - Blindern;SN18700;16.08.2024 03:00;15,9
Oslo - Blindern;SN18700;16.08.2024 04:00;14,2
Oslo - Blindern;SN18700;16.08.2024 05:00;13
Oslo - Blindern;SN18700;16.08.2024 06:00;12,6
Oslo - Blindern;SN18700;16.08.2024 07:00;15,1
Oslo - Blindern;SN18700;16.08.2024 08:00;16,7
Oslo - Blindern;SN18700;16.08.2024 09:00;17,6
Oslo - Blindern;SN18700;16.08.2024 10:00;19,2
Oslo - Blindern;SN18700;16.08.2024 11:00;19,9
Oslo - Blindern;SN18700;16.08.2024 12:00;20,7
Oslo - Blindern;SN18700;16.08.2024 13:00;20,5
Oslo - Blindern;SN18700;16.08.2024 14:00;21,1
Oslo - Blindern;SN18700;16.08.2024 15:00;20,3
Oslo - Blindern;SN18700;16.08.2024 16:00;21
Oslo - Blindern;SN18700;16.08.2024 17:00;19,9
Oslo - Blindern;SN18700;16.08.2024 18:00;18,9
Oslo - Blindern;SN18700;16.08.2024 19:00;18
Oslo - Blindern;SN18700;16.08.2024 20:00;16,7
Oslo - Blindern;SN18700;16.08.2024 21:00;15,4
Oslo - Blindern;SN18700;16.08.2024 22:00;14,5
Oslo - Blindern;SN18700;16.08.2024 23:00;13
Oslo - Blindern;SN18700;17.08.2024 00:00;11,9
Oslo - Blindern;SN18700;17.08.2024 01:00;11,1
Oslo - Blindern;SN18700;17.08.2024 02:00;10,7
Oslo - Blindern;SN18700;17.08.2024 03:00;10,3
Oslo - Blindern;SN18700;17.08.2024 04:00;10,2
Oslo - Blindern;SN18700;17.08.2024 05:00;9,5
Oslo - Blindern;SN18700;17.08.2024 06:00;9,9
Oslo - Blindern;SN18700;17.08.2024 07:00;12,8
Oslo - Blindern;SN18700;17.08.2024 08:00;14,7
Oslo - Blindern;SN18700;17.08.2024 09:00;15,9
Oslo - Blindern;SN18700;17.08.2024 10:00;17,6
Oslo - Blindern;SN18700;17.08.2024 11:00;18,6
Oslo - Blindern;SN18700;17.08.2024 12:00;19,4
Oslo - Blindern;SN18700;17.08.2024 13:00;19
Oslo - Blindern;SN18700;17.08.2024 14:00;18,5
Oslo - Blindern;SN18700;17.08.2024 15:00;19,3
Oslo - Blindern;SN18700;17.08.2024 16:00;19,4
Oslo - Blindern;SN18700;17.08.2024 17:00;18,5
Oslo - Blindern;SN18700;17.08.2024 18:00;18,2
Oslo - Blindern;SN18700;17.08.2024 19:00;17,6
Oslo - Blindern;SN18700;17.08.2024 20:00;16,3
Oslo - Blindern;SN18700;17.08.2024 21:00;15,6
Oslo - Blindern;SN18700;17.08.2024 22:00;14,4
Oslo - Blindern;SN18700;17.08.2024 23:00;12,5
Oslo - Blindern;SN18700;18.08.2024 00:00;11,8
Oslo - Blindern;SN18700;18.08.2024 01:00;11
Oslo - Blindern;SN18700;18.08.2024 02:00;10,7
Oslo - Blindern;SN18700;18.08.2024 03:00;9,9
Oslo - Blindern;SN18700;18.08.2024 04:00;9,5
Oslo - Blindern;SN18700;18.08.2024 05:00;9,5
Oslo - Blindern;SN18700;18.08.2024 06:00;10,7
Oslo - Blindern;SN18700;18.08.2024 07:00;12,4
Oslo - Blindern;SN18700;18.08.2024 08:00;13,6
Oslo - Blindern;SN18700;18.08.2024 09:00;14,8
Oslo - Blindern;SN18700;18.08.2024 10:00;15,8
Oslo - Blindern;SN18700;18.08.2024 11:00;16,7
Oslo - Blindern;SN18700;18.08.2024 12:00;18,6
Oslo - Blindern;SN18700;18.08.2024 13:00;18,8
Oslo - Blindern;SN18700;18.08.2024 14:00;18,5
Oslo - Blindern;SN18700;18.08.2024 15:00;17,6
Oslo - Blindern;SN18700;18.08.2024 16:00;16,2
Oslo - Blindern;SN18700;18.08.2024 17:00;16,1
Oslo - Blindern;SN18700;18.08.2024 18:00;15,8
Oslo - Blindern;SN18700;18.08.2024 19:00;16
Oslo - Blindern;SN18700;18.08.2024 20:00;15,3
Oslo - Blindern;SN18700;18.08.2024 21:00;13,8
Oslo - Blindern;SN18700;18.08.2024 22:00;13,2
Oslo - Blindern;SN18700;18.08.2024 23:00;12,2
Oslo - Blindern;SN18700;19.08.2024 00:00;10,5
Oslo - Blindern;SN18700;19.08.2024 01:00;9,5
Oslo - Blindern;SN18700;19.08.2024 02:00;8,9
Oslo - Blindern;SN18700;19.08.2024 03:00;8,5
Oslo - Blindern;SN18700;19.08.2024 04:00;8,1
Oslo - Blindern;SN18700;19.08.2024 05:00;7,4
Oslo - Blindern;SN18700;19.08.2024 06:00;8,5
Oslo - Blindern;SN18700;19.08.2024 07:00;13,5
Oslo - Blindern;SN18700;19.08.2024 08:00;14,7
Oslo - Blindern;SN18700;19.08.2024 09:00;16
Oslo - Blindern;SN18700;19.08.2024 10:00;17,4
Oslo - Blindern;SN18700;19.08.2024 11:00;18,6
Oslo - Blindern;SN18700;19.08.2024 12:00;19,4
Oslo - Blindern;SN18700;19.08.2024 13:00;19,5
Oslo - Blindern;SN18700;19.08.2024 14:00;19,7
Oslo - Blindern;SN18700;19.08.2024 15:00;19,4
Oslo - Blindern;SN18700;19.08.2024 16:00;18,7
Oslo - Blindern;SN18700;19.08.2024 17:00;18,1
Oslo - Blindern;SN18700;19.08.2024 18:00;17,4
Oslo - Blindern;SN18700;19.08.2024 19:00;16,6
Oslo - Blindern;SN18700;19.08.2024 20:00;15,8
Oslo - Blindern;SN18700;19.08.2024 21:00;15,3
Oslo - Blindern;SN18700;19.08.2024 22:00;15
Oslo - Blindern;SN18700;19.08.2024 23:00;14,8
Oslo - Blindern;SN18700;20.08.2024 00:00;14,7
Oslo - Blindern;SN18700;20.08.2024 01:00;14,5
Oslo - Blindern;SN18700;20.08.2024 02:00;14,3
Oslo - Blindern;SN18700;20.08.2024 03:00;14,2
Oslo - Blindern;SN18700;20.08.2024 04:00;14,4
Oslo - Blindern;SN18700;20.08.2024 05:00;14,6
Oslo - Blindern;SN18700;20.08.2024 06:00;14,9
Oslo - Blindern;SN18700;20.08.2024 07:00;15
Oslo - Blindern;SN18700;20.08.2024 08:00;15,5
Oslo - Blindern;SN18700;20.08.2024 09:00;15,6
Oslo - Blindern;SN18700;20.08.2024 10:00;17,1
Oslo - Blindern;SN18700;20.08.2024 11:00;17,9
Oslo - Blindern;SN18700;20.08.2024 12:00;17,1
Oslo - Blindern;SN18700;20.08.2024 13:00;18,1
Oslo - Blindern;SN18700;20.08.2024 14:00;17,6
Oslo - Blindern;SN18700;20.08.2024 15:00;17,7
Oslo - Blindern;SN18700;20.08.2024 16:00;17,2
Oslo - Blindern;SN18700;20.08.2024 17:00;16,6
Oslo - Blindern;SN18700;20.08.2024 18:00;16,4
Oslo - Blindern;SN18700;20.08.2024 19:00;15,9
Oslo - Blindern;SN18700;20.08.2024 20:00;15,7
Oslo - Blindern;SN18700;20.08.2024 21:00;15,4
Oslo - Blindern;SN18700;20.08.2024 22:00;15,7
Oslo - Blindern;SN18700;20.08.2024 23:00;15,5
Oslo - Blindern;SN18700;21.08.2024 00:00;15,5
Oslo - Blindern;SN18700;21.08.2024 01:00;15,6
Oslo - Blindern;SN18700;21.08.2024 02:00;15,8
Oslo - Blindern;SN18700;21.08.2024 03:00;15,8
Oslo - Blindern;SN18700;21.08.2024 04:00;15,9
Oslo - Blindern;SN18700;21.08.2024 05:00;15,3
Oslo - Blindern;SN18700;21.08.2024 06:00;14,2
Oslo - Blindern;SN18700;21.08.2024 07:00;14,7
Oslo - Blindern;SN18700;21.08.2024 08:00;15,4
Oslo - Blindern;SN18700;21.08.2024 09:00;15,2
Oslo - Blindern;SN18700;21.08.2024 10:00;15,3
Oslo - Blindern;SN18700;21.08.2024 11:00;15,5
Oslo - Blindern;SN18700;21.08.2024 12:00;15,3
Oslo - Blindern;SN18700;21.08.2024 13:00;15,9
Oslo - Blindern;SN18700;21.08.2024 14:00;17,9
Oslo - Blindern;SN18700;21.08.2024 15:00;18,9
Oslo - Blindern;SN18700;21.08.2024 16:00;19,9
Oslo - Blindern;SN18700;21.08.2024 17:00;18,5
Oslo - Blindern;SN18700;21.08.2024 18:00;17,3
Oslo - Blindern;SN18700;21.08.2024 19:00;16
Oslo - Blindern;SN18700;21.08.2024 20:00;15,1
Oslo - Blindern;SN18700;21.08.2024 21:00;13,3
Oslo - Blindern;SN18700;21.08.2024 22:00;12,4
Oslo - Blindern;SN18700;21.08.2024 23:00;11,6
Oslo - Blindern;SN18700;22.08.2024 00:00;11,2
Oslo - Blindern;SN18700;22.08.2024 01:00;10,4
Oslo - Blindern;SN18700;22.08.2024 02:00;11,6
Oslo - Blindern;SN18700;22.08.2024 03:00;12,1
Oslo - Blindern;SN18700;22.08.2024 04:00;12,1
Oslo - Blindern;SN18700;22.08.2024 05:00;11,8
Oslo - Blindern;SN18700;22.08.2024 06:00;11,8
Oslo - Blindern;SN18700;22.08.2024 07:00;12,3
Oslo - Blindern;SN18700;22.08.2024 08:00;12,9
Oslo - Blindern;SN18700;22.08.2024 09:00;12,4
Oslo - Blindern;SN18700;22.08.2024 10:00;12,4
Oslo - Blindern;SN18700;22.08.2024 11:00;13,2
Oslo - Blindern;SN18700;22.08.2024 12:00;15,1
Oslo - Blindern;SN18700;22.08.2024 13:00;15
Oslo - Blindern;SN18700;22.08.2024 14:00;15
Oslo - Blindern;SN18700;22.08.2024 15:00;15,2
Oslo - Blindern;SN18700;22.08.2024 16:00;15,1
Oslo - Blindern;SN18700;22.08.2024 17:00;15,2
Oslo - Blindern;SN18700;22.08.2024 18:00;15,3
Oslo - Blindern;SN18700;22.08.2024 19:00;15,3
Oslo - Blindern;SN18700;22.08.2024 20:00;15,3
Oslo - Blindern;SN18700;22.08.2024 21:00;15,5
Oslo - Blindern;SN18700;22.08.2024 22:00;15,7
Oslo - Blindern;SN18700;22.08.2024 23:00;15,8
Oslo - Blindern;SN18700;23.08.2024 00:00;15,7
Oslo - Blindern;SN18700;23.08.2024 01:00;15,2
Oslo - Blindern;SN18700;23.08.2024 02:00;15,1
Oslo - Blindern;SN18700;23.08.2024 03:00;14,8
Oslo - Blindern;SN18700;23.08.2024 04:00;14,7
Oslo - Blindern;SN18700;23.08.2024 05:00;14,1
Oslo - Blindern;SN18700;23.08.2024 06:00;14,5
Oslo - Blindern;SN18700;23.08.2024 07:00;14,7
Oslo - Blindern;SN18700;23.08.2024 08:00;14,9
Oslo - Blindern;SN18700;23.08.2024 09:00;14,6
Oslo - Blindern;SN18700;23.08.2024 10:00;14,2
Oslo - Blindern;SN18700;23.08.2024 11:00;13,9
Oslo - Blindern;SN18700;23.08.2024 12:00;13,2
Oslo - Blindern;SN18700;23.08.2024 13:00;13,5
Oslo - Blindern;SN18700;23.08.2024 14:00;13,2
Oslo - Blindern;SN18700;23.08.2024 15:00;13,7
Oslo - Blindern;SN18700;23.08.2024 16:00;14,8
Oslo - Blindern;SN18700;23.08.2024 17:00;16,9
Oslo - Blindern;SN18700;23.08.2024 18:00;16,3
Oslo - Blindern;SN18700;23.08.2024 19:00;14,8
Oslo - Blindern;SN18700;23.08.2024 20:00;14,8
Oslo - Blindern;SN18700;23.08.2024 21:00;13,7
Oslo - Blindern;SN18700;23.08.2024 22:00;12,6
Oslo - Blindern;SN18700;23.08.2024 23:00;12,5
Oslo - Blindern;SN18700;24.08.2024 00:00;11,4
Oslo - Blindern;SN18700;24.08.2024 01:00;11,9
Oslo - Blindern;SN18700;24.08.2024 02:00;10,3
Oslo - Blindern;SN18700;24.08.2024 03:00;9,3
Oslo - Blindern;SN18700;24.08.2024 04:00;8,5
Oslo - Blindern;SN18700;24.08.2024 05:00;8,2
Oslo - Blindern;SN18700;24.08.2024 06:00;8,7
Oslo - Blindern;SN18700;24.08.2024 07:00;12,1
Oslo - Blindern;SN18700;24.08.2024 08:00;14,5
Oslo - Blindern;SN18700;24.08.2024 09:00;16,3
Oslo - Blindern;SN18700;24.08.2024 10:00;15
Oslo - Blindern;SN18700;24.08.2024 11:00;14,5
Oslo - Blindern;SN18700;24.08.2024 12:00;14,7
Oslo - Blindern;SN18700;24.08.2024 13:00;14,7
Oslo - Blindern;SN18700;24.08.2024 14:00;15,6
Oslo - Blindern;SN18700;24.08.2024 15:00;15,3
Oslo - Blindern;SN18700;24.08.2024 16:00;14,7
Oslo - Blindern;SN18700;24.08.2024 17:00;14,5
Oslo - Blindern;SN18700;24.08.2024 18:00;14,4
Oslo - Blindern;SN18700;24.08.2024 19:00;13,5
Oslo - Blindern;SN18700;24.08.2024 20:00;13,1
Oslo - Blindern;SN18700;24.08.2024 21:00;12,8
Oslo - Blindern;SN18700;24.08.2024 22:00;13
Oslo - Blindern;SN18700;24.08.2024 23:00;13,1
Oslo - Blindern;SN18700;25.08.2024 00:00;13,2
Oslo - Blindern;SN18700;25.08.2024 01:00;13,1
Oslo - Blindern;SN18700;25.08.2024 02:00;13,2
Oslo - Blindern;SN18700;25.08.2024 03:00;13,2
Oslo - Blindern;SN18700;25.08.2024 04:00;12,8
Oslo - Blindern;SN18700;25.08.2024 05:00;12,3
Oslo - Blindern;SN18700;25.08.2024 06:00;11,6
Oslo - Blindern;SN18700;25.08.2024 07:00;12,7
Oslo - Blindern;SN18700;25.08.2024 08:00;13,8
Oslo - Blindern;SN18700;25.08.2024 09:00;15,8
Oslo - Blindern;SN18700;25.08.2024 10:00;16,3
Oslo - Blindern;SN18700;25.08.2024 11:00;17,4
Oslo - Blindern;SN18700;25.08.2024 12:00;17,9
Oslo - Blindern;SN18700;25.08.2024 13:00;19,2
Oslo - Blindern;SN18700;25.08.2024 14:00;17,1
Oslo - Blindern;SN18700;25.08.2024 15:00;17,5
Oslo - Blindern;SN18700;25.08.2024 16:00;17,8
Oslo - Blindern;SN18700;25.08.2024 17:00;17,1
Oslo - Blindern;SN18700;25.08.2024 18:00;16,5
Oslo - Blindern;SN18700;25.08.2024 19:00;15,5
Oslo - Blindern;SN18700;25.08.2024 20:00;14,3
Oslo - Blindern;SN18700;25.08.2024 21:00;13,6
Oslo - Blindern;SN18700;25.08.2024 22:00;12,3
Oslo - Blindern;SN18700;25.08.2024 23:00;12,2
Oslo - Blindern;SN18700;26.08.2024 00:00;12,2
Oslo - Blindern;SN18700;26.08.2024 01:00;11,4
Oslo - Blindern;SN18700;26.08.2024 02:00;11,9
Oslo - Blindern;SN18700;26.08.2024 03:00;12,1
Oslo - Blindern;SN18700;26.08.2024 04:00;12,7
Oslo - Blindern;SN18700;26.08.2024 05:00;12,8
Oslo - Blindern;SN18700;26.08.2024 06:00;13,4
Oslo - Blindern;SN18700;26.08.2024 07:00;14,3
Oslo - Blindern;SN18700;26.08.2024 08:00;15
Oslo - Blindern;SN18700;26.08.2024 09:00;15,8
Oslo - Blindern;SN18700;26.08.2024 10:00;17,6
Oslo - Blindern;SN18700;26.08.2024 11:00;18,1
Oslo - Blindern;SN18700;26.08.2024 12:00;19,9
Oslo - Blindern;SN18700;26.08.2024 13:00;19,6
Oslo - Blindern;SN18700;26.08.2024 14:00;19,7
Oslo - Blindern;SN18700;26.08.2024 15:00;20,7
Oslo - Blindern;SN18700;26.08.2024 16:00;19,8
Oslo - Blindern;SN18700;26.08.2024 17:00;18,5
Oslo - Blindern;SN18700;26.08.2024 18:00;17,1
Oslo - Blindern;SN18700;26.08.2024 19:00;16,2
Oslo - Blindern;SN18700;26.08.2024 20:00;15,1
Oslo - Blindern;SN18700;26.08.2024 21:00;14,4
Oslo - Blindern;SN18700;26.08.2024 22:00;13,8
Oslo - Blindern;SN18700;26.08.2024 23:00;12,7
Oslo - Blindern;SN18700;27.08.2024 00:00;11,2
Oslo - Blindern;SN18700;27.08.2024 01:00;10
Oslo - Blindern;SN18700;27.08.2024 02:00;9,1
Oslo - Blindern;SN18700;27.08.2024 03:00;8,4
Oslo - Blindern;SN18700;27.08.2024 04:00;7,8
Oslo - Blindern;SN18700;27.08.2024 05:00;7,8
Oslo - Blindern;SN18700;27.08.2024 06:00;8,2
Oslo - Blindern;SN18700;27.08.2024 07:00;10,6
Oslo - Blindern;SN18700;27.08.2024 08:00;13,1
Oslo - Blindern;SN18700;27.08.2024 09:00;14,7
Oslo - Blindern;SN18700;27.08.2024 10:00;16
Oslo - Blindern;SN18700;27.08.2024 11:00;17,1
Oslo - Blindern;SN18700;27.08.2024 12:00;16,8
Oslo - Blindern;SN18700;27.08.2024 13:00;17,7
Oslo - Blindern;SN18700;27.08.2024 14:00;16,7
Oslo - Blindern;SN18700;27.08.2024 15:00;16,9
Oslo - Blindern;SN18700;27.08.2024 16:00;16,2
Oslo - Blindern;SN18700;27.08.2024 17:00;15,5
Oslo - Blindern;SN18700;27.08.2024 18:00;15,3
Oslo - Blindern;SN18700;27.08.2024 19:00;14,5
Oslo - Blindern;SN18700;27.08.2024 20:00;15,1
Oslo - Blindern;SN18700;27.08.2024 21:00;15,6
Oslo - Blindern;SN18700;27.08.2024 22:00;15,9
Oslo - Blindern;SN18700;27.08.2024 23:00;15,9
Oslo - Blindern;SN18700;28.08.2024 00:00;15,8
Oslo - Blindern;SN18700;28.08.2024 01:00;15,7
Oslo - Blindern;SN18700;28.08.2024 02:00;15,4
Oslo - Blindern;SN18700;28.08.2024 03:00;15,4
Oslo - Blindern;SN18700;28.08.2024 04:00;15,6
Oslo - Blindern;SN18700;28.08.2024 05:00;15,6
Oslo - Blindern;SN18700;28.08.2024 06:00;15,4
Oslo - Blindern;SN18700;28.08.2024 07:00;16,1
Oslo - Blindern;SN18700;28.08.2024 08:00;16,7
Oslo - Blindern;SN18700;28.08.2024 09:00;18,1
Oslo - Blindern;SN18700;28.08.2024 10:00;18,3
Oslo - Blindern;SN18700;28.08.2024 11:00;19
Oslo - Blindern;SN18700;28.08.2024 12:00;20,8
Oslo - Blindern;SN18700;28.08.2024 13:00;20,5
Oslo - Blindern;SN18700;28.08.2024 14:00;21,2
Oslo - Blindern;SN18700;28.08.2024 15:00;20,3
Oslo - Blindern;SN18700;28.08.2024 16:00;20,8
Oslo - Blindern;SN18700;28.08.2024 17:00;19,7
Oslo - Blindern;SN18700;28.08.2024 18:00;19
Oslo - Blindern;SN18700;28.08.2024 19:00;17,9
Oslo - Blindern;SN18700;28.08.2024 20:00;16,8
Oslo - Blindern;SN18700;28.08.2024 21:00;15,7
Oslo - Blindern;SN18700;28.08.2024 22:00;15,3
Oslo - Blindern;SN18700;28.08.2024 23:00;14,9
Oslo - Blindern;SN18700;29.08.2024 00:00;15,1
Oslo - Blindern;SN18700;29.08.2024 01:00;15,6
Oslo - Blindern;SN18700;29.08.2024 02:00;15,8
Oslo - Blindern;SN18700;29.08.2024 03:00;15,5
Oslo - Blindern;SN18700;29.08.2024 04:00;15
Oslo - Blindern;SN18700;29.08.2024 05:00;15,3
Oslo - Blindern;SN18700;29.08.2024 06:00;15,5
Oslo - Blindern;SN18700;29.08.2024 07:00;16,6
Oslo - Blindern;SN18700;29.08.2024 08:00;16,7
Oslo - Blindern;SN18700;29.08.2024 09:00;16,9
Oslo - Blindern;SN18700;29.08.2024 10:00;17,9
Oslo - Blindern;SN18700;29.08.2024 11:00;17,8
Oslo - Blindern;SN18700;29.08.2024 12:00;18,3
Oslo - Blindern;SN18700;29.08.2024 13:00;17
Oslo - Blindern;SN18700;29.08.2024 14:00;16,7
Oslo - Blindern;SN18700;29.08.2024 15:00;17,3
Oslo - Blindern;SN18700;29.08.2024 16:00;17,6
Oslo - Blindern;SN18700;29.08.2024 17:00;17,9
Oslo - Blindern;SN18700;29.08.2024 18:00;17,7
Oslo - Blindern;SN18700;29.08.2024 19:00;17,6
Oslo - Blindern;SN18700;29.08.2024 20:00;17,3
Oslo - Blindern;SN18700;29.08.2024 21:00;17,4
Oslo - Blindern;SN18700;29.08.2024 22:00;17
Oslo - Blindern;SN18700;29.08.2024 23:00;16,9
Oslo - Blindern;SN18700;30.08.2024 00:00;16,8
Oslo - Blindern;SN18700;30.08.2024 01:00;16,5
Oslo - Blindern;SN18700;30.08.2024 02:00;16,1
Oslo - Blindern;SN18700;30.08.2024 03:00;15,1
Oslo - Blindern;SN18700;30.08.2024 04:00;13,1
Oslo - Blindern;SN18700;30.08.2024 05:00;11,9
Oslo - Blindern;SN18700;30.08.2024 06:00;11,2
Oslo - Blindern;SN18700;30.08.2024 07:00;12,7
Oslo - Blindern;SN18700;30.08.2024 08:00;14,7
Oslo - Blindern;SN18700;30.08.2024 09:00;16,2
Oslo - Blindern;SN18700;30.08.2024 10:00;16,7
Oslo - Blindern;SN18700;30.08.2024 11:00;18,4
Oslo - Blindern;SN18700;30.08.2024 12:00;19,4
Oslo - Blindern;SN18700;30.08.2024 13:00;18,6
Oslo - Blindern;SN18700;30.08.2024 14:00;19,3
Oslo - Blindern;SN18700;30.08.2024 15:00;18,2
Oslo - Blindern;SN18700;30.08.2024 16:00;17,4
Oslo - Blindern;SN18700;30.08.2024 17:00;16,8
Oslo - Blindern;SN18700;30.08.2024 18:00;15,8
Oslo - Blindern;SN18700;30.08.2024 19:00;14,9
Oslo - Blindern;SN18700;30.08.2024 20:00;12,8
Oslo - Blindern;SN18700;30.08.2024 21:00;11,6
Oslo - Blindern;SN18700;30.08.2024 22:00;11,2
Oslo - Blindern;SN18700;30.08.2024 23:00;12,4
Oslo - Blindern;SN18700;31.08.2024 00:00;10,7
Oslo - Blindern;SN18700;31.08.2024 01:00;10,5
Oslo - Blindern;SN18700;31.08.2024 02:00;10,1
Oslo - Blindern;SN18700;31.08.2024 03:00;9,6
Oslo - Blindern;SN18700;31.08.2024 04:00;8,7
Oslo - Blindern;SN18700;31.08.2024 05:00;8,7
Oslo - Blindern;SN18700;31.08.2024 06:00;10
Oslo - Blindern;SN18700;31.08.2024 07:00;12,9
Oslo - Blindern;SN18700;31.08.2024 08:00;15,1
Oslo - Blindern;SN18700;31.08.2024 09:00;16,4
Oslo - Blindern;SN18700;31.08.2024 10:00;17,4
Oslo - Blindern;SN18700;31.08.2024 11:00;18,4
Oslo - Blindern;SN18700;31.08.2024 12:00;18,8
Oslo - Blindern;SN18700;31.08.2024 13:00;19,9
Oslo - Blindern;SN18700;31.08.2024 14:00;19,7
Oslo - Blindern;SN18700;31.08.2024 15:00;19,6
Oslo - Blindern;SN18700;31.08.2024 16:00;20,2
Oslo - Blindern;SN18700;31.08.2024 17:00;19,4
Oslo - Blindern;SN18700;31.08.2024 18:00;18,9
Oslo - Blindern;SN18700;31.08.2024 19:00;16,7
Oslo - Blindern;SN18700;31.08.2024 20:00;13,9
Oslo - Blindern;SN18700;31.08.2024 21:00;12,5
Oslo - Blindern;SN18700;31.08.2024 22:00;12,3
Oslo - Blindern;SN18700;31.08.2024 23:00;11,8
Oslo - Blindern;SN18700;01.09.2024 00:00;11,2
Oslo - Blindern;SN18700;01.09.2024 01:00;10
Oslo - Blindern;SN18700;01.09.2024 02:00;10,4
Oslo - Blindern;SN18700;01.09.2024 03:00;9,5
Oslo - Blindern;SN18700;01.09.2024 04:00;9,4
Oslo - Blindern;SN18700;01.09.2024 05:00;8,3
Oslo - Blindern;SN18700;01.09.2024 06:00;9,8
Oslo - Blindern;SN18700;01.09.2024 07:00;12,6
Oslo - Blindern;SN18700;01.09.2024 08:00;14,4
Oslo - Blindern;SN18700;01.09.2024 09:00;16,1
Oslo - Blindern;SN18700;01.09.2024 10:00;18
Oslo - Blindern;SN18700;01.09.2024 11:00;18,1
Oslo - Blindern;SN18700;01.09.2024 12:00;19,6
Oslo - Blindern;SN18700;01.09.2024 13:00;19,7
Oslo - Blindern;SN18700;01.09.2024 14:00;20,7
Oslo - Blindern;SN18700;01.09.2024 15:00;20,7
Oslo - Blindern;SN18700;01.09.2024 16:00;21,4
Oslo - Blindern;SN18700;01.09.2024 17:00;20
Oslo - Blindern;SN18700;01.09.2024 18:00;19
Oslo - Blindern;SN18700;01.09.2024 19:00;17,1
Oslo - Blindern;SN18700;01.09.2024 20:00;15,2
Oslo - Blindern;SN18700;01.09.2024 21:00;14,1
Oslo - Blindern;SN18700;01.09.2024 22:00;12,8
Oslo - Blindern;SN18700;01.09.2024 23:00;12,5
Oslo - Blindern;SN18700;02.09.2024 00:00;12,5
Oslo - Blindern;SN18700;02.09.2024 01:00;13,6
Oslo - Blindern;SN18700;02.09.2024 02:00;13,2
Oslo - Blindern;SN18700;02.09.2024 03:00;12,5
Oslo - Blindern;SN18700;02.09.2024 04:00;12,4
Oslo - Blindern;SN18700;02.09.2024 05:00;13,2
Oslo - Blindern;SN18700;02.09.2024 06:00;13,6
Oslo - Blindern;SN18700;02.09.2024 07:00;13,3
Oslo - Blindern;SN18700;02.09.2024 08:00;13,6
Oslo - Blindern;SN18700;02.09.2024 09:00;13,2
Oslo - Blindern;SN18700;02.09.2024 10:00;12,6
Oslo - Blindern;SN18700;02.09.2024 11:00;13,2
Oslo - Blindern;SN18700;02.09.2024 12:00;13,3
Oslo - Blindern;SN18700;02.09.2024 13:00;12,9
Oslo - Blindern;SN18700;02.09.2024 14:00;12,7
Oslo - Blindern;SN18700;02.09.2024 15:00;12,8
Oslo - Blindern;SN18700;02.09.2024 16:00;12,6
Oslo - Blindern;SN18700;02.09.2024 17:00;12,4
Oslo - Blindern;SN18700;02.09.2024 18:00;12,3
Oslo - Blindern;SN18700;02.09.2024 19:00;12,3
Oslo - Blindern;SN18700;02.09.2024 20:00;12,3
Oslo - Blindern;SN18700;02.09.2024 21:00;12,2
Oslo - Blindern;SN18700;02.09.2024 22:00;12,2
Oslo - Blindern;SN18700;02.09.2024 23:00;12
Oslo - Blindern;SN18700;03.09.2024 00:00;11,7
Oslo - Blindern;SN18700;03.09.2024 01:00;11,6
Oslo - Blindern;SN18700;03.09.2024 02:00;11,6
Oslo - Blindern;SN18700;03.09.2024 03:00;11,8
Oslo - Blindern;SN18700;03.09.2024 04:00;11,9
Oslo - Blindern;SN18700;03.09.2024 05:00;12
Oslo - Blindern;SN18700;03.09.2024 06:00;12,3
Oslo - Blindern;SN18700;03.09.2024 07:00;12,7
Oslo - Blindern;SN18700;03.09.2024 08:00;13,3
Oslo - Blindern;SN18700;03.09.2024 09:00;13,4
Oslo - Blindern;SN18700;03.09.2024 10:00;13,8
Oslo - Blindern;SN18700;03.09.2024 11:00;14,4
Oslo - Blindern;SN18700;03.09.2024 12:00;14,9
Oslo - Blindern;SN18700;03.09.2024 13:00;15,7
Oslo - Blindern;SN18700;03.09.2024 14:00;16,3
Oslo - Blindern;SN18700;03.09.2024 15:00;16,5
Oslo - Blindern;SN18700;03.09.2024 16:00;16,7
Oslo - Blindern;SN18700;03.09.2024 17:00;16,8
Oslo - Blindern;SN18700;03.09.2024 18:00;16,7
Oslo - Blindern;SN18700;03.09.2024 19:00;15,9
Oslo - Blindern;SN18700;03.09.2024 20:00;15,9
Oslo - Blindern;SN18700;03.09.2024 21:00;15,9
Oslo - Blindern;SN18700;03.09.2024 22:00;16,1
Oslo - Blindern;SN18700;03.09.2024 23:00;16,8
Oslo - Blindern;SN18700;04.09.2024 00:00;17,8
Oslo - Blindern;SN18700;04.09.2024 01:00;17,6
Oslo - Blindern;SN18700;04.09.2024 02:00;17,4
Oslo - Blindern;SN18700;04.09.2024 03:00;16,7
Oslo - Blindern;SN18700;04.09.2024 04:00;16,8
Oslo - Blindern;SN18700;04.09.2024 05:00;16,4
Oslo - Blindern;SN18700;04.09.2024 06:00;15,4
Oslo - Blindern;SN18700;04.09.2024 07:00;15
Oslo - Blindern;SN18700;04.09.2024 08:00;14,9
Oslo - Blindern;SN18700;04.09.2024 09:00;15,1
Oslo - Blindern;SN18700;04.09.2024 10:00;15,6
Oslo - Blindern;SN18700;04.09.2024 11:00;16,1
Oslo - Blindern;SN18700;04.09.2024 12:00;16,6
Oslo - Blindern;SN18700;04.09.2024 13:00;16,6
Oslo - Blindern;SN18700;04.09.2024 14:00;16,9
Oslo - Blindern;SN18700;04.09.2024 15:00;17,1
Oslo - Blindern;SN18700;04.09.2024 16:00;17,5
Oslo - Blindern;SN18700;04.09.2024 17:00;18,3
Oslo - Blindern;SN18700;04.09.2024 18:00;18
Oslo - Blindern;SN18700;04.09.2024 19:00;18,3
Oslo - Blindern;SN18700;04.09.2024 20:00;18,5
Oslo - Blindern;SN18700;04.09.2024 21:00;18,7
Oslo - Blindern;SN18700;04.09.2024 22:00;18,5
Oslo - Blindern;SN18700;04.09.2024 23:00;18
Oslo - Blindern;SN18700;05.09.2024 00:00;18,4
Oslo - Blindern;SN18700;05.09.2024 01:00;18,3
Oslo - Blindern;SN18700;05.09.2024 02:00;18,1
Oslo - Blindern;SN18700;05.09.2024 03:00;18
Oslo - Blindern;SN18700;05.09.2024 04:00;17,3
Oslo - Blindern;SN18700;05.09.2024 05:00;17,7
Oslo - Blindern;SN18700;05.09.2024 06:00;17,2
Oslo - Blindern;SN18700;05.09.2024 07:00;18,7
Oslo - Blindern;SN18700;05.09.2024 08:00;19,8
Oslo - Blindern;SN18700;05.09.2024 09:00;21,2
Oslo - Blindern;SN18700;05.09.2024 10:00;22,2
Oslo - Blindern;SN18700;05.09.2024 11:00;23,3
Oslo - Blindern;SN18700;05.09.2024 12:00;24
Oslo - Blindern;SN18700;05.09.2024 13:00;25
Oslo - Blindern;SN18700;05.09.2024 14:00;25,5
Oslo - Blindern;SN18700;05.09.2024 15:00;25,8
Oslo - Blindern;SN18700;05.09.2024 16:00;25,9
Oslo - Blindern;SN18700;05.09.2024 17:00;25,1
Oslo - Blindern;SN18700;05.09.2024 18:00;24
Oslo - Blindern;SN18700;05.09.2024 19:00;22,5
Oslo - Blindern;SN18700;05.09.2024 20:00;21,5
Oslo - Blindern;SN18700;05.09.2024 21:00;20,3
Oslo - Blindern;SN18700;05.09.2024 22:00;19,2
Oslo - Blindern;SN18700;05.09.2024 23:00;19,4
Oslo - Blindern;SN18700;06.09.2024 00:00;18,4
Oslo - Blindern;SN18700;06.09.2024 01:00;17,8
Oslo - Blindern;SN18700;06.09.2024 02:00;16,2
Oslo - Blindern;SN18700;06.09.2024 03:00;15,4
Oslo - Blindern;SN18700;06.09.2024 04:00;15,4
Oslo - Blindern;SN18700;06.09.2024 05:00;15,5
Oslo - Blindern;SN18700;06.09.2024 06:00;15,1
Oslo - Blindern;SN18700;06.09.2024 07:00;16,6
Oslo - Blindern;SN18700;06.09.2024 08:00;19,4
Oslo - Blindern;SN18700;06.09.2024 09:00;21,2
Oslo - Blindern;SN18700;06.09.2024 10:00;23,1
Oslo - Blindern;SN18700;06.09.2024 11:00;24,6
Oslo - Blindern;SN18700;06.09.2024 12:00;25,9
Oslo - Blindern;SN18700;06.09.2024 13:00;26,2
Oslo - Blindern;SN18700;06.09.2024 14:00;25,6
Oslo - Blindern;SN18700;06.09.2024 15:00;26
Oslo - Blindern;SN18700;06.09.2024 16:00;26
Oslo - Blindern;SN18700;06.09.2024 17:00;24,6
Oslo - Blindern;SN18700;06.09.2024 18:00;23,5
Oslo - Blindern;SN18700;06.09.2024 19:00;21,2
Oslo - Blindern;SN18700;06.09.2024 20:00;18,9
Oslo - Blindern;SN18700;06.09.2024 21:00;17,3
Oslo - Blindern;SN18700;06.09.2024 22:00;16,4
Oslo - Blindern;SN18700;06.09.2024 23:00;15,9
Oslo - Blindern;SN18700;07.09.2024 00:00;15,7
Oslo - Blindern;SN18700;07.09.2024 01:00;14,9
Oslo - Blindern;SN18700;07.09.2024 02:00;14,4
Oslo - Blindern;SN18700;07.09.2024 03:00;14,3
Oslo - Blindern;SN18700;07.09.2024 04:00;13,8
Oslo - Blindern;SN18700;07.09.2024 05:00;14,2
Oslo - Blindern;SN18700;07.09.2024 06:00;13,5
Oslo - Blindern;SN18700;07.09.2024 07:00;16,2
Oslo - Blindern;SN18700;07.09.2024 08:00;17,9
Oslo - Blindern;SN18700;07.09.2024 09:00;19,7
Oslo - Blindern;SN18700;07.09.2024 10:00;21,6
Oslo - Blindern;SN18700;07.09.2024 11:00;23,2
Oslo - Blindern;SN18700;07.09.2024 12:00;22,8
Oslo - Blindern;SN18700;07.09.2024 13:00;23,7
Oslo - Blindern;SN18700;07.09.2024 14:00;24,2
Oslo - Blindern;SN18700;07.09.2024 15:00;24,3
Oslo - Blindern;SN18700;07.09.2024 16:00;23,8
Oslo - Blindern;SN18700;07.09.2024 17:00;22,7
Oslo - Blindern;SN18700;07.09.2024 18:00;21,1
Oslo - Blindern;SN18700;07.09.2024 19:00;19,1
Oslo - Blindern;SN18700;07.09.2024 20:00;18,4
Oslo - Blindern;SN18700;07.09.2024 21:00;17,4
Oslo - Blindern;SN18700;07.09.2024 22:00;18,9
Oslo - Blindern;SN18700;07.09.2024 23:00;19
Oslo - Blindern;SN18700;08.09.2024 00:00;18,7
Oslo - Blindern;SN18700;08.09.2024 01:00;18,2
Oslo - Blindern;SN18700;08.09.2024 02:00;18,1
Oslo - Blindern;SN18700;08.09.2024 03:00;18
Oslo - Blindern;SN18700;08.09.2024 04:00;17,6
Oslo - Blindern;SN18700;08.09.2024 05:00;17,4
Oslo - Blindern;SN18700;08.09.2024 06:00;17,5
Oslo - Blindern;SN18700;08.09.2024 07:00;17,5
Oslo - Blindern;SN18700;08.09.2024 08:00;17,9
Oslo - Blindern;SN18700;08.09.2024 09:00;18,4
Oslo - Blindern;SN18700;08.09.2024 10:00;18,3
Oslo - Blindern;SN18700;08.09.2024 11:00;17,9
Oslo - Blindern;SN18700;08.09.2024 12:00;17,8
Oslo - Blindern;SN18700;08.09.2024 13:00;17,9
Oslo - Blindern;SN18700;08.09.2024 14:00;19,1
Oslo - Blindern;SN18700;08.09.2024 15:00;20
Oslo - Blindern;SN18700;08.09.2024 16:00;20,6
Oslo - Blindern;SN18700;08.09.2024 17:00;20,9
Oslo - Blindern;SN18700;08.09.2024 18:00;20,6
Oslo - Blindern;SN18700;08.09.2024 19:00;20
Oslo - Blindern;SN18700;08.09.2024 20:00;19,8
Oslo - Blindern;SN18700;08.09.2024 21:00;19,3
Oslo - Blindern;SN18700;08.09.2024 22:00;19,7
Oslo - Blindern;SN18700;08.09.2024 23:00;20,3
Oslo - Blindern;SN18700;09.09.2024 00:00;18,5
Oslo - Blindern;SN18700;09.09.2024 01:00;18,5
Oslo - Blindern;SN18700;09.09.2024 02:00;18,1
Oslo - Blindern;SN18700;09.09.2024 03:00;18,2
Oslo - Blindern;SN18700;09.09.2024 04:00;18,5
Oslo - Blindern;SN18700;09.09.2024 05:00;17,8
Oslo - Blindern;SN18700;09.09.2024 06:00;18
Oslo - Blindern;SN18700;09.09.2024 07:00;18,4
Oslo - Blindern;SN18700;09.09.2024 08:00;18,4
Oslo - Blindern;SN18700;09.09.2024 09:00;18,4
Oslo - Blindern;SN18700;09.09.2024 10:00;17,6
Oslo - Blindern;SN18700;09.09.2024 11:00;17,1
Oslo - Blindern;SN18700;09.09.2024 12:00;17,2
Oslo - Blindern;SN18700;09.09.2024 13:00;17,4
Oslo - Blindern;SN18700;09.09.2024 14:00;17,6
Oslo - Blindern;SN18700;09.09.2024 15:00;17,3
Oslo - Blindern;SN18700;09.09.2024 16:00;17,5
Oslo - Blindern;SN18700;09.09.2024 17:00;17,1
Oslo - Blindern;SN18700;09.09.2024 18:00;16,7
Oslo - Blindern;SN18700;09.09.2024 19:00;16,4
Oslo - Blindern;SN18700;09.09.2024 20:00;16
Oslo - Blindern;SN18700;09.09.2024 21:00;15,8
Oslo - Blindern;SN18700;09.09.2024 22:00;15,7
Oslo - Blindern;SN18700;09.09.2024 23:00;15,5
Oslo - Blindern;SN18700;10.09.2024 00:00;15,4
Oslo - Blindern;SN18700;10.09.2024 01:00;15,3
Oslo - Blindern;SN18700;10.09.2024 02:00;14,9
Oslo - Blindern;SN18700;10.09.2024 03:00;14,7
Oslo - Blindern;SN18700;10.09.2024 04:00;14,6
Oslo - Blindern;SN18700;10.09.2024 05:00;14,5
Oslo - Blindern;SN18700;10.09.2024 06:00;14,4
Oslo - Blindern;SN18700;10.09.2024 07:00;13,1
Oslo - Blindern;SN18700;10.09.2024 08:00;15,2
Oslo - Blindern;SN18700;10.09.2024 09:00;15,4
Oslo - Blindern;SN18700;10.09.2024 10:00;15,9
Oslo - Blindern;SN18700;10.09.2024 11:00;16,1
Oslo - Blindern;SN18700;10.09.2024 12:00;16,3
Oslo - Blindern;SN18700;10.09.2024 13:00;17,1
Oslo - Blindern;SN18700;10.09.2024 14:00;16,9
Oslo - Blindern;SN18700;10.09.2024 15:00;15,7
Oslo - Blindern;SN18700;10.09.2024 16:00;13,6
Oslo - Blindern;SN18700;10.09.2024 17:00;13,2
Oslo - Blindern;SN18700;10.09.2024 18:00;13,1
Oslo - Blindern;SN18700;10.09.2024 19:00;13
Oslo - Blindern;SN18700;10.09.2024 20:00;12,9
Oslo - Blindern;SN18700;10.09.2024 21:00;12,5
Oslo - Blindern;SN18700;10.09.2024 22:00;11,6
Oslo - Blindern;SN18700;10.09.2024 23:00;11
Oslo - Blindern;SN18700;11.09.2024 00:00;10,1
Oslo - Blindern;SN18700;11.09.2024 01:00;9,9
Oslo - Blindern;SN18700;11.09.2024 02:00;9,5
Oslo - Blindern;SN18700;11.09.2024 03:00;9,1
Oslo - Blindern;SN18700;11.09.2024 04:00;8,6
Oslo - Blindern;SN18700;11.09.2024 05:00;9,5
Oslo - Blindern;SN18700;11.09.2024 06:00;9,6
Oslo - Blindern;SN18700;11.09.2024 07:00;10,6
Oslo - Blindern;SN18700;11.09.2024 08:00;9,9
Oslo - Blindern;SN18700;11.09.2024 09:00;12,6
Oslo - Blindern;SN18700;11.09.2024 10:00;13,4
Oslo - Blindern;SN18700;11.09.2024 11:00;13,6
Oslo - Blindern;SN18700;11.09.2024 12:00;14
Oslo - Blindern;SN18700;11.09.2024 13:00;14
Oslo - Blindern;SN18700;11.09.2024 14:00;14,1
Oslo - Blindern;SN18700;11.09.2024 15:00;14,2
Oslo - Blindern;SN18700;11.09.2024 16:00;14,9
Oslo - Blindern;SN18700;11.09.2024 17:00;13,5
Oslo - Blindern;SN18700;11.09.2024 18:00;12,7
Oslo - Blindern;SN18700;11.09.2024 19:00;11,8
Oslo - Blindern;SN18700;11.09.2024 20:00;11,3
Oslo - Blindern;SN18700;11.09.2024 21:00;11,1
Oslo - Blindern;SN18700;11.09.2024 22:00;11
Oslo - Blindern;SN18700;11.09.2024 23:00;11
Oslo - Blindern;SN18700;12.09.2024 00:00;10,6
Oslo - Blindern;SN18700;12.09.2024 01:00;10,1
Oslo - Blindern;SN18700;12.09.2024 02:00;9,2
Oslo - Blindern;SN18700;12.09.2024 03:00;9,2
Oslo - Blindern;SN18700;12.09.2024 04:00;9,5
Oslo - Blindern;SN18700;12.09.2024 05:00;8,9
Oslo - Blindern;SN18700;12.09.2024 06:00;8,7
Oslo - Blindern;SN18700;12.09.2024 07:00;8,8
Oslo - Blindern;SN18700;12.09.2024 08:00;9,9
Oslo - Blindern;SN18700;12.09.2024 09:00;12,1
Oslo - Blindern;SN18700;12.09.2024 10:00;12,8
Oslo - Blindern;SN18700;12.09.2024 11:00;14,9
Oslo - Blindern;SN18700;12.09.2024 12:00;15,3
Oslo - Blindern;SN18700;12.09.2024 13:00;16,5
Oslo - Blindern;SN18700;12.09.2024 14:00;17
Oslo - Blindern;SN18700;12.09.2024 15:00;15,7
Oslo - Blindern;SN18700;12.09.2024 16:00;16
Oslo - Blindern;SN18700;12.09.2024 17:00;14,2
Oslo - Blindern;SN18700;12.09.2024 18:00;13,9
Oslo - Blindern;SN18700;12.09.2024 19:00;12,7
Oslo - Blindern;SN18700;12.09.2024 20:00;11,3
Oslo - Blindern;SN18700;12.09.2024 21:00;11
Oslo - Blindern;SN18700;12.09.2024 22:00;10,2
Oslo - Blindern;SN18700;12.09.2024 23:00;8,8
Oslo - Blindern;SN18700;13.09.2024 00:00;8,2
Oslo - Blindern;SN18700;13.09.2024 01:00;7,9
Oslo - Blindern;SN18700;13.09.2024 02:00;7,3
Oslo - Blindern;SN18700;13.09.2024 03:00;7
Oslo - Blindern;SN18700;13.09.2024 04:00;6,9
Oslo - Blindern;SN18700;13.09.2024 05:00;6
Oslo - Blindern;SN18700;13.09.2024 06:00;5,7
Oslo - Blindern;SN18700;13.09.2024 07:00;6,1
Oslo - Blindern;SN18700;13.09.2024 08:00;10,3
Oslo - Blindern;SN18700;13.09.2024 09:00;12,3
Oslo - Blindern;SN18700;13.09.2024 10:00;12,8
Oslo - Blindern;SN18700;13.09.2024 11:00;14,3
Oslo - Blindern;SN18700;13.09.2024 12:00;15,3
Oslo - Blindern;SN18700;13.09.2024 13:00;16,9
Oslo - Blindern;SN18700;13.09.2024 14:00;16,8
Oslo - Blindern;SN18700;13.09.2024 15:00;16,7
Oslo - Blindern;SN18700;13.09.2024 16:00;15,6
Oslo - Blindern;SN18700;13.09.2024 17:00;13,8
Oslo - Blindern;SN18700;13.09.2024 18:00;12,3
Oslo - Blindern;SN18700;13.09.2024 19:00;10,3
Oslo - Blindern;SN18700;13.09.2024 20:00;7,9
Oslo - Blindern;SN18700;13.09.2024 21:00;7,4
Oslo - Blindern;SN18700;13.09.2024 22:00;6,7
Oslo - Blindern;SN18700;13.09.2024 23:00;6,3
Oslo - Blindern;SN18700;14.09.2024 00:00;5,7
Oslo - Blindern;SN18700;14.09.2024 01:00;5,1
Oslo - Blindern;SN18700;14.09.2024 02:00;4,6
Oslo - Blindern;SN18700;14.09.2024 03:00;3,9
Oslo - Blindern;SN18700;14.09.2024 04:00;3,5
Oslo - Blindern;SN18700;14.09.2024 05:00;3,1
Oslo - Blindern;SN18700;14.09.2024 06:00;3
Oslo - Blindern;SN18700;14.09.2024 07:00;4,2
Oslo - Blindern;SN18700;14.09.2024 08:00;9,4
Oslo - Blindern;SN18700;14.09.2024 09:00;11,2
Oslo - Blindern;SN18700;14.09.2024 10:00;13,1
Oslo - Blindern;SN18700;14.09.2024 11:00;14,4
Oslo - Blindern;SN18700;14.09.2024 12:00;15,3
Oslo - Blindern;SN18700;14.09.2024 13:00;15,3
Oslo - Blindern;SN18700;14.09.2024 14:00;16
Oslo - Blindern;SN18700;14.09.2024 15:00;15,4
Oslo - Blindern;SN18700;14.09.2024 16:00;15,2
Oslo - Blindern;SN18700;14.09.2024 17:00;13,6
Oslo - Blindern;SN18700;14.09.2024 18:00;12,3
Oslo - Blindern;SN18700;14.09.2024 19:00;10,2
Oslo - Blindern;SN18700;14.09.2024 20:00;8,6
Oslo - Blindern;SN18700;14.09.2024 21:00;7,7
Oslo - Blindern;SN18700;14.09.2024 22:00;7,3
Oslo - Blindern;SN18700;14.09.2024 23:00;6,6
Oslo - Blindern;SN18700;15.09.2024 00:00;6,1
Oslo - Blindern;SN18700;15.09.2024 01:00;6,2
Oslo - Blindern;SN18700;15.09.2024 02:00;6,3
Oslo - Blindern;SN18700;15.09.2024 03:00;7
Oslo - Blindern;SN18700;15.09.2024 04:00;6,9
Oslo - Blindern;SN18700;15.09.2024 05:00;6,9
Oslo - Blindern;SN18700;15.09.2024 06:00;6,7
Oslo - Blindern;SN18700;15.09.2024 07:00;7
Oslo - Blindern;SN18700;15.09.2024 08:00;10,4
Oslo - Blindern;SN18700;15.09.2024 09:00;10,8
Oslo - Blindern;SN18700;15.09.2024 10:00;12,7
Oslo - Blindern;SN18700;15.09.2024 11:00;14,1
Oslo - Blindern;SN18700;15.09.2024 12:00;16,2
Oslo - Blindern;SN18700;15.09.2024 13:00;16,2
Oslo - Blindern;SN18700;15.09.2024 14:00;15,3
Oslo - Blindern;SN18700;15.09.2024 15:00;14,7
Oslo - Blindern;SN18700;15.09.2024 16:00;14,7
Oslo - Blindern;SN18700;15.09.2024 17:00;14,3
Oslo - Blindern;SN18700;15.09.2024 18:00;14,3
Oslo - Blindern;SN18700;15.09.2024 19:00;14,1
Oslo - Blindern;SN18700;15.09.2024 20:00;13,9
Oslo - Blindern;SN18700;15.09.2024 21:00;13,7
Oslo - Blindern;SN18700;15.09.2024 22:00;13,3
Oslo - Blindern;SN18700;15.09.2024 23:00;13
Oslo - Blindern;SN18700;16.09.2024 00:00;12,7
Oslo - Blindern;SN18700;16.09.2024 01:00;12,7
Oslo - Blindern;SN18700;16.09.2024 02:00;12,6
Oslo - Blindern;SN18700;16.09.2024 03:00;12,7
Oslo - Blindern;SN18700;16.09.2024 04:00;12,5
Oslo - Blindern;SN18700;16.09.2024 05:00;12,3
Oslo - Blindern;SN18700;16.09.2024 06:00;12
Oslo - Blindern;SN18700;16.09.2024 07:00;12
Oslo - Blindern;SN18700;16.09.2024 08:00;12
Oslo - Blindern;SN18700;16.09.2024 09:00;11,8
Oslo - Blindern;SN18700;16.09.2024 10:00;11,9
Oslo - Blindern;SN18700;16.09.2024 11:00;12
Oslo - Blindern;SN18700;16.09.2024 12:00;12,1
Oslo - Blindern;SN18700;16.09.2024 13:00;13,3
Oslo - Blindern;SN18700;16.09.2024 14:00;14,4
Oslo - Blindern;SN18700;16.09.2024 15:00;15,8
Oslo - Blindern;SN18700;16.09.2024 16:00;15,6
Oslo - Blindern;SN18700;16.09.2024 17:00;14,4
Oslo - Blindern;SN18700;16.09.2024 18:00;14,7
Oslo - Blindern;SN18700;16.09.2024 19:00;13,4
Oslo - Blindern;SN18700;16.09.2024 20:00;12,7
Oslo - Blindern;SN18700;16.09.2024 21:00;12,1
Oslo - Blindern;SN18700;16.09.2024 22:00;12,2
Oslo - Blindern;SN18700;16.09.2024 23:00;12,4
Oslo - Blindern;SN18700;17.09.2024 00:00;12,3
Oslo - Blindern;SN18700;17.09.2024 01:00;12,3
Oslo - Blindern;SN18700;17.09.2024 02:00;11,9
Oslo - Blindern;SN18700;17.09.2024 03:00;11,7
Oslo - Blindern;SN18700;17.09.2024 04:00;11,5
Oslo - Blindern;SN18700;17.09.2024 05:00;11,1
Oslo - Blindern;SN18700;17.09.2024 06:00;10,9
Oslo - Blindern;SN18700;17.09.2024 07:00;11
Oslo - Blindern;SN18700;17.09.2024 08:00;12
Oslo - Blindern;SN18700;17.09.2024 09:00;12,7
Oslo - Blindern;SN18700;17.09.2024 10:00;13
Oslo - Blindern;SN18700;17.09.2024 11:00;14,2
Oslo - Blindern;SN18700;17.09.2024 12:00;15,5
Oslo - Blindern;SN18700;17.09.2024 13:00;16,2
Oslo - Blindern;SN18700;17.09.2024 14:00;17,7
Oslo - Blindern;SN18700;17.09.2024 15:00;17,5
Oslo - Blindern;SN18700;17.09.2024 16:00;17,2
Oslo - Blindern;SN18700;17.09.2024 17:00;15,7
Oslo - Blindern;SN18700;17.09.2024 18:00;14,4
Oslo - Blindern;SN18700;17.09.2024 19:00;13,4
Oslo - Blindern;SN18700;17.09.2024 20:00;11,4
Oslo - Blindern;SN18700;17.09.2024 21:00;11,9
Oslo - Blindern;SN18700;17.09.2024 22:00;12,7
Oslo - Blindern;SN18700;17.09.2024 23:00;13,3
Oslo - Blindern;SN18700;18.09.2024 00:00;13,4
Oslo - Blindern;SN18700;18.09.2024 01:00;13,1
Oslo - Blindern;SN18700;18.09.2024 02:00;12,7
Oslo - Blindern;SN18700;18.09.2024 03:00;12,3
Oslo - Blindern;SN18700;18.09.2024 04:00;12,2
Oslo - Blindern;SN18700;18.09.2024 05:00;12,1
Oslo - Blindern;SN18700;18.09.2024 06:00;11,1
Oslo - Blindern;SN18700;18.09.2024 07:00;10,4
Oslo - Blindern;SN18700;18.09.2024 08:00;12,4
Oslo - Blindern;SN18700;18.09.2024 09:00;14,3
Oslo - Blindern;SN18700;18.09.2024 10:00;15,7
Oslo - Blindern;SN18700;18.09.2024 11:00;15,8
Oslo - Blindern;SN18700;18.09.2024 12:00;17,1
Oslo - Blindern;SN18700;18.09.2024 13:00;19
Oslo - Blindern;SN18700;18.09.2024 14:00;19,5
Oslo - Blindern;SN18700;18.09.2024 15:00;19,5
Oslo - Blindern;SN18700;18.09.2024 16:00;19,8
Oslo - Blindern;SN18700;18.09.2024 17:00;18,5
Oslo - Blindern;SN18700;18.09.2024 18:00;17,4
Oslo - Blindern;SN18700;18.09.2024 19:00;15,1
Oslo - Blindern;SN18700;18.09.2024 20:00;14,1
Oslo - Blindern;SN18700;18.09.2024 21:00;12,7
Oslo - Blindern;SN18700;18.09.2024 22:00;11,7
Oslo - Blindern;SN18700;18.09.2024 23:00;11,6
Oslo - Blindern;SN18700;19.09.2024 00:00;11,2
Oslo - Blindern;SN18700;19.09.2024 01:00;10,5
Oslo - Blindern;SN18700;19.09.2024 02:00;10,2
Oslo - Blindern;SN18700;19.09.2024 03:00;9,7
Oslo - Blindern;SN18700;19.09.2024 04:00;9,5
Oslo - Blindern;SN18700;19.09.2024 05:00;8,8
Oslo - Blindern;SN18700;19.09.2024 06:00;8,4
Oslo - Blindern;SN18700;19.09.2024 07:00;8,9
Oslo - Blindern;SN18700;19.09.2024 08:00;12,3
Oslo - Blindern;SN18700;19.09.2024 09:00;15,6
Oslo - Blindern;SN18700;19.09.2024 10:00;16,8
Oslo - Blindern;SN18700;19.09.2024 11:00;18,1
Oslo - Blindern;SN18700;19.09.2024 12:00;19,8
Oslo - Blindern;SN18700;19.09.2024 13:00;20,3
Oslo - Blindern;SN18700;19.09.2024 14:00;20,8
Oslo - Blindern;SN18700;19.09.2024 15:00;21,1
Oslo - Blindern;SN18700;19.09.2024 16:00;20,4
Oslo - Blindern;SN18700;19.09.2024 17:00;18,2
Oslo - Blindern;SN18700;19.09.2024 18:00;17
Oslo - Blindern;SN18700;19.09.2024 19:00;14,8
Oslo - Blindern;SN18700;19.09.2024 20:00;13
Oslo - Blindern;SN18700;19.09.2024 21:00;12
Oslo - Blindern;SN18700;19.09.2024 22:00;11
Oslo - Blindern;SN18700;19.09.2024 23:00;10,8
Oslo - Blindern;SN18700;20.09.2024 00:00;10,8
Oslo - Blindern;SN18700;20.09.2024 01:00;10,2
Oslo - Blindern;SN18700;20.09.2024 02:00;9,6
Oslo - Blindern;SN18700;20.09.2024 03:00;9,1
Oslo - Blindern;SN18700;20.09.2024 04:00;8,8
Oslo - Blindern;SN18700;20.09.2024 05:00;8,2
Oslo - Blindern;SN18700;20.09.2024 06:00;9,5
Oslo - Blindern;SN18700;20.09.2024 07:00;10,2
Oslo - Blindern;SN18700;20.09.2024 08:00;10,3
Oslo - Blindern;SN18700;20.09.2024 09:00;10,7
Oslo - Blindern;SN18700;20.09.2024 10:00;11,3
Oslo - Blindern;SN18700;20.09.2024 11:00;11,8
Oslo - Blindern;SN18700;20.09.2024 12:00;11,8
Oslo - Blindern;SN18700;20.09.2024 13:00;12,1
Oslo - Blindern;SN18700;20.09.2024 14:00;12,7
Oslo - Blindern;SN18700;20.09.2024 15:00;12,9
Oslo - Blindern;SN18700;20.09.2024 16:00;12,9
Oslo - Blindern;SN18700;20.09.2024 17:00;13,3
Oslo - Blindern;SN18700;20.09.2024 18:00;12,7
Oslo - Blindern;SN18700;20.09.2024 19:00;12,6
Oslo - Blindern;SN18700;20.09.2024 20:00;12,1
Oslo - Blindern;SN18700;20.09.2024 21:00;12,8
Oslo - Blindern;SN18700;20.09.2024 22:00;12,7
Oslo - Blindern;SN18700;20.09.2024 23:00;12,7
Oslo - Blindern;SN18700;21.09.2024 00:00;12,6
Oslo - Blindern;SN18700;21.09.2024 01:00;12,5
Oslo - Blindern;SN18700;21.09.2024 02:00;12,5
Oslo - Blindern;SN18700;21.09.2024 03:00;12,4
Oslo - Blindern;SN18700;21.09.2024 04:00;12
Oslo - Blindern;SN18700;21.09.2024 05:00;11,8
Oslo - Blindern;SN18700;21.09.2024 06:00;11,7
Oslo - Blindern;SN18700;21.09.2024 07:00;11,2
Oslo - Blindern;SN18700;21.09.2024 08:00;11,3
Oslo - Blindern;SN18700;21.09.2024 09:00;12,1
Oslo - Blindern;SN18700;21.09.2024 10:00;13,3
Oslo - Blindern;SN18700;21.09.2024 11:00;13,9
Oslo - Blindern;SN18700;21.09.2024 12:00;14,3
Oslo - Blindern;SN18700;21.09.2024 13:00;14,6
Oslo - Blindern;SN18700;21.09.2024 14:00;14,5
Oslo - Blindern;SN18700;21.09.2024 15:00;14,3
Oslo - Blindern;SN18700;21.09.2024 16:00;14,3
Oslo - Blindern;SN18700;21.09.2024 17:00;14
Oslo - Blindern;SN18700;21.09.2024 18:00;13,9
Oslo - Blindern;SN18700;21.09.2024 19:00;13,7
Oslo - Blindern;SN18700;21.09.2024 20:00;13,5
Oslo - Blindern;SN18700;21.09.2024 21:00;13,3
Oslo - Blindern;SN18700;21.09.2024 22:00;13,5
Oslo - Blindern;SN18700;21.09.2024 23:00;13,9
Oslo - Blindern;SN18700;22.09.2024 00:00;14
Oslo - Blindern;SN18700;22.09.2024 01:00;13,9
Oslo - Blindern;SN18700;22.09.2024 02:00;13,4
Oslo - Blindern;SN18700;22.09.2024 03:00;13,1
Oslo - Blindern;SN18700;22.09.2024 04:00;12,9
Oslo - Blindern;SN18700;22.09.2024 05:00;12,6
Oslo - Blindern;SN18700;22.09.2024 06:00;12,4
Oslo - Blindern;SN18700;22.09.2024 07:00;12,2
Oslo - Blindern;SN18700;22.09.2024 08:00;12,4
Oslo - Blindern;SN18700;22.09.2024 09:00;12,3
Oslo - Blindern;SN18700;22.09.2024 10:00;12,5
Oslo - Blindern;SN18700;22.09.2024 11:00;12,8
Oslo - Blindern;SN18700;22.09.2024 12:00;13,5
Oslo - Blindern;SN18700;22.09.2024 13:00;15
Oslo - Blindern;SN18700;22.09.2024 14:00;15,9
Oslo - Blindern;SN18700;22.09.2024 15:00;15,8
Oslo - Blindern;SN18700;22.09.2024 16:00;15,4
Oslo - Blindern;SN18700;22.09.2024 17:00;14,7
Oslo - Blindern;SN18700;22.09.2024 18:00;13,8
Oslo - Blindern;SN18700;22.09.2024 19:00;12,8
Oslo - Blindern;SN18700;22.09.2024 20:00;11,6
Oslo - Blindern;SN18700;22.09.2024 21:00;11,4
Oslo - Blindern;SN18700;22.09.2024 22:00;11,9
Oslo - Blindern;SN18700;22.09.2024 23:00;11,8
Oslo - Blindern;SN18700;23.09.2024 00:00;11,9
Oslo - Blindern;SN18700;23.09.2024 01:00;11,7
Oslo - Blindern;SN18700;23.09.2024 02:00;11,4
Oslo - Blindern;SN18700;23.09.2024 03:00;11,5
Oslo - Blindern;SN18700;23.09.2024 04:00;11,5
Oslo - Blindern;SN18700;23.09.2024 05:00;11,3
Oslo - Blindern;SN18700;23.09.2024 06:00;11,2
Oslo - Blindern;SN18700;23.09.2024 07:00;11,3
Oslo - Blindern;SN18700;23.09.2024 08:00;11,5
Oslo - Blindern;SN18700;23.09.2024 09:00;12,2
Oslo - Blindern;SN18700;23.09.2024 10:00;12,8
Oslo - Blindern;SN18700;23.09.2024 11:00;13,2
Oslo - Blindern;SN18700;23.09.2024 12:00;14,3
Oslo - Blindern;SN18700;23.09.2024 13:00;15,6
Oslo - Blindern;SN18700;23.09.2024 14:00;16,6
Oslo - Blindern;SN18700;23.09.2024 15:00;16
Oslo - Blindern;SN18700;23.09.2024 16:00;15,3
Oslo - Blindern;SN18700;23.09.2024 17:00;14,9
Oslo - Blindern;SN18700;23.09.2024 18:00;14,4
Oslo - Blindern;SN18700;23.09.2024 19:00;14,1
Oslo - Blindern;SN18700;23.09.2024 20:00;13,9
Oslo - Blindern;SN18700;23.09.2024 21:00;13,4
Oslo - Blindern;SN18700;23.09.2024 22:00;13,5
Oslo - Blindern;SN18700;23.09.2024 23:00;13,5
Oslo - Blindern;SN18700;24.09.2024 00:00;13,4
Oslo - Blindern;SN18700;24.09.2024 01:00;13,4
Oslo - Blindern;SN18700;24.09.2024 02:00;13,3
Oslo - Blindern;SN18700;24.09.2024 03:00;13,2
Oslo - Blindern;SN18700;24.09.2024 04:00;13,1
Oslo - Blindern;SN18700;24.09.2024 05:00;13
Oslo - Blindern;SN18700;24.09.2024 06:00;12,9
Oslo - Blindern;SN18700;24.09.2024 07:00;12,7
Oslo - Blindern;SN18700;24.09.2024 08:00;12,7
Oslo - Blindern;SN18700;24.09.2024 09:00;12,6
Oslo - Blindern;SN18700;24.09.2024 10:00;12,8
Oslo - Blindern;SN18700;24.09.2024 11:00;13,3
Oslo - Blindern;SN18700;24.09.2024 12:00;13,3
Oslo - Blindern;SN18700;24.09.2024 13:00;14
Oslo - Blindern;SN18700;24.09.2024 14:00;14,5
Oslo - Blindern;SN18700;24.09.2024 15:00;15,6
Oslo - Blindern;SN18700;24.09.2024 16:00;15,2
Oslo - Blindern;SN18700;24.09.2024 17:00;15
Oslo - Blindern;SN18700;24.09.2024 18:00;14,7
Oslo - Blindern;SN18700;24.09.2024 19:00;14,6
Oslo - Blindern;SN18700;24.09.2024 20:00;14,4
Oslo - Blindern;SN18700;24.09.2024 21:00;14,1
Oslo - Blindern;SN18700;24.09.2024 22:00;14
Oslo - Blindern;SN18700;24.09.2024 23:00;13,8
Oslo - Blindern;SN18700;25.09.2024 00:00;13,8
Oslo - Blindern;SN18700;25.09.2024 01:00;13,4
Oslo - Blindern;SN18700;25.09.2024 02:00;13,3
Oslo - Blindern;SN18700;25.09.2024 03:00;13,2
Oslo - Blindern;SN18700;25.09.2024 04:00;13
Oslo - Blindern;SN18700;25.09.2024 05:00;12,9
Oslo - Blindern;SN18700;25.09.2024 06:00;12,8
Oslo - Blindern;SN18700;25.09.2024 07:00;12,6
Oslo - Blindern;SN18700;25.09.2024 08:00;12,9
Oslo - Blindern;SN18700;25.09.2024 09:00;13,2
Oslo - Blindern;SN18700;25.09.2024 10:00;14,2
Oslo - Blindern;SN18700;25.09.2024 11:00;14
Oslo - Blindern;SN18700;25.09.2024 12:00;13,4
Oslo - Blindern;SN18700;25.09.2024 13:00;12,6
Oslo - Blindern;SN18700;25.09.2024 14:00;14
Oslo - Blindern;SN18700;25.09.2024 15:00;14,1
Oslo - Blindern;SN18700;25.09.2024 16:00;14
Oslo - Blindern;SN18700;25.09.2024 17:00;13,7
Oslo - Blindern;SN18700;25.09.2024 18:00;12,5
Oslo - Blindern;SN18700;25.09.2024 19:00;11,9
Oslo - Blindern;SN18700;25.09.2024 20:00;10
Oslo - Blindern;SN18700;25.09.2024 21:00;8,8
Oslo - Blindern;SN18700;25.09.2024 22:00;9,1
Oslo - Blindern;SN18700;25.09.2024 23:00;8,7
Oslo - Blindern;SN18700;26.09.2024 00:00;7,9
Oslo - Blindern;SN18700;26.09.2024 01:00;7,9
Oslo - Blindern;SN18700;26.09.2024 02:00;5,9
Oslo - Blindern;SN18700;26.09.2024 03:00;5,4
Oslo - Blindern;SN18700;26.09.2024 04:00;4,8
Oslo - Blindern;SN18700;26.09.2024 05:00;4,6
Oslo - Blindern;SN18700;26.09.2024 06:00;4,8
Oslo - Blindern;SN18700;26.09.2024 07:00;4,4
Oslo - Blindern;SN18700;26.09.2024 08:00;7,7
Oslo - Blindern;SN18700;26.09.2024 09:00;9,6
Oslo - Blindern;SN18700;26.09.2024 10:00;11
Oslo - Blindern;SN18700;26.09.2024 11:00;11,1
Oslo - Blindern;SN18700;26.09.2024 12:00;11,8
Oslo - Blindern;SN18700;26.09.2024 13:00;12,7
Oslo - Blindern;SN18700;26.09.2024 14:00;12,2
Oslo - Blindern;SN18700;26.09.2024 15:00;12,8
Oslo - Blindern;SN18700;26.09.2024 16:00;12,4
Oslo - Blindern;SN18700;26.09.2024 17:00;11,6
Oslo - Blindern;SN18700;26.09.2024 18:00;10,1
Oslo - Blindern;SN18700;26.09.2024 19:00;9,4
Oslo - Blindern;SN18700;26.09.2024 20:00;8,9
Oslo - Blindern;SN18700;26.09.2024 21:00;8,4
Oslo - Blindern;SN18700;26.09.2024 22:00;8,2
Oslo - Blindern;SN18700;26.09.2024 23:00;8,1
Oslo - Blindern;SN18700;27.09.2024 00:00;7,9
Oslo - Blindern;SN18700;27.09.2024 01:00;7,8
Oslo - Blindern;SN18700;27.09.2024 02:00;7,5
Oslo - Blindern;SN18700;27.09.2024 03:00;6,8
Oslo - Blindern;SN18700;27.09.2024 04:00;6,5
Oslo - Blindern;SN18700;27.09.2024 05:00;6,4
Oslo - Blindern;SN18700;27.09.2024 06:00;6,2
Oslo - Blindern;SN18700;27.09.2024 07:00;6,3
Oslo - Blindern;SN18700;27.09.2024 08:00;6,4
Oslo - Blindern;SN18700;27.09.2024 09:00;6,9
Oslo - Blindern;SN18700;27.09.2024 10:00;8,4
Oslo - Blindern;SN18700;27.09.2024 11:00;11,8
Oslo - Blindern;SN18700;27.09.2024 12:00;11,1
Oslo - Blindern;SN18700;27.09.2024 13:00;12
Oslo - Blindern;SN18700;27.09.2024 14:00;11,8
Oslo - Blindern;SN18700;27.09.2024 15:00;11,7
Oslo - Blindern;SN18700;27.09.2024 16:00;12
Oslo - Blindern;SN18700;27.09.2024 17:00;10,9
Oslo - Blindern;SN18700;27.09.2024 18:00;9,4
Oslo - Blindern;SN18700;27.09.2024 19:00;7,7
Oslo - Blindern;SN18700;27.09.2024 20:00;6,8
Oslo - Blindern;SN18700;27.09.2024 21:00;6,4
Oslo - Blindern;SN18700;27.09.2024 22:00;6
Oslo - Blindern;SN18700;27.09.2024 23:00;6,4
Oslo - Blindern;SN18700;28.09.2024 00:00;5,9
Oslo - Blindern;SN18700;28.09.2024 01:00;4,2
Oslo - Blindern;SN18700;28.09.2024 02:00;5,1
Oslo - Blindern;SN18700;28.09.2024 03:00;5,2
Oslo - Blindern;SN18700;28.09.2024 04:00;5,5
Oslo - Blindern;SN18700;28.09.2024 05:00;5,8
Oslo - Blindern;SN18700;28.09.2024 06:00;5,2
Oslo - Blindern;SN18700;28.09.2024 07:00;4,6
Oslo - Blindern;SN18700;28.09.2024 08:00;6,4
Oslo - Blindern;SN18700;28.09.2024 09:00;7,6
Oslo - Blindern;SN18700;28.09.2024 10:00;9,1
Oslo - Blindern;SN18700;28.09.2024 11:00;9,7
Oslo - Blindern;SN18700;28.09.2024 12:00;11,3
Oslo - Blindern;SN18700;28.09.2024 13:00;11,4
Oslo - Blindern;SN18700;28.09.2024 14:00;12,6
Oslo - Blindern;SN18700;28.09.2024 15:00;12,7
Oslo - Blindern;SN18700;28.09.2024 16:00;10,5
Oslo - Blindern;SN18700;28.09.2024 17:00;10,1
Oslo - Blindern;SN18700;28.09.2024 18:00;8,4
Oslo - Blindern;SN18700;28.09.2024 19:00;5,7
Oslo - Blindern;SN18700;28.09.2024 20:00;7
Oslo - Blindern;SN18700;28.09.2024 21:00;6,6
Oslo - Blindern;SN18700;28.09.2024 22:00;6,4
Oslo - Blindern;SN18700;28.09.2024 23:00;6,6
Oslo - Blindern;SN18700;29.09.2024 00:00;4,4
Oslo - Blindern;SN18700;29.09.2024 01:00;3,1
Oslo - Blindern;SN18700;29.09.2024 02:00;2,1
Oslo - Blindern;SN18700;29.09.2024 03:00;1,6
Oslo - Blindern;SN18700;29.09.2024 04:00;0,7
Oslo - Blindern;SN18700;29.09.2024 05:00;0,7
Oslo - Blindern;SN18700;29.09.2024 06:00;0,3
Oslo - Blindern;SN18700;29.09.2024 07:00;0,6
Oslo - Blindern;SN18700;29.09.2024 08:00;5,5
Oslo - Blindern;SN18700;29.09.2024 09:00;8,1
Oslo - Blindern;SN18700;29.09.2024 10:00;8,4
Oslo - Blindern;SN18700;29.09.2024 11:00;10,5
Oslo - Blindern;SN18700;29.09.2024 12:00;11,6
Oslo - Blindern;SN18700;29.09.2024 13:00;12,4
Oslo - Blindern;SN18700;29.09.2024 14:00;12,5
Oslo - Blindern;SN18700;29.09.2024 15:00;12,2
Oslo - Blindern;SN18700;29.09.2024 16:00;9,2
Oslo - Blindern;SN18700;29.09.2024 17:00;8,6
Oslo - Blindern;SN18700;29.09.2024 18:00;7,6
Oslo - Blindern;SN18700;29.09.2024 19:00;5,7
Oslo - Blindern;SN18700;29.09.2024 20:00;4,3
Oslo - Blindern;SN18700;29.09.2024 21:00;4
Oslo - Blindern;SN18700;29.09.2024 22:00;3,7
Oslo - Blindern;SN18700;29.09.2024 23:00;4,4
Oslo - Blindern;SN18700;30.09.2024 00:00;4,4
Oslo - Blindern;SN18700;30.09.2024 01:00;3,8
Oslo - Blindern;SN18700;30.09.2024 02:00;3,9
Oslo - Blindern;SN18700;30.09.2024 03:00;4,8
Oslo - Blindern;SN18700;30.09.2024 04:00;5,1
Oslo - Blindern;SN18700;30.09.2024 05:00;5,7
Oslo - Blindern;SN18700;30.09.2024 06:00;5,9
Oslo - Blindern;SN18700;30.09.2024 07:00;6,3
Oslo - Blindern;SN18700;30.09.2024 08:00;6,5
Oslo - Blindern;SN18700;30.09.2024 09:00;6,9
Oslo - Blindern;SN18700;30.09.2024 10:00;7,7
Oslo - Blindern;SN18700;30.09.2024 11:00;8,4
Oslo - Blindern;SN18700;30.09.2024 12:00;9,2
Oslo - Blindern;SN18700;30.09.2024 13:00;10,1
Oslo - Blindern;SN18700;30.09.2024 14:00;11,1
Oslo - Blindern;SN18700;30.09.2024 15:00;12,1
Oslo - Blindern;SN18700;30.09.2024 16:00;11,5
Oslo - Blindern;SN18700;30.09.2024 17:00;11
Oslo - Blindern;SN18700;30.09.2024 18:00;10,7
Oslo - Blindern;SN18700;30.09.2024 19:00;10,3
Oslo - Blindern;SN18700;30.09.2024 20:00;10
Oslo - Blindern;SN18700;30.09.2024 21:00;9,9
Oslo - Blindern;SN18700;30.09.2024 22:00;9,5
Oslo - Blindern;SN18700;30.09.2024 23:00;9,6
Oslo - Blindern;SN18700;01.10.2024 00:00;9,6
Oslo - Blindern;SN18700;01.10.2024 01:00;9,1
Oslo - Blindern;SN18700;01.10.2024 02:00;8,3
Oslo - Blindern;SN18700;01.10.2024 03:00;7,4
Oslo - Blindern;SN18700;01.10.2024 04:00;7,3
Oslo - Blindern;SN18700;01.10.2024 05:00;6,9
Oslo - Blindern;SN18700;01.10.2024 06:00;6,6
Oslo - Blindern;SN18700;01.10.2024 07:00;7,2
Oslo - Blindern;SN18700;01.10.2024 08:00;9
Oslo - Blindern;SN18700;01.10.2024 09:00;9,5
Oslo - Blindern;SN18700;01.10.2024 10:00;10,4
Oslo - Blindern;SN18700;01.10.2024 11:00;11,6
Oslo - Blindern;SN18700;01.10.2024 12:00;12,6
Oslo - Blindern;SN18700;01.10.2024 13:00;13
Oslo - Blindern;SN18700;01.10.2024 14:00;12,9
Oslo - Blindern;SN18700;01.10.2024 15:00;12,5
Oslo - Blindern;SN18700;01.10.2024 16:00;12,1
Oslo - Blindern;SN18700;01.10.2024 17:00;11,1
Oslo - Blindern;SN18700;01.10.2024 18:00;9,2
Oslo - Blindern;SN18700;01.10.2024 19:00;8,2
Oslo - Blindern;SN18700;01.10.2024 20:00;7,5
Oslo - Blindern;SN18700;01.10.2024 21:00;7,1
Oslo - Blindern;SN18700;01.10.2024 22:00;7,5
Oslo - Blindern;SN18700;01.10.2024 23:00;5,6
Oslo - Blindern;SN18700;02.10.2024 00:00;5
Oslo - Blindern;SN18700;02.10.2024 01:00;4,5
Oslo - Blindern;SN18700;02.10.2024 02:00;4,7
Oslo - Blindern;SN18700;02.10.2024 03:00;5,3
Oslo - Blindern;SN18700;02.10.2024 04:00;5,3
Oslo - Blindern;SN18700;02.10.2024 05:00;5,2
Oslo - Blindern;SN18700;02.10.2024 06:00;4,8
Oslo - Blindern;SN18700;02.10.2024 07:00;4
Oslo - Blindern;SN18700;02.10.2024 08:00;7,7
Oslo - Blindern;SN18700;02.10.2024 09:00;9,6
Oslo - Blindern;SN18700;02.10.2024 10:00;10,6
Oslo - Blindern;SN18700;02.10.2024 11:00;13,1
Oslo - Blindern;SN18700;02.10.2024 12:00;13,8
Oslo - Blindern;SN18700;02.10.2024 13:00;14,5
Oslo - Blindern;SN18700;02.10.2024 14:00;15,2
Oslo - Blindern;SN18700;02.10.2024 15:00;14,8
Oslo - Blindern;SN18700;02.10.2024 16:00;13,7
Oslo - Blindern;SN18700;02.10.2024 17:00;12,1
Oslo - Blindern;SN18700;02.10.2024 18:00;9,4
Oslo - Blindern;SN18700;02.10.2024 19:00;8,6
Oslo - Blindern;SN18700;02.10.2024 20:00;7,8
Oslo - Blindern;SN18700;02.10.2024 21:00;7
Oslo - Blindern;SN18700;02.10.2024 22:00;6,7
Oslo - Blindern;SN18700;02.10.2024 23:00;5,5
Oslo - Blindern;SN18700;03.10.2024 00:00;4,6
Oslo - Blindern;SN18700;03.10.2024 01:00;4,6
Oslo - Blindern;SN18700;03.10.2024 02:00;4,4
Oslo - Blindern;SN18700;03.10.2024 03:00;5,1
Oslo - Blindern;SN18700;03.10.2024 04:00;5,6
Oslo - Blindern;SN18700;03.10.2024 05:00;5,1
Oslo - Blindern;SN18700;03.10.2024 06:00;3,9
Oslo - Blindern;SN18700;03.10.2024 07:00;4
Oslo - Blindern;SN18700;03.10.2024 08:00;7
Oslo - Blindern;SN18700;03.10.2024 09:00;10,4
Oslo - Blindern;SN18700;03.10.2024 10:00;11,3
Oslo - Blindern;SN18700;03.10.2024 11:00;13,1
Oslo - Blindern;SN18700;03.10.2024 12:00;13,6
Oslo - Blindern;SN18700;03.10.2024 13:00;14,8
Oslo - Blindern;SN18700;03.10.2024 14:00;15,1
Oslo - Blindern;SN18700;03.10.2024 15:00;14,5
Oslo - Blindern;SN18700;03.10.2024 16:00;13,2
Oslo - Blindern;SN18700;03.10.2024 17:00;11,5
Oslo - Blindern;SN18700;03.10.2024 18:00;9,2
Oslo - Blindern;SN18700;03.10.2024 19:00;7,9
Oslo - Blindern;SN18700;03.10.2024 20:00;7,2
Oslo - Blindern;SN18700;03.10.2024 21:00;6,9
Oslo - Blindern;SN18700;03.10.2024 22:00;6,5
Oslo - Blindern;SN18700;03.10.2024 23:00;6
Oslo - Blindern;SN18700;04.10.2024 00:00;4,9
Oslo - Blindern;SN18700;04.10.2024 01:00;4,6
Oslo - Blindern;SN18700;04.10.2024 02:00;4,1
Oslo - Blindern;SN18700;04.10.2024 03:00;3,6
Oslo - Blindern;SN18700;04.10.2024 04:00;3,2
Oslo - Blindern;SN18700;04.10.2024 05:00;2,9
Oslo - Blindern;SN18700;04.10.2024 06:00;3
Oslo - Blindern;SN18700;04.10.2024 07:00;2,5
Oslo - Blindern;SN18700;04.10.2024 08:00;6
Oslo - Blindern;SN18700;04.10.2024 09:00;6,9
Oslo - Blindern;SN18700;04.10.2024 10:00;8,6
Oslo - Blindern;SN18700;04.10.2024 11:00;9,2
Oslo - Blindern;SN18700;04.10.2024 12:00;10,9
Oslo - Blindern;SN18700;04.10.2024 13:00;12,3
Oslo - Blindern;SN18700;04.10.2024 14:00;11,7
Oslo - Blindern;SN18700;04.10.2024 15:00;12,2
Oslo - Blindern;SN18700;04.10.2024 16:00;11,3
Oslo - Blindern;SN18700;04.10.2024 17:00;9,6
Oslo - Blindern;SN18700;04.10.2024 18:00;7,9
Oslo - Blindern;SN18700;04.10.2024 19:00;6,9
Oslo - Blindern;SN18700;04.10.2024 20:00;7,1
Oslo - Blindern;SN18700;04.10.2024 21:00;7,2
Oslo - Blindern;SN18700;04.10.2024 22:00;7
Oslo - Blindern;SN18700;04.10.2024 23:00;7,9
Oslo - Blindern;SN18700;05.10.2024 00:00;7,9
Oslo - Blindern;SN18700;05.10.2024 01:00;8,1
Oslo - Blindern;SN18700;05.10.2024 02:00;8,4
Oslo - Blindern;SN18700;05.10.2024 03:00;8,4
Oslo - Blindern;SN18700;05.10.2024 04:00;8,2
Oslo - Blindern;SN18700;05.10.2024 05:00;8,2
Oslo - Blindern;SN18700;05.10.2024 06:00;8,2
Oslo - Blindern;SN18700;05.10.2024 07:00;8,3
Oslo - Blindern;SN18700;05.10.2024 08:00;8,5
Oslo - Blindern;SN18700;05.10.2024 09:00;9,2
Oslo - Blindern;SN18700;05.10.2024 10:00;10
Oslo - Blindern;SN18700;05.10.2024 11:00;10,5
Oslo - Blindern;SN18700;05.10.2024 12:00;10,3
Oslo - Blindern;SN18700;05.10.2024 13:00;10,3
Oslo - Blindern;SN18700;05.10.2024 14:00;10,6
Oslo - Blindern;SN18700;05.10.2024 15:00;10,6
Oslo - Blindern;SN18700;05.10.2024 16:00;10,5
Oslo - Blindern;SN18700;05.10.2024 17:00;9,7
Oslo - Blindern;SN18700;05.10.2024 18:00;9,7
Oslo - Blindern;SN18700;05.10.2024 19:00;9,2
Oslo - Blindern;SN18700;05.10.2024 20:00;8,3
Oslo - Blindern;SN18700;05.10.2024 21:00;7,9
Oslo - Blindern;SN18700;05.10.2024 22:00;8,3
Oslo - Blindern;SN18700;05.10.2024 23:00;8,4
Oslo - Blindern;SN18700;06.10.2024 00:00;9
Oslo - Blindern;SN18700;06.10.2024 01:00;8,6
Oslo - Blindern;SN18700;06.10.2024 02:00;8,1
Oslo - Blindern;SN18700;06.10.2024 03:00;7,7
Oslo - Blindern;SN18700;06.10.2024 04:00;7,3
Oslo - Blindern;SN18700;06.10.2024 05:00;7,4
Oslo - Blindern;SN18700;06.10.2024 06:00;7
Oslo - Blindern;SN18700;06.10.2024 07:00;7
Oslo - Blindern;SN18700;06.10.2024 08:00;8,3
Oslo - Blindern;SN18700;06.10.2024 09:00;9,8
Oslo - Blindern;SN18700;06.10.2024 10:00;12,4
Oslo - Blindern;SN18700;06.10.2024 11:00;13,6
Oslo - Blindern;SN18700;06.10.2024 12:00;13,6
Oslo - Blindern;SN18700;06.10.2024 13:00;14,4
Oslo - Blindern;SN18700;06.10.2024 14:00;14,7
Oslo - Blindern;SN18700;06.10.2024 15:00;13,9
Oslo - Blindern;SN18700;06.10.2024 16:00;13,1
Oslo - Blindern;SN18700;06.10.2024 17:00;12,1
Oslo - Blindern;SN18700;06.10.2024 18:00;11,3
Oslo - Blindern;SN18700;06.10.2024 19:00;11,4
Oslo - Blindern;SN18700;06.10.2024 20:00;10,5
Oslo - Blindern;SN18700;06.10.2024 21:00;10
Oslo - Blindern;SN18700;06.10.2024 22:00;10,1
Oslo - Blindern;SN18700;06.10.2024 23:00;9,1
Oslo - Blindern;SN18700;07.10.2024 00:00;8,8
Oslo - Blindern;SN18700;07.10.2024 01:00;8
Oslo - Blindern;SN18700;07.10.2024 02:00;7,3
Oslo - Blindern;SN18700;07.10.2024 03:00;6,7
Oslo - Blindern;SN18700;07.10.2024 04:00;6,7
Oslo - Blindern;SN18700;07.10.2024 05:00;6,9
Oslo - Blindern;SN18700;07.10.2024 06:00;7,2
Oslo - Blindern;SN18700;07.10.2024 07:00;7,8
Oslo - Blindern;SN18700;07.10.2024 08:00;8,3
Oslo - Blindern;SN18700;07.10.2024 09:00;9,5
Oslo - Blindern;SN18700;07.10.2024 10:00;10,2
Oslo - Blindern;SN18700;07.10.2024 11:00;10,7
Oslo - Blindern;SN18700;07.10.2024 12:00;10,2
Oslo - Blindern;SN18700;07.10.2024 13:00;9,9
Oslo - Blindern;SN18700;07.10.2024 14:00;9,9
Oslo - Blindern;SN18700;07.10.2024 15:00;10,1
Oslo - Blindern;SN18700;07.10.2024 16:00;10
Oslo - Blindern;SN18700;07.10.2024 17:00;10,1
Oslo - Blindern;SN18700;07.10.2024 18:00;10,2
Oslo - Blindern;SN18700;07.10.2024 19:00;9,3
Oslo - Blindern;SN18700;07.10.2024 20:00;9,3
Oslo - Blindern;SN18700;07.10.2024 21:00;9,4
Oslo - Blindern;SN18700;07.10.2024 22:00;9,2
Oslo - Blindern;SN18700;07.10.2024 23:00;9,3
Oslo - Blindern;SN18700;08.10.2024 00:00;9,2
Oslo - Blindern;SN18700;08.10.2024 01:00;9,1
Oslo - Blindern;SN18700;08.10.2024 02:00;9,1
Oslo - Blindern;SN18700;08.10.2024 03:00;9,1
Oslo - Blindern;SN18700;08.10.2024 04:00;9,1
Oslo - Blindern;SN18700;08.10.2024 05:00;9,2
Oslo - Blindern;SN18700;08.10.2024 06:00;9,3
Oslo - Blindern;SN18700;08.10.2024 07:00;9,4
Oslo - Blindern;SN18700;08.10.2024 08:00;9,7
Oslo - Blindern;SN18700;08.10.2024 09:00;9,8
Oslo - Blindern;SN18700;08.10.2024 10:00;10,2
Oslo - Blindern;SN18700;08.10.2024 11:00;10,6
Oslo - Blindern;SN18700;08.10.2024 12:00;11,4
Oslo - Blindern;SN18700;08.10.2024 13:00;12
Oslo - Blindern;SN18700;08.10.2024 14:00;11,6
Oslo - Blindern;SN18700;08.10.2024 15:00;11,6
Oslo - Blindern;SN18700;08.10.2024 16:00;11,8
Oslo - Blindern;SN18700;08.10.2024 17:00;11,6
Oslo - Blindern;SN18700;08.10.2024 18:00;11,5
Oslo - Blindern;SN18700;08.10.2024 19:00;11,3
Oslo - Blindern;SN18700;08.10.2024 20:00;11,2
Oslo - Blindern;SN18700;08.10.2024 21:00;11,4
Oslo - Blindern;SN18700;08.10.2024 22:00;11,3
Oslo - Blindern;SN18700;08.10.2024 23:00;11,2
Oslo - Blindern;SN18700;09.10.2024 00:00;10,9
Oslo - Blindern;SN18700;09.10.2024 01:00;10,9
Oslo - Blindern;SN18700;09.10.2024 02:00;11,1
Oslo - Blindern;SN18700;09.10.2024 03:00;11,1
Oslo - Blindern;SN18700;09.10.2024 04:00;11
Oslo - Blindern;SN18700;09.10.2024 05:00;10,9
Oslo - Blindern;SN18700;09.10.2024 06:00;10,9
Oslo - Blindern;SN18700;09.10.2024 07:00;11
Oslo - Blindern;SN18700;09.10.2024 08:00;11
Oslo - Blindern;SN18700;09.10.2024 09:00;11,6
Oslo - Blindern;SN18700;09.10.2024 10:00;12
Oslo - Blindern;SN18700;09.10.2024 11:00;12,4
Oslo - Blindern;SN18700;09.10.2024 12:00;13
Oslo - Blindern;SN18700;09.10.2024 13:00;12,6
Oslo - Blindern;SN18700;09.10.2024 14:00;12,6
Oslo - Blindern;SN18700;09.10.2024 15:00;12,8
Oslo - Blindern;SN18700;09.10.2024 16:00;12,7
Oslo - Blindern;SN18700;09.10.2024 17:00;12,3
Oslo - Blindern;SN18700;09.10.2024 18:00;12,1
Oslo - Blindern;SN18700;09.10.2024 19:00;11,9
Oslo - Blindern;SN18700;09.10.2024 20:00;11,8
Oslo - Blindern;SN18700;09.10.2024 21:00;11,3
Oslo - Blindern;SN18700;09.10.2024 22:00;11,3
Oslo - Blindern;SN18700;09.10.2024 23:00;11,2
Oslo - Blindern;SN18700;10.10.2024 00:00;11,4
Oslo - Blindern;SN18700;10.10.2024 01:00;11,4
Oslo - Blindern;SN18700;10.10.2024 02:00;11,4
Oslo - Blindern;SN18700;10.10.2024 03:00;11,5
Oslo - Blindern;SN18700;10.10.2024 04:00;11,5
Oslo - Blindern;SN18700;10.10.2024 05:00;11,5
Oslo - Blindern;SN18700;10.10.2024 06:00;11,8
Oslo - Blindern;SN18700;10.10.2024 07:00;11,8
Oslo - Blindern;SN18700;10.10.2024 08:00;11,8
Oslo - Blindern;SN18700;10.10.2024 09:00;11,9
Oslo - Blindern;SN18700;10.10.2024 10:00;11,9
Oslo - Blindern;SN18700;10.10.2024 11:00;12,6
Oslo - Blindern;SN18700;10.10.2024 12:00;12,7
Oslo - Blindern;SN18700;10.10.2024 13:00;12,7
Oslo - Blindern;SN18700;10.10.2024 14:00;8,6
Oslo - Blindern;SN18700;10.10.2024 15:00;7,7
Oslo - Blindern;SN18700;10.10.2024 16:00;6,9
Oslo - Blindern;SN18700;10.10.2024 17:00;6,1
Oslo - Blindern;SN18700;10.10.2024 18:00;5,5
Oslo - Blindern;SN18700;10.10.2024 19:00;4,9
Oslo - Blindern;SN18700;10.10.2024 20:00;4,6
Oslo - Blindern;SN18700;10.10.2024 21:00;4,6
Oslo - Blindern;SN18700;10.10.2024 22:00;4,2
Oslo - Blindern;SN18700;10.10.2024 23:00;3,6
Oslo - Blindern;SN18700;11.10.2024 00:00;4,2
Oslo - Blindern;SN18700;11.10.2024 01:00;4,4
Oslo - Blindern;SN18700;11.10.2024 02:00;4,5
Oslo - Blindern;SN18700;11.10.2024 03:00;4
Oslo - Blindern;SN18700;11.10.2024 04:00;3,4
Oslo - Blindern;SN18700;11.10.2024 05:00;2,7
Oslo - Blindern;SN18700;11.10.2024 06:00;1,9
Oslo - Blindern;SN18700;11.10.2024 07:00;1,7
Oslo - Blindern;SN18700;11.10.2024 08:00;3
Oslo - Blindern;SN18700;11.10.2024 09:00;5,1
Oslo - Blindern;SN18700;11.10.2024 10:00;7
Oslo - Blindern;SN18700;11.10.2024 11:00;8,3
Oslo - Blindern;SN18700;11.10.2024 12:00;9,1
Oslo - Blindern;SN18700;11.10.2024 13:00;9,1
Oslo - Blindern;SN18700;11.10.2024 14:00;9,1
Oslo - Blindern;SN18700;11.10.2024 15:00;7,8
Oslo - Blindern;SN18700;11.10.2024 16:00;8
Oslo - Blindern;SN18700;11.10.2024 17:00;6,1
Oslo - Blindern;SN18700;11.10.2024 18:00;5,7
Oslo - Blindern;SN18700;11.10.2024 19:00;4,9
Oslo - Blindern;SN18700;11.10.2024 20:00;5,1
Oslo - Blindern;SN18700;11.10.2024 21:00;5,7
Oslo - Blindern;SN18700;11.10.2024 22:00;4,7
Oslo - Blindern;SN18700;11.10.2024 23:00;4,1
Oslo - Blindern;SN18700;12.10.2024 00:00;1,9
Oslo - Blindern;SN18700;12.10.2024 01:00;1,7
Oslo - Blindern;SN18700;12.10.2024 02:00;0,7
Oslo - Blindern;SN18700;12.10.2024 03:00;0,2
Oslo - Blindern;SN18700;12.10.2024 04:00;0
Oslo - Blindern;SN18700;12.10.2024 05:00;-0,3
Oslo - Blindern;SN18700;12.10.2024 06:00;-0,3
Oslo - Blindern;SN18700;12.10.2024 07:00;-0,2
Oslo - Blindern;SN18700;12.10.2024 08:00;0,7
Oslo - Blindern;SN18700;12.10.2024 09:00;1,9
Oslo - Blindern;SN18700;12.10.2024 10:00;3,8
Oslo - Blindern;SN18700;12.10.2024 11:00;4,8
Oslo - Blindern;SN18700;12.10.2024 12:00;4,9
Oslo - Blindern;SN18700;12.10.2024 13:00;4,7
Oslo - Blindern;SN18700;12.10.2024 14:00;4,8
Oslo - Blindern;SN18700;12.10.2024 15:00;5,2
Oslo - Blindern;SN18700;12.10.2024 16:00;5,5
Oslo - Blindern;SN18700;12.10.2024 17:00;6,3
Oslo - Blindern;SN18700;12.10.2024 18:00;6,5
Oslo - Blindern;SN18700;12.10.2024 19:00;6,8
Oslo - Blindern;SN18700;12.10.2024 20:00;7,2
Oslo - Blindern;SN18700;12.10.2024 21:00;7,9
Oslo - Blindern;SN18700;12.10.2024 22:00;7,5
Oslo - Blindern;SN18700;12.10.2024 23:00;7,5
Oslo - Blindern;SN18700;13.10.2024 00:00;7,5
Oslo - Blindern;SN18700;13.10.2024 01:00;7,7
Oslo - Blindern;SN18700;13.10.2024 02:00;7,4
Oslo - Blindern;SN18700;13.10.2024 03:00;7,5
Oslo - Blindern;SN18700;13.10.2024 04:00;7,2
Oslo - Blindern;SN18700;13.10.2024 05:00;7,4
Oslo - Blindern;SN18700;13.10.2024 06:00;7,2
Oslo - Blindern;SN18700;13.10.2024 07:00;7,1
Oslo - Blindern;SN18700;13.10.2024 08:00;7,8
Oslo - Blindern;SN18700;13.10.2024 09:00;8,3
Oslo - Blindern;SN18700;13.10.2024 10:00;8,1
Oslo - Blindern;SN18700;13.10.2024 11:00;7,9
Oslo - Blindern;SN18700;13.10.2024 12:00;8,8
Oslo - Blindern;SN18700;13.10.2024 13:00;9
Oslo - Blindern;SN18700;13.10.2024 14:00;9,1
Oslo - Blindern;SN18700;13.10.2024 15:00;9,6
Oslo - Blindern;SN18700;13.10.2024 16:00;8,8
Oslo - Blindern;SN18700;13.10.2024 17:00;8
Oslo - Blindern;SN18700;13.10.2024 18:00;7,1
Oslo - Blindern;SN18700;13.10.2024 19:00;7
Oslo - Blindern;SN18700;13.10.2024 20:00;5,8
Oslo - Blindern;SN18700;13.10.2024 21:00;5,3
Oslo - Blindern;SN18700;13.10.2024 22:00;5,1
Oslo - Blindern;SN18700;13.10.2024 23:00;4,2
Oslo - Blindern;SN18700;14.10.2024 00:00;3,7
Oslo - Blindern;SN18700;14.10.2024 01:00;3,3
Oslo - Blindern;SN18700;14.10.2024 02:00;3
Oslo - Blindern;SN18700;14.10.2024 03:00;3
Oslo - Blindern;SN18700;14.10.2024 04:00;3,7
Oslo - Blindern;SN18700;14.10.2024 05:00;4
Oslo - Blindern;SN18700;14.10.2024 06:00;3,9
Oslo - Blindern;SN18700;14.10.2024 07:00;3,9
Oslo - Blindern;SN18700;14.10.2024 08:00;4,4
Oslo - Blindern;SN18700;14.10.2024 09:00;5,5
Oslo - Blindern;SN18700;14.10.2024 10:00;6,3
Oslo - Blindern;SN18700;14.10.2024 11:00;6,8
Oslo - Blindern;SN18700;14.10.2024 12:00;7,3
Oslo - Blindern;SN18700;14.10.2024 13:00;7,4
Oslo - Blindern;SN18700;14.10.2024 14:00;8,1
Oslo - Blindern;SN18700;14.10.2024 15:00;8,1
Oslo - Blindern;SN18700;14.10.2024 16:00;7,3
Oslo - Blindern;SN18700;14.10.2024 17:00;6,1
Oslo - Blindern;SN18700;14.10.2024 18:00;4,1
Oslo - Blindern;SN18700;14.10.2024 19:00;4,3
Oslo - Blindern;SN18700;14.10.2024 20:00;4,5
Oslo - Blindern;SN18700;14.10.2024 21:00;4,7
Oslo - Blindern;SN18700;14.10.2024 22:00;4,1
Oslo - Blindern;SN18700;14.10.2024 23:00;2,7
Oslo - Blindern;SN18700;15.10.2024 00:00;1,1
Oslo - Blindern;SN18700;15.10.2024 01:00;-0,1
Oslo - Blindern;SN18700;15.10.2024 02:00;0,1
Oslo - Blindern;SN18700;15.10.2024 03:00;0,5
Oslo - Blindern;SN18700;15.10.2024 04:00;-0,1
Oslo - Blindern;SN18700;15.10.2024 05:00;-0,8
Oslo - Blindern;SN18700;15.10.2024 06:00;-0,5
Oslo - Blindern;SN18700;15.10.2024 07:00;-0,5
Oslo - Blindern;SN18700;15.10.2024 08:00;0,4
Oslo - Blindern;SN18700;15.10.2024 09:00;3
Oslo - Blindern;SN18700;15.10.2024 10:00;4
Oslo - Blindern;SN18700;15.10.2024 11:00;6,7
Oslo - Blindern;SN18700;15.10.2024 12:00;6,9
Oslo - Blindern;SN18700;15.10.2024 13:00;8
Oslo - Blindern;SN18700;15.10.2024 14:00;8
Oslo - Blindern;SN18700;15.10.2024 15:00;8,3
Oslo - Blindern;SN18700;15.10.2024 16:00;7,1
Oslo - Blindern;SN18700;15.10.2024 17:00;6,1
Oslo - Blindern;SN18700;15.10.2024 18:00;4,4
Oslo - Blindern;SN18700;15.10.2024 19:00;3,6
Oslo - Blindern;SN18700;15.10.2024 20:00;3,2
Oslo - Blindern;SN18700;15.10.2024 21:00;2,4
Oslo - Blindern;SN18700;15.10.2024 22:00;2,1
Oslo - Blindern;SN18700;15.10.2024 23:00;2,2
Oslo - Blindern;SN18700;16.10.2024 00:00;1,7
Oslo - Blindern;SN18700;16.10.2024 01:00;2,4
Oslo - Blindern;SN18700;16.10.2024 02:00;3,6
Oslo - Blindern;SN18700;16.10.2024 03:00;4,2
Oslo - Blindern;SN18700;16.10.2024 04:00;4,6
Oslo - Blindern;SN18700;16.10.2024 05:00;4,6
Oslo - Blindern;SN18700;16.10.2024 06:00;4,8
Oslo - Blindern;SN18700;16.10.2024 07:00;5,1
Oslo - Blindern;SN18700;16.10.2024 08:00;5,6
Oslo - Blindern;SN18700;16.10.2024 09:00;5,8
Oslo - Blindern;SN18700;16.10.2024 10:00;6
Oslo - Blindern;SN18700;16.10.2024 11:00;6,3
Oslo - Blindern;SN18700;16.10.2024 12:00;7,2
Oslo - Blindern;SN18700;16.10.2024 13:00;8,7
Oslo - Blindern;SN18700;16.10.2024 14:00;9,1
Oslo - Blindern;SN18700;16.10.2024 15:00;8,9
Oslo - Blindern;SN18700;16.10.2024 16:00;8,6
Oslo - Blindern;SN18700;16.10.2024 17:00;8,3
Oslo - Blindern;SN18700;16.10.2024 18:00;8
Oslo - Blindern;SN18700;16.10.2024 19:00;8,3
Oslo - Blindern;SN18700;16.10.2024 20:00;8,5
Oslo - Blindern;SN18700;16.10.2024 21:00;8,2
Oslo - Blindern;SN18700;16.10.2024 22:00;7,7
Oslo - Blindern;SN18700;16.10.2024 23:00;8,1
Oslo - Blindern;SN18700;17.10.2024 00:00;7,8
Oslo - Blindern;SN18700;17.10.2024 01:00;7,5
Oslo - Blindern;SN18700;17.10.2024 02:00;7,5
Oslo - Blindern;SN18700;17.10.2024 03:00;7,5
Oslo - Blindern;SN18700;17.10.2024 04:00;7,3
Oslo - Blindern;SN18700;17.10.2024 05:00;7,2
Oslo - Blindern;SN18700;17.10.2024 06:00;7,3
Oslo - Blindern;SN18700;17.10.2024 07:00;7,6
Oslo - Blindern;SN18700;17.10.2024 08:00;7,9
Oslo - Blindern;SN18700;17.10.2024 09:00;8
Oslo - Blindern;SN18700;17.10.2024 10:00;8,4
Oslo - Blindern;SN18700;17.10.2024 11:00;8,4
Oslo - Blindern;SN18700;17.10.2024 12:00;8,4
Oslo - Blindern;SN18700;17.10.2024 13:00;8,6
Oslo - Blindern;SN18700;17.10.2024 14:00;8,6
Oslo - Blindern;SN18700;17.10.2024 15:00;8,5
Oslo - Blindern;SN18700;17.10.2024 16:00;8,6
Oslo - Blindern;SN18700;17.10.2024 17:00;8,5
Oslo - Blindern;SN18700;17.10.2024 18:00;8,6
Oslo - Blindern;SN18700;17.10.2024 19:00;8,7
Oslo - Blindern;SN18700;17.10.2024 20:00;8,9
Oslo - Blindern;SN18700;17.10.2024 21:00;9
Oslo - Blindern;SN18700;17.10.2024 22:00;9
Oslo - Blindern;SN18700;17.10.2024 23:00;8,9
Oslo - Blindern;SN18700;18.10.2024 00:00;9,1
Oslo - Blindern;SN18700;18.10.2024 01:00;9,1
Oslo - Blindern;SN18700;18.10.2024 02:00;9,1
Oslo - Blindern;SN18700;18.10.2024 03:00;9,2
Oslo - Blindern;SN18700;18.10.2024 04:00;9,3
Oslo - Blindern;SN18700;18.10.2024 05:00;9,3
Oslo - Blindern;SN18700;18.10.2024 06:00;9,2
Oslo - Blindern;SN18700;18.10.2024 07:00;9,2
Oslo - Blindern;SN18700;18.10.2024 08:00;9,3
Oslo - Blindern;SN18700;18.10.2024 09:00;9,4
Oslo - Blindern;SN18700;18.10.2024 10:00;9,6
Oslo - Blindern;SN18700;18.10.2024 11:00;9,8
Oslo - Blindern;SN18700;18.10.2024 12:00;9,8
Oslo - Blindern;SN18700;18.10.2024 13:00;10,4
Oslo - Blindern;SN18700;18.10.2024 14:00;10,7
Oslo - Blindern;SN18700;18.10.2024 15:00;10,5
Oslo - Blindern;SN18700;18.10.2024 16:00;10,5
Oslo - Blindern;SN18700;18.10.2024 17:00;10,4
Oslo - Blindern;SN18700;18.10.2024 18:00;10,3
Oslo - Blindern;SN18700;18.10.2024 19:00;10,3
Oslo - Blindern;SN18700;18.10.2024 20:00;10,3
Oslo - Blindern;SN18700;18.10.2024 21:00;10,3
Oslo - Blindern;SN18700;18.10.2024 22:00;10,3
Oslo - Blindern;SN18700;18.10.2024 23:00;10,5
Oslo - Blindern;SN18700;19.10.2024 00:00;10,6
Oslo - Blindern;SN18700;19.10.2024 01:00;10,5
Oslo - Blindern;SN18700;19.10.2024 02:00;10,4
Oslo - Blindern;SN18700;19.10.2024 03:00;10,6
Oslo - Blindern;SN18700;19.10.2024 04:00;10,6
Oslo - Blindern;SN18700;19.10.2024 05:00;10,7
Oslo - Blindern;SN18700;19.10.2024 06:00;11
Oslo - Blindern;SN18700;19.10.2024 07:00;11,1
Oslo - Blindern;SN18700;19.10.2024 08:00;11,2
Oslo - Blindern;SN18700;19.10.2024 09:00;11,4
Oslo - Blindern;SN18700;19.10.2024 10:00;11,6
Oslo - Blindern;SN18700;19.10.2024 11:00;11,8
Oslo - Blindern;SN18700;19.10.2024 12:00;12
Oslo - Blindern;SN18700;19.10.2024 13:00;11,9
Oslo - Blindern;SN18700;19.10.2024 14:00;12,3
Oslo - Blindern;SN18700;19.10.2024 15:00;12,5
Oslo - Blindern;SN18700;19.10.2024 16:00;12,5
Oslo - Blindern;SN18700;19.10.2024 17:00;12,3
Oslo - Blindern;SN18700;19.10.2024 18:00;12,1
Oslo - Blindern;SN18700;19.10.2024 19:00;11,7
Oslo - Blindern;SN18700;19.10.2024 20:00;11,5
Oslo - Blindern;SN18700;19.10.2024 21:00;11,2
Oslo - Blindern;SN18700;19.10.2024 22:00;11,1
Oslo - Blindern;SN18700;19.10.2024 23:00;11
Oslo - Blindern;SN18700;20.10.2024 00:00;10,9
Oslo - Blindern;SN18700;20.10.2024 01:00;10,7
Oslo - Blindern;SN18700;20.10.2024 02:00;10,5
Oslo - Blindern;SN18700;20.10.2024 03:00;10,6
Oslo - Blindern;SN18700;20.10.2024 04:00;10,6
Oslo - Blindern;SN18700;20.10.2024 05:00;10,7
Oslo - Blindern;SN18700;20.10.2024 06:00;10,9
Oslo - Blindern;SN18700;20.10.2024 07:00;11
Oslo - Blindern;SN18700;20.10.2024 08:00;11,3
Oslo - Blindern;SN18700;20.10.2024 09:00;11,5
Oslo - Blindern;SN18700;20.10.2024 10:00;11,5
Oslo - Blindern;SN18700;20.10.2024 11:00;11,8
Oslo - Blindern;SN18700;20.10.2024 12:00;12
Oslo - Blindern;SN18700;20.10.2024 13:00;12
Oslo - Blindern;SN18700;20.10.2024 14:00;12,2
Oslo - Blindern;SN18700;20.10.2024 15:00;11,9
Oslo - Blindern;SN18700;20.10.2024 16:00;11,8
Oslo - Blindern;SN18700;20.10.2024 17:00;11,7
Oslo - Blindern;SN18700;20.10.2024 18:00;11,5
Oslo - Blindern;SN18700;20.10.2024 19:00;11,7
Oslo - Blindern;SN18700;20.10.2024 20:00;11,6
Oslo - Blindern;SN18700;20.10.2024 21:00;12,3
Oslo - Blindern;SN18700;20.10.2024 22:00;12,4
Oslo - Blindern;SN18700;20.10.2024 23:00;11,9
Oslo - Blindern;SN18700;21.10.2024 00:00;11,2
Oslo - Blindern;SN18700;21.10.2024 01:00;12,1
Oslo - Blindern;SN18700;21.10.2024 02:00;12,6
Oslo - Blindern;SN18700;21.10.2024 03:00;12,5
Oslo - Blindern;SN18700;21.10.2024 04:00;12,5
Oslo - Blindern;SN18700;21.10.2024 05:00;12,3
Oslo - Blindern;SN18700;21.10.2024 06:00;12,3
Oslo - Blindern;SN18700;21.10.2024 07:00;12,5
Oslo - Blindern;SN18700;21.10.2024 08:00;12,5
Oslo - Blindern;SN18700;21.10.2024 09:00;12,8
Oslo - Blindern;SN18700;21.10.2024 10:00;13,3
Oslo - Blindern;SN18700;21.10.2024 11:00;14,4
Oslo - Blindern;SN18700;21.10.2024 12:00;14,5
Oslo - Blindern;SN18700;21.10.2024 13:00;14,6
Oslo - Blindern;SN18700;21.10.2024 14:00;14,1
Oslo - Blindern;SN18700;21.10.2024 15:00;15
Oslo - Blindern;SN18700;21.10.2024 16:00;14,1
Oslo - Blindern;SN18700;21.10.2024 17:00;13,4
Oslo - Blindern;SN18700;21.10.2024 18:00;12,6
Oslo - Blindern;SN18700;21.10.2024 19:00;11,4
Oslo - Blindern;SN18700;21.10.2024 20:00;10,7
Oslo - Blindern;SN18700;21.10.2024 21:00;9,8
Oslo - Blindern;SN18700;21.10.2024 22:00;9,3
Oslo - Blindern;SN18700;21.10.2024 23:00;7,9
Oslo - Blindern;SN18700;22.10.2024 00:00;6,7
Oslo - Blindern;SN18700;22.10.2024 01:00;6,1
Oslo - Blindern;SN18700;22.10.2024 02:00;7,3
Oslo - Blindern;SN18700;22.10.2024 03:00;7,1
Oslo - Blindern;SN18700;22.10.2024 04:00;5,9
Oslo - Blindern;SN18700;22.10.2024 05:00;4,9
Oslo - Blindern;SN18700;22.10.2024 06:00;4,6
Oslo - Blindern;SN18700;22.10.2024 07:00;4,7
Oslo - Blindern;SN18700;22.10.2024 08:00;5,9
Oslo - Blindern;SN18700;22.10.2024 09:00;8,6
Oslo - Blindern;SN18700;22.10.2024 10:00;9,9
Oslo - Blindern;SN18700;22.10.2024 11:00;10,2
Oslo - Blindern;SN18700;22.10.2024 12:00;11,3
Oslo - Blindern;SN18700;22.10.2024 13:00;12
Oslo - Blindern;SN18700;22.10.2024 14:00;13,2
Oslo - Blindern;SN18700;22.10.2024 15:00;13,2
Oslo - Blindern;SN18700;22.10.2024 16:00;12,6
Oslo - Blindern;SN18700;22.10.2024 17:00;11,8
Oslo - Blindern;SN18700;22.10.2024 18:00;11,2
Oslo - Blindern;SN18700;22.10.2024 19:00;11,2
Oslo - Blindern;SN18700;22.10.2024 20:00;10,8
Oslo - Blindern;SN18700;22.10.2024 21:00;9,1
Oslo - Blindern;SN18700;22.10.2024 22:00;8
Oslo - Blindern;SN18700;22.10.2024 23:00;7,5
Oslo - Blindern;SN18700;23.10.2024 00:00;6,8
Oslo - Blindern;SN18700;23.10.2024 01:00;5,1
Oslo - Blindern;SN18700;23.10.2024 02:00;5,4
Oslo - Blindern;SN18700;23.10.2024 03:00;6,4
Oslo - Blindern;SN18700;23.10.2024 04:00;4,9
Oslo - Blindern;SN18700;23.10.2024 05:00;5
Oslo - Blindern;SN18700;23.10.2024 06:00;6,8
Oslo - Blindern;SN18700;23.10.2024 07:00;5,8
Oslo - Blindern;SN18700;23.10.2024 08:00;5,5
Oslo - Blindern;SN18700;23.10.2024 09:00;5,8
Oslo - Blindern;SN18700;23.10.2024 10:00;8,6
Oslo - Blindern;SN18700;23.10.2024 11:00;9,7
Oslo - Blindern;SN18700;23.10.2024 12:00;9,6
Oslo - Blindern;SN18700;23.10.2024 13:00;10,1
Oslo - Blindern;SN18700;23.10.2024 14:00;10,7
Oslo - Blindern;SN18700;23.10.2024 15:00;11
Oslo - Blindern;SN18700;23.10.2024 16:00;10,8
Oslo - Blindern;SN18700;23.10.2024 17:00;9,9
Oslo - Blindern;SN18700;23.10.2024 18:00;9,9
Oslo - Blindern;SN18700;23.10.2024 19:00;9
Oslo - Blindern;SN18700;23.10.2024 20:00;9,2
Oslo - Blindern;SN18700;23.10.2024 21:00;9,3
Oslo - Blindern;SN18700;23.10.2024 22:00;8,3
Oslo - Blindern;SN18700;23.10.2024 23:00;8,5
Oslo - Blindern;SN18700;24.10.2024 00:00;8,7
Oslo - Blindern;SN18700;24.10.2024 01:00;8,5
Oslo - Blindern;SN18700;24.10.2024 02:00;8,5
Oslo - Blindern;SN18700;24.10.2024 03:00;8,1
Oslo - Blindern;SN18700;24.10.2024 04:00;8
Oslo - Blindern;SN18700;24.10.2024 05:00;7,9
Oslo - Blindern;SN18700;24.10.2024 06:00;7,6
Oslo - Blindern;SN18700;24.10.2024 07:00;7,8
Oslo - Blindern;SN18700;24.10.2024 08:00;8,2
Oslo - Blindern;SN18700;24.10.2024 09:00;8,9
Oslo - Blindern;SN18700;24.10.2024 10:00;10,8
Oslo - Blindern;SN18700;24.10.2024 11:00;12,2
Oslo - Blindern;SN18700;24.10.2024 12:00;13,6
Oslo - Blindern;SN18700;24.10.2024 13:00;14,2
Oslo - Blindern;SN18700;24.10.2024 14:00;13,1
Oslo - Blindern;SN18700;24.10.2024 15:00;12,4
Oslo - Blindern;SN18700;24.10.2024 16:00;11,9
Oslo - Blindern;SN18700;24.10.2024 17:00;11,1
Oslo - Blindern;SN18700;24.10.2024 18:00;10
Oslo - Blindern;SN18700;24.10.2024 19:00;10,8
Oslo - Blindern;SN18700;24.10.2024 20:00;10
Oslo - Blindern;SN18700;24.10.2024 21:00;10,3
Oslo - Blindern;SN18700;24.10.2024 22:00;10,2
Oslo - Blindern;SN18700;24.10.2024 23:00;9,3
Oslo - Blindern;SN18700;25.10.2024 00:00;9,7
Oslo - Blindern;SN18700;25.10.2024 01:00;9,7
Oslo - Blindern;SN18700;25.10.2024 02:00;8,8
Oslo - Blindern;SN18700;25.10.2024 03:00;8,9
Oslo - Blindern;SN18700;25.10.2024 04:00;7,9
Oslo - Blindern;SN18700;25.10.2024 05:00;7,1
Oslo - Blindern;SN18700;25.10.2024 06:00;6,7
Oslo - Blindern;SN18700;25.10.2024 07:00;6,3
Oslo - Blindern;SN18700;25.10.2024 08:00;7,5
Oslo - Blindern;SN18700;25.10.2024 09:00;8,3
Oslo - Blindern;SN18700;25.10.2024 10:00;8,7
Oslo - Blindern;SN18700;25.10.2024 11:00;9,4
Oslo - Blindern;SN18700;25.10.2024 12:00;9,6
Oslo - Blindern;SN18700;25.10.2024 13:00;9,8
Oslo - Blindern;SN18700;25.10.2024 14:00;9,9
Oslo - Blindern;SN18700;25.10.2024 15:00;9,9
Oslo - Blindern;SN18700;25.10.2024 16:00;9,2
Oslo - Blindern;SN18700;25.10.2024 17:00;8,7
Oslo - Blindern;SN18700;25.10.2024 18:00;8,4
Oslo - Blindern;SN18700;25.10.2024 19:00;7,7
Oslo - Blindern;SN18700;25.10.2024 20:00;7,6
Oslo - Blindern;SN18700;25.10.2024 21:00;7,4
Oslo - Blindern;SN18700;25.10.2024 22:00;7,9
Oslo - Blindern;SN18700;25.10.2024 23:00;8,5
Oslo - Blindern;SN18700;26.10.2024 00:00;8,4
Oslo - Blindern;SN18700;26.10.2024 01:00;8,1
Oslo - Blindern;SN18700;26.10.2024 02:00;7,7
Oslo - Blindern;SN18700;26.10.2024 03:00;7,3
Oslo - Blindern;SN18700;26.10.2024 04:00;7,3
Oslo - Blindern;SN18700;26.10.2024 05:00;7,2
Oslo - Blindern;SN18700;26.10.2024 06:00;6,3
Oslo - Blindern;SN18700;26.10.2024 07:00;6,1
Oslo - Blindern;SN18700;26.10.2024 08:00;6
Oslo - Blindern;SN18700;26.10.2024 09:00;6,3
Oslo - Blindern;SN18700;26.10.2024 10:00;6,9
Oslo - Blindern;SN18700;26.10.2024 11:00;7,5
Oslo - Blindern;SN18700;26.10.2024 12:00;8
Oslo - Blindern;SN18700;26.10.2024 13:00;8,3
Oslo - Blindern;SN18700;26.10.2024 14:00;8,6
Oslo - Blindern;SN18700;26.10.2024 15:00;8,5
Oslo - Blindern;SN18700;26.10.2024 16:00;8,3
Oslo - Blindern;SN18700;26.10.2024 17:00;8,2
Oslo - Blindern;SN18700;26.10.2024 18:00;8,2
Oslo - Blindern;SN18700;26.10.2024 19:00;8,1
Oslo - Blindern;SN18700;26.10.2024 20:00;8,3
Oslo - Blindern;SN18700;26.10.2024 21:00;8,4
Oslo - Blindern;SN18700;26.10.2024 22:00;8,7
Oslo - Blindern;SN18700;26.10.2024 23:00;9,1
Oslo - Blindern;SN18700;27.10.2024 00:00;9,6
Oslo - Blindern;SN18700;27.10.2024 01:00;9,9
Oslo - Blindern;SN18700;27.10.2024 02:00;9,6
Oslo - Blindern;SN18700;27.10.2024 03:00;9,7
Oslo - Blindern;SN18700;27.10.2024 04:00;9,4
Oslo - Blindern;SN18700;27.10.2024 05:00;9,3
Oslo - Blindern;SN18700;27.10.2024 06:00;9,4
Oslo - Blindern;SN18700;27.10.2024 07:00;9,4
Oslo - Blindern;SN18700;27.10.2024 08:00;9
Oslo - Blindern;SN18700;27.10.2024 09:00;8,9
Oslo - Blindern;SN18700;27.10.2024 10:00;9,7
Oslo - Blindern;SN18700;27.10.2024 11:00;10,1
Oslo - Blindern;SN18700;27.10.2024 12:00;9,8
Oslo - Blindern;SN18700;27.10.2024 13:00;11,5
Oslo - Blindern;SN18700;27.10.2024 14:00;11,5
Oslo - Blindern;SN18700;27.10.2024 15:00;11,6
Oslo - Blindern;SN18700;27.10.2024 16:00;10,2
Oslo - Blindern;SN18700;27.10.2024 17:00;7,9
Oslo - Blindern;SN18700;27.10.2024 18:00;7
Oslo - Blindern;SN18700;27.10.2024 19:00;5,3
Oslo - Blindern;SN18700;27.10.2024 20:00;5,2
Oslo - Blindern;SN18700;27.10.2024 21:00;4,4
Oslo - Blindern;SN18700;27.10.2024 22:00;4,8
Oslo - Blindern;SN18700;27.10.2024 23:00;5,7
Oslo - Blindern;SN18700;28.10.2024 00:00;6
Oslo - Blindern;SN18700;28.10.2024 01:00;5,9
Oslo - Blindern;SN18700;28.10.2024 02:00;6,6
Oslo - Blindern;SN18700;28.10.2024 03:00;5,5
Oslo - Blindern;SN18700;28.10.2024 04:00;4,6
Oslo - Blindern;SN18700;28.10.2024 05:00;3,8
Oslo - Blindern;SN18700;28.10.2024 06:00;4,4
Oslo - Blindern;SN18700;28.10.2024 07:00;4,9
Oslo - Blindern;SN18700;28.10.2024 08:00;5,3
Oslo - Blindern;SN18700;28.10.2024 09:00;5,2
Oslo - Blindern;SN18700;28.10.2024 10:00;6,7
Oslo - Blindern;SN18700;28.10.2024 11:00;9,6
Oslo - Blindern;SN18700;28.10.2024 12:00;10,6
Oslo - Blindern;SN18700;28.10.2024 13:00;11,3
Oslo - Blindern;SN18700;28.10.2024 14:00;11
Oslo - Blindern;SN18700;28.10.2024 15:00;9,5
Oslo - Blindern;SN18700;28.10.2024 16:00;8,9
Oslo - Blindern;SN18700;28.10.2024 17:00;7,3
Oslo - Blindern;SN18700;28.10.2024 18:00;6,1
Oslo - Blindern;SN18700;28.10.2024 19:00;4,9
Oslo - Blindern;SN18700;28.10.2024 20:00;4,5
Oslo - Blindern;SN18700;28.10.2024 21:00;4,7
Oslo - Blindern;SN18700;28.10.2024 22:00;4,9
Oslo - Blindern;SN18700;28.10.2024 23:00;5,5
Oslo - Blindern;SN18700;29.10.2024 00:00;5,9
Oslo - Blindern;SN18700;29.10.2024 01:00;5,3
Oslo - Blindern;SN18700;29.10.2024 02:00;5,1
Oslo - Blindern;SN18700;29.10.2024 03:00;4,5
Oslo - Blindern;SN18700;29.10.2024 04:00;4,9
Oslo - Blindern;SN18700;29.10.2024 05:00;4,9
Oslo - Blindern;SN18700;29.10.2024 06:00;4,6
Oslo - Blindern;SN18700;29.10.2024 07:00;3,8
Oslo - Blindern;SN18700;29.10.2024 08:00;4
Oslo - Blindern;SN18700;29.10.2024 09:00;4,2
Oslo - Blindern;SN18700;29.10.2024 10:00;4,5
Oslo - Blindern;SN18700;29.10.2024 11:00;4,8
Oslo - Blindern;SN18700;29.10.2024 12:00;4,9
Oslo - Blindern;SN18700;29.10.2024 13:00;5,4
Oslo - Blindern;SN18700;29.10.2024 14:00;5,8
Oslo - Blindern;SN18700;29.10.2024 15:00;6,5
Oslo - Blindern;SN18700;29.10.2024 16:00;5,7
Oslo - Blindern;SN18700;29.10.2024 17:00;5,4
Oslo - Blindern;SN18700;29.10.2024 18:00;5,4
Oslo - Blindern;SN18700;29.10.2024 19:00;5,2
Oslo - Blindern;SN18700;29.10.2024 20:00;5,2
Oslo - Blindern;SN18700;29.10.2024 21:00;4,3
Oslo - Blindern;SN18700;29.10.2024 22:00;3,6
Oslo - Blindern;SN18700;29.10.2024 23:00;3,3
Oslo - Blindern;SN18700;30.10.2024 00:00;3,5
Oslo - Blindern;SN18700;30.10.2024 01:00;3,6
Oslo - Blindern;SN18700;30.10.2024 02:00;3,1
Oslo - Blindern;SN18700;30.10.2024 03:00;2,7
Oslo - Blindern;SN18700;30.10.2024 04:00;2,9
Oslo - Blindern;SN18700;30.10.2024 05:00;2,3
Oslo - Blindern;SN18700;30.10.2024 06:00;2,3
Oslo - Blindern;SN18700;30.10.2024 07:00;2,4
Oslo - Blindern;SN18700;30.10.2024 08:00;2,4
Oslo - Blindern;SN18700;30.10.2024 09:00;3,3
Oslo - Blindern;SN18700;30.10.2024 10:00;4,9
Oslo - Blindern;SN18700;30.10.2024 11:00;9,7
Oslo - Blindern;SN18700;30.10.2024 12:00;11,2
Oslo - Blindern;SN18700;30.10.2024 13:00;12,9
Oslo - Blindern;SN18700;30.10.2024 14:00;12,5
Oslo - Blindern;SN18700;30.10.2024 15:00;12,8
Oslo - Blindern;SN18700;30.10.2024 16:00;11,5
Oslo - Blindern;SN18700;30.10.2024 17:00;9,7
Oslo - Blindern;SN18700;30.10.2024 18:00;7,9
Oslo - Blindern;SN18700;30.10.2024 19:00;8,7
Oslo - Blindern;SN18700;30.10.2024 20:00;7,4
Oslo - Blindern;SN18700;30.10.2024 21:00;6,4
Oslo - Blindern;SN18700;30.10.2024 22:00;5,7
Oslo - Blindern;SN18700;30.10.2024 23:00;5
Oslo - Blindern;SN18700;31.10.2024 00:00;5,3
Oslo - Blindern;SN18700;31.10.2024 01:00;5,6
Oslo - Blindern;SN18700;31.10.2024 02:00;5,8
Oslo - Blindern;SN18700;31.10.2024 03:00;6,2
Oslo - Blindern;SN18700;31.10.2024 04:00;6,4
Oslo - Blindern;SN18700;31.10.2024 05:00;6,6
Oslo - Blindern;SN18700;31.10.2024 06:00;7,5
Oslo - Blindern;SN18700;31.10.2024 07:00;7,6
Oslo - Blindern;SN18700;31.10.2024 08:00;7,9
Oslo - Blindern;SN18700;31.10.2024 09:00;8,1
Oslo - Blindern;SN18700;31.10.2024 10:00;9,2
Oslo - Blindern;SN18700;31.10.2024 11:00;10
Oslo - Blindern;SN18700;31.10.2024 12:00;10,8
Oslo - Blindern;SN18700;31.10.2024 13:00;11,8
Oslo - Blindern;SN18700;31.10.2024 14:00;12,2
Oslo - Blindern;SN18700;31.10.2024 15:00;12,7
Oslo - Blindern;SN18700;31.10.2024 16:00;12,4
Oslo - Blindern;SN18700;31.10.2024 17:00;12,2
Oslo - Blindern;SN18700;31.10.2024 18:00;11,1
Oslo - Blindern;SN18700;31.10.2024 19:00;10,7
Oslo - Blindern;SN18700;31.10.2024 20:00;9,4
Oslo - Blindern;SN18700;31.10.2024 21:00;9,6
Oslo - Blindern;SN18700;31.10.2024 22:00;9,9
Oslo - Blindern;SN18700;31.10.2024 23:00;8,5
Oslo - Blindern;SN18700;01.11.2024 00:00;9,4
Oslo - Blindern;SN18700;01.11.2024 01:00;8,4
Oslo - Blindern;SN18700;01.11.2024 02:00;9,5
Oslo - Blindern;SN18700;01.11.2024 03:00;10,1
Oslo - Blindern;SN18700;01.11.2024 04:00;14,2
Oslo - Blindern;SN18700;01.11.2024 05:00;13,9
Oslo - Blindern;SN18700;01.11.2024 06:00;13,1
Oslo - Blindern;SN18700;01.11.2024 07:00;12,3
Oslo - Blindern;SN18700;01.11.2024 08:00;11,4
Oslo - Blindern;SN18700;01.11.2024 09:00;10,4
Oslo - Blindern;SN18700;01.11.2024 10:00;10,4
Oslo - Blindern;SN18700;01.11.2024 11:00;10,8
Oslo - Blindern;SN18700;01.11.2024 12:00;10,3
Oslo - Blindern;SN18700;01.11.2024 13:00;8,9
Oslo - Blindern;SN18700;01.11.2024 14:00;8,4
Oslo - Blindern;SN18700;01.11.2024 15:00;7,8
Oslo - Blindern;SN18700;01.11.2024 16:00;6,7
Oslo - Blindern;SN18700;01.11.2024 17:00;5,4
Oslo - Blindern;SN18700;01.11.2024 18:00;4,5
Oslo - Blindern;SN18700;01.11.2024 19:00;4,1
Oslo - Blindern;SN18700;01.11.2024 20:00;2,3
Oslo - Blindern;SN18700;01.11.2024 21:00;2,4
Oslo - Blindern;SN18700;01.11.2024 22:00;0,2
Oslo - Blindern;SN18700;01.11.2024 23:00;-0,6
Oslo - Blindern;SN18700;02.11.2024 00:00;1,9
Oslo - Blindern;SN18700;02.11.2024 01:00;2,8
Oslo - Blindern;SN18700;02.11.2024 02:00;2,8
Oslo - Blindern;SN18700;02.11.2024 03:00;2,4
Oslo - Blindern;SN18700;02.11.2024 04:00;0,6
Oslo - Blindern;SN18700;02.11.2024 05:00;0,1
Oslo - Blindern;SN18700;02.11.2024 06:00;-1,1
Oslo - Blindern;SN18700;02.11.2024 07:00;-1,1
Oslo - Blindern;SN18700;02.11.2024 08:00;-1,3
Oslo - Blindern;SN18700;02.11.2024 09:00;0,1
Oslo - Blindern;SN18700;02.11.2024 10:00;2,8
Oslo - Blindern;SN18700;02.11.2024 11:00;4,4
Oslo - Blindern;SN18700;02.11.2024 12:00;5,4
Oslo - Blindern;SN18700;02.11.2024 13:00;5,3
Oslo - Blindern;SN18700;02.11.2024 14:00;4,7
Oslo - Blindern;SN18700;02.11.2024 15:00;4,5
Oslo - Blindern;SN18700;02.11.2024 16:00;4
Oslo - Blindern;SN18700;02.11.2024 17:00;3,1
Oslo - Blindern;SN18700;02.11.2024 18:00;3
Oslo - Blindern;SN18700;02.11.2024 19:00;2,8
Oslo - Blindern;SN18700;02.11.2024 20:00;3,4
Oslo - Blindern;SN18700;02.11.2024 21:00;2,9
Oslo - Blindern;SN18700;02.11.2024 22:00;2,4
Oslo - Blindern;SN18700;02.11.2024 23:00;2,7
Oslo - Blindern;SN18700;03.11.2024 00:00;3,2
Oslo - Blindern;SN18700;03.11.2024 01:00;3,2
Oslo - Blindern;SN18700;03.11.2024 02:00;3,7
Oslo - Blindern;SN18700;03.11.2024 03:00;3,9
Oslo - Blindern;SN18700;03.11.2024 04:00;4,3
Oslo - Blindern;SN18700;03.11.2024 05:00;3,2
Oslo - Blindern;SN18700;03.11.2024 06:00;2,8
Oslo - Blindern;SN18700;03.11.2024 07:00;2,9
Oslo - Blindern;SN18700;03.11.2024 08:00;4,8
Oslo - Blindern;SN18700;03.11.2024 09:00;6,3
Oslo - Blindern;SN18700;03.11.2024 10:00;7,1
Oslo - Blindern;SN18700;03.11.2024 11:00;10,8
Oslo - Blindern;SN18700;03.11.2024 12:00;12,8
Oslo - Blindern;SN18700;03.11.2024 13:00;13,9
Oslo - Blindern;SN18700;03.11.2024 14:00;14,5
Oslo - Blindern;SN18700;03.11.2024 15:00;14,2
Oslo - Blindern;SN18700;03.11.2024 16:00;13,5
Oslo - Blindern;SN18700;03.11.2024 17:00;11,7
Oslo - Blindern;SN18700;03.11.2024 18:00;10,3
Oslo - Blindern;SN18700;03.11.2024 19:00;11,3
Oslo - Blindern;SN18700;03.11.2024 20:00;9,9
Oslo - Blindern;SN18700;03.11.2024 21:00;8,3
Oslo - Blindern;SN18700;03.11.2024 22:00;7,7
Oslo - Blindern;SN18700;03.11.2024 23:00;7,7
Oslo - Blindern;SN18700;04.11.2024 00:00;7
Oslo - Blindern;SN18700;04.11.2024 01:00;6
Oslo - Blindern;SN18700;04.11.2024 02:00;5,2
Oslo - Blindern;SN18700;04.11.2024 03:00;4,7
Oslo - Blindern;SN18700;04.11.2024 04:00;5,4
Oslo - Blindern;SN18700;04.11.2024 05:00;5,8
Oslo - Blindern;SN18700;04.11.2024 06:00;5,1
Oslo - Blindern;SN18700;04.11.2024 07:00;4,1
Oslo - Blindern;SN18700;04.11.2024 08:00;3,6
Oslo - Blindern;SN18700;04.11.2024 09:00;4
Oslo - Blindern;SN18700;04.11.2024 10:00;5,8
Oslo - Blindern;SN18700;04.11.2024 11:00;7,9
Oslo - Blindern;SN18700;04.11.2024 12:00;8,6
Oslo - Blindern;SN18700;04.11.2024 13:00;9,1
Oslo - Blindern;SN18700;04.11.2024 14:00;8,8
Oslo - Blindern;SN18700;04.11.2024 15:00;8,7
Oslo - Blindern;SN18700;04.11.2024 16:00;7,8
Oslo - Blindern;SN18700;04.11.2024 17:00;6,1
Oslo - Blindern;SN18700;04.11.2024 18:00;5
Oslo - Blindern;SN18700;04.11.2024 19:00;5,5
Oslo - Blindern;SN18700;04.11.2024 20:00;6,6
Oslo - Blindern;SN18700;04.11.2024 21:00;6,9
Oslo - Blindern;SN18700;04.11.2024 22:00;7,3
Oslo - Blindern;SN18700;04.11.2024 23:00;6,9
Oslo - Blindern;SN18700;05.11.2024 00:00;6,4
Oslo - Blindern;SN18700;05.11.2024 01:00;6,5
Oslo - Blindern;SN18700;05.11.2024 02:00;6
Oslo - Blindern;SN18700;05.11.2024 03:00;6
Oslo - Blindern;SN18700;05.11.2024 04:00;5,5
Oslo - Blindern;SN18700;05.11.2024 05:00;5,3
Oslo - Blindern;SN18700;05.11.2024 06:00;5
Oslo - Blindern;SN18700;05.11.2024 07:00;4,7
Oslo - Blindern;SN18700;05.11.2024 08:00;4,6
Oslo - Blindern;SN18700;05.11.2024 09:00;4,1
Oslo - Blindern;SN18700;05.11.2024 10:00;4
Oslo - Blindern;SN18700;05.11.2024 11:00;4
Oslo - Blindern;SN18700;05.11.2024 12:00;4
Oslo - Blindern;SN18700;05.11.2024 13:00;4
Oslo - Blindern;SN18700;05.11.2024 14:00;4
Oslo - Blindern;SN18700;05.11.2024 15:00;3,8
Oslo - Blindern;SN18700;05.11.2024 16:00;4
Oslo - Blindern;SN18700;05.11.2024 17:00;4,1
Oslo - Blindern;SN18700;05.11.2024 18:00;3,9
Oslo - Blindern;SN18700;05.11.2024 19:00;3,6
Oslo - Blindern;SN18700;05.11.2024 20:00;3,3
Oslo - Blindern;SN18700;05.11.2024 21:00;3,1
Oslo - Blindern;SN18700;05.11.2024 22:00;3,4
Oslo - Blindern;SN18700;05.11.2024 23:00;3,3
Oslo - Blindern;SN18700;06.11.2024 00:00;3,1
Oslo - Blindern;SN18700;06.11.2024 01:00;2,9
Oslo - Blindern;SN18700;06.11.2024 02:00;2,5
Oslo - Blindern;SN18700;06.11.2024 03:00;2,1
Oslo - Blindern;SN18700;06.11.2024 04:00;2
Oslo - Blindern;SN18700;06.11.2024 05:00;2,4
Oslo - Blindern;SN18700;06.11.2024 06:00;2,7
Oslo - Blindern;SN18700;06.11.2024 07:00;3,1
Oslo - Blindern;SN18700;06.11.2024 08:00;3,2
Oslo - Blindern;SN18700;06.11.2024 09:00;3,4
Oslo - Blindern;SN18700;06.11.2024 10:00;3,5
Oslo - Blindern;SN18700;06.11.2024 11:00;3,5
Oslo - Blindern;SN18700;06.11.2024 12:00;4
Oslo - Blindern;SN18700;06.11.2024 13:00;4
Oslo - Blindern;SN18700;06.11.2024 14:00;4,1
Oslo - Blindern;SN18700;06.11.2024 15:00;4,1
Oslo - Blindern;SN18700;06.11.2024 16:00;3,9
Oslo - Blindern;SN18700;06.11.2024 17:00;3,7
Oslo - Blindern;SN18700;06.11.2024 18:00;3,4
Oslo - Blindern;SN18700;06.11.2024 19:00;3,2
Oslo - Blindern;SN18700;06.11.2024 20:00;2,9
Oslo - Blindern;SN18700;06.11.2024 21:00;2,4
Oslo - Blindern;SN18700;06.11.2024 22:00;2,9
Oslo - Blindern;SN18700;06.11.2024 23:00;2,4
Oslo - Blindern;SN18700;07.11.2024 00:00;1,8
Oslo - Blindern;SN18700;07.11.2024 01:00;1,2
Oslo - Blindern;SN18700;07.11.2024 02:00;0,7
Oslo - Blindern;SN18700;07.11.2024 03:00;0,5
Oslo - Blindern;SN18700;07.11.2024 04:00;0,2
Oslo - Blindern;SN18700;07.11.2024 05:00;0,3
Oslo - Blindern;SN18700;07.11.2024 06:00;0,3
Oslo - Blindern;SN18700;07.11.2024 07:00;0,2
Oslo - Blindern;SN18700;07.11.2024 08:00;0,1
Oslo - Blindern;SN18700;07.11.2024 09:00;1,2
Oslo - Blindern;SN18700;07.11.2024 10:00;2,4
Oslo - Blindern;SN18700;07.11.2024 11:00;5
Oslo - Blindern;SN18700;07.11.2024 12:00;6,2
Oslo - Blindern;SN18700;07.11.2024 13:00;6,1
Oslo - Blindern;SN18700;07.11.2024 14:00;5,7
Oslo - Blindern;SN18700;07.11.2024 15:00;5,8
Oslo - Blindern;SN18700;07.11.2024 16:00;4,3
Oslo - Blindern;SN18700;07.11.2024 17:00;3,3
Oslo - Blindern;SN18700;07.11.2024 18:00;2,7
Oslo - Blindern;SN18700;07.11.2024 19:00;2
Oslo - Blindern;SN18700;07.11.2024 20:00;1,7
Oslo - Blindern;SN18700;07.11.2024 21:00;0,8
Oslo - Blindern;SN18700;07.11.2024 22:00;0,1
Oslo - Blindern;SN18700;07.11.2024 23:00;0,6
Oslo - Blindern;SN18700;08.11.2024 00:00;0,4
Oslo - Blindern;SN18700;08.11.2024 01:00;1,1
Oslo - Blindern;SN18700;08.11.2024 02:00;1,6
Oslo - Blindern;SN18700;08.11.2024 03:00;1,9
Oslo - Blindern;SN18700;08.11.2024 04:00;2,3
Oslo - Blindern;SN18700;08.11.2024 05:00;2,9
Oslo - Blindern;SN18700;08.11.2024 06:00;3,3
Oslo - Blindern;SN18700;08.11.2024 07:00;3,7
Oslo - Blindern;SN18700;08.11.2024 08:00;3,7
Oslo - Blindern;SN18700;08.11.2024 09:00;3,9
Oslo - Blindern;SN18700;08.11.2024 10:00;4,5
Oslo - Blindern;SN18700;08.11.2024 11:00;4,8
Oslo - Blindern;SN18700;08.11.2024 12:00;5,1
Oslo - Blindern;SN18700;08.11.2024 13:00;5,4
Oslo - Blindern;SN18700;08.11.2024 14:00;5,5
Oslo - Blindern;SN18700;08.11.2024 15:00;5,8
Oslo - Blindern;SN18700;08.11.2024 16:00;6
Oslo - Blindern;SN18700;08.11.2024 17:00;6,2
Oslo - Blindern;SN18700;08.11.2024 18:00;6,6
Oslo - Blindern;SN18700;08.11.2024 19:00;6,4
Oslo - Blindern;SN18700;08.11.2024 20:00;6,4
Oslo - Blindern;SN18700;08.11.2024 21:00;6,4
Oslo - Blindern;SN18700;08.11.2024 22:00;6,6
Oslo - Blindern;SN18700;08.11.2024 23:00;6,6
Oslo - Blindern;SN18700;09.11.2024 00:00;6,6
Oslo - Blindern;SN18700;09.11.2024 01:00;6,7
Oslo - Blindern;SN18700;09.11.2024 02:00;6,7
Oslo - Blindern;SN18700;09.11.2024 03:00;6,5
Oslo - Blindern;SN18700;09.11.2024 04:00;6,5
Oslo - Blindern;SN18700;09.11.2024 05:00;6,4
Oslo - Blindern;SN18700;09.11.2024 06:00;6,4
Oslo - Blindern;SN18700;09.11.2024 07:00;5,8
Oslo - Blindern;SN18700;09.11.2024 08:00;5,5
Oslo - Blindern;SN18700;09.11.2024 09:00;5,1
Oslo - Blindern;SN18700;09.11.2024 10:00;5,1
Oslo - Blindern;SN18700;09.11.2024 11:00;5,4
Oslo - Blindern;SN18700;09.11.2024 12:00;5,8
Oslo - Blindern;SN18700;09.11.2024 13:00;5,9
Oslo - Blindern;SN18700;09.11.2024 14:00;6
Oslo - Blindern;SN18700;09.11.2024 15:00;5,9
Oslo - Blindern;SN18700;09.11.2024 16:00;5,5
Oslo - Blindern;SN18700;09.11.2024 17:00;5,2
Oslo - Blindern;SN18700;09.11.2024 18:00;4,9
Oslo - Blindern;SN18700;09.11.2024 19:00;4,9
Oslo - Blindern;SN18700;09.11.2024 20:00;4,6
Oslo - Blindern;SN18700;09.11.2024 21:00;4,3
Oslo - Blindern;SN18700;09.11.2024 22:00;3,9
Oslo - Blindern;SN18700;09.11.2024 23:00;3,3
Oslo - Blindern;SN18700;10.11.2024 00:00;3,1
Oslo - Blindern;SN18700;10.11.2024 01:00;3
Oslo - Blindern;SN18700;10.11.2024 02:00;2,8
Oslo - Blindern;SN18700;10.11.2024 03:00;2,6
Oslo - Blindern;SN18700;10.11.2024 04:00;2,5
Oslo - Blindern;SN18700;10.11.2024 05:00;2,5
Oslo - Blindern;SN18700;10.11.2024 06:00;2,2
Oslo - Blindern;SN18700;10.11.2024 07:00;2,2
Oslo - Blindern;SN18700;10.11.2024 08:00;2,3
Oslo - Blindern;SN18700;10.11.2024 09:00;2,6
Oslo - Blindern;SN18700;10.11.2024 10:00;3,1
Oslo - Blindern;SN18700;10.11.2024 11:00;3,3
Oslo - Blindern;SN18700;10.11.2024 12:00;3
Oslo - Blindern;SN18700;10.11.2024 13:00;3,3
Oslo - Blindern;SN18700;10.11.2024 14:00;3,4
Oslo - Blindern;SN18700;10.11.2024 15:00;3,4
Oslo - Blindern;SN18700;10.11.2024 16:00;3,3
Oslo - Blindern;SN18700;10.11.2024 17:00;3,2
Oslo - Blindern;SN18700;10.11.2024 18:00;3,1
Oslo - Blindern;SN18700;10.11.2024 19:00;2,7
Oslo - Blindern;SN18700;10.11.2024 20:00;2,6
Oslo - Blindern;SN18700;10.11.2024 21:00;2,5
Oslo - Blindern;SN18700;10.11.2024 22:00;2,6
Oslo - Blindern;SN18700;10.11.2024 23:00;2,4
Oslo - Blindern;SN18700;11.11.2024 00:00;2,3
Oslo - Blindern;SN18700;11.11.2024 01:00;2,3
Oslo - Blindern;SN18700;11.11.2024 02:00;2,3
Oslo - Blindern;SN18700;11.11.2024 03:00;2,4
Oslo - Blindern;SN18700;11.11.2024 04:00;2,4
Oslo - Blindern;SN18700;11.11.2024 05:00;2,7
Oslo - Blindern;SN18700;11.11.2024 06:00;3
Oslo - Blindern;SN18700;11.11.2024 07:00;3
Oslo - Blindern;SN18700;11.11.2024 08:00;2,8
Oslo - Blindern;SN18700;11.11.2024 09:00;2,9
Oslo - Blindern;SN18700;11.11.2024 10:00;3
Oslo - Blindern;SN18700;11.11.2024 11:00;2,9
Oslo - Blindern;SN18700;11.11.2024 12:00;3,3
Oslo - Blindern;SN18700;11.11.2024 13:00;3,4
Oslo - Blindern;SN18700;11.11.2024 14:00;3,3
Oslo - Blindern;SN18700;11.11.2024 15:00;3,3
Oslo - Blindern;SN18700;11.11.2024 16:00;3
Oslo - Blindern;SN18700;11.11.2024 17:00;3
Oslo - Blindern;SN18700;11.11.2024 18:00;2,9
Oslo - Blindern;SN18700;11.11.2024 19:00;2,7
Oslo - Blindern;SN18700;11.11.2024 20:00;1,8
Oslo - Blindern;SN18700;11.11.2024 21:00;0,9
Oslo - Blindern;SN18700;11.11.2024 22:00;0,5
Oslo - Blindern;SN18700;11.11.2024 23:00;-0,1
Oslo - Blindern;SN18700;12.11.2024 00:00;-0,6
Oslo - Blindern;SN18700;12.11.2024 01:00;0,2
Oslo - Blindern;SN18700;12.11.2024 02:00;0,9
Oslo - Blindern;SN18700;12.11.2024 03:00;1,1
Oslo - Blindern;SN18700;12.11.2024 04:00;1,3
Oslo - Blindern;SN18700;12.11.2024 05:00;1,6
Oslo - Blindern;SN18700;12.11.2024 06:00;1,3
Oslo - Blindern;SN18700;12.11.2024 07:00;0,7
Oslo - Blindern;SN18700;12.11.2024 08:00;0,9
Oslo - Blindern;SN18700;12.11.2024 09:00;0,9
Oslo - Blindern;SN18700;12.11.2024 10:00;1
Oslo - Blindern;SN18700;12.11.2024 11:00;2,2
Oslo - Blindern;SN18700;12.11.2024 12:00;2,8
Oslo - Blindern;SN18700;12.11.2024 13:00;2,8
Oslo - Blindern;SN18700;12.11.2024 14:00;3,8
Oslo - Blindern;SN18700;12.11.2024 15:00;3,4
Oslo - Blindern;SN18700;12.11.2024 16:00;3,1
Oslo - Blindern;SN18700;12.11.2024 17:00;3,1
Oslo - Blindern;SN18700;12.11.2024 18:00;3,3
Oslo - Blindern;SN18700;12.11.2024 19:00;3,2
Oslo - Blindern;SN18700;12.11.2024 20:00;3,3
Oslo - Blindern;SN18700;12.11.2024 21:00;3,4
Oslo - Blindern;SN18700;12.11.2024 22:00;3,3
Oslo - Blindern;SN18700;12.11.2024 23:00;3,3
Oslo - Blindern;SN18700;13.11.2024 00:00;3,3
Oslo - Blindern;SN18700;13.11.2024 01:00;3,3
Oslo - Blindern;SN18700;13.11.2024 02:00;3,2
Oslo - Blindern;SN18700;13.11.2024 03:00;3,2
Oslo - Blindern;SN18700;13.11.2024 04:00;3
Oslo - Blindern;SN18700;13.11.2024 05:00;2,9
Oslo - Blindern;SN18700;13.11.2024 06:00;2,6
Oslo - Blindern;SN18700;13.11.2024 07:00;2,1
Oslo - Blindern;SN18700;13.11.2024 08:00;2,4
Oslo - Blindern;SN18700;13.11.2024 09:00;2,4
Oslo - Blindern;SN18700;13.11.2024 10:00;2,1
Oslo - Blindern;SN18700;13.11.2024 11:00;2,2
Oslo - Blindern;SN18700;13.11.2024 12:00;2,4
Oslo - Blindern;SN18700;13.11.2024 13:00;2,4
Oslo - Blindern;SN18700;13.11.2024 14:00;2,4
Oslo - Blindern;SN18700;13.11.2024 15:00;2,6
Oslo - Blindern;SN18700;13.11.2024 16:00;2,9
Oslo - Blindern;SN18700;13.11.2024 17:00;2,9
Oslo - Blindern;SN18700;13.11.2024 18:00;2,9
Oslo - Blindern;SN18700;13.11.2024 19:00;3,1
Oslo - Blindern;SN18700;13.11.2024 20:00;2,3
Oslo - Blindern;SN18700;13.11.2024 21:00;2
Oslo - Blindern;SN18700;13.11.2024 22:00;1,4
Oslo - Blindern;SN18700;13.11.2024 23:00;1,2
Oslo - Blindern;SN18700;14.11.2024 00:00;1
Oslo - Blindern;SN18700;14.11.2024 01:00;0,5
Oslo - Blindern;SN18700;14.11.2024 02:00;1
Oslo - Blindern;SN18700;14.11.2024 03:00;0,3
Oslo - Blindern;SN18700;14.11.2024 04:00;0,4
Oslo - Blindern;SN18700;14.11.2024 05:00;0,4
Oslo - Blindern;SN18700;14.11.2024 06:00;0,4
Oslo - Blindern;SN18700;14.11.2024 07:00;0,4
Oslo - Blindern;SN18700;14.11.2024 08:00;-0,5
Oslo - Blindern;SN18700;14.11.2024 09:00;-0,2
Oslo - Blindern;SN18700;14.11.2024 10:00;0,5
Oslo - Blindern;SN18700;14.11.2024 11:00;1,5
Oslo - Blindern;SN18700;14.11.2024 12:00;1,6
Oslo - Blindern;SN18700;14.11.2024 13:00;2,2
Oslo - Blindern;SN18700;14.11.2024 14:00;2,3
Oslo - Blindern;SN18700;14.11.2024 15:00;1,9
Oslo - Blindern;SN18700;14.11.2024 16:00;1,1
Oslo - Blindern;SN18700;14.11.2024 17:00;0,3
Oslo - Blindern;SN18700;14.11.2024 18:00;0,4
Oslo - Blindern;SN18700;14.11.2024 19:00;1,1
Oslo - Blindern;SN18700;14.11.2024 20:00;1,3
Oslo - Blindern;SN18700;14.11.2024 21:00;1,2
Oslo - Blindern;SN18700;14.11.2024 22:00;0,9
Oslo - Blindern;SN18700;14.11.2024 23:00;0,6
Oslo - Blindern;SN18700;15.11.2024 00:00;0,5
Oslo - Blindern;SN18700;15.11.2024 01:00;0,2
Oslo - Blindern;SN18700;15.11.2024 02:00;0,1
Oslo - Blindern;SN18700;15.11.2024 03:00;0,3
Oslo - Blindern;SN18700;15.11.2024 04:00;0,7
Oslo - Blindern;SN18700;15.11.2024 05:00;0,6
Oslo - Blindern;SN18700;15.11.2024 06:00;1,1
Oslo - Blindern;SN18700;15.11.2024 07:00;1,5
Oslo - Blindern;SN18700;15.11.2024 08:00;1,9
Oslo - Blindern;SN18700;15.11.2024 09:00;1,9
Oslo - Blindern;SN18700;15.11.2024 10:00;2,5
Oslo - Blindern;SN18700;15.11.2024 11:00;4,8
Oslo - Blindern;SN18700;15.11.2024 12:00;7,5
Oslo - Blindern;SN18700;15.11.2024 13:00;8,6
Oslo - Blindern;SN18700;15.11.2024 14:00;8
Oslo - Blindern;SN18700;15.11.2024 15:00;8,4
Oslo - Blindern;SN18700;15.11.2024 16:00;7,2
Oslo - Blindern;SN18700;15.11.2024 17:00;6,8
Oslo - Blindern;SN18700;15.11.2024 18:00;6,2
Oslo - Blindern;SN18700;15.11.2024 19:00;5,6
Oslo - Blindern;SN18700;15.11.2024 20:00;6,6
Oslo - Blindern;SN18700;15.11.2024 21:00;7,6
Oslo - Blindern;SN18700;15.11.2024 22:00;6,9
Oslo - Blindern;SN18700;15.11.2024 23:00;8
Oslo - Blindern;SN18700;16.11.2024 00:00;7,9
Oslo - Blindern;SN18700;16.11.2024 01:00;8,5
Oslo - Blindern;SN18700;16.11.2024 02:00;8,5
Oslo - Blindern;SN18700;16.11.2024 03:00;8,7
Oslo - Blindern;SN18700;16.11.2024 04:00;8,9
Oslo - Blindern;SN18700;16.11.2024 05:00;9,2
Oslo - Blindern;SN18700;16.11.2024 06:00;8,8
Oslo - Blindern;SN18700;16.11.2024 07:00;8,1
Oslo - Blindern;SN18700;16.11.2024 08:00;7,4
Oslo - Blindern;SN18700;16.11.2024 09:00;6,6
Oslo - Blindern;SN18700;16.11.2024 10:00;7
Oslo - Blindern;SN18700;16.11.2024 11:00;6,9
Oslo - Blindern;SN18700;16.11.2024 12:00;7,1
Oslo - Blindern;SN18700;16.11.2024 13:00;7,3
Oslo - Blindern;SN18700;16.11.2024 14:00;6,5
Oslo - Blindern;SN18700;16.11.2024 15:00;5,9
Oslo - Blindern;SN18700;16.11.2024 16:00;5,4
Oslo - Blindern;SN18700;16.11.2024 17:00;5,1
Oslo - Blindern;SN18700;16.11.2024 18:00;4,7
Oslo - Blindern;SN18700;16.11.2024 19:00;4,2
Oslo - Blindern;SN18700;16.11.2024 20:00;4,6
Oslo - Blindern;SN18700;16.11.2024 21:00;4,6
Oslo - Blindern;SN18700;16.11.2024 22:00;4,5
Oslo - Blindern;SN18700;16.11.2024 23:00;4,8
Oslo - Blindern;SN18700;17.11.2024 00:00;4,7
Oslo - Blindern;SN18700;17.11.2024 01:00;3,5
Oslo - Blindern;SN18700;17.11.2024 02:00;2,4
Oslo - Blindern;SN18700;17.11.2024 03:00;1,1
Oslo - Blindern;SN18700;17.11.2024 04:00;1
Oslo - Blindern;SN18700;17.11.2024 05:00;2,6
Oslo - Blindern;SN18700;17.11.2024 06:00;1,4
Oslo - Blindern;SN18700;17.11.2024 07:00;0,4
Oslo - Blindern;SN18700;17.11.2024 08:00;-0,3
Oslo - Blindern;SN18700;17.11.2024 09:00;0,1
Oslo - Blindern;SN18700;17.11.2024 10:00;1,6
Oslo - Blindern;SN18700;17.11.2024 11:00;2,4
Oslo - Blindern;SN18700;17.11.2024 12:00;6,5
Oslo - Blindern;SN18700;17.11.2024 13:00;8,1
Oslo - Blindern;SN18700;17.11.2024 14:00;8
Oslo - Blindern;SN18700;17.11.2024 15:00;7
Oslo - Blindern;SN18700;17.11.2024 16:00;6
Oslo - Blindern;SN18700;17.11.2024 17:00;5,5
Oslo - Blindern;SN18700;17.11.2024 18:00;4,2
Oslo - Blindern;SN18700;17.11.2024 19:00;4,5
Oslo - Blindern;SN18700;17.11.2024 20:00;5
Oslo - Blindern;SN18700;17.11.2024 21:00;3,2
Oslo - Blindern;SN18700;17.11.2024 22:00;2,5
Oslo - Blindern;SN18700;17.11.2024 23:00;1,5
Oslo - Blindern;SN18700;18.11.2024 00:00;0,3
Oslo - Blindern;SN18700;18.11.2024 01:00;0,2
Oslo - Blindern;SN18700;18.11.2024 02:00;0,3
Oslo - Blindern;SN18700;18.11.2024 03:00;-0,9
Oslo - Blindern;SN18700;18.11.2024 04:00;-1,3
Oslo - Blindern;SN18700;18.11.2024 05:00;-2
Oslo - Blindern;SN18700;18.11.2024 06:00;-1,6
Oslo - Blindern;SN18700;18.11.2024 07:00;-2,5
Oslo - Blindern;SN18700;18.11.2024 08:00;-2,3
Oslo - Blindern;SN18700;18.11.2024 09:00;-2,1
Oslo - Blindern;SN18700;18.11.2024 10:00;-1
Oslo - Blindern;SN18700;18.11.2024 11:00;2,1
Oslo - Blindern;SN18700;18.11.2024 12:00;3
Oslo - Blindern;SN18700;18.11.2024 13:00;3,8
Oslo - Blindern;SN18700;18.11.2024 14:00;3,4
Oslo - Blindern;SN18700;18.11.2024 15:00;3
Oslo - Blindern;SN18700;18.11.2024 16:00;0,9
Oslo - Blindern;SN18700;18.11.2024 17:00;-1,2
Oslo - Blindern;SN18700;18.11.2024 18:00;-1,5
Oslo - Blindern;SN18700;18.11.2024 19:00;-1,5
Oslo - Blindern;SN18700;18.11.2024 20:00;-0,9
Oslo - Blindern;SN18700;18.11.2024 21:00;-0,4
Oslo - Blindern;SN18700;18.11.2024 22:00;-0,2
Oslo - Blindern;SN18700;18.11.2024 23:00;0
Oslo - Blindern;SN18700;19.11.2024 00:00;0,6
Oslo - Blindern;SN18700;19.11.2024 01:00;0,5
Oslo - Blindern;SN18700;19.11.2024 02:00;0,3
Oslo - Blindern;SN18700;19.11.2024 03:00;0,2
Oslo - Blindern;SN18700;19.11.2024 04:00;-0,6
Oslo - Blindern;SN18700;19.11.2024 05:00;-0,4
Oslo - Blindern;SN18700;19.11.2024 06:00;0,1
Oslo - Blindern;SN18700;19.11.2024 07:00;0,2
Oslo - Blindern;SN18700;19.11.2024 08:00;0,3
Oslo - Blindern;SN18700;19.11.2024 09:00;0,8
Oslo - Blindern;SN18700;19.11.2024 10:00;1,4
Oslo - Blindern;SN18700;19.11.2024 11:00;0,5
Oslo - Blindern;SN18700;19.11.2024 12:00;0,9
Oslo - Blindern;SN18700;19.11.2024 13:00;1,3
Oslo - Blindern;SN18700;19.11.2024 14:00;1,4
Oslo - Blindern;SN18700;19.11.2024 15:00;1
Oslo - Blindern;SN18700;19.11.2024 16:00;0,6
Oslo - Blindern;SN18700;19.11.2024 17:00;0,3
Oslo - Blindern;SN18700;19.11.2024 18:00;0,6
Oslo - Blindern;SN18700;19.11.2024 19:00;0,3
Oslo - Blindern;SN18700;19.11.2024 20:00;0,5
Oslo - Blindern;SN18700;19.11.2024 21:00;0,1
Oslo - Blindern;SN18700;19.11.2024 22:00;-0,2
Oslo - Blindern;SN18700;19.11.2024 23:00;0,1
Oslo - Blindern;SN18700;20.11.2024 00:00;0,1
Oslo - Blindern;SN18700;20.11.2024 01:00;0,2
Oslo - Blindern;SN18700;20.11.2024 02:00;0,2
Oslo - Blindern;SN18700;20.11.2024 03:00;-0,3
Oslo - Blindern;SN18700;20.11.2024 04:00;-1,3
Oslo - Blindern;SN18700;20.11.2024 05:00;-0,3
Oslo - Blindern;SN18700;20.11.2024 06:00;-0,2
Oslo - Blindern;SN18700;20.11.2024 07:00;-0,1
Oslo - Blindern;SN18700;20.11.2024 08:00;-0,5
Oslo - Blindern;SN18700;20.11.2024 09:00;-0,4
Oslo - Blindern;SN18700;20.11.2024 10:00;-0,1
Oslo - Blindern;SN18700;20.11.2024 11:00;-0,1
Oslo - Blindern;SN18700;20.11.2024 12:00;0,1
Oslo - Blindern;SN18700;20.11.2024 13:00;0,8
Oslo - Blindern;SN18700;20.11.2024 14:00;0,2
Oslo - Blindern;SN18700;20.11.2024 15:00;0,1
Oslo - Blindern;SN18700;20.11.2024 16:00;-0,2
Oslo - Blindern;SN18700;20.11.2024 17:00;-0,7
Oslo - Blindern;SN18700;20.11.2024 18:00;-2,1
Oslo - Blindern;SN18700;20.11.2024 19:00;-2,7
Oslo - Blindern;SN18700;20.11.2024 20:00;-2,6
Oslo - Blindern;SN18700;20.11.2024 21:00;-2,8
Oslo - Blindern;SN18700;20.11.2024 22:00;-3,9
Oslo - Blindern;SN18700;20.11.2024 23:00;-4,1
Oslo - Blindern;SN18700;21.11.2024 00:00;-4,2
Oslo - Blindern;SN18700;21.11.2024 01:00;-4,5
Oslo - Blindern;SN18700;21.11.2024 02:00;-3,3
Oslo - Blindern;SN18700;21.11.2024 03:00;-4,3
Oslo - Blindern;SN18700;21.11.2024 04:00;-4,4
Oslo - Blindern;SN18700;21.11.2024 05:00;-4,2
Oslo - Blindern;SN18700;21.11.2024 06:00;-4,1
Oslo - Blindern;SN18700;21.11.2024 07:00;-3,7
Oslo - Blindern;SN18700;21.11.2024 08:00;-3,7
Oslo - Blindern;SN18700;21.11.2024 09:00;-2,9
Oslo - Blindern;SN18700;21.11.2024 10:00;-1,8
Oslo - Blindern;SN18700;21.11.2024 11:00;-1,3
Oslo - Blindern;SN18700;21.11.2024 12:00;-1
Oslo - Blindern;SN18700;21.11.2024 13:00;-0,9
Oslo - Blindern;SN18700;21.11.2024 14:00;-1,2
Oslo - Blindern;SN18700;21.11.2024 15:00;-1,6
Oslo - Blindern;SN18700;21.11.2024 16:00;-2,6
Oslo - Blindern;SN18700;21.11.2024 17:00;-3,1
Oslo - Blindern;SN18700;21.11.2024 18:00;-3,8
Oslo - Blindern;SN18700;21.11.2024 19:00;-4,1
Oslo - Blindern;SN18700;21.11.2024 20:00;-4,5
Oslo - Blindern;SN18700;21.11.2024 21:00;-5,1
Oslo - Blindern;SN18700;21.11.2024 22:00;-4,7
Oslo - Blindern;SN18700;21.11.2024 23:00;-6,8
Oslo - Blindern;SN18700;22.11.2024 00:00;-7,8
Oslo - Blindern;SN18700;22.11.2024 01:00;-7,9
Oslo - Blindern;SN18700;22.11.2024 02:00;-8,1
Oslo - Blindern;SN18700;22.11.2024 03:00;-7
Oslo - Blindern;SN18700;22.11.2024 04:00;-8
Oslo - Blindern;SN18700;22.11.2024 05:00;-8,4
Oslo - Blindern;SN18700;22.11.2024 06:00;-8,5
Oslo - Blindern;SN18700;22.11.2024 07:00;-8,7
Oslo - Blindern;SN18700;22.11.2024 08:00;-9
Oslo - Blindern;SN18700;22.11.2024 09:00;-8,5
Oslo - Blindern;SN18700;22.11.2024 10:00;-6,8
Oslo - Blindern;SN18700;22.11.2024 11:00;-3,3
Oslo - Blindern;SN18700;22.11.2024 12:00;-3,2
Oslo - Blindern;SN18700;22.11.2024 13:00;-2,1
Oslo - Blindern;SN18700;22.11.2024 14:00;-2,5
Oslo - Blindern;SN18700;22.11.2024 15:00;-2,7
Oslo - Blindern;SN18700;22.11.2024 16:00;-3,7
Oslo - Blindern;SN18700;22.11.2024 17:00;-5,1
Oslo - Blindern;SN18700;22.11.2024 18:00;-5,7
Oslo - Blindern;SN18700;22.11.2024 19:00;-6,6
Oslo - Blindern;SN18700;22.11.2024 20:00;-6,8
Oslo - Blindern;SN18700;22.11.2024 21:00;-6,6
Oslo - Blindern;SN18700;22.11.2024 22:00;-6,9
Oslo - Blindern;SN18700;22.11.2024 23:00;-7,7
Oslo - Blindern;SN18700;23.11.2024 00:00;-7,9
Oslo - Blindern;SN18700;23.11.2024 01:00;-8
Oslo - Blindern;SN18700;23.11.2024 02:00;-7,8
Oslo - Blindern;SN18700;23.11.2024 03:00;-7,7
Oslo - Blindern;SN18700;23.11.2024 04:00;-7,5
Oslo - Blindern;SN18700;23.11.2024 05:00;-6,9
Oslo - Blindern;SN18700;23.11.2024 06:00;-6,7
Oslo - Blindern;SN18700;23.11.2024 07:00;-5,4
Oslo - Blindern;SN18700;23.11.2024 08:00;-6,1
Oslo - Blindern;SN18700;23.11.2024 09:00;-5,6
Oslo - Blindern;SN18700;23.11.2024 10:00;-3,7
Oslo - Blindern;SN18700;23.11.2024 11:00;-0,6
Oslo - Blindern;SN18700;23.11.2024 12:00;0,9
Oslo - Blindern;SN18700;23.11.2024 13:00;2,8
Oslo - Blindern;SN18700;23.11.2024 14:00;2,2
Oslo - Blindern;SN18700;23.11.2024 15:00;0,1
Oslo - Blindern;SN18700;23.11.2024 16:00;-2,1
Oslo - Blindern;SN18700;23.11.2024 17:00;-3,3
Oslo - Blindern;SN18700;23.11.2024 18:00;-3,4
Oslo - Blindern;SN18700;23.11.2024 19:00;-4,2
Oslo - Blindern;SN18700;23.11.2024 20:00;-4,5
Oslo - Blindern;SN18700;23.11.2024 21:00;-4,5
Oslo - Blindern;SN18700;23.11.2024 22:00;-4,1
Oslo - Blindern;SN18700;23.11.2024 23:00;-4
Oslo - Blindern;SN18700;24.11.2024 00:00;-3,3
Oslo - Blindern;SN18700;24.11.2024 01:00;-3,1
Oslo - Blindern;SN18700;24.11.2024 02:00;-2,5
Oslo - Blindern;SN18700;24.11.2024 03:00;-1,6
Oslo - Blindern;SN18700;24.11.2024 04:00;-1,4
Oslo - Blindern;SN18700;24.11.2024 05:00;-1,4
Oslo - Blindern;SN18700;24.11.2024 06:00;-1,2
Oslo - Blindern;SN18700;24.11.2024 07:00;-0,4
Oslo - Blindern;SN18700;24.11.2024 08:00;0,1
Oslo - Blindern;SN18700;24.11.2024 09:00;0,2
Oslo - Blindern;SN18700;24.11.2024 10:00;0,5
Oslo - Blindern;SN18700;24.11.2024 11:00;0,6
Oslo - Blindern;SN18700;24.11.2024 12:00;0,9
Oslo - Blindern;SN18700;24.11.2024 13:00;1,5
Oslo - Blindern;SN18700;24.11.2024 14:00;1,6
Oslo - Blindern;SN18700;24.11.2024 15:00;1,6
Oslo - Blindern;SN18700;24.11.2024 16:00;2,2
Oslo - Blindern;SN18700;24.11.2024 17:00;2,3
Oslo - Blindern;SN18700;24.11.2024 18:00;2,7
Oslo - Blindern;SN18700;24.11.2024 19:00;3,6
Oslo - Blindern;SN18700;24.11.2024 20:00;3,2
Oslo - Blindern;SN18700;24.11.2024 21:00;3
Oslo - Blindern;SN18700;24.11.2024 22:00;2,9
Oslo - Blindern;SN18700;24.11.2024 23:00;3,6
Oslo - Blindern;SN18700;25.11.2024 00:00;3,8
Oslo - Blindern;SN18700;25.11.2024 01:00;3,4
Oslo - Blindern;SN18700;25.11.2024 02:00;3,3
Oslo - Blindern;SN18700;25.11.2024 03:00;3,4
Oslo - Blindern;SN18700;25.11.2024 04:00;3,5
Oslo - Blindern;SN18700;25.11.2024 05:00;3,3
Oslo - Blindern;SN18700;25.11.2024 06:00;4,4
Oslo - Blindern;SN18700;25.11.2024 07:00;5,6
Oslo - Blindern;SN18700;25.11.2024 08:00;5,7
Oslo - Blindern;SN18700;25.11.2024 09:00;5,9
Oslo - Blindern;SN18700;25.11.2024 10:00;6
Oslo - Blindern;SN18700;25.11.2024 11:00;6,8
Oslo - Blindern;SN18700;25.11.2024 12:00;7,2
Oslo - Blindern;SN18700;25.11.2024 13:00;7,6
Oslo - Blindern;SN18700;25.11.2024 14:00;7,6
Oslo - Blindern;SN18700;25.11.2024 15:00;8,2
Oslo - Blindern;SN18700;25.11.2024 16:00;8,3
Oslo - Blindern;SN18700;25.11.2024 17:00;8,2
Oslo - Blindern;SN18700;25.11.2024 18:00;7,6
Oslo - Blindern;SN18700;25.11.2024 19:00;7,6
Oslo - Blindern;SN18700;25.11.2024 20:00;7,4
Oslo - Blindern;SN18700;25.11.2024 21:00;7,1
Oslo - Blindern;SN18700;25.11.2024 22:00;7,1
Oslo - Blindern;SN18700;25.11.2024 23:00;7,3
Oslo - Blindern;SN18700;26.11.2024 00:00;7,2
Oslo - Blindern;SN18700;26.11.2024 01:00;7,1
Oslo - Blindern;SN18700;26.11.2024 02:00;7,1
Oslo - Blindern;SN18700;26.11.2024 03:00;7,2
Oslo - Blindern;SN18700;26.11.2024 04:00;7,5
Oslo - Blindern;SN18700;26.11.2024 05:00;7,7
Oslo - Blindern;SN18700;26.11.2024 06:00;7,7
Oslo - Blindern;SN18700;26.11.2024 07:00;7,8
Oslo - Blindern;SN18700;26.11.2024 08:00;7,9
Oslo - Blindern;SN18700;26.11.2024 09:00;8,1
Oslo - Blindern;SN18700;26.11.2024 10:00;8,2
Oslo - Blindern;SN18700;26.11.2024 11:00;8,3
Oslo - Blindern;SN18700;26.11.2024 12:00;8,4
Oslo - Blindern;SN18700;26.11.2024 13:00;8,3
Oslo - Blindern;SN18700;26.11.2024 14:00;7,6
Oslo - Blindern;SN18700;26.11.2024 15:00;7
Oslo - Blindern;SN18700;26.11.2024 16:00;5,7
Oslo - Blindern;SN18700;26.11.2024 17:00;3,9
Oslo - Blindern;SN18700;26.11.2024 18:00;3,9
Oslo - Blindern;SN18700;26.11.2024 19:00;4
Oslo - Blindern;SN18700;26.11.2024 20:00;2,9
Oslo - Blindern;SN18700;26.11.2024 21:00;2,8
Oslo - Blindern;SN18700;26.11.2024 22:00;2,9
Oslo - Blindern;SN18700;26.11.2024 23:00;4
Oslo - Blindern;SN18700;27.11.2024 00:00;4,9
Oslo - Blindern;SN18700;27.11.2024 01:00;4,7
Oslo - Blindern;SN18700;27.11.2024 02:00;4,5
Oslo - Blindern;SN18700;27.11.2024 03:00;4,2
Oslo - Blindern;SN18700;27.11.2024 04:00;4,2
Oslo - Blindern;SN18700;27.11.2024 05:00;3,7
Oslo - Blindern;SN18700;27.11.2024 06:00;3,7
Oslo - Blindern;SN18700;27.11.2024 07:00;3,4
Oslo - Blindern;SN18700;27.11.2024 08:00;3,2
Oslo - Blindern;SN18700;27.11.2024 09:00;3,1
Oslo - Blindern;SN18700;27.11.2024 10:00;3,2
Oslo - Blindern;SN18700;27.11.2024 11:00;3,4
Oslo - Blindern;SN18700;27.11.2024 12:00;3,7
Oslo - Blindern;SN18700;27.11.2024 13:00;3,7
Oslo - Blindern;SN18700;27.11.2024 14:00;3,2
Oslo - Blindern;SN18700;27.11.2024 15:00;2,5
Oslo - Blindern;SN18700;27.11.2024 16:00;1,9
Oslo - Blindern;SN18700;27.11.2024 17:00;1,3
Oslo - Blindern;SN18700;27.11.2024 18:00;1,1
Oslo - Blindern;SN18700;27.11.2024 19:00;1,2
Oslo - Blindern;SN18700;27.11.2024 20:00;1,4
Oslo - Blindern;SN18700;27.11.2024 21:00;1,2
Oslo - Blindern;SN18700;27.11.2024 22:00;1,1
Oslo - Blindern;SN18700;27.11.2024 23:00;1,7
Oslo - Blindern;SN18700;28.11.2024 00:00;1,4
Oslo - Blindern;SN18700;28.11.2024 01:00;1,3
Oslo - Blindern;SN18700;28.11.2024 02:00;1
Oslo - Blindern;SN18700;28.11.2024 03:00;0,7
Oslo - Blindern;SN18700;28.11.2024 04:00;0,1
Oslo - Blindern;SN18700;28.11.2024 05:00;-0,3
Oslo - Blindern;SN18700;28.11.2024 06:00;-0,8
Oslo - Blindern;SN18700;28.11.2024 07:00;-1
Oslo - Blindern;SN18700;28.11.2024 08:00;-1,2
Oslo - Blindern;SN18700;28.11.2024 09:00;-1,7
Oslo - Blindern;SN18700;28.11.2024 10:00;-1,3
Oslo - Blindern;SN18700;28.11.2024 11:00;0,2
Oslo - Blindern;SN18700;28.11.2024 12:00;0,1
Oslo - Blindern;SN18700;28.11.2024 13:00;1,4
Oslo - Blindern;SN18700;28.11.2024 14:00;0,5
Oslo - Blindern;SN18700;28.11.2024 15:00;-0,8
Oslo - Blindern;SN18700;28.11.2024 16:00;-1,3
Oslo - Blindern;SN18700;28.11.2024 17:00;-2,7
Oslo - Blindern;SN18700;28.11.2024 18:00;-3
Oslo - Blindern;SN18700;28.11.2024 19:00;-3,7
Oslo - Blindern;SN18700;28.11.2024 20:00;-4,4
Oslo - Blindern;SN18700;28.11.2024 21:00;-4,8
Oslo - Blindern;SN18700;28.11.2024 22:00;-4,7
Oslo - Blindern;SN18700;28.11.2024 23:00;-5,1
Oslo - Blindern;SN18700;29.11.2024 00:00;-5,5
Oslo - Blindern;SN18700;29.11.2024 01:00;-5,8
Oslo - Blindern;SN18700;29.11.2024 02:00;-5,9
Oslo - Blindern;SN18700;29.11.2024 03:00;-6,3
Oslo - Blindern;SN18700;29.11.2024 04:00;-6
Oslo - Blindern;SN18700;29.11.2024 05:00;-4,6
Oslo - Blindern;SN18700;29.11.2024 06:00;-3,5
Oslo - Blindern;SN18700;29.11.2024 07:00;-2,9
Oslo - Blindern;SN18700;29.11.2024 08:00;-2,6
Oslo - Blindern;SN18700;29.11.2024 09:00;-2,2
Oslo - Blindern;SN18700;29.11.2024 10:00;-2,1
Oslo - Blindern;SN18700;29.11.2024 11:00;-1,6
Oslo - Blindern;SN18700;29.11.2024 12:00;-1,4
Oslo - Blindern;SN18700;29.11.2024 13:00;-1,2
Oslo - Blindern;SN18700;29.11.2024 14:00;-0,9
Oslo - Blindern;SN18700;29.11.2024 15:00;-0,7
Oslo - Blindern;SN18700;29.11.2024 16:00;-0,3
Oslo - Blindern;SN18700;29.11.2024 17:00;0,1
Oslo - Blindern;SN18700;29.11.2024 18:00;0,6
Oslo - Blindern;SN18700;29.11.2024 19:00;0,8
Oslo - Blindern;SN18700;29.11.2024 20:00;1,1
Oslo - Blindern;SN18700;29.11.2024 21:00;1,4
Oslo - Blindern;SN18700;29.11.2024 22:00;1
Oslo - Blindern;SN18700;29.11.2024 23:00;1,3
Oslo - Blindern;SN18700;30.11.2024 00:00;1,4
Oslo - Blindern;SN18700;30.11.2024 01:00;1,9
Oslo - Blindern;SN18700;30.11.2024 02:00;2,7
Oslo - Blindern;SN18700;30.11.2024 03:00;3,3
Oslo - Blindern;SN18700;30.11.2024 04:00;3,8
Oslo - Blindern;SN18700;30.11.2024 05:00;3,6
Oslo - Blindern;SN18700;30.11.2024 06:00;4,1
Oslo - Blindern;SN18700;30.11.2024 07:00;5,4
Oslo - Blindern;SN18700;30.11.2024 08:00;5,7
Oslo - Blindern;SN18700;30.11.2024 09:00;6,6
Oslo - Blindern;SN18700;30.11.2024 10:00;6,2
Oslo - Blindern;SN18700;30.11.2024 11:00;6
Oslo - Blindern;SN18700;30.11.2024 12:00;6,9
Oslo - Blindern;SN18700;30.11.2024 13:00;7,3
Oslo - Blindern;SN18700;30.11.2024 14:00;7,1
Oslo - Blindern;SN18700;30.11.2024 15:00;7,2
Oslo - Blindern;SN18700;30.11.2024 16:00;7,3
Oslo - Blindern;SN18700;30.11.2024 17:00;7,2
Oslo - Blindern;SN18700;30.11.2024 18:00;7,6
Oslo - Blindern;SN18700;30.11.2024 19:00;7,7
Oslo - Blindern;SN18700;30.11.2024 20:00;7,7
Oslo - Blindern;SN18700;30.11.2024 21:00;7,8
Oslo - Blindern;SN18700;30.11.2024 22:00;8,1
Oslo - Blindern;SN18700;30.11.2024 23:00;7,8
Oslo - Blindern;SN18700;01.12.2024 00:00;7,5
Oslo - Blindern;SN18700;01.12.2024 01:00;7,5
Oslo - Blindern;SN18700;01.12.2024 02:00;7,6
Oslo - Blindern;SN18700;01.12.2024 03:00;7,3
Oslo - Blindern;SN18700;01.12.2024 04:00;7,1
Oslo - Blindern;SN18700;01.12.2024 05:00;7
Oslo - Blindern;SN18700;01.12.2024 06:00;7,1
Oslo - Blindern;SN18700;01.12.2024 07:00;7,2
Oslo - Blindern;SN18700;01.12.2024 08:00;7,1
Oslo - Blindern;SN18700;01.12.2024 09:00;7,8
Oslo - Blindern;SN18700;01.12.2024 10:00;8
Oslo - Blindern;SN18700;01.12.2024 11:00;8,2
Oslo - Blindern;SN18700;01.12.2024 12:00;9
Oslo - Blindern;SN18700;01.12.2024 13:00;9,1
Oslo - Blindern;SN18700;01.12.2024 14:00;8,9
Oslo - Blindern;SN18700;01.12.2024 15:00;8,8
Oslo - Blindern;SN18700;01.12.2024 16:00;8,5
Oslo - Blindern;SN18700;01.12.2024 17:00;8,5
Oslo - Blindern;SN18700;01.12.2024 18:00;8,8
Oslo - Blindern;SN18700;01.12.2024 19:00;8,7
Oslo - Blindern;SN18700;01.12.2024 20:00;8,4
Oslo - Blindern;SN18700;01.12.2024 21:00;8,4
Oslo - Blindern;SN18700;01.12.2024 22:00;8,1
Oslo - Blindern;SN18700;01.12.2024 23:00;7,7
Oslo - Blindern;SN18700;02.12.2024 00:00;7,5
Oslo - Blindern;SN18700;02.12.2024 01:00;7,1
Oslo - Blindern;SN18700;02.12.2024 02:00;6,7
Oslo - Blindern;SN18700;02.12.2024 03:00;6,6
Oslo - Blindern;SN18700;02.12.2024 04:00;6,4
Oslo - Blindern;SN18700;02.12.2024 05:00;6,5
Oslo - Blindern;SN18700;02.12.2024 06:00;6,6
Oslo - Blindern;SN18700;02.12.2024 07:00;6,8
Oslo - Blindern;SN18700;02.12.2024 08:00;6,9
Oslo - Blindern;SN18700;02.12.2024 09:00;7
Oslo - Blindern;SN18700;02.12.2024 10:00;7,1
Oslo - Blindern;SN18700;02.12.2024 11:00;7,3
Oslo - Blindern;SN18700;02.12.2024 12:00;7,5
Oslo - Blindern;SN18700;02.12.2024 13:00;7,6
Oslo - Blindern;SN18700;02.12.2024 14:00;7,7
Oslo - Blindern;SN18700;02.12.2024 15:00;7,8
Oslo - Blindern;SN18700;02.12.2024 16:00;7,9
Oslo - Blindern;SN18700;02.12.2024 17:00;5,6
Oslo - Blindern;SN18700;02.12.2024 18:00;4,6
Oslo - Blindern;SN18700;02.12.2024 19:00;4,1
Oslo - Blindern;SN18700;02.12.2024 20:00;3,8
Oslo - Blindern;SN18700;02.12.2024 21:00;3,3
Oslo - Blindern;SN18700;02.12.2024 22:00;3
Oslo - Blindern;SN18700;02.12.2024 23:00;2,6
Oslo - Blindern;SN18700;03.12.2024 00:00;2,6
Oslo - Blindern;SN18700;03.12.2024 01:00;2,4
Oslo - Blindern;SN18700;03.12.2024 02:00;2,1
Oslo - Blindern;SN18700;03.12.2024 03:00;1,5
Oslo - Blindern;SN18700;03.12.2024 04:00;0,5
Oslo - Blindern;SN18700;03.12.2024 05:00;-0,2
Oslo - Blindern;SN18700;03.12.2024 06:00;-0,5
Oslo - Blindern;SN18700;03.12.2024 07:00;-0,9
Oslo - Blindern;SN18700;03.12.2024 08:00;-1,2
Oslo - Blindern;SN18700;03.12.2024 09:00;-1,5
Oslo - Blindern;SN18700;03.12.2024 10:00;-1,2
Oslo - Blindern;SN18700;03.12.2024 11:00;-0,5
Oslo - Blindern;SN18700;03.12.2024 12:00;-0,6
Oslo - Blindern;SN18700;03.12.2024 13:00;-0,3
Oslo - Blindern;SN18700;03.12.2024 14:00;-0,9
Oslo - Blindern;SN18700;03.12.2024 15:00;-1,7
Oslo - Blindern;SN18700;03.12.2024 16:00;-2,4
Oslo - Blindern;SN18700;03.12.2024 17:00;-2,9
Oslo - Blindern;SN18700;03.12.2024 18:00;-3,6
Oslo - Blindern;SN18700;03.12.2024 19:00;-4,2
Oslo - Blindern;SN18700;03.12.2024 20:00;-4,7
Oslo - Blindern;SN18700;03.12.2024 21:00;-4,6
Oslo - Blindern;SN18700;03.12.2024 22:00;-5,1
Oslo - Blindern;SN18700;03.12.2024 23:00;-5,2
Oslo - Blindern;SN18700;04.12.2024 00:00;-5,3
Oslo - Blindern;SN18700;04.12.2024 01:00;-6,3
Oslo - Blindern;SN18700;04.12.2024 02:00;-6,4
Oslo - Blindern;SN18700;04.12.2024 03:00;-6,2
Oslo - Blindern;SN18700;04.12.2024 04:00;-5
Oslo - Blindern;SN18700;04.12.2024 05:00;-4,9
Oslo - Blindern;SN18700;04.12.2024 06:00;-4,6
Oslo - Blindern;SN18700;04.12.2024 07:00;-5
Oslo - Blindern;SN18700;04.12.2024 08:00;-5,5
Oslo - Blindern;SN18700;04.12.2024 09:00;-5,5
Oslo - Blindern;SN18700;04.12.2024 10:00;-5,4
Oslo - Blindern;SN18700;04.12.2024 11:00;-4,2
Oslo - Blindern;SN18700;04.12.2024 12:00;-3,6
Oslo - Blindern;SN18700;04.12.2024 13:00;-3,3
Oslo - Blindern;SN18700;04.12.2024 14:00;-3,2
Oslo - Blindern;SN18700;04.12.2024 15:00;-3,6
Oslo - Blindern;SN18700;04.12.2024 16:00;-4,6
Oslo - Blindern;SN18700;04.12.2024 17:00;-4,6
Oslo - Blindern;SN18700;04.12.2024 18:00;-4,4
Oslo - Blindern;SN18700;04.12.2024 19:00;-4,3
Oslo - Blindern;SN18700;04.12.2024 20:00;-4,2
Oslo - Blindern;SN18700;04.12.2024 21:00;-4,1
Oslo - Blindern;SN18700;04.12.2024 22:00;-4
Oslo - Blindern;SN18700;04.12.2024 23:00;-3,5
Oslo - Blindern;SN18700;05.12.2024 00:00;-2,9
Oslo - Blindern;SN18700;05.12.2024 01:00;-2,7
Oslo - Blindern;SN18700;05.12.2024 02:00;-2,4
Oslo - Blindern;SN18700;05.12.2024 03:00;-2,2
Oslo - Blindern;SN18700;05.12.2024 04:00;-2,1
Oslo - Blindern;SN18700;05.12.2024 05:00;-1,8
Oslo - Blindern;SN18700;05.12.2024 06:00;-1,5
Oslo - Blindern;SN18700;05.12.2024 07:00;-1,1
Oslo - Blindern;SN18700;05.12.2024 08:00;-0,9
Oslo - Blindern;SN18700;05.12.2024 09:00;-0,4
Oslo - Blindern;SN18700;05.12.2024 10:00;-0,5
Oslo - Blindern;SN18700;05.12.2024 11:00;-0,2
Oslo - Blindern;SN18700;05.12.2024 12:00;0
Oslo - Blindern;SN18700;05.12.2024 13:00;0
Oslo - Blindern;SN18700;05.12.2024 14:00;0
Oslo - Blindern;SN18700;05.12.2024 15:00;0,2
Oslo - Blindern;SN18700;05.12.2024 16:00;0,4
Oslo - Blindern;SN18700;05.12.2024 17:00;0
Oslo - Blindern;SN18700;05.12.2024 18:00;0,1
Oslo - Blindern;SN18700;05.12.2024 19:00;0,7
Oslo - Blindern;SN18700;05.12.2024 20:00;0,7
Oslo - Blindern;SN18700;05.12.2024 21:00;1,2
Oslo - Blindern;SN18700;05.12.2024 22:00;1,5
Oslo - Blindern;SN18700;05.12.2024 23:00;1,8
Oslo - Blindern;SN18700;06.12.2024 00:00;1,2
Oslo - Blindern;SN18700;06.12.2024 01:00;0,8
Oslo - Blindern;SN18700;06.12.2024 02:00;0,5
Oslo - Blindern;SN18700;06.12.2024 03:00;0,8
Oslo - Blindern;SN18700;06.12.2024 04:00;0,9
Oslo - Blindern;SN18700;06.12.2024 05:00;0,8
Oslo - Blindern;SN18700;06.12.2024 06:00;1,2
Oslo - Blindern;SN18700;06.12.2024 07:00;1,3
Oslo - Blindern;SN18700;06.12.2024 08:00;1,4
Oslo - Blindern;SN18700;06.12.2024 09:00;1,4
Oslo - Blindern;SN18700;06.12.2024 10:00;1,4
Oslo - Blindern;SN18700;06.12.2024 11:00;1,4
Oslo - Blindern;SN18700;06.12.2024 12:00;1,6
Oslo - Blindern;SN18700;06.12.2024 13:00;1,7
Oslo - Blindern;SN18700;06.12.2024 14:00;2
Oslo - Blindern;SN18700;06.12.2024 15:00;1,8
Oslo - Blindern;SN18700;06.12.2024 16:00;1,8
Oslo - Blindern;SN18700;06.12.2024 17:00;1,5
Oslo - Blindern;SN18700;06.12.2024 18:00;1,4
Oslo - Blindern;SN18700;06.12.2024 19:00;1,5
Oslo - Blindern;SN18700;06.12.2024 20:00;1,5
Oslo - Blindern;SN18700;06.12.2024 21:00;1,7
Oslo - Blindern;SN18700;06.12.2024 22:00;1,8
Oslo - Blindern;SN18700;06.12.2024 23:00;1,8
Oslo - Blindern;SN18700;07.12.2024 00:00;1,8
Oslo - Blindern;SN18700;07.12.2024 01:00;1,5
Oslo - Blindern;SN18700;07.12.2024 02:00;1,3
Oslo - Blindern;SN18700;07.12.2024 03:00;1
Oslo - Blindern;SN18700;07.12.2024 04:00;1,3
Oslo - Blindern;SN18700;07.12.2024 05:00;1,4
Oslo - Blindern;SN18700;07.12.2024 06:00;1,5
Oslo - Blindern;SN18700;07.12.2024 07:00;1,5
Oslo - Blindern;SN18700;07.12.2024 08:00;1,9
Oslo - Blindern;SN18700;07.12.2024 09:00;2,2
Oslo - Blindern;SN18700;07.12.2024 10:00;2,1
Oslo - Blindern;SN18700;07.12.2024 11:00;2,1
Oslo - Blindern;SN18700;07.12.2024 12:00;2,3
Oslo - Blindern;SN18700;07.12.2024 13:00;1,8
Oslo - Blindern;SN18700;07.12.2024 14:00;1,8
Oslo - Blindern;SN18700;07.12.2024 15:00;1,6
Oslo - Blindern;SN18700;07.12.2024 16:00;1,7
Oslo - Blindern;SN18700;07.12.2024 17:00;1,8
Oslo - Blindern;SN18700;07.12.2024 18:00;1,8
Oslo - Blindern;SN18700;07.12.2024 19:00;1,8
Oslo - Blindern;SN18700;07.12.2024 20:00;1,6
Oslo - Blindern;SN18700;07.12.2024 21:00;1,5
Oslo - Blindern;SN18700;07.12.2024 22:00;1,7
Oslo - Blindern;SN18700;07.12.2024 23:00;1,5
Oslo - Blindern;SN18700;08.12.2024 00:00;1,2
Oslo - Blindern;SN18700;08.12.2024 01:00;1,3
Oslo - Blindern;SN18700;08.12.2024 02:00;1,5
Oslo - Blindern;SN18700;08.12.2024 03:00;1,7
Oslo - Blindern;SN18700;08.12.2024 04:00;1,7
Oslo - Blindern;SN18700;08.12.2024 05:00;1,8
Oslo - Blindern;SN18700;08.12.2024 06:00;1,7
Oslo - Blindern;SN18700;08.12.2024 07:00;1,4
Oslo - Blindern;SN18700;08.12.2024 08:00;1,4
Oslo - Blindern;SN18700;08.12.2024 09:00;0,9
Oslo - Blindern;SN18700;08.12.2024 10:00;1,3
Oslo - Blindern;SN18700;08.12.2024 11:00;1,3
Oslo - Blindern;SN18700;08.12.2024 12:00;1,4
Oslo - Blindern;SN18700;08.12.2024 13:00;1,5
Oslo - Blindern;SN18700;08.12.2024 14:00;1,2
Oslo - Blindern;SN18700;08.12.2024 15:00;0,8
Oslo - Blindern;SN18700;08.12.2024 16:00;0,2
Oslo - Blindern;SN18700;08.12.2024 17:00;-1
Oslo - Blindern;SN18700;08.12.2024 18:00;-1
Oslo - Blindern;SN18700;08.12.2024 19:00;-1
Oslo - Blindern;SN18700;08.12.2024 20:00;0,2
Oslo - Blindern;SN18700;08.12.2024 21:00;2,2
Oslo - Blindern;SN18700;08.12.2024 22:00;2,4
Oslo - Blindern;SN18700;08.12.2024 23:00;1,1
Oslo - Blindern;SN18700;09.12.2024 00:00;1,5
Oslo - Blindern;SN18700;09.12.2024 01:00;0,8
Oslo - Blindern;SN18700;09.12.2024 02:00;0,1
Oslo - Blindern;SN18700;09.12.2024 03:00;0,4
Oslo - Blindern;SN18700;09.12.2024 04:00;-0,2
Oslo - Blindern;SN18700;09.12.2024 05:00;0,1
Oslo - Blindern;SN18700;09.12.2024 06:00;0
Oslo - Blindern;SN18700;09.12.2024 07:00;-1,2
Oslo - Blindern;SN18700;09.12.2024 08:00;-0,7
Oslo - Blindern;SN18700;09.12.2024 09:00;-1,5
Oslo - Blindern;SN18700;09.12.2024 10:00;-1,2
Oslo - Blindern;SN18700;09.12.2024 11:00;0,1
Oslo - Blindern;SN18700;09.12.2024 12:00;-0,4
Oslo - Blindern;SN18700;09.12.2024 13:00;0,4
Oslo - Blindern;SN18700;09.12.2024 14:00;-0,2
Oslo - Blindern;SN18700;09.12.2024 15:00;-1
Oslo - Blindern;SN18700;09.12.2024 16:00;-2
Oslo - Blindern;SN18700;09.12.2024 17:00;-2,8
Oslo - Blindern;SN18700;09.12.2024 18:00;-3,6
Oslo - Blindern;SN18700;09.12.2024 19:00;-4,1
Oslo - Blindern;SN18700;09.12.2024 20:00;-4,6
Oslo - Blindern;SN18700;09.12.2024 21:00;-4,9
Oslo - Blindern;SN18700;09.12.2024 22:00;-5,4
Oslo - Blindern;SN18700;09.12.2024 23:00;-5,7
Oslo - Blindern;SN18700;10.12.2024 00:00;-5,5
Oslo - Blindern;SN18700;10.12.2024 01:00;-5,4
Oslo - Blindern;SN18700;10.12.2024 02:00;-5,5
Oslo - Blindern;SN18700;10.12.2024 03:00;-5,2
Oslo - Blindern;SN18700;10.12.2024 04:00;-5,1
Oslo - Blindern;SN18700;10.12.2024 05:00;-5,2
Oslo - Blindern;SN18700;10.12.2024 06:00;-5,4
Oslo - Blindern;SN18700;10.12.2024 07:00;-5,7
Oslo - Blindern;SN18700;10.12.2024 08:00;-5,9
Oslo - Blindern;SN18700;10.12.2024 09:00;-5,6
Oslo - Blindern;SN18700;10.12.2024 10:00;-4,9
Oslo - Blindern;SN18700;10.12.2024 11:00;-5,3
Oslo - Blindern;SN18700;10.12.2024 12:00;-4,6
Oslo - Blindern;SN18700;10.12.2024 13:00;-4,2
Oslo - Blindern;SN18700;10.12.2024 14:00;-4,1
Oslo - Blindern;SN18700;10.12.2024 15:00;-4,6
Oslo - Blindern;SN18700;10.12.2024 16:00;-4,7
Oslo - Blindern;SN18700;10.12.2024 17:00;-5,5
Oslo - Blindern;SN18700;10.12.2024 18:00;-6,3
Oslo - Blindern;SN18700;10.12.2024 19:00;-6,4
Oslo - Blindern;SN18700;10.12.2024 20:00;-6,5
Oslo - Blindern;SN18700;10.12.2024 21:00;-6,2
Oslo - Blindern;SN18700;10.12.2024 22:00;-6
Oslo - Blindern;SN18700;10.12.2024 23:00;-5,9
Oslo - Blindern;SN18700;11.12.2024 00:00;-6,2
Oslo - Blindern;SN18700;11.12.2024 01:00;-6,3
Oslo - Blindern;SN18700;11.12.2024 02:00;-6,2
Oslo - Blindern;SN18700;11.12.2024 03:00;-5,7
Oslo - Blindern;SN18700;11.12.2024 04:00;-6
Oslo - Blindern;SN18700;11.12.2024 05:00;-6,2
Oslo - Blindern;SN18700;11.12.2024 06:00;-6,2
Oslo - Blindern;SN18700;11.12.2024 07:00;-6
Oslo - Blindern;SN18700;11.12.2024 08:00;-5,5
Oslo - Blindern;SN18700;11.12.2024 09:00;-4,7
Oslo - Blindern;SN18700;11.12.2024 10:00;-4,3
Oslo - Blindern;SN18700;11.12.2024 11:00;-3,1
Oslo - Blindern;SN18700;11.12.2024 12:00;-2,3
Oslo - Blindern;SN18700;11.12.2024 13:00;-2,1
Oslo - Blindern;SN18700;11.12.2024 14:00;-1,7
Oslo - Blindern;SN18700;11.12.2024 15:00;-1,6
Oslo - Blindern;SN18700;11.12.2024 16:00;-2,5
Oslo - Blindern;SN18700;11.12.2024 17:00;-2,9
Oslo - Blindern;SN18700;11.12.2024 18:00;-2,4
Oslo - Blindern;SN18700;11.12.2024 19:00;-2,2
Oslo - Blindern;SN18700;11.12.2024 20:00;-1,9
Oslo - Blindern;SN18700;11.12.2024 21:00;-1,4
Oslo - Blindern;SN18700;11.12.2024 22:00;-1,6
Oslo - Blindern;SN18700;11.12.2024 23:00;-2,8
Oslo - Blindern;SN18700;12.12.2024 00:00;-3,1
Oslo - Blindern;SN18700;12.12.2024 01:00;-4,2
Oslo - Blindern;SN18700;12.12.2024 02:00;-4,2
Oslo - Blindern;SN18700;12.12.2024 03:00;-5,1
Oslo - Blindern;SN18700;12.12.2024 04:00;-5,6
Oslo - Blindern;SN18700;12.12.2024 05:00;-5,7
Oslo - Blindern;SN18700;12.12.2024 06:00;-5,7
Oslo - Blindern;SN18700;12.12.2024 07:00;-5,8
Oslo - Blindern;SN18700;12.12.2024 08:00;-5,7
Oslo - Blindern;SN18700;12.12.2024 09:00;-5,7
Oslo - Blindern;SN18700;12.12.2024 10:00;-4,7
Oslo - Blindern;SN18700;12.12.2024 11:00;-3,5
Oslo - Blindern;SN18700;12.12.2024 12:00;-2,1
Oslo - Blindern;SN18700;12.12.2024 13:00;-1,7
Oslo - Blindern;SN18700;12.12.2024 14:00;-1,8
Oslo - Blindern;SN18700;12.12.2024 15:00;-1,5
Oslo - Blindern;SN18700;12.12.2024 16:00;-1,8
Oslo - Blindern;SN18700;12.12.2024 17:00;-2,1
Oslo - Blindern;SN18700;12.12.2024 18:00;-2,7
Oslo - Blindern;SN18700;12.12.2024 19:00;-3,3
Oslo - Blindern;SN18700;12.12.2024 20:00;-3,8
Oslo - Blindern;SN18700;12.12.2024 21:00;-4,1
Oslo - Blindern;SN18700;12.12.2024 22:00;-5,1
Oslo - Blindern;SN18700;12.12.2024 23:00;-4,4
Oslo - Blindern;SN18700;13.12.2024 00:00;-3,9
Oslo - Blindern;SN18700;13.12.2024 01:00;-3,2
Oslo - Blindern;SN18700;13.12.2024 02:00;-3,3
Oslo - Blindern;SN18700;13.12.2024 03:00;-3,3
Oslo - Blindern;SN18700;13.12.2024 04:00;-2,9
Oslo - Blindern;SN18700;13.12.2024 05:00;-2,7
Oslo - Blindern;SN18700;13.12.2024 06:00;-2,4
Oslo - Blindern;SN18700;13.12.2024 07:00;-2
Oslo - Blindern;SN18700;13.12.2024 08:00;-1,7
Oslo - Blindern;SN18700;13.12.2024 09:00;-1,5
Oslo - Blindern;SN18700;13.12.2024 10:00;-1,4
Oslo - Blindern;SN18700;13.12.2024 11:00;-0,9
Oslo - Blindern;SN18700;13.12.2024 12:00;-0,4
Oslo - Blindern;SN18700;13.12.2024 13:00;-0,3
Oslo - Blindern;SN18700;13.12.2024 14:00;-0,2
Oslo - Blindern;SN18700;13.12.2024 15:00;-0,4
Oslo - Blindern;SN18700;13.12.2024 16:00;-0,3
Oslo - Blindern;SN18700;13.12.2024 17:00;-0,6
Oslo - Blindern;SN18700;13.12.2024 18:00;-0,2
Oslo - Blindern;SN18700;13.12.2024 19:00;0,1
Oslo - Blindern;SN18700;13.12.2024 20:00;0,3
Oslo - Blindern;SN18700;13.12.2024 21:00;0,5
Oslo - Blindern;SN18700;13.12.2024 22:00;0,6
Oslo - Blindern;SN18700;13.12.2024 23:00;0,7
Oslo - Blindern;SN18700;14.12.2024 00:00;0,9
Oslo - Blindern;SN18700;14.12.2024 01:00;1,2
Oslo - Blindern;SN18700;14.12.2024 02:00;1,4
Oslo - Blindern;SN18700;14.12.2024 03:00;1,8
Oslo - Blindern;SN18700;14.12.2024 04:00;2,1
Oslo - Blindern;SN18700;14.12.2024 05:00;2,2
Oslo - Blindern;SN18700;14.12.2024 06:00;2,3
Oslo - Blindern;SN18700;14.12.2024 07:00;2,2
Oslo - Blindern;SN18700;14.12.2024 08:00;1,4
Oslo - Blindern;SN18700;14.12.2024 09:00;0,3
Oslo - Blindern;SN18700;14.12.2024 10:00;-0,3
Oslo - Blindern;SN18700;14.12.2024 11:00;0,7
Oslo - Blindern;SN18700;14.12.2024 12:00;3,1
Oslo - Blindern;SN18700;14.12.2024 13:00;4
Oslo - Blindern;SN18700;14.12.2024 14:00;3,9
Oslo - Blindern;SN18700;14.12.2024 15:00;2,9
Oslo - Blindern;SN18700;14.12.2024 16:00;1,5
Oslo - Blindern;SN18700;14.12.2024 17:00;0,4
Oslo - Blindern;SN18700;14.12.2024 18:00;2,9
Oslo - Blindern;SN18700;14.12.2024 19:00;3,2
Oslo - Blindern;SN18700;14.12.2024 20:00;3
Oslo - Blindern;SN18700;14.12.2024 21:00;2,9
Oslo - Blindern;SN18700;14.12.2024 22:00;2,7
Oslo - Blindern;SN18700;14.12.2024 23:00;1,2
Oslo - Blindern;SN18700;15.12.2024 00:00;-1,4
Oslo - Blindern;SN18700;15.12.2024 01:00;-1,7
Oslo - Blindern;SN18700;15.12.2024 02:00;-2,3
Oslo - Blindern;SN18700;15.12.2024 03:00;-2,6
Oslo - Blindern;SN18700;15.12.2024 04:00;-2,6
Oslo - Blindern;SN18700;15.12.2024 05:00;-3
Oslo - Blindern;SN18700;15.12.2024 06:00;-3,6
Oslo - Blindern;SN18700;15.12.2024 07:00;-2,8
Oslo - Blindern;SN18700;15.12.2024 08:00;-2,6
Oslo - Blindern;SN18700;15.12.2024 09:00;-2
Oslo - Blindern;SN18700;15.12.2024 10:00;-1,2
Oslo - Blindern;SN18700;15.12.2024 11:00;-1,2
Oslo - Blindern;SN18700;15.12.2024 12:00;-1,1
Oslo - Blindern;SN18700;15.12.2024 13:00;-0,4
Oslo - Blindern;SN18700;15.12.2024 14:00;0,1
Oslo - Blindern;SN18700;15.12.2024 15:00;0,7
Oslo - Blindern;SN18700;15.12.2024 16:00;1
Oslo - Blindern;SN18700;15.12.2024 17:00;1,4
Oslo - Blindern;SN18700;15.12.2024 18:00;1,5
Oslo - Blindern;SN18700;15.12.2024 19:00;1,6
Oslo - Blindern;SN18700;15.12.2024 20:00;1,4
Oslo - Blindern;SN18700;15.12.2024 21:00;2,7
Oslo - Blindern;SN18700;15.12.2024 22:00;2,8
Oslo - Blindern;SN18700;15.12.2024 23:00;4,5
Oslo - Blindern;SN18700;16.12.2024 00:00;8
Oslo - Blindern;SN18700;16.12.2024 01:00;6,9
Oslo - Blindern;SN18700;16.12.2024 02:00;6,9
Oslo - Blindern;SN18700;16.12.2024 03:00;6,4
Oslo - Blindern;SN18700;16.12.2024 04:00;6,6
Oslo - Blindern;SN18700;16.12.2024 05:00;4,8
Oslo - Blindern;SN18700;16.12.2024 06:00;4,7
Oslo - Blindern;SN18700;16.12.2024 07:00;4,7
Oslo - Blindern;SN18700;16.12.2024 08:00;3,9
Oslo - Blindern;SN18700;16.12.2024 09:00;3,4
Oslo - Blindern;SN18700;16.12.2024 10:00;3,1
Oslo - Blindern;SN18700;16.12.2024 11:00;5,5
Oslo - Blindern;SN18700;16.12.2024 12:00;6,2
Oslo - Blindern;SN18700;16.12.2024 13:00;6,1
Oslo - Blindern;SN18700;16.12.2024 14:00;6,2
Oslo - Blindern;SN18700;16.12.2024 15:00;5,1
Oslo - Blindern;SN18700;16.12.2024 16:00;3,8
Oslo - Blindern;SN18700;16.12.2024 17:00;2,9
Oslo - Blindern;SN18700;16.12.2024 18:00;2,1
Oslo - Blindern;SN18700;16.12.2024 19:00;1,9
Oslo - Blindern;SN18700;16.12.2024 20:00;3,2
Oslo - Blindern;SN18700;16.12.2024 21:00;1,9
Oslo - Blindern;SN18700;16.12.2024 22:00;3,2
Oslo - Blindern;SN18700;16.12.2024 23:00;0,6
Oslo - Blindern;SN18700;17.12.2024 00:00;-0,4
Oslo - Blindern;SN18700;17.12.2024 01:00;2
Oslo - Blindern;SN18700;17.12.2024 02:00;4,2
Oslo - Blindern;SN18700;17.12.2024 03:00;3,3
Oslo - Blindern;SN18700;17.12.2024 04:00;2,7
Oslo - Blindern;SN18700;17.12.2024 05:00;4
Oslo - Blindern;SN18700;17.12.2024 06:00;4
Oslo - Blindern;SN18700;17.12.2024 07:00;3,8
Oslo - Blindern;SN18700;17.12.2024 08:00;2,4
Oslo - Blindern;SN18700;17.12.2024 09:00;0,7
Oslo - Blindern;SN18700;17.12.2024 10:00;1,2
Oslo - Blindern;SN18700;17.12.2024 11:00;1
Oslo - Blindern;SN18700;17.12.2024 12:00;1,5
Oslo - Blindern;SN18700;17.12.2024 13:00;2,1
Oslo - Blindern;SN18700;17.12.2024 14:00;1,3
Oslo - Blindern;SN18700;17.12.2024 15:00;0,7
Oslo - Blindern;SN18700;17.12.2024 16:00;-0,1
Oslo - Blindern;SN18700;17.12.2024 17:00;-0,5
Oslo - Blindern;SN18700;17.12.2024 18:00;-1,2
Oslo - Blindern;SN18700;17.12.2024 19:00;-0,7
Oslo - Blindern;SN18700;17.12.2024 20:00;-0,5
Oslo - Blindern;SN18700;17.12.2024 21:00;-0,4
Oslo - Blindern;SN18700;17.12.2024 22:00;-0,2
Oslo - Blindern;SN18700;17.12.2024 23:00;-0,5
Oslo - Blindern;SN18700;18.12.2024 00:00;0,4
Oslo - Blindern;SN18700;18.12.2024 01:00;0,6
Oslo - Blindern;SN18700;18.12.2024 02:00;0,7
Oslo - Blindern;SN18700;18.12.2024 03:00;0,9
Oslo - Blindern;SN18700;18.12.2024 04:00;1,1
Oslo - Blindern;SN18700;18.12.2024 05:00;1,7
Oslo - Blindern;SN18700;18.12.2024 06:00;2,4
Oslo - Blindern;SN18700;18.12.2024 07:00;4
Oslo - Blindern;SN18700;18.12.2024 08:00;4,9
Oslo - Blindern;SN18700;18.12.2024 09:00;6
Oslo - Blindern;SN18700;18.12.2024 10:00;6
Oslo - Blindern;SN18700;18.12.2024 11:00;5,9
Oslo - Blindern;SN18700;18.12.2024 12:00;5,9
Oslo - Blindern;SN18700;18.12.2024 13:00;6,1
Oslo - Blindern;SN18700;18.12.2024 14:00;6,7
Oslo - Blindern;SN18700;18.12.2024 15:00;6,9
Oslo - Blindern;SN18700;18.12.2024 16:00;7
Oslo - Blindern;SN18700;18.12.2024 17:00;7,1
Oslo - Blindern;SN18700;18.12.2024 18:00;7,5
Oslo - Blindern;SN18700;18.12.2024 19:00;7,5
Oslo - Blindern;SN18700;18.12.2024 20:00;7,6
Oslo - Blindern;SN18700;18.12.2024 21:00;7,4
Oslo - Blindern;SN18700;18.12.2024 22:00;7,6
Oslo - Blindern;SN18700;18.12.2024 23:00;7,2
Oslo - Blindern;SN18700;19.12.2024 00:00;6
Oslo - Blindern;SN18700;19.12.2024 01:00;5,8
Oslo - Blindern;SN18700;19.12.2024 02:00;5,2
Oslo - Blindern;SN18700;19.12.2024 03:00;5,1
Oslo - Blindern;SN18700;19.12.2024 04:00;5,4
Oslo - Blindern;SN18700;19.12.2024 05:00;4,3
Oslo - Blindern;SN18700;19.12.2024 06:00;3,7
Oslo - Blindern;SN18700;19.12.2024 07:00;3,7
Oslo - Blindern;SN18700;19.12.2024 08:00;3,7
Oslo - Blindern;SN18700;19.12.2024 09:00;3,5
Oslo - Blindern;SN18700;19.12.2024 10:00;2,2
Oslo - Blindern;SN18700;19.12.2024 11:00;2,9
Oslo - Blindern;SN18700;19.12.2024 12:00;3,1
Oslo - Blindern;SN18700;19.12.2024 13:00;4,4
Oslo - Blindern;SN18700;19.12.2024 14:00;3,8
Oslo - Blindern;SN18700;19.12.2024 15:00;3
Oslo - Blindern;SN18700;19.12.2024 16:00;1,8
Oslo - Blindern;SN18700;19.12.2024 17:00;2,4
Oslo - Blindern;SN18700;19.12.2024 18:00;2,3
Oslo - Blindern;SN18700;19.12.2024 19:00;1,8
Oslo - Blindern;SN18700;19.12.2024 20:00;1,7
Oslo - Blindern;SN18700;19.12.2024 21:00;1,3
Oslo - Blindern;SN18700;19.12.2024 22:00;3,5
Oslo - Blindern;SN18700;19.12.2024 23:00;3,6
Oslo - Blindern;SN18700;20.12.2024 00:00;2,7
Oslo - Blindern;SN18700;20.12.2024 01:00;4
Oslo - Blindern;SN18700;20.12.2024 02:00;3,3
Oslo - Blindern;SN18700;20.12.2024 03:00;3,2
Oslo - Blindern;SN18700;20.12.2024 04:00;2,8
Oslo - Blindern;SN18700;20.12.2024 05:00;2,5
Oslo - Blindern;SN18700;20.12.2024 06:00;2,4
Oslo - Blindern;SN18700;20.12.2024 07:00;2,4
Oslo - Blindern;SN18700;20.12.2024 08:00;1,9
Oslo - Blindern;SN18700;20.12.2024 09:00;2
Oslo - Blindern;SN18700;20.12.2024 10:00;1,1
Oslo - Blindern;SN18700;20.12.2024 11:00;2,9
Oslo - Blindern;SN18700;20.12.2024 12:00;2,8
Oslo - Blindern;SN18700;20.12.2024 13:00;2,8
Oslo - Blindern;SN18700;20.12.2024 14:00;2,1
Oslo - Blindern;SN18700;20.12.2024 15:00;2,2
Oslo - Blindern;SN18700;20.12.2024 16:00;0,9
Oslo - Blindern;SN18700;20.12.2024 17:00;-0,3
Oslo - Blindern;SN18700;20.12.2024 18:00;-1,6
Oslo - Blindern;SN18700;20.12.2024 19:00;-1,7
Oslo - Blindern;SN18700;20.12.2024 20:00;-1,8
Oslo - Blindern;SN18700;20.12.2024 21:00;-1,3
Oslo - Blindern;SN18700;20.12.2024 22:00;-0,8
Oslo - Blindern;SN18700;20.12.2024 23:00;-1,7
Oslo - Blindern;SN18700;21.12.2024 00:00;-1,5
Oslo - Blindern;SN18700;21.12.2024 01:00;-1,4
Oslo - Blindern;SN18700;21.12.2024 02:00;-1,2
Oslo - Blindern;SN18700;21.12.2024 03:00;-1,2
Oslo - Blindern;SN18700;21.12.2024 04:00;-1,3
Oslo - Blindern;SN18700;21.12.2024 05:00;-1,2
Oslo - Blindern;SN18700;21.12.2024 06:00;-1,3
Oslo - Blindern;SN18700;21.12.2024 07:00;-1,1
Oslo - Blindern;SN18700;21.12.2024 08:00;-0,9
Oslo - Blindern;SN18700;21.12.2024 09:00;-0,9
Oslo - Blindern;SN18700;21.12.2024 10:00;-0,9
Oslo - Blindern;SN18700;21.12.2024 11:00;-0,7
Oslo - Blindern;SN18700;21.12.2024 12:00;-0,6
Oslo - Blindern;SN18700;21.12.2024 13:00;-0,5
Oslo - Blindern;SN18700;21.12.2024 14:00;-0,5
Oslo - Blindern;SN18700;21.12.2024 15:00;-0,5
Oslo - Blindern;SN18700;21.12.2024 16:00;-0,3
Oslo - Blindern;SN18700;21.12.2024 17:00;0,4
Oslo - Blindern;SN18700;21.12.2024 18:00;1,6
Oslo - Blindern;SN18700;21.12.2024 19:00;3,5
Oslo - Blindern;SN18700;21.12.2024 20:00;4,2
Oslo - Blindern;SN18700;21.12.2024 21:00;4,3
Oslo - Blindern;SN18700;21.12.2024 22:00;4,1
Oslo - Blindern;SN18700;21.12.2024 23:00;3,4
Oslo - Blindern;SN18700;22.12.2024 00:00;2,3
Oslo - Blindern;SN18700;22.12.2024 01:00;1,8
Oslo - Blindern;SN18700;22.12.2024 02:00;2,3
Oslo - Blindern;SN18700;22.12.2024 03:00;2,7
Oslo - Blindern;SN18700;22.12.2024 04:00;2,4
Oslo - Blindern;SN18700;22.12.2024 05:00;3,1
Oslo - Blindern;SN18700;22.12.2024 06:00;3,4
Oslo - Blindern;SN18700;22.12.2024 07:00;3,1
Oslo - Blindern;SN18700;22.12.2024 08:00;2,6
Oslo - Blindern;SN18700;22.12.2024 09:00;2
Oslo - Blindern;SN18700;22.12.2024 10:00;1,6
Oslo - Blindern;SN18700;22.12.2024 11:00;1,8
Oslo - Blindern;SN18700;22.12.2024 12:00;3,1
Oslo - Blindern;SN18700;22.12.2024 13:00;3,1
Oslo - Blindern;SN18700;22.12.2024 14:00;3
Oslo - Blindern;SN18700;22.12.2024 15:00;2,6
Oslo - Blindern;SN18700;22.12.2024 16:00;2,3
Oslo - Blindern;SN18700;22.12.2024 17:00;2,3
Oslo - Blindern;SN18700;22.12.2024 18:00;2,2
Oslo - Blindern;SN18700;22.12.2024 19:00;2,1
Oslo - Blindern;SN18700;22.12.2024 20:00;2,1
Oslo - Blindern;SN18700;22.12.2024 21:00;2,1
Oslo - Blindern;SN18700;22.12.2024 22:00;1,8
Oslo - Blindern;SN18700;22.12.2024 23:00;1,1
Oslo - Blindern;SN18700;23.12.2024 00:00;1
Oslo - Blindern;SN18700;23.12.2024 01:00;1,6
Oslo - Blindern;SN18700;23.12.2024 02:00;1,1
Oslo - Blindern;SN18700;23.12.2024 03:00;1,3
Oslo - Blindern;SN18700;23.12.2024 04:00;1,5
Oslo - Blindern;SN18700;23.12.2024 05:00;2
Oslo - Blindern;SN18700;23.12.2024 06:00;1,7
Oslo - Blindern;SN18700;23.12.2024 07:00;1,7
Oslo - Blindern;SN18700;23.12.2024 08:00;1,8
Oslo - Blindern;SN18700;23.12.2024 09:00;2,1
Oslo - Blindern;SN18700;23.12.2024 10:00;1,9
Oslo - Blindern;SN18700;23.12.2024 11:00;2,8
Oslo - Blindern;SN18700;23.12.2024 12:00;3,5
Oslo - Blindern;SN18700;23.12.2024 13:00;3,7
Oslo - Blindern;SN18700;23.12.2024 14:00;3,3
Oslo - Blindern;SN18700;23.12.2024 15:00;2,5
Oslo - Blindern;SN18700;23.12.2024 16:00;1,7
Oslo - Blindern;SN18700;23.12.2024 17:00;1,4
Oslo - Blindern;SN18700;23.12.2024 18:00;1,1
Oslo - Blindern;SN18700;23.12.2024 19:00;0,2
Oslo - Blindern;SN18700;23.12.2024 20:00;-0,8
Oslo - Blindern;SN18700;23.12.2024 21:00;-0,9
Oslo - Blindern;SN18700;23.12.2024 22:00;-2,2
Oslo - Blindern;SN18700;23.12.2024 23:00;-2,1
Oslo - Blindern;SN18700;24.12.2024 00:00;-3,3
Oslo - Blindern;SN18700;24.12.2024 01:00;-3,7
Oslo - Blindern;SN18700;24.12.2024 02:00;-2,9
Oslo - Blindern;SN18700;24.12.2024 03:00;-2,5
Oslo - Blindern;SN18700;24.12.2024 04:00;-2,8
Oslo - Blindern;SN18700;24.12.2024 05:00;-2,4
Oslo - Blindern;SN18700;24.12.2024 06:00;-2
Oslo - Blindern;SN18700;24.12.2024 07:00;-1,3
Oslo - Blindern;SN18700;24.12.2024 08:00;-0,9
Oslo - Blindern;SN18700;24.12.2024 09:00;-0,7
Oslo - Blindern;SN18700;24.12.2024 10:00;-0,7
Oslo - Blindern;SN18700;24.12.2024 11:00;-0,3
Oslo - Blindern;SN18700;24.12.2024 12:00;0
Oslo - Blindern;SN18700;24.12.2024 13:00;0,4
Oslo - Blindern;SN18700;24.12.2024 14:00;1
Oslo - Blindern;SN18700;24.12.2024 15:00;1,3
Oslo - Blindern;SN18700;24.12.2024 16:00;1,8
Oslo - Blindern;SN18700;24.12.2024 17:00;2,1
Oslo - Blindern;SN18700;24.12.2024 18:00;2,4
Oslo - Blindern;SN18700;24.12.2024 19:00;2,6
Oslo - Blindern;SN18700;24.12.2024 20:00;3,1
Oslo - Blindern;SN18700;24.12.2024 21:00;3,3
Oslo - Blindern;SN18700;24.12.2024 22:00;3,4
Oslo - Blindern;SN18700;24.12.2024 23:00;3,7
Oslo - Blindern;SN18700;25.12.2024 00:00;4,2
Oslo - Blindern;SN18700;25.12.2024 01:00;4,2
Oslo - Blindern;SN18700;25.12.2024 02:00;4,4
Oslo - Blindern;SN18700;25.12.2024 03:00;4,2
Oslo - Blindern;SN18700;25.12.2024 04:00;4,5
Oslo - Blindern;SN18700;25.12.2024 05:00;4,7
Oslo - Blindern;SN18700;25.12.2024 06:00;5
Oslo - Blindern;SN18700;25.12.2024 07:00;4,9
Oslo - Blindern;SN18700;25.12.2024 08:00;4,6
Oslo - Blindern;SN18700;25.12.2024 09:00;4,5
Oslo - Blindern;SN18700;25.12.2024 10:00;4,3
Oslo - Blindern;SN18700;25.12.2024 11:00;4,6
Oslo - Blindern;SN18700;25.12.2024 12:00;4,9
Oslo - Blindern;SN18700;25.12.2024 13:00;4,6
Oslo - Blindern;SN18700;25.12.2024 14:00;4,8
Oslo - Blindern;SN18700;25.12.2024 15:00;5,1
Oslo - Blindern;SN18700;25.12.2024 16:00;5,4
Oslo - Blindern;SN18700;25.12.2024 17:00;5,4
Oslo - Blindern;SN18700;25.12.2024 18:00;5,3
Oslo - Blindern;SN18700;25.12.2024 19:00;5
Oslo - Blindern;SN18700;25.12.2024 20:00;4,8
Oslo - Blindern;SN18700;25.12.2024 21:00;4,6
Oslo - Blindern;SN18700;25.12.2024 22:00;4,5
Oslo - Blindern;SN18700;25.12.2024 23:00;4,2
Oslo - Blindern;SN18700;26.12.2024 00:00;4
Oslo - Blindern;SN18700;26.12.2024 01:00;4,1
Oslo - Blindern;SN18700;26.12.2024 02:00;4,2
Oslo - Blindern;SN18700;26.12.2024 03:00;4,7
Oslo - Blindern;SN18700;26.12.2024 04:00;4,6
Oslo - Blindern;SN18700;26.12.2024 05:00;4,4
Oslo - Blindern;SN18700;26.12.2024 06:00;4,3
Oslo - Blindern;SN18700;26.12.2024 07:00;4,2
Oslo - Blindern;SN18700;26.12.2024 08:00;4,2
Oslo - Blindern;SN18700;26.12.2024 09:00;4,2
Oslo - Blindern;SN18700;26.12.2024 10:00;4,5
Oslo - Blindern;SN18700;26.12.2024 11:00;5,1
Oslo - Blindern;SN18700;26.12.2024 12:00;5,3
Oslo - Blindern;SN18700;26.12.2024 13:00;5,3
Oslo - Blindern;SN18700;26.12.2024 14:00;5,2
Oslo - Blindern;SN18700;26.12.2024 15:00;5,2
Oslo - Blindern;SN18700;26.12.2024 16:00;5,4
Oslo - Blindern;SN18700;26.12.2024 17:00;5,4
Oslo - Blindern;SN18700;26.12.2024 18:00;5,4
Oslo - Blindern;SN18700;26.12.2024 19:00;5,1
Oslo - Blindern;SN18700;26.12.2024 20:00;4,8
Oslo - Blindern;SN18700;26.12.2024 21:00;4,5
Oslo - Blindern;SN18700;26.12.2024 22:00;4,7
Oslo - Blindern;SN18700;26.12.2024 23:00;4,4
Oslo - Blindern;SN18700;27.12.2024 00:00;3,5
Oslo - Blindern;SN18700;27.12.2024 01:00;3,3
Oslo - Blindern;SN18700;27.12.2024 02:00;3
Oslo - Blindern;SN18700;27.12.2024 03:00;2,9
Oslo - Blindern;SN18700;27.12.2024 04:00;2,3
Oslo - Blindern;SN18700;27.12.2024 05:00;2,3
Oslo - Blindern;SN18700;27.12.2024 06:00;2,1
Oslo - Blindern;SN18700;27.12.2024 07:00;2,2
Oslo - Blindern;SN18700;27.12.2024 08:00;2,1
Oslo - Blindern;SN18700;27.12.2024 09:00;1,7
Oslo - Blindern;SN18700;27.12.2024 10:00;1,9
Oslo - Blindern;SN18700;27.12.2024 11:00;2
Oslo - Blindern;SN18700;27.12.2024 12:00;2,2
Oslo - Blindern;SN18700;27.12.2024 13:00;2,4
Oslo - Blindern;SN18700;27.12.2024 14:00;2,7
Oslo - Blindern;SN18700;27.12.2024 15:00;2,7
Oslo - Blindern;SN18700;27.12.2024 16:00;2,6
Oslo - Blindern;SN18700;27.12.2024 17:00;3,1
Oslo - Blindern;SN18700;27.12.2024 18:00;3
Oslo - Blindern;SN18700;27.12.2024 19:00;3
Oslo - Blindern;SN18700;27.12.2024 20:00;3
Oslo - Blindern;SN18700;27.12.2024 21:00;2,8
Oslo - Blindern;SN18700;27.12.2024 22:00;2,7
Oslo - Blindern;SN18700;27.12.2024 23:00;2,5
Oslo - Blindern;SN18700;28.12.2024 00:00;2,4
Oslo - Blindern;SN18700;28.12.2024 01:00;2,2
Oslo - Blindern;SN18700;28.12.2024 02:00;2
Oslo - Blindern;SN18700;28.12.2024 03:00;1,9
Oslo - Blindern;SN18700;28.12.2024 04:00;1,8
Oslo - Blindern;SN18700;28.12.2024 05:00;1,6
Oslo - Blindern;SN18700;28.12.2024 06:00;1,5
Oslo - Blindern;SN18700;28.12.2024 07:00;1,5
Oslo - Blindern;SN18700;28.12.2024 08:00;1,5
Oslo - Blindern;SN18700;28.12.2024 09:00;1,5
Oslo - Blindern;SN18700;28.12.2024 10:00;1,5
Oslo - Blindern;SN18700;28.12.2024 11:00;2
Oslo - Blindern;SN18700;28.12.2024 12:00;1,8
Oslo - Blindern;SN18700;28.12.2024 13:00;1,8
Oslo - Blindern;SN18700;28.12.2024 14:00;2
Oslo - Blindern;SN18700;28.12.2024 15:00;2,1
Oslo - Blindern;SN18700;28.12.2024 16:00;2,2
Oslo - Blindern;SN18700;28.12.2024 17:00;2,4
Oslo - Blindern;SN18700;28.12.2024 18:00;2,4
Oslo - Blindern;SN18700;28.12.2024 19:00;2,5
Oslo - Blindern;SN18700;28.12.2024 20:00;2,7
Oslo - Blindern;SN18700;28.12.2024 21:00;2,8
Oslo - Blindern;SN18700;28.12.2024 22:00;2,9
Oslo - Blindern;SN18700;28.12.2024 23:00;3,1
Oslo - Blindern;SN18700;29.12.2024 00:00;3,2
Oslo - Blindern;SN18700;29.12.2024 01:00;3,4
Oslo - Blindern;SN18700;29.12.2024 02:00;3,7
Oslo - Blindern;SN18700;29.12.2024 03:00;3,8
Oslo - Blindern;SN18700;29.12.2024 04:00;3,3
Oslo - Blindern;SN18700;29.12.2024 05:00;3,4
Oslo - Blindern;SN18700;29.12.2024 06:00;2,8
Oslo - Blindern;SN18700;29.12.2024 07:00;2,4
Oslo - Blindern;SN18700;29.12.2024 08:00;2
Oslo - Blindern;SN18700;29.12.2024 09:00;2,2
Oslo - Blindern;SN18700;29.12.2024 10:00;3
Oslo - Blindern;SN18700;29.12.2024 11:00;3,2
Oslo - Blindern;SN18700;29.12.2024 12:00;3,6
Oslo - Blindern;SN18700;29.12.2024 13:00;3,8
Oslo - Blindern;SN18700;29.12.2024 14:00;4
Oslo - Blindern;SN18700;29.12.2024 15:00;3,5
Oslo - Blindern;SN18700;29.12.2024 16:00;4,2
Oslo - Blindern;SN18700;29.12.2024 17:00;4,2
Oslo - Blindern;SN18700;29.12.2024 18:00;4,2
Oslo - Blindern;SN18700;29.12.2024 19:00;4,5
Oslo - Blindern;SN18700;29.12.2024 20:00;5,5
Oslo - Blindern;SN18700;29.12.2024 21:00;4,5
Oslo - Blindern;SN18700;29.12.2024 22:00;4,1
Oslo - Blindern;SN18700;29.12.2024 23:00;3,4
Oslo - Blindern;SN18700;30.12.2024 00:00;3,9
Oslo - Blindern;SN18700;30.12.2024 01:00;2,6
Oslo - Blindern;SN18700;30.12.2024 02:00;3,3
Oslo - Blindern;SN18700;30.12.2024 03:00;2,9
Oslo - Blindern;SN18700;30.12.2024 04:00;1,8
Oslo - Blindern;SN18700;30.12.2024 05:00;2,1
Oslo - Blindern;SN18700;30.12.2024 06:00;1,8
Oslo - Blindern;SN18700;30.12.2024 07:00;0,9
Oslo - Blindern;SN18700;30.12.2024 08:00;1,4
Oslo - Blindern;SN18700;30.12.2024 09:00;0,3
Oslo - Blindern;SN18700;30.12.2024 10:00;-0,8
Oslo - Blindern;SN18700;30.12.2024 11:00;-0,3
Oslo - Blindern;SN18700;30.12.2024 12:00;0,1
Oslo - Blindern;SN18700;30.12.2024 13:00;0,2
Oslo - Blindern;SN18700;30.12.2024 14:00;0,7
Oslo - Blindern;SN18700;30.12.2024 15:00;0,6
Oslo - Blindern;SN18700;30.12.2024 16:00;0,2
Oslo - Blindern;SN18700;30.12.2024 17:00;-0,5
Oslo - Blindern;SN18700;30.12.2024 18:00;-0,6
Oslo - Blindern;SN18700;30.12.2024 19:00;-1,6
Oslo - Blindern;SN18700;30.12.2024 20:00;-2,1
Oslo - Blindern;SN18700;30.12.2024 21:00;-1,9
Oslo - Blindern;SN18700;30.12.2024 22:00;-0,3
Oslo - Blindern;SN18700;30.12.2024 23:00;-1,6
Oslo - Blindern;SN18700;31.12.2024 00:00;-1,6
Oslo - Blindern;SN18700;31.12.2024 01:00;-1,1
Oslo - Blindern;SN18700;31.12.2024 02:00;-3,2
Oslo - Blindern;SN18700;31.12.2024 03:00;-3,5
Oslo - Blindern;SN18700;31.12.2024 04:00;-2,8
Oslo - Blindern;SN18700;31.12.2024 05:00;-3,3
Oslo - Blindern;SN18700;31.12.2024 06:00;-2,3
Oslo - Blindern;SN18700;31.12.2024 07:00;-2,2
Oslo - Blindern;SN18700;31.12.2024 08:00;-2
Oslo - Blindern;SN18700;31.12.2024 09:00;-1,8
Oslo - Blindern;SN18700;31.12.2024 10:00;-1,6
Oslo - Blindern;SN18700;31.12.2024 11:00;-1,5
Oslo - Blindern;SN18700;31.12.2024 12:00;-1,2
Oslo - Blindern;SN18700;31.12.2024 13:00;-1,1
Oslo - Blindern;SN18700;31.12.2024 14:00;-1
Oslo - Blindern;SN18700;31.12.2024 15:00;-1,4
Oslo - Blindern;SN18700;31.12.2024 16:00;-1,3
Oslo - Blindern;SN18700;31.12.2024 17:00;-2,8
Oslo - Blindern;SN18700;31.12.2024 18:00;-3,1
Oslo - Blindern;SN18700;31.12.2024 19:00;-3,1
Oslo - Blindern;SN18700;31.12.2024 20:00;-3,2
Oslo - Blindern;SN18700;31.12.2024 21:00;-3,3
Oslo - Blindern;SN18700;31.12.2024 22:00;-3,3
Oslo - Blindern;SN18700;31.12.2024 23:00;-3,5
Oslo - Blindern;SN18700;01.01.2025 00:00;-3,5
Oslo - Blindern;SN18700;01.01.2025 01:00;-3,5
Oslo - Blindern;SN18700;01.01.2025 02:00;-3,7
Oslo - Blindern;SN18700;01.01.2025 03:00;-4,2
Oslo - Blindern;SN18700;01.01.2025 04:00;-4
Oslo - Blindern;SN18700;01.01.2025 05:00;-4,2
Oslo - Blindern;SN18700;01.01.2025 06:00;-4,5
Oslo - Blindern;SN18700;01.01.2025 07:00;-4,8
Oslo - Blindern;SN18700;01.01.2025 08:00;-4,8
Oslo - Blindern;SN18700;01.01.2025 09:00;-5,2
Oslo - Blindern;SN18700;01.01.2025 10:00;-4,8
Oslo - Blindern;SN18700;01.01.2025 11:00;-4,6
Oslo - Blindern;SN18700;01.01.2025 12:00;-4,2
Oslo - Blindern;SN18700;01.01.2025 13:00;-4,3
Oslo - Blindern;SN18700;01.01.2025 14:00;-4,7
Oslo - Blindern;SN18700;01.01.2025 15:00;-4,6
Oslo - Blindern;SN18700;01.01.2025 16:00;-4,4
Oslo - Blindern;SN18700;01.01.2025 17:00;-4,6
Oslo - Blindern;SN18700;01.01.2025 18:00;-4,8
Oslo - Blindern;SN18700;01.01.2025 19:00;-5,1
Oslo - Blindern;SN18700;01.01.2025 20:00;-5,1
Oslo - Blindern;SN18700;01.01.2025 21:00;-4,9
Oslo - Blindern;SN18700;01.01.2025 22:00;-5,3
Oslo - Blindern;SN18700;01.01.2025 23:00;-5,7
Oslo - Blindern;SN18700;02.01.2025 00:00;-5,8
Oslo - Blindern;SN18700;02.01.2025 01:00;-6,2
Oslo - Blindern;SN18700;02.01.2025 02:00;-5,9
Oslo - Blindern;SN18700;02.01.2025 03:00;-6,4
Oslo - Blindern;SN18700;02.01.2025 04:00;-6,5
Oslo - Blindern;SN18700;02.01.2025 05:00;-8,1
Oslo - Blindern;SN18700;02.01.2025 06:00;-8,8
Oslo - Blindern;SN18700;02.01.2025 07:00;-9,5
Oslo - Blindern;SN18700;02.01.2025 08:00;-9,6
Oslo - Blindern;SN18700;02.01.2025 09:00;-9,1
Oslo - Blindern;SN18700;02.01.2025 10:00;-9,6
Oslo - Blindern;SN18700;02.01.2025 11:00;-8,3
Oslo - Blindern;SN18700;02.01.2025 12:00;-6,6
Oslo - Blindern;SN18700;02.01.2025 13:00;-5,2
Oslo - Blindern;SN18700;02.01.2025 14:00;-5,4
Oslo - Blindern;SN18700;02.01.2025 15:00;-5,5
Oslo - Blindern;SN18700;02.01.2025 16:00;-6,7
Oslo - Blindern;SN18700;02.01.2025 17:00;-6,7
Oslo - Blindern;SN18700;02.01.2025 18:00;-4,8
Oslo - Blindern;SN18700;02.01.2025 19:00;-3,3
Oslo - Blindern;SN18700;02.01.2025 20:00;-3,9
Oslo - Blindern;SN18700;02.01.2025 21:00;-5,5
Oslo - Blindern;SN18700;02.01.2025 22:00;-8
Oslo - Blindern;SN18700;02.01.2025 23:00;-9,3
Oslo - Blindern;SN18700;03.01.2025 00:00;-8,4
Oslo - Blindern;SN18700;03.01.2025 01:00;-7,8
Oslo - Blindern;SN18700;03.01.2025 02:00;-6,9
Oslo - Blindern;SN18700;03.01.2025 03:00;-4,4
Oslo - Blindern;SN18700;03.01.2025 04:00;-6,1
Oslo - Blindern;SN18700;03.01.2025 05:00;-7,7
Oslo - Blindern;SN18700;03.01.2025 06:00;-8,4
Oslo - Blindern;SN18700;03.01.2025 07:00;-6
Oslo - Blindern;SN18700;03.01.2025 08:00;-6,7
Oslo - Blindern;SN18700;03.01.2025 09:00;-7
Oslo - Blindern;SN18700;03.01.2025 10:00;-6,5
Oslo - Blindern;SN18700;03.01.2025 11:00;-2,3
Oslo - Blindern;SN18700;03.01.2025 12:00;-1,8
Oslo - Blindern;SN18700;03.01.2025 13:00;-3,1
Oslo - Blindern;SN18700;03.01.2025 14:00;-3
Oslo - Blindern;SN18700;03.01.2025 15:00;-3,4
Oslo - Blindern;SN18700;03.01.2025 16:00;-3,6
Oslo - Blindern;SN18700;03.01.2025 17:00;-4,1
Oslo - Blindern;SN18700;03.01.2025 18:00;-5,9
Oslo - Blindern;SN18700;03.01.2025 19:00;-8,2
Oslo - Blindern;SN18700;03.01.2025 20:00;-7
Oslo - Blindern;SN18700;03.01.2025 21:00;-8,6
Oslo - Blindern;SN18700;03.01.2025 22:00;-10,1
Oslo - Blindern;SN18700;03.01.2025 23:00;-10,9
Oslo - Blindern;SN18700;04.01.2025 00:00;-11,6
Oslo - Blindern;SN18700;04.01.2025 01:00;-12,4
Oslo - Blindern;SN18700;04.01.2025 02:00;-12
Oslo - Blindern;SN18700;04.01.2025 03:00;-11,9
Oslo - Blindern;SN18700;04.01.2025 04:00;-11,6
Oslo - Blindern;SN18700;04.01.2025 05:00;-11,6
Oslo - Blindern;SN18700;04.01.2025 06:00;-12
Oslo - Blindern;SN18700;04.01.2025 07:00;-11,8
Oslo - Blindern;SN18700;04.01.2025 08:00;-11,9
Oslo - Blindern;SN18700;04.01.2025 09:00;-11,4
Oslo - Blindern;SN18700;04.01.2025 10:00;-11,8
Oslo - Blindern;SN18700;04.01.2025 11:00;-10,9
Oslo - Blindern;SN18700;04.01.2025 12:00;-8,8
Oslo - Blindern;SN18700;04.01.2025 13:00;-7,8
Oslo - Blindern;SN18700;04.01.2025 14:00;-7,5
Oslo - Blindern;SN18700;04.01.2025 15:00;-8,5
Oslo - Blindern;SN18700;04.01.2025 16:00;-9,7
Oslo - Blindern;SN18700;04.01.2025 17:00;-10,5
Oslo - Blindern;SN18700;04.01.2025 18:00;-10,8
Oslo - Blindern;SN18700;04.01.2025 19:00;-10,4
Oslo - Blindern;SN18700;04.01.2025 20:00;-11,5
Oslo - Blindern;SN18700;04.01.2025 21:00;-11,9
Oslo - Blindern;SN18700;04.01.2025 22:00;-12
Oslo - Blindern;SN18700;04.01.2025 23:00;-12,3
Oslo - Blindern;SN18700;05.01.2025 00:00;-12,4
Oslo - Blindern;SN18700;05.01.2025 01:00;-12,7
Oslo - Blindern;SN18700;05.01.2025 02:00;-12,8
Oslo - Blindern;SN18700;05.01.2025 03:00;-12,6
Oslo - Blindern;SN18700;05.01.2025 04:00;-13,1
Oslo - Blindern;SN18700;05.01.2025 05:00;-13,1
Oslo - Blindern;SN18700;05.01.2025 06:00;-13,4
Oslo - Blindern;SN18700;05.01.2025 07:00;-14
Oslo - Blindern;SN18700;05.01.2025 08:00;-13,5
Oslo - Blindern;SN18700;05.01.2025 09:00;-13,5
Oslo - Blindern;SN18700;05.01.2025 10:00;-13,2
Oslo - Blindern;SN18700;05.01.2025 11:00;-12,3
Oslo - Blindern;SN18700;05.01.2025 12:00;-10,7
Oslo - Blindern;SN18700;05.01.2025 13:00;-10
Oslo - Blindern;SN18700;05.01.2025 14:00;-9,7
Oslo - Blindern;SN18700;05.01.2025 15:00;-9,2
Oslo - Blindern;SN18700;05.01.2025 16:00;-9
Oslo - Blindern;SN18700;05.01.2025 17:00;-8,8
Oslo - Blindern;SN18700;05.01.2025 18:00;-7,5
Oslo - Blindern;SN18700;05.01.2025 19:00;-7,3
Oslo - Blindern;SN18700;05.01.2025 20:00;-6,7
Oslo - Blindern;SN18700;05.01.2025 21:00;-6,3
Oslo - Blindern;SN18700;05.01.2025 22:00;-6,4
Oslo - Blindern;SN18700;05.01.2025 23:00;-6,6
Oslo - Blindern;SN18700;06.01.2025 00:00;-6,5
Oslo - Blindern;SN18700;06.01.2025 01:00;-6,5
Oslo - Blindern;SN18700;06.01.2025 02:00;-6,4
Oslo - Blindern;SN18700;06.01.2025 03:00;-6,2
Oslo - Blindern;SN18700;06.01.2025 04:00;-6,2
Oslo - Blindern;SN18700;06.01.2025 05:00;-6
Oslo - Blindern;SN18700;06.01.2025 06:00;-5,9
Oslo - Blindern;SN18700;06.01.2025 07:00;-5,7
Oslo - Blindern;SN18700;06.01.2025 08:00;-5,3
Oslo - Blindern;SN18700;06.01.2025 09:00;-5,2
Oslo - Blindern;SN18700;06.01.2025 10:00;-4,7
Oslo - Blindern;SN18700;06.01.2025 11:00;-4,3
Oslo - Blindern;SN18700;06.01.2025 12:00;-4
Oslo - Blindern;SN18700;06.01.2025 13:00;-3,4
Oslo - Blindern;SN18700;06.01.2025 14:00;-3,1
Oslo - Blindern;SN18700;06.01.2025 15:00;-2,5
Oslo - Blindern;SN18700;06.01.2025 16:00;-2,6
Oslo - Blindern;SN18700;06.01.2025 17:00;-2,4
Oslo - Blindern;SN18700;06.01.2025 18:00;-2,1
Oslo - Blindern;SN18700;06.01.2025 19:00;-2,2
Oslo - Blindern;SN18700;06.01.2025 20:00;-2,2
Oslo - Blindern;SN18700;06.01.2025 21:00;-2,2
Oslo - Blindern;SN18700;06.01.2025 22:00;-2,2
Oslo - Blindern;SN18700;06.01.2025 23:00;-1,8
Oslo - Blindern;SN18700;07.01.2025 00:00;-1,8
Oslo - Blindern;SN18700;07.01.2025 01:00;-1,6
Oslo - Blindern;SN18700;07.01.2025 02:00;-1,2
Oslo - Blindern;SN18700;07.01.2025 03:00;-1
Oslo - Blindern;SN18700;07.01.2025 04:00;-0,6
Oslo - Blindern;SN18700;07.01.2025 05:00;-0,1
Oslo - Blindern;SN18700;07.01.2025 06:00;-0,1
Oslo - Blindern;SN18700;07.01.2025 07:00;1
Oslo - Blindern;SN18700;07.01.2025 08:00;1,5
Oslo - Blindern;SN18700;07.01.2025 09:00;1,5
Oslo - Blindern;SN18700;07.01.2025 10:00;1,6
Oslo - Blindern;SN18700;07.01.2025 11:00;1,8
Oslo - Blindern;SN18700;07.01.2025 12:00;1,4
Oslo - Blindern;SN18700;07.01.2025 13:00;1,6
Oslo - Blindern;SN18700;07.01.2025 14:00;1,5
Oslo - Blindern;SN18700;07.01.2025 15:00;1,5
Oslo - Blindern;SN18700;07.01.2025 16:00;1,1
Oslo - Blindern;SN18700;07.01.2025 17:00;0,7
Oslo - Blindern;SN18700;07.01.2025 18:00;0,4
Oslo - Blindern;SN18700;07.01.2025 19:00;0,4
Oslo - Blindern;SN18700;07.01.2025 20:00;0,3
Oslo - Blindern;SN18700;07.01.2025 21:00;-0,3
Oslo - Blindern;SN18700;07.01.2025 22:00;-1
Oslo - Blindern;SN18700;07.01.2025 23:00;-1,2
Oslo - Blindern;SN18700;08.01.2025 00:00;-1,3
Oslo - Blindern;SN18700;08.01.2025 01:00;-1,8
Oslo - Blindern;SN18700;08.01.2025 02:00;-2,5
Oslo - Blindern;SN18700;08.01.2025 03:00;-3
Oslo - Blindern;SN18700;08.01.2025 04:00;-3,6
Oslo - Blindern;SN18700;08.01.2025 05:00;-3,5
Oslo - Blindern;SN18700;08.01.2025 06:00;-3,3
Oslo - Blindern;SN18700;08.01.2025 07:00;-3
Oslo - Blindern;SN18700;08.01.2025 08:00;-2,7
Oslo - Blindern;SN18700;08.01.2025 09:00;-2,4
Oslo - Blindern;SN18700;08.01.2025 10:00;-2,4
Oslo - Blindern;SN18700;08.01.2025 11:00;-2,1
Oslo - Blindern;SN18700;08.01.2025 12:00;-2
Oslo - Blindern;SN18700;08.01.2025 13:00;-1,9
Oslo - Blindern;SN18700;08.01.2025 14:00;-1,9
Oslo - Blindern;SN18700;08.01.2025 15:00;-1,7
Oslo - Blindern;SN18700;08.01.2025 16:00;-2,2
Oslo - Blindern;SN18700;08.01.2025 17:00;-2,7
Oslo - Blindern;SN18700;08.01.2025 18:00;-3
Oslo - Blindern;SN18700;08.01.2025 19:00;-4,6
Oslo - Blindern;SN18700;08.01.2025 20:00;-3,8
Oslo - Blindern;SN18700;08.01.2025 21:00;-2,3
Oslo - Blindern;SN18700;08.01.2025 22:00;-2,4
Oslo - Blindern;SN18700;08.01.2025 23:00;-2,1
Oslo - Blindern;SN18700;09.01.2025 00:00;-1,9
Oslo - Blindern;SN18700;09.01.2025 01:00;-2
Oslo - Blindern;SN18700;09.01.2025 02:00;-2
Oslo - Blindern;SN18700;09.01.2025 03:00;-2,1
Oslo - Blindern;SN18700;09.01.2025 04:00;-2,4
Oslo - Blindern;SN18700;09.01.2025 05:00;-2,3
Oslo - Blindern;SN18700;09.01.2025 06:00;-2,1
Oslo - Blindern;SN18700;09.01.2025 07:00;-2,4
Oslo - Blindern;SN18700;09.01.2025 08:00;-2
Oslo - Blindern;SN18700;09.01.2025 09:00;-1,8
Oslo - Blindern;SN18700;09.01.2025 10:00;-1,5
Oslo - Blindern;SN18700;09.01.2025 11:00;-1,1
Oslo - Blindern;SN18700;09.01.2025 12:00;-0,7
Oslo - Blindern;SN18700;09.01.2025 13:00;-0,7
Oslo - Blindern;SN18700;09.01.2025 14:00;-0,7
Oslo - Blindern;SN18700;09.01.2025 15:00;-0,9
Oslo - Blindern;SN18700;09.01.2025 16:00;-0,8
Oslo - Blindern;SN18700;09.01.2025 17:00;-0,9
Oslo - Blindern;SN18700;09.01.2025 18:00;-1
Oslo - Blindern;SN18700;09.01.2025 19:00;-0,9
Oslo - Blindern;SN18700;09.01.2025 20:00;-0,9
Oslo - Blindern;SN18700;09.01.2025 21:00;-0,9
Oslo - Blindern;SN18700;09.01.2025 22:00;-1
Oslo - Blindern;SN18700;09.01.2025 23:00;-1
Oslo - Blindern;SN18700;10.01.2025 00:00;-1,2
Oslo - Blindern;SN18700;10.01.2025 01:00;-1,7
Oslo - Blindern;SN18700;10.01.2025 02:00;-2,3
Oslo - Blindern;SN18700;10.01.2025 03:00;-2,9
Oslo - Blindern;SN18700;10.01.2025 04:00;-3,1
Oslo - Blindern;SN18700;10.01.2025 05:00;-2,6
Oslo - Blindern;SN18700;10.01.2025 06:00;-3,1
Oslo - Blindern;SN18700;10.01.2025 07:00;-4,2
Oslo - Blindern;SN18700;10.01.2025 08:00;-3,8
Oslo - Blindern;SN18700;10.01.2025 09:00;-3,5
Oslo - Blindern;SN18700;10.01.2025 10:00;-2,9
Oslo - Blindern;SN18700;10.01.2025 11:00;-2,3
Oslo - Blindern;SN18700;10.01.2025 12:00;-1,7
Oslo - Blindern;SN18700;10.01.2025 13:00;-1
Oslo - Blindern;SN18700;10.01.2025 14:00;-1,2
Oslo - Blindern;SN18700;10.01.2025 15:00;-1,9
Oslo - Blindern;SN18700;10.01.2025 16:00;-2,8
Oslo - Blindern;SN18700;10.01.2025 17:00;-3,3
Oslo - Blindern;SN18700;10.01.2025 18:00;-3,2
Oslo - Blindern;SN18700;10.01.2025 19:00;-3,2
Oslo - Blindern;SN18700;10.01.2025 20:00;-3,5
Oslo - Blindern;SN18700;10.01.2025 21:00;-3,6
Oslo - Blindern;SN18700;10.01.2025 22:00;-4,7
Oslo - Blindern;SN18700;10.01.2025 23:00;-3,4
Oslo - Blindern;SN18700;11.01.2025 00:00;-3,6
Oslo - Blindern;SN18700;11.01.2025 01:00;-3,4
Oslo - Blindern;SN18700;11.01.2025 02:00;-3,1
Oslo - Blindern;SN18700;11.01.2025 03:00;-2,7
Oslo - Blindern;SN18700;11.01.2025 04:00;-2,8
Oslo - Blindern;SN18700;11.01.2025 05:00;-2,6
Oslo - Blindern;SN18700;11.01.2025 06:00;-2,3
Oslo - Blindern;SN18700;11.01.2025 07:00;-1,8
Oslo - Blindern;SN18700;11.01.2025 08:00;-2,4
Oslo - Blindern;SN18700;11.01.2025 09:00;-2,4
Oslo - Blindern;SN18700;11.01.2025 10:00;-1,9
Oslo - Blindern;SN18700;11.01.2025 11:00;-1,1
Oslo - Blindern;SN18700;11.01.2025 12:00;-1,2
Oslo - Blindern;SN18700;11.01.2025 13:00;-0,9
Oslo - Blindern;SN18700;11.01.2025 14:00;-1,3
Oslo - Blindern;SN18700;11.01.2025 15:00;-1,7
Oslo - Blindern;SN18700;11.01.2025 16:00;-2,2
Oslo - Blindern;SN18700;11.01.2025 17:00;-2
Oslo - Blindern;SN18700;11.01.2025 18:00;-2,1
Oslo - Blindern;SN18700;11.01.2025 19:00;-2,1
Oslo - Blindern;SN18700;11.01.2025 20:00;-2,1
Oslo - Blindern;SN18700;11.01.2025 21:00;-2,3
Oslo - Blindern;SN18700;11.01.2025 22:00;-3,2
Oslo - Blindern;SN18700;11.01.2025 23:00;-3,7
Oslo - Blindern;SN18700;12.01.2025 00:00;-4,7
Oslo - Blindern;SN18700;12.01.2025 01:00;-5,6
Oslo - Blindern;SN18700;12.01.2025 02:00;-6,6
Oslo - Blindern;SN18700;12.01.2025 03:00;-7,1
Oslo - Blindern;SN18700;12.01.2025 04:00;-7,3
Oslo - Blindern;SN18700;12.01.2025 05:00;-7,7
Oslo - Blindern;SN18700;12.01.2025 06:00;-7,6
Oslo - Blindern;SN18700;12.01.2025 07:00;-8,1
Oslo - Blindern;SN18700;12.01.2025 08:00;-8,6
Oslo - Blindern;SN18700;12.01.2025 09:00;-8,9
Oslo - Blindern;SN18700;12.01.2025 10:00;-8,4
Oslo - Blindern;SN18700;12.01.2025 11:00;-7,9
Oslo - Blindern;SN18700;12.01.2025 12:00;-6,8
Oslo - Blindern;SN18700;12.01.2025 13:00;-5,8
Oslo - Blindern;SN18700;12.01.2025 14:00;-6
Oslo - Blindern;SN18700;12.01.2025 15:00;-6
Oslo - Blindern;SN18700;12.01.2025 16:00;-7,8
Oslo - Blindern;SN18700;12.01.2025 17:00;-9,1
Oslo - Blindern;SN18700;12.01.2025 18:00;-10
Oslo - Blindern;SN18700;12.01.2025 19:00;-10,3
Oslo - Blindern;SN18700;12.01.2025 20:00;-10,5
Oslo - Blindern;SN18700;12.01.2025 21:00;-9,6
Oslo - Blindern;SN18700;12.01.2025 22:00;-9,7
Oslo - Blindern;SN18700;12.01.2025 23:00;-9,6
Oslo - Blindern;SN18700;13.01.2025 00:00;-10
Oslo - Blindern;SN18700;13.01.2025 01:00;-10,5
Oslo - Blindern;SN18700;13.01.2025 02:00;-10,2
Oslo - Blindern;SN18700;13.01.2025 03:00;-9,8
Oslo - Blindern;SN18700;13.01.2025 04:00;-8,8
Oslo - Blindern;SN18700;13.01.2025 05:00;-9
Oslo - Blindern;SN18700;13.01.2025 06:00;-8,5
Oslo - Blindern;SN18700;13.01.2025 07:00;-8,5
Oslo - Blindern;SN18700;13.01.2025 08:00;-7,7
Oslo - Blindern;SN18700;13.01.2025 09:00;-7,1
Oslo - Blindern;SN18700;13.01.2025 10:00;-5,7
Oslo - Blindern;SN18700;13.01.2025 11:00;-2,9
Oslo - Blindern;SN18700;13.01.2025 12:00;-1,6
Oslo - Blindern;SN18700;13.01.2025 13:00;0,1
Oslo - Blindern;SN18700;13.01.2025 14:00;1
Oslo - Blindern;SN18700;13.01.2025 15:00;1,5
Oslo - Blindern;SN18700;13.01.2025 16:00;2,3
Oslo - Blindern;SN18700;13.01.2025 17:00;2
Oslo - Blindern;SN18700;13.01.2025 18:00;2,7
Oslo - Blindern;SN18700;13.01.2025 19:00;2,1
Oslo - Blindern;SN18700;13.01.2025 20:00;2,8
Oslo - Blindern;SN18700;13.01.2025 21:00;3
Oslo - Blindern;SN18700;13.01.2025 22:00;3,3
Oslo - Blindern;SN18700;13.01.2025 23:00;2,4
Oslo - Blindern;SN18700;14.01.2025 00:00;1,7
Oslo - Blindern;SN18700;14.01.2025 01:00;2,4
Oslo - Blindern;SN18700;14.01.2025 02:00;2,3
Oslo - Blindern;SN18700;14.01.2025 03:00;2,5
Oslo - Blindern;SN18700;14.01.2025 04:00;1,9
Oslo - Blindern;SN18700;14.01.2025 05:00;1,5
Oslo - Blindern;SN18700;14.01.2025 06:00;1,5
Oslo - Blindern;SN18700;14.01.2025 07:00;2
Oslo - Blindern;SN18700;14.01.2025 08:00;2,1
Oslo - Blindern;SN18700;14.01.2025 09:00;2
Oslo - Blindern;SN18700;14.01.2025 10:00;2
Oslo - Blindern;SN18700;14.01.2025 11:00;1,8
Oslo - Blindern;SN18700;14.01.2025 12:00;2,1
Oslo - Blindern;SN18700;14.01.2025 13:00;2,2
Oslo - Blindern;SN18700;14.01.2025 14:00;2
Oslo - Blindern;SN18700;14.01.2025 15:00;1,7
Oslo - Blindern;SN18700;14.01.2025 16:00;1,1
Oslo - Blindern;SN18700;14.01.2025 17:00;0,7
Oslo - Blindern;SN18700;14.01.2025 18:00;0
Oslo - Blindern;SN18700;14.01.2025 19:00;-0,4
Oslo - Blindern;SN18700;14.01.2025 20:00;-0,9
Oslo - Blindern;SN18700;14.01.2025 21:00;-0,1
Oslo - Blindern;SN18700;14.01.2025 22:00;0,1
Oslo - Blindern;SN18700;14.01.2025 23:00;-0,3
Oslo - Blindern;SN18700;15.01.2025 00:00;-1,3
Oslo - Blindern;SN18700;15.01.2025 01:00;-0,4
Oslo - Blindern;SN18700;15.01.2025 02:00;-1,3
Oslo - Blindern;SN18700;15.01.2025 03:00;-1,2
Oslo - Blindern;SN18700;15.01.2025 04:00;-1,4
Oslo - Blindern;SN18700;15.01.2025 05:00;-1,9
Oslo - Blindern;SN18700;15.01.2025 06:00;-2
Oslo - Blindern;SN18700;15.01.2025 07:00;-2,3
Oslo - Blindern;SN18700;15.01.2025 08:00;-2
Oslo - Blindern;SN18700;15.01.2025 09:00;-1,6
Oslo - Blindern;SN18700;15.01.2025 10:00;-1
Oslo - Blindern;SN18700;15.01.2025 11:00;-0,1
Oslo - Blindern;SN18700;15.01.2025 12:00;0,3
Oslo - Blindern;SN18700;15.01.2025 13:00;0,8
Oslo - Blindern;SN18700;15.01.2025 14:00;1,1
Oslo - Blindern;SN18700;15.01.2025 15:00;1,5
Oslo - Blindern;SN18700;15.01.2025 16:00;2
Oslo - Blindern;SN18700;15.01.2025 17:00;2,1
Oslo - Blindern;SN18700;15.01.2025 18:00;2,1
Oslo - Blindern;SN18700;15.01.2025 19:00;1,8
Oslo - Blindern;SN18700;15.01.2025 20:00;1,6
Oslo - Blindern;SN18700;15.01.2025 21:00;1,6
Oslo - Blindern;SN18700;15.01.2025 22:00;0,8
Oslo - Blindern;SN18700;15.01.2025 23:00;1,5
Oslo - Blindern;SN18700;16.01.2025 00:00;1,8
Oslo - Blindern;SN18700;16.01.2025 01:00;1,8
Oslo - Blindern;SN18700;16.01.2025 02:00;1,8
Oslo - Blindern;SN18700;16.01.2025 03:00;1,9
Oslo - Blindern;SN18700;16.01.2025 04:00;2
Oslo - Blindern;SN18700;16.01.2025 05:00;1,9
Oslo - Blindern;SN18700;16.01.2025 06:00;1,7
Oslo - Blindern;SN18700;16.01.2025 07:00;1,4
Oslo - Blindern;SN18700;16.01.2025 08:00;2,1
Oslo - Blindern;SN18700;16.01.2025 09:00;2,2
Oslo - Blindern;SN18700;16.01.2025 10:00;2,4
Oslo - Blindern;SN18700;16.01.2025 11:00;2,5
Oslo - Blindern;SN18700;16.01.2025 12:00;2,9
Oslo - Blindern;SN18700;16.01.2025 13:00;3,1
Oslo - Blindern;SN18700;16.01.2025 14:00;2,8
Oslo - Blindern;SN18700;16.01.2025 15:00;2,3
Oslo - Blindern;SN18700;16.01.2025 16:00;2,4
Oslo - Blindern;SN18700;16.01.2025 17:00;1,9
Oslo - Blindern;SN18700;16.01.2025 18:00;1,8
Oslo - Blindern;SN18700;16.01.2025 19:00;1,7
Oslo - Blindern;SN18700;16.01.2025 20:00;1,4
Oslo - Blindern;SN18700;16.01.2025 21:00;1,3
Oslo - Blindern;SN18700;16.01.2025 22:00;1,6
Oslo - Blindern;SN18700;16.01.2025 23:00;2
Oslo - Blindern;SN18700;17.01.2025 00:00;2,2
Oslo - Blindern;SN18700;17.01.2025 01:00;2,2
Oslo - Blindern;SN18700;17.01.2025 02:00;2,5
Oslo - Blindern;SN18700;17.01.2025 03:00;2,6
Oslo - Blindern;SN18700;17.01.2025 04:00;2,7
Oslo - Blindern;SN18700;17.01.2025 05:00;2,7
Oslo - Blindern;SN18700;17.01.2025 06:00;2
Oslo - Blindern;SN18700;17.01.2025 07:00;1,8
Oslo - Blindern;SN18700;17.01.2025 08:00;1,8
Oslo - Blindern;SN18700;17.01.2025 09:00;2,3
Oslo - Blindern;SN18700;17.01.2025 10:00;2,5
Oslo - Blindern;SN18700;17.01.2025 11:00;2,9
Oslo - Blindern;SN18700;17.01.2025 12:00;3,5
Oslo - Blindern;SN18700;17.01.2025 13:00;3,7
Oslo - Blindern;SN18700;17.01.2025 14:00;3,6
Oslo - Blindern;SN18700;17.01.2025 15:00;3,7
Oslo - Blindern;SN18700;17.01.2025 16:00;3,1
Oslo - Blindern;SN18700;17.01.2025 17:00;2,2
Oslo - Blindern;SN18700;17.01.2025 18:00;1,1
Oslo - Blindern;SN18700;17.01.2025 19:00;1,5
Oslo - Blindern;SN18700;17.01.2025 20:00;1
Oslo - Blindern;SN18700;17.01.2025 21:00;0,4
Oslo - Blindern;SN18700;17.01.2025 22:00;0,6
Oslo - Blindern;SN18700;17.01.2025 23:00;-0,2
Oslo - Blindern;SN18700;18.01.2025 00:00;0,3
Oslo - Blindern;SN18700;18.01.2025 01:00;-0,2
Oslo - Blindern;SN18700;18.01.2025 02:00;0,2
Oslo - Blindern;SN18700;18.01.2025 03:00;-0,2
Oslo - Blindern;SN18700;18.01.2025 04:00;-1
Oslo - Blindern;SN18700;18.01.2025 05:00;-1,3
Oslo - Blindern;SN18700;18.01.2025 06:00;-1,1
Oslo - Blindern;SN18700;18.01.2025 07:00;-0,2
Oslo - Blindern;SN18700;18.01.2025 08:00;-0,3
Oslo - Blindern;SN18700;18.01.2025 09:00;0,5
Oslo - Blindern;SN18700;18.01.2025 10:00;1,6
Oslo - Blindern;SN18700;18.01.2025 11:00;3,7
Oslo - Blindern;SN18700;18.01.2025 12:00;5
Oslo - Blindern;SN18700;18.01.2025 13:00;5,3
Oslo - Blindern;SN18700;18.01.2025 14:00;6,7
Oslo - Blindern;SN18700;18.01.2025 15:00;6
Oslo - Blindern;SN18700;18.01.2025 16:00;4,2
Oslo - Blindern;SN18700;18.01.2025 17:00;3,9
Oslo - Blindern;SN18700;18.01.2025 18:00;3,9
Oslo - Blindern;SN18700;18.01.2025 19:00;4
Oslo - Blindern;SN18700;18.01.2025 20:00;4
Oslo - Blindern;SN18700;18.01.2025 21:00;3,9
Oslo - Blindern;SN18700;18.01.2025 22:00;3,9
Oslo - Blindern;SN18700;18.01.2025 23:00;3,7
Oslo - Blindern;SN18700;19.01.2025 00:00;3,4
Oslo - Blindern;SN18700;19.01.2025 01:00;3,3
Oslo - Blindern;SN18700;19.01.2025 02:00;3,2
Oslo - Blindern;SN18700;19.01.2025 03:00;2,9
Oslo - Blindern;SN18700;19.01.2025 04:00;2,8
Oslo - Blindern;SN18700;19.01.2025 05:00;2,3
Oslo - Blindern;SN18700;19.01.2025 06:00;2,1
Oslo - Blindern;SN18700;19.01.2025 07:00;1,9
Oslo - Blindern;SN18700;19.01.2025 08:00;1,8
Oslo - Blindern;SN18700;19.01.2025 09:00;1,8
Oslo - Blindern;SN18700;19.01.2025 10:00;1,6
Oslo - Blindern;SN18700;19.01.2025 11:00;1,5
Oslo - Blindern;SN18700;19.01.2025 12:00;1,4
Oslo - Blindern;SN18700;19.01.2025 13:00;1,3
Oslo - Blindern;SN18700;19.01.2025 14:00;1,5
Oslo - Blindern;SN18700;19.01.2025 15:00;1,4
Oslo - Blindern;SN18700;19.01.2025 16:00;1,3
Oslo - Blindern;SN18700;19.01.2025 17:00;1,3
Oslo - Blindern;SN18700;19.01.2025 18:00;1,3
Oslo - Blindern;SN18700;19.01.2025 19:00;1,2
Oslo - Blindern;SN18700;19.01.2025 20:00;1,2
Oslo - Blindern;SN18700;19.01.2025 21:00;1,1
Oslo - Blindern;SN18700;19.01.2025 22:00;0,8
Oslo - Blindern;SN18700;19.01.2025 23:00;0,7
Oslo - Blindern;SN18700;20.01.2025 00:00;0,8
Oslo - Blindern;SN18700;20.01.2025 01:00;0,8
Oslo - Blindern;SN18700;20.01.2025 02:00;0,9
Oslo - Blindern;SN18700;20.01.2025 03:00;0,9
Oslo - Blindern;SN18700;20.01.2025 04:00;0,9
Oslo - Blindern;SN18700;20.01.2025 05:00;0,6
Oslo - Blindern;SN18700;20.01.2025 06:00;0,5
Oslo - Blindern;SN18700;20.01.2025 07:00;0,4
Oslo - Blindern;SN18700;20.01.2025 08:00;0,3
Oslo - Blindern;SN18700;20.01.2025 09:00;0,4
Oslo - Blindern;SN18700;20.01.2025 10:00;0,3
Oslo - Blindern;SN18700;20.01.2025 11:00;0,5
Oslo - Blindern;SN18700;20.01.2025 12:00;0,5
Oslo - Blindern;SN18700;20.01.2025 13:00;0,5
Oslo - Blindern;SN18700;20.01.2025 14:00;0,7
Oslo - Blindern;SN18700;20.01.2025 15:00;0,3
Oslo - Blindern;SN18700;20.01.2025 16:00;-0,2
Oslo - Blindern;SN18700;20.01.2025 17:00;-0,2
Oslo - Blindern;SN18700;20.01.2025 18:00;-0,6
Oslo - Blindern;SN18700;20.01.2025 19:00;-0,8
Oslo - Blindern;SN18700;20.01.2025 20:00;-1,2
Oslo - Blindern;SN18700;20.01.2025 21:00;-1,7
Oslo - Blindern;SN18700;20.01.2025 22:00;-1,9
Oslo - Blindern;SN18700;20.01.2025 23:00;-1,9
Oslo - Blindern;SN18700;21.01.2025 00:00;-1,9
Oslo - Blindern;SN18700;21.01.2025 01:00;-1,9
Oslo - Blindern;SN18700;21.01.2025 02:00;-2,2
Oslo - Blindern;SN18700;21.01.2025 03:00;-2,2
Oslo - Blindern;SN18700;21.01.2025 04:00;-2,4
Oslo - Blindern;SN18700;21.01.2025 05:00;-2,4
Oslo - Blindern;SN18700;21.01.2025 06:00;-2,2
Oslo - Blindern;SN18700;21.01.2025 07:00;-2,1
Oslo - Blindern;SN18700;21.01.2025 08:00;-1,8
Oslo - Blindern;SN18700;21.01.2025 09:00;-1,8
Oslo - Blindern;SN18700;21.01.2025 10:00;-1,8
Oslo - Blindern;SN18700;21.01.2025 11:00;-1,5
Oslo - Blindern;SN18700;21.01.2025 12:00;-1,3
Oslo - Blindern;SN18700;21.01.2025 13:00;-0,9
Oslo - Blindern;SN18700;21.01.2025 14:00;-0,7
Oslo - Blindern;SN18700;21.01.2025 15:00;-0,8
Oslo - Blindern;SN18700;21.01.2025 16:00;-0,9
Oslo - Blindern;SN18700;21.01.2025 17:00;-0,9
Oslo - Blindern;SN18700;21.01.2025 18:00;-1,2
Oslo - Blindern;SN18700;21.01.2025 19:00;-1,3
Oslo - Blindern;SN18700;21.01.2025 20:00;-1,5
Oslo - Blindern;SN18700;21.01.2025 21:00;-1,5
Oslo - Blindern;SN18700;21.01.2025 22:00;-1,5
Oslo - Blindern;SN18700;21.01.2025 23:00;-1,8
Oslo - Blindern;SN18700;22.01.2025 00:00;-2
Oslo - Blindern;SN18700;22.01.2025 01:00;-2
Oslo - Blindern;SN18700;22.01.2025 02:00;-2,1
Oslo - Blindern;SN18700;22.01.2025 03:00;-2,1
Oslo - Blindern;SN18700;22.01.2025 04:00;-2
Oslo - Blindern;SN18700;22.01.2025 05:00;-2,2
Oslo - Blindern;SN18700;22.01.2025 06:00;-2,4
Oslo - Blindern;SN18700;22.01.2025 07:00;-2,4
Oslo - Blindern;SN18700;22.01.2025 08:00;-2,3
Oslo - Blindern;SN18700;22.01.2025 09:00;-2
Oslo - Blindern;SN18700;22.01.2025 10:00;-1,7
Oslo - Blindern;SN18700;22.01.2025 11:00;-1,5
Oslo - Blindern;SN18700;22.01.2025 12:00;-1,1
Oslo - Blindern;SN18700;22.01.2025 13:00;-0,9
Oslo - Blindern;SN18700;22.01.2025 14:00;-0,2
Oslo - Blindern;SN18700;22.01.2025 15:00;-0,7
Oslo - Blindern;SN18700;22.01.2025 16:00;-2
Oslo - Blindern;SN18700;22.01.2025 17:00;-3
Oslo - Blindern;SN18700;22.01.2025 18:00;-3,8
Oslo - Blindern;SN18700;22.01.2025 19:00;-4,4
Oslo - Blindern;SN18700;22.01.2025 20:00;-4,7
Oslo - Blindern;SN18700;22.01.2025 21:00;-4,9
Oslo - Blindern;SN18700;22.01.2025 22:00;-5,2
Oslo - Blindern;SN18700;22.01.2025 23:00;-4,3
Oslo - Blindern;SN18700;23.01.2025 00:00;-6
Oslo - Blindern;SN18700;23.01.2025 01:00;-3,8
Oslo - Blindern;SN18700;23.01.2025 02:00;-3,4
Oslo - Blindern;SN18700;23.01.2025 03:00;-3,4
Oslo - Blindern;SN18700;23.01.2025 04:00;-3,3
Oslo - Blindern;SN18700;23.01.2025 05:00;-2,7
Oslo - Blindern;SN18700;23.01.2025 06:00;-2,7
Oslo - Blindern;SN18700;23.01.2025 07:00;-3
Oslo - Blindern;SN18700;23.01.2025 08:00;-3
Oslo - Blindern;SN18700;23.01.2025 09:00;-2,6
Oslo - Blindern;SN18700;23.01.2025 10:00;-2,3
Oslo - Blindern;SN18700;23.01.2025 11:00;-1,6
Oslo - Blindern;SN18700;23.01.2025 12:00;-1,5
Oslo - Blindern;SN18700;23.01.2025 13:00;-1,3
Oslo - Blindern;SN18700;23.01.2025 14:00;-1,1
Oslo - Blindern;SN18700;23.01.2025 15:00;-1,1
Oslo - Blindern;SN18700;23.01.2025 16:00;-0,7
Oslo - Blindern;SN18700;23.01.2025 17:00;-0,6
Oslo - Blindern;SN18700;23.01.2025 18:00;-0,3
Oslo - Blindern;SN18700;23.01.2025 19:00;-0,1
Oslo - Blindern;SN18700;23.01.2025 20:00;0
Oslo - Blindern;SN18700;23.01.2025 21:00;0
Oslo - Blindern;SN18700;23.01.2025 22:00;-0,2
Oslo - Blindern;SN18700;23.01.2025 23:00;-0,5
Oslo - Blindern;SN18700;24.01.2025 00:00;-0,9
Oslo - Blindern;SN18700;24.01.2025 01:00;-1,4
Oslo - Blindern;SN18700;24.01.2025 02:00;-2,8
Oslo - Blindern;SN18700;24.01.2025 03:00;-3,9
Oslo - Blindern;SN18700;24.01.2025 04:00;-3,3
Oslo - Blindern;SN18700;24.01.2025 05:00;-4
Oslo - Blindern;SN18700;24.01.2025 06:00;-5
Oslo - Blindern;SN18700;24.01.2025 07:00;-5
Oslo - Blindern;SN18700;24.01.2025 08:00;-5
Oslo - Blindern;SN18700;24.01.2025 09:00;-4,2
Oslo - Blindern;SN18700;24.01.2025 10:00;-4,3
Oslo - Blindern;SN18700;24.01.2025 11:00;-3,2
Oslo - Blindern;SN18700;24.01.2025 12:00;-2,4
Oslo - Blindern;SN18700;24.01.2025 13:00;-1,1
Oslo - Blindern;SN18700;24.01.2025 14:00;-0,2
Oslo - Blindern;SN18700;24.01.2025 15:00;0,7
Oslo - Blindern;SN18700;24.01.2025 16:00;1,8
Oslo - Blindern;SN18700;24.01.2025 17:00;2,2
Oslo - Blindern;SN18700;24.01.2025 18:00;1,9
Oslo - Blindern;SN18700;24.01.2025 19:00;1
Oslo - Blindern;SN18700;24.01.2025 20:00;1,8
Oslo - Blindern;SN18700;24.01.2025 21:00;4
Oslo - Blindern;SN18700;24.01.2025 22:00;4,3
Oslo - Blindern;SN18700;24.01.2025 23:00;4,9
Oslo - Blindern;SN18700;25.01.2025 00:00;5
Oslo - Blindern;SN18700;25.01.2025 01:00;5,1
Oslo - Blindern;SN18700;25.01.2025 02:00;5,3
Oslo - Blindern;SN18700;25.01.2025 03:00;5
Oslo - Blindern;SN18700;25.01.2025 04:00;4,8
Oslo - Blindern;SN18700;25.01.2025 05:00;4,7
Oslo - Blindern;SN18700;25.01.2025 06:00;5
Oslo - Blindern;SN18700;25.01.2025 07:00;4,9
Oslo - Blindern;SN18700;25.01.2025 08:00;4,9
Oslo - Blindern;SN18700;25.01.2025 09:00;5
Oslo - Blindern;SN18700;25.01.2025 10:00;5,3
Oslo - Blindern;SN18700;25.01.2025 11:00;5,5
Oslo - Blindern;SN18700;25.01.2025 12:00;6
Oslo - Blindern;SN18700;25.01.2025 13:00;6
Oslo - Blindern;SN18700;25.01.2025 14:00;5,8
Oslo - Blindern;SN18700;25.01.2025 15:00;5,2
Oslo - Blindern;SN18700;25.01.2025 16:00;4,8
Oslo - Blindern;SN18700;25.01.2025 17:00;4,1
Oslo - Blindern;SN18700;25.01.2025 18:00;3,9
Oslo - Blindern;SN18700;25.01.2025 19:00;3,7
Oslo - Blindern;SN18700;25.01.2025 20:00;3,5
Oslo - Blindern;SN18700;25.01.2025 21:00;3,5
Oslo - Blindern;SN18700;25.01.2025 22:00;3,4
Oslo - Blindern;SN18700;25.01.2025 23:00;3,5
Oslo - Blindern;SN18700;26.01.2025 00:00;4,1
Oslo - Blindern;SN18700;26.01.2025 01:00;3,7
Oslo - Blindern;SN18700;26.01.2025 02:00;3,3
Oslo - Blindern;SN18700;26.01.2025 03:00;2,6
Oslo - Blindern;SN18700;26.01.2025 04:00;2,4
Oslo - Blindern;SN18700;26.01.2025 05:00;2,6
Oslo - Blindern;SN18700;26.01.2025 06:00;1,8
Oslo - Blindern;SN18700;26.01.2025 07:00;-0,1
Oslo - Blindern;SN18700;26.01.2025 08:00;0
Oslo - Blindern;SN18700;26.01.2025 09:00;-0,4
Oslo - Blindern;SN18700;26.01.2025 10:00;-0,5
Oslo - Blindern;SN18700;26.01.2025 11:00;1,1
Oslo - Blindern;SN18700;26.01.2025 12:00;2
Oslo - Blindern;SN18700;26.01.2025 13:00;3
Oslo - Blindern;SN18700;26.01.2025 14:00;3,7
Oslo - Blindern;SN18700;26.01.2025 15:00;2,5
Oslo - Blindern;SN18700;26.01.2025 16:00;2,4
Oslo - Blindern;SN18700;26.01.2025 17:00;0,7
Oslo - Blindern;SN18700;26.01.2025 18:00;-0,1
Oslo - Blindern;SN18700;26.01.2025 19:00;0,8
Oslo - Blindern;SN18700;26.01.2025 20:00;0,9
Oslo - Blindern;SN18700;26.01.2025 21:00;1,4
Oslo - Blindern;SN18700;26.01.2025 22:00;2,1
Oslo - Blindern;SN18700;26.01.2025 23:00;2,3
Oslo - Blindern;SN18700;27.01.2025 00:00;2,3
Oslo - Blindern;SN18700;27.01.2025 01:00;2,2
Oslo - Blindern;SN18700;27.01.2025 02:00;2
Oslo - Blindern;SN18700;27.01.2025 03:00;2
Oslo - Blindern;SN18700;27.01.2025 04:00;1,8
Oslo - Blindern;SN18700;27.01.2025 05:00;1,8
Oslo - Blindern;SN18700;27.01.2025 06:00;1,6
Oslo - Blindern;SN18700;27.01.2025 07:00;1,5
Oslo - Blindern;SN18700;27.01.2025 08:00;1,2
Oslo - Blindern;SN18700;27.01.2025 09:00;1,2
Oslo - Blindern;SN18700;27.01.2025 10:00;0,8
Oslo - Blindern;SN18700;27.01.2025 11:00;1
Oslo - Blindern;SN18700;27.01.2025 12:00;1,1
Oslo - Blindern;SN18700;27.01.2025 13:00;1,2
Oslo - Blindern;SN18700;27.01.2025 14:00;1,3
Oslo - Blindern;SN18700;27.01.2025 15:00;0,7
Oslo - Blindern;SN18700;27.01.2025 16:00;0,4
Oslo - Blindern;SN18700;27.01.2025 17:00;0
Oslo - Blindern;SN18700;27.01.2025 18:00;0,1
Oslo - Blindern;SN18700;27.01.2025 19:00;0,3
Oslo - Blindern;SN18700;27.01.2025 20:00;0,5
Oslo - Blindern;SN18700;27.01.2025 21:00;0,6
Oslo - Blindern;SN18700;27.01.2025 22:00;0,5
Oslo - Blindern;SN18700;27.01.2025 23:00;0,6
Oslo - Blindern;SN18700;28.01.2025 00:00;0,6
Oslo - Blindern;SN18700;28.01.2025 01:00;0,6
Oslo - Blindern;SN18700;28.01.2025 02:00;0,9
Oslo - Blindern;SN18700;28.01.2025 03:00;1,2
Oslo - Blindern;SN18700;28.01.2025 04:00;1,3
Oslo - Blindern;SN18700;28.01.2025 05:00;1,7
Oslo - Blindern;SN18700;28.01.2025 06:00;1,7
Oslo - Blindern;SN18700;28.01.2025 07:00;1,9
Oslo - Blindern;SN18700;28.01.2025 08:00;2,3
Oslo - Blindern;SN18700;28.01.2025 09:00;1
Oslo - Blindern;SN18700;28.01.2025 10:00;0,7
Oslo - Blindern;SN18700;28.01.2025 11:00;1,5
Oslo - Blindern;SN18700;28.01.2025 12:00;1,8
Oslo - Blindern;SN18700;28.01.2025 13:00;1,9
Oslo - Blindern;SN18700;28.01.2025 14:00;2,1
Oslo - Blindern;SN18700;28.01.2025 15:00;2,2
Oslo - Blindern;SN18700;28.01.2025 16:00;2,3
Oslo - Blindern;SN18700;28.01.2025 17:00;2,6
Oslo - Blindern;SN18700;28.01.2025 18:00;2,6
Oslo - Blindern;SN18700;28.01.2025 19:00;2,6
Oslo - Blindern;SN18700;28.01.2025 20:00;2,9
Oslo - Blindern;SN18700;28.01.2025 21:00;2,8
Oslo - Blindern;SN18700;28.01.2025 22:00;2,7
Oslo - Blindern;SN18700;28.01.2025 23:00;2,7
Oslo - Blindern;SN18700;29.01.2025 00:00;2,9
Oslo - Blindern;SN18700;29.01.2025 01:00;2,6
Oslo - Blindern;SN18700;29.01.2025 02:00;2,5
Oslo - Blindern;SN18700;29.01.2025 03:00;2,4
Oslo - Blindern;SN18700;29.01.2025 04:00;2,7
Oslo - Blindern;SN18700;29.01.2025 05:00;2,7
Oslo - Blindern;SN18700;29.01.2025 06:00;2,8
Oslo - Blindern;SN18700;29.01.2025 07:00;2,9
Oslo - Blindern;SN18700;29.01.2025 08:00;2,8
Oslo - Blindern;SN18700;29.01.2025 09:00;2,9
Oslo - Blindern;SN18700;29.01.2025 10:00;3,1
Oslo - Blindern;SN18700;29.01.2025 11:00;3,5
Oslo - Blindern;SN18700;29.01.2025 12:00;3,9
Oslo - Blindern;SN18700;29.01.2025 13:00;3,8
Oslo - Blindern;SN18700;29.01.2025 14:00;3,8
Oslo - Blindern;SN18700;29.01.2025 15:00;3,5
Oslo - Blindern;SN18700;29.01.2025 16:00;3,4
Oslo - Blindern;SN18700;29.01.2025 17:00;3,2
Oslo - Blindern;SN18700;29.01.2025 18:00;3,1
Oslo - Blindern;SN18700;29.01.2025 19:00;3,1
Oslo - Blindern;SN18700;29.01.2025 20:00;3,1
Oslo - Blindern;SN18700;29.01.2025 21:00;2,7
Oslo - Blindern;SN18700;29.01.2025 22:00;2,2
Oslo - Blindern;SN18700;29.01.2025 23:00;2,2
Oslo - Blindern;SN18700;30.01.2025 00:00;2,1
Oslo - Blindern;SN18700;30.01.2025 01:00;1,9
Oslo - Blindern;SN18700;30.01.2025 02:00;2,1
Oslo - Blindern;SN18700;30.01.2025 03:00;1,6
Oslo - Blindern;SN18700;30.01.2025 04:00;1,5
Oslo - Blindern;SN18700;30.01.2025 05:00;1,1
Oslo - Blindern;SN18700;30.01.2025 06:00;1,4
Oslo - Blindern;SN18700;30.01.2025 07:00;1,2
Oslo - Blindern;SN18700;30.01.2025 08:00;0,7
Oslo - Blindern;SN18700;30.01.2025 09:00;0,7
Oslo - Blindern;SN18700;30.01.2025 10:00;0,5
Oslo - Blindern;SN18700;30.01.2025 11:00;0,1
Oslo - Blindern;SN18700;30.01.2025 12:00;0,4
Oslo - Blindern;SN18700;30.01.2025 13:00;0,2
Oslo - Blindern;SN18700;30.01.2025 14:00;0,1
Oslo - Blindern;SN18700;30.01.2025 15:00;0,2
Oslo - Blindern;SN18700;30.01.2025 16:00;-0,1
Oslo - Blindern;SN18700;30.01.2025 17:00;-0,1
Oslo - Blindern;SN18700;30.01.2025 18:00;-0,6
Oslo - Blindern;SN18700;30.01.2025 19:00;-0,5
Oslo - Blindern;SN18700;30.01.2025 20:00;-0,8
Oslo - Blindern;SN18700;30.01.2025 21:00;-1,6
Oslo - Blindern;SN18700;30.01.2025 22:00;-1,6
Oslo - Blindern;SN18700;30.01.2025 23:00;-1,3
Oslo - Blindern;SN18700;31.01.2025 00:00;-2
Oslo - Blindern;SN18700;31.01.2025 01:00;-3,1
Oslo - Blindern;SN18700;31.01.2025 02:00;-3,3
Oslo - Blindern;SN18700;31.01.2025 03:00;-4,5
Oslo - Blindern;SN18700;31.01.2025 04:00;-4,4
Oslo - Blindern;SN18700;31.01.2025 05:00;-5
Oslo - Blindern;SN18700;31.01.2025 06:00;-5,2
Oslo - Blindern;SN18700;31.01.2025 07:00;-5,4
Oslo - Blindern;SN18700;31.01.2025 08:00;-5,4
Oslo - Blindern;SN18700;31.01.2025 09:00;-5,5
Oslo - Blindern;SN18700;31.01.2025 10:00;-3,6
Oslo - Blindern;SN18700;31.01.2025 11:00;-2,6
Oslo - Blindern;SN18700;31.01.2025 12:00;-0,1
Oslo - Blindern;SN18700;31.01.2025 13:00;0,2
Oslo - Blindern;SN18700;31.01.2025 14:00;0,3
Oslo - Blindern;SN18700;31.01.2025 15:00;0,6
Oslo - Blindern;SN18700;31.01.2025 16:00;-0,6
Oslo - Blindern;SN18700;31.01.2025 17:00;-0,9
Oslo - Blindern;SN18700;31.01.2025 18:00;-1,6
Oslo - Blindern;SN18700;31.01.2025 19:00;-1,2
Oslo - Blindern;SN18700;31.01.2025 20:00;-0,8
Oslo - Blindern;SN18700;31.01.2025 21:00;-1,5
Oslo - Blindern;SN18700;31.01.2025 22:00;-2,3
Oslo - Blindern;SN18700;31.01.2025 23:00;-3,2
Oslo - Blindern;SN18700;01.02.2025 00:00;-3,5
Oslo - Blindern;SN18700;01.02.2025 01:00;-4,4
Oslo - Blindern;SN18700;01.02.2025 02:00;-4,9
Oslo - Blindern;SN18700;01.02.2025 03:00;-5,2
Oslo - Blindern;SN18700;01.02.2025 04:00;-5,4
Oslo - Blindern;SN18700;01.02.2025 05:00;-5,5
Oslo - Blindern;SN18700;01.02.2025 06:00;-5,3
Oslo - Blindern;SN18700;01.02.2025 07:00;-6,2
Oslo - Blindern;SN18700;01.02.2025 08:00;-6,9
Oslo - Blindern;SN18700;01.02.2025 09:00;-6,9
Oslo - Blindern;SN18700;01.02.2025 10:00;-5,9
Oslo - Blindern;SN18700;01.02.2025 11:00;-3,5
Oslo - Blindern;SN18700;01.02.2025 12:00;-1
Oslo - Blindern;SN18700;01.02.2025 13:00;-0,4
Oslo - Blindern;SN18700;01.02.2025 14:00;-0,1
Oslo - Blindern;SN18700;01.02.2025 15:00;-0,8
Oslo - Blindern;SN18700;01.02.2025 16:00;-1,3
Oslo - Blindern;SN18700;01.02.2025 17:00;-3
Oslo - Blindern;SN18700;01.02.2025 18:00;-3,9
Oslo - Blindern;SN18700;01.02.2025 19:00;-4,9
Oslo - Blindern;SN18700;01.02.2025 20:00;-5,6
Oslo - Blindern;SN18700;01.02.2025 21:00;-6,2
Oslo - Blindern;SN18700;01.02.2025 22:00;-6,8
Oslo - Blindern;SN18700;01.02.2025 23:00;-6,6
Oslo - Blindern;SN18700;02.02.2025 00:00;-5,5
Oslo - Blindern;SN18700;02.02.2025 01:00;-5,6
Oslo - Blindern;SN18700;02.02.2025 02:00;-5,5
Oslo - Blindern;SN18700;02.02.2025 03:00;-4,9
Oslo - Blindern;SN18700;02.02.2025 04:00;-4,9
Oslo - Blindern;SN18700;02.02.2025 05:00;-5
Oslo - Blindern;SN18700;02.02.2025 06:00;-5,1
Oslo - Blindern;SN18700;02.02.2025 07:00;-4,9
Oslo - Blindern;SN18700;02.02.2025 08:00;-4,7
Oslo - Blindern;SN18700;02.02.2025 09:00;-4,5
Oslo - Blindern;SN18700;02.02.2025 10:00;-4,2
Oslo - Blindern;SN18700;02.02.2025 11:00;-3,9
Oslo - Blindern;SN18700;02.02.2025 12:00;-3,5
Oslo - Blindern;SN18700;02.02.2025 13:00;-3,5
Oslo - Blindern;SN18700;02.02.2025 14:00;-3,3
Oslo - Blindern;SN18700;02.02.2025 15:00;-3
Oslo - Blindern;SN18700;02.02.2025 16:00;-2,8
Oslo - Blindern;SN18700;02.02.2025 17:00;-2,8
Oslo - Blindern;SN18700;02.02.2025 18:00;-2,7
Oslo - Blindern;SN18700;02.02.2025 19:00;-2,7
Oslo - Blindern;SN18700;02.02.2025 20:00;-2,7
Oslo - Blindern;SN18700;02.02.2025 21:00;-3,1
Oslo - Blindern;SN18700;02.02.2025 22:00;-3,2
Oslo - Blindern;SN18700;02.02.2025 23:00;-3,4
Oslo - Blindern;SN18700;03.02.2025 00:00;-3,7
Oslo - Blindern;SN18700;03.02.2025 01:00;-4
Oslo - Blindern;SN18700;03.02.2025 02:00;-4,1
Oslo - Blindern;SN18700;03.02.2025 03:00;-4
Oslo - Blindern;SN18700;03.02.2025 04:00;-3,6
Oslo - Blindern;SN18700;03.02.2025 05:00;-3,4
Oslo - Blindern;SN18700;03.02.2025 06:00;-3,6
Oslo - Blindern;SN18700;03.02.2025 07:00;-3,1
Oslo - Blindern;SN18700;03.02.2025 08:00;-2,8
Oslo - Blindern;SN18700;03.02.2025 09:00;-2,9
Oslo - Blindern;SN18700;03.02.2025 10:00;-2,4
Oslo - Blindern;SN18700;03.02.2025 11:00;-2,2
Oslo - Blindern;SN18700;03.02.2025 12:00;-1,6
Oslo - Blindern;SN18700;03.02.2025 13:00;-1,3
Oslo - Blindern;SN18700;03.02.2025 14:00;-1,1
Oslo - Blindern;SN18700;03.02.2025 15:00;-0,9
Oslo - Blindern;SN18700;03.02.2025 16:00;-0,8
Oslo - Blindern;SN18700;03.02.2025 17:00;-0,7
Oslo - Blindern;SN18700;03.02.2025 18:00;-0,4
Oslo - Blindern;SN18700;03.02.2025 19:00;-0,3
Oslo - Blindern;SN18700;03.02.2025 20:00;-0,2
Oslo - Blindern;SN18700;03.02.2025 21:00;0
Oslo - Blindern;SN18700;03.02.2025 22:00;0,1
Oslo - Blindern;SN18700;03.02.2025 23:00;0,3
Oslo - Blindern;SN18700;04.02.2025 00:00;0,6
Oslo - Blindern;SN18700;04.02.2025 01:00;1,1
Oslo - Blindern;SN18700;04.02.2025 02:00;1,4
Oslo - Blindern;SN18700;04.02.2025 03:00;2
Oslo - Blindern;SN18700;04.02.2025 04:00;2,2
Oslo - Blindern;SN18700;04.02.2025 05:00;2
Oslo - Blindern;SN18700;04.02.2025 06:00;2,1
Oslo - Blindern;SN18700;04.02.2025 07:00;2,6
Oslo - Blindern;SN18700;04.02.2025 08:00;3,1
Oslo - Blindern;SN18700;04.02.2025 09:00;3,2
Oslo - Blindern;SN18700;04.02.2025 10:00;3,3
Oslo - Blindern;SN18700;04.02.2025 11:00;3,4
Oslo - Blindern;SN18700;04.02.2025 12:00;3,7
Oslo - Blindern;SN18700;04.02.2025 13:00;4
Oslo - Blindern;SN18700;04.02.2025 14:00;4,3
Oslo - Blindern;SN18700;04.02.2025 15:00;4,5
Oslo - Blindern;SN18700;04.02.2025 16:00;4,5
Oslo - Blindern;SN18700;04.02.2025 17:00;4,3
Oslo - Blindern;SN18700;04.02.2025 18:00;4,4
Oslo - Blindern;SN18700;04.02.2025 19:00;4,6
Oslo - Blindern;SN18700;04.02.2025 20:00;4,7
Oslo - Blindern;SN18700;04.02.2025 21:00;4,8
Oslo - Blindern;SN18700;04.02.2025 22:00;4,7
Oslo - Blindern;SN18700;04.02.2025 23:00;4,8
Oslo - Blindern;SN18700;05.02.2025 00:00;5,1
Oslo - Blindern;SN18700;05.02.2025 01:00;5
Oslo - Blindern;SN18700;05.02.2025 02:00;4,9
Oslo - Blindern;SN18700;05.02.2025 03:00;4,9
Oslo - Blindern;SN18700;05.02.2025 04:00;5,1
Oslo - Blindern;SN18700;05.02.2025 05:00;5,3
Oslo - Blindern;SN18700;05.02.2025 06:00;4,8
Oslo - Blindern;SN18700;05.02.2025 07:00;4,2
Oslo - Blindern;SN18700;05.02.2025 08:00;4
Oslo - Blindern;SN18700;05.02.2025 09:00;3,9
Oslo - Blindern;SN18700;05.02.2025 10:00;4,5
Oslo - Blindern;SN18700;05.02.2025 11:00;6,4
Oslo - Blindern;SN18700;05.02.2025 12:00;7,9
Oslo - Blindern;SN18700;05.02.2025 13:00;8,2
Oslo - Blindern;SN18700;05.02.2025 14:00;7,9
Oslo - Blindern;SN18700;05.02.2025 15:00;7,5
Oslo - Blindern;SN18700;05.02.2025 16:00;7,4
Oslo - Blindern;SN18700;05.02.2025 17:00;5,9
Oslo - Blindern;SN18700;05.02.2025 18:00;3,4
Oslo - Blindern;SN18700;05.02.2025 19:00;4,1
Oslo - Blindern;SN18700;05.02.2025 20:00;4,9
Oslo - Blindern;SN18700;05.02.2025 21:00;1,7
Oslo - Blindern;SN18700;05.02.2025 22:00;1
Oslo - Blindern;SN18700;05.02.2025 23:00;0,6
Oslo - Blindern;SN18700;06.02.2025 00:00;-0,3
Oslo - Blindern;SN18700;06.02.2025 01:00;-0,9
Oslo - Blindern;SN18700;06.02.2025 02:00;0,5
Oslo - Blindern;SN18700;06.02.2025 03:00;-1
Oslo - Blindern;SN18700;06.02.2025 04:00;-1
Oslo - Blindern;SN18700;06.02.2025 05:00;-1,7
Oslo - Blindern;SN18700;06.02.2025 06:00;-2
Oslo - Blindern;SN18700;06.02.2025 07:00;-2,3
Oslo - Blindern;SN18700;06.02.2025 08:00;-2,5
Oslo - Blindern;SN18700;06.02.2025 09:00;-2,2
Oslo - Blindern;SN18700;06.02.2025 10:00;-1,1
Oslo - Blindern;SN18700;06.02.2025 11:00;0,2
Oslo - Blindern;SN18700;06.02.2025 12:00;3,2
Oslo - Blindern;SN18700;06.02.2025 13:00;4,4
Oslo - Blindern;SN18700;06.02.2025 14:00;3,7
Oslo - Blindern;SN18700;06.02.2025 15:00;4,2
Oslo - Blindern;SN18700;06.02.2025 16:00;3,6
Oslo - Blindern;SN18700;06.02.2025 17:00;1,7
Oslo - Blindern;SN18700;06.02.2025 18:00;0,1
Oslo - Blindern;SN18700;06.02.2025 19:00;-0,4
Oslo - Blindern;SN18700;06.02.2025 20:00;-1,2
Oslo - Blindern;SN18700;06.02.2025 21:00;-1,7
Oslo - Blindern;SN18700;06.02.2025 22:00;-1,8
Oslo - Blindern;SN18700;06.02.2025 23:00;-2,3
Oslo - Blindern;SN18700;07.02.2025 00:00;-2,5
Oslo - Blindern;SN18700;07.02.2025 01:00;-2,3
Oslo - Blindern;SN18700;07.02.2025 02:00;-2,2
Oslo - Blindern;SN18700;07.02.2025 03:00;-1,2
Oslo - Blindern;SN18700;07.02.2025 04:00;-2,2
Oslo - Blindern;SN18700;07.02.2025 05:00;-3
Oslo - Blindern;SN18700;07.02.2025 06:00;-3,2
Oslo - Blindern;SN18700;07.02.2025 07:00;-3,5
Oslo - Blindern;SN18700;07.02.2025 08:00;-3,4
Oslo - Blindern;SN18700;07.02.2025 09:00;-2,9
Oslo - Blindern;SN18700;07.02.2025 10:00;-1,9
Oslo - Blindern;SN18700;07.02.2025 11:00;-0,6
Oslo - Blindern;SN18700;07.02.2025 12:00;1,2
Oslo - Blindern;SN18700;07.02.2025 13:00;2,2
Oslo - Blindern;SN18700;07.02.2025 14:00;2,7
Oslo - Blindern;SN18700;07.02.2025 15:00;1,9
Oslo - Blindern;SN18700;07.02.2025 16:00;2,2
Oslo - Blindern;SN18700;07.02.2025 17:00;0,8
Oslo - Blindern;SN18700;07.02.2025 18:00;0,7
Oslo - Blindern;SN18700;07.02.2025 19:00;0,6
Oslo - Blindern;SN18700;07.02.2025 20:00;0
Oslo - Blindern;SN18700;07.02.2025 21:00;-0,2
Oslo - Blindern;SN18700;07.02.2025 22:00;-0,6
Oslo - Blindern;SN18700;07.02.2025 23:00;-0,7
Oslo - Blindern;SN18700;08.02.2025 00:00;-0,8
Oslo - Blindern;SN18700;08.02.2025 01:00;-0,6
Oslo - Blindern;SN18700;08.02.2025 02:00;-0,6
Oslo - Blindern;SN18700;08.02.2025 03:00;-0,7
Oslo - Blindern;SN18700;08.02.2025 04:00;-0,3
Oslo - Blindern;SN18700;08.02.2025 05:00;-0,5
Oslo - Blindern;SN18700;08.02.2025 06:00;-0,3
Oslo - Blindern;SN18700;08.02.2025 07:00;-0,1
Oslo - Blindern;SN18700;08.02.2025 08:00;0
Oslo - Blindern;SN18700;08.02.2025 09:00;-0,2
Oslo - Blindern;SN18700;08.02.2025 10:00;0
Oslo - Blindern;SN18700;08.02.2025 11:00;-0,2
Oslo - Blindern;SN18700;08.02.2025 12:00;-0,2
Oslo - Blindern;SN18700;08.02.2025 13:00;-0,5
Oslo - Blindern;SN18700;08.02.2025 14:00;-0,4
Oslo - Blindern;SN18700;08.02.2025 15:00;-0,5
Oslo - Blindern;SN18700;08.02.2025 16:00;-0,7
Oslo - Blindern;SN18700;08.02.2025 17:00;-1,1
Oslo - Blindern;SN18700;08.02.2025 18:00;-1,3
Oslo - Blindern;SN18700;08.02.2025 19:00;-1,4
Oslo - Blindern;SN18700;08.02.2025 20:00;-1,4
Oslo - Blindern;SN18700;08.02.2025 21:00;-1,5
Oslo - Blindern;SN18700;08.02.2025 22:00;-1,5
Oslo - Blindern;SN18700;08.02.2025 23:00;-2,3
Oslo - Blindern;SN18700;09.02.2025 00:00;-3,4
Oslo - Blindern;SN18700;09.02.2025 01:00;-3,9
Oslo - Blindern;SN18700;09.02.2025 02:00;-4,4
Oslo - Blindern;SN18700;09.02.2025 03:00;-5,1
Oslo - Blindern;SN18700;09.02.2025 04:00;-6
Oslo - Blindern;SN18700;09.02.2025 05:00;-6,6
Oslo - Blindern;SN18700;09.02.2025 06:00;-6,6
Oslo - Blindern;SN18700;09.02.2025 07:00;-7,3
Oslo - Blindern;SN18700;09.02.2025 08:00;-7,4
Oslo - Blindern;SN18700;09.02.2025 09:00;-7,3
Oslo - Blindern;SN18700;09.02.2025 10:00;-6,2
Oslo - Blindern;SN18700;09.02.2025 11:00;-4,2
Oslo - Blindern;SN18700;09.02.2025 12:00;-1,9
Oslo - Blindern;SN18700;09.02.2025 13:00;-0,4
Oslo - Blindern;SN18700;09.02.2025 14:00;-0,7
Oslo - Blindern;SN18700;09.02.2025 15:00;-1,3
Oslo - Blindern;SN18700;09.02.2025 16:00;-1
Oslo - Blindern;SN18700;09.02.2025 17:00;-2,8
Oslo - Blindern;SN18700;09.02.2025 18:00;-3,7
Oslo - Blindern;SN18700;09.02.2025 19:00;-4,4
Oslo - Blindern;SN18700;09.02.2025 20:00;-5,1
Oslo - Blindern;SN18700;09.02.2025 21:00;-5,9
Oslo - Blindern;SN18700;09.02.2025 22:00;-6,5
Oslo - Blindern;SN18700;09.02.2025 23:00;-6,2
Oslo - Blindern;SN18700;10.02.2025 00:00;-6,3
Oslo - Blindern;SN18700;10.02.2025 01:00;-6,4
Oslo - Blindern;SN18700;10.02.2025 02:00;-6,2
Oslo - Blindern;SN18700;10.02.2025 03:00;-6,9
Oslo - Blindern;SN18700;10.02.2025 04:00;-7,3
Oslo - Blindern;SN18700;10.02.2025 05:00;-7,7
Oslo - Blindern;SN18700;10.02.2025 06:00;-6,7
Oslo - Blindern;SN18700;10.02.2025 07:00;-6,7
Oslo - Blindern;SN18700;10.02.2025 08:00;-6,9
Oslo - Blindern;SN18700;10.02.2025 09:00;-6
Oslo - Blindern;SN18700;10.02.2025 10:00;-4,7
Oslo - Blindern;SN18700;10.02.2025 11:00;-2,6
Oslo - Blindern;SN18700;10.02.2025 12:00;0,5
Oslo - Blindern;SN18700;10.02.2025 13:00;1,3
Oslo - Blindern;SN18700;10.02.2025 14:00;2,7
Oslo - Blindern;SN18700;10.02.2025 15:00;1,5
Oslo - Blindern;SN18700;10.02.2025 16:00;1,4
Oslo - Blindern;SN18700;10.02.2025 17:00;-0,3
Oslo - Blindern;SN18700;10.02.2025 18:00;-1,7
Oslo - Blindern;SN18700;10.02.2025 19:00;-2,4
Oslo - Blindern;SN18700;10.02.2025 20:00;-3
Oslo - Blindern;SN18700;10.02.2025 21:00;-3,5
Oslo - Blindern;SN18700;10.02.2025 22:00;-4,3
Oslo - Blindern;SN18700;10.02.2025 23:00;-4,5
Oslo - Blindern;SN18700;11.02.2025 00:00;-4,5
Oslo - Blindern;SN18700;11.02.2025 01:00;-4,8
Oslo - Blindern;SN18700;11.02.2025 02:00;-4,4
Oslo - Blindern;SN18700;11.02.2025 03:00;-5,2
Oslo - Blindern;SN18700;11.02.2025 04:00;-5,3
Oslo - Blindern;SN18700;11.02.2025 05:00;-5,7
Oslo - Blindern;SN18700;11.02.2025 06:00;-5,7
Oslo - Blindern;SN18700;11.02.2025 07:00;-5,9
Oslo - Blindern;SN18700;11.02.2025 08:00;-6,2
Oslo - Blindern;SN18700;11.02.2025 09:00;-4,9
Oslo - Blindern;SN18700;11.02.2025 10:00;-4
Oslo - Blindern;SN18700;11.02.2025 11:00;-1,8
Oslo - Blindern;SN18700;11.02.2025 12:00;1,7
Oslo - Blindern;SN18700;11.02.2025 13:00;2,3
Oslo - Blindern;SN18700;11.02.2025 14:00;2,6
Oslo - Blindern;SN18700;11.02.2025 15:00;1,7
Oslo - Blindern;SN18700;11.02.2025 16:00;1,6
Oslo - Blindern;SN18700;11.02.2025 17:00;0,5
Oslo - Blindern;SN18700;11.02.2025 18:00;-0,9
Oslo - Blindern;SN18700;11.02.2025 19:00;-1,4
Oslo - Blindern;SN18700;11.02.2025 20:00;-2,1
Oslo - Blindern;SN18700;11.02.2025 21:00;-3,1
Oslo - Blindern;SN18700;11.02.2025 22:00;-3,2
Oslo - Blindern;SN18700;11.02.2025 23:00;-3,8
Oslo - Blindern;SN18700;12.02.2025 00:00;-4,7
Oslo - Blindern;SN18700;12.02.2025 01:00;-5,2
Oslo - Blindern;SN18700;12.02.2025 02:00;-6,2
Oslo - Blindern;SN18700;12.02.2025 03:00;-6,4
Oslo - Blindern;SN18700;12.02.2025 04:00;-7
Oslo - Blindern;SN18700;12.02.2025 05:00;-7,2
Oslo - Blindern;SN18700;12.02.2025 06:00;-7,5
Oslo - Blindern;SN18700;12.02.2025 07:00;-7,6
Oslo - Blindern;SN18700;12.02.2025 08:00;-8
Oslo - Blindern;SN18700;12.02.2025 09:00;-7,4
Oslo - Blindern;SN18700;12.02.2025 10:00;-6,2
Oslo - Blindern;SN18700;12.02.2025 11:00;-3,4
Oslo - Blindern;SN18700;12.02.2025 12:00;-0,8
Oslo - Blindern;SN18700;12.02.2025 13:00;-0,2
Oslo - Blindern;SN18700;12.02.2025 14:00;0,2
Oslo - Blindern;SN18700;12.02.2025 15:00;-0,2
Oslo - Blindern;SN18700;12.02.2025 16:00;-0,2
Oslo - Blindern;SN18700;12.02.2025 17:00;-1,8
Oslo - Blindern;SN18700;12.02.2025 18:00;-2,9
Oslo - Blindern;SN18700;12.02.2025 19:00;-3,8
Oslo - Blindern;SN18700;12.02.2025 20:00;-4,2
Oslo - Blindern;SN18700;12.02.2025 21:00;-5,2
Oslo - Blindern;SN18700;12.02.2025 22:00;-4,7
Oslo - Blindern;SN18700;12.02.2025 23:00;-4
Oslo - Blindern;SN18700;13.02.2025 00:00;-3,5
Oslo - Blindern;SN18700;13.02.2025 01:00;-2,7
Oslo - Blindern;SN18700;13.02.2025 02:00;-0,5
Oslo - Blindern;SN18700;13.02.2025 03:00;-0,9
Oslo - Blindern;SN18700;13.02.2025 04:00;-0,4
Oslo - Blindern;SN18700;13.02.2025 05:00;-0,3
Oslo - Blindern;SN18700;13.02.2025 06:00;-0,2
Oslo - Blindern;SN18700;13.02.2025 07:00;-0,2
Oslo - Blindern;SN18700;13.02.2025 08:00;-0,5
Oslo - Blindern;SN18700;13.02.2025 09:00;-0,5
Oslo - Blindern;SN18700;13.02.2025 10:00;0
Oslo - Blindern;SN18700;13.02.2025 11:00;0,7
Oslo - Blindern;SN18700;13.02.2025 12:00;1,1
Oslo - Blindern;SN18700;13.02.2025 13:00;1,3
Oslo - Blindern;SN18700;13.02.2025 14:00;1,1
Oslo - Blindern;SN18700;13.02.2025 15:00;0,9
Oslo - Blindern;SN18700;13.02.2025 16:00;0,8
Oslo - Blindern;SN18700;13.02.2025 17:00;-0,2
Oslo - Blindern;SN18700;13.02.2025 18:00;-1,4
Oslo - Blindern;SN18700;13.02.2025 19:00;-2,6
Oslo - Blindern;SN18700;13.02.2025 20:00;-3,5
Oslo - Blindern;SN18700;13.02.2025 21:00;-5
Oslo - Blindern;SN18700;13.02.2025 22:00;-5,7
Oslo - Blindern;SN18700;13.02.2025 23:00;-6,6
Oslo - Blindern;SN18700;14.02.2025 00:00;-6,9
Oslo - Blindern;SN18700;14.02.2025 01:00;-7,8
Oslo - Blindern;SN18700;14.02.2025 02:00;-8,1
Oslo - Blindern;SN18700;14.02.2025 03:00;-8,7
Oslo - Blindern;SN18700;14.02.2025 04:00;-8,9
Oslo - Blindern;SN18700;14.02.2025 05:00;-8,4
Oslo - Blindern;SN18700;14.02.2025 06:00;-7,3
Oslo - Blindern;SN18700;14.02.2025 07:00;-7
Oslo - Blindern;SN18700;14.02.2025 08:00;-6,3
Oslo - Blindern;SN18700;14.02.2025 09:00;-5,6
Oslo - Blindern;SN18700;14.02.2025 10:00;-4,6
Oslo - Blindern;SN18700;14.02.2025 11:00;-2,8
Oslo - Blindern;SN18700;14.02.2025 12:00;-0,5
Oslo - Blindern;SN18700;14.02.2025 13:00;-0,2
Oslo - Blindern;SN18700;14.02.2025 14:00;0,4
Oslo - Blindern;SN18700;14.02.2025 15:00;-0,3
Oslo - Blindern;SN18700;14.02.2025 16:00;-0,2
Oslo - Blindern;SN18700;14.02.2025 17:00;-0,6
Oslo - Blindern;SN18700;14.02.2025 18:00;-1,7
Oslo - Blindern;SN18700;14.02.2025 19:00;-3
Oslo - Blindern;SN18700;14.02.2025 20:00;-3,8
Oslo - Blindern;SN18700;14.02.2025 21:00;-4,6
Oslo - Blindern;SN18700;14.02.2025 22:00;-5
Oslo - Blindern;SN18700;14.02.2025 23:00;-4,8
Oslo - Blindern;SN18700;15.02.2025 00:00;-4,7
Oslo - Blindern;SN18700;15.02.2025 01:00;-4,6
Oslo - Blindern;SN18700;15.02.2025 02:00;-4,6
Oslo - Blindern;SN18700;15.02.2025 03:00;-4,8
Oslo - Blindern;SN18700;15.02.2025 04:00;-4,7
Oslo - Blindern;SN18700;15.02.2025 05:00;-5,2
Oslo - Blindern;SN18700;15.02.2025 06:00;-5,4
Oslo - Blindern;SN18700;15.02.2025 07:00;-2,3
Oslo - Blindern;SN18700;15.02.2025 08:00;-2,6
Oslo - Blindern;SN18700;15.02.2025 09:00;-2,5
Oslo - Blindern;SN18700;15.02.2025 10:00;-3,3
Oslo - Blindern;SN18700;15.02.2025 11:00;-3,2
Oslo - Blindern;SN18700;15.02.2025 12:00;-2,5
Oslo - Blindern;SN18700;15.02.2025 13:00;-2,8
Oslo - Blindern;SN18700;15.02.2025 14:00;-3,2
Oslo - Blindern;SN18700;15.02.2025 15:00;-3,2
Oslo - Blindern;SN18700;15.02.2025 16:00;-3,7
Oslo - Blindern;SN18700;15.02.2025 17:00;-4,5
Oslo - Blindern;SN18700;15.02.2025 18:00;-5,3
Oslo - Blindern;SN18700;15.02.2025 19:00;-6,4
Oslo - Blindern;SN18700;15.02.2025 20:00;-6,9
Oslo - Blindern;SN18700;15.02.2025 21:00;-7,4
Oslo - Blindern;SN18700;15.02.2025 22:00;-7,5
Oslo - Blindern;SN18700;15.02.2025 23:00;-8,5
Oslo - Blindern;SN18700;16.02.2025 00:00;-9,8
Oslo - Blindern;SN18700;16.02.2025 01:00;-9,7
Oslo - Blindern;SN18700;16.02.2025 02:00;-10,3
Oslo - Blindern;SN18700;16.02.2025 03:00;-10,6
Oslo - Blindern;SN18700;16.02.2025 04:00;-11,4
Oslo - Blindern;SN18700;16.02.2025 05:00;-11,6
Oslo - Blindern;SN18700;16.02.2025 06:00;-11,8
Oslo - Blindern;SN18700;16.02.2025 07:00;-12,7
Oslo - Blindern;SN18700;16.02.2025 08:00;-13
Oslo - Blindern;SN18700;16.02.2025 09:00;-10,7
Oslo - Blindern;SN18700;16.02.2025 10:00;-9
Oslo - Blindern;SN18700;16.02.2025 11:00;-6,3
Oslo - Blindern;SN18700;16.02.2025 12:00;-3,6
Oslo - Blindern;SN18700;16.02.2025 13:00;-2,6
Oslo - Blindern;SN18700;16.02.2025 14:00;-1,4
Oslo - Blindern;SN18700;16.02.2025 15:00;-1,7
Oslo - Blindern;SN18700;16.02.2025 16:00;-1,5
Oslo - Blindern;SN18700;16.02.2025 17:00;-1,9
Oslo - Blindern;SN18700;16.02.2025 18:00;-4,3
Oslo - Blindern;SN18700;16.02.2025 19:00;-5,9
Oslo - Blindern;SN18700;16.02.2025 20:00;-6,7
Oslo - Blindern;SN18700;16.02.2025 21:00;-6,7
Oslo - Blindern;SN18700;16.02.2025 22:00;-7,3
Oslo - Blindern;SN18700;16.02.2025 23:00;-8,1
Oslo - Blindern;SN18700;17.02.2025 00:00;-8,1
Oslo - Blindern;SN18700;17.02.2025 01:00;-7,6
Oslo - Blindern;SN18700;17.02.2025 02:00;-9,1
Oslo - Blindern;SN18700;17.02.2025 03:00;-8,9
Oslo - Blindern;SN18700;17.02.2025 04:00;-8,8
Oslo - Blindern;SN18700;17.02.2025 05:00;-9,1
Oslo - Blindern;SN18700;17.02.2025 06:00;-8,6
Oslo - Blindern;SN18700;17.02.2025 07:00;-7,9
Oslo - Blindern;SN18700;17.02.2025 08:00;-7,4
Oslo - Blindern;SN18700;17.02.2025 09:00;-6,9
Oslo - Blindern;SN18700;17.02.2025 10:00;-4,9
Oslo - Blindern;SN18700;17.02.2025 11:00;-1,5
Oslo - Blindern;SN18700;17.02.2025 12:00;-1,3
Oslo - Blindern;SN18700;17.02.2025 13:00;0
Oslo - Blindern;SN18700;17.02.2025 14:00;2,5
Oslo - Blindern;SN18700;17.02.2025 15:00;3
Oslo - Blindern;SN18700;17.02.2025 16:00;3
Oslo - Blindern;SN18700;17.02.2025 17:00;2
Oslo - Blindern;SN18700;17.02.2025 18:00;-0,9
Oslo - Blindern;SN18700;17.02.2025 19:00;-1,4
Oslo - Blindern;SN18700;17.02.2025 20:00;-1,5
Oslo - Blindern;SN18700;17.02.2025 21:00;-2,5
Oslo - Blindern;SN18700;17.02.2025 22:00;-3,9
Oslo - Blindern;SN18700;17.02.2025 23:00;-3,9
Oslo - Blindern;SN18700;18.02.2025 00:00;-4,6
Oslo - Blindern;SN18700;18.02.2025 01:00;-5
Oslo - Blindern;SN18700;18.02.2025 02:00;-5,5
Oslo - Blindern;SN18700;18.02.2025 03:00;-6,4
Oslo - Blindern;SN18700;18.02.2025 04:00;-6,4
Oslo - Blindern;SN18700;18.02.2025 05:00;-6,5
Oslo - Blindern;SN18700;18.02.2025 06:00;-6,7
Oslo - Blindern;SN18700;18.02.2025 07:00;-7,4
Oslo - Blindern;SN18700;18.02.2025 08:00;-7,5
Oslo - Blindern;SN18700;18.02.2025 09:00;-4,7
Oslo - Blindern;SN18700;18.02.2025 10:00;-4
Oslo - Blindern;SN18700;18.02.2025 11:00;-1,8
Oslo - Blindern;SN18700;18.02.2025 12:00;0,3
Oslo - Blindern;SN18700;18.02.2025 13:00;1,5
Oslo - Blindern;SN18700;18.02.2025 14:00;2
Oslo - Blindern;SN18700;18.02.2025 15:00;1,7
Oslo - Blindern;SN18700;18.02.2025 16:00;1,7
Oslo - Blindern;SN18700;18.02.2025 17:00;-0,2
Oslo - Blindern;SN18700;18.02.2025 18:00;-2
Oslo - Blindern;SN18700;18.02.2025 19:00;-3,3
Oslo - Blindern;SN18700;18.02.2025 20:00;-4,1
Oslo - Blindern;SN18700;18.02.2025 21:00;-4,9
Oslo - Blindern;SN18700;18.02.2025 22:00;-5,1
Oslo - Blindern;SN18700;18.02.2025 23:00;-5,7
Oslo - Blindern;SN18700;19.02.2025 00:00;-6,5
Oslo - Blindern;SN18700;19.02.2025 01:00;-7,2
Oslo - Blindern;SN18700;19.02.2025 02:00;-7,2
Oslo - Blindern;SN18700;19.02.2025 03:00;-8,4
Oslo - Blindern;SN18700;19.02.2025 04:00;-8,7
Oslo - Blindern;SN18700;19.02.2025 05:00;-8,7
Oslo - Blindern;SN18700;19.02.2025 06:00;-9
Oslo - Blindern;SN18700;19.02.2025 07:00;-9,6
Oslo - Blindern;SN18700;19.02.2025 08:00;-10
Oslo - Blindern;SN18700;19.02.2025 09:00;-7,4
Oslo - Blindern;SN18700;19.02.2025 10:00;-6,6
Oslo - Blindern;SN18700;19.02.2025 11:00;-4,7
Oslo - Blindern;SN18700;19.02.2025 12:00;-2,2
Oslo - Blindern;SN18700;19.02.2025 13:00;-1,7
Oslo - Blindern;SN18700;19.02.2025 14:00;-1,6
Oslo - Blindern;SN18700;19.02.2025 15:00;-1,3
Oslo - Blindern;SN18700;19.02.2025 16:00;-1,3
Oslo - Blindern;SN18700;19.02.2025 17:00;-2,5
Oslo - Blindern;SN18700;19.02.2025 18:00;-3,6
Oslo - Blindern;SN18700;19.02.2025 19:00;-4,7
Oslo - Blindern;SN18700;19.02.2025 20:00;-5,4
Oslo - Blindern;SN18700;19.02.2025 21:00;-6,5
Oslo - Blindern;SN18700;19.02.2025 22:00;-6,1
Oslo - Blindern;SN18700;19.02.2025 23:00;-5,6
Oslo - Blindern;SN18700;20.02.2025 00:00;-6,1
Oslo - Blindern;SN18700;20.02.2025 01:00;-6,2
Oslo - Blindern;SN18700;20.02.2025 02:00;-5,5
Oslo - Blindern;SN18700;20.02.2025 03:00;-4
Oslo - Blindern;SN18700;20.02.2025 04:00;-3,9
Oslo - Blindern;SN18700;20.02.2025 05:00;-3,2
Oslo - Blindern;SN18700;20.02.2025 06:00;-3
Oslo - Blindern;SN18700;20.02.2025 07:00;-2,7
Oslo - Blindern;SN18700;20.02.2025 08:00;-1,9
Oslo - Blindern;SN18700;20.02.2025 09:00;-1,2
Oslo - Blindern;SN18700;20.02.2025 10:00;-1,1
Oslo - Blindern;SN18700;20.02.2025 11:00;-0,9
Oslo - Blindern;SN18700;20.02.2025 12:00;-0,7
Oslo - Blindern;SN18700;20.02.2025 13:00;-0,3
Oslo - Blindern;SN18700;20.02.2025 14:00;0,2
Oslo - Blindern;SN18700;20.02.2025 15:00;0,3
Oslo - Blindern;SN18700;20.02.2025 16:00;0,3
Oslo - Blindern;SN18700;20.02.2025 17:00;0,2
Oslo - Blindern;SN18700;20.02.2025 18:00;0,4
Oslo - Blindern;SN18700;20.02.2025 19:00;0,7
Oslo - Blindern;SN18700;20.02.2025 20:00;1,2
Oslo - Blindern;SN18700;20.02.2025 21:00;1
Oslo - Blindern;SN18700;20.02.2025 22:00;0,9
Oslo - Blindern;SN18700;20.02.2025 23:00;-0,3
Oslo - Blindern;SN18700;21.02.2025 00:00;-1,1
Oslo - Blindern;SN18700;21.02.2025 01:00;-1,4
Oslo - Blindern;SN18700;21.02.2025 02:00;-1,4
Oslo - Blindern;SN18700;21.02.2025 03:00;-1
Oslo - Blindern;SN18700;21.02.2025 04:00;0,2
Oslo - Blindern;SN18700;21.02.2025 05:00;0,6
Oslo - Blindern;SN18700;21.02.2025 06:00;0,7
Oslo - Blindern;SN18700;21.02.2025 07:00;0,9
Oslo - Blindern;SN18700;21.02.2025 08:00;1,1
Oslo - Blindern;SN18700;21.02.2025 09:00;1,5
Oslo - Blindern;SN18700;21.02.2025 10:00;1,9
Oslo - Blindern;SN18700;21.02.2025 11:00;2,1
Oslo - Blindern;SN18700;21.02.2025 12:00;2,3
Oslo - Blindern;SN18700;21.02.2025 13:00;2,6
Oslo - Blindern;SN18700;21.02.2025 14:00;2,7
Oslo - Blindern;SN18700;21.02.2025 15:00;2,8
Oslo - Blindern;SN18700;21.02.2025 16:00;2,7
Oslo - Blindern;SN18700;21.02.2025 17:00;2,6
Oslo - Blindern;SN18700;21.02.2025 18:00;2,4
Oslo - Blindern;SN18700;21.02.2025 19:00;2,1
Oslo - Blindern;SN18700;21.02.2025 20:00;2,2
Oslo - Blindern;SN18700;21.02.2025 21:00;2,4
Oslo - Blindern;SN18700;21.02.2025 22:00;2,2
Oslo - Blindern;SN18700;21.02.2025 23:00;2,4
Oslo - Blindern;SN18700;22.02.2025 00:00;2,6
Oslo - Blindern;SN18700;22.02.2025 01:00;2,9
Oslo - Blindern;SN18700;22.02.2025 02:00;3,2
Oslo - Blindern;SN18700;22.02.2025 03:00;3,1
Oslo - Blindern;SN18700;22.02.2025 04:00;3,6
Oslo - Blindern;SN18700;22.02.2025 05:00;3,9
Oslo - Blindern;SN18700;22.02.2025 06:00;3,9
Oslo - Blindern;SN18700;22.02.2025 07:00;3,8
Oslo - Blindern;SN18700;22.02.2025 08:00;3,6
Oslo - Blindern;SN18700;22.02.2025 09:00;3,7
Oslo - Blindern;SN18700;22.02.2025 10:00;3,5
Oslo - Blindern;SN18700;22.02.2025 11:00;3,5
Oslo - Blindern;SN18700;22.02.2025 12:00;3,4
Oslo - Blindern;SN18700;22.02.2025 13:00;3,3
Oslo - Blindern;SN18700;22.02.2025 14:00;3,1
Oslo - Blindern;SN18700;22.02.2025 15:00;3
Oslo - Blindern;SN18700;22.02.2025 16:00;2,8
Oslo - Blindern;SN18700;22.02.2025 17:00;3
Oslo - Blindern;SN18700;22.02.2025 18:00;2,9
Oslo - Blindern;SN18700;22.02.2025 19:00;2,9
Oslo - Blindern;SN18700;22.02.2025 20:00;2,9
Oslo - Blindern;SN18700;22.02.2025 21:00;2,9
Oslo - Blindern;SN18700;22.02.2025 22:00;3
Oslo - Blindern;SN18700;22.02.2025 23:00;2,9
Oslo - Blindern;SN18700;23.02.2025 00:00;2,9
Oslo - Blindern;SN18700;23.02.2025 01:00;2,8
Oslo - Blindern;SN18700;23.02.2025 02:00;2,9
Oslo - Blindern;SN18700;23.02.2025 03:00;2,9
Oslo - Blindern;SN18700;23.02.2025 04:00;2,7
Oslo - Blindern;SN18700;23.02.2025 05:00;2,5
Oslo - Blindern;SN18700;23.02.2025 06:00;2,4
Oslo - Blindern;SN18700;23.02.2025 07:00;2,3
Oslo - Blindern;SN18700;23.02.2025 08:00;2,1
Oslo - Blindern;SN18700;23.02.2025 09:00;1,9
Oslo - Blindern;SN18700;23.02.2025 10:00;1,9
Oslo - Blindern;SN18700;23.02.2025 11:00;1,7
Oslo - Blindern;SN18700;23.02.2025 12:00;1,6
Oslo - Blindern;SN18700;23.02.2025 13:00;1,6
Oslo - Blindern;SN18700;23.02.2025 14:00;1,8
Oslo - Blindern;SN18700;23.02.2025 15:00;1,9
Oslo - Blindern;SN18700;23.02.2025 16:00;1,7
Oslo - Blindern;SN18700;23.02.2025 17:00;1,9
Oslo - Blindern;SN18700;23.02.2025 18:00;2,1
Oslo - Blindern;SN18700;23.02.2025 19:00;2,6
Oslo - Blindern;SN18700;23.02.2025 20:00;2,5
Oslo - Blindern;SN18700;23.02.2025 21:00;2,6
Oslo - Blindern;SN18700;23.02.2025 22:00;3
Oslo - Blindern;SN18700;23.02.2025 23:00;2,5
Oslo - Blindern;SN18700;24.02.2025 00:00;2,9
Oslo - Blindern;SN18700;24.02.2025 01:00;3,1
Oslo - Blindern;SN18700;24.02.2025 02:00;3
Oslo - Blindern;SN18700;24.02.2025 03:00;3
Oslo - Blindern;SN18700;24.02.2025 04:00;3,5
Oslo - Blindern;SN18700;24.02.2025 05:00;4
Oslo - Blindern;SN18700;24.02.2025 06:00;4,8
Oslo - Blindern;SN18700;24.02.2025 07:00;5
Oslo - Blindern;SN18700;24.02.2025 08:00;5
Oslo - Blindern;SN18700;24.02.2025 09:00;4,8
Oslo - Blindern;SN18700;24.02.2025 10:00;4,9
Oslo - Blindern;SN18700;24.02.2025 11:00;5
Oslo - Blindern;SN18700;24.02.2025 12:00;5
Oslo - Blindern;SN18700;24.02.2025 13:00;5
Oslo - Blindern;SN18700;24.02.2025 14:00;5
Oslo - Blindern;SN18700;24.02.2025 15:00;5
Oslo - Blindern;SN18700;24.02.2025 16:00;5,1
Oslo - Blindern;SN18700;24.02.2025 17:00;5
Oslo - Blindern;SN18700;24.02.2025 18:00;4,7
Oslo - Blindern;SN18700;24.02.2025 19:00;4,7
Oslo - Blindern;SN18700;24.02.2025 20:00;4,8
Oslo - Blindern;SN18700;24.02.2025 21:00;4,7
Oslo - Blindern;SN18700;24.02.2025 22:00;4,5
Oslo - Blindern;SN18700;24.02.2025 23:00;4,4
Oslo - Blindern;SN18700;25.02.2025 00:00;4,3
Oslo - Blindern;SN18700;25.02.2025 01:00;4,2
Oslo - Blindern;SN18700;25.02.2025 02:00;4,1
Oslo - Blindern;SN18700;25.02.2025 03:00;4
Oslo - Blindern;SN18700;25.02.2025 04:00;4,1
Oslo - Blindern;SN18700;25.02.2025 05:00;3,7
Oslo - Blindern;SN18700;25.02.2025 06:00;3,6
Oslo - Blindern;SN18700;25.02.2025 07:00;3,3
Oslo - Blindern;SN18700;25.02.2025 08:00;3,3
Oslo - Blindern;SN18700;25.02.2025 09:00;3,2
Oslo - Blindern;SN18700;25.02.2025 10:00;3
Oslo - Blindern;SN18700;25.02.2025 11:00;2,9
Oslo - Blindern;SN18700;25.02.2025 12:00;2,8
Oslo - Blindern;SN18700;25.02.2025 13:00;2,6
Oslo - Blindern;SN18700;25.02.2025 14:00;3
Oslo - Blindern;SN18700;25.02.2025 15:00;2,7
Oslo - Blindern;SN18700;25.02.2025 16:00;2,7
Oslo - Blindern;SN18700;25.02.2025 17:00;2,9
Oslo - Blindern;SN18700;25.02.2025 18:00;3,1
Oslo - Blindern;SN18700;25.02.2025 19:00;3,1
Oslo - Blindern;SN18700;25.02.2025 20:00;3,1
Oslo - Blindern;SN18700;25.02.2025 21:00;3,1
Oslo - Blindern;SN18700;25.02.2025 22:00;3,1
Oslo - Blindern;SN18700;25.02.2025 23:00;3
Oslo - Blindern;SN18700;26.02.2025 00:00;2,9
Oslo - Blindern;SN18700;26.02.2025 01:00;2,6
Oslo - Blindern;SN18700;26.02.2025 02:00;2,4
Oslo - Blindern;SN18700;26.02.2025 03:00;2
Oslo - Blindern;SN18700;26.02.2025 04:00;1,8
Oslo - Blindern;SN18700;26.02.2025 05:00;1,6
Oslo - Blindern;SN18700;26.02.2025 06:00;1,6
Oslo - Blindern;SN18700;26.02.2025 07:00;1,5
Oslo - Blindern;SN18700;26.02.2025 08:00;1
Oslo - Blindern;SN18700;26.02.2025 09:00;0,9
Oslo - Blindern;SN18700;26.02.2025 10:00;1
Oslo - Blindern;SN18700;26.02.2025 11:00;1,3
Oslo - Blindern;SN18700;26.02.2025 12:00;1,5
Oslo - Blindern;SN18700;26.02.2025 13:00;1,9
Oslo - Blindern;SN18700;26.02.2025 14:00;2,6
Oslo - Blindern;SN18700;26.02.2025 15:00;3,9
Oslo - Blindern;SN18700;26.02.2025 16:00;3,9
Oslo - Blindern;SN18700;26.02.2025 17:00;3,9
Oslo - Blindern;SN18700;26.02.2025 18:00;3,9
Oslo - Blindern;SN18700;26.02.2025 19:00;3,6
Oslo - Blindern;SN18700;26.02.2025 20:00;3,4
Oslo - Blindern;SN18700;26.02.2025 21:00;3,3
Oslo - Blindern;SN18700;26.02.2025 22:00;3,3
Oslo - Blindern;SN18700;26.02.2025 23:00;3,2
Oslo - Blindern;SN18700;27.02.2025 00:00;3,1
Oslo - Blindern;SN18700;27.02.2025 01:00;2,9
Oslo - Blindern;SN18700;27.02.2025 02:00;2,6
Oslo - Blindern;SN18700;27.02.2025 03:00;2,7
Oslo - Blindern;SN18700;27.02.2025 04:00;2,6
Oslo - Blindern;SN18700;27.02.2025 05:00;2,5
Oslo - Blindern;SN18700;27.02.2025 06:00;2,4
Oslo - Blindern;SN18700;27.02.2025 07:00;2,1
Oslo - Blindern;SN18700;27.02.2025 08:00;2
Oslo - Blindern;SN18700;27.02.2025 09:00;1,8
Oslo - Blindern;SN18700;27.02.2025 10:00;1,9
Oslo - Blindern;SN18700;27.02.2025 11:00;2,1
Oslo - Blindern;SN18700;27.02.2025 12:00;2,2
Oslo - Blindern;SN18700;27.02.2025 13:00;2,5
Oslo - Blindern;SN18700;27.02.2025 14:00;2,7
Oslo - Blindern;SN18700;27.02.2025 15:00;2,3
Oslo - Blindern;SN18700;27.02.2025 16:00;2,2
Oslo - Blindern;SN18700;27.02.2025 17:00;1,4
Oslo - Blindern;SN18700;27.02.2025 18:00;1,1
Oslo - Blindern;SN18700;27.02.2025 19:00;0,9
Oslo - Blindern;SN18700;27.02.2025 20:00;0,7
Oslo - Blindern;SN18700;27.02.2025 21:00;0,3
Oslo - Blindern;SN18700;27.02.2025 22:00;0
Oslo - Blindern;SN18700;27.02.2025 23:00;0
Oslo - Blindern;SN18700;28.02.2025 00:00;-0,5
Oslo - Blindern;SN18700;28.02.2025 01:00;-0,5
Oslo - Blindern;SN18700;28.02.2025 02:00;-0,8
Oslo - Blindern;SN18700;28.02.2025 03:00;-1,2
Oslo - Blindern;SN18700;28.02.2025 04:00;-1,5
Oslo - Blindern;SN18700;28.02.2025 05:00;-1,7
Oslo - Blindern;SN18700;28.02.2025 06:00;-1,9
Oslo - Blindern;SN18700;28.02.2025 07:00;-1,9
Oslo - Blindern;SN18700;28.02.2025 08:00;-1,5
Oslo - Blindern;SN18700;28.02.2025 09:00;-1,9
Oslo - Blindern;SN18700;28.02.2025 10:00;-1,9
Oslo - Blindern;SN18700;28.02.2025 11:00;-1,3
Oslo - Blindern;SN18700;28.02.2025 12:00;-1,1
Oslo - Blindern;SN18700;28.02.2025 13:00;0,8
Oslo - Blindern;SN18700;28.02.2025 14:00;1,3
Oslo - Blindern;SN18700;28.02.2025 15:00;2,3
Oslo - Blindern;SN18700;28.02.2025 16:00;1,9
Oslo - Blindern;SN18700;28.02.2025 17:00;-1,4
Oslo - Blindern;SN18700;28.02.2025 18:00;-1,8
Oslo - Blindern;SN18700;28.02.2025 19:00;-2
Oslo - Blindern;SN18700;28.02.2025 20:00;-2
Oslo - Blindern;SN18700;28.02.2025 21:00;-1,9
Oslo - Blindern;SN18700;28.02.2025 22:00;-1,8
Oslo - Blindern;SN18700;28.02.2025 23:00;-1,8
Oslo - Blindern;SN18700;01.03.2025 00:00;-2
Oslo - Blindern;SN18700;01.03.2025 01:00;-2,2
Oslo - Blindern;SN18700;01.03.2025 02:00;-2,2
Oslo - Blindern;SN18700;01.03.2025 03:00;-2,2
Oslo - Blindern;SN18700;01.03.2025 04:00;-2,2
Oslo - Blindern;SN18700;01.03.2025 05:00;-2,2
Oslo - Blindern;SN18700;01.03.2025 06:00;-2,3
Oslo - Blindern;SN18700;01.03.2025 07:00;-2,7
Oslo - Blindern;SN18700;01.03.2025 08:00;-2,6
Oslo - Blindern;SN18700;01.03.2025 09:00;-2,6
Oslo - Blindern;SN18700;01.03.2025 10:00;-2
Oslo - Blindern;SN18700;01.03.2025 11:00;-1,8
Oslo - Blindern;SN18700;01.03.2025 12:00;-1,3
Oslo - Blindern;SN18700;01.03.2025 13:00;-1
Oslo - Blindern;SN18700;01.03.2025 14:00;-0,4
Oslo - Blindern;SN18700;01.03.2025 15:00;-0,2
Oslo - Blindern;SN18700;01.03.2025 16:00;0,1
Oslo - Blindern;SN18700;01.03.2025 17:00;0,2
Oslo - Blindern;SN18700;01.03.2025 18:00;0,3
Oslo - Blindern;SN18700;01.03.2025 19:00;0,3
Oslo - Blindern;SN18700;01.03.2025 20:00;-0,7
Oslo - Blindern;SN18700;01.03.2025 21:00;-1,1
Oslo - Blindern;SN18700;01.03.2025 22:00;-1
Oslo - Blindern;SN18700;01.03.2025 23:00;-1
Oslo - Blindern;SN18700;02.03.2025 00:00;-1,3
Oslo - Blindern;SN18700;02.03.2025 01:00;-1,4
Oslo - Blindern;SN18700;02.03.2025 02:00;-1,1
Oslo - Blindern;SN18700;02.03.2025 03:00;-1,3
Oslo - Blindern;SN18700;02.03.2025 04:00;-1
Oslo - Blindern;SN18700;02.03.2025 05:00;-0,8
Oslo - Blindern;SN18700;02.03.2025 06:00;-0,6
Oslo - Blindern;SN18700;02.03.2025 07:00;-0,2
Oslo - Blindern;SN18700;02.03.2025 08:00;1,7
Oslo - Blindern;SN18700;02.03.2025 09:00;3
Oslo - Blindern;SN18700;02.03.2025 10:00;4,1
Oslo - Blindern;SN18700;02.03.2025 11:00;6,5
Oslo - Blindern;SN18700;02.03.2025 12:00;7,7
Oslo - Blindern;SN18700;02.03.2025 13:00;8,1
Oslo - Blindern;SN18700;02.03.2025 14:00;8,7
Oslo - Blindern;SN18700;02.03.2025 15:00;8,4
Oslo - Blindern;SN18700;02.03.2025 16:00;7,5
Oslo - Blindern;SN18700;02.03.2025 17:00;7,2
Oslo - Blindern;SN18700;02.03.2025 18:00;6,7
Oslo - Blindern;SN18700;02.03.2025 19:00;5,8
Oslo - Blindern;SN18700;02.03.2025 20:00;5,8
Oslo - Blindern;SN18700;02.03.2025 21:00;4,7
Oslo - Blindern;SN18700;02.03.2025 22:00;3,8
Oslo - Blindern;SN18700;02.03.2025 23:00;4,5
Oslo - Blindern;SN18700;03.03.2025 00:00;3,1
Oslo - Blindern;SN18700;03.03.2025 01:00;3,3
Oslo - Blindern;SN18700;03.03.2025 02:00;2,8
Oslo - Blindern;SN18700;03.03.2025 03:00;2,2
Oslo - Blindern;SN18700;03.03.2025 04:00;1,6
Oslo - Blindern;SN18700;03.03.2025 05:00;1,9
Oslo - Blindern;SN18700;03.03.2025 06:00;2,4
Oslo - Blindern;SN18700;03.03.2025 07:00;1,4
Oslo - Blindern;SN18700;03.03.2025 08:00;1,7
Oslo - Blindern;SN18700;03.03.2025 09:00;3,6
Oslo - Blindern;SN18700;03.03.2025 10:00;5,3
Oslo - Blindern;SN18700;03.03.2025 11:00;7,4
Oslo - Blindern;SN18700;03.03.2025 12:00;9,2
Oslo - Blindern;SN18700;03.03.2025 13:00;11,7
Oslo - Blindern;SN18700;03.03.2025 14:00;12,1
Oslo - Blindern;SN18700;03.03.2025 15:00;11,6
Oslo - Blindern;SN18700;03.03.2025 16:00;11
Oslo - Blindern;SN18700;03.03.2025 17:00;10,1
Oslo - Blindern;SN18700;03.03.2025 18:00;8,6
Oslo - Blindern;SN18700;03.03.2025 19:00;8,5
Oslo - Blindern;SN18700;03.03.2025 20:00;7,1
Oslo - Blindern;SN18700;03.03.2025 21:00;5,8
Oslo - Blindern;SN18700;03.03.2025 22:00;3,9
Oslo - Blindern;SN18700;03.03.2025 23:00;6,2
Oslo - Blindern;SN18700;04.03.2025 00:00;5,2
Oslo - Blindern;SN18700;04.03.2025 01:00;5
Oslo - Blindern;SN18700;04.03.2025 02:00;4
Oslo - Blindern;SN18700;04.03.2025 03:00;4,1
Oslo - Blindern;SN18700;04.03.2025 04:00;4,3
Oslo - Blindern;SN18700;04.03.2025 05:00;3,5
Oslo - Blindern;SN18700;04.03.2025 06:00;4
Oslo - Blindern;SN18700;04.03.2025 07:00;2,7
Oslo - Blindern;SN18700;04.03.2025 08:00;3,2
Oslo - Blindern;SN18700;04.03.2025 09:00;5,1
Oslo - Blindern;SN18700;04.03.2025 10:00;6,7
Oslo - Blindern;SN18700;04.03.2025 11:00;8,2
Oslo - Blindern;SN18700;04.03.2025 12:00;8,9
Oslo - Blindern;SN18700;04.03.2025 13:00;9,2
Oslo - Blindern;SN18700;04.03.2025 14:00;9,4
Oslo - Blindern;SN18700;04.03.2025 15:00;8,8
Oslo - Blindern;SN18700;04.03.2025 16:00;8,2
Oslo - Blindern;SN18700;04.03.2025 17:00;7,3
Oslo - Blindern;SN18700;04.03.2025 18:00;6,9
Oslo - Blindern;SN18700;04.03.2025 19:00;6,7
Oslo - Blindern;SN18700;04.03.2025 20:00;7,1
Oslo - Blindern;SN18700;04.03.2025 21:00;6,9
Oslo - Blindern;SN18700;04.03.2025 22:00;6,6
Oslo - Blindern;SN18700;04.03.2025 23:00;6,1
Oslo - Blindern;SN18700;05.03.2025 00:00;5,6
Oslo - Blindern;SN18700;05.03.2025 01:00;5,1
Oslo - Blindern;SN18700;05.03.2025 02:00;5,1
Oslo - Blindern;SN18700;05.03.2025 03:00;5,3
Oslo - Blindern;SN18700;05.03.2025 04:00;5,8
Oslo - Blindern;SN18700;05.03.2025 05:00;5,6
Oslo - Blindern;SN18700;05.03.2025 06:00;5,1
Oslo - Blindern;SN18700;05.03.2025 07:00;4,9
Oslo - Blindern;SN18700;05.03.2025 08:00;5
Oslo - Blindern;SN18700;05.03.2025 09:00;6,2
Oslo - Blindern;SN18700;05.03.2025 10:00;7,7
Oslo - Blindern;SN18700;05.03.2025 11:00;8,8
Oslo - Blindern;SN18700;05.03.2025 12:00;9,6
Oslo - Blindern;SN18700;05.03.2025 13:00;10,1
Oslo - Blindern;SN18700;05.03.2025 14:00;10,3
Oslo - Blindern;SN18700;05.03.2025 15:00;10
Oslo - Blindern;SN18700;05.03.2025 16:00;10,8
Oslo - Blindern;SN18700;05.03.2025 17:00;9,6
Oslo - Blindern;SN18700;05.03.2025 18:00;8,5
Oslo - Blindern;SN18700;05.03.2025 19:00;7,6
Oslo - Blindern;SN18700;05.03.2025 20:00;8,7
Oslo - Blindern;SN18700;05.03.2025 21:00;8,4
Oslo - Blindern;SN18700;05.03.2025 22:00;7,8
Oslo - Blindern;SN18700;05.03.2025 23:00;6,7
Oslo - Blindern;SN18700;06.03.2025 00:00;7,5
Oslo - Blindern;SN18700;06.03.2025 01:00;7,5
Oslo - Blindern;SN18700;06.03.2025 02:00;8,9
Oslo - Blindern;SN18700;06.03.2025 03:00;10,1
Oslo - Blindern;SN18700;06.03.2025 04:00;10,2
Oslo - Blindern;SN18700;06.03.2025 05:00;9,6
Oslo - Blindern;SN18700;06.03.2025 06:00;8
Oslo - Blindern;SN18700;06.03.2025 07:00;9,9
Oslo - Blindern;SN18700;06.03.2025 08:00;10
Oslo - Blindern;SN18700;06.03.2025 09:00;11,9
Oslo - Blindern;SN18700;06.03.2025 10:00;11,2
Oslo - Blindern;SN18700;06.03.2025 11:00;12,5
Oslo - Blindern;SN18700;06.03.2025 12:00;15,8
Oslo - Blindern;SN18700;06.03.2025 13:00;16,1
Oslo - Blindern;SN18700;06.03.2025 14:00;15,4
Oslo - Blindern;SN18700;06.03.2025 15:00;15,1
Oslo - Blindern;SN18700;06.03.2025 16:00;12,8
Oslo - Blindern;SN18700;06.03.2025 17:00;12,8
Oslo - Blindern;SN18700;06.03.2025 18:00;11,1
Oslo - Blindern;SN18700;06.03.2025 19:00;9
Oslo - Blindern;SN18700;06.03.2025 20:00;8,1
Oslo - Blindern;SN18700;06.03.2025 21:00;6,2
Oslo - Blindern;SN18700;06.03.2025 22:00;4,7
Oslo - Blindern;SN18700;06.03.2025 23:00;4,1
Oslo - Blindern;SN18700;07.03.2025 00:00;4,7
Oslo - Blindern;SN18700;07.03.2025 01:00;3,7
Oslo - Blindern;SN18700;07.03.2025 02:00;3,4
Oslo - Blindern;SN18700;07.03.2025 03:00;4,6
Oslo - Blindern;SN18700;07.03.2025 04:00;4,6
Oslo - Blindern;SN18700;07.03.2025 05:00;4,4
Oslo - Blindern;SN18700;07.03.2025 06:00;4,1
Oslo - Blindern;SN18700;07.03.2025 07:00;4
Oslo - Blindern;SN18700;07.03.2025 08:00;4,1
Oslo - Blindern;SN18700;07.03.2025 09:00;4,2
Oslo - Blindern;SN18700;07.03.2025 10:00;4,1
Oslo - Blindern;SN18700;07.03.2025 11:00;4,4
Oslo - Blindern;SN18700;07.03.2025 12:00;5,2
Oslo - Blindern;SN18700;07.03.2025 13:00;5,2
Oslo - Blindern;SN18700;07.03.2025 14:00;5,4
Oslo - Blindern;SN18700;07.03.2025 15:00;5,9
Oslo - Blindern;SN18700;07.03.2025 16:00;6
Oslo - Blindern;SN18700;07.03.2025 17:00;5,7
Oslo - Blindern;SN18700;07.03.2025 18:00;5,6
Oslo - Blindern;SN18700;07.03.2025 19:00;5,5
Oslo - Blindern;SN18700;07.03.2025 20:00;5,2
Oslo - Blindern;SN18700;07.03.2025 21:00;5,4
Oslo - Blindern;SN18700;07.03.2025 22:00;5
Oslo - Blindern;SN18700;07.03.2025 23:00;5
Oslo - Blindern;SN18700;08.03.2025 00:00;4,6
Oslo - Blindern;SN18700;08.03.2025 01:00;3,6
Oslo - Blindern;SN18700;08.03.2025 02:00;3,2
Oslo - Blindern;SN18700;08.03.2025 03:00;1,4
Oslo - Blindern;SN18700;08.03.2025 04:00;1,8
Oslo - Blindern;SN18700;08.03.2025 05:00;1,8
Oslo - Blindern;SN18700;08.03.2025 06:00;1,2
Oslo - Blindern;SN18700;08.03.2025 07:00;1,1
Oslo - Blindern;SN18700;08.03.2025 08:00;1,1
Oslo - Blindern;SN18700;08.03.2025 09:00;1,6
Oslo - Blindern;SN18700;08.03.2025 10:00;1,8
Oslo - Blindern;SN18700;08.03.2025 11:00;2,2
Oslo - Blindern;SN18700;08.03.2025 12:00;2,4
Oslo - Blindern;SN18700;08.03.2025 13:00;3,3
Oslo - Blindern;SN18700;08.03.2025 14:00;4,9
Oslo - Blindern;SN18700;08.03.2025 15:00;5,8
Oslo - Blindern;SN18700;08.03.2025 16:00;6
Oslo - Blindern;SN18700;08.03.2025 17:00;4,4
Oslo - Blindern;SN18700;08.03.2025 18:00;4,4
Oslo - Blindern;SN18700;08.03.2025 19:00;4,4
Oslo - Blindern;SN18700;08.03.2025 20:00;4,3
Oslo - Blindern;SN18700;08.03.2025 21:00;3,7
Oslo - Blindern;SN18700;08.03.2025 22:00;3,9
Oslo - Blindern;SN18700;08.03.2025 23:00;3,5
Oslo - Blindern;SN18700;09.03.2025 00:00;3,2
Oslo - Blindern;SN18700;09.03.2025 01:00;3,2
Oslo - Blindern;SN18700;09.03.2025 02:00;3,2
Oslo - Blindern;SN18700;09.03.2025 03:00;3,2
Oslo - Blindern;SN18700;09.03.2025 04:00;3,5
Oslo - Blindern;SN18700;09.03.2025 05:00;2,9
Oslo - Blindern;SN18700;09.03.2025 06:00;2,7
Oslo - Blindern;SN18700;09.03.2025 07:00;2,4
Oslo - Blindern;SN18700;09.03.2025 08:00;2
Oslo - Blindern;SN18700;09.03.2025 09:00;2
Oslo - Blindern;SN18700;09.03.2025 10:00;2,1
Oslo - Blindern;SN18700;09.03.2025 11:00;2,2
Oslo - Blindern;SN18700;09.03.2025 12:00;2,4
Oslo - Blindern;SN18700;09.03.2025 13:00;2,8
Oslo - Blindern;SN18700;09.03.2025 14:00;3
Oslo - Blindern;SN18700;09.03.2025 15:00;3,3
Oslo - Blindern;SN18700;09.03.2025 16:00;3,1
Oslo - Blindern;SN18700;09.03.2025 17:00;2,9
Oslo - Blindern;SN18700;09.03.2025 18:00;2,9
Oslo - Blindern;SN18700;09.03.2025 19:00;2,7
Oslo - Blindern;SN18700;09.03.2025 20:00;2,6
Oslo - Blindern;SN18700;09.03.2025 21:00;2,4
Oslo - Blindern;SN18700;09.03.2025 22:00;2,3
Oslo - Blindern;SN18700;09.03.2025 23:00;2
Oslo - Blindern;SN18700;10.03.2025 00:00;1,7
Oslo - Blindern;SN18700;10.03.2025 01:00;1,1
Oslo - Blindern;SN18700;10.03.2025 02:00;0
Oslo - Blindern;SN18700;10.03.2025 03:00;0,2
Oslo - Blindern;SN18700;10.03.2025 04:00;0,9
Oslo - Blindern;SN18700;10.03.2025 05:00;1,5
Oslo - Blindern;SN18700;10.03.2025 06:00;2,5
Oslo - Blindern;SN18700;10.03.2025 07:00;3,1
Oslo - Blindern;SN18700;10.03.2025 08:00;3,7
Oslo - Blindern;SN18700;10.03.2025 09:00;3,9
Oslo - Blindern;SN18700;10.03.2025 10:00;3,7
Oslo - Blindern;SN18700;10.03.2025 11:00;3,6
Oslo - Blindern;SN18700;10.03.2025 12:00;3,3
Oslo - Blindern;SN18700;10.03.2025 13:00;3,3
Oslo - Blindern;SN18700;10.03.2025 14:00;3,1
Oslo - Blindern;SN18700;10.03.2025 15:00;2,9
Oslo - Blindern;SN18700;10.03.2025 16:00;2,8
Oslo - Blindern;SN18700;10.03.2025 17:00;2,7
Oslo - Blindern;SN18700;10.03.2025 18:00;2,4
Oslo - Blindern;SN18700;10.03.2025 19:00;2,2
Oslo - Blindern;SN18700;10.03.2025 20:00;2,1
Oslo - Blindern;SN18700;10.03.2025 21:00;1,4
Oslo - Blindern;SN18700;10.03.2025 22:00;1,1
Oslo - Blindern;SN18700;10.03.2025 23:00;0,7
Oslo - Blindern;SN18700;11.03.2025 00:00;0,6
Oslo - Blindern;SN18700;11.03.2025 01:00;0,4
Oslo - Blindern;SN18700;11.03.2025 02:00;0,2
Oslo - Blindern;SN18700;11.03.2025 03:00;0,2
Oslo - Blindern;SN18700;11.03.2025 04:00;-0,1
Oslo - Blindern;SN18700;11.03.2025 05:00;-0,2
Oslo - Blindern;SN18700;11.03.2025 06:00;-0,6
Oslo - Blindern;SN18700;11.03.2025 07:00;-0,7
Oslo - Blindern;SN18700;11.03.2025 08:00;-0,7
Oslo - Blindern;SN18700;11.03.2025 09:00;-0,3
Oslo - Blindern;SN18700;11.03.2025 10:00;0
Oslo - Blindern;SN18700;11.03.2025 11:00;0,3
Oslo - Blindern;SN18700;11.03.2025 12:00;0,6
Oslo - Blindern;SN18700;11.03.2025 13:00;1,2
Oslo - Blindern;SN18700;11.03.2025 14:00;1,2
Oslo - Blindern;SN18700;11.03.2025 15:00;1,4
Oslo - Blindern;SN18700;11.03.2025 16:00;1,1
Oslo - Blindern;SN18700;11.03.2025 17:00;0,1
Oslo - Blindern;SN18700;11.03.2025 18:00;-0,3
Oslo - Blindern;SN18700;11.03.2025 19:00;-0,4
Oslo - Blindern;SN18700;11.03.2025 20:00;-0,5
Oslo - Blindern;SN18700;11.03.2025 21:00;-1
Oslo - Blindern;SN18700;11.03.2025 22:00;-1,2
Oslo - Blindern;SN18700;11.03.2025 23:00;-1,2
Oslo - Blindern;SN18700;12.03.2025 00:00;-1,3
Oslo - Blindern;SN18700;12.03.2025 01:00;-1,5
Oslo - Blindern;SN18700;12.03.2025 02:00;-1,5
Oslo - Blindern;SN18700;12.03.2025 03:00;-1,8
Oslo - Blindern;SN18700;12.03.2025 04:00;-1,8
Oslo - Blindern;SN18700;12.03.2025 05:00;-2
Oslo - Blindern;SN18700;12.03.2025 06:00;-2,1
Oslo - Blindern;SN18700;12.03.2025 07:00;-2,3
Oslo - Blindern;SN18700;12.03.2025 08:00;-2,1
Oslo - Blindern;SN18700;12.03.2025 09:00;-1,5
Oslo - Blindern;SN18700;12.03.2025 10:00;-1,1
Oslo - Blindern;SN18700;12.03.2025 11:00;-0,6
Oslo - Blindern;SN18700;12.03.2025 12:00;-0,3
Oslo - Blindern;SN18700;12.03.2025 13:00;0,2
Oslo - Blindern;SN18700;12.03.2025 14:00;-0,4
Oslo - Blindern;SN18700;12.03.2025 15:00;-0,1
Oslo - Blindern;SN18700;12.03.2025 16:00;0
Oslo - Blindern;SN18700;12.03.2025 17:00;-0,2
Oslo - Blindern;SN18700;12.03.2025 18:00;-1,1
Oslo - Blindern;SN18700;12.03.2025 19:00;-1,3
Oslo - Blindern;SN18700;12.03.2025 20:00;-1,4
Oslo - Blindern;SN18700;12.03.2025 21:00;-1,9
Oslo - Blindern;SN18700;12.03.2025 22:00;-2,4
Oslo - Blindern;SN18700;12.03.2025 23:00;-2,8
Oslo - Blindern;SN18700;13.03.2025 00:00;-3,3
Oslo - Blindern;SN18700;13.03.2025 01:00;-3,6
Oslo - Blindern;SN18700;13.03.2025 02:00;-3,7
Oslo - Blindern;SN18700;13.03.2025 03:00;-4,4
Oslo - Blindern;SN18700;13.03.2025 04:00;-4,4
Oslo - Blindern;SN18700;13.03.2025 05:00;-4,6
Oslo - Blindern;SN18700;13.03.2025 06:00;-4,6
Oslo - Blindern;SN18700;13.03.2025 07:00;-5,1
Oslo - Blindern;SN18700;13.03.2025 08:00;-3
Oslo - Blindern;SN18700;13.03.2025 09:00;-1,5
Oslo - Blindern;SN18700;13.03.2025 10:00;-0,1
Oslo - Blindern;SN18700;13.03.2025 11:00;0,4
Oslo - Blindern;SN18700;13.03.2025 12:00;1
Oslo - Blindern;SN18700;13.03.2025 13:00;1,7
Oslo - Blindern;SN18700;13.03.2025 14:00;2,7
Oslo - Blindern;SN18700;13.03.2025 15:00;1,8
Oslo - Blindern;SN18700;13.03.2025 16:00;1,9
Oslo - Blindern;SN18700;13.03.2025 17:00;1,2
Oslo - Blindern;SN18700;13.03.2025 18:00;1,3
Oslo - Blindern;SN18700;13.03.2025 19:00;-1,2
Oslo - Blindern;SN18700;13.03.2025 20:00;-2,1
Oslo - Blindern;SN18700;13.03.2025 21:00;-2,5
Oslo - Blindern;SN18700;13.03.2025 22:00;-3,5
Oslo - Blindern;SN18700;13.03.2025 23:00;-3,9
Oslo - Blindern;SN18700;14.03.2025 00:00;-4,1
Oslo - Blindern;SN18700;14.03.2025 01:00;-4,2
Oslo - Blindern;SN18700;14.03.2025 02:00;-5,2
Oslo - Blindern;SN18700;14.03.2025 03:00;-6,3
Oslo - Blindern;SN18700;14.03.2025 04:00;-6,5
Oslo - Blindern;SN18700;14.03.2025 05:00;-6,7
Oslo - Blindern;SN18700;14.03.2025 06:00;-6,6
Oslo - Blindern;SN18700;14.03.2025 07:00;-6,6
Oslo - Blindern;SN18700;14.03.2025 08:00;-4,5
Oslo - Blindern;SN18700;14.03.2025 09:00;-1,9
Oslo - Blindern;SN18700;14.03.2025 10:00;-0,2
Oslo - Blindern;SN18700;14.03.2025 11:00;2,2
Oslo - Blindern;SN18700;14.03.2025 12:00;3,9
Oslo - Blindern;SN18700;14.03.2025 13:00;4,7
Oslo - Blindern;SN18700;14.03.2025 14:00;6,1
Oslo - Blindern;SN18700;14.03.2025 15:00;6,1
Oslo - Blindern;SN18700;14.03.2025 16:00;5,8
Oslo - Blindern;SN18700;14.03.2025 17:00;4,8
Oslo - Blindern;SN18700;14.03.2025 18:00;3,7
Oslo - Blindern;SN18700;14.03.2025 19:00;1,9
Oslo - Blindern;SN18700;14.03.2025 20:00;-0,4
Oslo - Blindern;SN18700;14.03.2025 21:00;-1,3
Oslo - Blindern;SN18700;14.03.2025 22:00;-1,7
Oslo - Blindern;SN18700;14.03.2025 23:00;-2,4
Oslo - Blindern;SN18700;15.03.2025 00:00;-3
Oslo - Blindern;SN18700;15.03.2025 01:00;-3,5
Oslo - Blindern;SN18700;15.03.2025 02:00;-4
Oslo - Blindern;SN18700;15.03.2025 03:00;-4,5
Oslo - Blindern;SN18700;15.03.2025 04:00;-4,8
Oslo - Blindern;SN18700;15.03.2025 05:00;-5,5
Oslo - Blindern;SN18700;15.03.2025 06:00;-6
Oslo - Blindern;SN18700;15.03.2025 07:00;-5,8
Oslo - Blindern;SN18700;15.03.2025 08:00;-4,5
Oslo - Blindern;SN18700;15.03.2025 09:00;-1,5
Oslo - Blindern;SN18700;15.03.2025 10:00;0,4
Oslo - Blindern;SN18700;15.03.2025 11:00;3,2
Oslo - Blindern;SN18700;15.03.2025 12:00;4,6
Oslo - Blindern;SN18700;15.03.2025 13:00;7
Oslo - Blindern;SN18700;15.03.2025 14:00;7,5
Oslo - Blindern;SN18700;15.03.2025 15:00;7,5
Oslo - Blindern;SN18700;15.03.2025 16:00;7,3
Oslo - Blindern;SN18700;15.03.2025 17:00;6,7
Oslo - Blindern;SN18700;15.03.2025 18:00;5,7
Oslo - Blindern;SN18700;15.03.2025 19:00;5
Oslo - Blindern;SN18700;15.03.2025 20:00;3,3
Oslo - Blindern;SN18700;15.03.2025 21:00;2,6
Oslo - Blindern;SN18700;15.03.2025 22:00;1,7
Oslo - Blindern;SN18700;15.03.2025 23:00;4,1
Oslo - Blindern;SN18700;16.03.2025 00:00;4,5
Oslo - Blindern;SN18700;16.03.2025 01:00;2,7
Oslo - Blindern;SN18700;16.03.2025 02:00;1,9
Oslo - Blindern;SN18700;16.03.2025 03:00;0,4
Oslo - Blindern;SN18700;16.03.2025 04:00;0,4
Oslo - Blindern;SN18700;16.03.2025 05:00;4,6
Oslo - Blindern;SN18700;16.03.2025 06:00;4,2
Oslo - Blindern;SN18700;16.03.2025 07:00;4,6
Oslo - Blindern;SN18700;16.03.2025 08:00;3,8
Oslo - Blindern;SN18700;16.03.2025 09:00;3,4
Oslo - Blindern;SN18700;16.03.2025 10:00;4,8
Oslo - Blindern;SN18700;16.03.2025 11:00;5,1
Oslo - Blindern;SN18700;16.03.2025 12:00;5,1
Oslo - Blindern;SN18700;16.03.2025 13:00;5,3
Oslo - Blindern;SN18700;16.03.2025 14:00;5,6
Oslo - Blindern;SN18700;16.03.2025 15:00;5,4
Oslo - Blindern;SN18700;16.03.2025 16:00;5,6
Oslo - Blindern;SN18700;16.03.2025 17:00;4,5
Oslo - Blindern;SN18700;16.03.2025 18:00;3,2
Oslo - Blindern;SN18700;16.03.2025 19:00;2
Oslo - Blindern;SN18700;16.03.2025 20:00;1,2
Oslo - Blindern;SN18700;16.03.2025 21:00;1,4
Oslo - Blindern;SN18700;16.03.2025 22:00;1,3
Oslo - Blindern;SN18700;16.03.2025 23:00;1
Oslo - Blindern;SN18700;17.03.2025 00:00;-0,6
Oslo - Blindern;SN18700;17.03.2025 01:00;0
Oslo - Blindern;SN18700;17.03.2025 02:00;-1,5
Oslo - Blindern;SN18700;17.03.2025 03:00;-2,4
Oslo - Blindern;SN18700;17.03.2025 04:00;-3,1
Oslo - Blindern;SN18700;17.03.2025 05:00;-3,8
Oslo - Blindern;SN18700;17.03.2025 06:00;-3,8
Oslo - Blindern;SN18700;17.03.2025 07:00;-3,2
Oslo - Blindern;SN18700;17.03.2025 08:00;-1,8
Oslo - Blindern;SN18700;17.03.2025 09:00;-0,7
Oslo - Blindern;SN18700;17.03.2025 10:00;1
Oslo - Blindern;SN18700;17.03.2025 11:00;1,9
Oslo - Blindern;SN18700;17.03.2025 12:00;3,5
Oslo - Blindern;SN18700;17.03.2025 13:00;4,5
Oslo - Blindern;SN18700;17.03.2025 14:00;5,1
Oslo - Blindern;SN18700;17.03.2025 15:00;7
Oslo - Blindern;SN18700;17.03.2025 16:00;7,5
Oslo - Blindern;SN18700;17.03.2025 17:00;7,4
Oslo - Blindern;SN18700;17.03.2025 18:00;6,2
Oslo - Blindern;SN18700;17.03.2025 19:00;4,3
Oslo - Blindern;SN18700;17.03.2025 20:00;2,6
Oslo - Blindern;SN18700;17.03.2025 21:00;1,9
Oslo - Blindern;SN18700;17.03.2025 22:00;1
Oslo - Blindern;SN18700;17.03.2025 23:00;1
Oslo - Blindern;SN18700;18.03.2025 00:00;0,1
Oslo - Blindern;SN18700;18.03.2025 01:00;0,1
Oslo - Blindern;SN18700;18.03.2025 02:00;-0,2
Oslo - Blindern;SN18700;18.03.2025 03:00;-0,2
Oslo - Blindern;SN18700;18.03.2025 04:00;-0,3
Oslo - Blindern;SN18700;18.03.2025 05:00;-0,5
Oslo - Blindern;SN18700;18.03.2025 06:00;-0,9
Oslo - Blindern;SN18700;18.03.2025 07:00;-1,1
Oslo - Blindern;SN18700;18.03.2025 08:00;1,5
Oslo - Blindern;SN18700;18.03.2025 09:00;3,7
Oslo - Blindern;SN18700;18.03.2025 10:00;5
Oslo - Blindern;SN18700;18.03.2025 11:00;6,9
Oslo - Blindern;SN18700;18.03.2025 12:00;9
Oslo - Blindern;SN18700;18.03.2025 13:00;10,4
Oslo - Blindern;SN18700;18.03.2025 14:00;11,8
Oslo - Blindern;SN18700;18.03.2025 15:00;13
Oslo - Blindern;SN18700;18.03.2025 16:00;12,6
Oslo - Blindern;SN18700;18.03.2025 17:00;11,6
Oslo - Blindern;SN18700;18.03.2025 18:00;10
Oslo - Blindern;SN18700;18.03.2025 19:00;7,9
Oslo - Blindern;SN18700;18.03.2025 20:00;6,8
Oslo - Blindern;SN18700;18.03.2025 21:00;6,2
Oslo - Blindern;SN18700;18.03.2025 22:00;4,9
Oslo - Blindern;SN18700;18.03.2025 23:00;3,9
Oslo - Blindern;SN18700;19.03.2025 00:00;1,1
Oslo - Blindern;SN18700;19.03.2025 01:00;3,4
Oslo - Blindern;SN18700;19.03.2025 02:00;1,2
Oslo - Blindern;SN18700;19.03.2025 03:00;0,3
Oslo - Blindern;SN18700;19.03.2025 04:00;0,1
Oslo - Blindern;SN18700;19.03.2025 05:00;-1
Oslo - Blindern;SN18700;19.03.2025 06:00;-1,1
Oslo - Blindern;SN18700;19.03.2025 07:00;-1
Oslo - Blindern;SN18700;19.03.2025 08:00;1,1
Oslo - Blindern;SN18700;19.03.2025 09:00;4,7
Oslo - Blindern;SN18700;19.03.2025 10:00;5,8
Oslo - Blindern;SN18700;19.03.2025 11:00;7,5
Oslo - Blindern;SN18700;19.03.2025 12:00;9,5
Oslo - Blindern;SN18700;19.03.2025 13:00;10,5
Oslo - Blindern;SN18700;19.03.2025 14:00;10,9
Oslo - Blindern;SN18700;19.03.2025 15:00;11,1
Oslo - Blindern;SN18700;19.03.2025 16:00;11,5
Oslo - Blindern;SN18700;19.03.2025 17:00;9,9
Oslo - Blindern;SN18700;19.03.2025 18:00;7,7
Oslo - Blindern;SN18700;19.03.2025 19:00;6
Oslo - Blindern;SN18700;19.03.2025 20:00;4,2
Oslo - Blindern;SN18700;19.03.2025 21:00;3,2
Oslo - Blindern;SN18700;19.03.2025 22:00;0,6
Oslo - Blindern;SN18700;19.03.2025 23:00;0
Oslo - Blindern;SN18700;20.03.2025 00:00;-1
Oslo - Blindern;SN18700;20.03.2025 01:00;-1,6
Oslo - Blindern;SN18700;20.03.2025 02:00;-0,7
Oslo - Blindern;SN18700;20.03.2025 03:00;0,1
Oslo - Blindern;SN18700;20.03.2025 04:00;0
Oslo - Blindern;SN18700;20.03.2025 05:00;-0,3
Oslo - Blindern;SN18700;20.03.2025 06:00;-0,6
Oslo - Blindern;SN18700;20.03.2025 07:00;-1
Oslo - Blindern;SN18700;20.03.2025 08:00;-0,9
Oslo - Blindern;SN18700;20.03.2025 09:00;0,3
Oslo - Blindern;SN18700;20.03.2025 10:00;3,6
Oslo - Blindern;SN18700;20.03.2025 11:00;5,3
Oslo - Blindern;SN18700;20.03.2025 12:00;6,7
Oslo - Blindern;SN18700;20.03.2025 13:00;8,8
Oslo - Blindern;SN18700;20.03.2025 14:00;10,5
Oslo - Blindern;SN18700;20.03.2025 15:00;11,1
Oslo - Blindern;SN18700;20.03.2025 16:00;11,2
Oslo - Blindern;SN18700;20.03.2025 17:00;11
Oslo - Blindern;SN18700;20.03.2025 18:00;9,9
Oslo - Blindern;SN18700;20.03.2025 19:00;6,5
Oslo - Blindern;SN18700;20.03.2025 20:00;4
Oslo - Blindern;SN18700;20.03.2025 21:00;3,2
Oslo - Blindern;SN18700;20.03.2025 22:00;2,3
Oslo - Blindern;SN18700;20.03.2025 23:00;1,7
Oslo - Blindern;SN18700;21.03.2025 00:00;1,6
Oslo - Blindern;SN18700;21.03.2025 01:00;0,6
Oslo - Blindern;SN18700;21.03.2025 02:00;-0,2
Oslo - Blindern;SN18700;21.03.2025 03:00;0,1
Oslo - Blindern;SN18700;21.03.2025 04:00;-0,2
Oslo - Blindern;SN18700;21.03.2025 05:00;-0,5
Oslo - Blindern;SN18700;21.03.2025 06:00;-1,5
Oslo - Blindern;SN18700;21.03.2025 07:00;-1,2
Oslo - Blindern;SN18700;21.03.2025 08:00;1,7
Oslo - Blindern;SN18700;21.03.2025 09:00;5,1
Oslo - Blindern;SN18700;21.03.2025 10:00;6,9
Oslo - Blindern;SN18700;21.03.2025 11:00;8,7
Oslo - Blindern;SN18700;21.03.2025 12:00;9,1
Oslo - Blindern;SN18700;21.03.2025 13:00;9,9
Oslo - Blindern;SN18700;21.03.2025 14:00;10,3
Oslo - Blindern;SN18700;21.03.2025 15:00;10,8
Oslo - Blindern;SN18700;21.03.2025 16:00;10,7
Oslo - Blindern;SN18700;21.03.2025 17:00;9,9
Oslo - Blindern;SN18700;21.03.2025 18:00;8,6
Oslo - Blindern;SN18700;21.03.2025 19:00;5,7
Oslo - Blindern;SN18700;21.03.2025 20:00;4,1
Oslo - Blindern;SN18700;21.03.2025 21:00;3,7
Oslo - Blindern;SN18700;21.03.2025 22:00;2,4
Oslo - Blindern;SN18700;21.03.2025 23:00;1,3
Oslo - Blindern;SN18700;22.03.2025 00:00;1,8
Oslo - Blindern;SN18700;22.03.2025 01:00;1,7
Oslo - Blindern;SN18700;22.03.2025 02:00;1,4
Oslo - Blindern;SN18700;22.03.2025 03:00;1
Oslo - Blindern;SN18700;22.03.2025 04:00;0,3
Oslo - Blindern;SN18700;22.03.2025 05:00;0
Oslo - Blindern;SN18700;22.03.2025 06:00;0,2
Oslo - Blindern;SN18700;22.03.2025 07:00;0,7
Oslo - Blindern;SN18700;22.03.2025 08:00;3,3
Oslo - Blindern;SN18700;22.03.2025 09:00;5,1
Oslo - Blindern;SN18700;22.03.2025 10:00;5,7
Oslo - Blindern;SN18700;22.03.2025 11:00;7,3
Oslo - Blindern;SN18700;22.03.2025 12:00;7,1
Oslo - Blindern;SN18700;22.03.2025 13:00;8,2
Oslo - Blindern;SN18700;22.03.2025 14:00;8,7
Oslo - Blindern;SN18700;22.03.2025 15:00;8,6
Oslo - Blindern;SN18700;22.03.2025 16:00;9,4
Oslo - Blindern;SN18700;22.03.2025 17:00;8,2
Oslo - Blindern;SN18700;22.03.2025 18:00;7,6
Oslo - Blindern;SN18700;22.03.2025 19:00;6,5
Oslo - Blindern;SN18700;22.03.2025 20:00;4,2
Oslo - Blindern;SN18700;22.03.2025 21:00;4
Oslo - Blindern;SN18700;22.03.2025 22:00;3,6
Oslo - Blindern;SN18700;22.03.2025 23:00;3,6
Oslo - Blindern;SN18700;23.03.2025 00:00;2,9
Oslo - Blindern;SN18700;23.03.2025 01:00;2,2
Oslo - Blindern;SN18700;23.03.2025 02:00;1,7
Oslo - Blindern;SN18700;23.03.2025 03:00;1,3
Oslo - Blindern;SN18700;23.03.2025 04:00;0,7
Oslo - Blindern;SN18700;23.03.2025 05:00;0,9
Oslo - Blindern;SN18700;23.03.2025 06:00;0,9
Oslo - Blindern;SN18700;23.03.2025 07:00;0,7
Oslo - Blindern;SN18700;23.03.2025 08:00;2,5
Oslo - Blindern;SN18700;23.03.2025 09:00;4,3
Oslo - Blindern;SN18700;23.03.2025 10:00;6
Oslo - Blindern;SN18700;23.03.2025 11:00;7,5
Oslo - Blindern;SN18700;23.03.2025 12:00;9
Oslo - Blindern;SN18700;23.03.2025 13:00;10,2
Oslo - Blindern;SN18700;23.03.2025 14:00;10,2
Oslo - Blindern;SN18700;23.03.2025 15:00;10,5
Oslo - Blindern;SN18700;23.03.2025 16:00;10,4
Oslo - Blindern;SN18700;23.03.2025 17:00;9,8
Oslo - Blindern;SN18700;23.03.2025 18:00;8,9
Oslo - Blindern;SN18700;23.03.2025 19:00;7,7
Oslo - Blindern;SN18700;23.03.2025 20:00;5
Oslo - Blindern;SN18700;23.03.2025 21:00;3,3
Oslo - Blindern;SN18700;23.03.2025 22:00;3,3
Oslo - Blindern;SN18700;23.03.2025 23:00;2
Oslo - Blindern;SN18700;24.03.2025 00:00;1,1
Oslo - Blindern;SN18700;24.03.2025 01:00;0,7
Oslo - Blindern;SN18700;24.03.2025 02:00;-0,3
Oslo - Blindern;SN18700;24.03.2025 03:00;-0,3
Oslo - Blindern;SN18700;24.03.2025 04:00;-0,3
Oslo - Blindern;SN18700;24.03.2025 05:00;-1,1
Oslo - Blindern;SN18700;24.03.2025 06:00;-1,1
Oslo - Blindern;SN18700;24.03.2025 07:00;-0,8
Oslo - Blindern;SN18700;24.03.2025 08:00;1,1
Oslo - Blindern;SN18700;24.03.2025 09:00;1,7
Oslo - Blindern;SN18700;24.03.2025 10:00;3,2
Oslo - Blindern;SN18700;24.03.2025 11:00;3,6
Oslo - Blindern;SN18700;24.03.2025 12:00;4,5
Oslo - Blindern;SN18700;24.03.2025 13:00;5,1
Oslo - Blindern;SN18700;24.03.2025 14:00;5,7
Oslo - Blindern;SN18700;24.03.2025 15:00;5,4
Oslo - Blindern;SN18700;24.03.2025 16:00;6,1
Oslo - Blindern;SN18700;24.03.2025 17:00;6
Oslo - Blindern;SN18700;24.03.2025 18:00;5,8
Oslo - Blindern;SN18700;24.03.2025 19:00;5
Oslo - Blindern;SN18700;24.03.2025 20:00;4,4
Oslo - Blindern;SN18700;24.03.2025 21:00;4,1
Oslo - Blindern;SN18700;24.03.2025 22:00;4,2
Oslo - Blindern;SN18700;24.03.2025 23:00;4,1
Oslo - Blindern;SN18700;25.03.2025 00:00;4
Oslo - Blindern;SN18700;25.03.2025 01:00;3,8
Oslo - Blindern;SN18700;25.03.2025 02:00;3,5
Oslo - Blindern;SN18700;25.03.2025 03:00;3,5
Oslo - Blindern;SN18700;25.03.2025 04:00;3,8
Oslo - Blindern;SN18700;25.03.2025 05:00;3,8
Oslo - Blindern;SN18700;25.03.2025 06:00;4
Oslo - Blindern;SN18700;25.03.2025 07:00;4,3
Oslo - Blindern;SN18700;25.03.2025 08:00;4,7
Oslo - Blindern;SN18700;25.03.2025 09:00;5,3
Oslo - Blindern;SN18700;25.03.2025 10:00;6,1
Oslo - Blindern;SN18700;25.03.2025 11:00;8,1
Oslo - Blindern;SN18700;25.03.2025 12:00;9,4
Oslo - Blindern;SN18700;25.03.2025 13:00;11,7
Oslo - Blindern;SN18700;25.03.2025 14:00;12,7
Oslo - Blindern;SN18700;25.03.2025 15:00;14,2
Oslo - Blindern;SN18700;25.03.2025 16:00;14,7
Oslo - Blindern;SN18700;25.03.2025 17:00;14,8
Oslo - Blindern;SN18700;25.03.2025 18:00;13,6
Oslo - Blindern;SN18700;25.03.2025 19:00;12,7
Oslo - Blindern;SN18700;25.03.2025 20:00;11,8
Oslo - Blindern;SN18700;25.03.2025 21:00;9,2
Oslo - Blindern;SN18700;25.03.2025 22:00;7,7
Oslo - Blindern;SN18700;25.03.2025 23:00;6,4
Oslo - Blindern;SN18700;26.03.2025 00:00;5,3
Oslo - Blindern;SN18700;26.03.2025 01:00;4,7
Oslo - Blindern;SN18700;26.03.2025 02:00;4,6
Oslo - Blindern;SN18700;26.03.2025 03:00;3,6
Oslo - Blindern;SN18700;26.03.2025 04:00;2,8
Oslo - Blindern;SN18700;26.03.2025 05:00;1,6
Oslo - Blindern;SN18700;26.03.2025 06:00;0,6
Oslo - Blindern;SN18700;26.03.2025 07:00;1
Oslo - Blindern;SN18700;26.03.2025 08:00;4,7
Oslo - Blindern;SN18700;26.03.2025 09:00;7,2
Oslo - Blindern;SN18700;26.03.2025 10:00;7
Oslo - Blindern;SN18700;26.03.2025 11:00;6,9
Oslo - Blindern;SN18700;26.03.2025 12:00;9,8
Oslo - Blindern;SN18700;26.03.2025 13:00;11,2
Oslo - Blindern;SN18700;26.03.2025 14:00;11,4
Oslo - Blindern;SN18700;26.03.2025 15:00;11,5
Oslo - Blindern;SN18700;26.03.2025 16:00;12,4
Oslo - Blindern;SN18700;26.03.2025 17:00;11
Oslo - Blindern;SN18700;26.03.2025 18:00;9,1
Oslo - Blindern;SN18700;26.03.2025 19:00;7,6
Oslo - Blindern;SN18700;26.03.2025 20:00;6,8
Oslo - Blindern;SN18700;26.03.2025 21:00;5,9
Oslo - Blindern;SN18700;26.03.2025 22:00;4,7
Oslo - Blindern;SN18700;26.03.2025 23:00;4,6
Oslo - Blindern;SN18700;27.03.2025 00:00;4
Oslo - Blindern;SN18700;27.03.2025 01:00;2,9
Oslo - Blindern;SN18700;27.03.2025 02:00;2,7
Oslo - Blindern;SN18700;27.03.2025 03:00;2,4
Oslo - Blindern;SN18700;27.03.2025 04:00;1,9
Oslo - Blindern;SN18700;27.03.2025 05:00;2,7
Oslo - Blindern;SN18700;27.03.2025 06:00;3
Oslo - Blindern;SN18700;27.03.2025 07:00;3
Oslo - Blindern;SN18700;27.03.2025 08:00;3,8
Oslo - Blindern;SN18700;27.03.2025 09:00;5,4
Oslo - Blindern;SN18700;27.03.2025 10:00;7,4
Oslo - Blindern;SN18700;27.03.2025 11:00;9,4
Oslo - Blindern;SN18700;27.03.2025 12:00;10,6
Oslo - Blindern;SN18700;27.03.2025 13:00;11
Oslo - Blindern;SN18700;27.03.2025 14:00;13
Oslo - Blindern;SN18700;27.03.2025 15:00;12,5
Oslo - Blindern;SN18700;27.03.2025 16:00;11,6
Oslo - Blindern;SN18700;27.03.2025 17:00;10,7
Oslo - Blindern;SN18700;27.03.2025 18:00;9,8
Oslo - Blindern;SN18700;27.03.2025 19:00;8,5
Oslo - Blindern;SN18700;27.03.2025 20:00;7,5
Oslo - Blindern;SN18700;27.03.2025 21:00;6,6
Oslo - Blindern;SN18700;27.03.2025 22:00;6,5
Oslo - Blindern;SN18700;27.03.2025 23:00;6,4
Oslo - Blindern;SN18700;28.03.2025 00:00;7
Oslo - Blindern;SN18700;28.03.2025 01:00;7,1
Oslo - Blindern;SN18700;28.03.2025 02:00;7,1
Oslo - Blindern;SN18700;28.03.2025 03:00;6,8
Oslo - Blindern;SN18700;28.03.2025 04:00;6,4
Oslo - Blindern;SN18700;28.03.2025 05:00;6,1
Oslo - Blindern;SN18700;28.03.2025 06:00;6
Oslo - Blindern;SN18700;28.03.2025 07:00;5,6
Oslo - Blindern;SN18700;28.03.2025 08:00;5,7
Oslo - Blindern;SN18700;28.03.2025 09:00;5,8
Oslo - Blindern;SN18700;28.03.2025 10:00;6,1
Oslo - Blindern;SN18700;28.03.2025 11:00;6,3
Oslo - Blindern;SN18700;28.03.2025 12:00;6,8
Oslo - Blindern;SN18700;28.03.2025 13:00;6,8
Oslo - Blindern;SN18700;28.03.2025 14:00;7,1
Oslo - Blindern;SN18700;28.03.2025 15:00;7,6
Oslo - Blindern;SN18700;28.03.2025 16:00;7,6
Oslo - Blindern;SN18700;28.03.2025 17:00;7,2
Oslo - Blindern;SN18700;28.03.2025 18:00;6,9
Oslo - Blindern;SN18700;28.03.2025 19:00;6,9
Oslo - Blindern;SN18700;28.03.2025 20:00;6,6
Oslo - Blindern;SN18700;28.03.2025 21:00;6,6
Oslo - Blindern;SN18700;28.03.2025 22:00;6,6
Oslo - Blindern;SN18700;28.03.2025 23:00;6,4
Oslo - Blindern;SN18700;29.03.2025 00:00;5,8
Oslo - Blindern;SN18700;29.03.2025 01:00;5,4
Oslo - Blindern;SN18700;29.03.2025 02:00;5,4
Oslo - Blindern;SN18700;29.03.2025 03:00;5,3
Oslo - Blindern;SN18700;29.03.2025 04:00;5,1
Oslo - Blindern;SN18700;29.03.2025 05:00;5
Oslo - Blindern;SN18700;29.03.2025 06:00;4,1
Oslo - Blindern;SN18700;29.03.2025 07:00;3,9
Oslo - Blindern;SN18700;29.03.2025 08:00;4,8
Oslo - Blindern;SN18700;29.03.2025 09:00;5,4
Oslo - Blindern;SN18700;29.03.2025 10:00;6,8
Oslo - Blindern;SN18700;29.03.2025 11:00;8,8
Oslo - Blindern;SN18700;29.03.2025 12:00;9,7
Oslo - Blindern;SN18700;29.03.2025 13:00;10,4
Oslo - Blindern;SN18700;29.03.2025 14:00;10,9
Oslo - Blindern;SN18700;29.03.2025 15:00;13,2
Oslo - Blindern;SN18700;29.03.2025 16:00;12,4
Oslo - Blindern;SN18700;29.03.2025 17:00;11,8
Oslo - Blindern;SN18700;29.03.2025 18:00;10,1
Oslo - Blindern;SN18700;29.03.2025 19:00;9,8
Oslo - Blindern;SN18700;29.03.2025 20:00;9,1
Oslo - Blindern;SN18700;29.03.2025 21:00;6,3
Oslo - Blindern;SN18700;29.03.2025 22:00;5,1
Oslo - Blindern;SN18700;29.03.2025 23:00;5
Oslo - Blindern;SN18700;30.03.2025 00:00;4,3
Oslo - Blindern;SN18700;30.03.2025 01:00;4,9
Oslo - Blindern;SN18700;30.03.2025 02:00;4,8
Oslo - Blindern;SN18700;30.03.2025 03:00;3,6
Oslo - Blindern;SN18700;30.03.2025 04:00;3,2
Oslo - Blindern;SN18700;30.03.2025 05:00;3
Oslo - Blindern;SN18700;30.03.2025 06:00;2,9
Oslo - Blindern;SN18700;30.03.2025 07:00;3,1
Oslo - Blindern;SN18700;30.03.2025 08:00;3,3
Oslo - Blindern;SN18700;30.03.2025 09:00;3,7
Oslo - Blindern;SN18700;30.03.2025 10:00;3,7
Oslo - Blindern;SN18700;30.03.2025 11:00;4,2
Oslo - Blindern;SN18700;30.03.2025 12:00;4,8
Oslo - Blindern;SN18700;30.03.2025 13:00;5,2
Oslo - Blindern;SN18700;30.03.2025 14:00;5,6
Oslo - Blindern;SN18700;30.03.2025 15:00;6,8
Oslo - Blindern;SN18700;30.03.2025 16:00;6,3
Oslo - Blindern;SN18700;30.03.2025 17:00;5,9
Oslo - Blindern;SN18700;30.03.2025 18:00;5,4
Oslo - Blindern;SN18700;30.03.2025 19:00;4,7
Oslo - Blindern;SN18700;30.03.2025 20:00;3,2
Oslo - Blindern;SN18700;30.03.2025 21:00;2,4
Oslo - Blindern;SN18700;30.03.2025 22:00;1,6
Oslo - Blindern;SN18700;30.03.2025 23:00;3,1
Oslo - Blindern;SN18700;31.03.2025 00:00;3,8
Oslo - Blindern;SN18700;31.03.2025 01:00;3,5
Oslo - Blindern;SN18700;31.03.2025 02:00;3
Oslo - Blindern;SN18700;31.03.2025 03:00;2,8
Oslo - Blindern;SN18700;31.03.2025 04:00;3
Oslo - Blindern;SN18700;31.03.2025 05:00;3
Oslo - Blindern;SN18700;31.03.2025 06:00;2,8
Oslo - Blindern;SN18700;31.03.2025 07:00;3,6
Oslo - Blindern;SN18700;31.03.2025 08:00;5,4
Oslo - Blindern;SN18700;31.03.2025 09:00;6,9
Oslo - Blindern;SN18700;31.03.2025 10:00;8,2
Oslo - Blindern;SN18700;31.03.2025 11:00;9,3
Oslo - Blindern;SN18700;31.03.2025 12:00;10,1
Oslo - Blindern;SN18700;31.03.2025 13:00;10,7
Oslo - Blindern;SN18700;31.03.2025 14:00;11,4
Oslo - Blindern;SN18700;31.03.2025 15:00;11,5
Oslo - Blindern;SN18700;31.03.2025 16:00;11,8
Oslo - Blindern;SN18700;31.03.2025 17:00;11,4
Oslo - Blindern;SN18700;31.03.2025 18:00;10,3
Oslo - Blindern;SN18700;31.03.2025 19:00;8,5
Oslo - Blindern;SN18700;31.03.2025 20:00;7,5
Oslo - Blindern;SN18700;31.03.2025 21:00;6,1
Oslo - Blindern;SN18700;31.03.2025 22:00;4,4
Oslo - Blindern;SN18700;31.03.2025 23:00;3,4
Oslo - Blindern;SN18700;01.04.2025 00:00;2,6
Oslo - Blindern;SN18700;01.04.2025 01:00;2,3
Oslo - Blindern;SN18700;01.04.2025 02:00;2,2
Oslo - Blindern;SN18700;01.04.2025 03:00;2,2
Oslo - Blindern;SN18700;01.04.2025 04:00;1,3
Oslo - Blindern;SN18700;01.04.2025 05:00;0,8
Oslo - Blindern;SN18700;01.04.2025 06:00;0,4
Oslo - Blindern;SN18700;01.04.2025 07:00;2,1
Oslo - Blindern;SN18700;01.04.2025 08:00;5,6
Oslo - Blindern;SN18700;01.04.2025 09:00;6,3
Oslo - Blindern;SN18700;01.04.2025 10:00;8,9
Oslo - Blindern;SN18700;01.04.2025 11:00;10,5
Oslo - Blindern;SN18700;01.04.2025 12:00;12,5
Oslo - Blindern;SN18700;01.04.2025 13:00;14,2
Oslo - Blindern;SN18700;01.04.2025 14:00;13,7
Oslo - Blindern;SN18700;01.04.2025 15:00;15,9
Oslo - Blindern;SN18700;01.04.2025 16:00;15
Oslo - Blindern;SN18700;01.04.2025 17:00;13,4
Oslo - Blindern;SN18700;01.04.2025 18:00;12,4
Oslo - Blindern;SN18700;01.04.2025 19:00;10,2
Oslo - Blindern;SN18700;01.04.2025 20:00;9
Oslo - Blindern;SN18700;01.04.2025 21:00;7,1
Oslo - Blindern;SN18700;01.04.2025 22:00;6
Oslo - Blindern;SN18700;01.04.2025 23:00;5,2
Oslo - Blindern;SN18700;02.04.2025 00:00;4,7
Oslo - Blindern;SN18700;02.04.2025 01:00;3,7
Oslo - Blindern;SN18700;02.04.2025 02:00;3,2
Oslo - Blindern;SN18700;02.04.2025 03:00;2,5
Oslo - Blindern;SN18700;02.04.2025 04:00;2
Oslo - Blindern;SN18700;02.04.2025 05:00;1,7
Oslo - Blindern;SN18700;02.04.2025 06:00;1,8
Oslo - Blindern;SN18700;02.04.2025 07:00;3,2
Oslo - Blindern;SN18700;02.04.2025 08:00;5,9
Oslo - Blindern;SN18700;02.04.2025 09:00;7,5
Oslo - Blindern;SN18700;02.04.2025 10:00;9,5
Oslo - Blindern;SN18700;02.04.2025 11:00;11
Oslo - Blindern;SN18700;02.04.2025 12:00;12,8
Oslo - Blindern;SN18700;02.04.2025 13:00;14,1
Oslo - Blindern;SN18700;02.04.2025 14:00;14,7
Oslo - Blindern;SN18700;02.04.2025 15:00;15,1
Oslo - Blindern;SN18700;02.04.2025 16:00;15,3
Oslo - Blindern;SN18700;02.04.2025 17:00;14,8
Oslo - Blindern;SN18700;02.04.2025 18:00;13,5
Oslo - Blindern;SN18700;02.04.2025 19:00;11,1
Oslo - Blindern;SN18700;02.04.2025 20:00;9,6
Oslo - Blindern;SN18700;02.04.2025 21:00;6,9
Oslo - Blindern;SN18700;02.04.2025 22:00;5,5
Oslo - Blindern;SN18700;02.04.2025 23:00;4,7
Oslo - Blindern;SN18700;03.04.2025 00:00;3,4
Oslo - Blindern;SN18700;03.04.2025 01:00;3
Oslo - Blindern;SN18700;03.04.2025 02:00;2,2
Oslo - Blindern;SN18700;03.04.2025 03:00;2
Oslo - Blindern;SN18700;03.04.2025 04:00;1,3
Oslo - Blindern;SN18700;03.04.2025 05:00;1,3
Oslo - Blindern;SN18700;03.04.2025 06:00;1
Oslo - Blindern;SN18700;03.04.2025 07:00;3,3
Oslo - Blindern;SN18700;03.04.2025 08:00;6
Oslo - Blindern;SN18700;03.04.2025 09:00;7,6
Oslo - Blindern;SN18700;03.04.2025 10:00;9,1
Oslo - Blindern;SN18700;03.04.2025 11:00;10,6
Oslo - Blindern;SN18700;03.04.2025 12:00;13,4
Oslo - Blindern;SN18700;03.04.2025 13:00;16,7
Oslo - Blindern;SN18700;03.04.2025 14:00;17,6
Oslo - Blindern;SN18700;03.04.2025 15:00;17,7
Oslo - Blindern;SN18700;03.04.2025 16:00;17,1
Oslo - Blindern;SN18700;03.04.2025 17:00;16,2
Oslo - Blindern;SN18700;03.04.2025 18:00;15,7
Oslo - Blindern;SN18700;03.04.2025 19:00;13,6
Oslo - Blindern;SN18700;03.04.2025 20:00;12,4
Oslo - Blindern;SN18700;03.04.2025 21:00;11,5
Oslo - Blindern;SN18700;03.04.2025 22:00;10,5
Oslo - Blindern;SN18700;03.04.2025 23:00;9,3
Oslo - Blindern;SN18700;04.04.2025 00:00;8,1
Oslo - Blindern;SN18700;04.04.2025 01:00;7
Oslo - Blindern;SN18700;04.04.2025 02:00;6,4
Oslo - Blindern;SN18700;04.04.2025 03:00;5,4
Oslo - Blindern;SN18700;04.04.2025 04:00;4,4
Oslo - Blindern;SN18700;04.04.2025 05:00;3,9
Oslo - Blindern;SN18700;04.04.2025 06:00;2,7
Oslo - Blindern;SN18700;04.04.2025 07:00;3,9
Oslo - Blindern;SN18700;04.04.2025 08:00;5,3
Oslo - Blindern;SN18700;04.04.2025 09:00;6,6
Oslo - Blindern;SN18700;04.04.2025 10:00;7,9
Oslo - Blindern;SN18700;04.04.2025 11:00;8,1
Oslo - Blindern;SN18700;04.04.2025 12:00;8,7
Oslo - Blindern;SN18700;04.04.2025 13:00;9,4
Oslo - Blindern;SN18700;04.04.2025 14:00;10,1
Oslo - Blindern;SN18700;04.04.2025 15:00;10,5
Oslo - Blindern;SN18700;04.04.2025 16:00;10,6
Oslo - Blindern;SN18700;04.04.2025 17:00;10,2
Oslo - Blindern;SN18700;04.04.2025 18:00;9,3
Oslo - Blindern;SN18700;04.04.2025 19:00;7,6
Oslo - Blindern;SN18700;04.04.2025 20:00;6,4
Oslo - Blindern;SN18700;04.04.2025 21:00;5,4
Oslo - Blindern;SN18700;04.04.2025 22:00;4,8
Oslo - Blindern;SN18700;04.04.2025 23:00;3,8
Oslo - Blindern;SN18700;05.04.2025 00:00;3,2
Oslo - Blindern;SN18700;05.04.2025 01:00;2,9
Oslo - Blindern;SN18700;05.04.2025 02:00;1,5
Oslo - Blindern;SN18700;05.04.2025 03:00;3,6
Oslo - Blindern;SN18700;05.04.2025 04:00;4,1
Oslo - Blindern;SN18700;05.04.2025 05:00;3,3
Oslo - Blindern;SN18700;05.04.2025 06:00;2,2
Oslo - Blindern;SN18700;05.04.2025 07:00;4,5
Oslo - Blindern;SN18700;05.04.2025 08:00;5
Oslo - Blindern;SN18700;05.04.2025 09:00;6,3
Oslo - Blindern;SN18700;05.04.2025 10:00;6,4
Oslo - Blindern;SN18700;05.04.2025 11:00;7,8
Oslo - Blindern;SN18700;05.04.2025 12:00;8,2
Oslo - Blindern;SN18700;05.04.2025 13:00;8,8
Oslo - Blindern;SN18700;05.04.2025 14:00;8,7
Oslo - Blindern;SN18700;05.04.2025 15:00;8,8
Oslo - Blindern;SN18700;05.04.2025 16:00;8,6
Oslo - Blindern;SN18700;05.04.2025 17:00;8,5
Oslo - Blindern;SN18700;05.04.2025 18:00;7,6
Oslo - Blindern;SN18700;05.04.2025 19:00;6,6
Oslo - Blindern;SN18700;05.04.2025 20:00;5,5
Oslo - Blindern;SN18700;05.04.2025 21:00;4,9
Oslo - Blindern;SN18700;05.04.2025 22:00;4,5
Oslo - Blindern;SN18700;05.04.2025 23:00;3,4
Oslo - Blindern;SN18700;06.04.2025 00:00;2,4
Oslo - Blindern;SN18700;06.04.2025 01:00;1,9
Oslo - Blindern;SN18700;06.04.2025 02:00;0,8
Oslo - Blindern;SN18700;06.04.2025 03:00;0,6
Oslo - Blindern;SN18700;06.04.2025 04:00;0,9
Oslo - Blindern;SN18700;06.04.2025 05:00;0,8
Oslo - Blindern;SN18700;06.04.2025 06:00;1,1
Oslo - Blindern;SN18700;06.04.2025 07:00;2,2
Oslo - Blindern;SN18700;06.04.2025 08:00;3,5
Oslo - Blindern;SN18700;06.04.2025 09:00;5,1
Oslo - Blindern;SN18700;06.04.2025 10:00;8,3
Oslo - Blindern;SN18700;06.04.2025 11:00;9,9
Oslo - Blindern;SN18700;06.04.2025 12:00;12,1
Oslo - Blindern;SN18700;06.04.2025 13:00;12,7
Oslo - Blindern;SN18700;06.04.2025 14:00;14,8
Oslo - Blindern;SN18700;06.04.2025 15:00;15,4
Oslo - Blindern;SN18700;06.04.2025 16:00;15,6
Oslo - Blindern;SN18700;06.04.2025 17:00;15
Oslo - Blindern;SN18700;06.04.2025 18:00;13,9
Oslo - Blindern;SN18700;06.04.2025 19:00;11,8
Oslo - Blindern;SN18700;06.04.2025 20:00;9
Oslo - Blindern;SN18700;06.04.2025 21:00;7,5
Oslo - Blindern;SN18700;06.04.2025 22:00;7,3
Oslo - Blindern;SN18700;06.04.2025 23:00;6,2
Oslo - Blindern;SN18700;07.04.2025 00:00;6,1
Oslo - Blindern;SN18700;07.04.2025 01:00;5,4
Oslo - Blindern;SN18700;07.04.2025 02:00;4,3
Oslo - Blindern;SN18700;07.04.2025 03:00;4,2
Oslo - Blindern;SN18700;07.04.2025 04:00;3,6
Oslo - Blindern;SN18700;07.04.2025 05:00;3,9
Oslo - Blindern;SN18700;07.04.2025 06:00;4,4
Oslo - Blindern;SN18700;07.04.2025 07:00;6,1
Oslo - Blindern;SN18700;07.04.2025 08:00;7,9
Oslo - Blindern;SN18700;07.04.2025 09:00;8,7
Oslo - Blindern;SN18700;07.04.2025 10:00;9,5
Oslo - Blindern;SN18700;07.04.2025 11:00;10,3
Oslo - Blindern;SN18700;07.04.2025 12:00;10,8
Oslo - Blindern;SN18700;07.04.2025 13:00;11,7
Oslo - Blindern;SN18700;07.04.2025 14:00;12,2
Oslo - Blindern;SN18700;07.04.2025 15:00;12,3
Oslo - Blindern;SN18700;07.04.2025 16:00;12,8
Oslo - Blindern;SN18700;07.04.2025 17:00;12,1
Oslo - Blindern;SN18700;07.04.2025 18:00;11,7
Oslo - Blindern;SN18700;07.04.2025 19:00;10,6
Oslo - Blindern;SN18700;07.04.2025 20:00;7,8
Oslo - Blindern;SN18700;07.04.2025 21:00;6,4
Oslo - Blindern;SN18700;07.04.2025 22:00;5,6
Oslo - Blindern;SN18700;07.04.2025 23:00;4,5
Oslo - Blindern;SN18700;08.04.2025 00:00;4,2
Oslo - Blindern;SN18700;08.04.2025 01:00;3,9
Oslo - Blindern;SN18700;08.04.2025 02:00;3,8
Oslo - Blindern;SN18700;08.04.2025 03:00;3,8
Oslo - Blindern;SN18700;08.04.2025 04:00;3,9
Oslo - Blindern;SN18700;08.04.2025 05:00;3,3
Oslo - Blindern;SN18700;08.04.2025 06:00;2,8
Oslo - Blindern;SN18700;08.04.2025 07:00;4
Oslo - Blindern;SN18700;08.04.2025 08:00;5,8
Oslo - Blindern;SN18700;08.04.2025 09:00;7,5
Oslo - Blindern;SN18700;08.04.2025 10:00;9,4
Oslo - Blindern;SN18700;08.04.2025 11:00;10,6
Oslo - Blindern;SN18700;08.04.2025 12:00;12,6
Oslo - Blindern;SN18700;08.04.2025 13:00;13,2
Oslo - Blindern;SN18700;08.04.2025 14:00;14
Oslo - Blindern;SN18700;08.04.2025 15:00;14,5
Oslo - Blindern;SN18700;08.04.2025 16:00;14,1
Oslo - Blindern;SN18700;08.04.2025 17:00;13,1
Oslo - Blindern;SN18700;08.04.2025 18:00;11,8
Oslo - Blindern;SN18700;08.04.2025 19:00;10,3
Oslo - Blindern;SN18700;08.04.2025 20:00;8,9
Oslo - Blindern;SN18700;08.04.2025 21:00;7,3
Oslo - Blindern;SN18700;08.04.2025 22:00;5,1
Oslo - Blindern;SN18700;08.04.2025 23:00;4,2
Oslo - Blindern;SN18700;09.04.2025 00:00;5
Oslo - Blindern;SN18700;09.04.2025 01:00;4
Oslo - Blindern;SN18700;09.04.2025 02:00;7,6
Oslo - Blindern;SN18700;09.04.2025 03:00;6,6
Oslo - Blindern;SN18700;09.04.2025 04:00;4,8
Oslo - Blindern;SN18700;09.04.2025 05:00;4,1
Oslo - Blindern;SN18700;09.04.2025 06:00;4,1
Oslo - Blindern;SN18700;09.04.2025 07:00;5
Oslo - Blindern;SN18700;09.04.2025 08:00;6,1
Oslo - Blindern;SN18700;09.04.2025 09:00;6,6
Oslo - Blindern;SN18700;09.04.2025 10:00;8,5
Oslo - Blindern;SN18700;09.04.2025 11:00;10,7
Oslo - Blindern;SN18700;09.04.2025 12:00;11,6
Oslo - Blindern;SN18700;09.04.2025 13:00;10,8
Oslo - Blindern;SN18700;09.04.2025 14:00;10,4
Oslo - Blindern;SN18700;09.04.2025 15:00;11,3
Oslo - Blindern;SN18700;09.04.2025 16:00;11,2
Oslo - Blindern;SN18700;09.04.2025 17:00;9,5
Oslo - Blindern;SN18700;09.04.2025 18:00;8,4
Oslo - Blindern;SN18700;09.04.2025 19:00;6,3
Oslo - Blindern;SN18700;09.04.2025 20:00;5,3
Oslo - Blindern;SN18700;09.04.2025 21:00;4,3
Oslo - Blindern;SN18700;09.04.2025 22:00;3,1
Oslo - Blindern;SN18700;09.04.2025 23:00;1,4
Oslo - Blindern;SN18700;10.04.2025 00:00;1,1
Oslo - Blindern;SN18700;10.04.2025 01:00;0,6
Oslo - Blindern;SN18700;10.04.2025 02:00;0,2
Oslo - Blindern;SN18700;10.04.2025 03:00;0,2
Oslo - Blindern;SN18700;10.04.2025 04:00;1
Oslo - Blindern;SN18700;10.04.2025 05:00;0,3
Oslo - Blindern;SN18700;10.04.2025 06:00;0,1
Oslo - Blindern;SN18700;10.04.2025 07:00;3
Oslo - Blindern;SN18700;10.04.2025 08:00;4,3
Oslo - Blindern;SN18700;10.04.2025 09:00;4,3
Oslo - Blindern;SN18700;10.04.2025 10:00;5,4
Oslo - Blindern;SN18700;10.04.2025 11:00;6,5
Oslo - Blindern;SN18700;10.04.2025 12:00;7,3
Oslo - Blindern;SN18700;10.04.2025 13:00;8,8
Oslo - Blindern;SN18700;10.04.2025 14:00;9,8
Oslo - Blindern;SN18700;10.04.2025 15:00;10,5
Oslo - Blindern;SN18700;10.04.2025 16:00;10,9
Oslo - Blindern;SN18700;10.04.2025 17:00;11,4
Oslo - Blindern;SN18700;10.04.2025 18:00;13,4
Oslo - Blindern;SN18700;10.04.2025 19:00;13,3
Oslo - Blindern;SN18700;10.04.2025 20:00;11,5
Oslo - Blindern;SN18700;10.04.2025 21:00;11,3
Oslo - Blindern;SN18700;10.04.2025 22:00;9,5
Oslo - Blindern;SN18700;10.04.2025 23:00;7,9
Oslo - Blindern;SN18700;11.04.2025 00:00;6
Oslo - Blindern;SN18700;11.04.2025 01:00;4,9
Oslo - Blindern;SN18700;11.04.2025 02:00;4,9
Oslo - Blindern;SN18700;11.04.2025 03:00;4,4
Oslo - Blindern;SN18700;11.04.2025 04:00;4,9
Oslo - Blindern;SN18700;11.04.2025 05:00;5,2
Oslo - Blindern;SN18700;11.04.2025 06:00;5,8
Oslo - Blindern;SN18700;11.04.2025 07:00;7,3
Oslo - Blindern;SN18700;11.04.2025 08:00;11,1
Oslo - Blindern;SN18700;11.04.2025 09:00;11,9
Oslo - Blindern;SN18700;11.04.2025 10:00;13,3
Oslo - Blindern;SN18700;11.04.2025 11:00;15,6
Oslo - Blindern;SN18700;11.04.2025 12:00;17,5
Oslo - Blindern;SN18700;11.04.2025 13:00;18,2
Oslo - Blindern;SN18700;11.04.2025 14:00;17,6
Oslo - Blindern;SN18700;11.04.2025 15:00;17,5
Oslo - Blindern;SN18700;11.04.2025 16:00;16,4
Oslo - Blindern;SN18700;11.04.2025 17:00;14,9
Oslo - Blindern;SN18700;11.04.2025 18:00;14
Oslo - Blindern;SN18700;11.04.2025 19:00;12,8
Oslo - Blindern;SN18700;11.04.2025 20:00;12
Oslo - Blindern;SN18700;11.04.2025 21:00;12,2
Oslo - Blindern;SN18700;11.04.2025 22:00;11,2
Oslo - Blindern;SN18700;11.04.2025 23:00;11,7
Oslo - Blindern;SN18700;12.04.2025 00:00;12
Oslo - Blindern;SN18700;12.04.2025 01:00;11,3
Oslo - Blindern;SN18700;12.04.2025 02:00;11,2
Oslo - Blindern;SN18700;12.04.2025 03:00;11,4
Oslo - Blindern;SN18700;12.04.2025 04:00;11
Oslo - Blindern;SN18700;12.04.2025 05:00;10,2
Oslo - Blindern;SN18700;12.04.2025 06:00;10,5
Oslo - Blindern;SN18700;12.04.2025 07:00;12,1
Oslo - Blindern;SN18700;12.04.2025 08:00;12,7
Oslo - Blindern;SN18700;12.04.2025 09:00;13,8
Oslo - Blindern;SN18700;12.04.2025 10:00;14,8
Oslo - Blindern;SN18700;12.04.2025 11:00;15,6
Oslo - Blindern;SN18700;12.04.2025 12:00;16,4
Oslo - Blindern;SN18700;12.04.2025 13:00;16,9
Oslo - Blindern;SN18700;12.04.2025 14:00;17,4
Oslo - Blindern;SN18700;12.04.2025 15:00;18
Oslo - Blindern;SN18700;12.04.2025 16:00;18,3
Oslo - Blindern;SN18700;12.04.2025 17:00;17,4
Oslo - Blindern;SN18700;12.04.2025 18:00;16,8
Oslo - Blindern;SN18700;12.04.2025 19:00;14,3
Oslo - Blindern;SN18700;12.04.2025 20:00;12,3
Oslo - Blindern;SN18700;12.04.2025 21:00;9,9
Oslo - Blindern;SN18700;12.04.2025 22:00;8,3
Oslo - Blindern;SN18700;12.04.2025 23:00;7,9
Oslo - Blindern;SN18700;13.04.2025 00:00;8,4
Oslo - Blindern;SN18700;13.04.2025 01:00;7,6
Oslo - Blindern;SN18700;13.04.2025 02:00;7
Oslo - Blindern;SN18700;13.04.2025 03:00;6,6
Oslo - Blindern;SN18700;13.04.2025 04:00;6,3
Oslo - Blindern;SN18700;13.04.2025 05:00;6,2
Oslo - Blindern;SN18700;13.04.2025 06:00;6,1
Oslo - Blindern;SN18700;13.04.2025 07:00;6,3
Oslo - Blindern;SN18700;13.04.2025 08:00;6,6
Oslo - Blindern;SN18700;13.04.2025 09:00;7,5
Oslo - Blindern;SN18700;13.04.2025 10:00;9,3
Oslo - Blindern;SN18700;13.04.2025 11:00;11,8
Oslo - Blindern;SN18700;13.04.2025 12:00;13,1
Oslo - Blindern;SN18700;13.04.2025 13:00;13,1
Oslo - Blindern;SN18700;13.04.2025 14:00;13,9
Oslo - Blindern;SN18700;13.04.2025 15:00;14,4
Oslo - Blindern;SN18700;13.04.2025 16:00;14,3
Oslo - Blindern;SN18700;13.04.2025 17:00;13,8
Oslo - Blindern;SN18700;13.04.2025 18:00;13,1
Oslo - Blindern;SN18700;13.04.2025 19:00;12,8
Oslo - Blindern;SN18700;13.04.2025 20:00;10,8
Oslo - Blindern;SN18700;13.04.2025 21:00;10,2
Oslo - Blindern;SN18700;13.04.2025 22:00;9,4
Oslo - Blindern;SN18700;13.04.2025 23:00;8,8
Oslo - Blindern;SN18700;14.04.2025 00:00;8,5
Oslo - Blindern;SN18700;14.04.2025 01:00;8,5
Oslo - Blindern;SN18700;14.04.2025 02:00;8,5
Oslo - Blindern;SN18700;14.04.2025 03:00;8,1
Oslo - Blindern;SN18700;14.04.2025 04:00;7,5
Oslo - Blindern;SN18700;14.04.2025 05:00;6,8
Oslo - Blindern;SN18700;14.04.2025 06:00;7
Oslo - Blindern;SN18700;14.04.2025 07:00;7
Oslo - Blindern;SN18700;14.04.2025 08:00;8,5
Oslo - Blindern;SN18700;14.04.2025 09:00;10,5
Oslo - Blindern;SN18700;14.04.2025 10:00;12,1
Oslo - Blindern;SN18700;14.04.2025 11:00;12,8
Oslo - Blindern;SN18700;14.04.2025 12:00;12,1
Oslo - Blindern;SN18700;14.04.2025 13:00;13,4
Oslo - Blindern;SN18700;14.04.2025 14:00;15,6
Oslo - Blindern;SN18700;14.04.2025 15:00;15
Oslo - Blindern;SN18700;14.04.2025 16:00;15
Oslo - Blindern;SN18700;14.04.2025 17:00;14,4
Oslo - Blindern;SN18700;14.04.2025 18:00;12,6
Oslo - Blindern;SN18700;14.04.2025 19:00;11,1
Oslo - Blindern;SN18700;14.04.2025 20:00;9,5
Oslo - Blindern;SN18700;14.04.2025 21:00;8,4
Oslo - Blindern;SN18700;14.04.2025 22:00;7,1
Oslo - Blindern;SN18700;14.04.2025 23:00;6,4
Oslo - Blindern;SN18700;15.04.2025 00:00;5,4
Oslo - Blindern;SN18700;15.04.2025 01:00;6,4
Oslo - Blindern;SN18700;15.04.2025 02:00;6,2
Oslo - Blindern;SN18700;15.04.2025 03:00;6,2
Oslo - Blindern;SN18700;15.04.2025 04:00;6,1
Oslo - Blindern;SN18700;15.04.2025 05:00;6,1
Oslo - Blindern;SN18700;15.04.2025 06:00;6,2
Oslo - Blindern;SN18700;15.04.2025 07:00;6,7
Oslo - Blindern;SN18700;15.04.2025 08:00;6,8
Oslo - Blindern;SN18700;15.04.2025 09:00;8
Oslo - Blindern;SN18700;15.04.2025 10:00;9,8
Oslo - Blindern;SN18700;15.04.2025 11:00;12,4
Oslo - Blindern;SN18700;15.04.2025 12:00;13,4
Oslo - Blindern;SN18700;15.04.2025 13:00;14,1
Oslo - Blindern;SN18700;15.04.2025 14:00;13,9
Oslo - Blindern;SN18700;15.04.2025 15:00;15,1
Oslo - Blindern;SN18700;15.04.2025 16:00;14,7
Oslo - Blindern;SN18700;15.04.2025 17:00;14,7
Oslo - Blindern;SN18700;15.04.2025 18:00;14,1
Oslo - Blindern;SN18700;15.04.2025 19:00;13,3
Oslo - Blindern;SN18700;15.04.2025 20:00;11,8
Oslo - Blindern;SN18700;15.04.2025 21:00;11,7
Oslo - Blindern;SN18700;15.04.2025 22:00;11,8
Oslo - Blindern;SN18700;15.04.2025 23:00;11,8
Oslo - Blindern;SN18700;16.04.2025 00:00;11
Oslo - Blindern;SN18700;16.04.2025 01:00;10,9
Oslo - Blindern;SN18700;16.04.2025 02:00;10,1
Oslo - Blindern;SN18700;16.04.2025 03:00;9,4
Oslo - Blindern;SN18700;16.04.2025 04:00;9,7
Oslo - Blindern;SN18700;16.04.2025 05:00;9,9
Oslo - Blindern;SN18700;16.04.2025 06:00;10,6
Oslo - Blindern;SN18700;16.04.2025 07:00;11,4
Oslo - Blindern;SN18700;16.04.2025 08:00;11,5
Oslo - Blindern;SN18700;16.04.2025 09:00;11,2
Oslo - Blindern;SN18700;16.04.2025 10:00;10,2
Oslo - Blindern;SN18700;16.04.2025 11:00;10,1
Oslo - Blindern;SN18700;16.04.2025 12:00;10,7
Oslo - Blindern;SN18700;16.04.2025 13:00;10,9
Oslo - Blindern;SN18700;16.04.2025 14:00;11,2
Oslo - Blindern;SN18700;16.04.2025 15:00;11,3
Oslo - Blindern;SN18700;16.04.2025 16:00;11,4
Oslo - Blindern;SN18700;16.04.2025 17:00;11,4
Oslo - Blindern;SN18700;16.04.2025 18:00;11,4
Oslo - Blindern;SN18700;16.04.2025 19:00;11,2
Oslo - Blindern;SN18700;16.04.2025 20:00;11,1
Oslo - Blindern;SN18700;16.04.2025 21:00;11,1
Oslo - Blindern;SN18700;16.04.2025 22:00;11
Oslo - Blindern;SN18700;16.04.2025 23:00;10,9
Oslo - Blindern;SN18700;17.04.2025 00:00;10,6
Oslo - Blindern;SN18700;17.04.2025 01:00;10,5
Oslo - Blindern;SN18700;17.04.2025 02:00;10,6
Oslo - Blindern;SN18700;17.04.2025 03:00;10,5
Oslo - Blindern;SN18700;17.04.2025 04:00;10,5
Oslo - Blindern;SN18700;17.04.2025 05:00;10,5
Oslo - Blindern;SN18700;17.04.2025 06:00;10,7
Oslo - Blindern;SN18700;17.04.2025 07:00;11,1
Oslo - Blindern;SN18700;17.04.2025 08:00;11,3
Oslo - Blindern;SN18700;17.04.2025 09:00;12,5
Oslo - Blindern;SN18700;17.04.2025 10:00;13,2
Oslo - Blindern;SN18700;17.04.2025 11:00;13,3
Oslo - Blindern;SN18700;17.04.2025 12:00;13,3
Oslo - Blindern;SN18700;17.04.2025 13:00;13,9
Oslo - Blindern;SN18700;17.04.2025 14:00;14,5
Oslo - Blindern;SN18700;17.04.2025 15:00;14,4
Oslo - Blindern;SN18700;17.04.2025 16:00;15,3
Oslo - Blindern;SN18700;17.04.2025 17:00;15,2
Oslo - Blindern;SN18700;17.04.2025 18:00;14
Oslo - Blindern;SN18700;17.04.2025 19:00;13,4
Oslo - Blindern;SN18700;17.04.2025 20:00;10,7
Oslo - Blindern;SN18700;17.04.2025 21:00;10,5
Oslo - Blindern;SN18700;17.04.2025 22:00;9,3
Oslo - Blindern;SN18700;17.04.2025 23:00;8,5
Oslo - Blindern;SN18700;18.04.2025 00:00;8
Oslo - Blindern;SN18700;18.04.2025 01:00;7,9
Oslo - Blindern;SN18700;18.04.2025 02:00;7,8
Oslo - Blindern;SN18700;18.04.2025 03:00;7,7
Oslo - Blindern;SN18700;18.04.2025 04:00;7
Oslo - Blindern;SN18700;18.04.2025 05:00;6,5
Oslo - Blindern;SN18700;18.04.2025 06:00;6,4
Oslo - Blindern;SN18700;18.04.2025 07:00;8,8
Oslo - Blindern;SN18700;18.04.2025 08:00;10,6
Oslo - Blindern;SN18700;18.04.2025 09:00;12,3
Oslo - Blindern;SN18700;18.04.2025 10:00;12,6
Oslo - Blindern;SN18700;18.04.2025 11:00;14,1
Oslo - Blindern;SN18700;18.04.2025 12:00;15,2
Oslo - Blindern;SN18700;18.04.2025 13:00;15,5
Oslo - Blindern;SN18700;18.04.2025 14:00;15
Oslo - Blindern;SN18700;18.04.2025 15:00;15,4
Oslo - Blindern;SN18700;18.04.2025 16:00;16,1
Oslo - Blindern;SN18700;18.04.2025 17:00;16,7
Oslo - Blindern;SN18700;18.04.2025 18:00;15,4
Oslo - Blindern;SN18700;18.04.2025 19:00;13,3
Oslo - Blindern;SN18700;18.04.2025 20:00;11,5
Oslo - Blindern;SN18700;18.04.2025 21:00;9,8
Oslo - Blindern;SN18700;18.04.2025 22:00;8,6
Oslo - Blindern;SN18700;18.04.2025 23:00;10,5
Oslo - Blindern;SN18700;19.04.2025 00:00;10,5
Oslo - Blindern;SN18700;19.04.2025 01:00;9,4
Oslo - Blindern;SN18700;19.04.2025 02:00;8,1
Oslo - Blindern;SN18700;19.04.2025 03:00;8,5
Oslo - Blindern;SN18700;19.04.2025 04:00;9,4
Oslo - Blindern;SN18700;19.04.2025 05:00;9,6
Oslo - Blindern;SN18700;19.04.2025 06:00;9,6
Oslo - Blindern;SN18700;19.04.2025 07:00;10,2
Oslo - Blindern;SN18700;19.04.2025 08:00;10,2
Oslo - Blindern;SN18700;19.04.2025 09:00;11,4
Oslo - Blindern;SN18700;19.04.2025 10:00;12
Oslo - Blindern;SN18700;19.04.2025 11:00;12,2
Oslo - Blindern;SN18700;19.04.2025 12:00;12,5
Oslo - Blindern;SN18700;19.04.2025 13:00;12,4
Oslo - Blindern;SN18700;19.04.2025 14:00;11,6
Oslo - Blindern;SN18700;19.04.2025 15:00;11,4
Oslo - Blindern;SN18700;19.04.2025 16:00;11,2
Oslo - Blindern;SN18700;19.04.2025 17:00;10,6
Oslo - Blindern;SN18700;19.04.2025 18:00;8,8
Oslo - Blindern;SN18700;19.04.2025 19:00;7,7
Oslo - Blindern;SN18700;19.04.2025 20:00;7,4
Oslo - Blindern;SN18700;19.04.2025 21:00;7,4
Oslo - Blindern;SN18700;19.04.2025 22:00;7,5
Oslo - Blindern;SN18700;19.04.2025 23:00;7,3
Oslo - Blindern;SN18700;20.04.2025 00:00;7,5
Oslo - Blindern;SN18700;20.04.2025 01:00;7,6
Oslo - Blindern;SN18700;20.04.2025 02:00;7,3
Oslo - Blindern;SN18700;20.04.2025 03:00;6,9
Oslo - Blindern;SN18700;20.04.2025 04:00;6,8
Oslo - Blindern;SN18700;20.04.2025 05:00;6,7
Oslo - Blindern;SN18700;20.04.2025 06:00;6,6
Oslo - Blindern;SN18700;20.04.2025 07:00;6,9
Oslo - Blindern;SN18700;20.04.2025 08:00;6,9
Oslo - Blindern;SN18700;20.04.2025 09:00;8
Oslo - Blindern;SN18700;20.04.2025 10:00;8,7
Oslo - Blindern;SN18700;20.04.2025 11:00;9,4
Oslo - Blindern;SN18700;20.04.2025 12:00;8,6
Oslo - Blindern;SN18700;20.04.2025 13:00;8,6
Oslo - Blindern;SN18700;20.04.2025 14:00;8,8
Oslo - Blindern;SN18700;20.04.2025 15:00;8,4
Oslo - Blindern;SN18700;20.04.2025 16:00;8,8
Oslo - Blindern;SN18700;20.04.2025 17:00;8,9
Oslo - Blindern;SN18700;20.04.2025 18:00;8,8
Oslo - Blindern;SN18700;20.04.2025 19:00;8,6
Oslo - Blindern;SN18700;20.04.2025 20:00;8,2
Oslo - Blindern;SN18700;20.04.2025 21:00;7,7
Oslo - Blindern;SN18700;20.04.2025 22:00;7,4
Oslo - Blindern;SN18700;20.04.2025 23:00;7,2
Oslo - Blindern;SN18700;21.04.2025 00:00;6,9
Oslo - Blindern;SN18700;21.04.2025 01:00;6,5
Oslo - Blindern;SN18700;21.04.2025 02:00;6,1
Oslo - Blindern;SN18700;21.04.2025 03:00;6
Oslo - Blindern;SN18700;21.04.2025 04:00;5,9
Oslo - Blindern;SN18700;21.04.2025 05:00;5,9
Oslo - Blindern;SN18700;21.04.2025 06:00;6,2
Oslo - Blindern;SN18700;21.04.2025 07:00;7,1
Oslo - Blindern;SN18700;21.04.2025 08:00;8,8
Oslo - Blindern;SN18700;21.04.2025 09:00;10,8
Oslo - Blindern;SN18700;21.04.2025 10:00;10,4
Oslo - Blindern;SN18700;21.04.2025 11:00;11,5
Oslo - Blindern;SN18700;21.04.2025 12:00;12,6
Oslo - Blindern;SN18700;21.04.2025 13:00;13,2
Oslo - Blindern;SN18700;21.04.2025 14:00;12,4
Oslo - Blindern;SN18700;21.04.2025 15:00;11,6
Oslo - Blindern;SN18700;21.04.2025 16:00;11,4
Oslo - Blindern;SN18700;21.04.2025 17:00;10,7
Oslo - Blindern;SN18700;21.04.2025 18:00;10
Oslo - Blindern;SN18700;21.04.2025 19:00;9,7
Oslo - Blindern;SN18700;21.04.2025 20:00;9,5
Oslo - Blindern;SN18700;21.04.2025 21:00;7,8
Oslo - Blindern;SN18700;21.04.2025 22:00;7,2
Oslo - Blindern;SN18700;21.04.2025 23:00;6,6
Oslo - Blindern;SN18700;22.04.2025 00:00;6,5
Oslo - Blindern;SN18700;22.04.2025 01:00;6,4
Oslo - Blindern;SN18700;22.04.2025 02:00;6,3
Oslo - Blindern;SN18700;22.04.2025 03:00;6,1
Oslo - Blindern;SN18700;22.04.2025 04:00;5,9
Oslo - Blindern;SN18700;22.04.2025 05:00;5,9
Oslo - Blindern;SN18700;22.04.2025 06:00;6,2
Oslo - Blindern;SN18700;22.04.2025 07:00;6,2
Oslo - Blindern;SN18700;22.04.2025 08:00;6,1
Oslo - Blindern;SN18700;22.04.2025 09:00;6,2
Oslo - Blindern;SN18700;22.04.2025 10:00;6,2
Oslo - Blindern;SN18700;22.04.2025 11:00;6,3
Oslo - Blindern;SN18700;22.04.2025 12:00;6,6
Oslo - Blindern;SN18700;22.04.2025 13:00;7,4
Oslo - Blindern;SN18700;22.04.2025 14:00;8,8
Oslo - Blindern;SN18700;22.04.2025 15:00;8,4
Oslo - Blindern;SN18700;22.04.2025 16:00;8,5
Oslo - Blindern;SN18700;22.04.2025 17:00;8,2
Oslo - Blindern;SN18700;22.04.2025 18:00;8,2
Oslo - Blindern;SN18700;22.04.2025 19:00;7,9
Oslo - Blindern;SN18700;22.04.2025 20:00;7,5
Oslo - Blindern;SN18700;22.04.2025 21:00;7,5
Oslo - Blindern;SN18700;22.04.2025 22:00;7
Oslo - Blindern;SN18700;22.04.2025 23:00;7
Oslo - Blindern;SN18700;23.04.2025 00:00;6,5
Oslo - Blindern;SN18700;23.04.2025 01:00;6,2
Oslo - Blindern;SN18700;23.04.2025 02:00;5,9
Oslo - Blindern;SN18700;23.04.2025 03:00;5,6
Oslo - Blindern;SN18700;23.04.2025 04:00;4,8
Oslo - Blindern;SN18700;23.04.2025 05:00;5
Oslo - Blindern;SN18700;23.04.2025 06:00;5,8
Oslo - Blindern;SN18700;23.04.2025 07:00;7,2
Oslo - Blindern;SN18700;23.04.2025 08:00;9
Oslo - Blindern;SN18700;23.04.2025 09:00;10,7
Oslo - Blindern;SN18700;23.04.2025 10:00;11,2
Oslo - Blindern;SN18700;23.04.2025 11:00;11
Oslo - Blindern;SN18700;23.04.2025 12:00;12,3
Oslo - Blindern;SN18700;23.04.2025 13:00;13,6
Oslo - Blindern;SN18700;23.04.2025 14:00;13,3
Oslo - Blindern;SN18700;23.04.2025 15:00;13,6
Oslo - Blindern;SN18700;23.04.2025 16:00;13,2
Oslo - Blindern;SN18700;23.04.2025 17:00;14,2
Oslo - Blindern;SN18700;23.04.2025 18:00;12,7
Oslo - Blindern;SN18700;23.04.2025 19:00;11,8
Oslo - Blindern;SN18700;23.04.2025 20:00;11,1
Oslo - Blindern;SN18700;23.04.2025 21:00;10,4
Oslo - Blindern;SN18700;23.04.2025 22:00;9,9
Oslo - Blindern;SN18700;23.04.2025 23:00;9,8
Oslo - Blindern;SN18700;24.04.2025 00:00;9,2
Oslo - Blindern;SN18700;24.04.2025 01:00;8,8
Oslo - Blindern;SN18700;24.04.2025 02:00;8,5
Oslo - Blindern;SN18700;24.04.2025 03:00;8,1
Oslo - Blindern;SN18700;24.04.2025 04:00;7,6
Oslo - Blindern;SN18700;24.04.2025 05:00;7,2
Oslo - Blindern;SN18700;24.04.2025 06:00;7,1
Oslo - Blindern;SN18700;24.04.2025 07:00;7,2
Oslo - Blindern;SN18700;24.04.2025 08:00;7,7
Oslo - Blindern;SN18700;24.04.2025 09:00;7,6
Oslo - Blindern;SN18700;24.04.2025 10:00;8,5
Oslo - Blindern;SN18700;24.04.2025 11:00;10,2
Oslo - Blindern;SN18700;24.04.2025 12:00;11,8
Oslo - Blindern;SN18700;24.04.2025 13:00;11,9
Oslo - Blindern;SN18700;24.04.2025 14:00;10,4
Oslo - Blindern;SN18700;24.04.2025 15:00;12
Oslo - Blindern;SN18700;24.04.2025 16:00;11,9
Oslo - Blindern;SN18700;24.04.2025 17:00;11,3
Oslo - Blindern;SN18700;24.04.2025 18:00;10,3
Oslo - Blindern;SN18700;24.04.2025 19:00;9,2
Oslo - Blindern;SN18700;24.04.2025 20:00;8,4
Oslo - Blindern;SN18700;24.04.2025 21:00;7,8
Oslo - Blindern;SN18700;24.04.2025 22:00;6,8
Oslo - Blindern;SN18700;24.04.2025 23:00;5,5
Oslo - Blindern;SN18700;25.04.2025 00:00;5,2
Oslo - Blindern;SN18700;25.04.2025 01:00;4,6
Oslo - Blindern;SN18700;25.04.2025 02:00;3,9
Oslo - Blindern;SN18700;25.04.2025 03:00;3,2
Oslo - Blindern;SN18700;25.04.2025 04:00;1,7
Oslo - Blindern;SN18700;25.04.2025 05:00;1,9
Oslo - Blindern;SN18700;25.04.2025 06:00;2,8
Oslo - Blindern;SN18700;25.04.2025 07:00;4,3
Oslo - Blindern;SN18700;25.04.2025 08:00;5,2
Oslo - Blindern;SN18700;25.04.2025 09:00;6
Oslo - Blindern;SN18700;25.04.2025 10:00;7,6
Oslo - Blindern;SN18700;25.04.2025 11:00;8,4
Oslo - Blindern;SN18700;25.04.2025 12:00;8,8
Oslo - Blindern;SN18700;25.04.2025 13:00;10,6
Oslo - Blindern;SN18700;25.04.2025 14:00;10,7
Oslo - Blindern;SN18700;25.04.2025 15:00;11,4
Oslo - Blindern;SN18700;25.04.2025 16:00;10,9
Oslo - Blindern;SN18700;25.04.2025 17:00;11,9
Oslo - Blindern;SN18700;25.04.2025 18:00;10,9
Oslo - Blindern;SN18700;25.04.2025 19:00;10,2
Oslo - Blindern;SN18700;25.04.2025 20:00;8,1
Oslo - Blindern;SN18700;25.04.2025 21:00;7,3
Oslo - Blindern;SN18700;25.04.2025 22:00;5,1
Oslo - Blindern;SN18700;25.04.2025 23:00;3,5
Oslo - Blindern;SN18700;26.04.2025 00:00;2,9
Oslo - Blindern;SN18700;26.04.2025 01:00;2
Oslo - Blindern;SN18700;26.04.2025 02:00;1,5
Oslo - Blindern;SN18700;26.04.2025 03:00;1,5
Oslo - Blindern;SN18700;26.04.2025 04:00;1,2
Oslo - Blindern;SN18700;26.04.2025 05:00;1,5
Oslo - Blindern;SN18700;26.04.2025 06:00;3,6
Oslo - Blindern;SN18700;26.04.2025 07:00;5,9
Oslo - Blindern;SN18700;26.04.2025 08:00;7,1
Oslo - Blindern;SN18700;26.04.2025 09:00;8,5
Oslo - Blindern;SN18700;26.04.2025 10:00;9,4
Oslo - Blindern;SN18700;26.04.2025 11:00;10,9
Oslo - Blindern;SN18700;26.04.2025 12:00;12,5
Oslo - Blindern;SN18700;26.04.2025 13:00;13,5
Oslo - Blindern;SN18700;26.04.2025 14:00;13,9
Oslo - Blindern;SN18700;26.04.2025 15:00;14,4
Oslo - Blindern;SN18700;26.04.2025 16:00;14
Oslo - Blindern;SN18700;26.04.2025 17:00;13,4
Oslo - Blindern;SN18700;26.04.2025 18:00;11,9
Oslo - Blindern;SN18700;26.04.2025 19:00;11
Oslo - Blindern;SN18700;26.04.2025 20:00;9,8
Oslo - Blindern;SN18700;26.04.2025 21:00;8,8
Oslo - Blindern;SN18700;26.04.2025 22:00;7,8
Oslo - Blindern;SN18700;26.04.2025 23:00;6,4
Oslo - Blindern;SN18700;27.04.2025 00:00;4,9
Oslo - Blindern;SN18700;27.04.2025 01:00;3,8
Oslo - Blindern;SN18700;27.04.2025 02:00;3
Oslo - Blindern;SN18700;27.04.2025 03:00;2,5
Oslo - Blindern;SN18700;27.04.2025 04:00;1,7
Oslo - Blindern;SN18700;27.04.2025 05:00;1,5
Oslo - Blindern;SN18700;27.04.2025 06:00;3,4
Oslo - Blindern;SN18700;27.04.2025 07:00;5,6
Oslo - Blindern;SN18700;27.04.2025 08:00;6,5
Oslo - Blindern;SN18700;27.04.2025 09:00;8,9
Oslo - Blindern;SN18700;27.04.2025 10:00;11,3
Oslo - Blindern;SN18700;27.04.2025 11:00;13,7
Oslo - Blindern;SN18700;27.04.2025 12:00;15,1
Oslo - Blindern;SN18700;27.04.2025 13:00;17,2
Oslo - Blindern;SN18700;27.04.2025 14:00;15
Oslo - Blindern;SN18700;27.04.2025 15:00;15,5
Oslo - Blindern;SN18700;27.04.2025 16:00;13,8
Oslo - Blindern;SN18700;27.04.2025 17:00;13,7
Oslo - Blindern;SN18700;27.04.2025 18:00;12,7
Oslo - Blindern;SN18700;27.04.2025 19:00;11,7
Oslo - Blindern;SN18700;27.04.2025 20:00;10,6
Oslo - Blindern;SN18700;27.04.2025 21:00;10,4
Oslo - Blindern;SN18700;27.04.2025 22:00;9,5
Oslo - Blindern;SN18700;27.04.2025 23:00;8,8
Oslo - Blindern;SN18700;28.04.2025 00:00;8,6
Oslo - Blindern;SN18700;28.04.2025 01:00;8,5
Oslo - Blindern;SN18700;28.04.2025 02:00;8
Oslo - Blindern;SN18700;28.04.2025 03:00;8,2
Oslo - Blindern;SN18700;28.04.2025 04:00;8,3
Oslo - Blindern;SN18700;28.04.2025 05:00;8,3
Oslo - Blindern;SN18700;28.04.2025 06:00;8,4
Oslo - Blindern;SN18700;28.04.2025 07:00;8,4
Oslo - Blindern;SN18700;28.04.2025 08:00;9
Oslo - Blindern;SN18700;28.04.2025 09:00;9,7
Oslo - Blindern;SN18700;28.04.2025 10:00;10,3
Oslo - Blindern;SN18700;28.04.2025 11:00;12,9
Oslo - Blindern;SN18700;28.04.2025 12:00;13,1
Oslo - Blindern;SN18700;28.04.2025 13:00;13,5
Oslo - Blindern;SN18700;28.04.2025 14:00;13,4
Oslo - Blindern;SN18700;28.04.2025 15:00;15,4
Oslo - Blindern;SN18700;28.04.2025 16:00;18,1
Oslo - Blindern;SN18700;28.04.2025 17:00;17,9
Oslo - Blindern;SN18700;28.04.2025 18:00;16,4
Oslo - Blindern;SN18700;28.04.2025 19:00;15,6
Oslo - Blindern;SN18700;28.04.2025 20:00;13,8
Oslo - Blindern;SN18700;28.04.2025 21:00;12,3
Oslo - Blindern;SN18700;28.04.2025 22:00;11,9
Oslo - Blindern;SN18700;28.04.2025 23:00;11
Oslo - Blindern;SN18700;29.04.2025 00:00;9,1
Oslo - Blindern;SN18700;29.04.2025 01:00;8,9
Oslo - Blindern;SN18700;29.04.2025 02:00;7,8
Oslo - Blindern;SN18700;29.04.2025 03:00;6
Oslo - Blindern;SN18700;29.04.2025 04:00;5,4
Oslo - Blindern;SN18700;29.04.2025 05:00;4,9
Oslo - Blindern;SN18700;29.04.2025 06:00;7,4
Oslo - Blindern;SN18700;29.04.2025 07:00;11,7
Oslo - Blindern;SN18700;29.04.2025 08:00;12,5
Oslo - Blindern;SN18700;29.04.2025 09:00;14,5
Oslo - Blindern;SN18700;29.04.2025 10:00;15,4
Oslo - Blindern;SN18700;29.04.2025 11:00;17
Oslo - Blindern;SN18700;29.04.2025 12:00;17,6
Oslo - Blindern;SN18700;29.04.2025 13:00;18,1
Oslo - Blindern;SN18700;29.04.2025 14:00;17,9
Oslo - Blindern;SN18700;29.04.2025 15:00;17,2
Oslo - Blindern;SN18700;29.04.2025 16:00;18,7
Oslo - Blindern;SN18700;29.04.2025 17:00;16,3
Oslo - Blindern;SN18700;29.04.2025 18:00;15,2
Oslo - Blindern;SN18700;29.04.2025 19:00;14,2
Oslo - Blindern;SN18700;29.04.2025 20:00;13,3
Oslo - Blindern;SN18700;29.04.2025 21:00;11,8
Oslo - Blindern;SN18700;29.04.2025 22:00;10
Oslo - Blindern;SN18700;29.04.2025 23:00;8,6
Oslo - Blindern;SN18700;30.04.2025 00:00;9,3
Oslo - Blindern;SN18700;30.04.2025 01:00;9,7
Oslo - Blindern;SN18700;30.04.2025 02:00;9
Oslo - Blindern;SN18700;30.04.2025 03:00;7
Oslo - Blindern;SN18700;30.04.2025 04:00;6,5
Oslo - Blindern;SN18700;30.04.2025 05:00;5,2
Oslo - Blindern;SN18700;30.04.2025 06:00;7,4
Oslo - Blindern;SN18700;30.04.2025 07:00;9,5
Oslo - Blindern;SN18700;30.04.2025 08:00;11
Oslo - Blindern;SN18700;30.04.2025 09:00;12,4
Oslo - Blindern;SN18700;30.04.2025 10:00;13,2
Oslo - Blindern;SN18700;30.04.2025 11:00;14,4
Oslo - Blindern;SN18700;30.04.2025 12:00;15
Oslo - Blindern;SN18700;30.04.2025 13:00;15,3
Oslo - Blindern;SN18700;30.04.2025 14:00;15,3
Oslo - Blindern;SN18700;30.04.2025 15:00;16,3
Oslo - Blindern;SN18700;30.04.2025 16:00;17,2
Oslo - Blindern;SN18700;30.04.2025 17:00;16,7
Oslo - Blindern;SN18700;30.04.2025 18:00;15,7
Oslo - Blindern;SN18700;30.04.2025 19:00;14,4
Oslo - Blindern;SN18700;30.04.2025 20:00;13
Oslo - Blindern;SN18700;30.04.2025 21:00;12,6
Oslo - Blindern;SN18700;30.04.2025 22:00;11,2
Oslo - Blindern;SN18700;30.04.2025 23:00;9,3
Oslo - Blindern;SN18700;01.05.2025 00:00;8,1
Oslo - Blindern;SN18700;01.05.2025 01:00;8
Oslo - Blindern;SN18700;01.05.2025 02:00;7,7
Oslo - Blindern;SN18700;01.05.2025 03:00;7,4
Oslo - Blindern;SN18700;01.05.2025 04:00;7,1
Oslo - Blindern;SN18700;01.05.2025 05:00;6,5
Oslo - Blindern;SN18700;01.05.2025 06:00;8
Oslo - Blindern;SN18700;01.05.2025 07:00;8,2
Oslo - Blindern;SN18700;01.05.2025 08:00;9,4
Oslo - Blindern;SN18700;01.05.2025 09:00;10,2
Oslo - Blindern;SN18700;01.05.2025 10:00;12,5
Oslo - Blindern;SN18700;01.05.2025 11:00;13,9
Oslo - Blindern;SN18700;01.05.2025 12:00;15,5
Oslo - Blindern;SN18700;01.05.2025 13:00;16
Oslo - Blindern;SN18700;01.05.2025 14:00;16,5
Oslo - Blindern;SN18700;01.05.2025 15:00;15
Oslo - Blindern;SN18700;01.05.2025 16:00;15
Oslo - Blindern;SN18700;01.05.2025 17:00;12,2
Oslo - Blindern;SN18700;01.05.2025 18:00;11,1
Oslo - Blindern;SN18700;01.05.2025 19:00;10,6
Oslo - Blindern;SN18700;01.05.2025 20:00;10,6
Oslo - Blindern;SN18700;01.05.2025 21:00;10,5
Oslo - Blindern;SN18700;01.05.2025 22:00;10,3
Oslo - Blindern;SN18700;01.05.2025 23:00;10,3
Oslo - Blindern;SN18700;02.05.2025 00:00;10,6
Oslo - Blindern;SN18700;02.05.2025 01:00;10,5
Oslo - Blindern;SN18700;02.05.2025 02:00;10,4
Oslo - Blindern;SN18700;02.05.2025 03:00;10,5
Oslo - Blindern;SN18700;02.05.2025 04:00;10,3
Oslo - Blindern;SN18700;02.05.2025 05:00;9,6
Oslo - Blindern;SN18700;02.05.2025 06:00;10
Oslo - Blindern;SN18700;02.05.2025 07:00;11,8
Oslo - Blindern;SN18700;02.05.2025 08:00;12,8
Oslo - Blindern;SN18700;02.05.2025 09:00;13,2
Oslo - Blindern;SN18700;02.05.2025 10:00;14
Oslo - Blindern;SN18700;02.05.2025 11:00;15,3
Oslo - Blindern;SN18700;02.05.2025 12:00;14,1
Oslo - Blindern;SN18700;02.05.2025 13:00;15,8
Oslo - Blindern;SN18700;02.05.2025 14:00;16,3
Oslo - Blindern;SN18700;02.05.2025 15:00;16,4
Oslo - Blindern;SN18700;02.05.2025 16:00;15,4
Oslo - Blindern;SN18700;02.05.2025 17:00;14,9
Oslo - Blindern;SN18700;02.05.2025 18:00;13,6
Oslo - Blindern;SN18700;02.05.2025 19:00;13,4
Oslo - Blindern;SN18700;02.05.2025 20:00;11,8
Oslo - Blindern;SN18700;02.05.2025 21:00;10,5
Oslo - Blindern;SN18700;02.05.2025 22:00;8,7
Oslo - Blindern;SN18700;02.05.2025 23:00;8,4
Oslo - Blindern;SN18700;03.05.2025 00:00;7,7
Oslo - Blindern;SN18700;03.05.2025 01:00;6,3
Oslo - Blindern;SN18700;03.05.2025 02:00;5,1
Oslo - Blindern;SN18700;03.05.2025 03:00;4,5
Oslo - Blindern;SN18700;03.05.2025 04:00;4,2
Oslo - Blindern;SN18700;03.05.2025 05:00;3,8
Oslo - Blindern;SN18700;03.05.2025 06:00;6,1
Oslo - Blindern;SN18700;03.05.2025 07:00;9,4
Oslo - Blindern;SN18700;03.05.2025 08:00;10,8
Oslo - Blindern;SN18700;03.05.2025 09:00;12,8
Oslo - Blindern;SN18700;03.05.2025 10:00;12,6
Oslo - Blindern;SN18700;03.05.2025 11:00;14,7
Oslo - Blindern;SN18700;03.05.2025 12:00;13,2
Oslo - Blindern;SN18700;03.05.2025 13:00;13
Oslo - Blindern;SN18700;03.05.2025 14:00;13,3
Oslo - Blindern;SN18700;03.05.2025 15:00;13,6
Oslo - Blindern;SN18700;03.05.2025 16:00;14
Oslo - Blindern;SN18700;03.05.2025 17:00;13
Oslo - Blindern;SN18700;03.05.2025 18:00;13,4
Oslo - Blindern;SN18700;03.05.2025 19:00;12,4
Oslo - Blindern;SN18700;03.05.2025 20:00;10,4
Oslo - Blindern;SN18700;03.05.2025 21:00;10,1
Oslo - Blindern;SN18700;03.05.2025 22:00;9,1
Oslo - Blindern;SN18700;03.05.2025 23:00;7,7
Oslo - Blindern;SN18700;04.05.2025 00:00;6,8
Oslo - Blindern;SN18700;04.05.2025 01:00;6
Oslo - Blindern;SN18700;04.05.2025 02:00;4,8
Oslo - Blindern;SN18700;04.05.2025 03:00;4,1
Oslo - Blindern;SN18700;04.05.2025 04:00;3,5
Oslo - Blindern;SN18700;04.05.2025 05:00;3,4
Oslo - Blindern;SN18700;04.05.2025 06:00;4,3
Oslo - Blindern;SN18700;04.05.2025 07:00;5,5
Oslo - Blindern;SN18700;04.05.2025 08:00;6
Oslo - Blindern;SN18700;04.05.2025 09:00;5,7
Oslo - Blindern;SN18700;04.05.2025 10:00;7,1
Oslo - Blindern;SN18700;04.05.2025 11:00;8,1
Oslo - Blindern;SN18700;04.05.2025 12:00;9,1
Oslo - Blindern;SN18700;04.05.2025 13:00;9,4
Oslo - Blindern;SN18700;04.05.2025 14:00;10,1
Oslo - Blindern;SN18700;04.05.2025 15:00;10,7
Oslo - Blindern;SN18700;04.05.2025 16:00;10,8
Oslo - Blindern;SN18700;04.05.2025 17:00;10,6
Oslo - Blindern;SN18700;04.05.2025 18:00;10
Oslo - Blindern;SN18700;04.05.2025 19:00;9,4
Oslo - Blindern;SN18700;04.05.2025 20:00;7,9
Oslo - Blindern;SN18700;04.05.2025 21:00;6,6
Oslo - Blindern;SN18700;04.05.2025 22:00;5,2
Oslo - Blindern;SN18700;04.05.2025 23:00;4,4
Oslo - Blindern;SN18700;05.05.2025 00:00;4
Oslo - Blindern;SN18700;05.05.2025 01:00;2,1
Oslo - Blindern;SN18700;05.05.2025 02:00;1,4
Oslo - Blindern;SN18700;05.05.2025 03:00;0,7
Oslo - Blindern;SN18700;05.05.2025 04:00;0,2
Oslo - Blindern;SN18700;05.05.2025 05:00;0,3
Oslo - Blindern;SN18700;05.05.2025 06:00;2,5
Oslo - Blindern;SN18700;05.05.2025 07:00;6,3
Oslo - Blindern;SN18700;05.05.2025 08:00;7,6
Oslo - Blindern;SN18700;05.05.2025 09:00;8,6
Oslo - Blindern;SN18700;05.05.2025 10:00;9,2
Oslo - Blindern;SN18700;05.05.2025 11:00;11,1
Oslo - Blindern;SN18700;05.05.2025 12:00;11,1
Oslo - Blindern;SN18700;05.05.2025 13:00;11,5
Oslo - Blindern;SN18700;05.05.2025 14:00;12,6
Oslo - Blindern;SN18700;05.05.2025 15:00;14,7
Oslo - Blindern;SN18700;05.05.2025 16:00;14,7
Oslo - Blindern;SN18700;05.05.2025 17:00;15,6
Oslo - Blindern;SN18700;05.05.2025 18:00;14,8
Oslo - Blindern;SN18700;05.05.2025 19:00;12,5
Oslo - Blindern;SN18700;05.05.2025 20:00;11,7
Oslo - Blindern;SN18700;05.05.2025 21:00;11,1
Oslo - Blindern;SN18700;05.05.2025 22:00;9,9
Oslo - Blindern;SN18700;05.05.2025 23:00;8,8
Oslo - Blindern;SN18700;06.05.2025 00:00;8,3
Oslo - Blindern;SN18700;06.05.2025 01:00;7,6
Oslo - Blindern;SN18700;06.05.2025 02:00;6,9
Oslo - Blindern;SN18700;06.05.2025 03:00;5,7
Oslo - Blindern;SN18700;06.05.2025 04:00;6,8
Oslo - Blindern;SN18700;06.05.2025 05:00;7,2
Oslo - Blindern;SN18700;06.05.2025 06:00;7,9
Oslo - Blindern;SN18700;06.05.2025 07:00;9,4
Oslo - Blindern;SN18700;06.05.2025 08:00;10
Oslo - Blindern;SN18700;06.05.2025 09:00;11,3
Oslo - Blindern;SN18700;06.05.2025 10:00;11,8
Oslo - Blindern;SN18700;06.05.2025 11:00;13
Oslo - Blindern;SN18700;06.05.2025 12:00;12,8
Oslo - Blindern;SN18700;06.05.2025 13:00;14
Oslo - Blindern;SN18700;06.05.2025 14:00;14,1
Oslo - Blindern;SN18700;06.05.2025 15:00;14,3
Oslo - Blindern;SN18700;06.05.2025 16:00;15,1
Oslo - Blindern;SN18700;06.05.2025 17:00;15,1
Oslo - Blindern;SN18700;06.05.2025 18:00;13,8
Oslo - Blindern;SN18700;06.05.2025 19:00;13,6
Oslo - Blindern;SN18700;06.05.2025 20:00;11,9
Oslo - Blindern;SN18700;06.05.2025 21:00;9,3
Oslo - Blindern;SN18700;06.05.2025 22:00;9
Oslo - Blindern;SN18700;06.05.2025 23:00;8,6
Oslo - Blindern;SN18700;07.05.2025 00:00;8,1
Oslo - Blindern;SN18700;07.05.2025 01:00;7,3
Oslo - Blindern;SN18700;07.05.2025 02:00;6,5
Oslo - Blindern;SN18700;07.05.2025 03:00;5,9
Oslo - Blindern;SN18700;07.05.2025 04:00;5,2
Oslo - Blindern;SN18700;07.05.2025 05:00;5,4
Oslo - Blindern;SN18700;07.05.2025 06:00;6,7
Oslo - Blindern;SN18700;07.05.2025 07:00;8
Oslo - Blindern;SN18700;07.05.2025 08:00;9
Oslo - Blindern;SN18700;07.05.2025 09:00;10,5
Oslo - Blindern;SN18700;07.05.2025 10:00;11,8
Oslo - Blindern;SN18700;07.05.2025 11:00;12,2
Oslo - Blindern;SN18700;07.05.2025 12:00;12,8
Oslo - Blindern;SN18700;07.05.2025 13:00;14,3
Oslo - Blindern;SN18700;07.05.2025 14:00;13,7
Oslo - Blindern;SN18700;07.05.2025 15:00;14,1
Oslo - Blindern;SN18700;07.05.2025 16:00;14,6
Oslo - Blindern;SN18700;07.05.2025 17:00;15,5
Oslo - Blindern;SN18700;07.05.2025 18:00;14,5
Oslo - Blindern;SN18700;07.05.2025 19:00;13,6
Oslo - Blindern;SN18700;07.05.2025 20:00;11,2
Oslo - Blindern;SN18700;07.05.2025 21:00;9,3
Oslo - Blindern;SN18700;07.05.2025 22:00;7,8
Oslo - Blindern;SN18700;07.05.2025 23:00;7,3
Oslo - Blindern;SN18700;08.05.2025 00:00;7
Oslo - Blindern;SN18700;08.05.2025 01:00;7,4
Oslo - Blindern;SN18700;08.05.2025 02:00;8,2
Oslo - Blindern;SN18700;08.05.2025 03:00;9,4
Oslo - Blindern;SN18700;08.05.2025 04:00;9,7
Oslo - Blindern;SN18700;08.05.2025 05:00;10
Oslo - Blindern;SN18700;08.05.2025 06:00;9,9
Oslo - Blindern;SN18700;08.05.2025 07:00;10,1
Oslo - Blindern;SN18700;08.05.2025 08:00;10,6
Oslo - Blindern;SN18700;08.05.2025 09:00;11,6
Oslo - Blindern;SN18700;08.05.2025 10:00;12,7
Oslo - Blindern;SN18700;08.05.2025 11:00;13,8
Oslo - Blindern;SN18700;08.05.2025 12:00;15,6
Oslo - Blindern;SN18700;08.05.2025 13:00;16,7
Oslo - Blindern;SN18700;08.05.2025 14:00;17,4
Oslo - Blindern;SN18700;08.05.2025 15:00;16,5
Oslo - Blindern;SN18700;08.05.2025 16:00;17,1
Oslo - Blindern;SN18700;08.05.2025 17:00;17
Oslo - Blindern;SN18700;08.05.2025 18:00;16,6
Oslo - Blindern;SN18700;08.05.2025 19:00;14,5
Oslo - Blindern;SN18700;08.05.2025 20:00;13
Oslo - Blindern;SN18700;08.05.2025 21:00;12,2
Oslo - Blindern;SN18700;08.05.2025 22:00;11,4
Oslo - Blindern;SN18700;08.05.2025 23:00;10,5
Oslo - Blindern;SN18700;09.05.2025 00:00;9,2
Oslo - Blindern;SN18700;09.05.2025 01:00;9,4
Oslo - Blindern;SN18700;09.05.2025 02:00;9,6
Oslo - Blindern;SN18700;09.05.2025 03:00;8,9
Oslo - Blindern;SN18700;09.05.2025 04:00;8,5
Oslo - Blindern;SN18700;09.05.2025 05:00;9,5
Oslo - Blindern;SN18700;09.05.2025 06:00;9,9
Oslo - Blindern;SN18700;09.05.2025 07:00;11,4
Oslo - Blindern;SN18700;09.05.2025 08:00;13,2
Oslo - Blindern;SN18700;09.05.2025 09:00;14,7
Oslo - Blindern;SN18700;09.05.2025 10:00;16,8
Oslo - Blindern;SN18700;09.05.2025 11:00;17,7
Oslo - Blindern;SN18700;09.05.2025 12:00;16,7
Oslo - Blindern;SN18700;09.05.2025 13:00;17,4
Oslo - Blindern;SN18700;09.05.2025 14:00;18,1
Oslo - Blindern;SN18700;09.05.2025 15:00;18,4
Oslo - Blindern;SN18700;09.05.2025 16:00;18,2
Oslo - Blindern;SN18700;09.05.2025 17:00;18
Oslo - Blindern;SN18700;09.05.2025 18:00;16,8
Oslo - Blindern;SN18700;09.05.2025 19:00;16,7
Oslo - Blindern;SN18700;09.05.2025 20:00;14,8
Oslo - Blindern;SN18700;09.05.2025 21:00;13,6
Oslo - Blindern;SN18700;09.05.2025 22:00;12,9
Oslo - Blindern;SN18700;09.05.2025 23:00;12,9
Oslo - Blindern;SN18700;10.05.2025 00:00;12,3
Oslo - Blindern;SN18700;10.05.2025 01:00;11,5
Oslo - Blindern;SN18700;10.05.2025 02:00;10,7
Oslo - Blindern;SN18700;10.05.2025 03:00;10,6
Oslo - Blindern;SN18700;10.05.2025 04:00;10
Oslo - Blindern;SN18700;10.05.2025 05:00;9,4
Oslo - Blindern;SN18700;10.05.2025 06:00;11,2
Oslo - Blindern;SN18700;10.05.2025 07:00;12,7
Oslo - Blindern;SN18700;10.05.2025 08:00;13,7
Oslo - Blindern;SN18700;10.05.2025 09:00;13,9
Oslo - Blindern;SN18700;10.05.2025 10:00;15,6
Oslo - Blindern;SN18700;10.05.2025 11:00;16,7
Oslo - Blindern;SN18700;10.05.2025 12:00;17,3
Oslo - Blindern;SN18700;10.05.2025 13:00;19,3
Oslo - Blindern;SN18700;10.05.2025 14:00;19,2
Oslo - Blindern;SN18700;10.05.2025 15:00;18,7
Oslo - Blindern;SN18700;10.05.2025 16:00;18,3
Oslo - Blindern;SN18700;10.05.2025 17:00;17,5
Oslo - Blindern;SN18700;10.05.2025 18:00;16,4
Oslo - Blindern;SN18700;10.05.2025 19:00;15,6
Oslo - Blindern;SN18700;10.05.2025 20:00;14,1
Oslo - Blindern;SN18700;10.05.2025 21:00;13,1
Oslo - Blindern;SN18700;10.05.2025 22:00;12
Oslo - Blindern;SN18700;10.05.2025 23:00;11,4
Oslo - Blindern;SN18700;11.05.2025 00:00;11,4
Oslo - Blindern;SN18700;11.05.2025 01:00;11,1
Oslo - Blindern;SN18700;11.05.2025 02:00;10,9
Oslo - Blindern;SN18700;11.05.2025 03:00;10,6
Oslo - Blindern;SN18700;11.05.2025 04:00;10,4
Oslo - Blindern;SN18700;11.05.2025 05:00;10,3
Oslo - Blindern;SN18700;11.05.2025 06:00;10,4
Oslo - Blindern;SN18700;11.05.2025 07:00;11,6
Oslo - Blindern;SN18700;11.05.2025 08:00;11,6
Oslo - Blindern;SN18700;11.05.2025 09:00;12,2
Oslo - Blindern;SN18700;11.05.2025 10:00;13,9
Oslo - Blindern;SN18700;11.05.2025 11:00;15,5
Oslo - Blindern;SN18700;11.05.2025 12:00;15,7
Oslo - Blindern;SN18700;11.05.2025 13:00;18,1
Oslo - Blindern;SN18700;11.05.2025 14:00;16,6
Oslo - Blindern;SN18700;11.05.2025 15:00;17,8
Oslo - Blindern;SN18700;11.05.2025 16:00;16,4
Oslo - Blindern;SN18700;11.05.2025 17:00;15,4
Oslo - Blindern;SN18700;11.05.2025 18:00;14,3
Oslo - Blindern;SN18700;11.05.2025 19:00;13,1
Oslo - Blindern;SN18700;11.05.2025 20:00;11,9
Oslo - Blindern;SN18700;11.05.2025 21:00;11,5
Oslo - Blindern;SN18700;11.05.2025 22:00;11
Oslo - Blindern;SN18700;11.05.2025 23:00;10,7
Oslo - Blindern;SN18700;12.05.2025 00:00;10,5
Oslo - Blindern;SN18700;12.05.2025 01:00;10,2
Oslo - Blindern;SN18700;12.05.2025 02:00;10,1
Oslo - Blindern;SN18700;12.05.2025 03:00;10,1
Oslo - Blindern;SN18700;12.05.2025 04:00;10,1
Oslo - Blindern;SN18700;12.05.2025 05:00;10,3
Oslo - Blindern;SN18700;12.05.2025 06:00;10,3
Oslo - Blindern;SN18700;12.05.2025 07:00;10,8
Oslo - Blindern;SN18700;12.05.2025 08:00;11,6
Oslo - Blindern;SN18700;12.05.2025 09:00;14,8
Oslo - Blindern;SN18700;12.05.2025 10:00;16
Oslo - Blindern;SN18700;12.05.2025 11:00;17,7
Oslo - Blindern;SN18700;12.05.2025 12:00;18,1
Oslo - Blindern;SN18700;12.05.2025 13:00;19,8
Oslo - Blindern;SN18700;12.05.2025 14:00;21,5
Oslo - Blindern;SN18700;12.05.2025 15:00;21,6
Oslo - Blindern;SN18700;12.05.2025 16:00;21,3
Oslo - Blindern;SN18700;12.05.2025 17:00;20,7
Oslo - Blindern;SN18700;12.05.2025 18:00;19,6
Oslo - Blindern;SN18700;12.05.2025 19:00;18,6
Oslo - Blindern;SN18700;12.05.2025 20:00;17,1
Oslo - Blindern;SN18700;12.05.2025 21:00;15
Oslo - Blindern;SN18700;12.05.2025 22:00;13,6
Oslo - Blindern;SN18700;12.05.2025 23:00;11,8
Oslo - Blindern;SN18700;13.05.2025 00:00;10,9
Oslo - Blindern;SN18700;13.05.2025 01:00;10,5
Oslo - Blindern;SN18700;13.05.2025 02:00;10,6
Oslo - Blindern;SN18700;13.05.2025 03:00;10,5
Oslo - Blindern;SN18700;13.05.2025 04:00;11,7
Oslo - Blindern;SN18700;13.05.2025 05:00;11,4
Oslo - Blindern;SN18700;13.05.2025 06:00;12,9
Oslo - Blindern;SN18700;13.05.2025 07:00;14,8
Oslo - Blindern;SN18700;13.05.2025 08:00;17
Oslo - Blindern;SN18700;13.05.2025 09:00;19,3
Oslo - Blindern;SN18700;13.05.2025 10:00;20
Oslo - Blindern;SN18700;13.05.2025 11:00;19,9
Oslo - Blindern;SN18700;13.05.2025 12:00;20,2
Oslo - Blindern;SN18700;13.05.2025 13:00;19,7
Oslo - Blindern;SN18700;13.05.2025 14:00;21,3
Oslo - Blindern;SN18700;13.05.2025 15:00;21,9
Oslo - Blindern;SN18700;13.05.2025 16:00;21,2
Oslo - Blindern;SN18700;13.05.2025 17:00;21,4
Oslo - Blindern;SN18700;13.05.2025 18:00;20,5
Oslo - Blindern;SN18700;13.05.2025 19:00;19,5
Oslo - Blindern;SN18700;13.05.2025 20:00;17,9
Oslo - Blindern;SN18700;13.05.2025 21:00;15,4
Oslo - Blindern;SN18700;13.05.2025 22:00;14,1
Oslo - Blindern;SN18700;13.05.2025 23:00;13,5
Oslo - Blindern;SN18700;14.05.2025 00:00;12,5
Oslo - Blindern;SN18700;14.05.2025 01:00;11,2
Oslo - Blindern;SN18700;14.05.2025 02:00;10,1
Oslo - Blindern;SN18700;14.05.2025 03:00;8,5
Oslo - Blindern;SN18700;14.05.2025 04:00;6,9
Oslo - Blindern;SN18700;14.05.2025 05:00;6,4
Oslo - Blindern;SN18700;14.05.2025 06:00;6,6
Oslo - Blindern;SN18700;14.05.2025 07:00;7,2
Oslo - Blindern;SN18700;14.05.2025 08:00;8,2
Oslo - Blindern;SN18700;14.05.2025 09:00;8,9
Oslo - Blindern;SN18700;14.05.2025 10:00;10,3
Oslo - Blindern;SN18700;14.05.2025 11:00;11,7
Oslo - Blindern;SN18700;14.05.2025 12:00;12,2
Oslo - Blindern;SN18700;14.05.2025 13:00;13,3
Oslo - Blindern;SN18700;14.05.2025 14:00;14,2
Oslo - Blindern;SN18700;14.05.2025 15:00;15
Oslo - Blindern;SN18700;14.05.2025 16:00;14,7
Oslo - Blindern;SN18700;14.05.2025 17:00;14
Oslo - Blindern;SN18700;14.05.2025 18:00;13
Oslo - Blindern;SN18700;14.05.2025 19:00;12
Oslo - Blindern;SN18700;14.05.2025 20:00;10,1
Oslo - Blindern;SN18700;14.05.2025 21:00;8,7
Oslo - Blindern;SN18700;14.05.2025 22:00;7,6
Oslo - Blindern;SN18700;14.05.2025 23:00;7,1
Oslo - Blindern;SN18700;15.05.2025 00:00;6,6
Oslo - Blindern;SN18700;15.05.2025 01:00;6,3
Oslo - Blindern;SN18700;15.05.2025 02:00;6,2
Oslo - Blindern;SN18700;15.05.2025 03:00;5,7
Oslo - Blindern;SN18700;15.05.2025 04:00;5,9
Oslo - Blindern;SN18700;15.05.2025 05:00;6,2
Oslo - Blindern;SN18700;15.05.2025 06:00;7,6
Oslo - Blindern;SN18700;15.05.2025 07:00;9,4
Oslo - Blindern;SN18700;15.05.2025 08:00;11,1
Oslo - Blindern;SN18700;15.05.2025 09:00;12,8
Oslo - Blindern;SN18700;15.05.2025 10:00;14,6
Oslo - Blindern;SN18700;15.05.2025 11:00;15,9
Oslo - Blindern;SN18700;15.05.2025 12:00;17,5
Oslo - Blindern;SN18700;15.05.2025 13:00;18,5
Oslo - Blindern;SN18700;15.05.2025 14:00;19,2
Oslo - Blindern;SN18700;15.05.2025 15:00;20,3
Oslo - Blindern;SN18700;15.05.2025 16:00;20,7
Oslo - Blindern;SN18700;15.05.2025 17:00;21,5
Oslo - Blindern;SN18700;15.05.2025 18:00;21
Oslo - Blindern;SN18700;15.05.2025 19:00;20
Oslo - Blindern;SN18700;15.05.2025 20:00;17,8
Oslo - Blindern;SN18700;15.05.2025 21:00;16
Oslo - Blindern;SN18700;15.05.2025 22:00;14,6
Oslo - Blindern;SN18700;15.05.2025 23:00;13,4
Oslo - Blindern;SN18700;16.05.2025 00:00;11,7
Oslo - Blindern;SN18700;16.05.2025 01:00;9,7
Oslo - Blindern;SN18700;16.05.2025 02:00;9,1
Oslo - Blindern;SN18700;16.05.2025 03:00;9,2
Oslo - Blindern;SN18700;16.05.2025 04:00;9,2
Oslo - Blindern;SN18700;16.05.2025 05:00;9,3
Oslo - Blindern;SN18700;16.05.2025 06:00;9,5
Oslo - Blindern;SN18700;16.05.2025 07:00;11
Oslo - Blindern;SN18700;16.05.2025 08:00;12
Oslo - Blindern;SN18700;16.05.2025 09:00;13,4
Oslo - Blindern;SN18700;16.05.2025 10:00;14,3
Oslo - Blindern;SN18700;16.05.2025 11:00;16
Oslo - Blindern;SN18700;16.05.2025 12:00;17
Oslo - Blindern;SN18700;16.05.2025 13:00;18,2
Oslo - Blindern;SN18700;16.05.2025 14:00;19,2
Oslo - Blindern;SN18700;16.05.2025 15:00;18,6
Oslo - Blindern;SN18700;16.05.2025 16:00;18,9
Oslo - Blindern;SN18700;16.05.2025 17:00;19,5
Oslo - Blindern;SN18700;16.05.2025 18:00;18,2
Oslo - Blindern;SN18700;16.05.2025 19:00;17,6
Oslo - Blindern;SN18700;16.05.2025 20:00;16,5
Oslo - Blindern;SN18700;16.05.2025 21:00;13,8
Oslo - Blindern;SN18700;16.05.2025 22:00;12,2
Oslo - Blindern;SN18700;16.05.2025 23:00;14,2
Oslo - Blindern;SN18700;17.05.2025 00:00;14,4
Oslo - Blindern;SN18700;17.05.2025 01:00;14,1
Oslo - Blindern;SN18700;17.05.2025 02:00;13,4
Oslo - Blindern;SN18700;17.05.2025 03:00;12,2
Oslo - Blindern;SN18700;17.05.2025 04:00;11,9
Oslo - Blindern;SN18700;17.05.2025 05:00;11,1
Oslo - Blindern;SN18700;17.05.2025 06:00;10,7
Oslo - Blindern;SN18700;17.05.2025 07:00;11,5
Oslo - Blindern;SN18700;17.05.2025 08:00;12,1
Oslo - Blindern;SN18700;17.05.2025 09:00;13,6
Oslo - Blindern;SN18700;17.05.2025 10:00;14,9
Oslo - Blindern;SN18700;17.05.2025 11:00;15,5
Oslo - Blindern;SN18700;17.05.2025 12:00;15,6
Oslo - Blindern;SN18700;17.05.2025 13:00;17,4
Oslo - Blindern;SN18700;17.05.2025 14:00;18,2
Oslo - Blindern;SN18700;17.05.2025 15:00;19,1
Oslo - Blindern;SN18700;17.05.2025 16:00;19,6
Oslo - Blindern;SN18700;17.05.2025 17:00;19,5
Oslo - Blindern;SN18700;17.05.2025 18:00;18,5
Oslo - Blindern;SN18700;17.05.2025 19:00;17,5
Oslo - Blindern;SN18700;17.05.2025 20:00;16,9
Oslo - Blindern;SN18700;17.05.2025 21:00;15,1
Oslo - Blindern;SN18700;17.05.2025 22:00;12,6
Oslo - Blindern;SN18700;17.05.2025 23:00;12
Oslo - Blindern;SN18700;18.05.2025 00:00;11,9
Oslo - Blindern;SN18700;18.05.2025 01:00;12,4
Oslo - Blindern;SN18700;18.05.2025 02:00;11,6
Oslo - Blindern;SN18700;18.05.2025 03:00;11,5
Oslo - Blindern;SN18700;18.05.2025 04:00;10,9
Oslo - Blindern;SN18700;18.05.2025 05:00;10,8
Oslo - Blindern;SN18700;18.05.2025 06:00;11,8
Oslo - Blindern;SN18700;18.05.2025 07:00;13,4
Oslo - Blindern;SN18700;18.05.2025 08:00;14,5
Oslo - Blindern;SN18700;18.05.2025 09:00;15,7
Oslo - Blindern;SN18700;18.05.2025 10:00;15,7
Oslo - Blindern;SN18700;18.05.2025 11:00;17,2
Oslo - Blindern;SN18700;18.05.2025 12:00;18,5
Oslo - Blindern;SN18700;18.05.2025 13:00;19,2
Oslo - Blindern;SN18700;18.05.2025 14:00;20,4
Oslo - Blindern;SN18700;18.05.2025 15:00;21,1
Oslo - Blindern;SN18700;18.05.2025 16:00;21
Oslo - Blindern;SN18700;18.05.2025 17:00;20,9
Oslo - Blindern;SN18700;18.05.2025 18:00;20,6
Oslo - Blindern;SN18700;18.05.2025 19:00;20,1
Oslo - Blindern;SN18700;18.05.2025 20:00;18,4
Oslo - Blindern;SN18700;18.05.2025 21:00;15,1
Oslo - Blindern;SN18700;18.05.2025 22:00;13,6
Oslo - Blindern;SN18700;18.05.2025 23:00;13,8
Oslo - Blindern;SN18700;19.05.2025 00:00;13
Oslo - Blindern;SN18700;19.05.2025 01:00;13,6
Oslo - Blindern;SN18700;19.05.2025 02:00;13,6
Oslo - Blindern;SN18700;19.05.2025 03:00;13,4
Oslo - Blindern;SN18700;19.05.2025 04:00;12,6
Oslo - Blindern;SN18700;19.05.2025 05:00;12
Oslo - Blindern;SN18700;19.05.2025 06:00;14,6
Oslo - Blindern;SN18700;19.05.2025 07:00;16,2
Oslo - Blindern;SN18700;19.05.2025 08:00;17,7
Oslo - Blindern;SN18700;19.05.2025 09:00;18,8
Oslo - Blindern;SN18700;19.05.2025 10:00;20,3
Oslo - Blindern;SN18700;19.05.2025 11:00;21
Oslo - Blindern;SN18700;19.05.2025 12:00;23
Oslo - Blindern;SN18700;19.05.2025 13:00;23,9
Oslo - Blindern;SN18700;19.05.2025 14:00;25,3
Oslo - Blindern;SN18700;19.05.2025 15:00;25,9
Oslo - Blindern;SN18700;19.05.2025 16:00;25,9
Oslo - Blindern;SN18700;19.05.2025 17:00;24,5
Oslo - Blindern;SN18700;19.05.2025 18:00;24
Oslo - Blindern;SN18700;19.05.2025 19:00;22,7
Oslo - Blindern;SN18700;19.05.2025 20:00;20,2
Oslo - Blindern;SN18700;19.05.2025 21:00;17,2
Oslo - Blindern;SN18700;19.05.2025 22:00;15,3
Oslo - Blindern;SN18700;19.05.2025 23:00;13,3
Oslo - Blindern;SN18700;20.05.2025 00:00;13,2
Oslo - Blindern;SN18700;20.05.2025 01:00;11,9
Oslo - Blindern;SN18700;20.05.2025 02:00;13,2
Oslo - Blindern;SN18700;20.05.2025 03:00;11,2
Oslo - Blindern;SN18700;20.05.2025 04:00;10,4
Oslo - Blindern;SN18700;20.05.2025 05:00;10,8
Oslo - Blindern;SN18700;20.05.2025 06:00;13,2
Oslo - Blindern;SN18700;20.05.2025 07:00;18,3
Oslo - Blindern;SN18700;20.05.2025 08:00;19,7
Oslo - Blindern;SN18700;20.05.2025 09:00;21,1
Oslo - Blindern;SN18700;20.05.2025 10:00;22,3
Oslo - Blindern;SN18700;20.05.2025 11:00;22,6
Oslo - Blindern;SN18700;20.05.2025 12:00;22,4
Oslo - Blindern;SN18700;20.05.2025 13:00;22,2
Oslo - Blindern;SN18700;20.05.2025 14:00;22,1
Oslo - Blindern;SN18700;20.05.2025 15:00;22,3
Oslo - Blindern;SN18700;20.05.2025 16:00;21,6
Oslo - Blindern;SN18700;20.05.2025 17:00;21,1
Oslo - Blindern;SN18700;20.05.2025 18:00;19,5
Oslo - Blindern;SN18700;20.05.2025 19:00;18,4
Oslo - Blindern;SN18700;20.05.2025 20:00;17,4
Oslo - Blindern;SN18700;20.05.2025 21:00;16
Oslo - Blindern;SN18700;20.05.2025 22:00;14,8
Oslo - Blindern;SN18700;20.05.2025 23:00;13,1
Oslo - Blindern;SN18700;21.05.2025 00:00;11,2
Oslo - Blindern;SN18700;21.05.2025 01:00;10
Oslo - Blindern;SN18700;21.05.2025 02:00;9,1
Oslo - Blindern;SN18700;21.05.2025 03:00;8,3
Oslo - Blindern;SN18700;21.05.2025 04:00;7,9
Oslo - Blindern;SN18700;21.05.2025 05:00;7,5
Oslo - Blindern;SN18700;21.05.2025 06:00;7,3
Oslo - Blindern;SN18700;21.05.2025 07:00;7,6
Oslo - Blindern;SN18700;21.05.2025 08:00;8
Oslo - Blindern;SN18700;21.05.2025 09:00;8,9
Oslo - Blindern;SN18700;21.05.2025 10:00;9,9
Oslo - Blindern;SN18700;21.05.2025 11:00;11,7
Oslo - Blindern;SN18700;21.05.2025 12:00;11,8
Oslo - Blindern;SN18700;21.05.2025 13:00;12,4
Oslo - Blindern;SN18700;21.05.2025 14:00;11,9
Oslo - Blindern;SN18700;21.05.2025 15:00;12,2
Oslo - Blindern;SN18700;21.05.2025 16:00;12,5
Oslo - Blindern;SN18700;21.05.2025 17:00;12,2
Oslo - Blindern;SN18700;21.05.2025 18:00;11,9
Oslo - Blindern;SN18700;21.05.2025 19:00;10,9
Oslo - Blindern;SN18700;21.05.2025 20:00;10,6
Oslo - Blindern;SN18700;21.05.2025 21:00;9,6
Oslo - Blindern;SN18700;21.05.2025 22:00;8,7
Oslo - Blindern;SN18700;21.05.2025 23:00;7,8
Oslo - Blindern;SN18700;22.05.2025 00:00;7,3
Oslo - Blindern;SN18700;22.05.2025 01:00;6
Oslo - Blindern;SN18700;22.05.2025 02:00;5,3
Oslo - Blindern;SN18700;22.05.2025 03:00;5
Oslo - Blindern;SN18700;22.05.2025 04:00;5
Oslo - Blindern;SN18700;22.05.2025 05:00;5,5
Oslo - Blindern;SN18700;22.05.2025 06:00;5,9
Oslo - Blindern;SN18700;22.05.2025 07:00;6,9
Oslo - Blindern;SN18700;22.05.2025 08:00;7,7
Oslo - Blindern;SN18700;22.05.2025 09:00;8,9
Oslo - Blindern;SN18700;22.05.2025 10:00;8,9
Oslo - Blindern;SN18700;22.05.2025 11:00;9,8
Oslo - Blindern;SN18700;22.05.2025 12:00;11,2
Oslo - Blindern;SN18700;22.05.2025 13:00;11,5
Oslo - Blindern;SN18700;22.05.2025 14:00;11,8
Oslo - Blindern;SN18700;22.05.2025 15:00;11,2
Oslo - Blindern;SN18700;22.05.2025 16:00;10,9
Oslo - Blindern;SN18700;22.05.2025 17:00;10,8
Oslo - Blindern;SN18700;22.05.2025 18:00;9,8
Oslo - Blindern;SN18700;22.05.2025 19:00;8,9
Oslo - Blindern;SN18700;22.05.2025 20:00;6,3
Oslo - Blindern;SN18700;22.05.2025 21:00;5,3
Oslo - Blindern;SN18700;22.05.2025 22:00;5,1
Oslo - Blindern;SN18700;22.05.2025 23:00;5
Oslo - Blindern;SN18700;23.05.2025 00:00;5
Oslo - Blindern;SN18700;23.05.2025 01:00;4,8
Oslo - Blindern;SN18700;23.05.2025 02:00;4,4
Oslo - Blindern;SN18700;23.05.2025 03:00;4,5
Oslo - Blindern;SN18700;23.05.2025 04:00;4,4
Oslo - Blindern;SN18700;23.05.2025 05:00;4,7
Oslo - Blindern;SN18700;23.05.2025 06:00;5
Oslo - Blindern;SN18700;23.05.2025 07:00;5,2
Oslo - Blindern;SN18700;23.05.2025 08:00;5,9
Oslo - Blindern;SN18700;23.05.2025 09:00;7,1
Oslo - Blindern;SN18700;23.05.2025 10:00;7,7
Oslo - Blindern;SN18700;23.05.2025 11:00;9,4
Oslo - Blindern;SN18700;23.05.2025 12:00;10,7
Oslo - Blindern;SN18700;23.05.2025 13:00;10,4
Oslo - Blindern;SN18700;23.05.2025 14:00;9,3
Oslo - Blindern;SN18700;23.05.2025 15:00;10,3
Oslo - Blindern;SN18700;23.05.2025 16:00;11,2
Oslo - Blindern;SN18700;23.05.2025 17:00;8,8
Oslo - Blindern;SN18700;23.05.2025 18:00;8,1
Oslo - Blindern;SN18700;23.05.2025 19:00;8,7
Oslo - Blindern;SN18700;23.05.2025 20:00;8,4
Oslo - Blindern;SN18700;23.05.2025 21:00;7,5
Oslo - Blindern;SN18700;23.05.2025 22:00;7,1
Oslo - Blindern;SN18700;23.05.2025 23:00;7
Oslo - Blindern;SN18700;24.05.2025 00:00;6,1
Oslo - Blindern;SN18700;24.05.2025 01:00;5,8
Oslo - Blindern;SN18700;24.05.2025 02:00;5,6
Oslo - Blindern;SN18700;24.05.2025 03:00;5,7
Oslo - Blindern;SN18700;24.05.2025 04:00;5,8
Oslo - Blindern;SN18700;24.05.2025 05:00;6
Oslo - Blindern;SN18700;24.05.2025 06:00;6,5
Oslo - Blindern;SN18700;24.05.2025 07:00;6,8
Oslo - Blindern;SN18700;24.05.2025 08:00;7,1
Oslo - Blindern;SN18700;24.05.2025 09:00;8,2
Oslo - Blindern;SN18700;24.05.2025 10:00;9,5
Oslo - Blindern;SN18700;24.05.2025 11:00;10,6
Oslo - Blindern;SN18700;24.05.2025 12:00;10,7
Oslo - Blindern;SN18700;24.05.2025 13:00;10,4
Oslo - Blindern;SN18700;24.05.2025 14:00;10,9
Oslo - Blindern;SN18700;24.05.2025 15:00;11,5
Oslo - Blindern;SN18700;24.05.2025 16:00;11,2
Oslo - Blindern;SN18700;24.05.2025 17:00;10,9
Oslo - Blindern;SN18700;24.05.2025 18:00;10,3
Oslo - Blindern;SN18700;24.05.2025 19:00;10,1
Oslo - Blindern;SN18700;24.05.2025 20:00;9,7
Oslo - Blindern;SN18700;24.05.2025 21:00;8,9
Oslo - Blindern;SN18700;24.05.2025 22:00;8,9
Oslo - Blindern;SN18700;24.05.2025 23:00;8,7
Oslo - Blindern;SN18700;25.05.2025 00:00;8,7
Oslo - Blindern;SN18700;25.05.2025 01:00;8,4
Oslo - Blindern;SN18700;25.05.2025 02:00;8,7
Oslo - Blindern;SN18700;25.05.2025 03:00;8,8
Oslo - Blindern;SN18700;25.05.2025 04:00;8,7
Oslo - Blindern;SN18700;25.05.2025 05:00;8,9
Oslo - Blindern;SN18700;25.05.2025 06:00;8,4
Oslo - Blindern;SN18700;25.05.2025 07:00;8,3
Oslo - Blindern;SN18700;25.05.2025 08:00;8,2
Oslo - Blindern;SN18700;25.05.2025 09:00;8,5
Oslo - Blindern;SN18700;25.05.2025 10:00;8,8
Oslo - Blindern;SN18700;25.05.2025 11:00;9,1
Oslo - Blindern;SN18700;25.05.2025 12:00;9,3
Oslo - Blindern;SN18700;25.05.2025 13:00;9,6
Oslo - Blindern;SN18700;25.05.2025 14:00;9,8
Oslo - Blindern;SN18700;25.05.2025 15:00;9,8
Oslo - Blindern;SN18700;25.05.2025 16:00;10
Oslo - Blindern;SN18700;25.05.2025 17:00;10,2
Oslo - Blindern;SN18700;25.05.2025 18:00;10,5
Oslo - Blindern;SN18700;25.05.2025 19:00;10,8
Oslo - Blindern;SN18700;25.05.2025 20:00;11,4
Oslo - Blindern;SN18700;25.05.2025 21:00;11,5
Oslo - Blindern;SN18700;25.05.2025 22:00;11,5
Oslo - Blindern;SN18700;25.05.2025 23:00;11,2
Oslo - Blindern;SN18700;26.05.2025 00:00;10,9
Oslo - Blindern;SN18700;26.05.2025 01:00;10,8
Oslo - Blindern;SN18700;26.05.2025 02:00;10,9
Oslo - Blindern;SN18700;26.05.2025 03:00;10,9
Oslo - Blindern;SN18700;26.05.2025 04:00;10,7
Oslo - Blindern;SN18700;26.05.2025 05:00;10,5
Oslo - Blindern;SN18700;26.05.2025 06:00;11,3
Oslo - Blindern;SN18700;26.05.2025 07:00;12,4
Oslo - Blindern;SN18700;26.05.2025 08:00;13,3
Oslo - Blindern;SN18700;26.05.2025 09:00;14,7
Oslo - Blindern;SN18700;26.05.2025 10:00;15,2
Oslo - Blindern;SN18700;26.05.2025 11:00;16,4
Oslo - Blindern;SN18700;26.05.2025 12:00;15,9
Oslo - Blindern;SN18700;26.05.2025 13:00;8,7
Oslo - Blindern;SN18700;26.05.2025 14:00;10,6
Oslo - Blindern;SN18700;26.05.2025 15:00;14,1
Oslo - Blindern;SN18700;26.05.2025 16:00;15
Oslo - Blindern;SN18700;26.05.2025 17:00;12,8
Oslo - Blindern;SN18700;26.05.2025 18:00;12,7
Oslo - Blindern;SN18700;26.05.2025 19:00;11,8
Oslo - Blindern;SN18700;26.05.2025 20:00;10
Oslo - Blindern;SN18700;26.05.2025 21:00;9,4
Oslo - Blindern;SN18700;26.05.2025 22:00;8,4
Oslo - Blindern;SN18700;26.05.2025 23:00;8,5
Oslo - Blindern;SN18700;27.05.2025 00:00;8,4
Oslo - Blindern;SN18700;27.05.2025 01:00;7,6
Oslo - Blindern;SN18700;27.05.2025 02:00;6,5
Oslo - Blindern;SN18700;27.05.2025 03:00;6
Oslo - Blindern;SN18700;27.05.2025 04:00;6,3
Oslo - Blindern;SN18700;27.05.2025 05:00;7,3
Oslo - Blindern;SN18700;27.05.2025 06:00;9,1
Oslo - Blindern;SN18700;27.05.2025 07:00;9,7
Oslo - Blindern;SN18700;27.05.2025 08:00;10,3
Oslo - Blindern;SN18700;27.05.2025 09:00;10,7
Oslo - Blindern;SN18700;27.05.2025 10:00;11,7
Oslo - Blindern;SN18700;27.05.2025 11:00;11,2
Oslo - Blindern;SN18700;27.05.2025 12:00;10,6
Oslo - Blindern;SN18700;27.05.2025 13:00;10,5
Oslo - Blindern;SN18700;27.05.2025 14:00;10,8
Oslo - Blindern;SN18700;27.05.2025 15:00;10,9
Oslo - Blindern;SN18700;27.05.2025 16:00;11,3
Oslo - Blindern;SN18700;27.05.2025 17:00;10,6
Oslo - Blindern;SN18700;27.05.2025 18:00;11,5
Oslo - Blindern;SN18700;27.05.2025 19:00;12
Oslo - Blindern;SN18700;27.05.2025 20:00;11,6
Oslo - Blindern;SN18700;27.05.2025 21:00;10,8
Oslo - Blindern;SN18700;27.05.2025 22:00;9,5
Oslo - Blindern;SN18700;27.05.2025 23:00;8,9
Oslo - Blindern;SN18700;28.05.2025 00:00;8,2
Oslo - Blindern;SN18700;28.05.2025 01:00;6,2
Oslo - Blindern;SN18700;28.05.2025 02:00;5,7
Oslo - Blindern;SN18700;28.05.2025 03:00;5,2
Oslo - Blindern;SN18700;28.05.2025 04:00;4,2
Oslo - Blindern;SN18700;28.05.2025 05:00;5,3
Oslo - Blindern;SN18700;28.05.2025 06:00;8,4
Oslo - Blindern;SN18700;28.05.2025 07:00;10
Oslo - Blindern;SN18700;28.05.2025 08:00;12,1
Oslo - Blindern;SN18700;28.05.2025 09:00;13,3
Oslo - Blindern;SN18700;28.05.2025 10:00;15,2
Oslo - Blindern;SN18700;28.05.2025 11:00;15,5
Oslo - Blindern;SN18700;28.05.2025 12:00;14,9
Oslo - Blindern;SN18700;28.05.2025 13:00;17,9
Oslo - Blindern;SN18700;28.05.2025 14:00;18,1
Oslo - Blindern;SN18700;28.05.2025 15:00;18,5
Oslo - Blindern;SN18700;28.05.2025 16:00;16,9
Oslo - Blindern;SN18700;28.05.2025 17:00;16,2
Oslo - Blindern;SN18700;28.05.2025 18:00;14,3
Oslo - Blindern;SN18700;28.05.2025 19:00;13,5
Oslo - Blindern;SN18700;28.05.2025 20:00;12,3
Oslo - Blindern;SN18700;28.05.2025 21:00;10,9
Oslo - Blindern;SN18700;28.05.2025 22:00;9,1
Oslo - Blindern;SN18700;28.05.2025 23:00;7,5
Oslo - Blindern;SN18700;29.05.2025 00:00;7,2
Oslo - Blindern;SN18700;29.05.2025 01:00;7,1
Oslo - Blindern;SN18700;29.05.2025 02:00;6,6
Oslo - Blindern;SN18700;29.05.2025 03:00;5,9
Oslo - Blindern;SN18700;29.05.2025 04:00;5,3
Oslo - Blindern;SN18700;29.05.2025 05:00;7
Oslo - Blindern;SN18700;29.05.2025 06:00;10,2
Oslo - Blindern;SN18700;29.05.2025 07:00;12,2
Oslo - Blindern;SN18700;29.05.2025 08:00;13,9
Oslo - Blindern;SN18700;29.05.2025 09:00;15
Oslo - Blindern;SN18700;29.05.2025 10:00;15,8
Oslo - Blindern;SN18700;29.05.2025 11:00;17
Oslo - Blindern;SN18700;29.05.2025 12:00;18,4
Oslo - Blindern;SN18700;29.05.2025 13:00;19,1
Oslo - Blindern;SN18700;29.05.2025 14:00;19,1
Oslo - Blindern;SN18700;29.05.2025 15:00;17,6
Oslo - Blindern;SN18700;29.05.2025 16:00;16,7
Oslo - Blindern;SN18700;29.05.2025 17:00;15,1
Oslo - Blindern;SN18700;29.05.2025 18:00;15,8
Oslo - Blindern;SN18700;29.05.2025 19:00;14,6
Oslo - Blindern;SN18700;29.05.2025 20:00;13,5
Oslo - Blindern;SN18700;29.05.2025 21:00;12,6
Oslo - Blindern;SN18700;29.05.2025 22:00;12,2
Oslo - Blindern;SN18700;29.05.2025 23:00;11,4
Oslo - Blindern;SN18700;30.05.2025 00:00;10,5
Oslo - Blindern;SN18700;30.05.2025 01:00;9,9
Oslo - Blindern;SN18700;30.05.2025 02:00;8,9
Oslo - Blindern;SN18700;30.05.2025 03:00;9,4
Oslo - Blindern;SN18700;30.05.2025 04:00;9,6
Oslo - Blindern;SN18700;30.05.2025 05:00;9,8
Oslo - Blindern;SN18700;30.05.2025 06:00;10,2
Oslo - Blindern;SN18700;30.05.2025 07:00;10,9
Oslo - Blindern;SN18700;30.05.2025 08:00;13,2
Oslo - Blindern;SN18700;30.05.2025 09:00;14,3
Oslo - Blindern;SN18700;30.05.2025 10:00;14,9
Oslo - Blindern;SN18700;30.05.2025 11:00;17,7
Oslo - Blindern;SN18700;30.05.2025 12:00;17,3
Oslo - Blindern;SN18700;30.05.2025 13:00;19,5
Oslo - Blindern;SN18700;30.05.2025 14:00;21,3
Oslo - Blindern;SN18700;30.05.2025 15:00;19,4
Oslo - Blindern;SN18700;30.05.2025 16:00;20
Oslo - Blindern;SN18700;30.05.2025 17:00;20
Oslo - Blindern;SN18700;30.05.2025 18:00;19,4
Oslo - Blindern;SN18700;30.05.2025 19:00;18,3
Oslo - Blindern;SN18700;30.05.2025 20:00;16,5
Oslo - Blindern;SN18700;30.05.2025 21:00;14,4
Oslo - Blindern;SN18700;30.05.2025 22:00;13,3
Oslo - Blindern;SN18700;30.05.2025 23:00;11,3
Oslo - Blindern;SN18700;31.05.2025 00:00;10,4
Oslo - Blindern;SN18700;31.05.2025 01:00;10,2
Oslo - Blindern;SN18700;31.05.2025 02:00;8,5
Oslo - Blindern;SN18700;31.05.2025 03:00;7,2
Oslo - Blindern;SN18700;31.05.2025 04:00;5,9
Oslo - Blindern;SN18700;31.05.2025 05:00;7,6
Oslo - Blindern;SN18700;31.05.2025 06:00;10,7
Oslo - Blindern;SN18700;31.05.2025 07:00;12,5
Oslo - Blindern;SN18700;31.05.2025 08:00;13,6
Oslo - Blindern;SN18700;31.05.2025 09:00;14,4
Oslo - Blindern;SN18700;31.05.2025 10:00;15,1
Oslo - Blindern;SN18700;31.05.2025 11:00;16,4
Oslo - Blindern;SN18700;31.05.2025 12:00;16,3
Oslo - Blindern;SN18700;31.05.2025 13:00;18,2
Oslo - Blindern;SN18700;31.05.2025 14:00;17,9
Oslo - Blindern;SN18700;31.05.2025 15:00;18,6
Oslo - Blindern;SN18700;31.05.2025 16:00;18,4
Oslo - Blindern;SN18700;31.05.2025 17:00;17,9
Oslo - Blindern;SN18700;31.05.2025 18:00;16,7
Oslo - Blindern;SN18700;31.05.2025 19:00;15,8
Oslo - Blindern;SN18700;31.05.2025 20:00;14,6
Oslo - Blindern;SN18700;31.05.2025 21:00;13,2
Oslo - Blindern;SN18700;31.05.2025 22:00;12,4
Oslo - Blindern;SN18700;31.05.2025 23:00;11,2
Oslo - Blindern;SN18700;01.06.2025 00:00;10,5
Oslo - Blindern;SN18700;01.06.2025 01:00;9,6
Oslo - Blindern;SN18700;01.06.2025 02:00;9,8
Oslo - Blindern;SN18700;01.06.2025 03:00;10,1
Oslo - Blindern;SN18700;01.06.2025 04:00;10,2
Oslo - Blindern;SN18700;01.06.2025 05:00;10,4
Oslo - Blindern;SN18700;01.06.2025 06:00;10,7
Oslo - Blindern;SN18700;01.06.2025 07:00;11,4
Oslo - Blindern;SN18700;01.06.2025 08:00;11,3
Oslo - Blindern;SN18700;01.06.2025 09:00;11,7
Oslo - Blindern;SN18700;01.06.2025 10:00;11,6
Oslo - Blindern;SN18700;01.06.2025 11:00;11,3
Oslo - Blindern;SN18700;01.06.2025 12:00;12,2
Oslo - Blindern;SN18700;01.06.2025 13:00;13
Oslo - Blindern;SN18700;01.06.2025 14:00;13,1
Oslo - Blindern;SN18700;01.06.2025 15:00;15,1
Oslo - Blindern;SN18700;01.06.2025 16:00;15,2
Oslo - Blindern;SN18700;01.06.2025 17:00;15,3
Oslo - Blindern;SN18700;01.06.2025 18:00;14,6
Oslo - Blindern;SN18700;01.06.2025 19:00;13,4
Oslo - Blindern;SN18700;01.06.2025 20:00;12,8
Oslo - Blindern;SN18700;01.06.2025 21:00;12,5
Oslo - Blindern;SN18700;01.06.2025 22:00;12
Oslo - Blindern;SN18700;01.06.2025 23:00;11,8
Oslo - Blindern;SN18700;02.06.2025 00:00;11,6
Oslo - Blindern;SN18700;02.06.2025 01:00;11,2
Oslo - Blindern;SN18700;02.06.2025 02:00;10,2
Oslo - Blindern;SN18700;02.06.2025 03:00;9,8
Oslo - Blindern;SN18700;02.06.2025 04:00;8,5
Oslo - Blindern;SN18700;02.06.2025 05:00;9
Oslo - Blindern;SN18700;02.06.2025 06:00;11
Oslo - Blindern;SN18700;02.06.2025 07:00;11,2
Oslo - Blindern;SN18700;02.06.2025 08:00;13,4
Oslo - Blindern;SN18700;02.06.2025 09:00;15,2
Oslo - Blindern;SN18700;02.06.2025 10:00;15,9
Oslo - Blindern;SN18700;02.06.2025 11:00;15,2
Oslo - Blindern;SN18700;02.06.2025 12:00;16,8
Oslo - Blindern;SN18700;02.06.2025 13:00;18,7
Oslo - Blindern;SN18700;02.06.2025 14:00;19,7
Oslo - Blindern;SN18700;02.06.2025 15:00;20,7
Oslo - Blindern;SN18700;02.06.2025 16:00;20,3
Oslo - Blindern;SN18700;02.06.2025 17:00;20,4
Oslo - Blindern;SN18700;02.06.2025 18:00;19,5
Oslo - Blindern;SN18700;02.06.2025 19:00;18,3
Oslo - Blindern;SN18700;02.06.2025 20:00;16,4
Oslo - Blindern;SN18700;02.06.2025 21:00;14,4
Oslo - Blindern;SN18700;02.06.2025 22:00;13,1
Oslo - Blindern;SN18700;02.06.2025 23:00;11,8
Oslo - Blindern;SN18700;03.06.2025 00:00;11,9
Oslo - Blindern;SN18700;03.06.2025 01:00;9,7
Oslo - Blindern;SN18700;03.06.2025 02:00;7,7
Oslo - Blindern;SN18700;03.06.2025 03:00;6,6
Oslo - Blindern;SN18700;03.06.2025 04:00;6,6
Oslo - Blindern;SN18700;03.06.2025 05:00;8,6
Oslo - Blindern;SN18700;03.06.2025 06:00;11,2
Oslo - Blindern;SN18700;03.06.2025 07:00;13,2
Oslo - Blindern;SN18700;03.06.2025 08:00;14,4
Oslo - Blindern;SN18700;03.06.2025 09:00;14,9
Oslo - Blindern;SN18700;03.06.2025 10:00;15,9
Oslo - Blindern;SN18700;03.06.2025 11:00;16,3
Oslo - Blindern;SN18700;03.06.2025 12:00;16,6
Oslo - Blindern;SN18700;03.06.2025 13:00;15,4
Oslo - Blindern;SN18700;03.06.2025 14:00;14,7
Oslo - Blindern;SN18700;03.06.2025 15:00;14,2
Oslo - Blindern;SN18700;03.06.2025 16:00;13,3
Oslo - Blindern;SN18700;03.06.2025 17:00;13,3
Oslo - Blindern;SN18700;03.06.2025 18:00;14,1
Oslo - Blindern;SN18700;03.06.2025 19:00;13,7
Oslo - Blindern;SN18700;03.06.2025 20:00;13,2
Oslo - Blindern;SN18700;03.06.2025 21:00;13,3
Oslo - Blindern;SN18700;03.06.2025 22:00;12,2
Oslo - Blindern;SN18700;03.06.2025 23:00;11,8
Oslo - Blindern;SN18700;04.06.2025 00:00;12,2
Oslo - Blindern;SN18700;04.06.2025 01:00;12,4
Oslo - Blindern;SN18700;04.06.2025 02:00;12,3
Oslo - Blindern;SN18700;04.06.2025 03:00;11,8
Oslo - Blindern;SN18700;04.06.2025 04:00;11,8
Oslo - Blindern;SN18700;04.06.2025 05:00;11,6
Oslo - Blindern;SN18700;04.06.2025 06:00;11,7
Oslo - Blindern;SN18700;04.06.2025 07:00;12,1
Oslo - Blindern;SN18700;04.06.2025 08:00;12,5
Oslo - Blindern;SN18700;04.06.2025 09:00;12,9
Oslo - Blindern;SN18700;04.06.2025 10:00;13,7
Oslo - Blindern;SN18700;04.06.2025 11:00;15,1
Oslo - Blindern;SN18700;04.06.2025 12:00;16,2
Oslo - Blindern;SN18700;04.06.2025 13:00;15,3
Oslo - Blindern;SN18700;04.06.2025 14:00;12,7
Oslo - Blindern;SN18700;04.06.2025 15:00;15,2
Oslo - Blindern;SN18700;04.06.2025 16:00;10,6
Oslo - Blindern;SN18700;04.06.2025 17:00;12,3
Oslo - Blindern;SN18700;04.06.2025 18:00;13,1
Oslo - Blindern;SN18700;04.06.2025 19:00;13,3
Oslo - Blindern;SN18700;04.06.2025 20:00;12,6
Oslo - Blindern;SN18700;04.06.2025 21:00;11,7
Oslo - Blindern;SN18700;04.06.2025 22:00;11
Oslo - Blindern;SN18700;04.06.2025 23:00;10,8
Oslo - Blindern;SN18700;05.06.2025 00:00;9,5
Oslo - Blindern;SN18700;05.06.2025 01:00;8,2
Oslo - Blindern;SN18700;05.06.2025 02:00;8
Oslo - Blindern;SN18700;05.06.2025 03:00;7,6
Oslo - Blindern;SN18700;05.06.2025 04:00;7,9
Oslo - Blindern;SN18700;05.06.2025 05:00;8,6
Oslo - Blindern;SN18700;05.06.2025 06:00;9,6
Oslo - Blindern;SN18700;05.06.2025 07:00;10,9
Oslo - Blindern;SN18700;05.06.2025 08:00;12,6
Oslo - Blindern;SN18700;05.06.2025 09:00;13,8
Oslo - Blindern;SN18700;05.06.2025 10:00;14,7
Oslo - Blindern;SN18700;05.06.2025 11:00;13,9
Oslo - Blindern;SN18700;05.06.2025 12:00;12,6
Oslo - Blindern;SN18700;05.06.2025 13:00;13,4
Oslo - Blindern;SN18700;05.06.2025 14:00;13
Oslo - Blindern;SN18700;05.06.2025 15:00;11,5
Oslo - Blindern;SN18700;05.06.2025 16:00;11,7
Oslo - Blindern;SN18700;05.06.2025 17:00;12,6
Oslo - Blindern;SN18700;05.06.2025 18:00;13,7
Oslo - Blindern;SN18700;05.06.2025 19:00;13,3
Oslo - Blindern;SN18700;05.06.2025 20:00;12,5
Oslo - Blindern;SN18700;05.06.2025 21:00;11,6
Oslo - Blindern;SN18700;05.06.2025 22:00;11,2
Oslo - Blindern;SN18700;05.06.2025 23:00;11
Oslo - Blindern;SN18700;06.06.2025 00:00;10,9
Oslo - Blindern;SN18700;06.06.2025 01:00;10,9
Oslo - Blindern;SN18700;06.06.2025 02:00;10,9
Oslo - Blindern;SN18700;06.06.2025 03:00;10,8
Oslo - Blindern;SN18700;06.06.2025 04:00;10,4
Oslo - Blindern;SN18700;06.06.2025 05:00;10,6
Oslo - Blindern;SN18700;06.06.2025 06:00;10,7
Oslo - Blindern;SN18700;06.06.2025 07:00;11,2
Oslo - Blindern;SN18700;06.06.2025 08:00;12,3
Oslo - Blindern;SN18700;06.06.2025 09:00;11,9
Oslo - Blindern;SN18700;06.06.2025 10:00;12,1
Oslo - Blindern;SN18700;06.06.2025 11:00;13,3
Oslo - Blindern;SN18700;06.06.2025 12:00;15,9
Oslo - Blindern;SN18700;06.06.2025 13:00;15,3
Oslo - Blindern;SN18700;06.06.2025 14:00;14,1
Oslo - Blindern;SN18700;06.06.2025 15:00;14,7
Oslo - Blindern;SN18700;06.06.2025 16:00;14,8
Oslo - Blindern;SN18700;06.06.2025 17:00;14,6
Oslo - Blindern;SN18700;06.06.2025 18:00;13,1
Oslo - Blindern;SN18700;06.06.2025 19:00;11,9
Oslo - Blindern;SN18700;06.06.2025 20:00;11,5
Oslo - Blindern;SN18700;06.06.2025 21:00;11,2
Oslo - Blindern;SN18700;06.06.2025 22:00;11,1
Oslo - Blindern;SN18700;06.06.2025 23:00;10,7
Oslo - Blindern;SN18700;07.06.2025 00:00;10,3
Oslo - Blindern;SN18700;07.06.2025 01:00;10
Oslo - Blindern;SN18700;07.06.2025 02:00;9,4
Oslo - Blindern;SN18700;07.06.2025 03:00;8,9
Oslo - Blindern;SN18700;07.06.2025 04:00;8,5
Oslo - Blindern;SN18700;07.06.2025 05:00;8,6
Oslo - Blindern;SN18700;07.06.2025 06:00;9,2
Oslo - Blindern;SN18700;07.06.2025 07:00;10,8
Oslo - Blindern;SN18700;07.06.2025 08:00;12,1
Oslo - Blindern;SN18700;07.06.2025 09:00;13,9
Oslo - Blindern;SN18700;07.06.2025 10:00;14,6
Oslo - Blindern;SN18700;07.06.2025 11:00;15,6
Oslo - Blindern;SN18700;07.06.2025 12:00;16,9
Oslo - Blindern;SN18700;07.06.2025 13:00;17,5
Oslo - Blindern;SN18700;07.06.2025 14:00;17,3
Oslo - Blindern;SN18700;07.06.2025 15:00;17,2
Oslo - Blindern;SN18700;07.06.2025 16:00;16,6
Oslo - Blindern;SN18700;07.06.2025 17:00;16,3
Oslo - Blindern;SN18700;07.06.2025 18:00;14,9
Oslo - Blindern;SN18700;07.06.2025 19:00;14,6
Oslo - Blindern;SN18700;07.06.2025 20:00;13,7
Oslo - Blindern;SN18700;07.06.2025 21:00;13
Oslo - Blindern;SN18700;07.06.2025 22:00;12,5
Oslo - Blindern;SN18700;07.06.2025 23:00;12,2
Oslo - Blindern;SN18700;08.06.2025 00:00;10,9
Oslo - Blindern;SN18700;08.06.2025 01:00;10,5
Oslo - Blindern;SN18700;08.06.2025 02:00;10
Oslo - Blindern;SN18700;08.06.2025 03:00;10
Oslo - Blindern;SN18700;08.06.2025 04:00;10,1
Oslo - Blindern;SN18700;08.06.2025 05:00;10,2
Oslo - Blindern;SN18700;08.06.2025 06:00;10,3
Oslo - Blindern;SN18700;08.06.2025 07:00;11,1
Oslo - Blindern;SN18700;08.06.2025 08:00;12
Oslo - Blindern;SN18700;08.06.2025 09:00;13,1
Oslo - Blindern;SN18700;08.06.2025 10:00;16,3
Oslo - Blindern;SN18700;08.06.2025 11:00;14,5
Oslo - Blindern;SN18700;08.06.2025 12:00;13,5
Oslo - Blindern;SN18700;08.06.2025 13:00;14,4
Oslo - Blindern;SN18700;08.06.2025 14:00;15,7
Oslo - Blindern;SN18700;08.06.2025 15:00;11,8
Oslo - Blindern;SN18700;08.06.2025 16:00;12,7
Oslo - Blindern;SN18700;08.06.2025 17:00;14,5
Oslo - Blindern;SN18700;08.06.2025 18:00;14,1
Oslo - Blindern;SN18700;08.06.2025 19:00;13,3
Oslo - Blindern;SN18700;08.06.2025 20:00;12,6
Oslo - Blindern;SN18700;08.06.2025 21:00;11,8
Oslo - Blindern;SN18700;08.06.2025 22:00;10,8
Oslo - Blindern;SN18700;08.06.2025 23:00;9,4
Oslo - Blindern;SN18700;09.06.2025 00:00;8,7
Oslo - Blindern;SN18700;09.06.2025 01:00;8,5
Oslo - Blindern;SN18700;09.06.2025 02:00;8,5
Oslo - Blindern;SN18700;09.06.2025 03:00;8,4
Oslo - Blindern;SN18700;09.06.2025 04:00;8,3
Oslo - Blindern;SN18700;09.06.2025 05:00;8,2
Oslo - Blindern;SN18700;09.06.2025 06:00;9,9
Oslo - Blindern;SN18700;09.06.2025 07:00;12,6
Oslo - Blindern;SN18700;09.06.2025 08:00;14
Oslo - Blindern;SN18700;09.06.2025 09:00;13,7
Oslo - Blindern;SN18700;09.06.2025 10:00;13,9
Oslo - Blindern;SN18700;09.06.2025 11:00;14,8
Oslo - Blindern;SN18700;09.06.2025 12:00;18,3
Oslo - Blindern;SN18700;09.06.2025 13:00;17,8
Oslo - Blindern;SN18700;09.06.2025 14:00;19,4
Oslo - Blindern;SN18700;09.06.2025 15:00;19,2
Oslo - Blindern;SN18700;09.06.2025 16:00;19,1
Oslo - Blindern;SN18700;09.06.2025 17:00;18,6
Oslo - Blindern;SN18700;09.06.2025 18:00;17,4
Oslo - Blindern;SN18700;09.06.2025 19:00;16,3
Oslo - Blindern;SN18700;09.06.2025 20:00;15,3
Oslo - Blindern;SN18700;09.06.2025 21:00;13
Oslo - Blindern;SN18700;09.06.2025 22:00;13,2
Oslo - Blindern;SN18700;09.06.2025 23:00;11,6
Oslo - Blindern;SN18700;10.06.2025 00:00;10,1
Oslo - Blindern;SN18700;10.06.2025 01:00;9,9
Oslo - Blindern;SN18700;10.06.2025 02:00;9,9
Oslo - Blindern;SN18700;10.06.2025 03:00;9,8
Oslo - Blindern;SN18700;10.06.2025 04:00;9,1
Oslo - Blindern;SN18700;10.06.2025 05:00;9,7
Oslo - Blindern;SN18700;10.06.2025 06:00;10,6
Oslo - Blindern;SN18700;10.06.2025 07:00;11
Oslo - Blindern;SN18700;10.06.2025 08:00;11,8
Oslo - Blindern;SN18700;10.06.2025 09:00;12,3
Oslo - Blindern;SN18700;10.06.2025 10:00;13,2
Oslo - Blindern;SN18700;10.06.2025 11:00;14,6
Oslo - Blindern;SN18700;10.06.2025 12:00;14,6
Oslo - Blindern;SN18700;10.06.2025 13:00;13,7
Oslo - Blindern;SN18700;10.06.2025 14:00;14,3
Oslo - Blindern;SN18700;10.06.2025 15:00;13,6
Oslo - Blindern;SN18700;10.06.2025 16:00;12,9
Oslo - Blindern;SN18700;10.06.2025 17:00;12,5
Oslo - Blindern;SN18700;10.06.2025 18:00;11,9
Oslo - Blindern;SN18700;10.06.2025 19:00;11,3
Oslo - Blindern;SN18700;10.06.2025 20:00;10,8
Oslo - Blindern;SN18700;10.06.2025 21:00;10,4
Oslo - Blindern;SN18700;10.06.2025 22:00;10,5
Oslo - Blindern;SN18700;10.06.2025 23:00;9,1
Oslo - Blindern;SN18700;11.06.2025 00:00;8
Oslo - Blindern;SN18700;11.06.2025 01:00;7,2
Oslo - Blindern;SN18700;11.06.2025 02:00;6,5
Oslo - Blindern;SN18700;11.06.2025 03:00;6,2
Oslo - Blindern;SN18700;11.06.2025 04:00;5,9
Oslo - Blindern;SN18700;11.06.2025 05:00;7,7
Oslo - Blindern;SN18700;11.06.2025 06:00;11
Oslo - Blindern;SN18700;11.06.2025 07:00;13,1
Oslo - Blindern;SN18700;11.06.2025 08:00;14,8
Oslo - Blindern;SN18700;11.06.2025 09:00;14,7
Oslo - Blindern;SN18700;11.06.2025 10:00;15,6
Oslo - Blindern;SN18700;11.06.2025 11:00;17,1
Oslo - Blindern;SN18700;11.06.2025 12:00;16,2
Oslo - Blindern;SN18700;11.06.2025 13:00;18
Oslo - Blindern;SN18700;11.06.2025 14:00;18,2
Oslo - Blindern;SN18700;11.06.2025 15:00;18,6
Oslo - Blindern;SN18700;11.06.2025 16:00;17,6
Oslo - Blindern;SN18700;11.06.2025 17:00;18,5
Oslo - Blindern;SN18700;11.06.2025 18:00;18,4
Oslo - Blindern;SN18700;11.06.2025 19:00;17,8
Oslo - Blindern;SN18700;11.06.2025 20:00;17,1
Oslo - Blindern;SN18700;11.06.2025 21:00;14,9
Oslo - Blindern;SN18700;11.06.2025 22:00;12,2
Oslo - Blindern;SN18700;11.06.2025 23:00;11
Oslo - Blindern;SN18700;12.06.2025 00:00;10,6
Oslo - Blindern;SN18700;12.06.2025 01:00;11,2
Oslo - Blindern;SN18700;12.06.2025 02:00;11,5
Oslo - Blindern;SN18700;12.06.2025 03:00;10,7
Oslo - Blindern;SN18700;12.06.2025 04:00;10,4
Oslo - Blindern;SN18700;12.06.2025 05:00;11
Oslo - Blindern;SN18700;12.06.2025 06:00;12
Oslo - Blindern;SN18700;12.06.2025 07:00;13,1
Oslo - Blindern;SN18700;12.06.2025 08:00;14,5
Oslo - Blindern;SN18700;12.06.2025 09:00;15,1
Oslo - Blindern;SN18700;12.06.2025 10:00;16,5
Oslo - Blindern;SN18700;12.06.2025 11:00;17,4
Oslo - Blindern;SN18700;12.06.2025 12:00;18,1
Oslo - Blindern;SN18700;12.06.2025 13:00;18,1
Oslo - Blindern;SN18700;12.06.2025 14:00;20,3
Oslo - Blindern;SN18700;12.06.2025 15:00;20
Oslo - Blindern;SN18700;12.06.2025 16:00;20
Oslo - Blindern;SN18700;12.06.2025 17:00;19,5
Oslo - Blindern;SN18700;12.06.2025 18:00;19,4
Oslo - Blindern;SN18700;12.06.2025 19:00;18,4
Oslo - Blindern;SN18700;12.06.2025 20:00;17,1
Oslo - Blindern;SN18700;12.06.2025 21:00;15,9
Oslo - Blindern;SN18700;12.06.2025 22:00;13,4
Oslo - Blindern;SN18700;12.06.2025 23:00;11,1
Oslo - Blindern;SN18700;13.06.2025 00:00;9,9
Oslo - Blindern;SN18700;13.06.2025 01:00;9,6
Oslo - Blindern;SN18700;13.06.2025 02:00;9,1
Oslo - Blindern;SN18700;13.06.2025 03:00;8,4
Oslo - Blindern;SN18700;13.06.2025 04:00;8,2
Oslo - Blindern;SN18700;13.06.2025 05:00;10,6
Oslo - Blindern;SN18700;13.06.2025 06:00;13,7
Oslo - Blindern;SN18700;13.06.2025 07:00;16
Oslo - Blindern;SN18700;13.06.2025 08:00;18
Oslo - Blindern;SN18700;13.06.2025 09:00;18,7
Oslo - Blindern;SN18700;13.06.2025 11:00;20,9
Oslo - Blindern;SN18700;13.06.2025 12:00;22
Oslo - Blindern;SN18700;13.06.2025 13:00;22,1
Oslo - Blindern;SN18700;13.06.2025 14:00;21,8
Oslo - Blindern;SN18700;13.06.2025 15:00;21,8
Oslo - Blindern;SN18700;13.06.2025 16:00;21,2
Oslo - Blindern;SN18700;13.06.2025 17:00;21,4
Oslo - Blindern;SN18700;13.06.2025 18:00;20,6
Oslo - Blindern;SN18700;13.06.2025 19:00;19,4
Oslo - Blindern;SN18700;13.06.2025 20:00;17,8
Oslo - Blindern;SN18700;13.06.2025 21:00;16,7
Oslo - Blindern;SN18700;13.06.2025 22:00;15,3
Oslo - Blindern;SN18700;13.06.2025 23:00;14,3
Oslo - Blindern;SN18700;14.06.2025 00:00;12,4
Oslo - Blindern;SN18700;14.06.2025 01:00;11,6
Oslo - Blindern;SN18700;14.06.2025 02:00;10,8
Oslo - Blindern;SN18700;14.06.2025 03:00;9,9
Oslo - Blindern;SN18700;14.06.2025 04:00;9,8
Oslo - Blindern;SN18700;14.06.2025 05:00;11,7
Oslo - Blindern;SN18700;14.06.2025 06:00;14,6
Oslo - Blindern;SN18700;14.06.2025 07:00;16,3
Oslo - Blindern;SN18700;14.06.2025 08:00;17,5
Oslo - Blindern;SN18700;14.06.2025 09:00;18,6
Oslo - Blindern;SN18700;14.06.2025 10:00;19,6
Oslo - Blindern;SN18700;14.06.2025 11:00;20
Oslo - Blindern;SN18700;14.06.2025 12:00;20,9
Oslo - Blindern;SN18700;14.06.2025 13:00;22
Oslo - Blindern;SN18700;14.06.2025 14:00;21,8
Oslo - Blindern;SN18700;14.06.2025 15:00;21,8
Oslo - Blindern;SN18700;14.06.2025 16:00;21,9
Oslo - Blindern;SN18700;14.06.2025 17:00;22,2
Oslo - Blindern;SN18700;14.06.2025 18:00;21,6
Oslo - Blindern;SN18700;14.06.2025 19:00;19,6
Oslo - Blindern;SN18700;14.06.2025 20:00;19,4
Oslo - Blindern;SN18700;14.06.2025 21:00;18,5
Oslo - Blindern;SN18700;14.06.2025 22:00;16,4
Oslo - Blindern;SN18700;14.06.2025 23:00;15,3
Oslo - Blindern;SN18700;15.06.2025 00:00;15,2
Oslo - Blindern;SN18700;15.06.2025 01:00;14,7
Oslo - Blindern;SN18700;15.06.2025 02:00;13,8
Oslo - Blindern;SN18700;15.06.2025 03:00;13,6
Oslo - Blindern;SN18700;15.06.2025 04:00;13,2
Oslo - Blindern;SN18700;15.06.2025 05:00;14,6
Oslo - Blindern;SN18700;15.06.2025 06:00;16,5
Oslo - Blindern;SN18700;15.06.2025 07:00;16,3
Oslo - Blindern;SN18700;15.06.2025 08:00;16,4
Oslo - Blindern;SN18700;15.06.2025 09:00;15,7
Oslo - Blindern;SN18700;15.06.2025 10:00;17,7
Oslo - Blindern;SN18700;15.06.2025 11:00;18,3
Oslo - Blindern;SN18700;15.06.2025 12:00;18,2
Oslo - Blindern;SN18700;15.06.2025 13:00;17,8
Oslo - Blindern;SN18700;15.06.2025 14:00;15,7
Oslo - Blindern;SN18700;15.06.2025 15:00;15,6
Oslo - Blindern;SN18700;15.06.2025 16:00;16,2
Oslo - Blindern;SN18700;15.06.2025 17:00;15,7
Oslo - Blindern;SN18700;15.06.2025 18:00;15,6
Oslo - Blindern;SN18700;15.06.2025 19:00;15,5
Oslo - Blindern;SN18700;15.06.2025 20:00;15,7
Oslo - Blindern;SN18700;15.06.2025 21:00;15,1
Oslo - Blindern;SN18700;15.06.2025 22:00;14,9
Oslo - Blindern;SN18700;15.06.2025 23:00;14,7
Oslo - Blindern;SN18700;16.06.2025 00:00;14,7
Oslo - Blindern;SN18700;16.06.2025 01:00;14,7
Oslo - Blindern;SN18700;16.06.2025 02:00;14,7
Oslo - Blindern;SN18700;16.06.2025 03:00;14,8
Oslo - Blindern;SN18700;16.06.2025 04:00;14,8
Oslo - Blindern;SN18700;16.06.2025 05:00;14,9
Oslo - Blindern;SN18700;16.06.2025 06:00;16,3
Oslo - Blindern;SN18700;16.06.2025 07:00;17
Oslo - Blindern;SN18700;16.06.2025 08:00;19
Oslo - Blindern;SN18700;16.06.2025 09:00;20,9
Oslo - Blindern;SN18700;16.06.2025 10:00;22,1
Oslo - Blindern;SN18700;16.06.2025 11:00;23,1
Oslo - Blindern;SN18700;16.06.2025 12:00;23,6
Oslo - Blindern;SN18700;16.06.2025 13:00;24,5
Oslo - Blindern;SN18700;16.06.2025 14:00;24,1
Oslo - Blindern;SN18700;16.06.2025 15:00;24
Oslo - Blindern;SN18700;16.06.2025 16:00;23,8
Oslo - Blindern;SN18700;16.06.2025 17:00;23,5
Oslo - Blindern;SN18700;16.06.2025 18:00;22,3
Oslo - Blindern;SN18700;16.06.2025 19:00;21,1
Oslo - Blindern;SN18700;16.06.2025 20:00;18,8
Oslo - Blindern;SN18700;16.06.2025 21:00;17,1
Oslo - Blindern;SN18700;16.06.2025 22:00;16,5
Oslo - Blindern;SN18700;16.06.2025 23:00;16
Oslo - Blindern;SN18700;17.06.2025 00:00;15,9
Oslo - Blindern;SN18700;17.06.2025 01:00;15,7
Oslo - Blindern;SN18700;17.06.2025 02:00;15,2
Oslo - Blindern;SN18700;17.06.2025 03:00;15,4
Oslo - Blindern;SN18700;17.06.2025 04:00;15
Oslo - Blindern;SN18700;17.06.2025 05:00;15,5
Oslo - Blindern;SN18700;17.06.2025 06:00;14,8
Oslo - Blindern;SN18700;17.06.2025 07:00;14,2
Oslo - Blindern;SN18700;17.06.2025 08:00;14
Oslo - Blindern;SN18700;17.06.2025 09:00;14,1
Oslo - Blindern;SN18700;17.06.2025 10:00;15,4
Oslo - Blindern;SN18700;17.06.2025 11:00;15
Oslo - Blindern;SN18700;17.06.2025 12:00;15,2
Oslo - Blindern;SN18700;17.06.2025 13:00;15,9
Oslo - Blindern;SN18700;17.06.2025 14:00;16,9
Oslo - Blindern;SN18700;17.06.2025 15:00;17
Oslo - Blindern;SN18700;17.06.2025 16:00;19,2
Oslo - Blindern;SN18700;17.06.2025 17:00;20,3
Oslo - Blindern;SN18700;17.06.2025 18:00;20,3
Oslo - Blindern;SN18700;17.06.2025 19:00;18,7
Oslo - Blindern;SN18700;17.06.2025 20:00;18,4
Oslo - Blindern;SN18700;17.06.2025 21:00;17,4
Oslo - Blindern;SN18700;17.06.2025 22:00;15,9
Oslo - Blindern;SN18700;17.06.2025 23:00;14,8
Oslo - Blindern;SN18700;18.06.2025 00:00;14,8
Oslo - Blindern;SN18700;18.06.2025 01:00;14,2
Oslo - Blindern;SN18700;18.06.2025 02:00;12,7
Oslo - Blindern;SN18700;18.06.2025 03:00;12,6
Oslo - Blindern;SN18700;18.06.2025 04:00;12,4
Oslo - Blindern;SN18700;18.06.2025 05:00;13,8
Oslo - Blindern;SN18700;18.06.2025 06:00;15,8
Oslo - Blindern;SN18700;18.06.2025 07:00;16
Oslo - Blindern;SN18700;18.06.2025 08:00;17,4
Oslo - Blindern;SN18700;18.06.2025 09:00;18,5
Oslo - Blindern;SN18700;18.06.2025 10:00;19,1
Oslo - Blindern;SN18700;18.06.2025 11:00;20,1
Oslo - Blindern;SN18700;18.06.2025 12:00;20,6
Oslo - Blindern;SN18700;18.06.2025 13:00;21,7
Oslo - Blindern;SN18700;18.06.2025 14:00;21,3
Oslo - Blindern;SN18700;18.06.2025 15:00;21,5
Oslo - Blindern;SN18700;18.06.2025 16:00;21,6
Oslo - Blindern;SN18700;18.06.2025 17:00;19,1
Oslo - Blindern;SN18700;18.06.2025 18:00;19,1
Oslo - Blindern;SN18700;18.06.2025 19:00;17,7
Oslo - Blindern;SN18700;18.06.2025 20:00;16,7
Oslo - Blindern;SN18700;18.06.2025 21:00;15,2
Oslo - Blindern;SN18700;18.06.2025 22:00;13,7
Oslo - Blindern;SN18700;18.06.2025 23:00;13
Oslo - Blindern;SN18700;19.06.2025 00:00;12
Oslo - Blindern;SN18700;19.06.2025 01:00;10,7
Oslo - Blindern;SN18700;19.06.2025 02:00;10,5
Oslo - Blindern;SN18700;19.06.2025 03:00;10,6
Oslo - Blindern;SN18700;19.06.2025 04:00;10,5
Oslo - Blindern;SN18700;19.06.2025 05:00;10,8
Oslo - Blindern;SN18700;19.06.2025 06:00;13,3
Oslo - Blindern;SN18700;19.06.2025 07:00;14,4
Oslo - Blindern;SN18700;19.06.2025 08:00;16,1
Oslo - Blindern;SN18700;19.06.2025 09:00;17,7
Oslo - Blindern;SN18700;19.06.2025 10:00;18,3
Oslo - Blindern;SN18700;19.06.2025 11:00;18,1
Oslo - Blindern;SN18700;19.06.2025 12:00;20,4
Oslo - Blindern;SN18700;19.06.2025 13:00;19,8
Oslo - Blindern;SN18700;19.06.2025 14:00;19,6
Oslo - Blindern;SN18700;19.06.2025 15:00;20
Oslo - Blindern;SN18700;19.06.2025 16:00;19,3
Oslo - Blindern;SN18700;19.06.2025 17:00;19,5
Oslo - Blindern;SN18700;19.06.2025 18:00;19,9
Oslo - Blindern;SN18700;19.06.2025 19:00;18,6
Oslo - Blindern;SN18700;19.06.2025 20:00;17,5
Oslo - Blindern;SN18700;19.06.2025 21:00;16,2
Oslo - Blindern;SN18700;19.06.2025 22:00;15,9
Oslo - Blindern;SN18700;19.06.2025 23:00;14,5
Oslo - Blindern;SN18700;20.06.2025 00:00;14,8
Oslo - Blindern;SN18700;20.06.2025 01:00;12,8
Oslo - Blindern;SN18700;20.06.2025 02:00;12
Oslo - Blindern;SN18700;20.06.2025 03:00;10,8
Oslo - Blindern;SN18700;20.06.2025 04:00;10,2
Oslo - Blindern;SN18700;20.06.2025 05:00;11,5
Oslo - Blindern;SN18700;20.06.2025 06:00;14,5
Oslo - Blindern;SN18700;20.06.2025 07:00;16,1
Oslo - Blindern;SN18700;20.06.2025 08:00;16,9
Oslo - Blindern;SN18700;20.06.2025 09:00;18,4
Oslo - Blindern;SN18700;20.06.2025 10:00;18,3
Oslo - Blindern;SN18700;20.06.2025 11:00;20,3
Oslo - Blindern;SN18700;20.06.2025 12:00;20,4
Oslo - Blindern;SN18700;20.06.2025 13:00;20
Oslo - Blindern;SN18700;20.06.2025 14:00;20,7
Oslo - Blindern;SN18700;20.06.2025 15:00;20,8
Oslo - Blindern;SN18700;20.06.2025 16:00;20,1
Oslo - Blindern;SN18700;20.06.2025 17:00;19,1
Oslo - Blindern;SN18700;20.06.2025 18:00;18,1
Oslo - Blindern;SN18700;20.06.2025 19:00;17,7
Oslo - Blindern;SN18700;20.06.2025 20:00;17,1
Oslo - Blindern;SN18700;20.06.2025 21:00;16,3
Oslo - Blindern;SN18700;20.06.2025 22:00;15,1
Oslo - Blindern;SN18700;20.06.2025 23:00;13,5
Oslo - Blindern;SN18700;21.06.2025 00:00;13
Oslo - Blindern;SN18700;21.06.2025 01:00;11,4
Oslo - Blindern;SN18700;21.06.2025 02:00;11,2
Oslo - Blindern;SN18700;21.06.2025 03:00;11,4
Oslo - Blindern;SN18700;21.06.2025 04:00;11,6
Oslo - Blindern;SN18700;21.06.2025 05:00;15,1
Oslo - Blindern;SN18700;21.06.2025 06:00;17,5
Oslo - Blindern;SN18700;21.06.2025 07:00;18,6
Oslo - Blindern;SN18700;21.06.2025 08:00;18,4
Oslo - Blindern;SN18700;21.06.2025 09:00;19,1
Oslo - Blindern;SN18700;21.06.2025 10:00;20,5
Oslo - Blindern;SN18700;21.06.2025 11:00;20,5
Oslo - Blindern;SN18700;21.06.2025 12:00;21,3
Oslo - Blindern;SN18700;21.06.2025 13:00;21,9
Oslo - Blindern;SN18700;21.06.2025 14:00;22,8
Oslo - Blindern;SN18700;21.06.2025 15:00;23,1
Oslo - Blindern;SN18700;21.06.2025 16:00;24,4
Oslo - Blindern;SN18700;21.06.2025 17:00;22,9
Oslo - Blindern;SN18700;21.06.2025 18:00;22,4
Oslo - Blindern;SN18700;21.06.2025 19:00;21,9
Oslo - Blindern;SN18700;21.06.2025 20:00;21
Oslo - Blindern;SN18700;21.06.2025 21:00;19,1
Oslo - Blindern;SN18700;21.06.2025 22:00;17,6
Oslo - Blindern;SN18700;21.06.2025 23:00;16,5
Oslo - Blindern;SN18700;22.06.2025 00:00;15,6
Oslo - Blindern;SN18700;22.06.2025 01:00;15,2
Oslo - Blindern;SN18700;22.06.2025 02:00;14,4
Oslo - Blindern;SN18700;22.06.2025 03:00;13,5
Oslo - Blindern;SN18700;22.06.2025 04:00;13,4
Oslo - Blindern;SN18700;22.06.2025 05:00;13,7
Oslo - Blindern;SN18700;22.06.2025 06:00;14,8
Oslo - Blindern;SN18700;22.06.2025 07:00;15,4
Oslo - Blindern;SN18700;22.06.2025 08:00;16,5
Oslo - Blindern;SN18700;22.06.2025 09:00;18,4
Oslo - Blindern;SN18700;22.06.2025 10:00;20,4
Oslo - Blindern;SN18700;22.06.2025 11:00;19,3
Oslo - Blindern;SN18700;22.06.2025 12:00;19,6
Oslo - Blindern;SN18700;22.06.2025 13:00;20,4
Oslo - Blindern;SN18700;22.06.2025 14:00;20,5
Oslo - Blindern;SN18700;22.06.2025 15:00;18,9
Oslo - Blindern;SN18700;22.06.2025 16:00;18,3
Oslo - Blindern;SN18700;22.06.2025 17:00;17,2
Oslo - Blindern;SN18700;22.06.2025 18:00;17,5
Oslo - Blindern;SN18700;22.06.2025 19:00;17,4
Oslo - Blindern;SN18700;22.06.2025 20:00;17
Oslo - Blindern;SN18700;22.06.2025 21:00;15,8
Oslo - Blindern;SN18700;22.06.2025 22:00;15,4
Oslo - Blindern;SN18700;22.06.2025 23:00;15,5
Oslo - Blindern;SN18700;23.06.2025 00:00;15,7
Oslo - Blindern;SN18700;23.06.2025 01:00;15,8
Oslo - Blindern;SN18700;23.06.2025 02:00;15,4
Oslo - Blindern;SN18700;23.06.2025 03:00;14,5
Oslo - Blindern;SN18700;23.06.2025 04:00;14,5
Oslo - Blindern;SN18700;23.06.2025 05:00;14,8
Oslo - Blindern;SN18700;23.06.2025 06:00;15,3
Oslo - Blindern;SN18700;23.06.2025 07:00;15,5
Oslo - Blindern;SN18700;23.06.2025 08:00;15,7
Oslo - Blindern;SN18700;23.06.2025 09:00;14,3
Oslo - Blindern;SN18700;23.06.2025 10:00;14,6
Oslo - Blindern;SN18700;23.06.2025 11:00;17,3
Oslo - Blindern;SN18700;23.06.2025 12:00;19,4
Oslo - Blindern;SN18700;23.06.2025 13:00;18,7
Oslo - Blindern;SN18700;23.06.2025 14:00;17
Oslo - Blindern;SN18700;23.06.2025 15:00;16,4
Oslo - Blindern;SN18700;23.06.2025 16:00;16,6
Oslo - Blindern;SN18700;23.06.2025 17:00;17,3
Oslo - Blindern;SN18700;23.06.2025 18:00;16,5
Oslo - Blindern;SN18700;23.06.2025 19:00;15,4
Oslo - Blindern;SN18700;23.06.2025 20:00;14,3
Oslo - Blindern;SN18700;23.06.2025 21:00;13,3
Oslo - Blindern;SN18700;23.06.2025 22:00;12,5
Oslo - Blindern;SN18700;23.06.2025 23:00;12
Oslo - Blindern;SN18700;24.06.2025 00:00;11,1
Oslo - Blindern;SN18700;24.06.2025 01:00;10,3
Oslo - Blindern;SN18700;24.06.2025 02:00;11,1
Oslo - Blindern;SN18700;24.06.2025 03:00;11,2
Oslo - Blindern;SN18700;24.06.2025 04:00;11
Oslo - Blindern;SN18700;24.06.2025 05:00;11,4
Oslo - Blindern;SN18700;24.06.2025 06:00;12,7
Oslo - Blindern;SN18700;24.06.2025 07:00;13,6
Oslo - Blindern;SN18700;24.06.2025 08:00;15,4
Oslo - Blindern;SN18700;24.06.2025 09:00;16,2
Oslo - Blindern;SN18700;24.06.2025 10:00;16,7
Oslo - Blindern;SN18700;24.06.2025 11:00;16,7
Oslo - Blindern;SN18700;24.06.2025 12:00;18,1
Oslo - Blindern;SN18700;24.06.2025 13:00;17,7
Oslo - Blindern;SN18700;24.06.2025 14:00;17,1
Oslo - Blindern;SN18700;24.06.2025 15:00;16,9
Oslo - Blindern;SN18700;24.06.2025 16:00;17,4
Oslo - Blindern;SN18700;24.06.2025 17:00;17,6
Oslo - Blindern;SN18700;24.06.2025 18:00;16,6
Oslo - Blindern;SN18700;24.06.2025 19:00;16,1
Oslo - Blindern;SN18700;24.06.2025 20:00;15,6
Oslo - Blindern;SN18700;24.06.2025 21:00;15,4
Oslo - Blindern;SN18700;24.06.2025 22:00;15
Oslo - Blindern;SN18700;24.06.2025 23:00;14,5
Oslo - Blindern;SN18700;25.06.2025 00:00;14,1
Oslo - Blindern;SN18700;25.06.2025 01:00;13,7
Oslo - Blindern;SN18700;25.06.2025 02:00;13
Oslo - Blindern;SN18700;25.06.2025 03:00;12,5
Oslo - Blindern;SN18700;25.06.2025 04:00;12,3
Oslo - Blindern;SN18700;25.06.2025 05:00;12,7
Oslo - Blindern;SN18700;25.06.2025 06:00;13,7
Oslo - Blindern;SN18700;25.06.2025 07:00;14,3
Oslo - Blindern;SN18700;25.06.2025 08:00;15,9
Oslo - Blindern;SN18700;25.06.2025 09:00;18,6
Oslo - Blindern;SN18700;25.06.2025 10:00;19,2
Oslo - Blindern;SN18700;25.06.2025 11:00;20,3
Oslo - Blindern;SN18700;25.06.2025 12:00;21
Oslo - Blindern;SN18700;25.06.2025 13:00;20,4
Oslo - Blindern;SN18700;25.06.2025 14:00;22,7
Oslo - Blindern;SN18700;25.06.2025 15:00;23,4
Oslo - Blindern;SN18700;25.06.2025 16:00;24,3
Oslo - Blindern;SN18700;25.06.2025 17:00;22,7
Oslo - Blindern;SN18700;25.06.2025 18:00;22,8
Oslo - Blindern;SN18700;25.06.2025 19:00;21,8
Oslo - Blindern;SN18700;25.06.2025 20:00;20,3
Oslo - Blindern;SN18700;25.06.2025 21:00;18,6
Oslo - Blindern;SN18700;25.06.2025 22:00;17,5
Oslo - Blindern;SN18700;25.06.2025 23:00;15,9
Oslo - Blindern;SN18700;26.06.2025 00:00;14,2
Oslo - Blindern;SN18700;26.06.2025 01:00;13
Oslo - Blindern;SN18700;26.06.2025 02:00;12,8
Oslo - Blindern;SN18700;26.06.2025 03:00;12,2
Oslo - Blindern;SN18700;26.06.2025 04:00;14,2
Oslo - Blindern;SN18700;26.06.2025 05:00;14,3
Oslo - Blindern;SN18700;26.06.2025 06:00;14,5
Oslo - Blindern;SN18700;26.06.2025 07:00;14,6
Oslo - Blindern;SN18700;26.06.2025 08:00;16,7
Oslo - Blindern;SN18700;26.06.2025 09:00;16,4
Oslo - Blindern;SN18700;26.06.2025 10:00;16,5
Oslo - Blindern;SN18700;26.06.2025 11:00;18,9
Oslo - Blindern;SN18700;26.06.2025 12:00;19,8
Oslo - Blindern;SN18700;26.06.2025 13:00;20
Oslo - Blindern;SN18700;26.06.2025 14:00;18,7
Oslo - Blindern;SN18700;26.06.2025 15:00;17,5
Oslo - Blindern;SN18700;26.06.2025 16:00;17,4
Oslo - Blindern;SN18700;26.06.2025 17:00;16
Oslo - Blindern;SN18700;26.06.2025 18:00;15,6
Oslo - Blindern;SN18700;26.06.2025 19:00;15,6
Oslo - Blindern;SN18700;26.06.2025 20:00;15,4
Oslo - Blindern;SN18700;26.06.2025 21:00;15,4
Oslo - Blindern;SN18700;26.06.2025 22:00;15,3
Oslo - Blindern;SN18700;26.06.2025 23:00;14,8
Oslo - Blindern;SN18700;27.06.2025 00:00;14,4
Oslo - Blindern;SN18700;27.06.2025 01:00;14,4
Oslo - Blindern;SN18700;27.06.2025 02:00;14,2
Oslo - Blindern;SN18700;27.06.2025 03:00;14,2
Oslo - Blindern;SN18700;27.06.2025 04:00;14,2
Oslo - Blindern;SN18700;27.06.2025 05:00;14,3
Oslo - Blindern;SN18700;27.06.2025 06:00;14,5
Oslo - Blindern;SN18700;27.06.2025 07:00;15,2
Oslo - Blindern;SN18700;27.06.2025 08:00;17,7
Oslo - Blindern;SN18700;27.06.2025 09:00;20,4
Oslo - Blindern;SN18700;27.06.2025 10:00;21,4
Oslo - Blindern;SN18700;27.06.2025 11:00;21,7
Oslo - Blindern;SN18700;27.06.2025 12:00;22,3
Oslo - Blindern;SN18700;27.06.2025 13:00;22,7
Oslo - Blindern;SN18700;27.06.2025 14:00;22,8
Oslo - Blindern;SN18700;27.06.2025 15:00;23,5
Oslo - Blindern;SN18700;27.06.2025 16:00;23,9
Oslo - Blindern;SN18700;27.06.2025 17:00;24,2
Oslo - Blindern;SN18700;27.06.2025 18:00;22,5
Oslo - Blindern;SN18700;27.06.2025 19:00;21,3
Oslo - Blindern;SN18700;27.06.2025 20:00;19,4
Oslo - Blindern;SN18700;27.06.2025 21:00;17,3
Oslo - Blindern;SN18700;27.06.2025 22:00;16
Oslo - Blindern;SN18700;27.06.2025 23:00;14,7
Oslo - Blindern;SN18700;28.06.2025 00:00;14,8
Oslo - Blindern;SN18700;28.06.2025 01:00;14,4
Oslo - Blindern;SN18700;28.06.2025 02:00;13,7
Oslo - Blindern;SN18700;28.06.2025 03:00;13,6
Oslo - Blindern;SN18700;28.06.2025 04:00;13,7
Oslo - Blindern;SN18700;28.06.2025 05:00;13,4
Oslo - Blindern;SN18700;28.06.2025 06:00;13,1
Oslo - Blindern;SN18700;28.06.2025 07:00;13
Oslo - Blindern;SN18700;28.06.2025 08:00;13,5
Oslo - Blindern;SN18700;28.06.2025 09:00;14,3
Oslo - Blindern;SN18700;28.06.2025 10:00;15
Oslo - Blindern;SN18700;28.06.2025 11:00;15,5
Oslo - Blindern;SN18700;28.06.2025 12:00;16,6
Oslo - Blindern;SN18700;28.06.2025 13:00;18,7
Oslo - Blindern;SN18700;28.06.2025 14:00;21,2
Oslo - Blindern;SN18700;28.06.2025 15:00;24
Oslo - Blindern;SN18700;28.06.2025 16:00;25,5
Oslo - Blindern;SN18700;28.06.2025 17:00;25
Oslo - Blindern;SN18700;28.06.2025 18:00;24
Oslo - Blindern;SN18700;28.06.2025 19:00;22,2
Oslo - Blindern;SN18700;28.06.2025 20:00;20
Oslo - Blindern;SN18700;28.06.2025 21:00;17,8
Oslo - Blindern;SN18700;28.06.2025 22:00;17,1
Oslo - Blindern;SN18700;28.06.2025 23:00;16,5
Oslo - Blindern;SN18700;29.06.2025 00:00;14,2
Oslo - Blindern;SN18700;29.06.2025 01:00;13,5
Oslo - Blindern;SN18700;29.06.2025 02:00;13
Oslo - Blindern;SN18700;29.06.2025 03:00;12,6
Oslo - Blindern;SN18700;29.06.2025 04:00;12
Oslo - Blindern;SN18700;29.06.2025 05:00;13,2
Oslo - Blindern;SN18700;29.06.2025 06:00;15,1
Oslo - Blindern;SN18700;29.06.2025 07:00;16,5
Oslo - Blindern;SN18700;29.06.2025 08:00;17,7
Oslo - Blindern;SN18700;29.06.2025 09:00;20,4
Oslo - Blindern;SN18700;29.06.2025 10:00;21,5
Oslo - Blindern;SN18700;29.06.2025 11:00;22
Oslo - Blindern;SN18700;29.06.2025 12:00;22,5
Oslo - Blindern;SN18700;29.06.2025 13:00;22,4
Oslo - Blindern;SN18700;29.06.2025 14:00;22,8
Oslo - Blindern;SN18700;29.06.2025 15:00;23,5
Oslo - Blindern;SN18700;29.06.2025 16:00;23
Oslo - Blindern;SN18700;29.06.2025 17:00;21,4
Oslo - Blindern;SN18700;29.06.2025 18:00;20,6
Oslo - Blindern;SN18700;29.06.2025 19:00;20,2
Oslo - Blindern;SN18700;29.06.2025 20:00;18,7
Oslo - Blindern;SN18700;29.06.2025 21:00;16,7
Oslo - Blindern;SN18700;29.06.2025 22:00;14,8
Oslo - Blindern;SN18700;29.06.2025 23:00;14,6
Oslo - Blindern;SN18700;30.06.2025 00:00;13,1
Oslo - Blindern;SN18700;30.06.2025 01:00;13,7
Oslo - Blindern;SN18700;30.06.2025 02:00;13,1
Oslo - Blindern;SN18700;30.06.2025 03:00;11,6
Oslo - Blindern;SN18700;30.06.2025 04:00;12,7
Oslo - Blindern;SN18700;30.06.2025 05:00;13
Oslo - Blindern;SN18700;30.06.2025 06:00;15
Oslo - Blindern;SN18700;30.06.2025 07:00;17,2
Oslo - Blindern;SN18700;30.06.2025 08:00;18
Oslo - Blindern;SN18700;30.06.2025 09:00;20,2
Oslo - Blindern;SN18700;30.06.2025 10:00;21,1
Oslo - Blindern;SN18700;30.06.2025 11:00;21,4
Oslo - Blindern;SN18700;30.06.2025 12:00;21,4
Oslo - Blindern;SN18700;30.06.2025 13:00;21,8
Oslo - Blindern;SN18700;30.06.2025 14:00;22,4
Oslo - Blindern;SN18700;30.06.2025 15:00;23,6
Oslo - Blindern;SN18700;30.06.2025 16:00;24
Oslo - Blindern;SN18700;30.06.2025 17:00;22,6
Oslo - Blindern;SN18700;30.06.2025 18:00;21,3
Oslo - Blindern;SN18700;30.06.2025 19:00;20,3
Oslo - Blindern;SN18700;30.06.2025 20:00;18,9
Oslo - Blindern;SN18700;30.06.2025 21:00;17,7
Oslo - Blindern;SN18700;30.06.2025 22:00;16,3
Oslo - Blindern;SN18700;30.06.2025 23:00;15,2
Oslo - Blindern;SN18700;01.07.2025 00:00;14,6
Oslo - Blindern;SN18700;01.07.2025 01:00;13,7
Oslo - Blindern;SN18700;01.07.2025 02:00;12,2
Oslo - Blindern;SN18700;01.07.2025 03:00;11,7
Oslo - Blindern;SN18700;01.07.2025 04:00;11,5
Oslo - Blindern;SN18700;01.07.2025 05:00;12,6
Oslo - Blindern;SN18700;01.07.2025 06:00;15,2
Oslo - Blindern;SN18700;01.07.2025 07:00;14,8
Oslo - Blindern;SN18700;01.07.2025 08:00;14,9
Oslo - Blindern;SN18700;01.07.2025 09:00;18,4
Oslo - Blindern;SN18700;01.07.2025 10:00;21,6
Oslo - Blindern;SN18700;01.07.2025 11:00;23,4
Oslo - Blindern;SN18700;01.07.2025 12:00;22,5
Oslo - Blindern;SN18700;01.07.2025 13:00;21,8
Oslo - Blindern;SN18700;01.07.2025 14:00;21,1
Oslo - Blindern;SN18700;01.07.2025 15:00;20,9
Oslo - Blindern;SN18700;01.07.2025 16:00;20,2
Oslo - Blindern;SN18700;01.07.2025 17:00;19,8
Oslo - Blindern;SN18700;01.07.2025 18:00;19,3
Oslo - Blindern;SN18700;01.07.2025 19:00;19,1
Oslo - Blindern;SN18700;01.07.2025 20:00;18,7
Oslo - Blindern;SN18700;01.07.2025 21:00;18,3
Oslo - Blindern;SN18700;01.07.2025 22:00;17,8
Oslo - Blindern;SN18700;01.07.2025 23:00;17,3
Oslo - Blindern;SN18700;02.07.2025 00:00;15,8
Oslo - Blindern;SN18700;02.07.2025 01:00;15,6
Oslo - Blindern;SN18700;02.07.2025 02:00;15,3
Oslo - Blindern;SN18700;02.07.2025 03:00;15,4
Oslo - Blindern;SN18700;02.07.2025 04:00;15,5
Oslo - Blindern;SN18700;02.07.2025 05:00;15,6
Oslo - Blindern;SN18700;02.07.2025 06:00;15,5
Oslo - Blindern;SN18700;02.07.2025 07:00;15,9
Oslo - Blindern;SN18700;02.07.2025 08:00;16,5
Oslo - Blindern;SN18700;02.07.2025 09:00;18,2
Oslo - Blindern;SN18700;02.07.2025 10:00;18,5
Oslo - Blindern;SN18700;02.07.2025 11:00;20,6
Oslo - Blindern;SN18700;02.07.2025 12:00;21,4
Oslo - Blindern;SN18700;02.07.2025 13:00;22,9
Oslo - Blindern;SN18700;02.07.2025 14:00;23,2
Oslo - Blindern;SN18700;02.07.2025 15:00;23,4
Oslo - Blindern;SN18700;02.07.2025 16:00;22,8
Oslo - Blindern;SN18700;02.07.2025 17:00;22,4
Oslo - Blindern;SN18700;02.07.2025 18:00;21,9
Oslo - Blindern;SN18700;02.07.2025 19:00;20,4
Oslo - Blindern;SN18700;02.07.2025 20:00;19,6
Oslo - Blindern;SN18700;02.07.2025 21:00;19,3
Oslo - Blindern;SN18700;02.07.2025 22:00;18,6
Oslo - Blindern;SN18700;02.07.2025 23:00;17,7
Oslo - Blindern;SN18700;03.07.2025 00:00;16,7
Oslo - Blindern;SN18700;03.07.2025 01:00;16
Oslo - Blindern;SN18700;03.07.2025 02:00;15,3
Oslo - Blindern;SN18700;03.07.2025 03:00;14,4
Oslo - Blindern;SN18700;03.07.2025 04:00;13,9
Oslo - Blindern;SN18700;03.07.2025 05:00;13,4
Oslo - Blindern;SN18700;03.07.2025 06:00;13,2
Oslo - Blindern;SN18700;03.07.2025 07:00;13
Oslo - Blindern;SN18700;03.07.2025 08:00;12,6
Oslo - Blindern;SN18700;03.07.2025 09:00;13,1
Oslo - Blindern;SN18700;03.07.2025 10:00;13,7
Oslo - Blindern;SN18700;03.07.2025 11:00;14,8
Oslo - Blindern;SN18700;03.07.2025 12:00;16
Oslo - Blindern;SN18700;03.07.2025 13:00;17,6
Oslo - Blindern;SN18700;03.07.2025 14:00;17,9
Oslo - Blindern;SN18700;03.07.2025 15:00;16,8
Oslo - Blindern;SN18700;03.07.2025 16:00;18,3
Oslo - Blindern;SN18700;03.07.2025 17:00;16,9
Oslo - Blindern;SN18700;03.07.2025 18:00;16,2
Oslo - Blindern;SN18700;03.07.2025 19:00;17,1
Oslo - Blindern;SN18700;03.07.2025 20:00;15,9
Oslo - Blindern;SN18700;03.07.2025 21:00;15,3
Oslo - Blindern;SN18700;03.07.2025 22:00;13,1
Oslo - Blindern;SN18700;03.07.2025 23:00;12,8
Oslo - Blindern;SN18700;04.07.2025 00:00;11,3
Oslo - Blindern;SN18700;04.07.2025 01:00;10,5
Oslo - Blindern;SN18700;04.07.2025 02:00;9,6
Oslo - Blindern;SN18700;04.07.2025 03:00;8,9
Oslo - Blindern;SN18700;04.07.2025 04:00;8,3
Oslo - Blindern;SN18700;04.07.2025 05:00;9,3
Oslo - Blindern;SN18700;04.07.2025 06:00;13
Oslo - Blindern;SN18700;04.07.2025 07:00;15,1
Oslo - Blindern;SN18700;04.07.2025 08:00;16
Oslo - Blindern;SN18700;04.07.2025 09:00;16,3
Oslo - Blindern;SN18700;04.07.2025 10:00;17,2
Oslo - Blindern;SN18700;04.07.2025 11:00;18,6
Oslo - Blindern;SN18700;04.07.2025 12:00;17,6
Oslo - Blindern;SN18700;04.07.2025 13:00;18,7
Oslo - Blindern;SN18700;04.07.2025 14:00;18,8
Oslo - Blindern;SN18700;04.07.2025 15:00;18,3
Oslo - Blindern;SN18700;04.07.2025 16:00;18,2
Oslo - Blindern;SN18700;04.07.2025 17:00;18,4
Oslo - Blindern;SN18700;04.07.2025 18:00;16,7
Oslo - Blindern;SN18700;04.07.2025 19:00;16,4
Oslo - Blindern;SN18700;04.07.2025 20:00;16,1
Oslo - Blindern;SN18700;04.07.2025 21:00;14,9
Oslo - Blindern;SN18700;04.07.2025 22:00;14,8
Oslo - Blindern;SN18700;04.07.2025 23:00;14,4
Oslo - Blindern;SN18700;05.07.2025 00:00;14
Oslo - Blindern;SN18700;05.07.2025 01:00;13,8
Oslo - Blindern;SN18700;05.07.2025 02:00;13,5
Oslo - Blindern;SN18700;05.07.2025 03:00;13,4
Oslo - Blindern;SN18700;05.07.2025 04:00;13,3
Oslo - Blindern;SN18700;05.07.2025 05:00;12,7
Oslo - Blindern;SN18700;05.07.2025 06:00;12,2
Oslo - Blindern;SN18700;05.07.2025 07:00;12,1
Oslo - Blindern;SN18700;05.07.2025 08:00;12,1
Oslo - Blindern;SN18700;05.07.2025 09:00;12,6
Oslo - Blindern;SN18700;05.07.2025 10:00;13,1
Oslo - Blindern;SN18700;05.07.2025 11:00;13,7
Oslo - Blindern;SN18700;05.07.2025 12:00;14,6
Oslo - Blindern;SN18700;05.07.2025 13:00;15,2
Oslo - Blindern;SN18700;05.07.2025 14:00;16,3
Oslo - Blindern;SN18700;05.07.2025 15:00;17,4
Oslo - Blindern;SN18700;05.07.2025 16:00;16,9
Oslo - Blindern;SN18700;05.07.2025 17:00;17,3
Oslo - Blindern;SN18700;05.07.2025 18:00;16,9
Oslo - Blindern;SN18700;05.07.2025 19:00;16,6
Oslo - Blindern;SN18700;05.07.2025 20:00;16,2
Oslo - Blindern;SN18700;05.07.2025 21:00;15,8
Oslo - Blindern;SN18700;05.07.2025 22:00;15,7
Oslo - Blindern;SN18700;05.07.2025 23:00;15,5
Oslo - Blindern;SN18700;06.07.2025 00:00;15,5
Oslo - Blindern;SN18700;06.07.2025 01:00;15,4
Oslo - Blindern;SN18700;06.07.2025 02:00;15,4
Oslo - Blindern;SN18700;06.07.2025 03:00;15,3
Oslo - Blindern;SN18700;06.07.2025 04:00;15,4
Oslo - Blindern;SN18700;06.07.2025 05:00;15,5
Oslo - Blindern;SN18700;06.07.2025 06:00;15,6
Oslo - Blindern;SN18700;06.07.2025 07:00;16,9
Oslo - Blindern;SN18700;06.07.2025 08:00;17,8
Oslo - Blindern;SN18700;06.07.2025 09:00;17,4
Oslo - Blindern;SN18700;06.07.2025 10:00;18
Oslo - Blindern;SN18700;06.07.2025 11:00;19,8
Oslo - Blindern;SN18700;06.07.2025 12:00;20,7
Oslo - Blindern;SN18700;06.07.2025 13:00;21,2
Oslo - Blindern;SN18700;06.07.2025 14:00;22,9
Oslo - Blindern;SN18700;06.07.2025 15:00;21
Oslo - Blindern;SN18700;06.07.2025 16:00;20,7
Oslo - Blindern;SN18700;06.07.2025 17:00;18,8
Oslo - Blindern;SN18700;06.07.2025 18:00;18
Oslo - Blindern;SN18700;06.07.2025 19:00;17,6
Oslo - Blindern;SN18700;06.07.2025 20:00;17,1
Oslo - Blindern;SN18700;06.07.2025 21:00;16,5
Oslo - Blindern;SN18700;06.07.2025 22:00;16
Oslo - Blindern;SN18700;06.07.2025 23:00;15,7
Oslo - Blindern;SN18700;07.07.2025 00:00;15,5
Oslo - Blindern;SN18700;07.07.2025 01:00;15,4
Oslo - Blindern;SN18700;07.07.2025 02:00;15,4
Oslo - Blindern;SN18700;07.07.2025 03:00;15,1
Oslo - Blindern;SN18700;07.07.2025 04:00;15,1
Oslo - Blindern;SN18700;07.07.2025 05:00;14,5
Oslo - Blindern;SN18700;07.07.2025 06:00;14,7
Oslo - Blindern;SN18700;07.07.2025 07:00;14,8
Oslo - Blindern;SN18700;07.07.2025 08:00;14,7
Oslo - Blindern;SN18700;07.07.2025 09:00;14,9
Oslo - Blindern;SN18700;07.07.2025 10:00;15,2
Oslo - Blindern;SN18700;07.07.2025 11:00;15,7
Oslo - Blindern;SN18700;07.07.2025 12:00;16,3
Oslo - Blindern;SN18700;07.07.2025 13:00;17,3
Oslo - Blindern;SN18700;07.07.2025 14:00;17,6
Oslo - Blindern;SN18700;07.07.2025 15:00;18
Oslo - Blindern;SN18700;07.07.2025 16:00;18,5
Oslo - Blindern;SN18700;07.07.2025 17:00;18,6
Oslo - Blindern;SN18700;07.07.2025 18:00;18
Oslo - Blindern;SN18700;07.07.2025 19:00;16,3
Oslo - Blindern;SN18700;07.07.2025 20:00;16,3
Oslo - Blindern;SN18700;07.07.2025 21:00;15
Oslo - Blindern;SN18700;07.07.2025 22:00;14,9
Oslo - Blindern;SN18700;07.07.2025 23:00;14,9
Oslo - Blindern;SN18700;08.07.2025 00:00;14,7
Oslo - Blindern;SN18700;08.07.2025 01:00;14,2
Oslo - Blindern;SN18700;08.07.2025 02:00;12
Oslo - Blindern;SN18700;08.07.2025 03:00;12,2
Oslo - Blindern;SN18700;08.07.2025 04:00;13,5
Oslo - Blindern;SN18700;08.07.2025 05:00;14,3
Oslo - Blindern;SN18700;08.07.2025 06:00;15,2
Oslo - Blindern;SN18700;08.07.2025 07:00;15,8
Oslo - Blindern;SN18700;08.07.2025 08:00;18,1
Oslo - Blindern;SN18700;08.07.2025 09:00;19
Oslo - Blindern;SN18700;08.07.2025 10:00;20,8
Oslo - Blindern;SN18700;08.07.2025 11:00;22,4
Oslo - Blindern;SN18700;08.07.2025 12:00;22,4
Oslo - Blindern;SN18700;08.07.2025 13:00;22,9
Oslo - Blindern;SN18700;08.07.2025 14:00;23,4
Oslo - Blindern;SN18700;08.07.2025 15:00;24
Oslo - Blindern;SN18700;08.07.2025 16:00;23,5
Oslo - Blindern;SN18700;08.07.2025 17:00;24,5
Oslo - Blindern;SN18700;08.07.2025 18:00;21,4
Oslo - Blindern;SN18700;08.07.2025 19:00;20,9
Oslo - Blindern;SN18700;08.07.2025 20:00;19,7
Oslo - Blindern;SN18700;08.07.2025 21:00;18
Oslo - Blindern;SN18700;08.07.2025 22:00;16,4
Oslo - Blindern;SN18700;08.07.2025 23:00;15,8
Oslo - Blindern;SN18700;09.07.2025 00:00;13,7
Oslo - Blindern;SN18700;09.07.2025 01:00;12,9
Oslo - Blindern;SN18700;09.07.2025 02:00;12,3
Oslo - Blindern;SN18700;09.07.2025 03:00;11,5
Oslo - Blindern;SN18700;09.07.2025 04:00;11,8
Oslo - Blindern;SN18700;09.07.2025 05:00;12,6
Oslo - Blindern;SN18700;09.07.2025 06:00;14,8
Oslo - Blindern;SN18700;09.07.2025 07:00;17
Oslo - Blindern;SN18700;09.07.2025 08:00;19,3
Oslo - Blindern;SN18700;09.07.2025 09:00;20,1
Oslo - Blindern;SN18700;09.07.2025 10:00;21,4
Oslo - Blindern;SN18700;09.07.2025 11:00;22
Oslo - Blindern;SN18700;09.07.2025 12:00;21,5
Oslo - Blindern;SN18700;09.07.2025 13:00;21,1
Oslo - Blindern;SN18700;09.07.2025 14:00;21,1
Oslo - Blindern;SN18700;09.07.2025 15:00;21
Oslo - Blindern;SN18700;09.07.2025 16:00;22,3
Oslo - Blindern;SN18700;09.07.2025 17:00;21,7
Oslo - Blindern;SN18700;09.07.2025 18:00;21
Oslo - Blindern;SN18700;09.07.2025 19:00;20,3
Oslo - Blindern;SN18700;09.07.2025 20:00;19,2
Oslo - Blindern;SN18700;09.07.2025 21:00;17,2
Oslo - Blindern;SN18700;09.07.2025 22:00;16
Oslo - Blindern;SN18700;09.07.2025 23:00;15
Oslo - Blindern;SN18700;10.07.2025 00:00;14,7
Oslo - Blindern;SN18700;10.07.2025 01:00;15,3
Oslo - Blindern;SN18700;10.07.2025 02:00;15,1
Oslo - Blindern;SN18700;10.07.2025 03:00;15,1
Oslo - Blindern;SN18700;10.07.2025 04:00;15,1
Oslo - Blindern;SN18700;10.07.2025 05:00;15,5
Oslo - Blindern;SN18700;10.07.2025 06:00;15,9
Oslo - Blindern;SN18700;10.07.2025 07:00;16,4
Oslo - Blindern;SN18700;10.07.2025 08:00;16,8
Oslo - Blindern;SN18700;10.07.2025 09:00;19,5
Oslo - Blindern;SN18700;10.07.2025 10:00;20,7
Oslo - Blindern;SN18700;10.07.2025 11:00;22,2
Oslo - Blindern;SN18700;10.07.2025 12:00;23
Oslo - Blindern;SN18700;10.07.2025 13:00;24,2
Oslo - Blindern;SN18700;10.07.2025 14:00;24,9
Oslo - Blindern;SN18700;10.07.2025 15:00;25,6
Oslo - Blindern;SN18700;10.07.2025 16:00;25,8
Oslo - Blindern;SN18700;10.07.2025 17:00;25,1
Oslo - Blindern;SN18700;10.07.2025 18:00;23,9
Oslo - Blindern;SN18700;10.07.2025 19:00;23
Oslo - Blindern;SN18700;10.07.2025 20:00;21,1
Oslo - Blindern;SN18700;10.07.2025 21:00;18,6
Oslo - Blindern;SN18700;10.07.2025 22:00;16,6
Oslo - Blindern;SN18700;10.07.2025 23:00;15,2
Oslo - Blindern;SN18700;11.07.2025 00:00;14,5
Oslo - Blindern;SN18700;11.07.2025 01:00;14,1
Oslo - Blindern;SN18700;11.07.2025 02:00;13,4
Oslo - Blindern;SN18700;11.07.2025 03:00;13,3
Oslo - Blindern;SN18700;11.07.2025 04:00;12,4
Oslo - Blindern;SN18700;11.07.2025 05:00;13,6
Oslo - Blindern;SN18700;11.07.2025 06:00;16,4
Oslo - Blindern;SN18700;11.07.2025 07:00;20,2
Oslo - Blindern;SN18700;11.07.2025 08:00;22,3
Oslo - Blindern;SN18700;11.07.2025 09:00;23,7
Oslo - Blindern;SN18700;11.07.2025 10:00;25,5
Oslo - Blindern;SN18700;11.07.2025 11:00;26,7
Oslo - Blindern;SN18700;11.07.2025 12:00;27,5
Oslo - Blindern;SN18700;11.07.2025 13:00;27,6
Oslo - Blindern;SN18700;11.07.2025 14:00;28,3
Oslo - Blindern;SN18700;11.07.2025 15:00;28,9
Oslo - Blindern;SN18700;11.07.2025 16:00;28,2
Oslo - Blindern;SN18700;11.07.2025 17:00;28,4
Oslo - Blindern;SN18700;11.07.2025 18:00;28,3
Oslo - Blindern;SN18700;11.07.2025 19:00;27,8
Oslo - Blindern;SN18700;11.07.2025 20:00;26,8
Oslo - Blindern;SN18700;11.07.2025 21:00;22,3
Oslo - Blindern;SN18700;11.07.2025 22:00;20,6
Oslo - Blindern;SN18700;11.07.2025 23:00;19,2
Oslo - Blindern;SN18700;12.07.2025 00:00;19,4
Oslo - Blindern;SN18700;12.07.2025 01:00;20,5
Oslo - Blindern;SN18700;12.07.2025 02:00;19,6
Oslo - Blindern;SN18700;12.07.2025 03:00;19,4
Oslo - Blindern;SN18700;12.07.2025 04:00;18,9
Oslo - Blindern;SN18700;12.07.2025 05:00;19,8
Oslo - Blindern;SN18700;12.07.2025 06:00;21,5
Oslo - Blindern;SN18700;12.07.2025 07:00;23,1
Oslo - Blindern;SN18700;12.07.2025 08:00;23,8
Oslo - Blindern;SN18700;12.07.2025 09:00;24,5
Oslo - Blindern;SN18700;12.07.2025 10:00;25,3
Oslo - Blindern;SN18700;12.07.2025 11:00;26,5
Oslo - Blindern;SN18700;12.07.2025 12:00;26,9
Oslo - Blindern;SN18700;12.07.2025 13:00;27,7
Oslo - Blindern;SN18700;12.07.2025 14:00;28,4
Oslo - Blindern;SN18700;12.07.2025 15:00;29,2
Oslo - Blindern;SN18700;12.07.2025 16:00;28,9
Oslo - Blindern;SN18700;12.07.2025 17:00;28,7
Oslo - Blindern;SN18700;12.07.2025 18:00;28,8
Oslo - Blindern;SN18700;12.07.2025 19:00;28,2
Oslo - Blindern;SN18700;12.07.2025 20:00;27,1
Oslo - Blindern;SN18700;12.07.2025 21:00;24,9
Oslo - Blindern;SN18700;12.07.2025 22:00;22,6
Oslo - Blindern;SN18700;12.07.2025 23:00;22,1
Oslo - Blindern;SN18700;13.07.2025 00:00;21,7
Oslo - Blindern;SN18700;13.07.2025 01:00;21,8
Oslo - Blindern;SN18700;13.07.2025 02:00;21,4
Oslo - Blindern;SN18700;13.07.2025 03:00;21,7
Oslo - Blindern;SN18700;13.07.2025 04:00;21,5
Oslo - Blindern;SN18700;13.07.2025 05:00;16,7
Oslo - Blindern;SN18700;13.07.2025 06:00;16,9
Oslo - Blindern;SN18700;13.07.2025 07:00;18,4
Oslo - Blindern;SN18700;13.07.2025 08:00;21,5
Oslo - Blindern;SN18700;13.07.2025 09:00;22,7
Oslo - Blindern;SN18700;13.07.2025 10:00;22,5
Oslo - Blindern;SN18700;13.07.2025 11:00;22,9
Oslo - Blindern;SN18700;13.07.2025 12:00;23,1
Oslo - Blindern;SN18700;13.07.2025 13:00;25,1
Oslo - Blindern;SN18700;13.07.2025 14:00;24,2
Oslo - Blindern;SN18700;13.07.2025 15:00;24,5
Oslo - Blindern;SN18700;13.07.2025 16:00;24
Oslo - Blindern;SN18700;13.07.2025 17:00;24,1
Oslo - Blindern;SN18700;13.07.2025 18:00;24
Oslo - Blindern;SN18700;13.07.2025 19:00;23,8
Oslo - Blindern;SN18700;13.07.2025 20:00;22,5
Oslo - Blindern;SN18700;13.07.2025 21:00;21,8
Oslo - Blindern;SN18700;13.07.2025 22:00;21,4
Oslo - Blindern;SN18700;13.07.2025 23:00;21
Oslo - Blindern;SN18700;14.07.2025 00:00;20,6
Oslo - Blindern;SN18700;14.07.2025 01:00;20,6
Oslo - Blindern;SN18700;14.07.2025 02:00;20,3
Oslo - Blindern;SN18700;14.07.2025 03:00;19,8
Oslo - Blindern;SN18700;14.07.2025 04:00;19,8
Oslo - Blindern;SN18700;14.07.2025 05:00;19,8
Oslo - Blindern;SN18700;14.07.2025 06:00;20
Oslo - Blindern;SN18700;14.07.2025 07:00;20,2
Oslo - Blindern;SN18700;14.07.2025 08:00;20,2
Oslo - Blindern;SN18700;14.07.2025 09:00;20,2
Oslo - Blindern;SN18700;14.07.2025 10:00;19,1
Oslo - Blindern;SN18700;14.07.2025 11:00;18,9
Oslo - Blindern;SN18700;14.07.2025 12:00;20
Oslo - Blindern;SN18700;14.07.2025 13:00;20,6
Oslo - Blindern;SN18700;14.07.2025 14:00;22,2
Oslo - Blindern;SN18700;14.07.2025 15:00;21
Oslo - Blindern;SN18700;14.07.2025 16:00;20,3
Oslo - Blindern;SN18700;14.07.2025 17:00;21,9
Oslo - Blindern;SN18700;14.07.2025 18:00;22,2
Oslo - Blindern;SN18700;14.07.2025 19:00;21,1
Oslo - Blindern;SN18700;14.07.2025 20:00;20,2
Oslo - Blindern;SN18700;14.07.2025 21:00;19,6
Oslo - Blindern;SN18700;14.07.2025 22:00;19,5
Oslo - Blindern;SN18700;14.07.2025 23:00;19,5
Oslo - Blindern;SN18700;15.07.2025 00:00;19,4
Oslo - Blindern;SN18700;15.07.2025 01:00;19,2
Oslo - Blindern;SN18700;15.07.2025 02:00;19,1
Oslo - Blindern;SN18700;15.07.2025 03:00;18,8
Oslo - Blindern;SN18700;15.07.2025 04:00;18,7
Oslo - Blindern;SN18700;15.07.2025 05:00;18,5
Oslo - Blindern;SN18700;15.07.2025 06:00;18,8
Oslo - Blindern;SN18700;15.07.2025 07:00;19,4
Oslo - Blindern;SN18700;15.07.2025 08:00;20,9
Oslo - Blindern;SN18700;15.07.2025 09:00;21,4
Oslo - Blindern;SN18700;15.07.2025 10:00;23
Oslo - Blindern;SN18700;15.07.2025 11:00;24,2
Oslo - Blindern;SN18700;15.07.2025 12:00;24,9
Oslo - Blindern;SN18700;15.07.2025 13:00;23,6
Oslo - Blindern;SN18700;15.07.2025 14:00;27,3
Oslo - Blindern;SN18700;15.07.2025 15:00;27,1
Oslo - Blindern;SN18700;15.07.2025 16:00;26,7
Oslo - Blindern;SN18700;15.07.2025 17:00;25,6
Oslo - Blindern;SN18700;15.07.2025 18:00;25,6
Oslo - Blindern;SN18700;15.07.2025 19:00;25,2
Oslo - Blindern;SN18700;15.07.2025 20:00;22
Oslo - Blindern;SN18700;15.07.2025 21:00;20,9
Oslo - Blindern;SN18700;15.07.2025 22:00;20,6
Oslo - Blindern;SN18700;15.07.2025 23:00;20,9
Oslo - Blindern;SN18700;16.07.2025 00:00;20,7
Oslo - Blindern;SN18700;16.07.2025 01:00;20,5
Oslo - Blindern;SN18700;16.07.2025 02:00;19,5
Oslo - Blindern;SN18700;16.07.2025 03:00;18,7
Oslo - Blindern;SN18700;16.07.2025 04:00;18,8
Oslo - Blindern;SN18700;16.07.2025 05:00;19,5
Oslo - Blindern;SN18700;16.07.2025 06:00;21,1
Oslo - Blindern;SN18700;16.07.2025 07:00;22,4
Oslo - Blindern;SN18700;16.07.2025 08:00;23,1
Oslo - Blindern;SN18700;16.07.2025 09:00;25
Oslo - Blindern;SN18700;16.07.2025 10:00;26
Oslo - Blindern;SN18700;16.07.2025 11:00;25,9
Oslo - Blindern;SN18700;16.07.2025 12:00;28
Oslo - Blindern;SN18700;16.07.2025 13:00;26,6
Oslo - Blindern;SN18700;16.07.2025 14:00;26
Oslo - Blindern;SN18700;16.07.2025 15:00;25
Oslo - Blindern;SN18700;16.07.2025 16:00;25,4
Oslo - Blindern;SN18700;16.07.2025 17:00;26,3
Oslo - Blindern;SN18700;16.07.2025 18:00;24,9
Oslo - Blindern;SN18700;16.07.2025 19:00;25,7
Oslo - Blindern;SN18700;16.07.2025 20:00;24,3
Oslo - Blindern;SN18700;16.07.2025 21:00;23,1
Oslo - Blindern;SN18700;16.07.2025 22:00;22,8
Oslo - Blindern;SN18700;16.07.2025 23:00;22,4
Oslo - Blindern;SN18700;17.07.2025 00:00;20,9
Oslo - Blindern;SN18700;17.07.2025 01:00;21
Oslo - Blindern;SN18700;17.07.2025 02:00;20,6
Oslo - Blindern;SN18700;17.07.2025 03:00;20
Oslo - Blindern;SN18700;17.07.2025 04:00;19,9
Oslo - Blindern;SN18700;17.07.2025 05:00;20,1
Oslo - Blindern;SN18700;17.07.2025 06:00;21,7
Oslo - Blindern;SN18700;17.07.2025 07:00;23,9
Oslo - Blindern;SN18700;17.07.2025 08:00;25,2
Oslo - Blindern;SN18700;17.07.2025 09:00;26,7
Oslo - Blindern;SN18700;17.07.2025 10:00;27,3
Oslo - Blindern;SN18700;17.07.2025 11:00;28
Oslo - Blindern;SN18700;17.07.2025 12:00;28,7
Oslo - Blindern;SN18700;17.07.2025 13:00;29,6
Oslo - Blindern;SN18700;17.07.2025 14:00;30
Oslo - Blindern;SN18700;17.07.2025 15:00;30,3
Oslo - Blindern;SN18700;17.07.2025 16:00;30,6
Oslo - Blindern;SN18700;17.07.2025 17:00;30,2
Oslo - Blindern;SN18700;17.07.2025 18:00;29,9
Oslo - Blindern;SN18700;17.07.2025 19:00;28,6
Oslo - Blindern;SN18700;17.07.2025 20:00;26,5
Oslo - Blindern;SN18700;17.07.2025 21:00;24,6
Oslo - Blindern;SN18700;17.07.2025 22:00;21,2
Oslo - Blindern;SN18700;17.07.2025 23:00;20,4
Oslo - Blindern;SN18700;18.07.2025 00:00;20,2
Oslo - Blindern;SN18700;18.07.2025 01:00;19,8
Oslo - Blindern;SN18700;18.07.2025 02:00;19,5
Oslo - Blindern;SN18700;18.07.2025 03:00;18,7
Oslo - Blindern;SN18700;18.07.2025 04:00;19,2
Oslo - Blindern;SN18700;18.07.2025 05:00;20,1
Oslo - Blindern;SN18700;18.07.2025 06:00;21,5
Oslo - Blindern;SN18700;18.07.2025 07:00;23
Oslo - Blindern;SN18700;18.07.2025 08:00;24,2
Oslo - Blindern;SN18700;18.07.2025 09:00;25,3
Oslo - Blindern;SN18700;18.07.2025 10:00;26,4
Oslo - Blindern;SN18700;18.07.2025 11:00;27,5
Oslo - Blindern;SN18700;18.07.2025 12:00;29,1
Oslo - Blindern;SN18700;18.07.2025 13:00;30,6
Oslo - Blindern;SN18700;18.07.2025 14:00;30,7
Oslo - Blindern;SN18700;18.07.2025 15:00;30,8
Oslo - Blindern;SN18700;18.07.2025 16:00;30,6
Oslo - Blindern;SN18700;18.07.2025 17:00;27,2
Oslo - Blindern;SN18700;18.07.2025 18:00;27,1
Oslo - Blindern;SN18700;18.07.2025 19:00;27,6
Oslo - Blindern;SN18700;18.07.2025 20:00;25,9
Oslo - Blindern;SN18700;18.07.2025 21:00;23,3
Oslo - Blindern;SN18700;18.07.2025 22:00;20,9
Oslo - Blindern;SN18700;18.07.2025 23:00;19,6
Oslo - Blindern;SN18700;19.07.2025 00:00;19,1
Oslo - Blindern;SN18700;19.07.2025 01:00;18,7
Oslo - Blindern;SN18700;19.07.2025 02:00;18
Oslo - Blindern;SN18700;19.07.2025 03:00;17,6
Oslo - Blindern;SN18700;19.07.2025 04:00;17,2
Oslo - Blindern;SN18700;19.07.2025 05:00;17,8
Oslo - Blindern;SN18700;19.07.2025 06:00;20
Oslo - Blindern;SN18700;19.07.2025 07:00;23,1
Oslo - Blindern;SN18700;19.07.2025 08:00;25,2
Oslo - Blindern;SN18700;19.07.2025 09:00;26
Oslo - Blindern;SN18700;19.07.2025 10:00;27,3
Oslo - Blindern;SN18700;19.07.2025 11:00;28,7
Oslo - Blindern;SN18700;19.07.2025 12:00;30,5
Oslo - Blindern;SN18700;19.07.2025 13:00;30,5
Oslo - Blindern;SN18700;19.07.2025 14:00;31,3
Oslo - Blindern;SN18700;19.07.2025 15:00;30,4
Oslo - Blindern;SN18700;19.07.2025 16:00;31,6
Oslo - Blindern;SN18700;19.07.2025 17:00;30,2
Oslo - Blindern;SN18700;19.07.2025 18:00;29,6
Oslo - Blindern;SN18700;19.07.2025 19:00;28
Oslo - Blindern;SN18700;19.07.2025 20:00;26,1
Oslo - Blindern;SN18700;19.07.2025 21:00;24
Oslo - Blindern;SN18700;19.07.2025 22:00;21,7
Oslo - Blindern;SN18700;19.07.2025 23:00;20,1
Oslo - Blindern;SN18700;20.07.2025 00:00;19,3
Oslo - Blindern;SN18700;20.07.2025 01:00;19,1
Oslo - Blindern;SN18700;20.07.2025 02:00;18
Oslo - Blindern;SN18700;20.07.2025 03:00;17,4
Oslo - Blindern;SN18700;20.07.2025 04:00;17,4
Oslo - Blindern;SN18700;20.07.2025 05:00;17,4
Oslo - Blindern;SN18700;20.07.2025 06:00;20,1
Oslo - Blindern;SN18700;20.07.2025 07:00;23,4
Oslo - Blindern;SN18700;20.07.2025 08:00;25,7
Oslo - Blindern;SN18700;20.07.2025 09:00;28,2
Oslo - Blindern;SN18700;20.07.2025 10:00;29
Oslo - Blindern;SN18700;20.07.2025 11:00;30,7
Oslo - Blindern;SN18700;20.07.2025 12:00;31,5
Oslo - Blindern;SN18700;20.07.2025 13:00;32
Oslo - Blindern;SN18700;20.07.2025 14:00;32
Oslo - Blindern;SN18700;20.07.2025 15:00;32,6
Oslo - Blindern;SN18700;20.07.2025 16:00;32,5
Oslo - Blindern;SN18700;20.07.2025 17:00;31,4
Oslo - Blindern;SN18700;20.07.2025 18:00;30,6
Oslo - Blindern;SN18700;20.07.2025 19:00;28,3
Oslo - Blindern;SN18700;20.07.2025 20:00;25,2
Oslo - Blindern;SN18700;20.07.2025 21:00;24,7
Oslo - Blindern;SN18700;20.07.2025 22:00;23,4
Oslo - Blindern;SN18700;20.07.2025 23:00;22,6
Oslo - Blindern;SN18700;21.07.2025 00:00;22
Oslo - Blindern;SN18700;21.07.2025 01:00;21,7
Oslo - Blindern;SN18700;21.07.2025 02:00;21,9
Oslo - Blindern;SN18700;21.07.2025 03:00;21,2
Oslo - Blindern;SN18700;21.07.2025 04:00;21
Oslo - Blindern;SN18700;21.07.2025 05:00;20,5
Oslo - Blindern;SN18700;21.07.2025 06:00;21,4
Oslo - Blindern;SN18700;21.07.2025 07:00;23,1
Oslo - Blindern;SN18700;21.07.2025 08:00;23,4
Oslo - Blindern;SN18700;21.07.2025 09:00;25,1
Oslo - Blindern;SN18700;21.07.2025 10:00;25,5
Oslo - Blindern;SN18700;21.07.2025 11:00;26,6
Oslo - Blindern;SN18700;21.07.2025 12:00;26,8
Oslo - Blindern;SN18700;21.07.2025 13:00;28,2
Oslo - Blindern;SN18700;21.07.2025 14:00;28,2
Oslo - Blindern;SN18700;21.07.2025 15:00;27,7
Oslo - Blindern;SN18700;21.07.2025 16:00;27,1
Oslo - Blindern;SN18700;21.07.2025 17:00;26,6
Oslo - Blindern;SN18700;21.07.2025 18:00;26,4
Oslo - Blindern;SN18700;21.07.2025 19:00;25,9
Oslo - Blindern;SN18700;21.07.2025 20:00;25,4
Oslo - Blindern;SN18700;21.07.2025 21:00;24,8
Oslo - Blindern;SN18700;21.07.2025 22:00;23,2
Oslo - Blindern;SN18700;21.07.2025 23:00;22,9
Oslo - Blindern;SN18700;22.07.2025 00:00;22,7
Oslo - Blindern;SN18700;22.07.2025 01:00;22,5
Oslo - Blindern;SN18700;22.07.2025 02:00;22,3
Oslo - Blindern;SN18700;22.07.2025 03:00;21,8
Oslo - Blindern;SN18700;22.07.2025 04:00;21,3
Oslo - Blindern;SN18700;22.07.2025 05:00;21,1
Oslo - Blindern;SN18700;22.07.2025 06:00;21,5
Oslo - Blindern;SN18700;22.07.2025 07:00;21,4
Oslo - Blindern;SN18700;22.07.2025 08:00;22,7
Oslo - Blindern;SN18700;22.07.2025 09:00;23,6
Oslo - Blindern;SN18700;22.07.2025 10:00;23,6
Oslo - Blindern;SN18700;22.07.2025 11:00;26,5
Oslo - Blindern;SN18700;22.07.2025 12:00;27
Oslo - Blindern;SN18700;22.07.2025 13:00;27,2
Oslo - Blindern;SN18700;22.07.2025 14:00;27,3
Oslo - Blindern;SN18700;22.07.2025 15:00;28,3
Oslo - Blindern;SN18700;22.07.2025 16:00;28,5
Oslo - Blindern;SN18700;22.07.2025 17:00;28,8
Oslo - Blindern;SN18700;22.07.2025 18:00;24,7
Oslo - Blindern;SN18700;22.07.2025 19:00;22,7
Oslo - Blindern;SN18700;22.07.2025 20:00;23,6
Oslo - Blindern;SN18700;22.07.2025 21:00;23,4
Oslo - Blindern;SN18700;22.07.2025 22:00;23,2
Oslo - Blindern;SN18700;22.07.2025 23:00;22,1
Oslo - Blindern;SN18700;23.07.2025 00:00;21,5
Oslo - Blindern;SN18700;23.07.2025 01:00;21,4
Oslo - Blindern;SN18700;23.07.2025 02:00;20,5
Oslo - Blindern;SN18700;23.07.2025 03:00;20,2
Oslo - Blindern;SN18700;23.07.2025 04:00;19,8
Oslo - Blindern;SN18700;23.07.2025 05:00;20
Oslo - Blindern;SN18700;23.07.2025 06:00;20
Oslo - Blindern;SN18700;23.07.2025 07:00;21,6
Oslo - Blindern;SN18700;23.07.2025 08:00;23,7
Oslo - Blindern;SN18700;23.07.2025 09:00;24,3
Oslo - Blindern;SN18700;23.07.2025 10:00;25,3
Oslo - Blindern;SN18700;23.07.2025 11:00;26,2
Oslo - Blindern;SN18700;23.07.2025 12:00;26,9
Oslo - Blindern;SN18700;23.07.2025 13:00;22,2
Oslo - Blindern;SN18700;23.07.2025 14:00;21,6
Oslo - Blindern;SN18700;23.07.2025 15:00;24
Oslo - Blindern;SN18700;23.07.2025 16:00;25,9
Oslo - Blindern;SN18700;23.07.2025 17:00;26,1
Oslo - Blindern;SN18700;23.07.2025 18:00;22,4
Oslo - Blindern;SN18700;23.07.2025 19:00;21,3
Oslo - Blindern;SN18700;23.07.2025 20:00;21,7
Oslo - Blindern;SN18700;23.07.2025 21:00;21,6
Oslo - Blindern;SN18700;23.07.2025 22:00;20,8
Oslo - Blindern;SN18700;23.07.2025 23:00;20,8
Oslo - Blindern;SN18700;24.07.2025 00:00;19,8
Oslo - Blindern;SN18700;24.07.2025 01:00;19,4
Oslo - Blindern;SN18700;24.07.2025 02:00;19,2
Oslo - Blindern;SN18700;24.07.2025 03:00;17,7
Oslo - Blindern;SN18700;24.07.2025 04:00;17,1
Oslo - Blindern;SN18700;24.07.2025 05:00;17,7
Oslo - Blindern;SN18700;24.07.2025 06:00;19,7
Oslo - Blindern;SN18700;24.07.2025 07:00;21,6
Oslo - Blindern;SN18700;24.07.2025 08:00;24,7
Oslo - Blindern;SN18700;24.07.2025 09:00;26,4
Oslo - Blindern;SN18700;24.07.2025 10:00;27,9
Oslo - Blindern;SN18700;24.07.2025 11:00;29,2
Oslo - Blindern;SN18700;24.07.2025 12:00;29,5
Oslo - Blindern;SN18700;24.07.2025 13:00;28,9
Oslo - Blindern;SN18700;24.07.2025 14:00;31,4
Oslo - Blindern;SN18700;24.07.2025 15:00;31,3
Oslo - Blindern;SN18700;24.07.2025 16:00;30,6
Oslo - Blindern;SN18700;24.07.2025 17:00;27,9
Oslo - Blindern;SN18700;24.07.2025 18:00;29,9
Oslo - Blindern;SN18700;24.07.2025 19:00;28,4
Oslo - Blindern;SN18700;24.07.2025 20:00;26,8
Oslo - Blindern;SN18700;24.07.2025 21:00;24,8
Oslo - Blindern;SN18700;24.07.2025 22:00;23
Oslo - Blindern;SN18700;24.07.2025 23:00;21,3
Oslo - Blindern;SN18700;25.07.2025 00:00;19,9
Oslo - Blindern;SN18700;25.07.2025 01:00;19,1
Oslo - Blindern;SN18700;25.07.2025 02:00;18,5
Oslo - Blindern;SN18700;25.07.2025 03:00;17,7
Oslo - Blindern;SN18700;25.07.2025 04:00;17,6
Oslo - Blindern;SN18700;25.07.2025 05:00;17,6
Oslo - Blindern;SN18700;25.07.2025 06:00;19,7
Oslo - Blindern;SN18700;25.07.2025 07:00;22,9
Oslo - Blindern;SN18700;25.07.2025 08:00;24,2
Oslo - Blindern;SN18700;25.07.2025 09:00;25,1
Oslo - Blindern;SN18700;25.07.2025 10:00;27,1
Oslo - Blindern;SN18700;25.07.2025 11:00;27,7
Oslo - Blindern;SN18700;25.07.2025 12:00;28,8
Oslo - Blindern;SN18700;25.07.2025 13:00;29,3
Oslo - Blindern;SN18700;25.07.2025 14:00;29,4
Oslo - Blindern;SN18700;25.07.2025 15:00;28,8
Oslo - Blindern;SN18700;25.07.2025 16:00;27,4
Oslo - Blindern;SN18700;25.07.2025 17:00;27,2
Oslo - Blindern;SN18700;25.07.2025 18:00;25,1
Oslo - Blindern;SN18700;25.07.2025 19:00;23,7
Oslo - Blindern;SN18700;25.07.2025 20:00;21,9
Oslo - Blindern;SN18700;25.07.2025 21:00;20,2
Oslo - Blindern;SN18700;25.07.2025 22:00;20
Oslo - Blindern;SN18700;25.07.2025 23:00;20,1
Oslo - Blindern;SN18700;26.07.2025 00:00;20,1
Oslo - Blindern;SN18700;26.07.2025 01:00;19,9
Oslo - Blindern;SN18700;26.07.2025 02:00;19,7
Oslo - Blindern;SN18700;26.07.2025 03:00;19,6
Oslo - Blindern;SN18700;26.07.2025 04:00;19,4
Oslo - Blindern;SN18700;26.07.2025 05:00;19,2
Oslo - Blindern;SN18700;26.07.2025 06:00;18,7
Oslo - Blindern;SN18700;26.07.2025 07:00;19,3
Oslo - Blindern;SN18700;26.07.2025 08:00;21
Oslo - Blindern;SN18700;26.07.2025 09:00;21,9
Oslo - Blindern;SN18700;26.07.2025 10:00;24,5
Oslo - Blindern;SN18700;26.07.2025 11:00;24,6
Oslo - Blindern;SN18700;26.07.2025 12:00;25,1
Oslo - Blindern;SN18700;26.07.2025 13:00;26,4
Oslo - Blindern;SN18700;26.07.2025 14:00;26,2
Oslo - Blindern;SN18700;26.07.2025 15:00;26,6
Oslo - Blindern;SN18700;26.07.2025 16:00;26,4
Oslo - Blindern;SN18700;26.07.2025 17:00;25,5
Oslo - Blindern;SN18700;26.07.2025 18:00;24,9
Oslo - Blindern;SN18700;26.07.2025 19:00;23,7
Oslo - Blindern;SN18700;26.07.2025 20:00;22,2
Oslo - Blindern;SN18700;26.07.2025 21:00;21
Oslo - Blindern;SN18700;26.07.2025 22:00;20,3
Oslo - Blindern;SN18700;26.07.2025 23:00;19,5
Oslo - Blindern;SN18700;27.07.2025 00:00;19,6
Oslo - Blindern;SN18700;27.07.2025 01:00;19,3
Oslo - Blindern;SN18700;27.07.2025 02:00;19
Oslo - Blindern;SN18700;27.07.2025 03:00;18,7
Oslo - Blindern;SN18700;27.07.2025 04:00;18,2
Oslo - Blindern;SN18700;27.07.2025 05:00;18,2
Oslo - Blindern;SN18700;27.07.2025 06:00;18,2
Oslo - Blindern;SN18700;27.07.2025 07:00;18,5
Oslo - Blindern;SN18700;27.07.2025 08:00;18,7
Oslo - Blindern;SN18700;27.07.2025 09:00;18,8
Oslo - Blindern;SN18700;27.07.2025 10:00;18,9
Oslo - Blindern;SN18700;27.07.2025 11:00;19,7
Oslo - Blindern;SN18700;27.07.2025 12:00;20,5
Oslo - Blindern;SN18700;27.07.2025 13:00;21,6
Oslo - Blindern;SN18700;27.07.2025 14:00;21,8
Oslo - Blindern;SN18700;27.07.2025 15:00;24,5
Oslo - Blindern;SN18700;27.07.2025 16:00;23,1
Oslo - Blindern;SN18700;27.07.2025 17:00;23,5
Oslo - Blindern;SN18700;27.07.2025 18:00;23,2
Oslo - Blindern;SN18700;27.07.2025 19:00;21,8
Oslo - Blindern;SN18700;27.07.2025 20:00;20,9
Oslo - Blindern;SN18700;27.07.2025 21:00;19,7
Oslo - Blindern;SN18700;27.07.2025 22:00;19,1
Oslo - Blindern;SN18700;27.07.2025 23:00;17,7
Oslo - Blindern;SN18700;28.07.2025 00:00;16,6
Oslo - Blindern;SN18700;28.07.2025 01:00;16,2
Oslo - Blindern;SN18700;28.07.2025 02:00;16,2
Oslo - Blindern;SN18700;28.07.2025 03:00;15,7
Oslo - Blindern;SN18700;28.07.2025 04:00;15,2
Oslo - Blindern;SN18700;28.07.2025 05:00;15,2
Oslo - Blindern;SN18700;28.07.2025 06:00;16,9
Oslo - Blindern;SN18700;28.07.2025 07:00;18,6
Oslo - Blindern;SN18700;28.07.2025 08:00;20,2
Oslo - Blindern;SN18700;28.07.2025 09:00;21,4
Oslo - Blindern;SN18700;28.07.2025 10:00;21,6
Oslo - Blindern;SN18700;28.07.2025 11:00;23,4
Oslo - Blindern;SN18700;28.07.2025 12:00;25,3
Oslo - Blindern;SN18700;28.07.2025 13:00;26,5
Oslo - Blindern;SN18700;28.07.2025 14:00;26
Oslo - Blindern;SN18700;28.07.2025 15:00;26
Oslo - Blindern;SN18700;28.07.2025 16:00;25,8
Oslo - Blindern;SN18700;28.07.2025 17:00;24,8
Oslo - Blindern;SN18700;28.07.2025 18:00;22
Oslo - Blindern;SN18700;28.07.2025 19:00;21,9
Oslo - Blindern;SN18700;28.07.2025 20:00;19,7
Oslo - Blindern;SN18700;28.07.2025 21:00;18,1
Oslo - Blindern;SN18700;28.07.2025 22:00;17,1
Oslo - Blindern;SN18700;28.07.2025 23:00;16,2
Oslo - Blindern;SN18700;29.07.2025 00:00;15,5
Oslo - Blindern;SN18700;29.07.2025 01:00;15,6
Oslo - Blindern;SN18700;29.07.2025 02:00;16,5
Oslo - Blindern;SN18700;29.07.2025 03:00;16,5
Oslo - Blindern;SN18700;29.07.2025 04:00;16,3
Oslo - Blindern;SN18700;29.07.2025 05:00;16,6
Oslo - Blindern;SN18700;29.07.2025 06:00;17
Oslo - Blindern;SN18700;29.07.2025 07:00;17,6
Oslo - Blindern;SN18700;29.07.2025 08:00;18,3
Oslo - Blindern;SN18700;29.07.2025 09:00;18,8
Oslo - Blindern;SN18700;29.07.2025 10:00;19,7
Oslo - Blindern;SN18700;29.07.2025 11:00;20,8
Oslo - Blindern;SN18700;29.07.2025 12:00;19,1
Oslo - Blindern;SN18700;29.07.2025 13:00;17,5
Oslo - Blindern;SN18700;29.07.2025 14:00;16,8
Oslo - Blindern;SN18700;29.07.2025 15:00;17,1
Oslo - Blindern;SN18700;29.07.2025 16:00;17,2
Oslo - Blindern;SN18700;29.07.2025 17:00;16,6
Oslo - Blindern;SN18700;29.07.2025 18:00;15,4
Oslo - Blindern;SN18700;29.07.2025 19:00;15,7
Oslo - Blindern;SN18700;29.07.2025 20:00;15,7
Oslo - Blindern;SN18700;29.07.2025 21:00;15,2
Oslo - Blindern;SN18700;29.07.2025 22:00;15,1
Oslo - Blindern;SN18700;29.07.2025 23:00;15,6
Oslo - Blindern;SN18700;30.07.2025 00:00;16,1
Oslo - Blindern;SN18700;30.07.2025 01:00;16,2
Oslo - Blindern;SN18700;30.07.2025 02:00;15,7
Oslo - Blindern;SN18700;30.07.2025 03:00;15,8
Oslo - Blindern;SN18700;30.07.2025 04:00;15,7
Oslo - Blindern;SN18700;30.07.2025 05:00;15,4
Oslo - Blindern;SN18700;30.07.2025 06:00;15,4
Oslo - Blindern;SN18700;30.07.2025 07:00;15,5
Oslo - Blindern;SN18700;30.07.2025 08:00;16,2
Oslo - Blindern;SN18700;30.07.2025 09:00;16,9
Oslo - Blindern;SN18700;30.07.2025 10:00;18,6
Oslo - Blindern;SN18700;30.07.2025 11:00;19,5
Oslo - Blindern;SN18700;30.07.2025 12:00;20,3
Oslo - Blindern;SN18700;30.07.2025 13:00;22,3
Oslo - Blindern;SN18700;30.07.2025 14:00;23,2
Oslo - Blindern;SN18700;30.07.2025 15:00;24
Oslo - Blindern;SN18700;30.07.2025 16:00;22,3
Oslo - Blindern;SN18700;30.07.2025 17:00;22,5
Oslo - Blindern;SN18700;30.07.2025 18:00;22,8
Oslo - Blindern;SN18700;30.07.2025 19:00;21,2
Oslo - Blindern;SN18700;30.07.2025 20:00;20,3
Oslo - Blindern;SN18700;30.07.2025 21:00;19,2
Oslo - Blindern;SN18700;30.07.2025 22:00;17,8
Oslo - Blindern;SN18700;30.07.2025 23:00;16,6
Oslo - Blindern;SN18700;31.07.2025 00:00;16,7
Oslo - Blindern;SN18700;31.07.2025 01:00;16,8
Oslo - Blindern;SN18700;31.07.2025 02:00;17,2
Oslo - Blindern;SN18700;31.07.2025 03:00;16,5
Oslo - Blindern;SN18700;31.07.2025 04:00;16,3
Oslo - Blindern;SN18700;31.07.2025 05:00;16,6
Oslo - Blindern;SN18700;31.07.2025 06:00;17,2
Oslo - Blindern;SN18700;31.07.2025 07:00;17,5
Oslo - Blindern;SN18700;31.07.2025 08:00;17,8
Oslo - Blindern;SN18700;31.07.2025 09:00;17,5
Oslo - Blindern;SN18700;31.07.2025 10:00;17,9
Oslo - Blindern;SN18700;31.07.2025 11:00;18,6
Oslo - Blindern;SN18700;31.07.2025 12:00;19,6
Oslo - Blindern;SN18700;31.07.2025 13:00;19,7
Oslo - Blindern;SN18700;31.07.2025 14:00;17,9
Oslo - Blindern;SN18700;31.07.2025 15:00;18,1
Oslo - Blindern;SN18700;31.07.2025 16:00;18
Oslo - Blindern;SN18700;31.07.2025 17:00;18
Oslo - Blindern;SN18700;31.07.2025 18:00;18
Oslo - Blindern;SN18700;31.07.2025 19:00;18
Oslo - Blindern;SN18700;31.07.2025 20:00;18
Oslo - Blindern;SN18700;31.07.2025 21:00;17,6
Oslo - Blindern;SN18700;31.07.2025 22:00;17,7
Oslo - Blindern;SN18700;31.07.2025 23:00;17,8
Oslo - Blindern;SN18700;01.08.2025 00:00;17,5
Oslo - Blindern;SN18700;01.08.2025 01:00;17,3
Oslo - Blindern;SN18700;01.08.2025 02:00;16,8
Oslo - Blindern;SN18700;01.08.2025 03:00;16,9
Oslo - Blindern;SN18700;01.08.2025 04:00;16,7
Oslo - Blindern;SN18700;01.08.2025 05:00;16,8
Oslo - Blindern;SN18700;01.08.2025 06:00;17,5
Oslo - Blindern;SN18700;01.08.2025 07:00;17,9
Oslo - Blindern;SN18700;01.08.2025 08:00;18,8
Oslo - Blindern;SN18700;01.08.2025 09:00;19,6
Oslo - Blindern;SN18700;01.08.2025 10:00;21,9
Oslo - Blindern;SN18700;01.08.2025 11:00;22,4
Oslo - Blindern;SN18700;01.08.2025 12:00;23,3
Oslo - Blindern;SN18700;01.08.2025 13:00;23,7
Oslo - Blindern;SN18700;01.08.2025 14:00;23,9
Oslo - Blindern;SN18700;01.08.2025 15:00;23,6
Oslo - Blindern;SN18700;01.08.2025 16:00;23,4
Oslo - Blindern;SN18700;01.08.2025 17:00;23
Oslo - Blindern;SN18700;01.08.2025 18:00;21,9
Oslo - Blindern;SN18700;01.08.2025 19:00;20,6
Oslo - Blindern;SN18700;01.08.2025 20:00;20,1
Oslo - Blindern;SN18700;01.08.2025 21:00;19,2
Oslo - Blindern;SN18700;01.08.2025 22:00;18,3
Oslo - Blindern;SN18700;01.08.2025 23:00;17,7
Oslo - Blindern;SN18700;02.08.2025 00:00;17,6
Oslo - Blindern;SN18700;02.08.2025 01:00;17,4
Oslo - Blindern;SN18700;02.08.2025 02:00;17,9
Oslo - Blindern;SN18700;02.08.2025 03:00;17,2
Oslo - Blindern;SN18700;02.08.2025 04:00;17,1
Oslo - Blindern;SN18700;02.08.2025 05:00;17,9
Oslo - Blindern;SN18700;02.08.2025 06:00;18,8
Oslo - Blindern;SN18700;02.08.2025 07:00;19,6
Oslo - Blindern;SN18700;02.08.2025 08:00;20,4
Oslo - Blindern;SN18700;02.08.2025 09:00;20,8
Oslo - Blindern;SN18700;02.08.2025 10:00;20,1
Oslo - Blindern;SN18700;02.08.2025 11:00;20,2
Oslo - Blindern;SN18700;02.08.2025 12:00;19,8
Oslo - Blindern;SN18700;02.08.2025 13:00;19,1
Oslo - Blindern;SN18700;02.08.2025 14:00;20,1
Oslo - Blindern;SN18700;02.08.2025 15:00;19,4
Oslo - Blindern;SN18700;02.08.2025 16:00;17,3
Oslo - Blindern;SN18700;02.08.2025 17:00;17,8
Oslo - Blindern;SN18700;02.08.2025 18:00;18,1
Oslo - Blindern;SN18700;02.08.2025 19:00;18
Oslo - Blindern;SN18700;02.08.2025 20:00;17,5
Oslo - Blindern;SN18700;02.08.2025 21:00;17
Oslo - Blindern;SN18700;02.08.2025 22:00;16,7
Oslo - Blindern;SN18700;02.08.2025 23:00;16,1
Oslo - Blindern;SN18700;03.08.2025 00:00;15,4
Oslo - Blindern;SN18700;03.08.2025 01:00;15,3
Oslo - Blindern;SN18700;03.08.2025 02:00;15,1
Oslo - Blindern;SN18700;03.08.2025 03:00;14,1
Oslo - Blindern;SN18700;03.08.2025 04:00;13,9
Oslo - Blindern;SN18700;03.08.2025 05:00;14,3
Oslo - Blindern;SN18700;03.08.2025 06:00;15,2
Oslo - Blindern;SN18700;03.08.2025 07:00;17,6
Oslo - Blindern;SN18700;03.08.2025 08:00;18,1
Oslo - Blindern;SN18700;03.08.2025 09:00;19,6
Oslo - Blindern;SN18700;03.08.2025 10:00;20
Oslo - Blindern;SN18700;03.08.2025 11:00;20,7
Oslo - Blindern;SN18700;03.08.2025 12:00;23
Oslo - Blindern;SN18700;03.08.2025 13:00;19
Oslo - Blindern;SN18700;03.08.2025 14:00;22,9
Oslo - Blindern;SN18700;03.08.2025 15:00;22,5
Oslo - Blindern;SN18700;03.08.2025 16:00;23
Oslo - Blindern;SN18700;03.08.2025 17:00;18,7
Oslo - Blindern;SN18700;03.08.2025 18:00;19,2
Oslo - Blindern;SN18700;03.08.2025 19:00;18,8
Oslo - Blindern;SN18700;03.08.2025 20:00;18
Oslo - Blindern;SN18700;03.08.2025 21:00;17,3
Oslo - Blindern;SN18700;03.08.2025 22:00;16,9
Oslo - Blindern;SN18700;03.08.2025 23:00;16,8
Oslo - Blindern;SN18700;04.08.2025 00:00;16,5
Oslo - Blindern;SN18700;04.08.2025 01:00;16,3
Oslo - Blindern;SN18700;04.08.2025 02:00;16,2
Oslo - Blindern;SN18700;04.08.2025 03:00;16,4
Oslo - Blindern;SN18700;04.08.2025 04:00;16,3
Oslo - Blindern;SN18700;04.08.2025 05:00;16,1
Oslo - Blindern;SN18700;04.08.2025 06:00;16,5
Oslo - Blindern;SN18700;04.08.2025 07:00;17,2
Oslo - Blindern;SN18700;04.08.2025 08:00;17,3
Oslo - Blindern;SN18700;04.08.2025 09:00;18,7
Oslo - Blindern;SN18700;04.08.2025 10:00;19,2
Oslo - Blindern;SN18700;04.08.2025 11:00;18,9
Oslo - Blindern;SN18700;04.08.2025 12:00;19,8
Oslo - Blindern;SN18700;04.08.2025 13:00;19,6
Oslo - Blindern;SN18700;04.08.2025 14:00;19,8
Oslo - Blindern;SN18700;04.08.2025 15:00;18,8
Oslo - Blindern;SN18700;04.08.2025 16:00;19,5
Oslo - Blindern;SN18700;04.08.2025 17:00;19,1
Oslo - Blindern;SN18700;04.08.2025 18:00;17,5
Oslo - Blindern;SN18700;04.08.2025 19:00;17,1
Oslo - Blindern;SN18700;04.08.2025 20:00;16,6
Oslo - Blindern;SN18700;04.08.2025 21:00;14,4
Oslo - Blindern;SN18700;04.08.2025 22:00;14
Oslo - Blindern;SN18700;04.08.2025 23:00;12,7
Oslo - Blindern;SN18700;05.08.2025 00:00;12,7
Oslo - Blindern;SN18700;05.08.2025 01:00;14
Oslo - Blindern;SN18700;05.08.2025 02:00;14,7
Oslo - Blindern;SN18700;05.08.2025 03:00;14,1
Oslo - Blindern;SN18700;05.08.2025 04:00;14,4
Oslo - Blindern;SN18700;05.08.2025 05:00;14,2
Oslo - Blindern;SN18700;05.08.2025 06:00;14,5
Oslo - Blindern;SN18700;05.08.2025 07:00;14,6
Oslo - Blindern;SN18700;05.08.2025 08:00;14,5
Oslo - Blindern;SN18700;05.08.2025 09:00;14,8
Oslo - Blindern;SN18700;05.08.2025 10:00;15,2
Oslo - Blindern;SN18700;05.08.2025 11:00;15,9
Oslo - Blindern;SN18700;05.08.2025 12:00;16,3
Oslo - Blindern;SN18700;05.08.2025 13:00;15,3
Oslo - Blindern;SN18700;05.08.2025 14:00;16
Oslo - Blindern;SN18700;05.08.2025 15:00;17,5
Oslo - Blindern;SN18700;05.08.2025 16:00;17,2
Oslo - Blindern;SN18700;05.08.2025 17:00;17,6
Oslo - Blindern;SN18700;05.08.2025 18:00;17,9
Oslo - Blindern;SN18700;05.08.2025 19:00;17,2
Oslo - Blindern;SN18700;05.08.2025 20:00;16,3
Oslo - Blindern;SN18700;05.08.2025 21:00;15,9
Oslo - Blindern;SN18700;05.08.2025 22:00;15,6
Oslo - Blindern;SN18700;05.08.2025 23:00;14,8
Oslo - Blindern;SN18700;06.08.2025 00:00;13,9
Oslo - Blindern;SN18700;06.08.2025 01:00;13,7
Oslo - Blindern;SN18700;06.08.2025 02:00;13,5
Oslo - Blindern;SN18700;06.08.2025 03:00;13,3
Oslo - Blindern;SN18700;06.08.2025 04:00;12,9
Oslo - Blindern;SN18700;06.08.2025 05:00;13,1
Oslo - Blindern;SN18700;06.08.2025 06:00;14,2
Oslo - Blindern;SN18700;06.08.2025 07:00;15,5
Oslo - Blindern;SN18700;06.08.2025 08:00;15,4
Oslo - Blindern;SN18700;06.08.2025 09:00;16,9
Oslo - Blindern;SN18700;06.08.2025 10:00;16,6
Oslo - Blindern;SN18700;06.08.2025 11:00;16,3
Oslo - Blindern;SN18700;06.08.2025 12:00;18,8
Oslo - Blindern;SN18700;06.08.2025 13:00;21,8
Oslo - Blindern;SN18700;06.08.2025 14:00;22,4
Oslo - Blindern;SN18700;06.08.2025 15:00;22,7
Oslo - Blindern;SN18700;06.08.2025 16:00;21,1
Oslo - Blindern;SN18700;06.08.2025 17:00;20,3
Oslo - Blindern;SN18700;06.08.2025 18:00;19,7
Oslo - Blindern;SN18700;06.08.2025 19:00;19,1
Oslo - Blindern;SN18700;06.08.2025 20:00;16,6
Oslo - Blindern;SN18700;06.08.2025 21:00;15,8
Oslo - Blindern;SN18700;06.08.2025 22:00;14,8
Oslo - Blindern;SN18700;06.08.2025 23:00;13,5
Oslo - Blindern;SN18700;07.08.2025 00:00;12,7
Oslo - Blindern;SN18700;07.08.2025 01:00;12
Oslo - Blindern;SN18700;07.08.2025 02:00;12,6
Oslo - Blindern;SN18700;07.08.2025 03:00;12
Oslo - Blindern;SN18700;07.08.2025 04:00;11,4
Oslo - Blindern;SN18700;07.08.2025 05:00;10,6
Oslo - Blindern;SN18700;07.08.2025 06:00;13,1
Oslo - Blindern;SN18700;07.08.2025 07:00;16
Oslo - Blindern;SN18700;07.08.2025 08:00;17,7
Oslo - Blindern;SN18700;07.08.2025 09:00;19,1
Oslo - Blindern;SN18700;07.08.2025 10:00;18,4
Oslo - Blindern;SN18700;07.08.2025 11:00;20
Oslo - Blindern;SN18700;07.08.2025 12:00;19,4
Oslo - Blindern;SN18700;07.08.2025 13:00;20,2
Oslo - Blindern;SN18700;07.08.2025 14:00;20,6
Oslo - Blindern;SN18700;07.08.2025 15:00;19,5
Oslo - Blindern;SN18700;07.08.2025 16:00;17,4
Oslo - Blindern;SN18700;07.08.2025 17:00;17,1
Oslo - Blindern;SN18700;07.08.2025 18:00;15,8
Oslo - Blindern;SN18700;07.08.2025 19:00;14,9
Oslo - Blindern;SN18700;07.08.2025 20:00;14,7
Oslo - Blindern;SN18700;07.08.2025 21:00;14,7
Oslo - Blindern;SN18700;07.08.2025 22:00;15
Oslo - Blindern;SN18700;07.08.2025 23:00;15,1
Oslo - Blindern;SN18700;08.08.2025 00:00;14,8
Oslo - Blindern;SN18700;08.08.2025 01:00;14,8
Oslo - Blindern;SN18700;08.08.2025 02:00;14
Oslo - Blindern;SN18700;08.08.2025 03:00;13,8
Oslo - Blindern;SN18700;08.08.2025 04:00;14,5
Oslo - Blindern;SN18700;08.08.2025 05:00;14,1
Oslo - Blindern;SN18700;08.08.2025 06:00;14,9
Oslo - Blindern;SN18700;08.08.2025 07:00;15,4
Oslo - Blindern;SN18700;08.08.2025 08:00;16,3
Oslo - Blindern;SN18700;08.08.2025 09:00;18
Oslo - Blindern;SN18700;08.08.2025 10:00;19,9
Oslo - Blindern;SN18700;08.08.2025 11:00;21,2
Oslo - Blindern;SN18700;08.08.2025 12:00;19,6
Oslo - Blindern;SN18700;08.08.2025 13:00;22,1
Oslo - Blindern;SN18700;08.08.2025 14:00;22,7
Oslo - Blindern;SN18700;08.08.2025 15:00;21,4
Oslo - Blindern;SN18700;08.08.2025 16:00;21,4
Oslo - Blindern;SN18700;08.08.2025 17:00;20,7
Oslo - Blindern;SN18700;08.08.2025 18:00;19
Oslo - Blindern;SN18700;08.08.2025 19:00;17,8
Oslo - Blindern;SN18700;08.08.2025 20:00;16,9
Oslo - Blindern;SN18700;08.08.2025 21:00;15,8
Oslo - Blindern;SN18700;08.08.2025 22:00;15,9
Oslo - Blindern;SN18700;08.08.2025 23:00;15,3
Oslo - Blindern;SN18700;09.08.2025 00:00;13,7
Oslo - Blindern;SN18700;09.08.2025 01:00;13,1
Oslo - Blindern;SN18700;09.08.2025 02:00;12,7
Oslo - Blindern;SN18700;09.08.2025 03:00;11,9
Oslo - Blindern;SN18700;09.08.2025 04:00;11,9
Oslo - Blindern;SN18700;09.08.2025 05:00;12,1
Oslo - Blindern;SN18700;09.08.2025 06:00;12,5
Oslo - Blindern;SN18700;09.08.2025 07:00;14,3
Oslo - Blindern;SN18700;09.08.2025 08:00;16,1
Oslo - Blindern;SN18700;09.08.2025 09:00;17,3
Oslo - Blindern;SN18700;09.08.2025 10:00;19,4
Oslo - Blindern;SN18700;09.08.2025 11:00;20,2
Oslo - Blindern;SN18700;09.08.2025 12:00;19,2
Oslo - Blindern;SN18700;09.08.2025 13:00;19,8
Oslo - Blindern;SN18700;09.08.2025 14:00;18,9
Oslo - Blindern;SN18700;09.08.2025 15:00;18,6
Oslo - Blindern;SN18700;09.08.2025 16:00;17,5
Oslo - Blindern;SN18700;09.08.2025 17:00;17,5
Oslo - Blindern;SN18700;09.08.2025 18:00;17,7
Oslo - Blindern;SN18700;09.08.2025 19:00;14,8
Oslo - Blindern;SN18700;09.08.2025 20:00;14
Oslo - Blindern;SN18700;09.08.2025 21:00;13,8
Oslo - Blindern;SN18700;09.08.2025 22:00;13,8
Oslo - Blindern;SN18700;09.08.2025 23:00;13
Oslo - Blindern;SN18700;10.08.2025 00:00;12,3
Oslo - Blindern;SN18700;10.08.2025 01:00;11,7
Oslo - Blindern;SN18700;10.08.2025 02:00;11,5
Oslo - Blindern;SN18700;10.08.2025 03:00;10,7
Oslo - Blindern;SN18700;10.08.2025 04:00;10
Oslo - Blindern;SN18700;10.08.2025 05:00;9,5
Oslo - Blindern;SN18700;10.08.2025 06:00;10,4
Oslo - Blindern;SN18700;10.08.2025 07:00;13
Oslo - Blindern;SN18700;10.08.2025 08:00;15,3
Oslo - Blindern;SN18700;10.08.2025 09:00;17,5
Oslo - Blindern;SN18700;10.08.2025 10:00;18,7
Oslo - Blindern;SN18700;10.08.2025 11:00;19,4
Oslo - Blindern;SN18700;10.08.2025 12:00;19,7
Oslo - Blindern;SN18700;10.08.2025 13:00;19,4
Oslo - Blindern;SN18700;10.08.2025 14:00;20,4
Oslo - Blindern;SN18700;10.08.2025 15:00;21,3
Oslo - Blindern;SN18700;10.08.2025 16:00;21,8
Oslo - Blindern;SN18700;10.08.2025 17:00;20,6
Oslo - Blindern;SN18700;10.08.2025 18:00;21
Oslo - Blindern;SN18700;10.08.2025 19:00;18,8
Oslo - Blindern;SN18700;10.08.2025 20:00;17
Oslo - Blindern;SN18700;10.08.2025 21:00;15,3
Oslo - Blindern;SN18700;10.08.2025 22:00;14,8
Oslo - Blindern;SN18700;10.08.2025 23:00;14
Oslo - Blindern;SN18700;11.08.2025 00:00;13,5
Oslo - Blindern;SN18700;11.08.2025 01:00;12,1
Oslo - Blindern;SN18700;11.08.2025 02:00;10,8
Oslo - Blindern;SN18700;11.08.2025 03:00;10,8
Oslo - Blindern;SN18700;11.08.2025 04:00;10,9
Oslo - Blindern;SN18700;11.08.2025 05:00;10,9
Oslo - Blindern;SN18700;11.08.2025 06:00;11,6
Oslo - Blindern;SN18700;11.08.2025 07:00;12,6
Oslo - Blindern;SN18700;11.08.2025 08:00;14
Oslo - Blindern;SN18700;11.08.2025 09:00;16,1
Oslo - Blindern;SN18700;11.08.2025 10:00;17,8
Oslo - Blindern;SN18700;11.08.2025 11:00;19,6
Oslo - Blindern;SN18700;11.08.2025 12:00;19,8
Oslo - Blindern;SN18700;11.08.2025 13:00;18,9
Oslo - Blindern;SN18700;11.08.2025 14:00;19,5
Oslo - Blindern;SN18700;11.08.2025 15:00;20,9
Oslo - Blindern;SN18700;11.08.2025 16:00;20,4
Oslo - Blindern;SN18700;11.08.2025 17:00;19
Oslo - Blindern;SN18700;11.08.2025 18:00;18,2
Oslo - Blindern;SN18700;11.08.2025 19:00;17,6
Oslo - Blindern;SN18700;11.08.2025 20:00;16,9
Oslo - Blindern;SN18700;11.08.2025 21:00;15,6
Oslo - Blindern;SN18700;11.08.2025 22:00;14,9
Oslo - Blindern;SN18700;11.08.2025 23:00;14,2
Oslo - Blindern;SN18700;12.08.2025 00:00;13,1
Oslo - Blindern;SN18700;12.08.2025 01:00;12,1
Oslo - Blindern;SN18700;12.08.2025 02:00;13,4
Oslo - Blindern;SN18700;12.08.2025 03:00;12,9
Oslo - Blindern;SN18700;12.08.2025 04:00;11,6
Oslo - Blindern;SN18700;12.08.2025 05:00;10,5
Oslo - Blindern;SN18700;12.08.2025 06:00;10,8
Oslo - Blindern;SN18700;12.08.2025 07:00;15,1
Oslo - Blindern;SN18700;12.08.2025 08:00;17
Oslo - Blindern;SN18700;12.08.2025 09:00;18,2
Oslo - Blindern;SN18700;12.08.2025 10:00;19,1
Oslo - Blindern;SN18700;12.08.2025 11:00;20,8
Oslo - Blindern;SN18700;12.08.2025 12:00;20,3
Oslo - Blindern;SN18700;12.08.2025 13:00;22,2
Oslo - Blindern;SN18700;12.08.2025 14:00;21,8
Oslo - Blindern;SN18700;12.08.2025 15:00;21
Oslo - Blindern;SN18700;12.08.2025 16:00;20,5
Oslo - Blindern;SN18700;12.08.2025 17:00;20
Oslo - Blindern;SN18700;12.08.2025 18:00;17,8
Oslo - Blindern;SN18700;12.08.2025 19:00;14,5
Oslo - Blindern;SN18700;12.08.2025 20:00;14,5
Oslo - Blindern;SN18700;12.08.2025 21:00;14,2
Oslo - Blindern;SN18700;12.08.2025 22:00;14,2
Oslo - Blindern;SN18700;12.08.2025 23:00;14
Oslo - Blindern;SN18700;13.08.2025 00:00;13,6
Oslo - Blindern;SN18700;13.08.2025 01:00;13,2
Oslo - Blindern;SN18700;13.08.2025 02:00;13,4
Oslo - Blindern;SN18700;13.08.2025 03:00;13,6
Oslo - Blindern;SN18700;13.08.2025 04:00;13,8
Oslo - Blindern;SN18700;13.08.2025 05:00;13,9
Oslo - Blindern;SN18700;13.08.2025 06:00;14,5
Oslo - Blindern;SN18700;13.08.2025 07:00;15,5
Oslo - Blindern;SN18700;13.08.2025 08:00;16,1
Oslo - Blindern;SN18700;13.08.2025 09:00;17,9
Oslo - Blindern;SN18700;13.08.2025 10:00;19,7
Oslo - Blindern;SN18700;13.08.2025 11:00;20,7
Oslo - Blindern;SN18700;13.08.2025 12:00;23,4
Oslo - Blindern;SN18700;13.08.2025 13:00;24,6
Oslo - Blindern;SN18700;13.08.2025 14:00;24
Oslo - Blindern;SN18700;13.08.2025 15:00;25
Oslo - Blindern;SN18700;13.08.2025 16:00;24
Oslo - Blindern;SN18700;13.08.2025 17:00;23,7
Oslo - Blindern;SN18700;13.08.2025 18:00;22,8
Oslo - Blindern;SN18700;13.08.2025 19:00;21,7
Oslo - Blindern;SN18700;13.08.2025 20:00;19,9
Oslo - Blindern;SN18700;13.08.2025 21:00;18,5
Oslo - Blindern;SN18700;13.08.2025 22:00;17,7
Oslo - Blindern;SN18700;13.08.2025 23:00;17
Oslo - Blindern;SN18700;14.08.2025 00:00;16,3
Oslo - Blindern;SN18700;14.08.2025 01:00;16
Oslo - Blindern;SN18700;14.08.2025 02:00;15,4
Oslo - Blindern;SN18700;14.08.2025 03:00;14,8
Oslo - Blindern;SN18700;14.08.2025 04:00;15,4
Oslo - Blindern;SN18700;14.08.2025 05:00;16,1
Oslo - Blindern;SN18700;14.08.2025 06:00;16,9
Oslo - Blindern;SN18700;14.08.2025 07:00;17,7
Oslo - Blindern;SN18700;14.08.2025 08:00;18,7
Oslo - Blindern;SN18700;14.08.2025 09:00;20,8
Oslo - Blindern;SN18700;14.08.2025 10:00;22,6
Oslo - Blindern;SN18700;14.08.2025 11:00;24,5
Oslo - Blindern;SN18700;14.08.2025 12:00;25,3
Oslo - Blindern;SN18700;14.08.2025 13:00;25,8
Oslo - Blindern;SN18700;14.08.2025 14:00;25,2
Oslo - Blindern;SN18700;14.08.2025 15:00;24,5
Oslo - Blindern;SN18700;14.08.2025 16:00;23,4
Oslo - Blindern;SN18700;14.08.2025 17:00;22,3
Oslo - Blindern;SN18700;14.08.2025 18:00;20,6
Oslo - Blindern;SN18700;14.08.2025 19:00;18,7
Oslo - Blindern;SN18700;14.08.2025 20:00;17,9
Oslo - Blindern;SN18700;14.08.2025 21:00;17,5
Oslo - Blindern;SN18700;14.08.2025 22:00;16,8
Oslo - Blindern;SN18700;14.08.2025 23:00;16,6
Oslo - Blindern;SN18700;15.08.2025 00:00;16,1
Oslo - Blindern;SN18700;15.08.2025 01:00;15,4
Oslo - Blindern;SN18700;15.08.2025 02:00;14,8
Oslo - Blindern;SN18700;15.08.2025 03:00;14,8
Oslo - Blindern;SN18700;15.08.2025 04:00;14,5
Oslo - Blindern;SN18700;15.08.2025 05:00;15,2
Oslo - Blindern;SN18700;15.08.2025 06:00;15,9
Oslo - Blindern;SN18700;15.08.2025 07:00;16
Oslo - Blindern;SN18700;15.08.2025 08:00;16,5
Oslo - Blindern;SN18700;15.08.2025 09:00;17,2
Oslo - Blindern;SN18700;15.08.2025 10:00;19,5
Oslo - Blindern;SN18700;15.08.2025 11:00;21,7
Oslo - Blindern;SN18700;15.08.2025 12:00;22
Oslo - Blindern;SN18700;15.08.2025 13:00;22,9
Oslo - Blindern;SN18700;15.08.2025 14:00;24,7
Oslo - Blindern;SN18700;15.08.2025 15:00;23,9
Oslo - Blindern;SN18700;15.08.2025 16:00;22,9
Oslo - Blindern;SN18700;15.08.2025 17:00;23,5
Oslo - Blindern;SN18700;15.08.2025 18:00;22,4
Oslo - Blindern;SN18700;15.08.2025 19:00;20,8
Oslo - Blindern;SN18700;15.08.2025 20:00;18,6
Oslo - Blindern;SN18700;15.08.2025 21:00;17,3
Oslo - Blindern;SN18700;15.08.2025 22:00;16,6
Oslo - Blindern;SN18700;15.08.2025 23:00;16
Oslo - Blindern;SN18700;16.08.2025 00:00;14,7
Oslo - Blindern;SN18700;16.08.2025 01:00;13,5
Oslo - Blindern;SN18700;16.08.2025 02:00;12
Oslo - Blindern;SN18700;16.08.2025 03:00;11,1
Oslo - Blindern;SN18700;16.08.2025 04:00;10
Oslo - Blindern;SN18700;16.08.2025 05:00;10,5
Oslo - Blindern;SN18700;16.08.2025 06:00;11,4
Oslo - Blindern;SN18700;16.08.2025 07:00;14,9
Oslo - Blindern;SN18700;16.08.2025 08:00;16,1
Oslo - Blindern;SN18700;16.08.2025 09:00;16,9
Oslo - Blindern;SN18700;16.08.2025 10:00;19
Oslo - Blindern;SN18700;16.08.2025 11:00;19,7
Oslo - Blindern;SN18700;16.08.2025 12:00;21,3
Oslo - Blindern;SN18700;16.08.2025 13:00;21,8
Oslo - Blindern;SN18700;16.08.2025 14:00;23,4
Oslo - Blindern;SN18700;16.08.2025 15:00;23,1
Oslo - Blindern;SN18700;16.08.2025 16:00;22,3
Oslo - Blindern;SN18700;16.08.2025 17:00;20,4
Oslo - Blindern;SN18700;16.08.2025 18:00;20,8
Oslo - Blindern;SN18700;16.08.2025 19:00;20
Oslo - Blindern;SN18700;16.08.2025 20:00;18,2
Oslo - Blindern;SN18700;16.08.2025 21:00;16,3
Oslo - Blindern;SN18700;16.08.2025 22:00;14,6
Oslo - Blindern;SN18700;16.08.2025 23:00;13,3
Oslo - Blindern;SN18700;17.08.2025 00:00;13,3
Oslo - Blindern;SN18700;17.08.2025 01:00;11,5
Oslo - Blindern;SN18700;17.08.2025 02:00;10,8
Oslo - Blindern;SN18700;17.08.2025 03:00;10,3
Oslo - Blindern;SN18700;17.08.2025 04:00;9,7
Oslo - Blindern;SN18700;17.08.2025 05:00;9,4
Oslo - Blindern;SN18700;17.08.2025 06:00;10,9
Oslo - Blindern;SN18700;17.08.2025 07:00;16,2
Oslo - Blindern;SN18700;17.08.2025 08:00;18,9
Oslo - Blindern;SN18700;17.08.2025 09:00;19,5
Oslo - Blindern;SN18700;17.08.2025 10:00;20,4
Oslo - Blindern;SN18700;17.08.2025 11:00;21,6
Oslo - Blindern;SN18700;17.08.2025 12:00;23,3
Oslo - Blindern;SN18700;17.08.2025 13:00;24
Oslo - Blindern;SN18700;17.08.2025 14:00;24,5
Oslo - Blindern;SN18700;17.08.2025 15:00;25,2
Oslo - Blindern;SN18700;17.08.2025 16:00;26,1
Oslo - Blindern;SN18700;17.08.2025 17:00;25,2
Oslo - Blindern;SN18700;17.08.2025 18:00;24,7
Oslo - Blindern;SN18700;17.08.2025 19:00;23,7
Oslo - Blindern;SN18700;17.08.2025 20:00;21,2
Oslo - Blindern;SN18700;17.08.2025 21:00;19,1
Oslo - Blindern;SN18700;17.08.2025 22:00;18,1
Oslo - Blindern;SN18700;17.08.2025 23:00;16,5
Oslo - Blindern;SN18700;18.08.2025 00:00;15,7
Oslo - Blindern;SN18700;18.08.2025 01:00;15,5
Oslo - Blindern;SN18700;18.08.2025 02:00;15,5
Oslo - Blindern;SN18700;18.08.2025 03:00;15
Oslo - Blindern;SN18700;18.08.2025 04:00;13,4
Oslo - Blindern;SN18700;18.08.2025 05:00;13,2
Oslo - Blindern;SN18700;18.08.2025 06:00;13,5
Oslo - Blindern;SN18700;18.08.2025 07:00;18
Oslo - Blindern;SN18700;18.08.2025 08:00;19,8
Oslo - Blindern;SN18700;18.08.2025 09:00;20,7
Oslo - Blindern;SN18700;18.08.2025 10:00;21,5
Oslo - Blindern;SN18700;18.08.2025 11:00;22,5
Oslo - Blindern;SN18700;18.08.2025 12:00;24,7
Oslo - Blindern;SN18700;18.08.2025 13:00;25,5
Oslo - Blindern;SN18700;18.08.2025 14:00;26,2
Oslo - Blindern;SN18700;18.08.2025 15:00;25,8
Oslo - Blindern;SN18700;18.08.2025 16:00;25,5
Oslo - Blindern;SN18700;18.08.2025 17:00;24,6
Oslo - Blindern;SN18700;18.08.2025 18:00;23,1
Oslo - Blindern;SN18700;18.08.2025 19:00;20,7
Oslo - Blindern;SN18700;18.08.2025 20:00;18,8
Oslo - Blindern;SN18700;18.08.2025 21:00;17,5
Oslo - Blindern;SN18700;18.08.2025 22:00;17,2
Oslo - Blindern;SN18700;18.08.2025 23:00;17,4
Oslo - Blindern;SN18700;19.08.2025 00:00;16,8
Oslo - Blindern;SN18700;19.08.2025 01:00;15,8
Oslo - Blindern;SN18700;19.08.2025 02:00;17,1
Oslo - Blindern;SN18700;19.08.2025 03:00;16,7
Oslo - Blindern;SN18700;19.08.2025 04:00;16,2
Oslo - Blindern;SN18700;19.08.2025 05:00;15,2
Oslo - Blindern;SN18700;19.08.2025 06:00;15,2
Oslo - Blindern;SN18700;19.08.2025 07:00;15,8
Oslo - Blindern;SN18700;19.08.2025 08:00;16
Oslo - Blindern;SN18700;19.08.2025 09:00;15
Oslo - Blindern;SN18700;19.08.2025 10:00;16,1
Oslo - Blindern;SN18700;19.08.2025 11:00;17,8
Oslo - Blindern;SN18700;19.08.2025 12:00;18,7
Oslo - Blindern;SN18700;19.08.2025 13:00;19,5
Oslo - Blindern;SN18700;19.08.2025 14:00;19,2
Oslo - Blindern;SN18700;19.08.2025 15:00;19,1
Oslo - Blindern;SN18700;19.08.2025 16:00;18,7
Oslo - Blindern;SN18700;19.08.2025 17:00;18,6
Oslo - Blindern;SN18700;19.08.2025 18:00;17,6
Oslo - Blindern;SN18700;19.08.2025 19:00;17,1
Oslo - Blindern;SN18700;19.08.2025 20:00;15,7
Oslo - Blindern;SN18700;19.08.2025 21:00;14
Oslo - Blindern;SN18700;19.08.2025 22:00;14,1
Oslo - Blindern;SN18700;19.08.2025 23:00;13,1
Oslo - Blindern;SN18700;20.08.2025 00:00;12,5
Oslo - Blindern;SN18700;20.08.2025 01:00;11,3
Oslo - Blindern;SN18700;20.08.2025 02:00;10,7
Oslo - Blindern;SN18700;20.08.2025 03:00;9,6
Oslo - Blindern;SN18700;20.08.2025 04:00;8,8
Oslo - Blindern;SN18700;20.08.2025 05:00;7,2
Oslo - Blindern;SN18700;20.08.2025 06:00;7,5
Oslo - Blindern;SN18700;20.08.2025 07:00;12,1
Oslo - Blindern;SN18700;20.08.2025 08:00;14,7
Oslo - Blindern;SN18700;20.08.2025 09:00;15,4
Oslo - Blindern;SN18700;20.08.2025 10:00;16,4
Oslo - Blindern;SN18700;20.08.2025 11:00;17,4
Oslo - Blindern;SN18700;20.08.2025 12:00;18,6
Oslo - Blindern;SN18700;20.08.2025 13:00;19,3
Oslo - Blindern;SN18700;20.08.2025 14:00;17,7
Oslo - Blindern;SN18700;20.08.2025 15:00;17,8
Oslo - Blindern;SN18700;20.08.2025 16:00;17,1
Oslo - Blindern;SN18700;20.08.2025 17:00;15,7
Oslo - Blindern;SN18700;20.08.2025 18:00;14,1
Oslo - Blindern;SN18700;20.08.2025 19:00;13,5
Oslo - Blindern;SN18700;20.08.2025 20:00;12,7
Oslo - Blindern;SN18700;20.08.2025 21:00;12
Oslo - Blindern;SN18700;20.08.2025 22:00;12,3
Oslo - Blindern;SN18700;20.08.2025 23:00;12,1
Oslo - Blindern;SN18700;21.08.2025 00:00;11,6
Oslo - Blindern;SN18700;21.08.2025 01:00;11,5
Oslo - Blindern;SN18700;21.08.2025 02:00;11,1
Oslo - Blindern;SN18700;21.08.2025 03:00;10,5
Oslo - Blindern;SN18700;21.08.2025 04:00;10
Oslo - Blindern;SN18700;21.08.2025 05:00;9,8
Oslo - Blindern;SN18700;21.08.2025 06:00;10,2
Oslo - Blindern;SN18700;21.08.2025 07:00;10,6
Oslo - Blindern;SN18700;21.08.2025 08:00;12,2
Oslo - Blindern;SN18700;21.08.2025 09:00;13,4
Oslo - Blindern;SN18700;21.08.2025 10:00;15
Oslo - Blindern;SN18700;21.08.2025 11:00;15,3
Oslo - Blindern;SN18700;21.08.2025 12:00;15,4
Oslo - Blindern;SN18700;21.08.2025 13:00;16,9
Oslo - Blindern;SN18700;21.08.2025 14:00;17,2
Oslo - Blindern;SN18700;21.08.2025 15:00;15,9
Oslo - Blindern;SN18700;21.08.2025 16:00;19,1
Oslo - Blindern;SN18700;21.08.2025 17:00;16,3
Oslo - Blindern;SN18700;21.08.2025 18:00;16,5
Oslo - Blindern;SN18700;21.08.2025 19:00;15,2
Oslo - Blindern;SN18700;21.08.2025 20:00;13,5
Oslo - Blindern;SN18700;21.08.2025 21:00;14,8
Oslo - Blindern;SN18700;21.08.2025 22:00;14
Oslo - Blindern;SN18700;21.08.2025 23:00;13
Oslo - Blindern;SN18700;22.08.2025 00:00;12
Oslo - Blindern;SN18700;22.08.2025 01:00;11,9
Oslo - Blindern;SN18700;22.08.2025 02:00;11,1
Oslo - Blindern;SN18700;22.08.2025 03:00;10,3
Oslo - Blindern;SN18700;22.08.2025 04:00;10,2
Oslo - Blindern;SN18700;22.08.2025 05:00;10,2
Oslo - Blindern;SN18700;22.08.2025 06:00;10,9
Oslo - Blindern;SN18700;22.08.2025 07:00;11,1
Oslo - Blindern;SN18700;22.08.2025 08:00;10,2
Oslo - Blindern;SN18700;22.08.2025 09:00;12
Oslo - Blindern;SN18700;22.08.2025 10:00;16,2
Oslo - Blindern;SN18700;22.08.2025 11:00;15,2
Oslo - Blindern;SN18700;22.08.2025 12:00;14,8
Oslo - Blindern;SN18700;22.08.2025 13:00;16
Oslo - Blindern;SN18700;22.08.2025 14:00;16,6
Oslo - Blindern;SN18700;22.08.2025 15:00;18
Oslo - Blindern;SN18700;22.08.2025 16:00;16,3
Oslo - Blindern;SN18700;22.08.2025 17:00;15,2
Oslo - Blindern;SN18700;22.08.2025 18:00;14,5
Oslo - Blindern;SN18700;22.08.2025 19:00;12
Oslo - Blindern;SN18700;22.08.2025 20:00;11,3
Oslo - Blindern;SN18700;22.08.2025 21:00;10,3
Oslo - Blindern;SN18700;22.08.2025 22:00;9,7
Oslo - Blindern;SN18700;22.08.2025 23:00;9,3
Oslo - Blindern;SN18700;23.08.2025 00:00;8,9
Oslo - Blindern;SN18700;23.08.2025 01:00;7,4
Oslo - Blindern;SN18700;23.08.2025 02:00;8,7
Oslo - Blindern;SN18700;23.08.2025 03:00;9,4
Oslo - Blindern;SN18700;23.08.2025 04:00;8,5
Oslo - Blindern;SN18700;23.08.2025 05:00;8,6
Oslo - Blindern;SN18700;23.08.2025 06:00;9,6
Oslo - Blindern;SN18700;23.08.2025 07:00;11,6
Oslo - Blindern;SN18700;23.08.2025 08:00;12,9
Oslo - Blindern;SN18700;23.08.2025 09:00;14,2
Oslo - Blindern;SN18700;23.08.2025 10:00;15,7
Oslo - Blindern;SN18700;23.08.2025 11:00;16,7
Oslo - Blindern;SN18700;23.08.2025 12:00;17,1
Oslo - Blindern;SN18700;23.08.2025 13:00;17,6
Oslo - Blindern;SN18700;23.08.2025 14:00;18,1
Oslo - Blindern;SN18700;23.08.2025 15:00;19,6
Oslo - Blindern;SN18700;23.08.2025 16:00;20,4
Oslo - Blindern;SN18700;23.08.2025 17:00;19,2
Oslo - Blindern;SN18700;23.08.2025 18:00;17
Oslo - Blindern;SN18700;23.08.2025 19:00;16,7
Oslo - Blindern;SN18700;23.08.2025 20:00;14,3
Oslo - Blindern;SN18700;23.08.2025 21:00;13,2
Oslo - Blindern;SN18700;23.08.2025 22:00;12,7
Oslo - Blindern;SN18700;23.08.2025 23:00;13,5
Oslo - Blindern;SN18700;24.08.2025 00:00;13,3
Oslo - Blindern;SN18700;24.08.2025 01:00;12,5
Oslo - Blindern;SN18700;24.08.2025 02:00;11,5
Oslo - Blindern;SN18700;24.08.2025 03:00;9,8
Oslo - Blindern;SN18700;24.08.2025 04:00;7,8
Oslo - Blindern;SN18700;24.08.2025 05:00;9,1
Oslo - Blindern;SN18700;24.08.2025 06:00;8,8
Oslo - Blindern;SN18700;24.08.2025 07:00;12,9
Oslo - Blindern;SN18700;24.08.2025 08:00;15,6
Oslo - Blindern;SN18700;24.08.2025 09:00;16,2
Oslo - Blindern;SN18700;24.08.2025 10:00;17,3
Oslo - Blindern;SN18700;24.08.2025 11:00;18,3
Oslo - Blindern;SN18700;24.08.2025 12:00;19,1
Oslo - Blindern;SN18700;24.08.2025 13:00;19,7
Oslo - Blindern;SN18700;24.08.2025 14:00;20,4
Oslo - Blindern;SN18700;24.08.2025 15:00;21
Oslo - Blindern;SN18700;24.08.2025 16:00;19,8
Oslo - Blindern;SN18700;24.08.2025 17:00;20,9
Oslo - Blindern;SN18700;24.08.2025 18:00;20,3
Oslo - Blindern;SN18700;24.08.2025 19:00;18,6
Oslo - Blindern;SN18700;24.08.2025 20:00;16,3
Oslo - Blindern;SN18700;24.08.2025 21:00;14,7
Oslo - Blindern;SN18700;24.08.2025 22:00;12,8
Oslo - Blindern;SN18700;24.08.2025 23:00;11,5
Oslo - Blindern;SN18700;25.08.2025 00:00;10,5
Oslo - Blindern;SN18700;25.08.2025 01:00;10,3
Oslo - Blindern;SN18700;25.08.2025 02:00;9,7
Oslo - Blindern;SN18700;25.08.2025 03:00;8,3
Oslo - Blindern;SN18700;25.08.2025 04:00;7,3
Oslo - Blindern;SN18700;25.08.2025 05:00;9,5
Oslo - Blindern;SN18700;25.08.2025 06:00;9,7
Oslo - Blindern;SN18700;25.08.2025 07:00;11,7
Oslo - Blindern;SN18700;25.08.2025 08:00;13,6
Oslo - Blindern;SN18700;25.08.2025 09:00;15,1
Oslo - Blindern;SN18700;25.08.2025 10:00;16,5
Oslo - Blindern;SN18700;25.08.2025 11:00;17,9
Oslo - Blindern;SN18700;25.08.2025 12:00;18,5
Oslo - Blindern;SN18700;25.08.2025 13:00;20
Oslo - Blindern;SN18700;25.08.2025 14:00;20,4
Oslo - Blindern;SN18700;25.08.2025 15:00;20,8
Oslo - Blindern;SN18700;25.08.2025 16:00;20,2
Oslo - Blindern;SN18700;25.08.2025 17:00;18,5
Oslo - Blindern;SN18700;25.08.2025 18:00;17,8
Oslo - Blindern;SN18700;25.08.2025 19:00;16,3
Oslo - Blindern;SN18700;25.08.2025 20:00;14
Oslo - Blindern;SN18700;25.08.2025 21:00;12
Oslo - Blindern;SN18700;25.08.2025 22:00;10,5
Oslo - Blindern;SN18700;25.08.2025 23:00;10,2
Oslo - Blindern;SN18700;26.08.2025 00:00;9,5
Oslo - Blindern;SN18700;26.08.2025 01:00;9,5
Oslo - Blindern;SN18700;26.08.2025 02:00;8,5
Oslo - Blindern;SN18700;26.08.2025 03:00;8,3
Oslo - Blindern;SN18700;26.08.2025 04:00;9
Oslo - Blindern;SN18700;26.08.2025 05:00;9,7
Oslo - Blindern;SN18700;26.08.2025 06:00;9,4
Oslo - Blindern;SN18700;26.08.2025 07:00;12,7
Oslo - Blindern;SN18700;26.08.2025 08:00;13,7
Oslo - Blindern;SN18700;26.08.2025 09:00;14,8
Oslo - Blindern;SN18700;26.08.2025 10:00;16,6
Oslo - Blindern;SN18700;26.08.2025 11:00;17
Oslo - Blindern;SN18700;26.08.2025 12:00;18,6
Oslo - Blindern;SN18700;26.08.2025 13:00;19,2
Oslo - Blindern;SN18700;26.08.2025 14:00;20,3
Oslo - Blindern;SN18700;26.08.2025 15:00;20,2
Oslo - Blindern;SN18700;26.08.2025 16:00;20,5
Oslo - Blindern;SN18700;26.08.2025 17:00;19,2
Oslo - Blindern;SN18700;26.08.2025 18:00;18,9
Oslo - Blindern;SN18700;26.08.2025 19:00;17,8
Oslo - Blindern;SN18700;26.08.2025 20:00;16,3
Oslo - Blindern;SN18700;26.08.2025 21:00;16,1
Oslo - Blindern;SN18700;26.08.2025 22:00;15,2
Oslo - Blindern;SN18700;26.08.2025 23:00;14,5
Oslo - Blindern;SN18700;27.08.2025 00:00;14,2
Oslo - Blindern;SN18700;27.08.2025 01:00;13
Oslo - Blindern;SN18700;27.08.2025 02:00;12,4
Oslo - Blindern;SN18700;27.08.2025 03:00;12,6
Oslo - Blindern;SN18700;27.08.2025 04:00;12,9
Oslo - Blindern;SN18700;27.08.2025 05:00;13,3
Oslo - Blindern;SN18700;27.08.2025 06:00;13,5
Oslo - Blindern;SN18700;27.08.2025 07:00;13,7
Oslo - Blindern;SN18700;27.08.2025 08:00;14,2
Oslo - Blindern;SN18700;27.08.2025 09:00;14,6
Oslo - Blindern;SN18700;27.08.2025 10:00;15,1
Oslo - Blindern;SN18700;27.08.2025 11:00;15,8
Oslo - Blindern;SN18700;27.08.2025 12:00;15,4
Oslo - Blindern;SN18700;27.08.2025 13:00;14,6
Oslo - Blindern;SN18700;27.08.2025 14:00;14,9
Oslo - Blindern;SN18700;27.08.2025 15:00;14,8
Oslo - Blindern;SN18700;27.08.2025 16:00;14,9
Oslo - Blindern;SN18700;27.08.2025 17:00;15,2
Oslo - Blindern;SN18700;27.08.2025 18:00;15,3
Oslo - Blindern;SN18700;27.08.2025 19:00;15,2
Oslo - Blindern;SN18700;27.08.2025 20:00;15
Oslo - Blindern;SN18700;27.08.2025 21:00;14,9
Oslo - Blindern;SN18700;27.08.2025 22:00;14,7
Oslo - Blindern;SN18700;27.08.2025 23:00;14,4
Oslo - Blindern;SN18700;28.08.2025 00:00;14
Oslo - Blindern;SN18700;28.08.2025 01:00;13,8
Oslo - Blindern;SN18700;28.08.2025 02:00;13,8
Oslo - Blindern;SN18700;28.08.2025 03:00;13,8
Oslo - Blindern;SN18700;28.08.2025 04:00;13,5
Oslo - Blindern;SN18700;28.08.2025 05:00;13,6
Oslo - Blindern;SN18700;28.08.2025 06:00;13,7
Oslo - Blindern;SN18700;28.08.2025 07:00;14,1
Oslo - Blindern;SN18700;28.08.2025 08:00;14,6
Oslo - Blindern;SN18700;28.08.2025 09:00;15,6
Oslo - Blindern;SN18700;28.08.2025 10:00;16,1
Oslo - Blindern;SN18700;28.08.2025 11:00;15,6
Oslo - Blindern;SN18700;28.08.2025 12:00;15,8
Oslo - Blindern;SN18700;28.08.2025 13:00;15,8
Oslo - Blindern;SN18700;28.08.2025 14:00;15,9
Oslo - Blindern;SN18700;28.08.2025 15:00;15,7
Oslo - Blindern;SN18700;28.08.2025 16:00;16
Oslo - Blindern;SN18700;28.08.2025 17:00;16,9
Oslo - Blindern;SN18700;28.08.2025 18:00;16,7
Oslo - Blindern;SN18700;28.08.2025 19:00;15,9
Oslo - Blindern;SN18700;28.08.2025 20:00;14,9
Oslo - Blindern;SN18700;28.08.2025 21:00;15
Oslo - Blindern;SN18700;28.08.2025 22:00;15,2
Oslo - Blindern;SN18700;28.08.2025 23:00;15,1
Oslo - Blindern;SN18700;29.08.2025 00:00;14,8
Oslo - Blindern;SN18700;29.08.2025 01:00;14,7
Oslo - Blindern;SN18700;29.08.2025 02:00;14,7
Oslo - Blindern;SN18700;29.08.2025 03:00;14,7
Oslo - Blindern;SN18700;29.08.2025 04:00;14,9
Oslo - Blindern;SN18700;29.08.2025 05:00;15,1
Oslo - Blindern;SN18700;29.08.2025 06:00;15,2
Oslo - Blindern;SN18700;29.08.2025 07:00;15,2
Oslo - Blindern;SN18700;29.08.2025 08:00;15
Oslo - Blindern;SN18700;29.08.2025 09:00;15,8
Oslo - Blindern;SN18700;29.08.2025 10:00;15,2
Oslo - Blindern;SN18700;29.08.2025 11:00;14,9
Oslo - Blindern;SN18700;29.08.2025 12:00;15
Oslo - Blindern;SN18700;29.08.2025 13:00;14,4
Oslo - Blindern;SN18700;29.08.2025 14:00;14,3
Oslo - Blindern;SN18700;29.08.2025 15:00;14,4
Oslo - Blindern;SN18700;29.08.2025 16:00;14,3
Oslo - Blindern;SN18700;29.08.2025 17:00;14,3
Oslo - Blindern;SN18700;29.08.2025 18:00;14,4
Oslo - Blindern;SN18700;29.08.2025 19:00;14,5
Oslo - Blindern;SN18700;29.08.2025 20:00;14,5
Oslo - Blindern;SN18700;29.08.2025 21:00;14,6
Oslo - Blindern;SN18700;29.08.2025 22:00;14,6
Oslo - Blindern;SN18700;29.08.2025 23:00;14,5
Oslo - Blindern;SN18700;30.08.2025 00:00;14,2
Oslo - Blindern;SN18700;30.08.2025 01:00;14,1
Oslo - Blindern;SN18700;30.08.2025 02:00;14
Oslo - Blindern;SN18700;30.08.2025 03:00;14,4
Oslo - Blindern;SN18700;30.08.2025 04:00;14,5
Oslo - Blindern;SN18700;30.08.2025 05:00;14,8
Oslo - Blindern;SN18700;30.08.2025 06:00;14,9
Oslo - Blindern;SN18700;30.08.2025 07:00;15,5
Oslo - Blindern;SN18700;30.08.2025 08:00;16
Oslo - Blindern;SN18700;30.08.2025 09:00;16,8
Oslo - Blindern;SN18700;30.08.2025 10:00;17,7
Oslo - Blindern;SN18700;30.08.2025 11:00;17,6
Oslo - Blindern;SN18700;30.08.2025 12:00;19,3
Oslo - Blindern;SN18700;30.08.2025 13:00;20,3
Oslo - Blindern;SN18700;30.08.2025 14:00;20,9
Oslo - Blindern;SN18700;30.08.2025 15:00;18
Oslo - Blindern;SN18700;30.08.2025 16:00;18,7
Oslo - Blindern;SN18700;30.08.2025 17:00;15,4
Oslo - Blindern;SN18700;30.08.2025 18:00;15,8
Oslo - Blindern;SN18700;30.08.2025 19:00;15,8
Oslo - Blindern;SN18700;30.08.2025 20:00;15,9
Oslo - Blindern;SN18700;30.08.2025 21:00;15,9
Oslo - Blindern;SN18700;30.08.2025 22:00;15,8
Oslo - Blindern;SN18700;30.08.2025 23:00;15,4
Oslo - Blindern;SN18700;31.08.2025 00:00;15,5
Oslo - Blindern;SN18700;31.08.2025 01:00;14,8
Oslo - Blindern;SN18700;31.08.2025 02:00;14,8
Oslo - Blindern;SN18700;31.08.2025 03:00;14,8
Oslo - Blindern;SN18700;31.08.2025 04:00;14,9
Oslo - Blindern;SN18700;31.08.2025 05:00;14,8
Oslo - Blindern;SN18700;31.08.2025 06:00;14,7
Oslo - Blindern;SN18700;31.08.2025 07:00;14,9
Oslo - Blindern;SN18700;31.08.2025 08:00;15,5
Oslo - Blindern;SN18700;31.08.2025 09:00;16,5
Oslo - Blindern;SN18700;31.08.2025 10:00;17,7
Oslo - Blindern;SN18700;31.08.2025 11:00;19,1
Oslo - Blindern;SN18700;31.08.2025 12:00;19
Oslo - Blindern;SN18700;31.08.2025 13:00;19,9
Oslo - Blindern;SN18700;31.08.2025 14:00;19,2
Oslo - Blindern;SN18700;31.08.2025 15:00;18,4
Oslo - Blindern;SN18700;31.08.2025 16:00;19,4
Oslo - Blindern;SN18700;31.08.2025 17:00;18,6
Oslo - Blindern;SN18700;31.08.2025 18:00;18,2
Oslo - Blindern;SN18700;31.08.2025 19:00;17,8
Oslo - Blindern;SN18700;31.08.2025 20:00;17,7
Oslo - Blindern;SN18700;31.08.2025 21:00;17,1
Oslo - Blindern;SN18700;31.08.2025 22:00;16,3
Oslo - Blindern;SN18700;31.08.2025 23:00;16
Oslo - Blindern;SN18700;01.09.2025 00:00;16,2
Oslo - Blindern;SN18700;01.09.2025 01:00;16,9
Oslo - Blindern;SN18700;01.09.2025 02:00;16,1
Oslo - Blindern;SN18700;01.09.2025 03:00;16,3
Oslo - Blindern;SN18700;01.09.2025 04:00;15,3
Oslo - Blindern;SN18700;01.09.2025 05:00;15,3
Oslo - Blindern;SN18700;01.09.2025 06:00;14,8
Oslo - Blindern;SN18700;01.09.2025 07:00;15
Oslo - Blindern;SN18700;01.09.2025 08:00;15,2
Oslo - Blindern;SN18700;01.09.2025 09:00;15,3
Oslo - Blindern;SN18700;01.09.2025 10:00;15,9
Oslo - Blindern;SN18700;01.09.2025 11:00;16,7
Oslo - Blindern;SN18700;01.09.2025 12:00;17
Oslo - Blindern;SN18700;01.09.2025 13:00;17,9
Oslo - Blindern;SN18700;01.09.2025 14:00;18,6
Oslo - Blindern;SN18700;01.09.2025 15:00;20,3
Oslo - Blindern;SN18700;01.09.2025 16:00;20,2
Oslo - Blindern;SN18700;01.09.2025 17:00;20,4
Oslo - Blindern;SN18700;01.09.2025 18:00;20,2
Oslo - Blindern;SN18700;01.09.2025 19:00;19,6
Oslo - Blindern;SN18700;01.09.2025 20:00;17,7
Oslo - Blindern;SN18700;01.09.2025 21:00;17,9
Oslo - Blindern;SN18700;01.09.2025 22:00;16,6
Oslo - Blindern;SN18700;01.09.2025 23:00;16,5
Oslo - Blindern;SN18700;02.09.2025 00:00;16,2
Oslo - Blindern;SN18700;02.09.2025 01:00;15,3
Oslo - Blindern;SN18700;02.09.2025 02:00;14,8
Oslo - Blindern;SN18700;02.09.2025 03:00;14,9
Oslo - Blindern;SN18700;02.09.2025 04:00;15
Oslo - Blindern;SN18700;02.09.2025 05:00;15
Oslo - Blindern;SN18700;02.09.2025 06:00;14,7
Oslo - Blindern;SN18700;02.09.2025 07:00;14,8
Oslo - Blindern;SN18700;02.09.2025 08:00;15,4
Oslo - Blindern;SN18700;02.09.2025 09:00;16
Oslo - Blindern;SN18700;02.09.2025 10:00;17,3
Oslo - Blindern;SN18700;02.09.2025 11:00;17,8
Oslo - Blindern;SN18700;02.09.2025 12:00;20,1
Oslo - Blindern;SN18700;02.09.2025 13:00;19,7
Oslo - Blindern;SN18700;02.09.2025 14:00;19,8
Oslo - Blindern;SN18700;02.09.2025 15:00;19,6
Oslo - Blindern;SN18700;02.09.2025 16:00;19,5
Oslo - Blindern;SN18700;02.09.2025 17:00;18,9
Oslo - Blindern;SN18700;02.09.2025 18:00;18,5
Oslo - Blindern;SN18700;02.09.2025 19:00;16,9
Oslo - Blindern;SN18700;02.09.2025 20:00;15,8
Oslo - Blindern;SN18700;02.09.2025 21:00;15,6
Oslo - Blindern;SN18700;02.09.2025 22:00;15,3
Oslo - Blindern;SN18700;02.09.2025 23:00;15,2
Oslo - Blindern;SN18700;03.09.2025 00:00;15,5
Oslo - Blindern;SN18700;03.09.2025 01:00;15,6
Oslo - Blindern;SN18700;03.09.2025 02:00;15,7
Oslo - Blindern;SN18700;03.09.2025 03:00;15
Oslo - Blindern;SN18700;03.09.2025 04:00;14,9
Oslo - Blindern;SN18700;03.09.2025 05:00;14,8
Oslo - Blindern;SN18700;03.09.2025 06:00;14,7
Oslo - Blindern;SN18700;03.09.2025 07:00;14,8
Oslo - Blindern;SN18700;03.09.2025 08:00;14,8
Oslo - Blindern;SN18700;03.09.2025 09:00;16,5
Oslo - Blindern;SN18700;03.09.2025 10:00;17,2
Oslo - Blindern;SN18700;03.09.2025 11:00;18,9
Oslo - Blindern;SN18700;03.09.2025 12:00;18,4
Oslo - Blindern;SN18700;03.09.2025 13:00;19,8
Oslo - Blindern;SN18700;03.09.2025 14:00;19,3
Oslo - Blindern;SN18700;03.09.2025 15:00;18,8
Oslo - Blindern;SN18700;03.09.2025 16:00;18,6
Oslo - Blindern;SN18700;03.09.2025 17:00;18,1
Oslo - Blindern;SN18700;03.09.2025 18:00;18,1
Oslo - Blindern;SN18700;03.09.2025 19:00;18,1
Oslo - Blindern;SN18700;03.09.2025 20:00;18,1
Oslo - Blindern;SN18700;03.09.2025 21:00;17,1
Oslo - Blindern;SN18700;03.09.2025 22:00;15,8
Oslo - Blindern;SN18700;03.09.2025 23:00;15,2
Oslo - Blindern;SN18700;04.09.2025 00:00;15,4
Oslo - Blindern;SN18700;04.09.2025 01:00;16
Oslo - Blindern;SN18700;04.09.2025 02:00;16,4
Oslo - Blindern;SN18700;04.09.2025 03:00;16,5
Oslo - Blindern;SN18700;04.09.2025 04:00;16,9
Oslo - Blindern;SN18700;04.09.2025 05:00;16,7
Oslo - Blindern;SN18700;04.09.2025 06:00;16,9
Oslo - Blindern;SN18700;04.09.2025 07:00;17,2
Oslo - Blindern;SN18700;04.09.2025 08:00;17,4
Oslo - Blindern;SN18700;04.09.2025 09:00;18
Oslo - Blindern;SN18700;04.09.2025 10:00;19,5
Oslo - Blindern;SN18700;04.09.2025 11:00;20,3
Oslo - Blindern;SN18700;04.09.2025 12:00;19,2
Oslo - Blindern;SN18700;04.09.2025 13:00;20,7
Oslo - Blindern;SN18700;04.09.2025 14:00;20,3
Oslo - Blindern;SN18700;04.09.2025 15:00;19,4
Oslo - Blindern;SN18700;04.09.2025 16:00;18,4
Oslo - Blindern;SN18700;04.09.2025 17:00;18,2
Oslo - Blindern;SN18700;04.09.2025 18:00;17,5
Oslo - Blindern;SN18700;04.09.2025 19:00;16,9
Oslo - Blindern;SN18700;04.09.2025 20:00;16,5
Oslo - Blindern;SN18700;04.09.2025 21:00;16,1
Oslo - Blindern;SN18700;04.09.2025 22:00;15,9
Oslo - Blindern;SN18700;04.09.2025 23:00;15,7
Oslo - Blindern;SN18700;05.09.2025 00:00;15,4
Oslo - Blindern;SN18700;05.09.2025 01:00;15,5
Oslo - Blindern;SN18700;05.09.2025 02:00;15,4
Oslo - Blindern;SN18700;05.09.2025 03:00;15,3
Oslo - Blindern;SN18700;05.09.2025 04:00;15,4
Oslo - Blindern;SN18700;05.09.2025 05:00;15,3
Oslo - Blindern;SN18700;05.09.2025 06:00;15,5
Oslo - Blindern;SN18700;05.09.2025 07:00;16
Oslo - Blindern;SN18700;05.09.2025 08:00;16,5
Oslo - Blindern;SN18700;05.09.2025 09:00;17,7
Oslo - Blindern;SN18700;05.09.2025 10:00;17,3
Oslo - Blindern;SN18700;05.09.2025 11:00;16,6
Oslo - Blindern;SN18700;05.09.2025 12:00;16,5
Oslo - Blindern;SN18700;05.09.2025 13:00;16,9
Oslo - Blindern;SN18700;05.09.2025 14:00;16,6
Oslo - Blindern;SN18700;05.09.2025 15:00;16,5
Oslo - Blindern;SN18700;05.09.2025 16:00;17,3
Oslo - Blindern;SN18700;05.09.2025 17:00;17,1
Oslo - Blindern;SN18700;05.09.2025 18:00;16,6
Oslo - Blindern;SN18700;05.09.2025 19:00;16,1
Oslo - Blindern;SN18700;05.09.2025 20:00;15,5
Oslo - Blindern;SN18700;05.09.2025 21:00;15,2
Oslo - Blindern;SN18700;05.09.2025 22:00;15,3
Oslo - Blindern;SN18700;05.09.2025 23:00;15,2
Oslo - Blindern;SN18700;06.09.2025 00:00;15,1
Oslo - Blindern;SN18700;06.09.2025 01:00;14,8
Oslo - Blindern;SN18700;06.09.2025 02:00;14,9
Oslo - Blindern;SN18700;06.09.2025 03:00;14,5
Oslo - Blindern;SN18700;06.09.2025 04:00;14,6
Oslo - Blindern;SN18700;06.09.2025 05:00;14,2
Oslo - Blindern;SN18700;06.09.2025 06:00;14,1
Oslo - Blindern;SN18700;06.09.2025 07:00;13,9
Oslo - Blindern;SN18700;06.09.2025 08:00;15
Oslo - Blindern;SN18700;06.09.2025 09:00;15,9
Oslo - Blindern;SN18700;06.09.2025 10:00;17,5
Oslo - Blindern;SN18700;06.09.2025 11:00;18,1
Oslo - Blindern;SN18700;06.09.2025 12:00;18
Oslo - Blindern;SN18700;06.09.2025 13:00;18,6
Oslo - Blindern;SN18700;06.09.2025 14:00;19,9
Oslo - Blindern;SN18700;06.09.2025 15:00;21
Oslo - Blindern;SN18700;06.09.2025 16:00;19,9
Oslo - Blindern;SN18700;06.09.2025 17:00;19,5
Oslo - Blindern;SN18700;06.09.2025 18:00;17,9
Oslo - Blindern;SN18700;06.09.2025 19:00;16,6
Oslo - Blindern;SN18700;06.09.2025 20:00;15,7
Oslo - Blindern;SN18700;06.09.2025 21:00;16,3
Oslo - Blindern;SN18700;06.09.2025 22:00;15
Oslo - Blindern;SN18700;06.09.2025 23:00;14,7
Oslo - Blindern;SN18700;07.09.2025 00:00;14,7
Oslo - Blindern;SN18700;07.09.2025 01:00;14,1
Oslo - Blindern;SN18700;07.09.2025 02:00;14,2
Oslo - Blindern;SN18700;07.09.2025 03:00;13,3
Oslo - Blindern;SN18700;07.09.2025 04:00;12,2
Oslo - Blindern;SN18700;07.09.2025 05:00;11,5
Oslo - Blindern;SN18700;07.09.2025 06:00;12,1
Oslo - Blindern;SN18700;07.09.2025 07:00;12,3
Oslo - Blindern;SN18700;07.09.2025 08:00;13
Oslo - Blindern;SN18700;07.09.2025 09:00;14
Oslo - Blindern;SN18700;07.09.2025 10:00;15,4
Oslo - Blindern;SN18700;07.09.2025 11:00;14,4
Oslo - Blindern;SN18700;07.09.2025 12:00;15,4
Oslo - Blindern;SN18700;07.09.2025 13:00;15,8
Oslo - Blindern;SN18700;07.09.2025 14:00;15,9
Oslo - Blindern;SN18700;07.09.2025 15:00;16,3
Oslo - Blindern;SN18700;07.09.2025 16:00;17,6
Oslo - Blindern;SN18700;07.09.2025 17:00;17
Oslo - Blindern;SN18700;07.09.2025 18:00;16,6
Oslo - Blindern;SN18700;07.09.2025 19:00;15,5
Oslo - Blindern;SN18700;07.09.2025 20:00;14,3
Oslo - Blindern;SN18700;07.09.2025 21:00;13,3
Oslo - Blindern;SN18700;07.09.2025 22:00;12,8
Oslo - Blindern;SN18700;07.09.2025 23:00;12,7
Oslo - Blindern;SN18700;08.09.2025 00:00;12,1
Oslo - Blindern;SN18700;08.09.2025 01:00;11,9
Oslo - Blindern;SN18700;08.09.2025 02:00;12,2
Oslo - Blindern;SN18700;08.09.2025 03:00;12,6
Oslo - Blindern;SN18700;08.09.2025 04:00;12,5
Oslo - Blindern;SN18700;08.09.2025 05:00;12,9
Oslo - Blindern;SN18700;08.09.2025 06:00;12,6
Oslo - Blindern;SN18700;08.09.2025 07:00;13,3
Oslo - Blindern;SN18700;08.09.2025 08:00;14,5
Oslo - Blindern;SN18700;08.09.2025 09:00;15,3
Oslo - Blindern;SN18700;08.09.2025 10:00;15,9
Oslo - Blindern;SN18700;08.09.2025 11:00;15,7
Oslo - Blindern;SN18700;08.09.2025 12:00;17,1
Oslo - Blindern;SN18700;08.09.2025 13:00;18,2
Oslo - Blindern;SN18700;08.09.2025 14:00;18,8
Oslo - Blindern;SN18700;08.09.2025 15:00;18,8
Oslo - Blindern;SN18700;08.09.2025 16:00;18,6
Oslo - Blindern;SN18700;08.09.2025 17:00;18,8
Oslo - Blindern;SN18700;08.09.2025 18:00;18,4
Oslo - Blindern;SN18700;08.09.2025 19:00;18
Oslo - Blindern;SN18700;08.09.2025 20:00;17,5
Oslo - Blindern;SN18700;08.09.2025 21:00;17,2
Oslo - Blindern;SN18700;08.09.2025 22:00;16,3
Oslo - Blindern;SN18700;08.09.2025 23:00;16,1
Oslo - Blindern;SN18700;09.09.2025 00:00;15
Oslo - Blindern;SN18700;09.09.2025 01:00;14,5
Oslo - Blindern;SN18700;09.09.2025 02:00;14,5
Oslo - Blindern;SN18700;09.09.2025 03:00;15,2
Oslo - Blindern;SN18700;09.09.2025 04:00;15,4
Oslo - Blindern;SN18700;09.09.2025 05:00;15,5
Oslo - Blindern;SN18700;09.09.2025 06:00;15,5
Oslo - Blindern;SN18700;09.09.2025 07:00;15,9
Oslo - Blindern;SN18700;09.09.2025 08:00;16,3
Oslo - Blindern;SN18700;09.09.2025 09:00;16,3
Oslo - Blindern;SN18700;09.09.2025 10:00;17,4
Oslo - Blindern;SN18700;09.09.2025 11:00;17,4
Oslo - Blindern;SN18700;09.09.2025 12:00;19,4
Oslo - Blindern;SN18700;09.09.2025 13:00;20,1
Oslo - Blindern;SN18700;09.09.2025 14:00;21,3
Oslo - Blindern;SN18700;09.09.2025 15:00;22,2
Oslo - Blindern;SN18700;09.09.2025 16:00;21,4
Oslo - Blindern;SN18700;09.09.2025 17:00;19,7
Oslo - Blindern;SN18700;09.09.2025 18:00;19,2
Oslo - Blindern;SN18700;09.09.2025 19:00;18,4
Oslo - Blindern;SN18700;09.09.2025 20:00;17,5
Oslo - Blindern;SN18700;09.09.2025 21:00;17,3
Oslo - Blindern;SN18700;09.09.2025 22:00;17,3
Oslo - Blindern;SN18700;09.09.2025 23:00;17
Oslo - Blindern;SN18700;10.09.2025 00:00;16,7
Oslo - Blindern;SN18700;10.09.2025 01:00;16,4
Oslo - Blindern;SN18700;10.09.2025 02:00;16,8
Oslo - Blindern;SN18700;10.09.2025 03:00;16,7
Oslo - Blindern;SN18700;10.09.2025 04:00;16,7
Oslo - Blindern;SN18700;10.09.2025 05:00;16,5
Oslo - Blindern;SN18700;10.09.2025 06:00;16,4
Oslo - Blindern;SN18700;10.09.2025 07:00;16,8
Oslo - Blindern;SN18700;10.09.2025 08:00;17,2
Oslo - Blindern;SN18700;10.09.2025 09:00;17,4
Oslo - Blindern;SN18700;10.09.2025 10:00;18,4
Oslo - Blindern;SN18700;10.09.2025 11:00;19,1
Oslo - Blindern;SN18700;10.09.2025 12:00;20
Oslo - Blindern;SN18700;10.09.2025 13:00;20,7
Oslo - Blindern;SN18700;10.09.2025 14:00;20,4
Oslo - Blindern;SN18700;10.09.2025 15:00;20,1
Oslo - Blindern;SN18700;10.09.2025 16:00;20
Oslo - Blindern;SN18700;10.09.2025 17:00;20,1
Oslo - Blindern;SN18700;10.09.2025 18:00;19,2
Oslo - Blindern;SN18700;10.09.2025 19:00;18,6
Oslo - Blindern;SN18700;10.09.2025 20:00;17,6
Oslo - Blindern;SN18700;10.09.2025 21:00;17,1
Oslo - Blindern;SN18700;10.09.2025 22:00;16,8
Oslo - Blindern;SN18700;10.09.2025 23:00;17
Oslo - Blindern;SN18700;11.09.2025 00:00;16,7
Oslo - Blindern;SN18700;11.09.2025 01:00;16,9
Oslo - Blindern;SN18700;11.09.2025 02:00;17
Oslo - Blindern;SN18700;11.09.2025 03:00;16,8
Oslo - Blindern;SN18700;11.09.2025 04:00;16,7
Oslo - Blindern;SN18700;11.09.2025 05:00;16,6
Oslo - Blindern;SN18700;11.09.2025 06:00;16,6
Oslo - Blindern;SN18700;11.09.2025 07:00;16,2
Oslo - Blindern;SN18700;11.09.2025 08:00;15,9
Oslo - Blindern;SN18700;11.09.2025 09:00;15,6
Oslo - Blindern;SN18700;11.09.2025 10:00;15,9
Oslo - Blindern;SN18700;11.09.2025 11:00;16,5
Oslo - Blindern;SN18700;11.09.2025 12:00;16,4
Oslo - Blindern;SN18700;11.09.2025 13:00;16,5
Oslo - Blindern;SN18700;11.09.2025 14:00;16,7
Oslo - Blindern;SN18700;11.09.2025 15:00;16,6
Oslo - Blindern;SN18700;11.09.2025 16:00;16,4
Oslo - Blindern;SN18700;11.09.2025 17:00;15,9
Oslo - Blindern;SN18700;11.09.2025 18:00;15,9
Oslo - Blindern;SN18700;11.09.2025 19:00;15,6
Oslo - Blindern;SN18700;11.09.2025 20:00;15
Oslo - Blindern;SN18700;11.09.2025 21:00;14,7
Oslo - Blindern;SN18700;11.09.2025 22:00;14,4
Oslo - Blindern;SN18700;11.09.2025 23:00;14,5
Oslo - Blindern;SN18700;12.09.2025 00:00;14,6
Oslo - Blindern;SN18700;12.09.2025 01:00;14,5
Oslo - Blindern;SN18700;12.09.2025 02:00;14,3
Oslo - Blindern;SN18700;12.09.2025 03:00;13,6
Oslo - Blindern;SN18700;12.09.2025 04:00;13,1
Oslo - Blindern;SN18700;12.09.2025 05:00;11,8
Oslo - Blindern;SN18700;12.09.2025 06:00;11,4
Oslo - Blindern;SN18700;12.09.2025 07:00;12
Oslo - Blindern;SN18700;12.09.2025 08:00;14,2
Oslo - Blindern;SN18700;12.09.2025 09:00;15,2
Oslo - Blindern;SN18700;12.09.2025 10:00;15,2
Oslo - Blindern;SN18700;12.09.2025 11:00;15,6
Oslo - Blindern;SN18700;12.09.2025 12:00;15,9
Oslo - Blindern;SN18700;12.09.2025 13:00;15,9
Oslo - Blindern;SN18700;12.09.2025 14:00;15,6
Oslo - Blindern;SN18700;12.09.2025 15:00;13,3
Oslo - Blindern;SN18700;12.09.2025 16:00;14,1
Oslo - Blindern;SN18700;12.09.2025 17:00;13,6
Oslo - Blindern;SN18700;12.09.2025 18:00;13,5
Oslo - Blindern;SN18700;12.09.2025 19:00;13
Oslo - Blindern;SN18700;12.09.2025 20:00;11,3
Oslo - Blindern;SN18700;12.09.2025 21:00;11,2
Oslo - Blindern;SN18700;12.09.2025 22:00;11,4
Oslo - Blindern;SN18700;12.09.2025 23:00;11,2
Oslo - Blindern;SN18700;13.09.2025 00:00;11
Oslo - Blindern;SN18700;13.09.2025 01:00;11,1
Oslo - Blindern;SN18700;13.09.2025 02:00;11,1
Oslo - Blindern;SN18700;13.09.2025 03:00;11,2
Oslo - Blindern;SN18700;13.09.2025 04:00;11
Oslo - Blindern;SN18700;13.09.2025 05:00;10,6
Oslo - Blindern;SN18700;13.09.2025 06:00;11
Oslo - Blindern;SN18700;13.09.2025 07:00;11,3
Oslo - Blindern;SN18700;13.09.2025 08:00;11,7
Oslo - Blindern;SN18700;13.09.2025 09:00;11,7
Oslo - Blindern;SN18700;13.09.2025 10:00;11
Oslo - Blindern;SN18700;13.09.2025 11:00;11,7
Oslo - Blindern;SN18700;13.09.2025 12:00;12,6
Oslo - Blindern;SN18700;13.09.2025 13:00;13,8
Oslo - Blindern;SN18700;13.09.2025 14:00;13,3
Oslo - Blindern;SN18700;13.09.2025 15:00;14
Oslo - Blindern;SN18700;13.09.2025 16:00;14,3
Oslo - Blindern;SN18700;13.09.2025 17:00;14,1
Oslo - Blindern;SN18700;13.09.2025 18:00;13,8
Oslo - Blindern;SN18700;13.09.2025 19:00;11,9
Oslo - Blindern;SN18700;13.09.2025 20:00;11,4
Oslo - Blindern;SN18700;13.09.2025 21:00;11,5
Oslo - Blindern;SN18700;13.09.2025 22:00;11,6
Oslo - Blindern;SN18700;13.09.2025 23:00;11,4
Oslo - Blindern;SN18700;14.09.2025 00:00;11,7
Oslo - Blindern;SN18700;14.09.2025 01:00;12,1
Oslo - Blindern;SN18700;14.09.2025 02:00;12
Oslo - Blindern;SN18700;14.09.2025 03:00;11,9
Oslo - Blindern;SN18700;14.09.2025 04:00;12
Oslo - Blindern;SN18700;14.09.2025 05:00;12
Oslo - Blindern;SN18700;14.09.2025 06:00;12,2
Oslo - Blindern;SN18700;14.09.2025 07:00;12,5
Oslo - Blindern;SN18700;14.09.2025 08:00;12,9
Oslo - Blindern;SN18700;14.09.2025 09:00;13,4
Oslo - Blindern;SN18700;14.09.2025 10:00;13,7
Oslo - Blindern;SN18700;14.09.2025 11:00;14,2
Oslo - Blindern;SN18700;14.09.2025 12:00;14,6
Oslo - Blindern;SN18700;14.09.2025 13:00;14,3
Oslo - Blindern;SN18700;14.09.2025 14:00;14,6
Oslo - Blindern;SN18700;14.09.2025 15:00;14,4
Oslo - Blindern;SN18700;14.09.2025 16:00;13,9
Oslo - Blindern;SN18700;14.09.2025 17:00;13,5
Oslo - Blindern;SN18700;14.09.2025 18:00;12,6
Oslo - Blindern;SN18700;14.09.2025 19:00;12,1
Oslo - Blindern;SN18700;14.09.2025 20:00;11,6
Oslo - Blindern;SN18700;14.09.2025 21:00;11,9
Oslo - Blindern;SN18700;14.09.2025 22:00;12,1
Oslo - Blindern;SN18700;14.09.2025 23:00;12
Oslo - Blindern;SN18700;15.09.2025 00:00;11,9
Oslo - Blindern;SN18700;15.09.2025 01:00;11,9
Oslo - Blindern;SN18700;15.09.2025 02:00;11,8
Oslo - Blindern;SN18700;15.09.2025 03:00;11,6
Oslo - Blindern;SN18700;15.09.2025 04:00;11,5
Oslo - Blindern;SN18700;15.09.2025 05:00;11,5
Oslo - Blindern;SN18700;15.09.2025 06:00;10,7
Oslo - Blindern;SN18700;15.09.2025 07:00;10,5
Oslo - Blindern;SN18700;15.09.2025 08:00;11,5
Oslo - Blindern;SN18700;15.09.2025 09:00;12,1
Oslo - Blindern;SN18700;15.09.2025 10:00;13,3
Oslo - Blindern;SN18700;15.09.2025 11:00;14
Oslo - Blindern;SN18700;15.09.2025 12:00;13,4
Oslo - Blindern;SN18700;15.09.2025 13:00;13,3
Oslo - Blindern;SN18700;15.09.2025 14:00;13,2
Oslo - Blindern;SN18700;15.09.2025 15:00;12,8
Oslo - Blindern;SN18700;15.09.2025 16:00;12,1
Oslo - Blindern;SN18700;15.09.2025 17:00;12,3
Oslo - Blindern;SN18700;15.09.2025 18:00;12,6
Oslo - Blindern;SN18700;15.09.2025 19:00;12,4
Oslo - Blindern;SN18700;15.09.2025 20:00;12,8
Oslo - Blindern;SN18700;15.09.2025 21:00;12,7
Oslo - Blindern;SN18700;15.09.2025 22:00;12,9
Oslo - Blindern;SN18700;15.09.2025 23:00;12,6
Oslo - Blindern;SN18700;16.09.2025 00:00;12,6
Oslo - Blindern;SN18700;16.09.2025 01:00;12,5
Oslo - Blindern;SN18700;16.09.2025 02:00;12,3
Oslo - Blindern;SN18700;16.09.2025 03:00;12,1
Oslo - Blindern;SN18700;16.09.2025 04:00;12,1
Oslo - Blindern;SN18700;16.09.2025 05:00;12,2
Oslo - Blindern;SN18700;16.09.2025 06:00;12,3
Oslo - Blindern;SN18700;16.09.2025 07:00;12,4
Oslo - Blindern;SN18700;16.09.2025 08:00;12,4
Oslo - Blindern;SN18700;16.09.2025 09:00;13,5
Oslo - Blindern;SN18700;16.09.2025 10:00;13,5
Oslo - Blindern;SN18700;16.09.2025 11:00;13,8
Oslo - Blindern;SN18700;16.09.2025 12:00;14,4
Oslo - Blindern;SN18700;16.09.2025 13:00;16,7
Oslo - Blindern;SN18700;16.09.2025 14:00;16,9
Oslo - Blindern;SN18700;16.09.2025 15:00;14,8
Oslo - Blindern;SN18700;16.09.2025 16:00;14
Oslo - Blindern;SN18700;16.09.2025 17:00;14,2
Oslo - Blindern;SN18700;16.09.2025 18:00;13,3
Oslo - Blindern;SN18700;16.09.2025 19:00;12,4
Oslo - Blindern;SN18700;16.09.2025 20:00;12,3
Oslo - Blindern;SN18700;16.09.2025 21:00;12,4
Oslo - Blindern;SN18700;16.09.2025 22:00;12,6
Oslo - Blindern;SN18700;16.09.2025 23:00;11,9
Oslo - Blindern;SN18700;17.09.2025 00:00;11,7
Oslo - Blindern;SN18700;17.09.2025 01:00;12
Oslo - Blindern;SN18700;17.09.2025 02:00;11,9
Oslo - Blindern;SN18700;17.09.2025 03:00;11,6
Oslo - Blindern;SN18700;17.09.2025 04:00;11,4
Oslo - Blindern;SN18700;17.09.2025 05:00;11,2
Oslo - Blindern;SN18700;17.09.2025 06:00;11
Oslo - Blindern;SN18700;17.09.2025 07:00;11
Oslo - Blindern;SN18700;17.09.2025 08:00;11,9
Oslo - Blindern;SN18700;17.09.2025 09:00;13,3
Oslo - Blindern;SN18700;17.09.2025 10:00;16,2
Oslo - Blindern;SN18700;17.09.2025 11:00;17,7
Oslo - Blindern;SN18700;17.09.2025 12:00;18,1
Oslo - Blindern;SN18700;17.09.2025 13:00;19,3
Oslo - Blindern;SN18700;17.09.2025 14:00;19,2
Oslo - Blindern;SN18700;17.09.2025 15:00;19,8
Oslo - Blindern;SN18700;17.09.2025 16:00;19,2
Oslo - Blindern;SN18700;17.09.2025 17:00;17,5
Oslo - Blindern;SN18700;17.09.2025 18:00;15,8
Oslo - Blindern;SN18700;17.09.2025 19:00;14,1
Oslo - Blindern;SN18700;17.09.2025 20:00;12
Oslo - Blindern;SN18700;17.09.2025 21:00;11,5
Oslo - Blindern;SN18700;17.09.2025 22:00;10,6
Oslo - Blindern;SN18700;17.09.2025 23:00;10,4
Oslo - Blindern;SN18700;18.09.2025 00:00;10,1
Oslo - Blindern;SN18700;18.09.2025 01:00;10,2
Oslo - Blindern;SN18700;18.09.2025 02:00;10,7
Oslo - Blindern;SN18700;18.09.2025 03:00;10,5
Oslo - Blindern;SN18700;18.09.2025 04:00;10,9
Oslo - Blindern;SN18700;18.09.2025 05:00;11,4
Oslo - Blindern;SN18700;18.09.2025 06:00;11,3
Oslo - Blindern;SN18700;18.09.2025 07:00;11,2
Oslo - Blindern;SN18700;18.09.2025 08:00;11,4
Oslo - Blindern;SN18700;18.09.2025 09:00;10,8
Oslo - Blindern;SN18700;18.09.2025 10:00;11,2
Oslo - Blindern;SN18700;18.09.2025 11:00;11,3
Oslo - Blindern;SN18700;18.09.2025 12:00;12,1
Oslo - Blindern;SN18700;18.09.2025 13:00;13,3
Oslo - Blindern;SN18700;18.09.2025 14:00;15,8
Oslo - Blindern;SN18700;18.09.2025 15:00;17,2
Oslo - Blindern;SN18700;18.09.2025 16:00;16
Oslo - Blindern;SN18700;18.09.2025 17:00;15,6
Oslo - Blindern;SN18700;18.09.2025 18:00;14,2
Oslo - Blindern;SN18700;18.09.2025 19:00;13,1
Oslo - Blindern;SN18700;18.09.2025 20:00;13
Oslo - Blindern;SN18700;18.09.2025 21:00;12,7
Oslo - Blindern;SN18700;18.09.2025 22:00;12,5
Oslo - Blindern;SN18700;18.09.2025 23:00;11,3
Oslo - Blindern;SN18700;19.09.2025 00:00;10,6
Oslo - Blindern;SN18700;19.09.2025 01:00;9,8
Oslo - Blindern;SN18700;19.09.2025 02:00;9,1
Oslo - Blindern;SN18700;19.09.2025 03:00;9,2
Oslo - Blindern;SN18700;19.09.2025 04:00;8,7
Oslo - Blindern;SN18700;19.09.2025 05:00;8,6
Oslo - Blindern;SN18700;19.09.2025 06:00;8,4
Oslo - Blindern;SN18700;19.09.2025 07:00;9,1
Oslo - Blindern;SN18700;19.09.2025 08:00;12,9
Oslo - Blindern;SN18700;19.09.2025 09:00;14,8
Oslo - Blindern;SN18700;19.09.2025 10:00;15,5
Oslo - Blindern;SN18700;19.09.2025 11:00;17,4
Oslo - Blindern;SN18700;19.09.2025 12:00;18,2
Oslo - Blindern;SN18700;19.09.2025 13:00;17,2
Oslo - Blindern;SN18700;19.09.2025 14:00;16,7
Oslo - Blindern;SN18700;19.09.2025 15:00;15,9
Oslo - Blindern;SN18700;19.09.2025 16:00;15,1
Oslo - Blindern;SN18700;19.09.2025 17:00;15,1
Oslo - Blindern;SN18700;19.09.2025 18:00;14,9
Oslo - Blindern;SN18700;19.09.2025 19:00;15,2
Oslo - Blindern;SN18700;19.09.2025 20:00;15,8
Oslo - Blindern;SN18700;19.09.2025 21:00;16
Oslo - Blindern;SN18700;19.09.2025 22:00;16,2
Oslo - Blindern;SN18700;19.09.2025 23:00;16,3
Oslo - Blindern;SN18700;20.09.2025 00:00;15,8
Oslo - Blindern;SN18700;20.09.2025 01:00;14,4
Oslo - Blindern;SN18700;20.09.2025 02:00;13,9
Oslo - Blindern;SN18700;20.09.2025 03:00;13,7
Oslo - Blindern;SN18700;20.09.2025 04:00;13,7
Oslo - Blindern;SN18700;20.09.2025 05:00;13,4
Oslo - Blindern;SN18700;20.09.2025 06:00;13,2
Oslo - Blindern;SN18700;20.09.2025 07:00;13,1
Oslo - Blindern;SN18700;20.09.2025 08:00;13,5
Oslo - Blindern;SN18700;20.09.2025 09:00;13,9
Oslo - Blindern;SN18700;20.09.2025 10:00;14,2
Oslo - Blindern;SN18700;20.09.2025 11:00;16,1
Oslo - Blindern;SN18700;20.09.2025 12:00;16,5
Oslo - Blindern;SN18700;20.09.2025 13:00;16,3
Oslo - Blindern;SN18700;20.09.2025 14:00;15,8
Oslo - Blindern;SN18700;20.09.2025 15:00;15
Oslo - Blindern;SN18700;20.09.2025 16:00;13,8
Oslo - Blindern;SN18700;20.09.2025 17:00;13,1
Oslo - Blindern;SN18700;20.09.2025 18:00;12,4
Oslo - Blindern;SN18700;20.09.2025 19:00;12,2
Oslo - Blindern;SN18700;20.09.2025 20:00;12,2
Oslo - Blindern;SN18700;20.09.2025 21:00;12,2
Oslo - Blindern;SN18700;20.09.2025 22:00;12,2
Oslo - Blindern;SN18700;20.09.2025 23:00;12,2
Oslo - Blindern;SN18700;21.09.2025 00:00;12,1
Oslo - Blindern;SN18700;21.09.2025 01:00;12,2
Oslo - Blindern;SN18700;21.09.2025 02:00;12,4
Oslo - Blindern;SN18700;21.09.2025 03:00;12,4
Oslo - Blindern;SN18700;21.09.2025 04:00;12,5
Oslo - Blindern;SN18700;21.09.2025 05:00;12,2
Oslo - Blindern;SN18700;21.09.2025 06:00;12
Oslo - Blindern;SN18700;21.09.2025 07:00;11,9
Oslo - Blindern;SN18700;21.09.2025 08:00;12,3
Oslo - Blindern;SN18700;21.09.2025 09:00;12,6
Oslo - Blindern;SN18700;21.09.2025 10:00;12
Oslo - Blindern;SN18700;21.09.2025 11:00;12,1
Oslo - Blindern;SN18700;21.09.2025 12:00;12,8
Oslo - Blindern;SN18700;21.09.2025 13:00;13,6
Oslo - Blindern;SN18700;21.09.2025 14:00;15,6
Oslo - Blindern;SN18700;21.09.2025 15:00;16
Oslo - Blindern;SN18700;21.09.2025 16:00;14,9
Oslo - Blindern;SN18700;21.09.2025 17:00;13,2
Oslo - Blindern;SN18700;21.09.2025 18:00;12,1
Oslo - Blindern;SN18700;21.09.2025 19:00;9,7
Oslo - Blindern;SN18700;21.09.2025 20:00;9,6
Oslo - Blindern;SN18700;21.09.2025 21:00;9,2
Oslo - Blindern;SN18700;21.09.2025 22:00;8,8
Oslo - Blindern;SN18700;21.09.2025 23:00;8,8
Oslo - Blindern;SN18700;22.09.2025 00:00;8,1
Oslo - Blindern;SN18700;22.09.2025 01:00;7,8
Oslo - Blindern;SN18700;22.09.2025 02:00;6,1
Oslo - Blindern;SN18700;22.09.2025 03:00;6,2
Oslo - Blindern;SN18700;22.09.2025 04:00;7,8
Oslo - Blindern;SN18700;22.09.2025 05:00;8,4
Oslo - Blindern;SN18700;22.09.2025 06:00;7,8
Oslo - Blindern;SN18700;22.09.2025 07:00;7,6
Oslo - Blindern;SN18700;22.09.2025 08:00;10,3
Oslo - Blindern;SN18700;22.09.2025 09:00;11,1
Oslo - Blindern;SN18700;22.09.2025 10:00;11,7
Oslo - Blindern;SN18700;22.09.2025 11:00;12,7
Oslo - Blindern;SN18700;22.09.2025 12:00;12,8
Oslo - Blindern;SN18700;22.09.2025 13:00;13,8
Oslo - Blindern;SN18700;22.09.2025 14:00;12,9
Oslo - Blindern;SN18700;22.09.2025 15:00;14,3
Oslo - Blindern;SN18700;22.09.2025 16:00;14,1
Oslo - Blindern;SN18700;22.09.2025 17:00;12,2
Oslo - Blindern;SN18700;22.09.2025 18:00;11,1
Oslo - Blindern;SN18700;22.09.2025 19:00;9,2
Oslo - Blindern;SN18700;22.09.2025 20:00;9,6
Oslo - Blindern;SN18700;22.09.2025 21:00;8
Oslo - Blindern;SN18700;22.09.2025 22:00;7,4
Oslo - Blindern;SN18700;22.09.2025 23:00;5,4
Oslo - Blindern;SN18700;23.09.2025 00:00;4,4
Oslo - Blindern;SN18700;23.09.2025 01:00;4,1
Oslo - Blindern;SN18700;23.09.2025 02:00;3,8
Oslo - Blindern;SN18700;23.09.2025 03:00;3,7
Oslo - Blindern;SN18700;23.09.2025 04:00;3
Oslo - Blindern;SN18700;23.09.2025 05:00;3,4
Oslo - Blindern;SN18700;23.09.2025 06:00;2,2
Oslo - Blindern;SN18700;23.09.2025 07:00;2,9
Oslo - Blindern;SN18700;23.09.2025 08:00;7,6
Oslo - Blindern;SN18700;23.09.2025 09:00;10,1
Oslo - Blindern;SN18700;23.09.2025 10:00;11,6
Oslo - Blindern;SN18700;23.09.2025 11:00;13,2
Oslo - Blindern;SN18700;23.09.2025 12:00;13,9
Oslo - Blindern;SN18700;23.09.2025 13:00;13,9
Oslo - Blindern;SN18700;23.09.2025 14:00;14,1
Oslo - Blindern;SN18700;23.09.2025 15:00;14
Oslo - Blindern;SN18700;23.09.2025 16:00;13,5
Oslo - Blindern;SN18700;23.09.2025 17:00;12,5
Oslo - Blindern;SN18700;23.09.2025 18:00;10,9
Oslo - Blindern;SN18700;23.09.2025 19:00;8,4
Oslo - Blindern;SN18700;23.09.2025 20:00;7,3
Oslo - Blindern;SN18700;23.09.2025 21:00;6,4
Oslo - Blindern;SN18700;23.09.2025 22:00;6,3
Oslo - Blindern;SN18700;23.09.2025 23:00;6
Oslo - Blindern;SN18700;24.09.2025 00:00;6,1
Oslo - Blindern;SN18700;24.09.2025 01:00;5,4
Oslo - Blindern;SN18700;24.09.2025 02:00;5,3
Oslo - Blindern;SN18700;24.09.2025 03:00;5,3
Oslo - Blindern;SN18700;24.09.2025 04:00;5,1
Oslo - Blindern;SN18700;24.09.2025 05:00;4,6
Oslo - Blindern;SN18700;24.09.2025 06:00;3,6
Oslo - Blindern;SN18700;24.09.2025 07:00;3,7
Oslo - Blindern;SN18700;24.09.2025 08:00;8,3
Oslo - Blindern;SN18700;24.09.2025 09:00;10,5
Oslo - Blindern;SN18700;24.09.2025 10:00;12,4
Oslo - Blindern;SN18700;24.09.2025 11:00;14,2
Oslo - Blindern;SN18700;24.09.2025 12:00;14,9
Oslo - Blindern;SN18700;24.09.2025 13:00;14,9
Oslo - Blindern;SN18700;24.09.2025 14:00;14,8
Oslo - Blindern;SN18700;24.09.2025 15:00;15,5
Oslo - Blindern;SN18700;24.09.2025 16:00;14,5
Oslo - Blindern;SN18700;24.09.2025 17:00;13
Oslo - Blindern;SN18700;24.09.2025 18:00;11,1
Oslo - Blindern;SN18700;24.09.2025 19:00;8,6
Oslo - Blindern;SN18700;24.09.2025 20:00;7,7
Oslo - Blindern;SN18700;24.09.2025 21:00;7,2
Oslo - Blindern;SN18700;24.09.2025 22:00;5,9
Oslo - Blindern;SN18700;24.09.2025 23:00;6
Oslo - Blindern;SN18700;25.09.2025 00:00;5,1
Oslo - Blindern;SN18700;25.09.2025 01:00;4,9
Oslo - Blindern;SN18700;25.09.2025 02:00;4,5
Oslo - Blindern;SN18700;25.09.2025 03:00;4,5
Oslo - Blindern;SN18700;25.09.2025 04:00;4,1
Oslo - Blindern;SN18700;25.09.2025 05:00;3,7
Oslo - Blindern;SN18700;25.09.2025 06:00;3,4
Oslo - Blindern;SN18700;25.09.2025 07:00;3,7
Oslo - Blindern;SN18700;25.09.2025 08:00;8,1
Oslo - Blindern;SN18700;25.09.2025 09:00;9,7
Oslo - Blindern;SN18700;25.09.2025 10:00;12,1
Oslo - Blindern;SN18700;25.09.2025 11:00;12,3
Oslo - Blindern;SN18700;25.09.2025 12:00;14,3
Oslo - Blindern;SN18700;25.09.2025 13:00;15,1
Oslo - Blindern;SN18700;25.09.2025 14:00;15,6
Oslo - Blindern;SN18700;25.09.2025 15:00;15,4
Oslo - Blindern;SN18700;25.09.2025 16:00;14,9
Oslo - Blindern;SN18700;25.09.2025 17:00;13,9
Oslo - Blindern;SN18700;25.09.2025 18:00;12,2
Oslo - Blindern;SN18700;25.09.2025 19:00;10,7
Oslo - Blindern;SN18700;25.09.2025 20:00;9,2
Oslo - Blindern;SN18700;25.09.2025 21:00;7,9
Oslo - Blindern;SN18700;25.09.2025 22:00;7,1
Oslo - Blindern;SN18700;25.09.2025 23:00;6,6
Oslo - Blindern;SN18700;26.09.2025 00:00;6,2
Oslo - Blindern;SN18700;26.09.2025 01:00;6,2
Oslo - Blindern;SN18700;26.09.2025 02:00;6,8
Oslo - Blindern;SN18700;26.09.2025 03:00;7,7
Oslo - Blindern;SN18700;26.09.2025 04:00;7,6
Oslo - Blindern;SN18700;26.09.2025 05:00;7
Oslo - Blindern;SN18700;26.09.2025 06:00;6,9
Oslo - Blindern;SN18700;26.09.2025 07:00;6,7
Oslo - Blindern;SN18700;26.09.2025 08:00;7,3
Oslo - Blindern;SN18700;26.09.2025 09:00;7,5
Oslo - Blindern;SN18700;26.09.2025 10:00;8,1
Oslo - Blindern;SN18700;26.09.2025 11:00;11,7
Oslo - Blindern;SN18700;26.09.2025 12:00;12,8
Oslo - Blindern;SN18700;26.09.2025 13:00;13,1
Oslo - Blindern;SN18700;26.09.2025 14:00;14,4
Oslo - Blindern;SN18700;26.09.2025 15:00;15,3
Oslo - Blindern;SN18700;26.09.2025 16:00;15
Oslo - Blindern;SN18700;26.09.2025 17:00;13,5
Oslo - Blindern;SN18700;26.09.2025 18:00;11,8
Oslo - Blindern;SN18700;26.09.2025 19:00;9,3
Oslo - Blindern;SN18700;26.09.2025 20:00;9,3
Oslo - Blindern;SN18700;26.09.2025 21:00;8,6
Oslo - Blindern;SN18700;26.09.2025 22:00;7,8
Oslo - Blindern;SN18700;26.09.2025 23:00;7,8
Oslo - Blindern;SN18700;27.09.2025 00:00;8,2
Oslo - Blindern;SN18700;27.09.2025 01:00;8,5
Oslo - Blindern;SN18700;27.09.2025 02:00;8
Oslo - Blindern;SN18700;27.09.2025 03:00;8
Oslo - Blindern;SN18700;27.09.2025 04:00;7,9
Oslo - Blindern;SN18700;27.09.2025 05:00;7,7
Oslo - Blindern;SN18700;27.09.2025 06:00;7,8
Oslo - Blindern;SN18700;27.09.2025 07:00;8
Oslo - Blindern;SN18700;27.09.2025 08:00;9,4
Oslo - Blindern;SN18700;27.09.2025 09:00;11,4
Oslo - Blindern;SN18700;27.09.2025 10:00;12,6
Oslo - Blindern;SN18700;27.09.2025 11:00;13,7
Oslo - Blindern;SN18700;27.09.2025 12:00;14,8
Oslo - Blindern;SN18700;27.09.2025 13:00;15,3
Oslo - Blindern;SN18700;27.09.2025 14:00;15,6
Oslo - Blindern;SN18700;27.09.2025 15:00;16,2
Oslo - Blindern;SN18700;27.09.2025 16:00;15,9
Oslo - Blindern;SN18700;27.09.2025 17:00;15,4
Oslo - Blindern;SN18700;27.09.2025 18:00;13,9
Oslo - Blindern;SN18700;27.09.2025 19:00;12,6
Oslo - Blindern;SN18700;27.09.2025 20:00;12,3
Oslo - Blindern;SN18700;27.09.2025 21:00;11,7
Oslo - Blindern;SN18700;27.09.2025 22:00;10,6
Oslo - Blindern;SN18700;27.09.2025 23:00;10,4
Oslo - Blindern;SN18700;28.09.2025 00:00;9,5
Oslo - Blindern;SN18700;28.09.2025 01:00;9,8
Oslo - Blindern;SN18700;28.09.2025 02:00;10,9
Oslo - Blindern;SN18700;28.09.2025 03:00;11,2
Oslo - Blindern;SN18700;28.09.2025 04:00;11,4
Oslo - Blindern;SN18700;28.09.2025 05:00;11,1
Oslo - Blindern;SN18700;28.09.2025 06:00;10,9
Oslo - Blindern;SN18700;28.09.2025 07:00;11,1
Oslo - Blindern;SN18700;28.09.2025 08:00;12,1
Oslo - Blindern;SN18700;28.09.2025 09:00;13,4
Oslo - Blindern;SN18700;28.09.2025 10:00;13,2
Oslo - Blindern;SN18700;28.09.2025 11:00;12
Oslo - Blindern;SN18700;28.09.2025 12:00;11,1
Oslo - Blindern;SN18700;28.09.2025 13:00;11,3
Oslo - Blindern;SN18700;28.09.2025 14:00;12,4
Oslo - Blindern;SN18700;28.09.2025 15:00;12,7
Oslo - Blindern;SN18700;28.09.2025 16:00;12,8
Oslo - Blindern;SN18700;28.09.2025 17:00;12,7
Oslo - Blindern;SN18700;28.09.2025 18:00;12,2
Oslo - Blindern;SN18700;28.09.2025 19:00;12,1
Oslo - Blindern;SN18700;28.09.2025 20:00;11,9
Oslo - Blindern;SN18700;28.09.2025 21:00;11,7
Oslo - Blindern;SN18700;28.09.2025 22:00;11,5
Oslo - Blindern;SN18700;28.09.2025 23:00;11,9
Oslo - Blindern;SN18700;29.09.2025 00:00;11,4
Oslo - Blindern;SN18700;29.09.2025 01:00;11,4
Oslo - Blindern;SN18700;29.09.2025 02:00;11,6
Oslo - Blindern;SN18700;29.09.2025 03:00;11,6
Oslo - Blindern;SN18700;29.09.2025 04:00;11,6
Oslo - Blindern;SN18700;29.09.2025 05:00;11,9
Oslo - Blindern;SN18700;29.09.2025 06:00;11,8
Oslo - Blindern;SN18700;29.09.2025 07:00;12
Oslo - Blindern;SN18700;29.09.2025 08:00;12,1
Oslo - Blindern;SN18700;29.09.2025 09:00;12
Oslo - Blindern;SN18700;29.09.2025 10:00;11,5
Oslo - Blindern;SN18700;29.09.2025 11:00;12,6
Oslo - Blindern;SN18700;29.09.2025 12:00;13,4
Oslo - Blindern;SN18700;29.09.2025 13:00;14,6
Oslo - Blindern;SN18700;29.09.2025 14:00;13,8
Oslo - Blindern;SN18700;29.09.2025 15:00;13,2
Oslo - Blindern;SN18700;29.09.2025 16:00;13,5
Oslo - Blindern;SN18700;29.09.2025 17:00;12,8
Oslo - Blindern;SN18700;29.09.2025 18:00;11,4
Oslo - Blindern;SN18700;29.09.2025 19:00;10,8
Oslo - Blindern;SN18700;29.09.2025 20:00;10,9
Oslo - Blindern;SN18700;29.09.2025 21:00;10,9
Oslo - Blindern;SN18700;29.09.2025 22:00;10,6
Oslo - Blindern;SN18700;29.09.2025 23:00;10,4
Oslo - Blindern;SN18700;30.09.2025 00:00;10,5
Oslo - Blindern;SN18700;30.09.2025 01:00;10,4
Oslo - Blindern;SN18700;30.09.2025 02:00;10,2
Oslo - Blindern;SN18700;30.09.2025 03:00;9,9
Oslo - Blindern;SN18700;30.09.2025 04:00;9,7
Oslo - Blindern;SN18700;30.09.2025 05:00;9,5
Oslo - Blindern;SN18700;30.09.2025 06:00;9,2
Oslo - Blindern;SN18700;30.09.2025 07:00;8,9
Oslo - Blindern;SN18700;30.09.2025 08:00;8,8
Oslo - Blindern;SN18700;30.09.2025 09:00;9,4
Oslo - Blindern;SN18700;30.09.2025 10:00;10,8
Oslo - Blindern;SN18700;30.09.2025 11:00;12
Oslo - Blindern;SN18700;30.09.2025 12:00;11,9
Oslo - Blindern;SN18700;30.09.2025 13:00;12,5
Oslo - Blindern;SN18700;30.09.2025 14:00;12
Oslo - Blindern;SN18700;30.09.2025 15:00;12
Oslo - Blindern;SN18700;30.09.2025 16:00;11,7
Oslo - Blindern;SN18700;30.09.2025 17:00;11,1
Oslo - Blindern;SN18700;30.09.2025 18:00;10,5
Oslo - Blindern;SN18700;30.09.2025 19:00;10
Oslo - Blindern;SN18700;30.09.2025 20:00;9,4
Oslo - Blindern;SN18700;30.09.2025 21:00;8,4
Oslo - Blindern;SN18700;30.09.2025 22:00;8,3
Oslo - Blindern;SN18700;30.09.2025 23:00;8
Oslo - Blindern;SN18700;01.10.2025 00:00;7,3
Oslo - Blindern;SN18700;01.10.2025 01:00;6,4
Oslo - Blindern;SN18700;01.10.2025 02:00;6,2
Oslo - Blindern;SN18700;01.10.2025 03:00;6
Oslo - Blindern;SN18700;01.10.2025 04:00;6,8
Oslo - Blindern;SN18700;01.10.2025 05:00;6,8
Oslo - Blindern;SN18700;01.10.2025 06:00;7,1
Oslo - Blindern;SN18700;01.10.2025 07:00;7,3
Oslo - Blindern;SN18700;01.10.2025 08:00;7,3
Oslo - Blindern;SN18700;01.10.2025 09:00;7,6
Oslo - Blindern;SN18700;01.10.2025 10:00;8,4
Oslo - Blindern;SN18700;01.10.2025 11:00;8,9
Oslo - Blindern;SN18700;01.10.2025 12:00;9,2
Oslo - Blindern;SN18700;01.10.2025 13:00;10,1
Oslo - Blindern;SN18700;01.10.2025 14:00;10,4
Oslo - Blindern;SN18700;01.10.2025 15:00;10,6
Oslo - Blindern;SN18700;01.10.2025 16:00;10,2
Oslo - Blindern;SN18700;01.10.2025 17:00;9,9
Oslo - Blindern;SN18700;01.10.2025 18:00;9,3
Oslo - Blindern;SN18700;01.10.2025 19:00;9,3
Oslo - Blindern;SN18700;01.10.2025 20:00;9,3
Oslo - Blindern;SN18700;01.10.2025 21:00;9,4
Oslo - Blindern;SN18700;01.10.2025 22:00;9,2
Oslo - Blindern;SN18700;01.10.2025 23:00;9
Oslo - Blindern;SN18700;02.10.2025 00:00;9,1
Oslo - Blindern;SN18700;02.10.2025 01:00;8,8
Oslo - Blindern;SN18700;02.10.2025 02:00;8,5
Oslo - Blindern;SN18700;02.10.2025 03:00;8,5
Oslo - Blindern;SN18700;02.10.2025 04:00;8,3
Oslo - Blindern;SN18700;02.10.2025 05:00;8,4
Oslo - Blindern;SN18700;02.10.2025 06:00;8,3
Oslo - Blindern;SN18700;02.10.2025 07:00;8,5
Oslo - Blindern;SN18700;02.10.2025 08:00;8,9
Oslo - Blindern;SN18700;02.10.2025 09:00;9,1
Oslo - Blindern;SN18700;02.10.2025 10:00;11,6
Oslo - Blindern;SN18700;02.10.2025 11:00;11,9
Oslo - Blindern;SN18700;02.10.2025 12:00;12
Oslo - Blindern;SN18700;02.10.2025 13:00;12,8
Oslo - Blindern;SN18700;02.10.2025 14:00;12,8
Oslo - Blindern;SN18700;02.10.2025 15:00;12,3
Oslo - Blindern;SN18700;02.10.2025 16:00;12
Oslo - Blindern;SN18700;02.10.2025 17:00;11,7
Oslo - Blindern;SN18700;02.10.2025 18:00;11,5
Oslo - Blindern;SN18700;02.10.2025 19:00;11,1
Oslo - Blindern;SN18700;02.10.2025 20:00;10,9
Oslo - Blindern;SN18700;02.10.2025 21:00;10,7
Oslo - Blindern;SN18700;02.10.2025 22:00;10,3
Oslo - Blindern;SN18700;02.10.2025 23:00;10,5
Oslo - Blindern;SN18700;03.10.2025 00:00;10,5
Oslo - Blindern;SN18700;03.10.2025 01:00;10,6
Oslo - Blindern;SN18700;03.10.2025 02:00;10,3
Oslo - Blindern;SN18700;03.10.2025 03:00;9,9
Oslo - Blindern;SN18700;03.10.2025 04:00;9,7
Oslo - Blindern;SN18700;03.10.2025 05:00;9,7
Oslo - Blindern;SN18700;03.10.2025 06:00;9,7
Oslo - Blindern;SN18700;03.10.2025 07:00;8,9
Oslo - Blindern;SN18700;03.10.2025 08:00;9,8
Oslo - Blindern;SN18700;03.10.2025 09:00;10,8
Oslo - Blindern;SN18700;03.10.2025 10:00;10,7
Oslo - Blindern;SN18700;03.10.2025 11:00;10,7
Oslo - Blindern;SN18700;03.10.2025 12:00;11,9
Oslo - Blindern;SN18700;03.10.2025 13:00;12,5
Oslo - Blindern;SN18700;03.10.2025 14:00;12,7
Oslo - Blindern;SN18700;03.10.2025 15:00;12,6
Oslo - Blindern;SN18700;03.10.2025 16:00;12,2
Oslo - Blindern;SN18700;03.10.2025 17:00;11,8
Oslo - Blindern;SN18700;03.10.2025 18:00;11,5
Oslo - Blindern;SN18700;03.10.2025 19:00;10,9
Oslo - Blindern;SN18700;03.10.2025 20:00;10,7
Oslo - Blindern;SN18700;03.10.2025 21:00;10,5
Oslo - Blindern;SN18700;03.10.2025 22:00;10,1
Oslo - Blindern;SN18700;03.10.2025 23:00;9,8
Oslo - Blindern;SN18700;04.10.2025 00:00;9,5
Oslo - Blindern;SN18700;04.10.2025 01:00;9,4
Oslo - Blindern;SN18700;04.10.2025 02:00;9,4
Oslo - Blindern;SN18700;04.10.2025 03:00;9,1
Oslo - Blindern;SN18700;04.10.2025 04:00;9,1
Oslo - Blindern;SN18700;04.10.2025 05:00;7,9
Oslo - Blindern;SN18700;04.10.2025 06:00;7,1
Oslo - Blindern;SN18700;04.10.2025 07:00;6,5
Oslo - Blindern;SN18700;04.10.2025 08:00;6,4
Oslo - Blindern;SN18700;04.10.2025 09:00;6,4
Oslo - Blindern;SN18700;04.10.2025 10:00;6,7
Oslo - Blindern;SN18700;04.10.2025 11:00;7
Oslo - Blindern;SN18700;04.10.2025 12:00;7,4
Oslo - Blindern;SN18700;04.10.2025 13:00;7,3
Oslo - Blindern;SN18700;04.10.2025 14:00;7,5
Oslo - Blindern;SN18700;04.10.2025 15:00;7,5
Oslo - Blindern;SN18700;04.10.2025 16:00;7,9
Oslo - Blindern;SN18700;04.10.2025 17:00;8,3
Oslo - Blindern;SN18700;04.10.2025 18:00;8,1
Oslo - Blindern;SN18700;04.10.2025 19:00;8,2
Oslo - Blindern;SN18700;04.10.2025 20:00;8,5
Oslo - Blindern;SN18700;04.10.2025 21:00;8,5
Oslo - Blindern;SN18700;04.10.2025 22:00;8,7
Oslo - Blindern;SN18700;04.10.2025 23:00;8,9
Oslo - Blindern;SN18700;05.10.2025 00:00;8,8
Oslo - Blindern;SN18700;05.10.2025 01:00;8,8
Oslo - Blindern;SN18700;05.10.2025 02:00;9,1
Oslo - Blindern;SN18700;05.10.2025 03:00;9,1
Oslo - Blindern;SN18700;05.10.2025 04:00;9,1
Oslo - Blindern;SN18700;05.10.2025 05:00;9,2
Oslo - Blindern;SN18700;05.10.2025 06:00;9,3
Oslo - Blindern;SN18700;05.10.2025 07:00;9,3
Oslo - Blindern;SN18700;05.10.2025 08:00;9,4
Oslo - Blindern;SN18700;05.10.2025 09:00;9,6
Oslo - Blindern;SN18700;05.10.2025 10:00;10,6
Oslo - Blindern;SN18700;05.10.2025 11:00;11,5
Oslo - Blindern;SN18700;05.10.2025 12:00;12,1
Oslo - Blindern;SN18700;05.10.2025 13:00;12
Oslo - Blindern;SN18700;05.10.2025 14:00;11,9
Oslo - Blindern;SN18700;05.10.2025 15:00;11,5
Oslo - Blindern;SN18700;05.10.2025 16:00;11,8
Oslo - Blindern;SN18700;05.10.2025 17:00;11,5
Oslo - Blindern;SN18700;05.10.2025 18:00;11,2
Oslo - Blindern;SN18700;05.10.2025 19:00;11,2
Oslo - Blindern;SN18700;05.10.2025 20:00;10,8
Oslo - Blindern;SN18700;05.10.2025 21:00;10,2
Oslo - Blindern;SN18700;05.10.2025 22:00;10,5
Oslo - Blindern;SN18700;05.10.2025 23:00;9,6
Oslo - Blindern;SN18700;06.10.2025 00:00;8,2
Oslo - Blindern;SN18700;06.10.2025 01:00;7,2
Oslo - Blindern;SN18700;06.10.2025 02:00;7,4
Oslo - Blindern;SN18700;06.10.2025 03:00;7
Oslo - Blindern;SN18700;06.10.2025 04:00;7,6
Oslo - Blindern;SN18700;06.10.2025 05:00;7
Oslo - Blindern;SN18700;06.10.2025 06:00;7,1
Oslo - Blindern;SN18700;06.10.2025 07:00;6,7
Oslo - Blindern;SN18700;06.10.2025 08:00;8,3
Oslo - Blindern;SN18700;06.10.2025 09:00;9,8
Oslo - Blindern;SN18700;06.10.2025 10:00;11,3
Oslo - Blindern;SN18700;06.10.2025 11:00;11,5
Oslo - Blindern;SN18700;06.10.2025 12:00;12,3
Oslo - Blindern;SN18700;06.10.2025 13:00;12,5
Oslo - Blindern;SN18700;06.10.2025 14:00;12,5
Oslo - Blindern;SN18700;06.10.2025 15:00;12,6
Oslo - Blindern;SN18700;06.10.2025 16:00;11,6
Oslo - Blindern;SN18700;06.10.2025 17:00;10,8
Oslo - Blindern;SN18700;06.10.2025 18:00;10,4
Oslo - Blindern;SN18700;06.10.2025 19:00;10,7
Oslo - Blindern;SN18700;06.10.2025 20:00;10,7
Oslo - Blindern;SN18700;06.10.2025 21:00;10,3
Oslo - Blindern;SN18700;06.10.2025 22:00;10,2
Oslo - Blindern;SN18700;06.10.2025 23:00;10,1
Oslo - Blindern;SN18700;07.10.2025 00:00;10,2
Oslo - Blindern;SN18700;07.10.2025 01:00;10,1
Oslo - Blindern;SN18700;07.10.2025 02:00;9,8
Oslo - Blindern;SN18700;07.10.2025 03:00;9,8
Oslo - Blindern;SN18700;07.10.2025 04:00;9,7
Oslo - Blindern;SN18700;07.10.2025 05:00;10
Oslo - Blindern;SN18700;07.10.2025 06:00;10,2
Oslo - Blindern;SN18700;07.10.2025 07:00;10,3
Oslo - Blindern;SN18700;07.10.2025 08:00;10,6
Oslo - Blindern;SN18700;07.10.2025 09:00;10,9
Oslo - Blindern;SN18700;07.10.2025 10:00;11,1
Oslo - Blindern;SN18700;07.10.2025 11:00;11,2
Oslo - Blindern;SN18700;07.10.2025 12:00;11,8
Oslo - Blindern;SN18700;07.10.2025 13:00;12,5
Oslo - Blindern;SN18700;07.10.2025 14:00;13,4
Oslo - Blindern;SN18700;07.10.2025 15:00;13,3
Oslo - Blindern;SN18700;07.10.2025 16:00;13,2
Oslo - Blindern;SN18700;07.10.2025 17:00;13,1
Oslo - Blindern;SN18700;07.10.2025 18:00;13,1
Oslo - Blindern;SN18700;07.10.2025 19:00;13,1
Oslo - Blindern;SN18700;07.10.2025 20:00;13,2
Oslo - Blindern;SN18700;07.10.2025 21:00;13
Oslo - Blindern;SN18700;07.10.2025 22:00;12,8
Oslo - Blindern;SN18700;07.10.2025 23:00;12,5
Oslo - Blindern;SN18700;08.10.2025 00:00;12,1
Oslo - Blindern;SN18700;08.10.2025 01:00;11,8
Oslo - Blindern;SN18700;08.10.2025 02:00;11,5
Oslo - Blindern;SN18700;08.10.2025 03:00;10,8
Oslo - Blindern;SN18700;08.10.2025 04:00;10,7
Oslo - Blindern;SN18700;08.10.2025 05:00;10,3
Oslo - Blindern;SN18700;08.10.2025 06:00;9,5
Oslo - Blindern;SN18700;08.10.2025 07:00;8,3
Oslo - Blindern;SN18700;08.10.2025 08:00;8,4
Oslo - Blindern;SN18700;08.10.2025 09:00;10,3
Oslo - Blindern;SN18700;08.10.2025 10:00;11,3
Oslo - Blindern;SN18700;08.10.2025 11:00;13,2
Oslo - Blindern;SN18700;08.10.2025 12:00;14,1
Oslo - Blindern;SN18700;08.10.2025 13:00;14,5
Oslo - Blindern;SN18700;08.10.2025 14:00;13,5
Oslo - Blindern;SN18700;08.10.2025 15:00;13,8
Oslo - Blindern;SN18700;08.10.2025 16:00;13,2
Oslo - Blindern;SN18700;08.10.2025 17:00;11,7
Oslo - Blindern;SN18700;08.10.2025 18:00;10,8
Oslo - Blindern;SN18700;08.10.2025 19:00;10,1
Oslo - Blindern;SN18700;08.10.2025 20:00;8,9
Oslo - Blindern;SN18700;08.10.2025 21:00;7,7
Oslo - Blindern;SN18700;08.10.2025 22:00;6,5
Oslo - Blindern;SN18700;08.10.2025 23:00;6,2
Oslo - Blindern;SN18700;09.10.2025 00:00;5,2
Oslo - Blindern;SN18700;09.10.2025 01:00;4,7
Oslo - Blindern;SN18700;09.10.2025 02:00;4,8
Oslo - Blindern;SN18700;09.10.2025 03:00;4,9
Oslo - Blindern;SN18700;09.10.2025 04:00;5
Oslo - Blindern;SN18700;09.10.2025 05:00;5,2
Oslo - Blindern;SN18700;09.10.2025 06:00;5,5
Oslo - Blindern;SN18700;09.10.2025 07:00;5,9
Oslo - Blindern;SN18700;09.10.2025 08:00;6,6
Oslo - Blindern;SN18700;09.10.2025 09:00;7,3
Oslo - Blindern;SN18700;09.10.2025 10:00;7,8
Oslo - Blindern;SN18700;09.10.2025 11:00;8,7
Oslo - Blindern;SN18700;09.10.2025 12:00;9,7
Oslo - Blindern;SN18700;09.10.2025 13:00;11,7
Oslo - Blindern;SN18700;09.10.2025 14:00;12,5
Oslo - Blindern;SN18700;09.10.2025 15:00;13,7
Oslo - Blindern;SN18700;09.10.2025 16:00;13,3
Oslo - Blindern;SN18700;09.10.2025 17:00;12,5
Oslo - Blindern;SN18700;09.10.2025 18:00;9,9
Oslo - Blindern;SN18700;09.10.2025 19:00;8,5
Oslo - Blindern;SN18700;09.10.2025 20:00;7,7
Oslo - Blindern;SN18700;09.10.2025 21:00;7
Oslo - Blindern;SN18700;09.10.2025 22:00;6
Oslo - Blindern;SN18700;09.10.2025 23:00;4,7
Oslo - Blindern;SN18700;10.10.2025 00:00;5,9
Oslo - Blindern;SN18700;10.10.2025 01:00;4,8
Oslo - Blindern;SN18700;10.10.2025 02:00;4,3
Oslo - Blindern;SN18700;10.10.2025 03:00;3,8
Oslo - Blindern;SN18700;10.10.2025 04:00;3,5
Oslo - Blindern;SN18700;10.10.2025 05:00;4,6
Oslo - Blindern;SN18700;10.10.2025 06:00;4,8
Oslo - Blindern;SN18700;10.10.2025 07:00;4,9
Oslo - Blindern;SN18700;10.10.2025 08:00;6,3
Oslo - Blindern;SN18700;10.10.2025 09:00;7,9
Oslo - Blindern;SN18700;10.10.2025 10:00;9,2
Oslo - Blindern;SN18700;10.10.2025 11:00;11,1
Oslo - Blindern;SN18700;10.10.2025 12:00;12,1
Oslo - Blindern;SN18700;10.10.2025 13:00;12,6
Oslo - Blindern;SN18700;10.10.2025 14:00;12,7
Oslo - Blindern;SN18700;10.10.2025 15:00;13,7
Oslo - Blindern;SN18700;10.10.2025 16:00;13,4
Oslo - Blindern;SN18700;10.10.2025 17:00;13,7
Oslo - Blindern;SN18700;10.10.2025 18:00;14,5
Oslo - Blindern;SN18700;10.10.2025 19:00;13,8
Oslo - Blindern;SN18700;10.10.2025 20:00;13,2
Oslo - Blindern;SN18700;10.10.2025 21:00;12,5
Oslo - Blindern;SN18700;10.10.2025 22:00;12,7
Oslo - Blindern;SN18700;10.10.2025 23:00;12,4
Oslo - Blindern;SN18700;11.10.2025 00:00;12,6
Oslo - Blindern;SN18700;11.10.2025 01:00;12,1
Oslo - Blindern;SN18700;11.10.2025 02:00;12,3
Oslo - Blindern;SN18700;11.10.2025 03:00;12,3
Oslo - Blindern;SN18700;11.10.2025 04:00;13
Oslo - Blindern;SN18700;11.10.2025 05:00;12,2
Oslo - Blindern;SN18700;11.10.2025 06:00;10,8
Oslo - Blindern;SN18700;11.10.2025 07:00;10,5
Oslo - Blindern;SN18700;11.10.2025 08:00;12,1
Oslo - Blindern;SN18700;11.10.2025 09:00;11,6
Oslo - Blindern;SN18700;11.10.2025 10:00;14,6
Oslo - Blindern;SN18700;11.10.2025 11:00;14,4
Oslo - Blindern;SN18700;11.10.2025 12:00;15,7
Oslo - Blindern;SN18700;11.10.2025 13:00;15,5
Oslo - Blindern;SN18700;11.10.2025 14:00;15,8
Oslo - Blindern;SN18700;11.10.2025 15:00;16,2
Oslo - Blindern;SN18700;11.10.2025 16:00;15,3
Oslo - Blindern;SN18700;11.10.2025 17:00;14,7
Oslo - Blindern;SN18700;11.10.2025 18:00;13,6
Oslo - Blindern;SN18700;11.10.2025 19:00;11,6
Oslo - Blindern;SN18700;11.10.2025 20:00;11,8
Oslo - Blindern;SN18700;11.10.2025 21:00;14,3
Oslo - Blindern;SN18700;11.10.2025 22:00;14,2
Oslo - Blindern;SN18700;11.10.2025 23:00;14,4
Oslo - Blindern;SN18700;12.10.2025 00:00;14,7
Oslo - Blindern;SN18700;12.10.2025 01:00;14,5
Oslo - Blindern;SN18700;12.10.2025 02:00;14,6
Oslo - Blindern;SN18700;12.10.2025 03:00;14,2
Oslo - Blindern;SN18700;12.10.2025 04:00;13,4
Oslo - Blindern;SN18700;12.10.2025 05:00;11,4
Oslo - Blindern;SN18700;12.10.2025 06:00;10,2
Oslo - Blindern;SN18700;12.10.2025 07:00;9,1
Oslo - Blindern;SN18700;12.10.2025 08:00;9,3
Oslo - Blindern;SN18700;12.10.2025 09:00;10,2
Oslo - Blindern;SN18700;12.10.2025 10:00;12,1
Oslo - Blindern;SN18700;12.10.2025 11:00;13
Oslo - Blindern;SN18700;12.10.2025 12:00;11,7
Oslo - Blindern;SN18700;12.10.2025 13:00;12,9
Oslo - Blindern;SN18700;12.10.2025 14:00;13,8
Oslo - Blindern;SN18700;12.10.2025 15:00;12,9
Oslo - Blindern;SN18700;12.10.2025 16:00;11,8
Oslo - Blindern;SN18700;12.10.2025 17:00;10,2
Oslo - Blindern;SN18700;12.10.2025 18:00;7
Oslo - Blindern;SN18700;12.10.2025 19:00;6,2
Oslo - Blindern;SN18700;12.10.2025 20:00;6,6
Oslo - Blindern;SN18700;12.10.2025 21:00;5,2
Oslo - Blindern;SN18700;12.10.2025 22:00;5,5
Oslo - Blindern;SN18700;12.10.2025 23:00;5,8
Oslo - Blindern;SN18700;13.10.2025 00:00;4,5
Oslo - Blindern;SN18700;13.10.2025 01:00;4,6
Oslo - Blindern;SN18700;13.10.2025 02:00;5
Oslo - Blindern;SN18700;13.10.2025 03:00;5,3
Oslo - Blindern;SN18700;13.10.2025 04:00;4,9
Oslo - Blindern;SN18700;13.10.2025 05:00;5,1
Oslo - Blindern;SN18700;13.10.2025 06:00;5
Oslo - Blindern;SN18700;13.10.2025 07:00;4,9
Oslo - Blindern;SN18700;13.10.2025 08:00;5,8
Oslo - Blindern;SN18700;13.10.2025 09:00;6,5
Oslo - Blindern;SN18700;13.10.2025 10:00;7,3
Oslo - Blindern;SN18700;13.10.2025 11:00;8,3
Oslo - Blindern;SN18700;13.10.2025 12:00;8,7
Oslo - Blindern;SN18700;13.10.2025 13:00;9,3
Oslo - Blindern;SN18700;13.10.2025 14:00;10,5
Oslo - Blindern;SN18700;13.10.2025 15:00;10,2
Oslo - Blindern;SN18700;13.10.2025 16:00;10
Oslo - Blindern;SN18700;13.10.2025 17:00;9,7
Oslo - Blindern;SN18700;13.10.2025 18:00;9,6
Oslo - Blindern;SN18700;13.10.2025 19:00;9,4
Oslo - Blindern;SN18700;13.10.2025 20:00;8,8
Oslo - Blindern;SN18700;13.10.2025 21:00;8,5
Oslo - Blindern;SN18700;13.10.2025 22:00;8
Oslo - Blindern;SN18700;13.10.2025 23:00;8,1
Oslo - Blindern;SN18700;14.10.2025 00:00;8,5
Oslo - Blindern;SN18700;14.10.2025 01:00;8,3
Oslo - Blindern;SN18700;14.10.2025 02:00;8,3
Oslo - Blindern;SN18700;14.10.2025 03:00;8,4
Oslo - Blindern;SN18700;14.10.2025 04:00;8,2
Oslo - Blindern;SN18700;14.10.2025 05:00;8,1
Oslo - Blindern;SN18700;14.10.2025 06:00;8,5
Oslo - Blindern;SN18700;14.10.2025 07:00;8
Oslo - Blindern;SN18700;14.10.2025 08:00;8,4
Oslo - Blindern;SN18700;14.10.2025 09:00;11,3
Oslo - Blindern;SN18700;14.10.2025 10:00;12,8
Oslo - Blindern;SN18700;14.10.2025 11:00;14,2
Oslo - Blindern;SN18700;14.10.2025 12:00;14,1
Oslo - Blindern;SN18700;14.10.2025 13:00;14,5
Oslo - Blindern;SN18700;14.10.2025 14:00;15,5
Oslo - Blindern;SN18700;14.10.2025 15:00;15,6
Oslo - Blindern;SN18700;14.10.2025 16:00;13,9
Oslo - Blindern;SN18700;14.10.2025 17:00;12,4
Oslo - Blindern;SN18700;14.10.2025 18:00;10,4
Oslo - Blindern;SN18700;14.10.2025 19:00;9,6
Oslo - Blindern;SN18700;14.10.2025 20:00;8,5
Oslo - Blindern;SN18700;14.10.2025 21:00;8,2
Oslo - Blindern;SN18700;14.10.2025 22:00;8
Oslo - Blindern;SN18700;14.10.2025 23:00;7,2
Oslo - Blindern;SN18700;15.10.2025 00:00;6,6
Oslo - Blindern;SN18700;15.10.2025 01:00;6,1
Oslo - Blindern;SN18700;15.10.2025 02:00;5,9
Oslo - Blindern;SN18700;15.10.2025 03:00;5,4
Oslo - Blindern;SN18700;15.10.2025 04:00;5,5
Oslo - Blindern;SN18700;15.10.2025 05:00;4,8
Oslo - Blindern;SN18700;15.10.2025 06:00;4,5
Oslo - Blindern;SN18700;15.10.2025 07:00;4,3
Oslo - Blindern;SN18700;15.10.2025 08:00;5,5
Oslo - Blindern;SN18700;15.10.2025 09:00;6,4
Oslo - Blindern;SN18700;15.10.2025 10:00;8,5
Oslo - Blindern;SN18700;15.10.2025 11:00;10,9
Oslo - Blindern;SN18700;15.10.2025 12:00;12,3
Oslo - Blindern;SN18700;15.10.2025 13:00;13,6
Oslo - Blindern;SN18700;15.10.2025 14:00;13,9
Oslo - Blindern;SN18700;15.10.2025 15:00;15,4
Oslo - Blindern;SN18700;15.10.2025 16:00;14,2
Oslo - Blindern;SN18700;15.10.2025 17:00;11,8
Oslo - Blindern;SN18700;15.10.2025 18:00;8,6
Oslo - Blindern;SN18700;15.10.2025 19:00;7,3
Oslo - Blindern;SN18700;15.10.2025 20:00;6,2
Oslo - Blindern;SN18700;15.10.2025 21:00;5,7
Oslo - Blindern;SN18700;15.10.2025 22:00;5,6
Oslo - Blindern;SN18700;15.10.2025 23:00;5,5
Oslo - Blindern;SN18700;16.10.2025 00:00;4,9
Oslo - Blindern;SN18700;16.10.2025 01:00;3,9
Oslo - Blindern;SN18700;16.10.2025 02:00;4,3
Oslo - Blindern;SN18700;16.10.2025 03:00;3,9
Oslo - Blindern;SN18700;16.10.2025 04:00;4,2
Oslo - Blindern;SN18700;16.10.2025 05:00;5,1
Oslo - Blindern;SN18700;16.10.2025 06:00;10,7
Oslo - Blindern;SN18700;16.10.2025 07:00;8,9
Oslo - Blindern;SN18700;16.10.2025 08:00;7,9
Oslo - Blindern;SN18700;16.10.2025 09:00;10,7
Oslo - Blindern;SN18700;16.10.2025 10:00;12,6
Oslo - Blindern;SN18700;16.10.2025 11:00;12,5
Oslo - Blindern;SN18700;16.10.2025 12:00;11,2
Oslo - Blindern;SN18700;16.10.2025 13:00;9
Oslo - Blindern;SN18700;16.10.2025 14:00;8,1
Oslo - Blindern;SN18700;16.10.2025 15:00;7,7
Oslo - Blindern;SN18700;16.10.2025 16:00;8,4
Oslo - Blindern;SN18700;16.10.2025 17:00;7,6
Oslo - Blindern;SN18700;16.10.2025 18:00;7,3
Oslo - Blindern;SN18700;16.10.2025 19:00;5,9
Oslo - Blindern;SN18700;16.10.2025 20:00;6
Oslo - Blindern;SN18700;16.10.2025 21:00;5,7
Oslo - Blindern;SN18700;16.10.2025 22:00;5,3
Oslo - Blindern;SN18700;16.10.2025 23:00;5
Oslo - Blindern;SN18700;17.10.2025 00:00;2,6
Oslo - Blindern;SN18700;17.10.2025 01:00;1,5
Oslo - Blindern;SN18700;17.10.2025 02:00;1
Oslo - Blindern;SN18700;17.10.2025 03:00;1,9
Oslo - Blindern;SN18700;17.10.2025 04:00;1,7
Oslo - Blindern;SN18700;17.10.2025 05:00;2,2
Oslo - Blindern;SN18700;17.10.2025 06:00;2,3
Oslo - Blindern;SN18700;17.10.2025 07:00;2,4
Oslo - Blindern;SN18700;17.10.2025 08:00;2,6
Oslo - Blindern;SN18700;17.10.2025 09:00;5,5
Oslo - Blindern;SN18700;17.10.2025 10:00;6,8
Oslo - Blindern;SN18700;17.10.2025 11:00;7,7
Oslo - Blindern;SN18700;17.10.2025 12:00;7,9
Oslo - Blindern;SN18700;17.10.2025 13:00;8,2
Oslo - Blindern;SN18700;17.10.2025 14:00;8,1
Oslo - Blindern;SN18700;17.10.2025 15:00;8,6
Oslo - Blindern;SN18700;17.10.2025 16:00;7,8
Oslo - Blindern;SN18700;17.10.2025 17:00;5,9
Oslo - Blindern;SN18700;17.10.2025 18:00;4,1
Oslo - Blindern;SN18700;17.10.2025 19:00;2,8
Oslo - Blindern;SN18700;17.10.2025 20:00;2,1
Oslo - Blindern;SN18700;17.10.2025 21:00;0,9
Oslo - Blindern;SN18700;17.10.2025 22:00;0,9
Oslo - Blindern;SN18700;17.10.2025 23:00;1,7
Oslo - Blindern;SN18700;18.10.2025 00:00;0,3
Oslo - Blindern;SN18700;18.10.2025 01:00;0,3
Oslo - Blindern;SN18700;18.10.2025 02:00;-0,1
Oslo - Blindern;SN18700;18.10.2025 03:00;-0,6
Oslo - Blindern;SN18700;18.10.2025 04:00;-1,8
Oslo - Blindern;SN18700;18.10.2025 05:00;-1,4
Oslo - Blindern;SN18700;18.10.2025 06:00;-1,7
Oslo - Blindern;SN18700;18.10.2025 07:00;-2,3
Oslo - Blindern;SN18700;18.10.2025 08:00;-1,2
Oslo - Blindern;SN18700;18.10.2025 09:00;1,2
Oslo - Blindern;SN18700;18.10.2025 10:00;2,3
Oslo - Blindern;SN18700;18.10.2025 11:00;5,3
Oslo - Blindern;SN18700;18.10.2025 12:00;6,6
Oslo - Blindern;SN18700;18.10.2025 13:00;8
Oslo - Blindern;SN18700;18.10.2025 14:00;7,6
Oslo - Blindern;SN18700;18.10.2025 15:00;7,6
Oslo - Blindern;SN18700;18.10.2025 16:00;5,6
Oslo - Blindern;SN18700;18.10.2025 17:00;5,1
Oslo - Blindern;SN18700;18.10.2025 18:00;2,3
Oslo - Blindern;SN18700;18.10.2025 19:00;1,5
Oslo - Blindern;SN18700;18.10.2025 20:00;1,6
Oslo - Blindern;SN18700;18.10.2025 21:00;1
Oslo - Blindern;SN18700;18.10.2025 22:00;0,6
Oslo - Blindern;SN18700;18.10.2025 23:00;0,2
Oslo - Blindern;SN18700;19.10.2025 00:00;-0,4
Oslo - Blindern;SN18700;19.10.2025 01:00;-0,6
Oslo - Blindern;SN18700;19.10.2025 02:00;-0,7
Oslo - Blindern;SN18700;19.10.2025 03:00;-0,9
Oslo - Blindern;SN18700;19.10.2025 04:00;-1,8
Oslo - Blindern;SN18700;19.10.2025 05:00;-2,2
Oslo - Blindern;SN18700;19.10.2025 06:00;-2,2
Oslo - Blindern;SN18700;19.10.2025 07:00;-1,6
Oslo - Blindern;SN18700;19.10.2025 08:00;-1,8
Oslo - Blindern;SN18700;19.10.2025 09:00;0,3
Oslo - Blindern;SN18700;19.10.2025 10:00;1,8
Oslo - Blindern;SN18700;19.10.2025 11:00;4,4
Oslo - Blindern;SN18700;19.10.2025 12:00;6,5
Oslo - Blindern;SN18700;19.10.2025 13:00;7,1
Oslo - Blindern;SN18700;19.10.2025 14:00;6,4
Oslo - Blindern;SN18700;19.10.2025 15:00;6,4
Oslo - Blindern;SN18700;19.10.2025 16:00;5
Oslo - Blindern;SN18700;19.10.2025 17:00;4
Oslo - Blindern;SN18700;19.10.2025 18:00;2
Oslo - Blindern;SN18700;19.10.2025 19:00;1,4
Oslo - Blindern;SN18700;19.10.2025 20:00;1
Oslo - Blindern;SN18700;19.10.2025 21:00;1,5
Oslo - Blindern;SN18700;19.10.2025 22:00;2,4
Oslo - Blindern;SN18700;19.10.2025 23:00;3,2
Oslo - Blindern;SN18700;20.10.2025 00:00;3
Oslo - Blindern;SN18700;20.10.2025 01:00;3,1
Oslo - Blindern;SN18700;20.10.2025 02:00;3,5
Oslo - Blindern;SN18700;20.10.2025 03:00;3,9
Oslo - Blindern;SN18700;20.10.2025 04:00;4
Oslo - Blindern;SN18700;20.10.2025 05:00;4,3
Oslo - Blindern;SN18700;20.10.2025 06:00;4,6
Oslo - Blindern;SN18700;20.10.2025 07:00;4,4
Oslo - Blindern;SN18700;20.10.2025 08:00;4,3
Oslo - Blindern;SN18700;20.10.2025 09:00;4,3
Oslo - Blindern;SN18700;20.10.2025 10:00;4,4
Oslo - Blindern;SN18700;20.10.2025 11:00;5
Oslo - Blindern;SN18700;20.10.2025 12:00;5,5
Oslo - Blindern;SN18700;20.10.2025 13:00;5,2
Oslo - Blindern;SN18700;20.10.2025 14:00;5,3
Oslo - Blindern;SN18700;20.10.2025 15:00;5,5
Oslo - Blindern;SN18700;20.10.2025 16:00;5,4
Oslo - Blindern;SN18700;20.10.2025 17:00;5,6
Oslo - Blindern;SN18700;20.10.2025 18:00;5,8
Oslo - Blindern;SN18700;20.10.2025 19:00;5,8
Oslo - Blindern;SN18700;20.10.2025 20:00;6,4
Oslo - Blindern;SN18700;20.10.2025 21:00;6,6
Oslo - Blindern;SN18700;20.10.2025 22:00;6,5
Oslo - Blindern;SN18700;20.10.2025 23:00;6,6
Oslo - Blindern;SN18700;21.10.2025 00:00;6,3
Oslo - Blindern;SN18700;21.10.2025 01:00;5,8
Oslo - Blindern;SN18700;21.10.2025 02:00;5,9
Oslo - Blindern;SN18700;21.10.2025 03:00;6
Oslo - Blindern;SN18700;21.10.2025 04:00;6,1
Oslo - Blindern;SN18700;21.10.2025 05:00;6,1
Oslo - Blindern;SN18700;21.10.2025 06:00;6,3
Oslo - Blindern;SN18700;21.10.2025 07:00;6,4
Oslo - Blindern;SN18700;21.10.2025 08:00;6,6
Oslo - Blindern;SN18700;21.10.2025 09:00;7
Oslo - Blindern;SN18700;21.10.2025 10:00;7,1
Oslo - Blindern;SN18700;21.10.2025 11:00;7,3
Oslo - Blindern;SN18700;21.10.2025 12:00;7,4
Oslo - Blindern;SN18700;21.10.2025 13:00;7,7
Oslo - Blindern;SN18700;21.10.2025 14:00;7,9
Oslo - Blindern;SN18700;21.10.2025 15:00;8,2
Oslo - Blindern;SN18700;21.10.2025 16:00;8
Oslo - Blindern;SN18700;21.10.2025 17:00;7,7
Oslo - Blindern;SN18700;21.10.2025 18:00;7,8
Oslo - Blindern;SN18700;21.10.2025 19:00;7,8
Oslo - Blindern;SN18700;21.10.2025 20:00;8,3
Oslo - Blindern;SN18700;21.10.2025 21:00;8,3
Oslo - Blindern;SN18700;21.10.2025 22:00;8,4
Oslo - Blindern;SN18700;21.10.2025 23:00;8,7
Oslo - Blindern;SN18700;22.10.2025 00:00;9,1
Oslo - Blindern;SN18700;22.10.2025 01:00;9,2
Oslo - Blindern;SN18700;22.10.2025 02:00;9,6
Oslo - Blindern;SN18700;22.10.2025 03:00;9,7
Oslo - Blindern;SN18700;22.10.2025 04:00;9,9
Oslo - Blindern;SN18700;22.10.2025 05:00;9,8
Oslo - Blindern;SN18700;22.10.2025 06:00;9,9
Oslo - Blindern;SN18700;22.10.2025 07:00;10,3
Oslo - Blindern;SN18700;22.10.2025 08:00;10,3
Oslo - Blindern;SN18700;22.10.2025 09:00;10
Oslo - Blindern;SN18700;22.10.2025 10:00;9,6
Oslo - Blindern;SN18700;22.10.2025 11:00;9,8
Oslo - Blindern;SN18700;22.10.2025 12:00;10,4
Oslo - Blindern;SN18700;22.10.2025 13:00;10,9
Oslo - Blindern;SN18700;22.10.2025 14:00;11
Oslo - Blindern;SN18700;22.10.2025 15:00;11,2
Oslo - Blindern;SN18700;22.10.2025 16:00;11,1
Oslo - Blindern;SN18700;22.10.2025 17:00;10,9
Oslo - Blindern;SN18700;22.10.2025 18:00;11
Oslo - Blindern;SN18700;22.10.2025 19:00;11,1
Oslo - Blindern;SN18700;22.10.2025 20:00;11,1
Oslo - Blindern;SN18700;22.10.2025 21:00;11
Oslo - Blindern;SN18700;22.10.2025 22:00;11
Oslo - Blindern;SN18700;22.10.2025 23:00;11
Oslo - Blindern;SN18700;23.10.2025 00:00;10,9
Oslo - Blindern;SN18700;23.10.2025 01:00;11
Oslo - Blindern;SN18700;23.10.2025 02:00;10,8
Oslo - Blindern;SN18700;23.10.2025 03:00;10,7
Oslo - Blindern;SN18700;23.10.2025 04:00;10,8
Oslo - Blindern;SN18700;23.10.2025 05:00;10,8
Oslo - Blindern;SN18700;23.10.2025 06:00;10,7
Oslo - Blindern;SN18700;23.10.2025 07:00;10,7
Oslo - Blindern;SN18700;23.10.2025 08:00;10,9
Oslo - Blindern;SN18700;23.10.2025 09:00;10,2
Oslo - Blindern;SN18700;23.10.2025 10:00;10,4
Oslo - Blindern;SN18700;23.10.2025 11:00;11,2
Oslo - Blindern;SN18700;23.10.2025 12:00;11,2
Oslo - Blindern;SN18700;23.10.2025 13:00;11,5
Oslo - Blindern;SN18700;23.10.2025 14:00;11,2
Oslo - Blindern;SN18700;23.10.2025 15:00;11,3
Oslo - Blindern;SN18700;23.10.2025 16:00;10,8
Oslo - Blindern;SN18700;23.10.2025 17:00;10,3
Oslo - Blindern;SN18700;23.10.2025 18:00;10
Oslo - Blindern;SN18700;23.10.2025 19:00;10,1
Oslo - Blindern;SN18700;23.10.2025 20:00;10,1
Oslo - Blindern;SN18700;23.10.2025 21:00;9,6
Oslo - Blindern;SN18700;23.10.2025 22:00;9,4
Oslo - Blindern;SN18700;23.10.2025 23:00;9,4
Oslo - Blindern;SN18700;24.10.2025 00:00;9,6
Oslo - Blindern;SN18700;24.10.2025 01:00;9,6
Oslo - Blindern;SN18700;24.10.2025 02:00;9,8
Oslo - Blindern;SN18700;24.10.2025 03:00;9,5
Oslo - Blindern;SN18700;24.10.2025 04:00;9,9
Oslo - Blindern;SN18700;24.10.2025 05:00;10,2
Oslo - Blindern;SN18700;24.10.2025 06:00;10,4
Oslo - Blindern;SN18700;24.10.2025 07:00;10,8
Oslo - Blindern;SN18700;24.10.2025 08:00;10,8
Oslo - Blindern;SN18700;24.10.2025 09:00;10,8
Oslo - Blindern;SN18700;24.10.2025 10:00;10,7
Oslo - Blindern;SN18700;24.10.2025 11:00;10,6
Oslo - Blindern;SN18700;24.10.2025 12:00;10,6
Oslo - Blindern;SN18700;24.10.2025 13:00;10,4
Oslo - Blindern;SN18700;24.10.2025 14:00;10,3
Oslo - Blindern;SN18700;24.10.2025 15:00;10,2
Oslo - Blindern;SN18700;24.10.2025 16:00;10,1
Oslo - Blindern;SN18700;24.10.2025 17:00;9,9
Oslo - Blindern;SN18700;24.10.2025 18:00;9,9
Oslo - Blindern;SN18700;24.10.2025 19:00;9,9
Oslo - Blindern;SN18700;24.10.2025 20:00;9,8
Oslo - Blindern;SN18700;24.10.2025 21:00;9,7
Oslo - Blindern;SN18700;24.10.2025 22:00;9,5
Oslo - Blindern;SN18700;24.10.2025 23:00;9,4
Oslo - Blindern;SN18700;25.10.2025 00:00;9,4
Oslo - Blindern;SN18700;25.10.2025 01:00;9,4
Oslo - Blindern;SN18700;25.10.2025 02:00;9,3
Oslo - Blindern;SN18700;25.10.2025 03:00;9,5
Oslo - Blindern;SN18700;25.10.2025 04:00;9,5
Oslo - Blindern;SN18700;25.10.2025 05:00;9,3
Oslo - Blindern;SN18700;25.10.2025 06:00;9,2
Oslo - Blindern;SN18700;25.10.2025 07:00;9,3
Oslo - Blindern;SN18700;25.10.2025 08:00;9,2
Oslo - Blindern;SN18700;25.10.2025 09:00;9,4
Oslo - Blindern;SN18700;25.10.2025 10:00;9,9
Oslo - Blindern;SN18700;25.10.2025 11:00;10,4
Oslo - Blindern;SN18700;25.10.2025 12:00;10,6
Oslo - Blindern;SN18700;25.10.2025 13:00;10,5
Oslo - Blindern;SN18700;25.10.2025 14:00;10,3
Oslo - Blindern;SN18700;25.10.2025 15:00;10,3
Oslo - Blindern;SN18700;25.10.2025 16:00;10
Oslo - Blindern;SN18700;25.10.2025 17:00;9,6
Oslo - Blindern;SN18700;25.10.2025 18:00;9,4
Oslo - Blindern;SN18700;25.10.2025 19:00;9,1
Oslo - Blindern;SN18700;25.10.2025 20:00;9,1
Oslo - Blindern;SN18700;25.10.2025 21:00;8,8
Oslo - Blindern;SN18700;25.10.2025 22:00;8,5
Oslo - Blindern;SN18700;25.10.2025 23:00;8,5
Oslo - Blindern;SN18700;26.10.2025 00:00;8,3
Oslo - Blindern;SN18700;26.10.2025 01:00;8,4
Oslo - Blindern;SN18700;26.10.2025 02:00;8
Oslo - Blindern;SN18700;26.10.2025 03:00;7,3
Oslo - Blindern;SN18700;26.10.2025 04:00;5,9
Oslo - Blindern;SN18700;26.10.2025 05:00;5,1
Oslo - Blindern;SN18700;26.10.2025 06:00;5,7
Oslo - Blindern;SN18700;26.10.2025 07:00;6,1
Oslo - Blindern;SN18700;26.10.2025 08:00;7,1
Oslo - Blindern;SN18700;26.10.2025 09:00;7,3
Oslo - Blindern;SN18700;26.10.2025 10:00;8,3
Oslo - Blindern;SN18700;26.10.2025 11:00;8,5
Oslo - Blindern;SN18700;26.10.2025 12:00;9,2
Oslo - Blindern;SN18700;26.10.2025 13:00;9,2
Oslo - Blindern;SN18700;26.10.2025 14:00;9,5
Oslo - Blindern;SN18700;26.10.2025 15:00;9,1
Oslo - Blindern;SN18700;26.10.2025 16:00;8,9
Oslo - Blindern;SN18700;26.10.2025 17:00;7,7
Oslo - Blindern;SN18700;26.10.2025 18:00;6,5
Oslo - Blindern;SN18700;26.10.2025 19:00;6
Oslo - Blindern;SN18700;26.10.2025 20:00;6
Oslo - Blindern;SN18700;26.10.2025 21:00;6,1
Oslo - Blindern;SN18700;26.10.2025 22:00;6,2
Oslo - Blindern;SN18700;26.10.2025 23:00;6,1
Oslo - Blindern;SN18700;27.10.2025 00:00;5,7
Oslo - Blindern;SN18700;27.10.2025 01:00;5,5
Oslo - Blindern;SN18700;27.10.2025 02:00;5,8
Oslo - Blindern;SN18700;27.10.2025 03:00;5,8
Oslo - Blindern;SN18700;27.10.2025 04:00;5,6
Oslo - Blindern;SN18700;27.10.2025 05:00;5,9
Oslo - Blindern;SN18700;27.10.2025 06:00;6
Oslo - Blindern;SN18700;27.10.2025 07:00;5,9
Oslo - Blindern;SN18700;27.10.2025 08:00;6,1
Oslo - Blindern;SN18700;27.10.2025 09:00;6,8
Oslo - Blindern;SN18700;27.10.2025 10:00;6,9
Oslo - Blindern;SN18700;27.10.2025 11:00;8
Oslo - Blindern;SN18700;27.10.2025 12:00;9,2
Oslo - Blindern;SN18700;27.10.2025 13:00;9,2
Oslo - Blindern;SN18700;27.10.2025 14:00;8,9
Oslo - Blindern;SN18700;27.10.2025 15:00;8,8
Oslo - Blindern;SN18700;27.10.2025 16:00;8
Oslo - Blindern;SN18700;27.10.2025 17:00;6,4
Oslo - Blindern;SN18700;27.10.2025 18:00;5,1
Oslo - Blindern;SN18700;27.10.2025 19:00;5,3
Oslo - Blindern;SN18700;27.10.2025 20:00;5,6
Oslo - Blindern;SN18700;27.10.2025 21:00;5,1
Oslo - Blindern;SN18700;27.10.2025 22:00;4,6
Oslo - Blindern;SN18700;27.10.2025 23:00;4
Oslo - Blindern;SN18700;28.10.2025 00:00;3
Oslo - Blindern;SN18700;28.10.2025 01:00;2,3
Oslo - Blindern;SN18700;28.10.2025 02:00;2,2
Oslo - Blindern;SN18700;28.10.2025 03:00;2,6
Oslo - Blindern;SN18700;28.10.2025 04:00;2,6
Oslo - Blindern;SN18700;28.10.2025 05:00;2,5
Oslo - Blindern;SN18700;28.10.2025 06:00;1,3
Oslo - Blindern;SN18700;28.10.2025 07:00;1,1
Oslo - Blindern;SN18700;28.10.2025 08:00;0,7
Oslo - Blindern;SN18700;28.10.2025 09:00;1,5
Oslo - Blindern;SN18700;28.10.2025 10:00;3,2
Oslo - Blindern;SN18700;28.10.2025 11:00;6,3
Oslo - Blindern;SN18700;28.10.2025 12:00;6,2
Oslo - Blindern;SN18700;28.10.2025 13:00;6,2
Oslo - Blindern;SN18700;28.10.2025 14:00;6,6
Oslo - Blindern;SN18700;28.10.2025 15:00;6,2
Oslo - Blindern;SN18700;28.10.2025 16:00;6,4
Oslo - Blindern;SN18700;28.10.2025 17:00;4,9
Oslo - Blindern;SN18700;28.10.2025 18:00;4,3
Oslo - Blindern;SN18700;28.10.2025 19:00;2,6
Oslo - Blindern;SN18700;28.10.2025 20:00;3,1
Oslo - Blindern;SN18700;28.10.2025 21:00;2,9
Oslo - Blindern;SN18700;28.10.2025 22:00;3,8
Oslo - Blindern;SN18700;28.10.2025 23:00;3,6
Oslo - Blindern;SN18700;29.10.2025 00:00;3,8
Oslo - Blindern;SN18700;29.10.2025 01:00;3,7
Oslo - Blindern;SN18700;29.10.2025 02:00;3,5
Oslo - Blindern;SN18700;29.10.2025 03:00;2,9
Oslo - Blindern;SN18700;29.10.2025 04:00;3,3
Oslo - Blindern;SN18700;29.10.2025 05:00;3,3
Oslo - Blindern;SN18700;29.10.2025 06:00;2,8
Oslo - Blindern;SN18700;29.10.2025 07:00;3,2
Oslo - Blindern;SN18700;29.10.2025 08:00;3,3
Oslo - Blindern;SN18700;29.10.2025 09:00;3,5
Oslo - Blindern;SN18700;29.10.2025 10:00;4
Oslo - Blindern;SN18700;29.10.2025 11:00;4,5
Oslo - Blindern;SN18700;29.10.2025 12:00;5,3
Oslo - Blindern;SN18700;29.10.2025 13:00;7,3
Oslo - Blindern;SN18700;29.10.2025 14:00;6,4
Oslo - Blindern;SN18700;29.10.2025 15:00;6
Oslo - Blindern;SN18700;29.10.2025 16:00;5,8
Oslo - Blindern;SN18700;29.10.2025 17:00;5,5
Oslo - Blindern;SN18700;29.10.2025 18:00;5,1
Oslo - Blindern;SN18700;29.10.2025 19:00;5,2
Oslo - Blindern;SN18700;29.10.2025 20:00;5,5
Oslo - Blindern;SN18700;29.10.2025 21:00;5,3
Oslo - Blindern;SN18700;29.10.2025 22:00;4,9
Oslo - Blindern;SN18700;29.10.2025 23:00;4,8
Oslo - Blindern;SN18700;30.10.2025 00:00;4,6
Oslo - Blindern;SN18700;30.10.2025 01:00;4,8
Oslo - Blindern;SN18700;30.10.2025 02:00;4,7
Oslo - Blindern;SN18700;30.10.2025 03:00;4,9
Oslo - Blindern;SN18700;30.10.2025 04:00;4,9
Oslo - Blindern;SN18700;30.10.2025 05:00;4,6
Oslo - Blindern;SN18700;30.10.2025 06:00;5,1
Oslo - Blindern;SN18700;30.10.2025 07:00;5,1
Oslo - Blindern;SN18700;30.10.2025 08:00;4,9
Oslo - Blindern;SN18700;30.10.2025 09:00;5,2
Oslo - Blindern;SN18700;30.10.2025 10:00;5,1
Oslo - Blindern;SN18700;30.10.2025 11:00;5,3
Oslo - Blindern;SN18700;30.10.2025 12:00;5,6
Oslo - Blindern;SN18700;30.10.2025 13:00;5,9
Oslo - Blindern;SN18700;30.10.2025 14:00;6,3
Oslo - Blindern;SN18700;30.10.2025 15:00;6
Oslo - Blindern;SN18700;30.10.2025 16:00;5,7
Oslo - Blindern;SN18700;30.10.2025 17:00;5,3
Oslo - Blindern;SN18700;30.10.2025 18:00;4,9
Oslo - Blindern;SN18700;30.10.2025 19:00;3,9
Oslo - Blindern;SN18700;30.10.2025 20:00;3,2
Oslo - Blindern;SN18700;30.10.2025 21:00;2,2
Oslo - Blindern;SN18700;30.10.2025 22:00;1,8
Oslo - Blindern;SN18700;30.10.2025 23:00;2,6
Oslo - Blindern;SN18700;31.10.2025 00:00;1,2
Oslo - Blindern;SN18700;31.10.2025 01:00;2,3
Oslo - Blindern;SN18700;31.10.2025 02:00;0,6
Oslo - Blindern;SN18700;31.10.2025 03:00;-0,4
Oslo - Blindern;SN18700;31.10.2025 04:00;-0,7
Oslo - Blindern;SN18700;31.10.2025 05:00;-0,7
Oslo - Blindern;SN18700;31.10.2025 06:00;-0,6
Oslo - Blindern;SN18700;31.10.2025 07:00;-0,5
Oslo - Blindern;SN18700;31.10.2025 08:00;-0,4
Oslo - Blindern;SN18700;31.10.2025 09:00;0,7
Oslo - Blindern;SN18700;31.10.2025 10:00;2
Oslo - Blindern;SN18700;31.10.2025 11:00;3,8
Oslo - Blindern;SN18700;31.10.2025 12:00;4,4
Oslo - Blindern;SN18700;31.10.2025 13:00;4,3
Oslo - Blindern;SN18700;31.10.2025 14:00;4,5
Oslo - Blindern;SN18700;31.10.2025 15:00;4,7
Oslo - Blindern;SN18700;31.10.2025 16:00;4,2
Oslo - Blindern;SN18700;31.10.2025 17:00;2,8
Oslo - Blindern;SN18700;31.10.2025 18:00;2,4
Oslo - Blindern;SN18700;31.10.2025 19:00;2,4
Oslo - Blindern;SN18700;31.10.2025 20:00;1,4
Oslo - Blindern;SN18700;31.10.2025 21:00;1,9
Oslo - Blindern;SN18700;31.10.2025 22:00;2,3
Oslo - Blindern;SN18700;31.10.2025 23:00;2,5
Oslo - Blindern;SN18700;01.11.2025 00:00;2,4
Oslo - Blindern;SN18700;01.11.2025 01:00;2,5
Oslo - Blindern;SN18700;01.11.2025 02:00;2,7
Oslo - Blindern;SN18700;01.11.2025 03:00;3
Oslo - Blindern;SN18700;01.11.2025 04:00;3,5
Oslo - Blindern;SN18700;01.11.2025 05:00;3,8
Oslo - Blindern;SN18700;01.11.2025 06:00;4,1
Oslo - Blindern;SN18700;01.11.2025 07:00;4,6
Oslo - Blindern;SN18700;01.11.2025 08:00;5,1
Oslo - Blindern;SN18700;01.11.2025 09:00;5,2
Oslo - Blindern;SN18700;01.11.2025 10:00;5,3
Oslo - Blindern;SN18700;01.11.2025 11:00;5,7
Oslo - Blindern;SN18700;01.11.2025 12:00;6
Oslo - Blindern;SN18700;01.11.2025 13:00;6
Oslo - Blindern;SN18700;01.11.2025 14:00;6,3
Oslo - Blindern;SN18700;01.11.2025 15:00;6,5
Oslo - Blindern;SN18700;01.11.2025 16:00;7,2
Oslo - Blindern;SN18700;01.11.2025 17:00;7,5
Oslo - Blindern;SN18700;01.11.2025 18:00;8,1
Oslo - Blindern;SN18700;01.11.2025 19:00;8,3
Oslo - Blindern;SN18700;01.11.2025 20:00;8,6
Oslo - Blindern;SN18700;01.11.2025 21:00;8,8
Oslo - Blindern;SN18700;01.11.2025 22:00;8,8
Oslo - Blindern;SN18700;01.11.2025 23:00;8,5
Oslo - Blindern;SN18700;02.11.2025 00:00;8
Oslo - Blindern;SN18700;02.11.2025 01:00;8,6
Oslo - Blindern;SN18700;02.11.2025 02:00;8,7
Oslo - Blindern;SN18700;02.11.2025 03:00;8,6
Oslo - Blindern;SN18700;02.11.2025 04:00;8,6
Oslo - Blindern;SN18700;02.11.2025 05:00;8,7
Oslo - Blindern;SN18700;02.11.2025 06:00;8,7
Oslo - Blindern;SN18700;02.11.2025 07:00;8,4
Oslo - Blindern;SN18700;02.11.2025 08:00;8,2
Oslo - Blindern;SN18700;02.11.2025 09:00;8,1
Oslo - Blindern;SN18700;02.11.2025 10:00;8,1
Oslo - Blindern;SN18700;02.11.2025 11:00;8,1
Oslo - Blindern;SN18700;02.11.2025 12:00;8,5
Oslo - Blindern;SN18700;02.11.2025 13:00;8,8
Oslo - Blindern;SN18700;02.11.2025 14:00;8,4
Oslo - Blindern;SN18700;02.11.2025 15:00;8,4
Oslo - Blindern;SN18700;02.11.2025 16:00;8,6
Oslo - Blindern;SN18700;02.11.2025 17:00;6,9
Oslo - Blindern;SN18700;02.11.2025 18:00;7,1
Oslo - Blindern;SN18700;02.11.2025 19:00;7,2
Oslo - Blindern;SN18700;02.11.2025 20:00;6,8
Oslo - Blindern;SN18700;02.11.2025 21:00;6,6
Oslo - Blindern;SN18700;02.11.2025 22:00;6,2
Oslo - Blindern;SN18700;02.11.2025 23:00;6,3
Oslo - Blindern;SN18700;03.11.2025 00:00;6,2
Oslo - Blindern;SN18700;03.11.2025 01:00;6,2
Oslo - Blindern;SN18700;03.11.2025 02:00;5,9
Oslo - Blindern;SN18700;03.11.2025 03:00;6
Oslo - Blindern;SN18700;03.11.2025 04:00;6,3
Oslo - Blindern;SN18700;03.11.2025 05:00;6,5
Oslo - Blindern;SN18700;03.11.2025 06:00;6,6
Oslo - Blindern;SN18700;03.11.2025 07:00;6,6
Oslo - Blindern;SN18700;03.11.2025 08:00;6,6
Oslo - Blindern;SN18700;03.11.2025 09:00;6,6
Oslo - Blindern;SN18700;03.11.2025 10:00;7,2
Oslo - Blindern;SN18700;03.11.2025 11:00;7,7
Oslo - Blindern;SN18700;03.11.2025 12:00;7,5
Oslo - Blindern;SN18700;03.11.2025 13:00;8,2
Oslo - Blindern;SN18700;03.11.2025 14:00;8,3
Oslo - Blindern;SN18700;03.11.2025 15:00;8,9
Oslo - Blindern;SN18700;03.11.2025 16:00;8,9
Oslo - Blindern;SN18700;03.11.2025 17:00;8,7
Oslo - Blindern;SN18700;03.11.2025 18:00;8,3
Oslo - Blindern;SN18700;03.11.2025 19:00;8,2
Oslo - Blindern;SN18700;03.11.2025 20:00;7,8
Oslo - Blindern;SN18700;03.11.2025 21:00;7,9
Oslo - Blindern;SN18700;03.11.2025 22:00;8
Oslo - Blindern;SN18700;03.11.2025 23:00;7,8
Oslo - Blindern;SN18700;04.11.2025 00:00;8
Oslo - Blindern;SN18700;04.11.2025 01:00;8
Oslo - Blindern;SN18700;04.11.2025 02:00;8,2
Oslo - Blindern;SN18700;04.11.2025 03:00;8,5
Oslo - Blindern;SN18700;04.11.2025 04:00;8,9
Oslo - Blindern;SN18700;04.11.2025 05:00;9,4
Oslo - Blindern;SN18700;04.11.2025 06:00;10,4
Oslo - Blindern;SN18700;04.11.2025 07:00;10,2
Oslo - Blindern;SN18700;04.11.2025 08:00;11,1
Oslo - Blindern;SN18700;04.11.2025 09:00;11,6
Oslo - Blindern;SN18700;04.11.2025 10:00;11,8
Oslo - Blindern;SN18700;04.11.2025 11:00;12,3
Oslo - Blindern;SN18700;04.11.2025 12:00;12,7
Oslo - Blindern;SN18700;04.11.2025 13:00;13,2
Oslo - Blindern;SN18700;04.11.2025 14:00;13,4
Oslo - Blindern;SN18700;04.11.2025 15:00;13,1
Oslo - Blindern;SN18700;04.11.2025 16:00;12,5
Oslo - Blindern;SN18700;04.11.2025 17:00;12,2
Oslo - Blindern;SN18700;04.11.2025 18:00;11,9
Oslo - Blindern;SN18700;04.11.2025 19:00;12,1
Oslo - Blindern;SN18700;04.11.2025 20:00;11,9
Oslo - Blindern;SN18700;04.11.2025 21:00;11,8
Oslo - Blindern;SN18700;04.11.2025 22:00;11,8
Oslo - Blindern;SN18700;04.11.2025 23:00;11,6
Oslo - Blindern;SN18700;05.11.2025 00:00;11,7
Oslo - Blindern;SN18700;05.11.2025 01:00;11,6
Oslo - Blindern;SN18700;05.11.2025 02:00;11,5
Oslo - Blindern;SN18700;05.11.2025 03:00;11,6
Oslo - Blindern;SN18700;05.11.2025 04:00;11,8
Oslo - Blindern;SN18700;05.11.2025 05:00;11,8
Oslo - Blindern;SN18700;05.11.2025 06:00;11,7
Oslo - Blindern;SN18700;05.11.2025 07:00;11,7
Oslo - Blindern;SN18700;05.11.2025 08:00;11,7
Oslo - Blindern;SN18700;05.11.2025 09:00;11,7
Oslo - Blindern;SN18700;05.11.2025 10:00;11,8
Oslo - Blindern;SN18700;05.11.2025 11:00;12
Oslo - Blindern;SN18700;05.11.2025 12:00;12,2
Oslo - Blindern;SN18700;05.11.2025 13:00;12,3
Oslo - Blindern;SN18700;05.11.2025 14:00;12,3
Oslo - Blindern;SN18700;05.11.2025 15:00;12,5
Oslo - Blindern;SN18700;05.11.2025 16:00;12,3
Oslo - Blindern;SN18700;05.11.2025 17:00;11,5
Oslo - Blindern;SN18700;05.11.2025 18:00;11,4
Oslo - Blindern;SN18700;05.11.2025 19:00;11,3
Oslo - Blindern;SN18700;05.11.2025 20:00;11,2
Oslo - Blindern;SN18700;05.11.2025 21:00;11,1
Oslo - Blindern;SN18700;05.11.2025 22:00;11,1
Oslo - Blindern;SN18700;05.11.2025 23:00;11
Oslo - Blindern;SN18700;06.11.2025 00:00;10,9
Oslo - Blindern;SN18700;06.11.2025 01:00;10,9
Oslo - Blindern;SN18700;06.11.2025 02:00;10,9
Oslo - Blindern;SN18700;06.11.2025 03:00;10,9
Oslo - Blindern;SN18700;06.11.2025 04:00;11,1
Oslo - Blindern;SN18700;06.11.2025 05:00;11
Oslo - Blindern;SN18700;06.11.2025 06:00;11,1
Oslo - Blindern;SN18700;06.11.2025 07:00;11,2
Oslo - Blindern;SN18700;06.11.2025 08:00;11,5
Oslo - Blindern;SN18700;06.11.2025 09:00;11,5
Oslo - Blindern;SN18700;06.11.2025 10:00;11,6
Oslo - Blindern;SN18700;06.11.2025 11:00;11,6
Oslo - Blindern;SN18700;06.11.2025 12:00;11,7
Oslo - Blindern;SN18700;06.11.2025 13:00;11,7
Oslo - Blindern;SN18700;06.11.2025 14:00;11,6
Oslo - Blindern;SN18700;06.11.2025 15:00;11,7
Oslo - Blindern;SN18700;06.11.2025 16:00;11,6
Oslo - Blindern;SN18700;06.11.2025 17:00;11,5
Oslo - Blindern;SN18700;06.11.2025 18:00;11,5
Oslo - Blindern;SN18700;06.11.2025 19:00;11,4
Oslo - Blindern;SN18700;06.11.2025 20:00;11,2
Oslo - Blindern;SN18700;06.11.2025 21:00;11,1
Oslo - Blindern;SN18700;06.11.2025 22:00;11,1
Oslo - Blindern;SN18700;06.11.2025 23:00;11,1
Oslo - Blindern;SN18700;07.11.2025 00:00;11,1
Oslo - Blindern;SN18700;07.11.2025 01:00;11,1
Oslo - Blindern;SN18700;07.11.2025 02:00;11
Oslo - Blindern;SN18700;07.11.2025 03:00;10,9
Oslo - Blindern;SN18700;07.11.2025 04:00;10,9
Oslo - Blindern;SN18700;07.11.2025 05:00;10,8
Oslo - Blindern;SN18700;07.11.2025 06:00;10,5
Oslo - Blindern;SN18700;07.11.2025 07:00;10,3
Oslo - Blindern;SN18700;07.11.2025 08:00;10,2
Oslo - Blindern;SN18700;07.11.2025 09:00;10,2
Oslo - Blindern;SN18700;07.11.2025 10:00;10
Oslo - Blindern;SN18700;07.11.2025 11:00;10
Oslo - Blindern;SN18700;07.11.2025 12:00;10,3
Oslo - Blindern;SN18700;07.11.2025 13:00;10,7
Oslo - Blindern;SN18700;07.11.2025 14:00;10,5
Oslo - Blindern;SN18700;07.11.2025 15:00;10,4
Oslo - Blindern;SN18700;07.11.2025 16:00;10,1
Oslo - Blindern;SN18700;07.11.2025 17:00;9,9
Oslo - Blindern;SN18700;07.11.2025 18:00;9,8
Oslo - Blindern;SN18700;07.11.2025 19:00;9,6
Oslo - Blindern;SN18700;07.11.2025 20:00;9,4
Oslo - Blindern;SN18700;07.11.2025 21:00;9,3
Oslo - Blindern;SN18700;07.11.2025 22:00;9,2
Oslo - Blindern;SN18700;07.11.2025 23:00;9
Oslo - Blindern;SN18700;08.11.2025 00:00;8,8
Oslo - Blindern;SN18700;08.11.2025 01:00;8,7
Oslo - Blindern;SN18700;08.11.2025 02:00;8,5
Oslo - Blindern;SN18700;08.11.2025 03:00;8,4
Oslo - Blindern;SN18700;08.11.2025 04:00;8,3
Oslo - Blindern;SN18700;08.11.2025 05:00;8,2
Oslo - Blindern;SN18700;08.11.2025 06:00;8,2
Oslo - Blindern;SN18700;08.11.2025 07:00;8
Oslo - Blindern;SN18700;08.11.2025 08:00;8,3
Oslo - Blindern;SN18700;08.11.2025 09:00;8
Oslo - Blindern;SN18700;08.11.2025 10:00;8,1
Oslo - Blindern;SN18700;08.11.2025 11:00;8,2
Oslo - Blindern;SN18700;08.11.2025 12:00;8,2
Oslo - Blindern;SN18700;08.11.2025 13:00;8,1
Oslo - Blindern;SN18700;08.11.2025 14:00;8,1
Oslo - Blindern;SN18700;08.11.2025 15:00;7,9
Oslo - Blindern;SN18700;08.11.2025 16:00;7,7
Oslo - Blindern;SN18700;08.11.2025 17:00;7,5
Oslo - Blindern;SN18700;08.11.2025 18:00;7,4
Oslo - Blindern;SN18700;08.11.2025 19:00;7,3
Oslo - Blindern;SN18700;08.11.2025 20:00;7,1
Oslo - Blindern;SN18700;08.11.2025 21:00;7,2
Oslo - Blindern;SN18700;08.11.2025 22:00;7,1
Oslo - Blindern;SN18700;08.11.2025 23:00;7
Oslo - Blindern;SN18700;09.11.2025 00:00;6,9
Oslo - Blindern;SN18700;09.11.2025 01:00;6,7
Oslo - Blindern;SN18700;09.11.2025 02:00;6,5
Oslo - Blindern;SN18700;09.11.2025 03:00;6,2
Oslo - Blindern;SN18700;09.11.2025 04:00;5,9
Oslo - Blindern;SN18700;09.11.2025 05:00;5,9
Oslo - Blindern;SN18700;09.11.2025 06:00;5,7
Oslo - Blindern;SN18700;09.11.2025 07:00;5,3
Oslo - Blindern;SN18700;09.11.2025 08:00;4,9
Oslo - Blindern;SN18700;09.11.2025 09:00;4,7
Oslo - Blindern;SN18700;09.11.2025 10:00;4,7
Oslo - Blindern;SN18700;09.11.2025 11:00;4,8
Oslo - Blindern;SN18700;09.11.2025 12:00;4,6
Oslo - Blindern;SN18700;09.11.2025 13:00;4,9
Oslo - Blindern;SN18700;09.11.2025 14:00;5
Oslo - Blindern;SN18700;09.11.2025 15:00;5
Oslo - Blindern;SN18700;09.11.2025 16:00;4,8
Oslo - Blindern;SN18700;09.11.2025 17:00;4,7
Oslo - Blindern;SN18700;09.11.2025 18:00;4,6
Oslo - Blindern;SN18700;09.11.2025 19:00;4,6
Oslo - Blindern;SN18700;09.11.2025 20:00;4,3
Oslo - Blindern;SN18700;09.11.2025 21:00;4,2
Oslo - Blindern;SN18700;09.11.2025 22:00;4,4
Oslo - Blindern;SN18700;09.11.2025 23:00;4,3
Oslo - Blindern;SN18700;10.11.2025 00:00;4,4
Oslo - Blindern;SN18700;10.11.2025 01:00;4,4
Oslo - Blindern;SN18700;10.11.2025 02:00;4,4
Oslo - Blindern;SN18700;10.11.2025 03:00;4,3
Oslo - Blindern;SN18700;10.11.2025 04:00;4,4
Oslo - Blindern;SN18700;10.11.2025 05:00;4,7
Oslo - Blindern;SN18700;10.11.2025 06:00;4,7
Oslo - Blindern;SN18700;10.11.2025 07:00;4,7
Oslo - Blindern;SN18700;10.11.2025 08:00;4,7
Oslo - Blindern;SN18700;10.11.2025 09:00;4,8
Oslo - Blindern;SN18700;10.11.2025 10:00;5,1
Oslo - Blindern;SN18700;10.11.2025 11:00;5,5
Oslo - Blindern;SN18700;10.11.2025 12:00;5,9
Oslo - Blindern;SN18700;10.11.2025 13:00;6,1
Oslo - Blindern;SN18700;10.11.2025 14:00;6
Oslo - Blindern;SN18700;10.11.2025 15:00;5,8
Oslo - Blindern;SN18700;10.11.2025 16:00;5,7
Oslo - Blindern;SN18700;10.11.2025 17:00;5,6
Oslo - Blindern;SN18700;10.11.2025 18:00;5,3
Oslo - Blindern;SN18700;10.11.2025 19:00;5,1
Oslo - Blindern;SN18700;10.11.2025 20:00;5,2
Oslo - Blindern;SN18700;10.11.2025 21:00;5,2
Oslo - Blindern;SN18700;10.11.2025 22:00;5,2
Oslo - Blindern;SN18700;10.11.2025 23:00;5,1
Oslo - Blindern;SN18700;11.11.2025 00:00;5,2
Oslo - Blindern;SN18700;11.11.2025 01:00;5
Oslo - Blindern;SN18700;11.11.2025 02:00;5,2
Oslo - Blindern;SN18700;11.11.2025 03:00;5,3
Oslo - Blindern;SN18700;11.11.2025 04:00;5,4
Oslo - Blindern;SN18700;11.11.2025 05:00;5,5
Oslo - Blindern;SN18700;11.11.2025 06:00;5,5
Oslo - Blindern;SN18700;11.11.2025 07:00;5,7
Oslo - Blindern;SN18700;11.11.2025 08:00;5,9
Oslo - Blindern;SN18700;11.11.2025 09:00;6
Oslo - Blindern;SN18700;11.11.2025 10:00;6,5
Oslo - Blindern;SN18700;11.11.2025 11:00;7
Oslo - Blindern;SN18700;11.11.2025 12:00;7,4
Oslo - Blindern;SN18700;11.11.2025 13:00;7,7
Oslo - Blindern;SN18700;11.11.2025 14:00;7,7
Oslo - Blindern;SN18700;11.11.2025 15:00;7,7
Oslo - Blindern;SN18700;11.11.2025 16:00;7,8
Oslo - Blindern;SN18700;11.11.2025 17:00;7,8
Oslo - Blindern;SN18700;11.11.2025 18:00;7,6
Oslo - Blindern;SN18700;11.11.2025 19:00;7,5
Oslo - Blindern;SN18700;11.11.2025 20:00;7,4
Oslo - Blindern;SN18700;11.11.2025 21:00;7,2
Oslo - Blindern;SN18700;11.11.2025 22:00;7,3
Oslo - Blindern;SN18700;11.11.2025 23:00;7,3
Oslo - Blindern;SN18700;12.11.2025 00:00;7,6
Oslo - Blindern;SN18700;12.11.2025 01:00;8,1
Oslo - Blindern;SN18700;12.11.2025 02:00;8,3
Oslo - Blindern;SN18700;12.11.2025 03:00;8,8
Oslo - Blindern;SN18700;12.11.2025 04:00;8,9
Oslo - Blindern;SN18700;12.11.2025 05:00;9,2
Oslo - Blindern;SN18700;12.11.2025 06:00;9,7
Oslo - Blindern;SN18700;12.11.2025 07:00;10,3
Oslo - Blindern;SN18700;12.11.2025 08:00;10,1
Oslo - Blindern;SN18700;12.11.2025 09:00;9,9
Oslo - Blindern;SN18700;12.11.2025 10:00;9,9
Oslo - Blindern;SN18700;12.11.2025 11:00;10
Oslo - Blindern;SN18700;12.11.2025 12:00;10,2
Oslo - Blindern;SN18700;12.11.2025 13:00;10,6
Oslo - Blindern;SN18700;12.11.2025 14:00;11,4
Oslo - Blindern;SN18700;12.11.2025 15:00;11,6
Oslo - Blindern;SN18700;12.11.2025 16:00;11,5
Oslo - Blindern;SN18700;12.11.2025 17:00;10,9
Oslo - Blindern;SN18700;12.11.2025 18:00;10,2
Oslo - Blindern;SN18700;12.11.2025 19:00;9,7
Oslo - Blindern;SN18700;12.11.2025 20:00;9,7
Oslo - Blindern;SN18700;12.11.2025 21:00;9,6
Oslo - Blindern;SN18700;12.11.2025 22:00;10,2
Oslo - Blindern;SN18700;12.11.2025 23:00;9,8
Oslo - Blindern;SN18700;13.11.2025 00:00;10
Oslo - Blindern;SN18700;13.11.2025 01:00;10,2
Oslo - Blindern;SN18700;13.11.2025 02:00;10
Oslo - Blindern;SN18700;13.11.2025 03:00;9,8
Oslo - Blindern;SN18700;13.11.2025 04:00;8,9
Oslo - Blindern;SN18700;13.11.2025 05:00;8,2
Oslo - Blindern;SN18700;13.11.2025 06:00;7,7
Oslo - Blindern;SN18700;13.11.2025 07:00;5,5
Oslo - Blindern;SN18700;13.11.2025 08:00;5,1
Oslo - Blindern;SN18700;13.11.2025 09:00;5
Oslo - Blindern;SN18700;13.11.2025 10:00;5,1
Oslo - Blindern;SN18700;13.11.2025 11:00;5,2
Oslo - Blindern;SN18700;13.11.2025 12:00;5,2
Oslo - Blindern;SN18700;13.11.2025 13:00;5
Oslo - Blindern;SN18700;13.11.2025 14:00;4,8
Oslo - Blindern;SN18700;13.11.2025 15:00;4,4
Oslo - Blindern;SN18700;13.11.2025 16:00;4,1
Oslo - Blindern;SN18700;13.11.2025 17:00;3,7
Oslo - Blindern;SN18700;13.11.2025 18:00;2,9
Oslo - Blindern;SN18700;13.11.2025 19:00;2,5
Oslo - Blindern;SN18700;13.11.2025 20:00;1,8
Oslo - Blindern;SN18700;13.11.2025 21:00;1
Oslo - Blindern;SN18700;13.11.2025 22:00;-0,5
Oslo - Blindern;SN18700;13.11.2025 23:00;-0,9
Oslo - Blindern;SN18700;14.11.2025 00:00;-1,1
Oslo - Blindern;SN18700;14.11.2025 01:00;-1,7
Oslo - Blindern;SN18700;14.11.2025 02:00;-2,2
Oslo - Blindern;SN18700;14.11.2025 03:00;-1,9
Oslo - Blindern;SN18700;14.11.2025 04:00;-2,5
Oslo - Blindern;SN18700;14.11.2025 05:00;-2,2
Oslo - Blindern;SN18700;14.11.2025 06:00;-2,5
Oslo - Blindern;SN18700;14.11.2025 07:00;-2,1
Oslo - Blindern;SN18700;14.11.2025 08:00;-2,3
Oslo - Blindern;SN18700;14.11.2025 09:00;-2,2
Oslo - Blindern;SN18700;14.11.2025 10:00;-0,8
Oslo - Blindern;SN18700;14.11.2025 11:00;1,6
Oslo - Blindern;SN18700;14.11.2025 12:00;2,8
Oslo - Blindern;SN18700;14.11.2025 13:00;3,8
Oslo - Blindern;SN18700;14.11.2025 14:00;3,3
Oslo - Blindern;SN18700;14.11.2025 15:00;3,4
Oslo - Blindern;SN18700;14.11.2025 16:00;1,9
Oslo - Blindern;SN18700;14.11.2025 17:00;-0,1
Oslo - Blindern;SN18700;14.11.2025 18:00;-0,9
Oslo - Blindern;SN18700;14.11.2025 19:00;-1,1
Oslo - Blindern;SN18700;14.11.2025 20:00;-1,9
Oslo - Blindern;SN18700;14.11.2025 21:00;-1,2
Oslo - Blindern;SN18700;14.11.2025 22:00;-2,4
Oslo - Blindern;SN18700;14.11.2025 23:00;-1,8
Oslo - Blindern;SN18700;15.11.2025 00:00;-2,2
Oslo - Blindern;SN18700;15.11.2025 01:00;-0,7
Oslo - Blindern;SN18700;15.11.2025 02:00;-0,1
Oslo - Blindern;SN18700;15.11.2025 03:00;-2,7
Oslo - Blindern;SN18700;15.11.2025 04:00;-3,1
Oslo - Blindern;SN18700;15.11.2025 05:00;-1,6
Oslo - Blindern;SN18700;15.11.2025 06:00;-3,1
Oslo - Blindern;SN18700;15.11.2025 07:00;-3,4
Oslo - Blindern;SN18700;15.11.2025 08:00;-4,2
Oslo - Blindern;SN18700;15.11.2025 09:00;-4,5
Oslo - Blindern;SN18700;15.11.2025 10:00;-2,9
Oslo - Blindern;SN18700;15.11.2025 11:00;0
Oslo - Blindern;SN18700;15.11.2025 12:00;1
Oslo - Blindern;SN18700;15.11.2025 13:00;0,5
Oslo - Blindern;SN18700;15.11.2025 14:00;0,3
Oslo - Blindern;SN18700;15.11.2025 15:00;0,3
Oslo - Blindern;SN18700;15.11.2025 16:00;0,1
Oslo - Blindern;SN18700;15.11.2025 17:00;0
Oslo - Blindern;SN18700;15.11.2025 18:00;-0,4
Oslo - Blindern;SN18700;15.11.2025 19:00;-1,5
Oslo - Blindern;SN18700;15.11.2025 20:00;-1,4
Oslo - Blindern;SN18700;15.11.2025 21:00;-2,1
Oslo - Blindern;SN18700;15.11.2025 22:00;-2,1
Oslo - Blindern;SN18700;15.11.2025 23:00;-2,1
Oslo - Blindern;SN18700;16.11.2025 00:00;-2,3
Oslo - Blindern;SN18700;16.11.2025 01:00;-2,7
Oslo - Blindern;SN18700;16.11.2025 02:00;-2,3
Oslo - Blindern;SN18700;16.11.2025 03:00;-3
Oslo - Blindern;SN18700;16.11.2025 04:00;-2,8
Oslo - Blindern;SN18700;16.11.2025 05:00;-2,9
Oslo - Blindern;SN18700;16.11.2025 06:00;-2,9
Oslo - Blindern;SN18700;16.11.2025 07:00;-2,6
Oslo - Blindern;SN18700;16.11.2025 08:00;-2,8
Oslo - Blindern;SN18700;16.11.2025 09:00;-2,5
Oslo - Blindern;SN18700;16.11.2025 10:00;-0,8
Oslo - Blindern;SN18700;16.11.2025 11:00;0,7
Oslo - Blindern;SN18700;16.11.2025 12:00;3,3
Oslo - Blindern;SN18700;16.11.2025 13:00;4
Oslo - Blindern;SN18700;16.11.2025 14:00;4,5
Oslo - Blindern;SN18700;16.11.2025 15:00;5,5
Oslo - Blindern;SN18700;16.11.2025 16:00;2,8
Oslo - Blindern;SN18700;16.11.2025 17:00;0,3
Oslo - Blindern;SN18700;16.11.2025 18:00;-0,4
Oslo - Blindern;SN18700;16.11.2025 19:00;-0,9
Oslo - Blindern;SN18700;16.11.2025 20:00;-1,3
Oslo - Blindern;SN18700;16.11.2025 21:00;-1,5
Oslo - Blindern;SN18700;16.11.2025 22:00;-1,6
Oslo - Blindern;SN18700;16.11.2025 23:00;-1,1
Oslo - Blindern;SN18700;17.11.2025 00:00;1,3
Oslo - Blindern;SN18700;17.11.2025 01:00;1,2
Oslo - Blindern;SN18700;17.11.2025 02:00;0,8
Oslo - Blindern;SN18700;17.11.2025 03:00;-0,2
Oslo - Blindern;SN18700;17.11.2025 04:00;-1,9
Oslo - Blindern;SN18700;17.11.2025 05:00;-3,1
Oslo - Blindern;SN18700;17.11.2025 06:00;-2,7
Oslo - Blindern;SN18700;17.11.2025 07:00;-1,9
Oslo - Blindern;SN18700;17.11.2025 08:00;-2,7
Oslo - Blindern;SN18700;17.11.2025 09:00;-2,4
Oslo - Blindern;SN18700;17.11.2025 10:00;0,2
Oslo - Blindern;SN18700;17.11.2025 11:00;2
Oslo - Blindern;SN18700;17.11.2025 12:00;2
Oslo - Blindern;SN18700;17.11.2025 13:00;3,4
Oslo - Blindern;SN18700;17.11.2025 14:00;2,8
Oslo - Blindern;SN18700;17.11.2025 15:00;2,5
Oslo - Blindern;SN18700;17.11.2025 16:00;1,3
Oslo - Blindern;SN18700;17.11.2025 17:00;0,4
Oslo - Blindern;SN18700;17.11.2025 18:00;-0,9
Oslo - Blindern;SN18700;17.11.2025 19:00;-1,1
Oslo - Blindern;SN18700;17.11.2025 20:00;-1,4
Oslo - Blindern;SN18700;17.11.2025 21:00;-1,4
Oslo - Blindern;SN18700;17.11.2025 22:00;-1,1
Oslo - Blindern;SN18700;17.11.2025 23:00;-1,5
Oslo - Blindern;SN18700;18.11.2025 00:00;-1,1
Oslo - Blindern;SN18700;18.11.2025 01:00;-1,3
Oslo - Blindern;SN18700;18.11.2025 02:00;-1,2
Oslo - Blindern;SN18700;18.11.2025 03:00;-2,1
Oslo - Blindern;SN18700;18.11.2025 04:00;-2,3
Oslo - Blindern;SN18700;18.11.2025 05:00;-2,7
Oslo - Blindern;SN18700;18.11.2025 06:00;-3,6
Oslo - Blindern;SN18700;18.11.2025 07:00;-3,4
Oslo - Blindern;SN18700;18.11.2025 08:00;-3,4
Oslo - Blindern;SN18700;18.11.2025 09:00;-3,4
Oslo - Blindern;SN18700;18.11.2025 10:00;-1,8
Oslo - Blindern;SN18700;18.11.2025 11:00;-0,6
Oslo - Blindern;SN18700;18.11.2025 12:00;0
Oslo - Blindern;SN18700;18.11.2025 13:00;0,9
Oslo - Blindern;SN18700;18.11.2025 14:00;1,5
Oslo - Blindern;SN18700;18.11.2025 15:00;1,2
Oslo - Blindern;SN18700;18.11.2025 16:00;1
Oslo - Blindern;SN18700;18.11.2025 17:00;0,2
Oslo - Blindern;SN18700;18.11.2025 18:00;0,6
Oslo - Blindern;SN18700;18.11.2025 19:00;0
Oslo - Blindern;SN18700;18.11.2025 20:00;0
Oslo - Blindern;SN18700;18.11.2025 21:00;-0,3
Oslo - Blindern;SN18700;18.11.2025 22:00;-0,3
Oslo - Blindern;SN18700;18.11.2025 23:00;-0,7
Oslo - Blindern;SN18700;19.11.2025 00:00;-0,9
Oslo - Blindern;SN18700;19.11.2025 01:00;-0,8
Oslo - Blindern;SN18700;19.11.2025 02:00;-1,1
Oslo - Blindern;SN18700;19.11.2025 03:00;-2
Oslo - Blindern;SN18700;19.11.2025 04:00;-2,7
Oslo - Blindern;SN18700;19.11.2025 05:00;-2,3
Oslo - Blindern;SN18700;19.11.2025 06:00;-2,1
Oslo - Blindern;SN18700;19.11.2025 07:00;-1,7
Oslo - Blindern;SN18700;19.11.2025 08:00;-2,4
Oslo - Blindern;SN18700;19.11.2025 09:00;-1,7
Oslo - Blindern;SN18700;19.11.2025 10:00;-1,8
Oslo - Blindern;SN18700;19.11.2025 11:00;-0,7
Oslo - Blindern;SN18700;19.11.2025 12:00;-0,5
Oslo - Blindern;SN18700;19.11.2025 13:00;0,2
Oslo - Blindern;SN18700;19.11.2025 14:00;0
Oslo - Blindern;SN18700;19.11.2025 15:00;-0,8
Oslo - Blindern;SN18700;19.11.2025 16:00;-1,8
Oslo - Blindern;SN18700;19.11.2025 17:00;-2,4
Oslo - Blindern;SN18700;19.11.2025 18:00;-3,4
Oslo - Blindern;SN18700;19.11.2025 19:00;-4,4
Oslo - Blindern;SN18700;19.11.2025 20:00;-4,7
Oslo - Blindern;SN18700;19.11.2025 21:00;-4,2
Oslo - Blindern;SN18700;19.11.2025 22:00;-5,4
Oslo - Blindern;SN18700;19.11.2025 23:00;-6,2
Oslo - Blindern;SN18700;20.11.2025 00:00;-5,7
Oslo - Blindern;SN18700;20.11.2025 01:00;-5,4
Oslo - Blindern;SN18700;20.11.2025 02:00;-5,6
Oslo - Blindern;SN18700;20.11.2025 03:00;-6,1
Oslo - Blindern;SN18700;20.11.2025 04:00;-5,8
Oslo - Blindern;SN18700;20.11.2025 05:00;-6,3
Oslo - Blindern;SN18700;20.11.2025 06:00;-4,7
Oslo - Blindern;SN18700;20.11.2025 07:00;-4,7
Oslo - Blindern;SN18700;20.11.2025 08:00;-4,5
Oslo - Blindern;SN18700;20.11.2025 09:00;-4,2
Oslo - Blindern;SN18700;20.11.2025 10:00;-3,4
Oslo - Blindern;SN18700;20.11.2025 11:00;-2,2
Oslo - Blindern;SN18700;20.11.2025 12:00;-1,3
Oslo - Blindern;SN18700;20.11.2025 13:00;-0,9
Oslo - Blindern;SN18700;20.11.2025 14:00;-1
Oslo - Blindern;SN18700;20.11.2025 15:00;-1,4
Oslo - Blindern;SN18700;20.11.2025 16:00;-2,2
Oslo - Blindern;SN18700;20.11.2025 17:00;-2,6
Oslo - Blindern;SN18700;20.11.2025 18:00;-3
Oslo - Blindern;SN18700;20.11.2025 19:00;-3,6
Oslo - Blindern;SN18700;20.11.2025 20:00;-3,4
Oslo - Blindern;SN18700;20.11.2025 21:00;-3,9
Oslo - Blindern;SN18700;20.11.2025 22:00;-4,1
Oslo - Blindern;SN18700;20.11.2025 23:00;-4,2
Oslo - Blindern;SN18700;21.11.2025 00:00;-6
Oslo - Blindern;SN18700;21.11.2025 01:00;-6,1
Oslo - Blindern;SN18700;21.11.2025 02:00;-6,2
Oslo - Blindern;SN18700;21.11.2025 03:00;-6,7
Oslo - Blindern;SN18700;21.11.2025 04:00;-6,9
Oslo - Blindern;SN18700;21.11.2025 05:00;-7,1
Oslo - Blindern;SN18700;21.11.2025 06:00;-7
Oslo - Blindern;SN18700;21.11.2025 07:00;-7
Oslo - Blindern;SN18700;21.11.2025 08:00;-6,4
Oslo - Blindern;SN18700;21.11.2025 09:00;-6,5
Oslo - Blindern;SN18700;21.11.2025 10:00;-5
Oslo - Blindern;SN18700;21.11.2025 11:00;-1,3
Oslo - Blindern;SN18700;21.11.2025 12:00;-2,1
Oslo - Blindern;SN18700;21.11.2025 13:00;-1,2
Oslo - Blindern;SN18700;21.11.2025 14:00;-1,6
Oslo - Blindern;SN18700;21.11.2025 15:00;-2,1
Oslo - Blindern;SN18700;21.11.2025 16:00;-2,3
Oslo - Blindern;SN18700;21.11.2025 17:00;-2,5
Oslo - Blindern;SN18700;21.11.2025 18:00;-2,6
Oslo - Blindern;SN18700;21.11.2025 19:00;-3
Oslo - Blindern;SN18700;21.11.2025 20:00;-3
Oslo - Blindern;SN18700;21.11.2025 21:00;-3,3
Oslo - Blindern;SN18700;21.11.2025 22:00;-3,6
Oslo - Blindern;SN18700;21.11.2025 23:00;-4,6
Oslo - Blindern;SN18700;22.11.2025 00:00;-4,6
Oslo - Blindern;SN18700;22.11.2025 01:00;-4,9
Oslo - Blindern;SN18700;22.11.2025 02:00;-4,8
Oslo - Blindern;SN18700;22.11.2025 03:00;-3,6
Oslo - Blindern;SN18700;22.11.2025 04:00;-2,5
Oslo - Blindern;SN18700;22.11.2025 05:00;-2,4
Oslo - Blindern;SN18700;22.11.2025 06:00;-1,6
Oslo - Blindern;SN18700;22.11.2025 07:00;-0,7
Oslo - Blindern;SN18700;22.11.2025 08:00;-0,4
Oslo - Blindern;SN18700;22.11.2025 09:00;0,2
Oslo - Blindern;SN18700;22.11.2025 10:00;1,4
Oslo - Blindern;SN18700;22.11.2025 11:00;1,8
Oslo - Blindern;SN18700;22.11.2025 12:00;2,5
Oslo - Blindern;SN18700;22.11.2025 13:00;2,9
Oslo - Blindern;SN18700;22.11.2025 14:00;3,1
Oslo - Blindern;SN18700;22.11.2025 15:00;3
Oslo - Blindern;SN18700;22.11.2025 16:00;3,4
Oslo - Blindern;SN18700;22.11.2025 17:00;3,1
Oslo - Blindern;SN18700;22.11.2025 18:00;3,5
Oslo - Blindern;SN18700;22.11.2025 19:00;3,6
Oslo - Blindern;SN18700;22.11.2025 20:00;4,2
Oslo - Blindern;SN18700;22.11.2025 21:00;4,3
Oslo - Blindern;SN18700;22.11.2025 22:00;4,4
Oslo - Blindern;SN18700;22.11.2025 23:00;4,6
Oslo - Blindern;SN18700;23.11.2025 00:00;4,4
Oslo - Blindern;SN18700;23.11.2025 01:00;4,6
Oslo - Blindern;SN18700;23.11.2025 02:00;4,6
Oslo - Blindern;SN18700;23.11.2025 03:00;4,7
Oslo - Blindern;SN18700;23.11.2025 04:00;4,7
Oslo - Blindern;SN18700;23.11.2025 05:00;4,4
Oslo - Blindern;SN18700;23.11.2025 06:00;4,2
Oslo - Blindern;SN18700;23.11.2025 07:00;4
Oslo - Blindern;SN18700;23.11.2025 08:00;4,1
Oslo - Blindern;SN18700;23.11.2025 09:00;3,8
Oslo - Blindern;SN18700;23.11.2025 10:00;3,9
Oslo - Blindern;SN18700;23.11.2025 11:00;4,3
Oslo - Blindern;SN18700;23.11.2025 12:00;4,8
Oslo - Blindern;SN18700;23.11.2025 13:00;4,8
Oslo - Blindern;SN18700;23.11.2025 14:00;4,6
Oslo - Blindern;SN18700;23.11.2025 15:00;4,7
Oslo - Blindern;SN18700;23.11.2025 16:00;5,1
Oslo - Blindern;SN18700;23.11.2025 17:00;4,7
Oslo - Blindern;SN18700;23.11.2025 18:00;4,3
Oslo - Blindern;SN18700;23.11.2025 19:00;3,8
Oslo - Blindern;SN18700;23.11.2025 20:00;3,5
Oslo - Blindern;SN18700;23.11.2025 21:00;3,4
Oslo - Blindern;SN18700;23.11.2025 22:00;3,3
Oslo - Blindern;SN18700;23.11.2025 23:00;2,6
Oslo - Blindern;SN18700;24.11.2025 00:00;2,5
Oslo - Blindern;SN18700;24.11.2025 01:00;2,3
Oslo - Blindern;SN18700;24.11.2025 02:00;2,2
Oslo - Blindern;SN18700;24.11.2025 03:00;1,9
Oslo - Blindern;SN18700;24.11.2025 04:00;1,8
Oslo - Blindern;SN18700;24.11.2025 05:00;1,7
Oslo - Blindern;SN18700;24.11.2025 06:00;1,7
Oslo - Blindern;SN18700;24.11.2025 07:00;1,1
Oslo - Blindern;SN18700;24.11.2025 08:00;1,1
Oslo - Blindern;SN18700;24.11.2025 09:00;0,5
Oslo - Blindern;SN18700;24.11.2025 10:00;0,6
Oslo - Blindern;SN18700;24.11.2025 11:00;1,1
Oslo - Blindern;SN18700;24.11.2025 12:00;1,3
Oslo - Blindern;SN18700;24.11.2025 13:00;1,2
Oslo - Blindern;SN18700;24.11.2025 14:00;1
Oslo - Blindern;SN18700;24.11.2025 15:00;0,9
Oslo - Blindern;SN18700;24.11.2025 16:00;0,7
Oslo - Blindern;SN18700;24.11.2025 17:00;0,2
Oslo - Blindern;SN18700;24.11.2025 18:00;0,6
Oslo - Blindern;SN18700;24.11.2025 19:00;0,5
Oslo - Blindern;SN18700;24.11.2025 20:00;0,6
Oslo - Blindern;SN18700;24.11.2025 21:00;0,3
Oslo - Blindern;SN18700;24.11.2025 22:00;0,2
Oslo - Blindern;SN18700;24.11.2025 23:00;0,2
Oslo - Blindern;SN18700;25.11.2025 00:00;0
Oslo - Blindern;SN18700;25.11.2025 01:00;0
Oslo - Blindern;SN18700;25.11.2025 02:00;-0,3
Oslo - Blindern;SN18700;25.11.2025 03:00;-0,4
Oslo - Blindern;SN18700;25.11.2025 04:00;-0,2
Oslo - Blindern;SN18700;25.11.2025 05:00;0
Oslo - Blindern;SN18700;25.11.2025 06:00;0,2
Oslo - Blindern;SN18700;25.11.2025 07:00;0
Oslo - Blindern;SN18700;25.11.2025 08:00;-0,1
Oslo - Blindern;SN18700;25.11.2025 09:00;-0,1
Oslo - Blindern;SN18700;25.11.2025 10:00;-0,1
Oslo - Blindern;SN18700;25.11.2025 11:00;0
Oslo - Blindern;SN18700;25.11.2025 12:00;-0,1
Oslo - Blindern;SN18700;25.11.2025 13:00;0
Oslo - Blindern;SN18700;25.11.2025 14:00;0
Oslo - Blindern;SN18700;25.11.2025 15:00;0
Oslo - Blindern;SN18700;25.11.2025 16:00;-0,1
Oslo - Blindern;SN18700;25.11.2025 17:00;0,1
Oslo - Blindern;SN18700;25.11.2025 18:00;-0,4
Oslo - Blindern;SN18700;25.11.2025 19:00;-1,5
Oslo - Blindern;SN18700;25.11.2025 20:00;-2,5
Oslo - Blindern;SN18700;25.11.2025 21:00;-3,1
Oslo - Blindern;SN18700;25.11.2025 22:00;-3,4
Oslo - Blindern;SN18700;25.11.2025 23:00;-3,1
Oslo - Blindern;SN18700;26.11.2025 00:00;-3,1
Oslo - Blindern;SN18700;26.11.2025 01:00;-3
Oslo - Blindern;SN18700;26.11.2025 02:00;-2,8
Oslo - Blindern;SN18700;26.11.2025 03:00;-2,6
Oslo - Blindern;SN18700;26.11.2025 04:00;-2,3
Oslo - Blindern;SN18700;26.11.2025 05:00;-2,1
Oslo - Blindern;SN18700;26.11.2025 06:00;-2,2
Oslo - Blindern;SN18700;26.11.2025 07:00;-2
Oslo - Blindern;SN18700;26.11.2025 08:00;-1,9
Oslo - Blindern;SN18700;26.11.2025 09:00;-1,6
Oslo - Blindern;SN18700;26.11.2025 10:00;-1,5
Oslo - Blindern;SN18700;26.11.2025 11:00;-1,1
Oslo - Blindern;SN18700;26.11.2025 12:00;-0,8
Oslo - Blindern;SN18700;26.11.2025 13:00;-0,1
Oslo - Blindern;SN18700;26.11.2025 14:00;-1,1
Oslo - Blindern;SN18700;26.11.2025 15:00;-1,1
Oslo - Blindern;SN18700;26.11.2025 16:00;-1,3
Oslo - Blindern;SN18700;26.11.2025 17:00;-0,9
Oslo - Blindern;SN18700;26.11.2025 18:00;-1
Oslo - Blindern;SN18700;26.11.2025 19:00;-0,9
Oslo - Blindern;SN18700;26.11.2025 20:00;-1,3
Oslo - Blindern;SN18700;26.11.2025 21:00;-1,8
Oslo - Blindern;SN18700;26.11.2025 22:00;-2,2
Oslo - Blindern;SN18700;26.11.2025 23:00;-1,8
Oslo - Blindern;SN18700;27.11.2025 00:00;-1,3
Oslo - Blindern;SN18700;27.11.2025 01:00;-0,9
Oslo - Blindern;SN18700;27.11.2025 02:00;-0,3
Oslo - Blindern;SN18700;27.11.2025 03:00;0,5
Oslo - Blindern;SN18700;27.11.2025 04:00;1,2
Oslo - Blindern;SN18700;27.11.2025 05:00;3,1
Oslo - Blindern;SN18700;27.11.2025 06:00;3,7
Oslo - Blindern;SN18700;27.11.2025 07:00;4,2
Oslo - Blindern;SN18700;27.11.2025 08:00;4,7
Oslo - Blindern;SN18700;27.11.2025 09:00;5,1
Oslo - Blindern;SN18700;27.11.2025 10:00;5,3
Oslo - Blindern;SN18700;27.11.2025 11:00;5,5
Oslo - Blindern;SN18700;27.11.2025 12:00;5,9
Oslo - Blindern;SN18700;27.11.2025 13:00;6
Oslo - Blindern;SN18700;27.11.2025 14:00;6,2
Oslo - Blindern;SN18700;27.11.2025 15:00;6,2
Oslo - Blindern;SN18700;27.11.2025 16:00;6,4
Oslo - Blindern;SN18700;27.11.2025 17:00;6,4
Oslo - Blindern;SN18700;27.11.2025 18:00;6,4
Oslo - Blindern;SN18700;27.11.2025 19:00;6,2
Oslo - Blindern;SN18700;27.11.2025 20:00;6
Oslo - Blindern;SN18700;27.11.2025 21:00;5,9
Oslo - Blindern;SN18700;27.11.2025 22:00;6,3
Oslo - Blindern;SN18700;27.11.2025 23:00;6,4
Oslo - Blindern;SN18700;28.11.2025 00:00;6,5
Oslo - Blindern;SN18700;28.11.2025 01:00;6,9
Oslo - Blindern;SN18700;28.11.2025 02:00;7,4
Oslo - Blindern;SN18700;28.11.2025 03:00;8,5
Oslo - Blindern;SN18700;28.11.2025 04:00;9,4
Oslo - Blindern;SN18700;28.11.2025 05:00;9,2
Oslo - Blindern;SN18700;28.11.2025 06:00;9
Oslo - Blindern;SN18700;28.11.2025 07:00;8,3
Oslo - Blindern;SN18700;28.11.2025 08:00;7,6
Oslo - Blindern;SN18700;28.11.2025 09:00;7,5
Oslo - Blindern;SN18700;28.11.2025 10:00;7,8
Oslo - Blindern;SN18700;28.11.2025 11:00;8,3
Oslo - Blindern;SN18700;28.11.2025 12:00;8,3
Oslo - Blindern;SN18700;28.11.2025 13:00;8,5
Oslo - Blindern;SN18700;28.11.2025 14:00;8,6
Oslo - Blindern;SN18700;28.11.2025 15:00;8,4
Oslo - Blindern;SN18700;28.11.2025 16:00;8,2
Oslo - Blindern;SN18700;28.11.2025 17:00;8,2
Oslo - Blindern;SN18700;28.11.2025 18:00;8,3
Oslo - Blindern;SN18700;28.11.2025 19:00;8,1
Oslo - Blindern;SN18700;28.11.2025 20:00;8,1
Oslo - Blindern;SN18700;28.11.2025 21:00;8,1
Oslo - Blindern;SN18700;28.11.2025 22:00;8,2
Oslo - Blindern;SN18700;28.11.2025 23:00;8,5
Oslo - Blindern;SN18700;29.11.2025 00:00;8,1
Oslo - Blindern;SN18700;29.11.2025 01:00;7,7
Oslo - Blindern;SN18700;29.11.2025 02:00;6,4
Oslo - Blindern;SN18700;29.11.2025 03:00;6,3
Oslo - Blindern;SN18700;29.11.2025 04:00;6,4
Oslo - Blindern;SN18700;29.11.2025 05:00;6,4
Oslo - Blindern;SN18700;29.11.2025 06:00;6,3
Oslo - Blindern;SN18700;29.11.2025 07:00;5,6
Oslo - Blindern;SN18700;29.11.2025 08:00;5,5
Oslo - Blindern;SN18700;29.11.2025 09:00;4,9
Oslo - Blindern;SN18700;29.11.2025 10:00;6,2
Oslo - Blindern;SN18700;29.11.2025 11:00;7,1
Oslo - Blindern;SN18700;29.11.2025 12:00;6,6
Oslo - Blindern;SN18700;29.11.2025 13:00;6,8
Oslo - Blindern;SN18700;29.11.2025 14:00;7,1
Oslo - Blindern;SN18700;29.11.2025 15:00;6,4
Oslo - Blindern;SN18700;29.11.2025 16:00;4,9
Oslo - Blindern;SN18700;29.11.2025 17:00;4,2
Oslo - Blindern;SN18700;29.11.2025 18:00;2,5
Oslo - Blindern;SN18700;29.11.2025 19:00;0,2
Oslo - Blindern;SN18700;29.11.2025 20:00;0
Oslo - Blindern;SN18700;29.11.2025 21:00;-0,4
Oslo - Blindern;SN18700;29.11.2025 22:00;-0,5
Oslo - Blindern;SN18700;29.11.2025 23:00;-0,3
Oslo - Blindern;SN18700;30.11.2025 00:00;-0,7
Oslo - Blindern;SN18700;30.11.2025 01:00;-0,7
Oslo - Blindern;SN18700;30.11.2025 02:00;-0,5
Oslo - Blindern;SN18700;30.11.2025 03:00;0,3
Oslo - Blindern;SN18700;30.11.2025 04:00;1,8
Oslo - Blindern;SN18700;30.11.2025 05:00;2,1
Oslo - Blindern;SN18700;30.11.2025 06:00;2,1
Oslo - Blindern;SN18700;30.11.2025 07:00;0,6
Oslo - Blindern;SN18700;30.11.2025 08:00;0,9
Oslo - Blindern;SN18700;30.11.2025 09:00;1
Oslo - Blindern;SN18700;30.11.2025 10:00;1,2
Oslo - Blindern;SN18700;30.11.2025 11:00;1,4
Oslo - Blindern;SN18700;30.11.2025 12:00;1,4
Oslo - Blindern;SN18700;30.11.2025 13:00;1,6
Oslo - Blindern;SN18700;30.11.2025 14:00;1,7
Oslo - Blindern;SN18700;30.11.2025 15:00;1,9
Oslo - Blindern;SN18700;30.11.2025 16:00;2,6
Oslo - Blindern;SN18700;30.11.2025 17:00;2,5
Oslo - Blindern;SN18700;30.11.2025 18:00;2,6
Oslo - Blindern;SN18700;30.11.2025 19:00;2,8
Oslo - Blindern;SN18700;30.11.2025 20:00;2,9
Oslo - Blindern;SN18700;30.11.2025 21:00;3,1
Oslo - Blindern;SN18700;30.11.2025 22:00;3,3
Oslo - Blindern;SN18700;30.11.2025 23:00;3,5
Oslo - Blindern;SN18700;01.12.2025 00:00;3,3
Oslo - Blindern;SN18700;01.12.2025 01:00;3,5
Oslo - Blindern;SN18700;01.12.2025 02:00;3,4
Oslo - Blindern;SN18700;01.12.2025 03:00;3,3
Oslo - Blindern;SN18700;01.12.2025 04:00;2,9
Oslo - Blindern;SN18700;01.12.2025 05:00;2,9
Oslo - Blindern;SN18700;01.12.2025 06:00;2,7
Oslo - Blindern;SN18700;01.12.2025 07:00;2,7
Oslo - Blindern;SN18700;01.12.2025 08:00;1,9
Oslo - Blindern;SN18700;01.12.2025 09:00;1,7
Oslo - Blindern;SN18700;01.12.2025 10:00;1,6
Oslo - Blindern;SN18700;01.12.2025 11:00;1,9
Oslo - Blindern;SN18700;01.12.2025 12:00;2,1
Oslo - Blindern;SN18700;01.12.2025 13:00;2
Oslo - Blindern;SN18700;01.12.2025 14:00;1,5
Oslo - Blindern;SN18700;01.12.2025 15:00;1,5
Oslo - Blindern;SN18700;01.12.2025 16:00;1,6
Oslo - Blindern;SN18700;01.12.2025 17:00;2
Oslo - Blindern;SN18700;01.12.2025 18:00;1,5
Oslo - Blindern;SN18700;01.12.2025 19:00;2,1
Oslo - Blindern;SN18700;01.12.2025 20:00;3,6
Oslo - Blindern;SN18700;01.12.2025 21:00;4,4
Oslo - Blindern;SN18700;01.12.2025 22:00;5,3
Oslo - Blindern;SN18700;01.12.2025 23:00;5,6
Oslo - Blindern;SN18700;02.12.2025 00:00;5,5
Oslo - Blindern;SN18700;02.12.2025 01:00;5,7
Oslo - Blindern;SN18700;02.12.2025 02:00;5,8
Oslo - Blindern;SN18700;02.12.2025 03:00;5,8
Oslo - Blindern;SN18700;02.12.2025 04:00;5,8
Oslo - Blindern;SN18700;02.12.2025 05:00;5,8
Oslo - Blindern;SN18700;02.12.2025 06:00;5,9
Oslo - Blindern;SN18700;02.12.2025 07:00;6
Oslo - Blindern;SN18700;02.12.2025 08:00;6,2
Oslo - Blindern;SN18700;02.12.2025 09:00;6,3
Oslo - Blindern;SN18700;02.12.2025 10:00;6,4
Oslo - Blindern;SN18700;02.12.2025 11:00;6,1
Oslo - Blindern;SN18700;02.12.2025 12:00;6
Oslo - Blindern;SN18700;02.12.2025 13:00;5,9
Oslo - Blindern;SN18700;02.12.2025 14:00;5,8
Oslo - Blindern;SN18700;02.12.2025 15:00;5,7
Oslo - Blindern;SN18700;02.12.2025 16:00;5,8
Oslo - Blindern;SN18700;02.12.2025 17:00;5,9
Oslo - Blindern;SN18700;02.12.2025 18:00;6,1
Oslo - Blindern;SN18700;02.12.2025 19:00;6,3
Oslo - Blindern;SN18700;02.12.2025 20:00;6,6
Oslo - Blindern;SN18700;02.12.2025 21:00;6,7
Oslo - Blindern;SN18700;02.12.2025 22:00;7,1
Oslo - Blindern;SN18700;02.12.2025 23:00;6,9
Oslo - Blindern;SN18700;03.12.2025 00:00;6,8
Oslo - Blindern;SN18700;03.12.2025 01:00;6,8
Oslo - Blindern;SN18700;03.12.2025 02:00;6,3
Oslo - Blindern;SN18700;03.12.2025 03:00;5,2
Oslo - Blindern;SN18700;03.12.2025 04:00;4,9
Oslo - Blindern;SN18700;03.12.2025 05:00;4,4
Oslo - Blindern;SN18700;03.12.2025 06:00;4,6
Oslo - Blindern;SN18700;03.12.2025 07:00;4,8
Oslo - Blindern;SN18700;03.12.2025 08:00;4,9
Oslo - Blindern;SN18700;03.12.2025 09:00;5,1
Oslo - Blindern;SN18700;03.12.2025 10:00;5,4
Oslo - Blindern;SN18700;03.12.2025 11:00;5,4
Oslo - Blindern;SN18700;03.12.2025 12:00;5,8
Oslo - Blindern;SN18700;03.12.2025 13:00;5,6
Oslo - Blindern;SN18700;03.12.2025 14:00;5,7
Oslo - Blindern;SN18700;03.12.2025 15:00;6,1
Oslo - Blindern;SN18700;03.12.2025 16:00;5,9
Oslo - Blindern;SN18700;03.12.2025 17:00;5,9
Oslo - Blindern;SN18700;03.12.2025 18:00;5,9
Oslo - Blindern;SN18700;03.12.2025 19:00;5,9
Oslo - Blindern;SN18700;03.12.2025 20:00;5,9
Oslo - Blindern;SN18700;03.12.2025 21:00;5,7
Oslo - Blindern;SN18700;03.12.2025 22:00;5,5
Oslo - Blindern;SN18700;03.12.2025 23:00;5,3
Oslo - Blindern;SN18700;04.12.2025 00:00;4,8
Oslo - Blindern;SN18700;04.12.2025 01:00;4,7
Oslo - Blindern;SN18700;04.12.2025 02:00;4,6
Oslo - Blindern;SN18700;04.12.2025 03:00;4,4
Oslo - Blindern;SN18700;04.12.2025 04:00;4,3
Oslo - Blindern;SN18700;04.12.2025 05:00;4,4
Oslo - Blindern;SN18700;04.12.2025 06:00;4,3
Oslo - Blindern;SN18700;04.12.2025 07:00;4,2
Oslo - Blindern;SN18700;04.12.2025 08:00;4,4
Oslo - Blindern;SN18700;04.12.2025 09:00;4,2
Oslo - Blindern;SN18700;04.12.2025 10:00;4,3
Oslo - Blindern;SN18700;04.12.2025 11:00;4,3
Oslo - Blindern;SN18700;04.12.2025 12:00;4,4
Oslo - Blindern;SN18700;04.12.2025 13:00;4,5
Oslo - Blindern;SN18700;04.12.2025 14:00;4,4
Oslo - Blindern;SN18700;04.12.2025 15:00;4,5
Oslo - Blindern;SN18700;04.12.2025 16:00;4,4
Oslo - Blindern;SN18700;04.12.2025 17:00;4,3
Oslo - Blindern;SN18700;04.12.2025 18:00;4,2
Oslo - Blindern;SN18700;04.12.2025 19:00;4,2
Oslo - Blindern;SN18700;04.12.2025 20:00;4,1
Oslo - Blindern;SN18700;04.12.2025 21:00;4
Oslo - Blindern;SN18700;04.12.2025 22:00;3,9
Oslo - Blindern;SN18700;04.12.2025 23:00;3,8
Oslo - Blindern;SN18700;05.12.2025 00:00;3,5
Oslo - Blindern;SN18700;05.12.2025 01:00;3,5
Oslo - Blindern;SN18700;05.12.2025 02:00;3,3
Oslo - Blindern;SN18700;05.12.2025 03:00;3,1
Oslo - Blindern;SN18700;05.12.2025 04:00;2,9
Oslo - Blindern;SN18700;05.12.2025 05:00;2,7
Oslo - Blindern;SN18700;05.12.2025 06:00;2,6
Oslo - Blindern;SN18700;05.12.2025 07:00;2,4
Oslo - Blindern;SN18700;05.12.2025 08:00;2,6
Oslo - Blindern;SN18700;05.12.2025 09:00;2,8
Oslo - Blindern;SN18700;05.12.2025 10:00;2,9
Oslo - Blindern;SN18700;05.12.2025 11:00;2,9
Oslo - Blindern;SN18700;05.12.2025 12:00;3,2
Oslo - Blindern;SN18700;05.12.2025 13:00;3,4
Oslo - Blindern;SN18700;05.12.2025 14:00;3,3
Oslo - Blindern;SN18700;05.12.2025 15:00;3,4
Oslo - Blindern;SN18700;05.12.2025 16:00;3,5
Oslo - Blindern;SN18700;05.12.2025 17:00;3,5
Oslo - Blindern;SN18700;05.12.2025 18:00;3,5
Oslo - Blindern;SN18700;05.12.2025 19:00;3,7
Oslo - Blindern;SN18700;05.12.2025 20:00;3,8
Oslo - Blindern;SN18700;05.12.2025 21:00;3,8
Oslo - Blindern;SN18700;05.12.2025 22:00;3,7
Oslo - Blindern;SN18700;05.12.2025 23:00;3,6
Oslo - Blindern;SN18700;06.12.2025 00:00;3,5
Oslo - Blindern;SN18700;06.12.2025 01:00;3,5
Oslo - Blindern;SN18700;06.12.2025 02:00;3,4
Oslo - Blindern;SN18700;06.12.2025 03:00;3,3
Oslo - Blindern;SN18700;06.12.2025 04:00;3,5
Oslo - Blindern;SN18700;06.12.2025 05:00;3,5
Oslo - Blindern;SN18700;06.12.2025 06:00;3,3
Oslo - Blindern;SN18700;06.12.2025 07:00;2,9
Oslo - Blindern;SN18700;06.12.2025 08:00;2,8
Oslo - Blindern;SN18700;06.12.2025 09:00;2,8
Oslo - Blindern;SN18700;06.12.2025 10:00;2,9
Oslo - Blindern;SN18700;06.12.2025 11:00;3
Oslo - Blindern;SN18700;06.12.2025 12:00;3,1
Oslo - Blindern;SN18700;06.12.2025 13:00;2,9
Oslo - Blindern;SN18700;06.12.2025 14:00;2,9
Oslo - Blindern;SN18700;06.12.2025 15:00;2,9
Oslo - Blindern;SN18700;06.12.2025 16:00;2,8
Oslo - Blindern;SN18700;06.12.2025 17:00;3
Oslo - Blindern;SN18700;06.12.2025 18:00;2,9
Oslo - Blindern;SN18700;06.12.2025 19:00;3
Oslo - Blindern;SN18700;06.12.2025 20:00;3,1
Oslo - Blindern;SN18700;06.12.2025 21:00;3,1
Oslo - Blindern;SN18700;06.12.2025 22:00;3,2
Oslo - Blindern;SN18700;06.12.2025 23:00;3,1
Oslo - Blindern;SN18700;07.12.2025 00:00;3,1
Oslo - Blindern;SN18700;07.12.2025 01:00;3,2
Oslo - Blindern;SN18700;07.12.2025 02:00;3,2
Oslo - Blindern;SN18700;07.12.2025 03:00;3,2
Oslo - Blindern;SN18700;07.12.2025 04:00;3,3
Oslo - Blindern;SN18700;07.12.2025 05:00;3,4
Oslo - Blindern;SN18700;07.12.2025 06:00;3,5
Oslo - Blindern;SN18700;07.12.2025 07:00;3,5
Oslo - Blindern;SN18700;07.12.2025 08:00;3,5
Oslo - Blindern;SN18700;07.12.2025 09:00;3,5
Oslo - Blindern;SN18700;07.12.2025 10:00;3,6
Oslo - Blindern;SN18700;07.12.2025 11:00;3,7
Oslo - Blindern;SN18700;07.12.2025 12:00;3,6
Oslo - Blindern;SN18700;07.12.2025 13:00;3,7
Oslo - Blindern;SN18700;07.12.2025 14:00;3,8
Oslo - Blindern;SN18700;07.12.2025 15:00;3,6
Oslo - Blindern;SN18700;07.12.2025 16:00;3,6
Oslo - Blindern;SN18700;07.12.2025 17:00;3,7
Oslo - Blindern;SN18700;07.12.2025 18:00;3,7
Oslo - Blindern;SN18700;07.12.2025 19:00;3,7
Oslo - Blindern;SN18700;07.12.2025 20:00;3,6
Oslo - Blindern;SN18700;07.12.2025 21:00;3,8
Oslo - Blindern;SN18700;07.12.2025 22:00;3,7
Oslo - Blindern;SN18700;07.12.2025 23:00;4
Oslo - Blindern;SN18700;08.12.2025 00:00;4,1
Oslo - Blindern;SN18700;08.12.2025 01:00;4
Oslo - Blindern;SN18700;08.12.2025 02:00;4
Oslo - Blindern;SN18700;08.12.2025 03:00;4,2
Oslo - Blindern;SN18700;08.12.2025 04:00;4,4
Oslo - Blindern;SN18700;08.12.2025 05:00;4,6
Oslo - Blindern;SN18700;08.12.2025 06:00;4,7
Oslo - Blindern;SN18700;08.12.2025 07:00;5,5
Oslo - Blindern;SN18700;08.12.2025 08:00;5,7
Oslo - Blindern;SN18700;08.12.2025 09:00;6
Oslo - Blindern;SN18700;08.12.2025 10:00;5,8
Oslo - Blindern;SN18700;08.12.2025 11:00;5,9
Oslo - Blindern;SN18700;08.12.2025 12:00;5,9
Oslo - Blindern;SN18700;08.12.2025 13:00;5,6
Oslo - Blindern;SN18700;08.12.2025 14:00;5,5
Oslo - Blindern;SN18700;08.12.2025 15:00;5,5
Oslo - Blindern;SN18700;08.12.2025 16:00;5,4
Oslo - Blindern;SN18700;08.12.2025 17:00;5
Oslo - Blindern;SN18700;08.12.2025 18:00;5
Oslo - Blindern;SN18700;08.12.2025 19:00;5
Oslo - Blindern;SN18700;08.12.2025 20:00;4,8
Oslo - Blindern;SN18700;08.12.2025 21:00;4,3
Oslo - Blindern;SN18700;08.12.2025 22:00;4,1
Oslo - Blindern;SN18700;08.12.2025 23:00;4,3
Oslo - Blindern;SN18700;09.12.2025 00:00;4,1
Oslo - Blindern;SN18700;09.12.2025 01:00;3,8
Oslo - Blindern;SN18700;09.12.2025 02:00;3,7
Oslo - Blindern;SN18700;09.12.2025 03:00;3,4
Oslo - Blindern;SN18700;09.12.2025 04:00;3
Oslo - Blindern;SN18700;09.12.2025 05:00;2,8
Oslo - Blindern;SN18700;09.12.2025 06:00;2,4
Oslo - Blindern;SN18700;09.12.2025 07:00;2,1
Oslo - Blindern;SN18700;09.12.2025 08:00;0,9
Oslo - Blindern;SN18700;09.12.2025 09:00;0,1
Oslo - Blindern;SN18700;09.12.2025 10:00;0,7
Oslo - Blindern;SN18700;09.12.2025 11:00;1,3
Oslo - Blindern;SN18700;09.12.2025 12:00;0,8
Oslo - Blindern;SN18700;09.12.2025 13:00;1
Oslo - Blindern;SN18700;09.12.2025 14:00;1,5
Oslo - Blindern;SN18700;09.12.2025 15:00;1,5
Oslo - Blindern;SN18700;09.12.2025 16:00;1,4
Oslo - Blindern;SN18700;09.12.2025 17:00;1,2
Oslo - Blindern;SN18700;09.12.2025 18:00;1,2
Oslo - Blindern;SN18700;09.12.2025 19:00;0,7
Oslo - Blindern;SN18700;09.12.2025 20:00;0,2
Oslo - Blindern;SN18700;09.12.2025 21:00;0
Oslo - Blindern;SN18700;09.12.2025 22:00;0
Oslo - Blindern;SN18700;09.12.2025 23:00;0,2
Oslo - Blindern;SN18700;10.12.2025 00:00;0,5
Oslo - Blindern;SN18700;10.12.2025 01:00;0,8
Oslo - Blindern;SN18700;10.12.2025 02:00;1
Oslo - Blindern;SN18700;10.12.2025 03:00;1,6
Oslo - Blindern;SN18700;10.12.2025 04:00;1,9
Oslo - Blindern;SN18700;10.12.2025 05:00;2,2
Oslo - Blindern;SN18700;10.12.2025 06:00;2,2
Oslo - Blindern;SN18700;10.12.2025 07:00;2,6
Oslo - Blindern;SN18700;10.12.2025 08:00;2,6
Oslo - Blindern;SN18700;10.12.2025 09:00;2,7
Oslo - Blindern;SN18700;10.12.2025 10:00;3
Oslo - Blindern;SN18700;10.12.2025 11:00;3,3
Oslo - Blindern;SN18700;10.12.2025 12:00;3,6
Oslo - Blindern;SN18700;10.12.2025 13:00;4,4
Oslo - Blindern;SN18700;10.12.2025 14:00;4,3
Oslo - Blindern;SN18700;10.12.2025 15:00;4,8
Oslo - Blindern;SN18700;10.12.2025 16:00;4,2
Oslo - Blindern;SN18700;10.12.2025 17:00;5,2
Oslo - Blindern;SN18700;10.12.2025 18:00;5,3
Oslo - Blindern;SN18700;10.12.2025 19:00;4,2
Oslo - Blindern;SN18700;10.12.2025 20:00;4,9
Oslo - Blindern;SN18700;10.12.2025 21:00;5,2
Oslo - Blindern;SN18700;10.12.2025 22:00;5,7
Oslo - Blindern;SN18700;10.12.2025 23:00;5,8
Oslo - Blindern;SN18700;11.12.2025 00:00;5,9
Oslo - Blindern;SN18700;11.12.2025 01:00;5,9
Oslo - Blindern;SN18700;11.12.2025 02:00;5,4
Oslo - Blindern;SN18700;11.12.2025 03:00;5,3
Oslo - Blindern;SN18700;11.12.2025 04:00;4,9
Oslo - Blindern;SN18700;11.12.2025 05:00;5
Oslo - Blindern;SN18700;11.12.2025 06:00;5
Oslo - Blindern;SN18700;11.12.2025 07:00;5,3
Oslo - Blindern;SN18700;11.12.2025 08:00;5
Oslo - Blindern;SN18700;11.12.2025 09:00;5,1
Oslo - Blindern;SN18700;11.12.2025 10:00;5,3
Oslo - Blindern;SN18700;11.12.2025 11:00;5,3
Oslo - Blindern;SN18700;11.12.2025 12:00;5,6
Oslo - Blindern;SN18700;11.12.2025 13:00;5,5
Oslo - Blindern;SN18700;11.12.2025 14:00;5,6
Oslo - Blindern;SN18700;11.12.2025 15:00;5,6
Oslo - Blindern;SN18700;11.12.2025 16:00;5
Oslo - Blindern;SN18700;11.12.2025 17:00;4,3
Oslo - Blindern;SN18700;11.12.2025 18:00;3,8
Oslo - Blindern;SN18700;11.12.2025 19:00;3,9
Oslo - Blindern;SN18700;11.12.2025 20:00;4
Oslo - Blindern;SN18700;11.12.2025 21:00;4,6
Oslo - Blindern;SN18700;11.12.2025 22:00;4,1
Oslo - Blindern;SN18700;11.12.2025 23:00;3,7
Oslo - Blindern;SN18700;12.12.2025 00:00;3,6
Oslo - Blindern;SN18700;12.12.2025 01:00;4
Oslo - Blindern;SN18700;12.12.2025 02:00;4,3
Oslo - Blindern;SN18700;12.12.2025 03:00;4,1
Oslo - Blindern;SN18700;12.12.2025 04:00;4,1
Oslo - Blindern;SN18700;12.12.2025 05:00;3,2
Oslo - Blindern;SN18700;12.12.2025 06:00;3,4
Oslo - Blindern;SN18700;12.12.2025 07:00;2,7
Oslo - Blindern;SN18700;12.12.2025 08:00;2
Oslo - Blindern;SN18700;12.12.2025 09:00;1,9
Oslo - Blindern;SN18700;12.12.2025 10:00;3
Oslo - Blindern;SN18700;12.12.2025 11:00;3,5
Oslo - Blindern;SN18700;12.12.2025 12:00;3,9
Oslo - Blindern;SN18700;12.12.2025 13:00;4,4
Oslo - Blindern;SN18700;12.12.2025 14:00;4,8
Oslo - Blindern;SN18700;12.12.2025 15:00;4,9
Oslo - Blindern;SN18700;12.12.2025 16:00;4,7
Oslo - Blindern;SN18700;12.12.2025 17:00;5,1
Oslo - Blindern;SN18700;12.12.2025 18:00;5,1
Oslo - Blindern;SN18700;12.12.2025 19:00;4,9
Oslo - Blindern;SN18700;12.12.2025 20:00;4,5
Oslo - Blindern;SN18700;12.12.2025 21:00;4,4
Oslo - Blindern;SN18700;12.12.2025 22:00;4,3
Oslo - Blindern;SN18700;12.12.2025 23:00;4,3
Oslo - Blindern;SN18700;13.12.2025 00:00;4,5
Oslo - Blindern;SN18700;13.12.2025 01:00;4,6
Oslo - Blindern;SN18700;13.12.2025 02:00;4,6
Oslo - Blindern;SN18700;13.12.2025 03:00;4,7
Oslo - Blindern;SN18700;13.12.2025 04:00;5
Oslo - Blindern;SN18700;13.12.2025 05:00;5,5
Oslo - Blindern;SN18700;13.12.2025 06:00;5,4
Oslo - Blindern;SN18700;13.12.2025 07:00;5,6
Oslo - Blindern;SN18700;13.12.2025 08:00;5,5
Oslo - Blindern;SN18700;13.12.2025 09:00;5,3
Oslo - Blindern;SN18700;13.12.2025 10:00;5,4
Oslo - Blindern;SN18700;13.12.2025 11:00;5,5
Oslo - Blindern;SN18700;13.12.2025 12:00;5,6
Oslo - Blindern;SN18700;13.12.2025 13:00;5,6
Oslo - Blindern;SN18700;13.12.2025 14:00;5,6
Oslo - Blindern;SN18700;13.12.2025 15:00;4,8
Oslo - Blindern;SN18700;13.12.2025 16:00;3,8
Oslo - Blindern;SN18700;13.12.2025 17:00;3,7
Oslo - Blindern;SN18700;13.12.2025 18:00;4,1
Oslo - Blindern;SN18700;13.12.2025 19:00;3,5
Oslo - Blindern;SN18700;13.12.2025 20:00;3,3
Oslo - Blindern;SN18700;13.12.2025 21:00;3
Oslo - Blindern;SN18700;13.12.2025 22:00;2,7
Oslo - Blindern;SN18700;13.12.2025 23:00;2,4
Oslo - Blindern;SN18700;14.12.2025 00:00;2,4
Oslo - Blindern;SN18700;14.12.2025 01:00;2,4
Oslo - Blindern;SN18700;14.12.2025 02:00;2,9
Oslo - Blindern;SN18700;14.12.2025 03:00;3,5
Oslo - Blindern;SN18700;14.12.2025 04:00;4,1
Oslo - Blindern;SN18700;14.12.2025 05:00;4,4
Oslo - Blindern;SN18700;14.12.2025 06:00;5,4
Oslo - Blindern;SN18700;14.12.2025 07:00;5,2
Oslo - Blindern;SN18700;14.12.2025 08:00;5,7
Oslo - Blindern;SN18700;14.12.2025 09:00;7
Oslo - Blindern;SN18700;14.12.2025 10:00;7,4
Oslo - Blindern;SN18700;14.12.2025 11:00;7,5
Oslo - Blindern;SN18700;14.12.2025 12:00;7,6
Oslo - Blindern;SN18700;14.12.2025 13:00;8,2
Oslo - Blindern;SN18700;14.12.2025 14:00;8
Oslo - Blindern;SN18700;14.12.2025 15:00;6,8
Oslo - Blindern;SN18700;14.12.2025 16:00;6,8
Oslo - Blindern;SN18700;14.12.2025 17:00;7,3
Oslo - Blindern;SN18700;14.12.2025 18:00;6,8
Oslo - Blindern;SN18700;14.12.2025 19:00;6,9
Oslo - Blindern;SN18700;14.12.2025 20:00;7,6
Oslo - Blindern;SN18700;14.12.2025 21:00;7,8
Oslo - Blindern;SN18700;14.12.2025 22:00;7,7
Oslo - Blindern;SN18700;14.12.2025 23:00;7,5
Oslo - Blindern;SN18700;15.12.2025 00:00;8,3
Oslo - Blindern;SN18700;15.12.2025 01:00;8,1
Oslo - Blindern;SN18700;15.12.2025 02:00;8,1
Oslo - Blindern;SN18700;15.12.2025 03:00;8,3
Oslo - Blindern;SN18700;15.12.2025 04:00;8
Oslo - Blindern;SN18700;15.12.2025 05:00;8,2
Oslo - Blindern;SN18700;15.12.2025 06:00;8,4
Oslo - Blindern;SN18700;15.12.2025 07:00;8,5
Oslo - Blindern;SN18700;15.12.2025 08:00;8,4
Oslo - Blindern;SN18700;15.12.2025 09:00;8,3
Oslo - Blindern;SN18700;15.12.2025 10:00;8,3
Oslo - Blindern;SN18700;15.12.2025 11:00;8,6
Oslo - Blindern;SN18700;15.12.2025 12:00;8,4
Oslo - Blindern;SN18700;15.12.2025 13:00;9
Oslo - Blindern;SN18700;15.12.2025 14:00;9,1
Oslo - Blindern;SN18700;15.12.2025 15:00;9,1
Oslo - Blindern;SN18700;15.12.2025 16:00;8,9
Oslo - Blindern;SN18700;15.12.2025 17:00;8,9
Oslo - Blindern;SN18700;15.12.2025 18:00;8,7
Oslo - Blindern;SN18700;15.12.2025 19:00;8,6
Oslo - Blindern;SN18700;15.12.2025 20:00;8,5
Oslo - Blindern;SN18700;15.12.2025 21:00;8,5
Oslo - Blindern;SN18700;15.12.2025 22:00;8,5
Oslo - Blindern;SN18700;15.12.2025 23:00;8,5
Oslo - Blindern;SN18700;16.12.2025 00:00;8
Oslo - Blindern;SN18700;16.12.2025 01:00;8,3
Oslo - Blindern;SN18700;16.12.2025 02:00;8,5
Oslo - Blindern;SN18700;16.12.2025 03:00;8,3
Oslo - Blindern;SN18700;16.12.2025 04:00;8,3
Oslo - Blindern;SN18700;16.12.2025 05:00;8,3
Oslo - Blindern;SN18700;16.12.2025 06:00;8,5
Oslo - Blindern;SN18700;16.12.2025 07:00;8,2
Oslo - Blindern;SN18700;16.12.2025 08:00;8,1
Oslo - Blindern;SN18700;16.12.2025 09:00;8,1
Oslo - Blindern;SN18700;16.12.2025 10:00;8,1
Oslo - Blindern;SN18700;16.12.2025 11:00;8,1
Oslo - Blindern;SN18700;16.12.2025 12:00;8,1
Oslo - Blindern;SN18700;16.12.2025 13:00;7,9
Oslo - Blindern;SN18700;16.12.2025 14:00;7,8
Oslo - Blindern;SN18700;16.12.2025 15:00;8
Oslo - Blindern;SN18700;16.12.2025 16:00;8,1
Oslo - Blindern;SN18700;16.12.2025 17:00;7,9
Oslo - Blindern;SN18700;16.12.2025 18:00;8
Oslo - Blindern;SN18700;16.12.2025 19:00;8,2
Oslo - Blindern;SN18700;16.12.2025 20:00;8,3
Oslo - Blindern;SN18700;16.12.2025 21:00;8
Oslo - Blindern;SN18700;16.12.2025 22:00;7,7
Oslo - Blindern;SN18700;16.12.2025 23:00;7,4
Oslo - Blindern;SN18700;17.12.2025 00:00;7,5
Oslo - Blindern;SN18700;17.12.2025 01:00;7,4
Oslo - Blindern;SN18700;17.12.2025 02:00;7,2
Oslo - Blindern;SN18700;17.12.2025 03:00;6
Oslo - Blindern;SN18700;17.12.2025 04:00;5,2
Oslo - Blindern;SN18700;17.12.2025 05:00;4,7
Oslo - Blindern;SN18700;17.12.2025 06:00;4,6
Oslo - Blindern;SN18700;17.12.2025 07:00;3,7
Oslo - Blindern;SN18700;17.12.2025 08:00;2,9
Oslo - Blindern;SN18700;17.12.2025 09:00;1,9
Oslo - Blindern;SN18700;17.12.2025 10:00;1,7
Oslo - Blindern;SN18700;17.12.2025 11:00;2,8
Oslo - Blindern;SN18700;17.12.2025 12:00;3
Oslo - Blindern;SN18700;17.12.2025 13:00;3,2
Oslo - Blindern;SN18700;17.12.2025 14:00;3,3
Oslo - Blindern;SN18700;17.12.2025 15:00;2,9
Oslo - Blindern;SN18700;17.12.2025 16:00;2,8
Oslo - Blindern;SN18700;17.12.2025 17:00;2,4
Oslo - Blindern;SN18700;17.12.2025 18:00;2,5
Oslo - Blindern;SN18700;17.12.2025 19:00;2,6
Oslo - Blindern;SN18700;17.12.2025 20:00;2,4
Oslo - Blindern;SN18700;17.12.2025 21:00;2,3
Oslo - Blindern;SN18700;17.12.2025 22:00;2,7
Oslo - Blindern;SN18700;17.12.2025 23:00;3,4
Oslo - Blindern;SN18700;18.12.2025 00:00;3,9
Oslo - Blindern;SN18700;18.12.2025 01:00;4,6
Oslo - Blindern;SN18700;18.12.2025 02:00;5,8
Oslo - Blindern;SN18700;18.12.2025 03:00;6,6
Oslo - Blindern;SN18700;18.12.2025 04:00;6,5
Oslo - Blindern;SN18700;18.12.2025 05:00;6,3
Oslo - Blindern;SN18700;18.12.2025 06:00;6,2
Oslo - Blindern;SN18700;18.12.2025 07:00;6,2
Oslo - Blindern;SN18700;18.12.2025 08:00;6
Oslo - Blindern;SN18700;18.12.2025 09:00;5,7
Oslo - Blindern;SN18700;18.12.2025 10:00;5,8
Oslo - Blindern;SN18700;18.12.2025 11:00;6,2
Oslo - Blindern;SN18700;18.12.2025 12:00;6,3
Oslo - Blindern;SN18700;18.12.2025 13:00;6,6
Oslo - Blindern;SN18700;18.12.2025 14:00;7,2
Oslo - Blindern;SN18700;18.12.2025 15:00;7,9
Oslo - Blindern;SN18700;18.12.2025 16:00;7,3
Oslo - Blindern;SN18700;18.12.2025 17:00;6,8
Oslo - Blindern;SN18700;18.12.2025 18:00;7
Oslo - Blindern;SN18700;18.12.2025 19:00;6,4
Oslo - Blindern;SN18700;18.12.2025 20:00;6,6
Oslo - Blindern;SN18700;18.12.2025 21:00;6,7
Oslo - Blindern;SN18700;18.12.2025 22:00;6,8
Oslo - Blindern;SN18700;18.12.2025 23:00;6,9
Oslo - Blindern;SN18700;19.12.2025 00:00;7,1
Oslo - Blindern;SN18700;19.12.2025 01:00;7,2
Oslo - Blindern;SN18700;19.12.2025 02:00;7,2
Oslo - Blindern;SN18700;19.12.2025 03:00;7
Oslo - Blindern;SN18700;19.12.2025 04:00;6,8
Oslo - Blindern;SN18700;19.12.2025 05:00;7
Oslo - Blindern;SN18700;19.12.2025 06:00;7,2
Oslo - Blindern;SN18700;19.12.2025 07:00;7,6
Oslo - Blindern;SN18700;19.12.2025 08:00;8,2
Oslo - Blindern;SN18700;19.12.2025 09:00;8,5
Oslo - Blindern;SN18700;19.12.2025 10:00;8,8
Oslo - Blindern;SN18700;19.12.2025 11:00;9,3
Oslo - Blindern;SN18700;19.12.2025 12:00;8,7
Oslo - Blindern;SN18700;19.12.2025 13:00;9,5
Oslo - Blindern;SN18700;19.12.2025 14:00;8
Oslo - Blindern;SN18700;19.12.2025 15:00;7
Oslo - Blindern;SN18700;19.12.2025 16:00;6,3
Oslo - Blindern;SN18700;19.12.2025 17:00;6,6
Oslo - Blindern;SN18700;19.12.2025 18:00;6,4
Oslo - Blindern;SN18700;19.12.2025 19:00;7,1
Oslo - Blindern;SN18700;19.12.2025 20:00;7,3
Oslo - Blindern;SN18700;19.12.2025 21:00;7,2
Oslo - Blindern;SN18700;19.12.2025 22:00;7,2
Oslo - Blindern;SN18700;19.12.2025 23:00;6,7
Oslo - Blindern;SN18700;20.12.2025 00:00;6,6
Oslo - Blindern;SN18700;20.12.2025 01:00;6,5
Oslo - Blindern;SN18700;20.12.2025 02:00;6,6
Oslo - Blindern;SN18700;20.12.2025 03:00;6,1
Oslo - Blindern;SN18700;20.12.2025 04:00;5,6
Oslo - Blindern;SN18700;20.12.2025 05:00;5,9
Oslo - Blindern;SN18700;20.12.2025 06:00;5,8
Oslo - Blindern;SN18700;20.12.2025 07:00;4,8
Oslo - Blindern;SN18700;20.12.2025 08:00;4,7
Oslo - Blindern;SN18700;20.12.2025 09:00;4,5
Oslo - Blindern;SN18700;20.12.2025 10:00;3,8
Oslo - Blindern;SN18700;20.12.2025 11:00;4,7
Oslo - Blindern;SN18700;20.12.2025 12:00;5,1
Oslo - Blindern;SN18700;20.12.2025 13:00;5,6
Oslo - Blindern;SN18700;20.12.2025 14:00;5,2
Oslo - Blindern;SN18700;20.12.2025 15:00;4,1
Oslo - Blindern;SN18700;20.12.2025 16:00;3
Oslo - Blindern;SN18700;20.12.2025 17:00;2,7
Oslo - Blindern;SN18700;20.12.2025 18:00;2
Oslo - Blindern;SN18700;20.12.2025 19:00;1,4
Oslo - Blindern;SN18700;20.12.2025 20:00;0,7
Oslo - Blindern;SN18700;20.12.2025 21:00;0,5
Oslo - Blindern;SN18700;20.12.2025 22:00;0,4
Oslo - Blindern;SN18700;20.12.2025 23:00;1,2
Oslo - Blindern;SN18700;21.12.2025 00:00;-0,3
Oslo - Blindern;SN18700;21.12.2025 01:00;-0,2
Oslo - Blindern;SN18700;21.12.2025 02:00;0,4
Oslo - Blindern;SN18700;21.12.2025 03:00;-0,7
Oslo - Blindern;SN18700;21.12.2025 04:00;-1
Oslo - Blindern;SN18700;21.12.2025 05:00;-1
Oslo - Blindern;SN18700;21.12.2025 06:00;-1,1
Oslo - Blindern;SN18700;21.12.2025 07:00;-1,3
Oslo - Blindern;SN18700;21.12.2025 08:00;-0,8
Oslo - Blindern;SN18700;21.12.2025 09:00;-1,8
Oslo - Blindern;SN18700;21.12.2025 10:00;-1,6
Oslo - Blindern;SN18700;21.12.2025 11:00;-0,7
Oslo - Blindern;SN18700;21.12.2025 12:00;0,4
Oslo - Blindern;SN18700;21.12.2025 13:00;1,5
Oslo - Blindern;SN18700;21.12.2025 14:00;0,8
Oslo - Blindern;SN18700;21.12.2025 15:00;-0,4
Oslo - Blindern;SN18700;21.12.2025 16:00;-0,8
Oslo - Blindern;SN18700;21.12.2025 17:00;-1
Oslo - Blindern;SN18700;21.12.2025 18:00;-2
Oslo - Blindern;SN18700;21.12.2025 19:00;-2
Oslo - Blindern;SN18700;21.12.2025 20:00;-2,2
Oslo - Blindern;SN18700;21.12.2025 21:00;-1,8
Oslo - Blindern;SN18700;21.12.2025 22:00;-2,4
Oslo - Blindern;SN18700;21.12.2025 23:00;-2,5
Oslo - Blindern;SN18700;22.12.2025 00:00;-1,7
Oslo - Blindern;SN18700;22.12.2025 01:00;-2,6
Oslo - Blindern;SN18700;22.12.2025 02:00;-3
Oslo - Blindern;SN18700;22.12.2025 03:00;-3,3
Oslo - Blindern;SN18700;22.12.2025 04:00;-3
Oslo - Blindern;SN18700;22.12.2025 05:00;-3,5
Oslo - Blindern;SN18700;22.12.2025 06:00;-3,7
Oslo - Blindern;SN18700;22.12.2025 07:00;-4
Oslo - Blindern;SN18700;22.12.2025 08:00;-3,8
Oslo - Blindern;SN18700;22.12.2025 09:00;-3,9
Oslo - Blindern;SN18700;22.12.2025 10:00;-3,4
Oslo - Blindern;SN18700;22.12.2025 11:00;-2,1
Oslo - Blindern;SN18700;22.12.2025 12:00;-1,3
Oslo - Blindern;SN18700;22.12.2025 13:00;-0,6
Oslo - Blindern;SN18700;22.12.2025 14:00;-0,9
Oslo - Blindern;SN18700;22.12.2025 15:00;-0,8
Oslo - Blindern;SN18700;22.12.2025 16:00;-1,5
Oslo - Blindern;SN18700;22.12.2025 17:00;-1,5
Oslo - Blindern;SN18700;22.12.2025 18:00;-2,8
Oslo - Blindern;SN18700;22.12.2025 19:00;-2,9
Oslo - Blindern;SN18700;22.12.2025 20:00;-1,8
Oslo - Blindern;SN18700;22.12.2025 21:00;-2,8
Oslo - Blindern;SN18700;22.12.2025 22:00;-1,4
Oslo - Blindern;SN18700;22.12.2025 23:00;-1,3
Oslo - Blindern;SN18700;23.12.2025 00:00;-1,6
Oslo - Blindern;SN18700;23.12.2025 01:00;-2,1
Oslo - Blindern;SN18700;23.12.2025 02:00;-1,8
Oslo - Blindern;SN18700;23.12.2025 03:00;-1,3
Oslo - Blindern;SN18700;23.12.2025 04:00;-0,9
Oslo - Blindern;SN18700;23.12.2025 05:00;-0,7
Oslo - Blindern;SN18700;23.12.2025 06:00;-0,7
Oslo - Blindern;SN18700;23.12.2025 07:00;-0,6
Oslo - Blindern;SN18700;23.12.2025 08:00;-0,7
Oslo - Blindern;SN18700;23.12.2025 09:00;-0,7
Oslo - Blindern;SN18700;23.12.2025 10:00;-0,6
Oslo - Blindern;SN18700;23.12.2025 11:00;-0,6
Oslo - Blindern;SN18700;23.12.2025 12:00;-0,5
Oslo - Blindern;SN18700;23.12.2025 13:00;-0,5
Oslo - Blindern;SN18700;23.12.2025 14:00;-0,6
Oslo - Blindern;SN18700;23.12.2025 15:00;-0,7
Oslo - Blindern;SN18700;23.12.2025 16:00;-0,9
Oslo - Blindern;SN18700;23.12.2025 17:00;-1,1
Oslo - Blindern;SN18700;23.12.2025 18:00;-1,2
Oslo - Blindern;SN18700;23.12.2025 19:00;-1,3
Oslo - Blindern;SN18700;23.12.2025 20:00;-1,6
Oslo - Blindern;SN18700;23.12.2025 21:00;-2
Oslo - Blindern;SN18700;23.12.2025 22:00;-1,9
Oslo - Blindern;SN18700;23.12.2025 23:00;-2,1
Oslo - Blindern;SN18700;24.12.2025 00:00;-2,3
Oslo - Blindern;SN18700;24.12.2025 01:00;-2,8
Oslo - Blindern;SN18700;24.12.2025 02:00;-3,3
Oslo - Blindern;SN18700;24.12.2025 03:00;-3,9
Oslo - Blindern;SN18700;24.12.2025 04:00;-4,7
Oslo - Blindern;SN18700;24.12.2025 05:00;-5
Oslo - Blindern;SN18700;24.12.2025 06:00;-6
Oslo - Blindern;SN18700;24.12.2025 07:00;-5,9
Oslo - Blindern;SN18700;24.12.2025 08:00;-6,1
Oslo - Blindern;SN18700;24.12.2025 09:00;-6,3
Oslo - Blindern;SN18700;24.12.2025 10:00;-6,4
Oslo - Blindern;SN18700;24.12.2025 11:00;-5,2
Oslo - Blindern;SN18700;24.12.2025 12:00;-4,5
Oslo - Blindern;SN18700;24.12.2025 13:00;-3,6
Oslo - Blindern;SN18700;24.12.2025 14:00;-3,8
Oslo - Blindern;SN18700;24.12.2025 15:00;-4,2
Oslo - Blindern;SN18700;24.12.2025 16:00;-4,8
Oslo - Blindern;SN18700;24.12.2025 17:00;-5,7
Oslo - Blindern;SN18700;24.12.2025 18:00;-5,7
Oslo - Blindern;SN18700;24.12.2025 19:00;-5,9
Oslo - Blindern;SN18700;24.12.2025 20:00;-5,9
Oslo - Blindern;SN18700;24.12.2025 21:00;-6,1
Oslo - Blindern;SN18700;24.12.2025 22:00;-6,4
Oslo - Blindern;SN18700;24.12.2025 23:00;-6,1
Oslo - Blindern;SN18700;25.12.2025 00:00;-6,3
Oslo - Blindern;SN18700;25.12.2025 01:00;-6,6
Oslo - Blindern;SN18700;25.12.2025 02:00;-6,2
Oslo - Blindern;SN18700;25.12.2025 03:00;-5,5
Oslo - Blindern;SN18700;25.12.2025 04:00;-5,5
Oslo - Blindern;SN18700;25.12.2025 05:00;-5,1
Oslo - Blindern;SN18700;25.12.2025 06:00;-4,6
Oslo - Blindern;SN18700;25.12.2025 07:00;-4,5
Oslo - Blindern;SN18700;25.12.2025 08:00;-4,6
Oslo - Blindern;SN18700;25.12.2025 09:00;-4,9
Oslo - Blindern;SN18700;25.12.2025 10:00;-4,6
Oslo - Blindern;SN18700;25.12.2025 11:00;-3,9
Oslo - Blindern;SN18700;25.12.2025 12:00;-3,9
Oslo - Blindern;SN18700;25.12.2025 13:00;-3,6
Oslo - Blindern;SN18700;25.12.2025 14:00;-3,2
Oslo - Blindern;SN18700;25.12.2025 15:00;-3,2
Oslo - Blindern;SN18700;25.12.2025 16:00;-3,1
Oslo - Blindern;SN18700;25.12.2025 17:00;-2,6
Oslo - Blindern;SN18700;25.12.2025 18:00;-2,4
Oslo - Blindern;SN18700;25.12.2025 19:00;-2,8
Oslo - Blindern;SN18700;25.12.2025 20:00;-2,2
Oslo - Blindern;SN18700;25.12.2025 21:00;-1,7
Oslo - Blindern;SN18700;25.12.2025 22:00;-1,1
Oslo - Blindern;SN18700;25.12.2025 23:00;-0,7
Oslo - Blindern;SN18700;26.12.2025 00:00;-0,5
Oslo - Blindern;SN18700;26.12.2025 01:00;-0,2
Oslo - Blindern;SN18700;26.12.2025 02:00;-0,2
Oslo - Blindern;SN18700;26.12.2025 03:00;-0,8
Oslo - Blindern;SN18700;26.12.2025 04:00;-1,1
Oslo - Blindern;SN18700;26.12.2025 05:00;-1,3
Oslo - Blindern;SN18700;26.12.2025 06:00;-1,6
Oslo - Blindern;SN18700;26.12.2025 07:00;-1,6
Oslo - Blindern;SN18700;26.12.2025 08:00;-2,4
Oslo - Blindern;SN18700;26.12.2025 09:00;-2,6
Oslo - Blindern;SN18700;26.12.2025 10:00;-2,4
Oslo - Blindern;SN18700;26.12.2025 11:00;-0,8
Oslo - Blindern;SN18700;26.12.2025 12:00;0,3
Oslo - Blindern;SN18700;26.12.2025 13:00;1,7
Oslo - Blindern;SN18700;26.12.2025 14:00;1,2
Oslo - Blindern;SN18700;26.12.2025 15:00;-0,2
Oslo - Blindern;SN18700;26.12.2025 16:00;-0,5
Oslo - Blindern;SN18700;26.12.2025 17:00;-1
Oslo - Blindern;SN18700;26.12.2025 18:00;-1,6
Oslo - Blindern;SN18700;26.12.2025 19:00;-2
Oslo - Blindern;SN18700;26.12.2025 20:00;-2,3
Oslo - Blindern;SN18700;26.12.2025 21:00;-2,2
Oslo - Blindern;SN18700;26.12.2025 22:00;-2,7
Oslo - Blindern;SN18700;26.12.2025 23:00;-2,8
Oslo - Blindern;SN18700;27.12.2025 00:00;-3,2
Oslo - Blindern;SN18700;27.12.2025 01:00;-3,1
Oslo - Blindern;SN18700;27.12.2025 02:00;-2,1
Oslo - Blindern;SN18700;27.12.2025 03:00;-2,4
Oslo - Blindern;SN18700;27.12.2025 04:00;-2,4
Oslo - Blindern;SN18700;27.12.2025 05:00;-2,7
Oslo - Blindern;SN18700;27.12.2025 06:00;-3,2
Oslo - Blindern;SN18700;27.12.2025 07:00;-2,6
Oslo - Blindern;SN18700;27.12.2025 08:00;7,1
Oslo - Blindern;SN18700;27.12.2025 09:00;5,9
Oslo - Blindern;SN18700;27.12.2025 10:00;5,8
Oslo - Blindern;SN18700;27.12.2025 11:00;5,8
Oslo - Blindern;SN18700;27.12.2025 12:00;5,8
Oslo - Blindern;SN18700;27.12.2025 13:00;6
Oslo - Blindern;SN18700;27.12.2025 14:00;5
Oslo - Blindern;SN18700;27.12.2025 15:00;4,7
Oslo - Blindern;SN18700;27.12.2025 16:00;4,1
Oslo - Blindern;SN18700;27.12.2025 17:00;3,9
Oslo - Blindern;SN18700;27.12.2025 18:00;3,1
Oslo - Blindern;SN18700;27.12.2025 19:00;1,6
Oslo - Blindern;SN18700;27.12.2025 20:00;-0,6
Oslo - Blindern;SN18700;27.12.2025 21:00;-0,9
Oslo - Blindern;SN18700;27.12.2025 22:00;0,1
Oslo - Blindern;SN18700;27.12.2025 23:00;1,3
Oslo - Blindern;SN18700;28.12.2025 00:00;0,2
Oslo - Blindern;SN18700;28.12.2025 01:00;-1,5
Oslo - Blindern;SN18700;28.12.2025 02:00;-2
Oslo - Blindern;SN18700;28.12.2025 03:00;-2,2
Oslo - Blindern;SN18700;28.12.2025 04:00;-1,6
Oslo - Blindern;SN18700;28.12.2025 05:00;-1,7
Oslo - Blindern;SN18700;28.12.2025 06:00;-1,6
Oslo - Blindern;SN18700;28.12.2025 07:00;-1,3
Oslo - Blindern;SN18700;28.12.2025 08:00;-1,9
Oslo - Blindern;SN18700;28.12.2025 09:00;-2
Oslo - Blindern;SN18700;28.12.2025 10:00;-2,4
Oslo - Blindern;SN18700;28.12.2025 11:00;-1,9
Oslo - Blindern;SN18700;28.12.2025 12:00;-1,7
Oslo - Blindern;SN18700;28.12.2025 13:00;-1,4
Oslo - Blindern;SN18700;28.12.2025 14:00;-1,8
Oslo - Blindern;SN18700;28.12.2025 15:00;-2,2
Oslo - Blindern;SN18700;28.12.2025 16:00;-3,3
Oslo - Blindern;SN18700;28.12.2025 17:00;-3,6
Oslo - Blindern;SN18700;28.12.2025 18:00;-4,3
Oslo - Blindern;SN18700;28.12.2025 19:00;-4,5
Oslo - Blindern;SN18700;28.12.2025 20:00;-5,4
Oslo - Blindern;SN18700;28.12.2025 21:00;-5
Oslo - Blindern;SN18700;28.12.2025 22:00;-4,9
Oslo - Blindern;SN18700;28.12.2025 23:00;-5
Oslo - Blindern;SN18700;29.12.2025 00:00;-4,7
Oslo - Blindern;SN18700;29.12.2025 01:00;-4,6
Oslo - Blindern;SN18700;29.12.2025 02:00;-4,2
Oslo - Blindern;SN18700;29.12.2025 03:00;-3,9
Oslo - Blindern;SN18700;29.12.2025 04:00;-4,7
Oslo - Blindern;SN18700;29.12.2025 05:00;-4,2
Oslo - Blindern;SN18700;29.12.2025 06:00;-4,7
Oslo - Blindern;SN18700;29.12.2025 07:00;-3,3
Oslo - Blindern;SN18700;29.12.2025 08:00;-3,2
Oslo - Blindern;SN18700;29.12.2025 09:00;-3,3
Oslo - Blindern;SN18700;29.12.2025 10:00;-0,2
Oslo - Blindern;SN18700;29.12.2025 11:00;1,2
Oslo - Blindern;SN18700;29.12.2025 12:00;1,5
Oslo - Blindern;SN18700;29.12.2025 13:00;1,6
Oslo - Blindern;SN18700;29.12.2025 14:00;1,4
Oslo - Blindern;SN18700;29.12.2025 15:00;1,1
Oslo - Blindern;SN18700;29.12.2025 16:00;0,7
Oslo - Blindern;SN18700;29.12.2025 17:00;0
Oslo - Blindern;SN18700;29.12.2025 18:00;0,3
Oslo - Blindern;SN18700;29.12.2025 19:00;0,3
Oslo - Blindern;SN18700;29.12.2025 20:00;0
Oslo - Blindern;SN18700;29.12.2025 21:00;-0,2
Oslo - Blindern;SN18700;29.12.2025 22:00;0,1
Oslo - Blindern;SN18700;29.12.2025 23:00;-0,3
Oslo - Blindern;SN18700;30.12.2025 00:00;-0,5
Oslo - Blindern;SN18700;30.12.2025 01:00;-0,5
Oslo - Blindern;SN18700;30.12.2025 02:00;-0,7
Oslo - Blindern;SN18700;30.12.2025 03:00;-0,9
Oslo - Blindern;SN18700;30.12.2025 04:00;-0,7
Oslo - Blindern;SN18700;30.12.2025 05:00;-1,2
Oslo - Blindern;SN18700;30.12.2025 06:00;-1,1
Oslo - Blindern;SN18700;30.12.2025 07:00;-1,1
Oslo - Blindern;SN18700;30.12.2025 08:00;-2,9
Oslo - Blindern;SN18700;30.12.2025 09:00;-3,3
Oslo - Blindern;SN18700;30.12.2025 10:00;-4,7
Oslo - Blindern;SN18700;30.12.2025 11:00;-3,5
Oslo - Blindern;SN18700;30.12.2025 12:00;-2,1
Oslo - Blindern;SN18700;30.12.2025 13:00;0,3
Oslo - Blindern;SN18700;30.12.2025 14:00;0,3
Oslo - Blindern;SN18700;30.12.2025 15:00;0,3
Oslo - Blindern;SN18700;30.12.2025 16:00;-1
Oslo - Blindern;SN18700;30.12.2025 17:00;-1
Oslo - Blindern;SN18700;30.12.2025 18:00;-1,3
Oslo - Blindern;SN18700;30.12.2025 19:00;-1,3
Oslo - Blindern;SN18700;30.12.2025 20:00;-1,7
Oslo - Blindern;SN18700;30.12.2025 21:00;-1,7
Oslo - Blindern;SN18700;30.12.2025 22:00;-1,8
Oslo - Blindern;SN18700;30.12.2025 23:00;-1,9
Oslo - Blindern;SN18700;31.12.2025 00:00;-2,5
Oslo - Blindern;SN18700;31.12.2025 01:00;-3,6
Oslo - Blindern;SN18700;31.12.2025 02:00;-4,9
Oslo - Blindern;SN18700;31.12.2025 03:00;-5,4
Oslo - Blindern;SN18700;31.12.2025 04:00;-4,9
Oslo - Blindern;SN18700;31.12.2025 05:00;-5,5
Oslo - Blindern;SN18700;31.12.2025 06:00;-5,3
Oslo - Blindern;SN18700;31.12.2025 07:00;-4,8
Oslo - Blindern;SN18700;31.12.2025 08:00;-4,3
Oslo - Blindern;SN18700;31.12.2025 09:00;-3,7
Oslo - Blindern;SN18700;31.12.2025 10:00;-3,3
Oslo - Blindern;SN18700;31.12.2025 11:00;-3,3
Oslo - Blindern;SN18700;31.12.2025 12:00;-2,4
Oslo - Blindern;SN18700;31.12.2025 13:00;-1,1
Oslo - Blindern;SN18700;31.12.2025 14:00;-1,5
Oslo - Blindern;SN18700;31.12.2025 15:00;-3
Oslo - Blindern;SN18700;31.12.2025 16:00;-3,8
Oslo - Blindern;SN18700;31.12.2025 17:00;-3,6
Oslo - Blindern;SN18700;31.12.2025 18:00;-4,4
Oslo - Blindern;SN18700;31.12.2025 19:00;-3,1
Oslo - Blindern;SN18700;31.12.2025 20:00;-2,9
Oslo - Blindern;SN18700;31.12.2025 21:00;-2
Oslo - Blindern;SN18700;31.12.2025 22:00;-1,7
Oslo - Blindern;SN18700;31.12.2025 23:00;-1,2
Oslo - Blindern;SN18700;01.01.2026 00:00;-1,1
Oslo - Blindern;SN18700;01.01.2026 01:00;-0,6
Oslo - Blindern;SN18700;01.01.2026 02:00;0,1
Oslo - Blindern;SN18700;01.01.2026 03:00;0,3
Oslo - Blindern;SN18700;01.01.2026 04:00;0,5
Oslo - Blindern;SN18700;01.01.2026 05:00;-0,3
Oslo - Blindern;SN18700;01.01.2026 06:00;-0,7
Oslo - Blindern;SN18700;01.01.2026 07:00;-0,7
Oslo - Blindern;SN18700;01.01.2026 08:00;-0,7
Oslo - Blindern;SN18700;01.01.2026 09:00;-0,7
Oslo - Blindern;SN18700;01.01.2026 10:00;-0,8
Oslo - Blindern;SN18700;01.01.2026 11:00;-0,8
Oslo - Blindern;SN18700;01.01.2026 12:00;-0,7
Oslo - Blindern;SN18700;01.01.2026 13:00;-0,8
Oslo - Blindern;SN18700;01.01.2026 14:00;-0,6
Oslo - Blindern;SN18700;01.01.2026 15:00;-0,6
Oslo - Blindern;SN18700;01.01.2026 16:00;-1,1
Oslo - Blindern;SN18700;01.01.2026 17:00;-2,4
Oslo - Blindern;SN18700;01.01.2026 18:00;-2,2
Oslo - Blindern;SN18700;01.01.2026 19:00;-3
Oslo - Blindern;SN18700;01.01.2026 20:00;-3
Oslo - Blindern;SN18700;01.01.2026 21:00;-2,1
Oslo - Blindern;SN18700;01.01.2026 22:00;-1,8
Oslo - Blindern;SN18700;01.01.2026 23:00;-1,6
Oslo - Blindern;SN18700;02.01.2026 00:00;-1
Oslo - Blindern;SN18700;02.01.2026 01:00;-1,9
Oslo - Blindern;SN18700;02.01.2026 02:00;-2,9
Oslo - Blindern;SN18700;02.01.2026 03:00;-3,5
Oslo - Blindern;SN18700;02.01.2026 04:00;-4
Oslo - Blindern;SN18700;02.01.2026 05:00;-4,5
Oslo - Blindern;SN18700;02.01.2026 06:00;-4,8
Oslo - Blindern;SN18700;02.01.2026 07:00;-5,3
Oslo - Blindern;SN18700;02.01.2026 08:00;-5,8
Oslo - Blindern;SN18700;02.01.2026 09:00;-5,8
Oslo - Blindern;SN18700;02.01.2026 10:00;-5,6
Oslo - Blindern;SN18700;02.01.2026 11:00;-5,2
Oslo - Blindern;SN18700;02.01.2026 12:00;-5,2
Oslo - Blindern;SN18700;02.01.2026 13:00;-5,3
Oslo - Blindern;SN18700;02.01.2026 14:00;-5,2
Oslo - Blindern;SN18700;02.01.2026 15:00;-5,5
Oslo - Blindern;SN18700;02.01.2026 16:00;-5,9
Oslo - Blindern;SN18700;02.01.2026 17:00;-6,5
Oslo - Blindern;SN18700;02.01.2026 18:00;-6,7
Oslo - Blindern;SN18700;02.01.2026 19:00;-7
Oslo - Blindern;SN18700;02.01.2026 20:00;-7
Oslo - Blindern;SN18700;02.01.2026 21:00;-7,1
Oslo - Blindern;SN18700;02.01.2026 22:00;-7,2
Oslo - Blindern;SN18700;02.01.2026 23:00;-7,3
Oslo - Blindern;SN18700;03.01.2026 00:00;-7,1
Oslo - Blindern;SN18700;03.01.2026 01:00;-6,9
Oslo - Blindern;SN18700;03.01.2026 02:00;-7
Oslo - Blindern;SN18700;03.01.2026 03:00;-7,2
Oslo - Blindern;SN18700;03.01.2026 04:00;-7,1
Oslo - Blindern;SN18700;03.01.2026 05:00;-7,3
Oslo - Blindern;SN18700;03.01.2026 06:00;-7,1
Oslo - Blindern;SN18700;03.01.2026 07:00;-7,2
Oslo - Blindern;SN18700;03.01.2026 08:00;-7,3
Oslo - Blindern;SN18700;03.01.2026 09:00;-7,3
Oslo - Blindern;SN18700;03.01.2026 10:00;-7,2
Oslo - Blindern;SN18700;03.01.2026 11:00;-7,4
Oslo - Blindern;SN18700;03.01.2026 12:00;-7,3
Oslo - Blindern;SN18700;03.01.2026 13:00;-7,2
Oslo - Blindern;SN18700;03.01.2026 14:00;-7,2
Oslo - Blindern;SN18700;03.01.2026 15:00;-7,3
Oslo - Blindern;SN18700;03.01.2026 16:00;-7,5
Oslo - Blindern;SN18700;03.01.2026 17:00;-7,6
Oslo - Blindern;SN18700;03.01.2026 18:00;-7,6
Oslo - Blindern;SN18700;03.01.2026 19:00;-7,3
Oslo - Blindern;SN18700;03.01.2026 20:00;-7,4
Oslo - Blindern;SN18700;03.01.2026 21:00;-7,8
Oslo - Blindern;SN18700;03.01.2026 22:00;-7,6
Oslo - Blindern;SN18700;03.01.2026 23:00;-7,6
Oslo - Blindern;SN18700;04.01.2026 00:00;-7,4
Oslo - Blindern;SN18700;04.01.2026 01:00;-7,3
Oslo - Blindern;SN18700;04.01.2026 02:00;-7,2
Oslo - Blindern;SN18700;04.01.2026 03:00;-6,9
Oslo - Blindern;SN18700;04.01.2026 04:00;-7,2
Oslo - Blindern;SN18700;04.01.2026 05:00;-6,9
Oslo - Blindern;SN18700;04.01.2026 06:00;-6,9
Oslo - Blindern;SN18700;04.01.2026 07:00;-7
Oslo - Blindern;SN18700;04.01.2026 08:00;-7
Oslo - Blindern;SN18700;04.01.2026 09:00;-7
Oslo - Blindern;SN18700;04.01.2026 10:00;-6,8
Oslo - Blindern;SN18700;04.01.2026 11:00;-6,6
Oslo - Blindern;SN18700;04.01.2026 12:00;-6,2
Oslo - Blindern;SN18700;04.01.2026 13:00;-6
Oslo - Blindern;SN18700;04.01.2026 14:00;-6,1
Oslo - Blindern;SN18700;04.01.2026 15:00;-6,2
Oslo - Blindern;SN18700;04.01.2026 16:00;-6,1
Oslo - Blindern;SN18700;04.01.2026 17:00;-6,2
Oslo - Blindern;SN18700;04.01.2026 18:00;-6,2
Oslo - Blindern;SN18700;04.01.2026 19:00;-6,5
Oslo - Blindern;SN18700;04.01.2026 20:00;-6,8
Oslo - Blindern;SN18700;04.01.2026 21:00;-7
Oslo - Blindern;SN18700;04.01.2026 22:00;-7,1
Oslo - Blindern;SN18700;04.01.2026 23:00;-7,1
Oslo - Blindern;SN18700;05.01.2026 00:00;-7,2
Oslo - Blindern;SN18700;05.01.2026 01:00;-7,3
Oslo - Blindern;SN18700;05.01.2026 02:00;-7,2
Oslo - Blindern;SN18700;05.01.2026 03:00;-7,1
Oslo - Blindern;SN18700;05.01.2026 04:00;-7,2
Oslo - Blindern;SN18700;05.01.2026 05:00;-7,2
Oslo - Blindern;SN18700;05.01.2026 06:00;-7,3
Oslo - Blindern;SN18700;05.01.2026 07:00;-7,3
Oslo - Blindern;SN18700;05.01.2026 08:00;-7,2
Oslo - Blindern;SN18700;05.01.2026 09:00;-7,1
Oslo - Blindern;SN18700;05.01.2026 10:00;-7,1
Oslo - Blindern;SN18700;05.01.2026 11:00;-7,1
Oslo - Blindern;SN18700;05.01.2026 12:00;-7,1
Oslo - Blindern;SN18700;05.01.2026 13:00;-7,2
Oslo - Blindern;SN18700;05.01.2026 14:00;-7,1
Oslo - Blindern;SN18700;05.01.2026 15:00;-7,5
Oslo - Blindern;SN18700;05.01.2026 16:00;-7,6
Oslo - Blindern;SN18700;05.01.2026 17:00;-7,8
Oslo - Blindern;SN18700;05.01.2026 18:00;-7,8
Oslo - Blindern;SN18700;05.01.2026 19:00;-7,8
Oslo - Blindern;SN18700;05.01.2026 20:00;-8
Oslo - Blindern;SN18700;05.01.2026 21:00;-7,8
Oslo - Blindern;SN18700;05.01.2026 22:00;-7,5
Oslo - Blindern;SN18700;05.01.2026 23:00;-7,6
Oslo - Blindern;SN18700;06.01.2026 00:00;-8,1
Oslo - Blindern;SN18700;06.01.2026 01:00;-8,1
Oslo - Blindern;SN18700;06.01.2026 02:00;-7,8
Oslo - Blindern;SN18700;06.01.2026 03:00;-7,8
Oslo - Blindern;SN18700;06.01.2026 04:00;-8,1
Oslo - Blindern;SN18700;06.01.2026 05:00;-8
Oslo - Blindern;SN18700;06.01.2026 06:00;-7,9
Oslo - Blindern;SN18700;06.01.2026 07:00;-7,7
Oslo - Blindern;SN18700;06.01.2026 08:00;-7,8
Oslo - Blindern;SN18700;06.01.2026 09:00;-7,7
Oslo - Blindern;SN18700;06.01.2026 10:00;-7,6
Oslo - Blindern;SN18700;06.01.2026 11:00;-7,4
Oslo - Blindern;SN18700;06.01.2026 12:00;-6,8
Oslo - Blindern;SN18700;06.01.2026 13:00;-6,6
Oslo - Blindern;SN18700;06.01.2026 14:00;-6,8
Oslo - Blindern;SN18700;06.01.2026 15:00;-7,3
Oslo - Blindern;SN18700;06.01.2026 16:00;-8,4
Oslo - Blindern;SN18700;06.01.2026 17:00;-9,7
Oslo - Blindern;SN18700;06.01.2026 18:00;-10,5
Oslo - Blindern;SN18700;06.01.2026 19:00;-11,5
Oslo - Blindern;SN18700;06.01.2026 20:00;-10,5
Oslo - Blindern;SN18700;06.01.2026 21:00;-10,7
Oslo - Blindern;SN18700;06.01.2026 22:00;-10,3
Oslo - Blindern;SN18700;06.01.2026 23:00;-10,8
Oslo - Blindern;SN18700;07.01.2026 00:00;-11,7
Oslo - Blindern;SN18700;07.01.2026 01:00;-11,6
Oslo - Blindern;SN18700;07.01.2026 02:00;-12,8
Oslo - Blindern;SN18700;07.01.2026 03:00;-10,9
Oslo - Blindern;SN18700;07.01.2026 04:00;-12,4
Oslo - Blindern;SN18700;07.01.2026 05:00;-12,8
Oslo - Blindern;SN18700;07.01.2026 06:00;-12
Oslo - Blindern;SN18700;07.01.2026 07:00;-10,8
Oslo - Blindern;SN18700;07.01.2026 08:00;-9,9
Oslo - Blindern;SN18700;07.01.2026 09:00;-9,6
Oslo - Blindern;SN18700;07.01.2026 10:00;-8,7
Oslo - Blindern;SN18700;07.01.2026 11:00;-7,7
Oslo - Blindern;SN18700;07.01.2026 12:00;-7,6
Oslo - Blindern;SN18700;07.01.2026 13:00;-7,3
Oslo - Blindern;SN18700;07.01.2026 14:00;-8
Oslo - Blindern;SN18700;07.01.2026 15:00;-7,5
Oslo - Blindern;SN18700;07.01.2026 16:00;-7,4
Oslo - Blindern;SN18700;07.01.2026 17:00;-6,9
Oslo - Blindern;SN18700;07.01.2026 18:00;-6,9
Oslo - Blindern;SN18700;07.01.2026 19:00;-7
Oslo - Blindern;SN18700;07.01.2026 20:00;-6,4
Oslo - Blindern;SN18700;07.01.2026 21:00;-6,6
Oslo - Blindern;SN18700;07.01.2026 22:00;-6,4
Oslo - Blindern;SN18700;07.01.2026 23:00;-6,5
Oslo - Blindern;SN18700;08.01.2026 00:00;-6,4
Oslo - Blindern;SN18700;08.01.2026 01:00;-6,3
Oslo - Blindern;SN18700;08.01.2026 02:00;-6,4
Oslo - Blindern;SN18700;08.01.2026 03:00;-6,2
Oslo - Blindern;SN18700;08.01.2026 04:00;-7,3
Oslo - Blindern;SN18700;08.01.2026 05:00;-6,9
Oslo - Blindern;SN18700;08.01.2026 06:00;-8,7
Oslo - Blindern;SN18700;08.01.2026 07:00;-10,1
Oslo - Blindern;SN18700;08.01.2026 08:00;-11,2
Oslo - Blindern;SN18700;08.01.2026 09:00;-11,9
Oslo - Blindern;SN18700;08.01.2026 10:00;-11
Oslo - Blindern;SN18700;08.01.2026 11:00;-8,6
Oslo - Blindern;SN18700;08.01.2026 12:00;-7,8
Oslo - Blindern;SN18700;08.01.2026 13:00;-7,7
Oslo - Blindern;SN18700;08.01.2026 14:00;-7,9
Oslo - Blindern;SN18700;08.01.2026 15:00;-8,4
Oslo - Blindern;SN18700;08.01.2026 16:00;-11
Oslo - Blindern;SN18700;08.01.2026 17:00;-12,2
Oslo - Blindern;SN18700;08.01.2026 18:00;-12,2
Oslo - Blindern;SN18700;08.01.2026 19:00;-12,9
Oslo - Blindern;SN18700;08.01.2026 20:00;-12,7
Oslo - Blindern;SN18700;08.01.2026 21:00;-11,4
Oslo - Blindern;SN18700;08.01.2026 22:00;-9,4
Oslo - Blindern;SN18700;08.01.2026 23:00;-8,4
Oslo - Blindern;SN18700;09.01.2026 00:00;-8,7
Oslo - Blindern;SN18700;09.01.2026 01:00;-7,4
Oslo - Blindern;SN18700;09.01.2026 02:00;-6,8
Oslo - Blindern;SN18700;09.01.2026 03:00;-6
Oslo - Blindern;SN18700;09.01.2026 04:00;-5,3
Oslo - Blindern;SN18700;09.01.2026 05:00;-4,8
Oslo - Blindern;SN18700;09.01.2026 06:00;-4,6
Oslo - Blindern;SN18700;09.01.2026 07:00;-4,4
Oslo - Blindern;SN18700;09.01.2026 08:00;-4,2
Oslo - Blindern;SN18700;09.01.2026 09:00;-3,9
Oslo - Blindern;SN18700;09.01.2026 10:00;-3,5
Oslo - Blindern;SN18700;09.01.2026 11:00;-3,5
Oslo - Blindern;SN18700;09.01.2026 12:00;-3,5
Oslo - Blindern;SN18700;09.01.2026 13:00;-3,3
Oslo - Blindern;SN18700;09.01.2026 14:00;-3,6
Oslo - Blindern;SN18700;09.01.2026 15:00;-3,7
Oslo - Blindern;SN18700;09.01.2026 16:00;-3,9
Oslo - Blindern;SN18700;09.01.2026 17:00;-4,1
Oslo - Blindern;SN18700;09.01.2026 18:00;-3,9
Oslo - Blindern;SN18700;09.01.2026 19:00;-3,6
Oslo - Blindern;SN18700;09.01.2026 20:00;-3,6
Oslo - Blindern;SN18700;09.01.2026 21:00;-3,8
Oslo - Blindern;SN18700;09.01.2026 22:00;-4
Oslo - Blindern;SN18700;09.01.2026 23:00;-4,3
Oslo - Blindern;SN18700;10.01.2026 00:00;-4,9
Oslo - Blindern;SN18700;10.01.2026 01:00;-5
Oslo - Blindern;SN18700;10.01.2026 02:00;-5,2
Oslo - Blindern;SN18700;10.01.2026 03:00;-6,3
Oslo - Blindern;SN18700;10.01.2026 04:00;-7,6
Oslo - Blindern;SN18700;10.01.2026 05:00;-7,8
Oslo - Blindern;SN18700;10.01.2026 06:00;-8,6
Oslo - Blindern;SN18700;10.01.2026 07:00;-9,1
Oslo - Blindern;SN18700;10.01.2026 08:00;-8,8
Oslo - Blindern;SN18700;10.01.2026 09:00;-9
Oslo - Blindern;SN18700;10.01.2026 10:00;-9
Oslo - Blindern;SN18700;10.01.2026 11:00;-7,8
Oslo - Blindern;SN18700;10.01.2026 12:00;-7,8
Oslo - Blindern;SN18700;10.01.2026 13:00;-6
Oslo - Blindern;SN18700;10.01.2026 14:00;-7
Oslo - Blindern;SN18700;10.01.2026 15:00;-7,5
Oslo - Blindern;SN18700;10.01.2026 16:00;-9
Oslo - Blindern;SN18700;10.01.2026 17:00;-10,1
Oslo - Blindern;SN18700;10.01.2026 18:00;-10,9
Oslo - Blindern;SN18700;10.01.2026 19:00;-12
Oslo - Blindern;SN18700;10.01.2026 20:00;-12,4
Oslo - Blindern;SN18700;10.01.2026 21:00;-12,6
Oslo - Blindern;SN18700;10.01.2026 22:00;-12,8
Oslo - Blindern;SN18700;10.01.2026 23:00;-13,8
Oslo - Blindern;SN18700;11.01.2026 00:00;-14,1
Oslo - Blindern;SN18700;11.01.2026 01:00;-13,7
Oslo - Blindern;SN18700;11.01.2026 02:00;-14,4
Oslo - Blindern;SN18700;11.01.2026 03:00;-15,3
Oslo - Blindern;SN18700;11.01.2026 04:00;-15,5
Oslo - Blindern;SN18700;11.01.2026 05:00;-15,9
Oslo - Blindern;SN18700;11.01.2026 06:00;-17,2
Oslo - Blindern;SN18700;11.01.2026 07:00;-16
Oslo - Blindern;SN18700;11.01.2026 08:00;-16,6
Oslo - Blindern;SN18700;11.01.2026 09:00;-16,9
Oslo - Blindern;SN18700;11.01.2026 10:00;-15,5
Oslo - Blindern;SN18700;11.01.2026 11:00;-13,8
Oslo - Blindern;SN18700;11.01.2026 12:00;-12,4
Oslo - Blindern;SN18700;11.01.2026 13:00;-11,2
Oslo - Blindern;SN18700;11.01.2026 14:00;-12,3
Oslo - Blindern;SN18700;11.01.2026 15:00;-12,6
Oslo - Blindern;SN18700;11.01.2026 16:00;-13,1
Oslo - Blindern;SN18700;11.01.2026 17:00;-13,7
Oslo - Blindern;SN18700;11.01.2026 18:00;-13,9
Oslo - Blindern;SN18700;11.01.2026 19:00;-15
Oslo - Blindern;SN18700;11.01.2026 20:00;-14,3
Oslo - Blindern;SN18700;11.01.2026 21:00;-14,9
Oslo - Blindern;SN18700;11.01.2026 22:00;-15,3
Oslo - Blindern;SN18700;11.01.2026 23:00;-14
Oslo - Blindern;SN18700;12.01.2026 00:00;-13,8
Oslo - Blindern;SN18700;12.01.2026 01:00;-14
Oslo - Blindern;SN18700;12.01.2026 02:00;-13,5
Oslo - Blindern;SN18700;12.01.2026 03:00;-11,5
Oslo - Blindern;SN18700;12.01.2026 04:00;-11,6
Oslo - Blindern;SN18700;12.01.2026 05:00;-7,7
Oslo - Blindern;SN18700;12.01.2026 06:00;-8,4
Oslo - Blindern;SN18700;12.01.2026 07:00;-10,6
Oslo - Blindern;SN18700;12.01.2026 08:00;-9,8
Oslo - Blindern;SN18700;12.01.2026 09:00;-9,5
Oslo - Blindern;SN18700;12.01.2026 10:00;-8,6
Oslo - Blindern;SN18700;12.01.2026 11:00;-7,7
Oslo - Blindern;SN18700;12.01.2026 12:00;-7,1
Oslo - Blindern;SN18700;12.01.2026 13:00;-6,1
Oslo - Blindern;SN18700;12.01.2026 14:00;-6
Oslo - Blindern;SN18700;12.01.2026 15:00;-5,9
Oslo - Blindern;SN18700;12.01.2026 16:00;-6,1
Oslo - Blindern;SN18700;12.01.2026 17:00;-6
Oslo - Blindern;SN18700;12.01.2026 18:00;-5,6
Oslo - Blindern;SN18700;12.01.2026 19:00;-5,6
Oslo - Blindern;SN18700;12.01.2026 20:00;-5,5
Oslo - Blindern;SN18700;12.01.2026 21:00;-5,7
Oslo - Blindern;SN18700;12.01.2026 22:00;-5,6
Oslo - Blindern;SN18700;12.01.2026 23:00;-5,8
Oslo - Blindern;SN18700;13.01.2026 00:00;-5,8
Oslo - Blindern;SN18700;13.01.2026 01:00;-5,6
Oslo - Blindern;SN18700;13.01.2026 02:00;-5,7
Oslo - Blindern;SN18700;13.01.2026 03:00;-5,3
Oslo - Blindern;SN18700;13.01.2026 04:00;-5,6
Oslo - Blindern;SN18700;13.01.2026 05:00;-5,3
Oslo - Blindern;SN18700;13.01.2026 06:00;-4,9
Oslo - Blindern;SN18700;13.01.2026 07:00;-4,8
Oslo - Blindern;SN18700;13.01.2026 08:00;-3,9
Oslo - Blindern;SN18700;13.01.2026 09:00;-3,7
Oslo - Blindern;SN18700;13.01.2026 10:00;-3,4
Oslo - Blindern;SN18700;13.01.2026 11:00;-3,2
Oslo - Blindern;SN18700;13.01.2026 12:00;-3,1
Oslo - Blindern;SN18700;13.01.2026 13:00;-2,9
Oslo - Blindern;SN18700;13.01.2026 14:00;-2,9
Oslo - Blindern;SN18700;13.01.2026 15:00;-2,8
Oslo - Blindern;SN18700;13.01.2026 16:00;-2,5
Oslo - Blindern;SN18700;13.01.2026 17:00;-2,2
Oslo - Blindern;SN18700;13.01.2026 18:00;-2,2
Oslo - Blindern;SN18700;13.01.2026 19:00;-2
Oslo - Blindern;SN18700;13.01.2026 20:00;-1,8
Oslo - Blindern;SN18700;13.01.2026 21:00;-1,9
Oslo - Blindern;SN18700;13.01.2026 22:00;-1,8
Oslo - Blindern;SN18700;13.01.2026 23:00;-1,7
Oslo - Blindern;SN18700;14.01.2026 00:00;-1,5
Oslo - Blindern;SN18700;14.01.2026 01:00;-1,3
Oslo - Blindern;SN18700;14.01.2026 02:00;-0,7
Oslo - Blindern;SN18700;14.01.2026 03:00;-1,2
Oslo - Blindern;SN18700;14.01.2026 04:00;-0,6
Oslo - Blindern;SN18700;14.01.2026 05:00;-0,3
Oslo - Blindern;SN18700;14.01.2026 06:00;-0,2
Oslo - Blindern;SN18700;14.01.2026 07:00;-0,1
Oslo - Blindern;SN18700;14.01.2026 08:00;0,2
Oslo - Blindern;SN18700;14.01.2026 09:00;0,3
Oslo - Blindern;SN18700;14.01.2026 10:00;0,4
Oslo - Blindern;SN18700;14.01.2026 11:00;0,4
Oslo - Blindern;SN18700;14.01.2026 12:00;0,8
Oslo - Blindern;SN18700;14.01.2026 13:00;1,1
Oslo - Blindern;SN18700;14.01.2026 14:00;0,8
Oslo - Blindern;SN18700;14.01.2026 15:00;0,5
Oslo - Blindern;SN18700;14.01.2026 16:00;0,6
Oslo - Blindern;SN18700;14.01.2026 17:00;-0,7
Oslo - Blindern;SN18700;14.01.2026 18:00;-1,6
Oslo - Blindern;SN18700;14.01.2026 19:00;-2,7
Oslo - Blindern;SN18700;14.01.2026 20:00;-4
Oslo - Blindern;SN18700;14.01.2026 21:00;-4,9
Oslo - Blindern;SN18700;14.01.2026 22:00;-5,1
Oslo - Blindern;SN18700;14.01.2026 23:00;-4,6
Oslo - Blindern;SN18700;15.01.2026 00:00;-4
Oslo - Blindern;SN18700;15.01.2026 01:00;-3,6
Oslo - Blindern;SN18700;15.01.2026 02:00;-3,3
Oslo - Blindern;SN18700;15.01.2026 03:00;-4,2
Oslo - Blindern;SN18700;15.01.2026 04:00;-3,9
Oslo - Blindern;SN18700;15.01.2026 05:00;-4,6
Oslo - Blindern;SN18700;15.01.2026 06:00;-4,6
Oslo - Blindern;SN18700;15.01.2026 07:00;-5,4
Oslo - Blindern;SN18700;15.01.2026 08:00;-5,2
Oslo - Blindern;SN18700;15.01.2026 09:00;-4,4
Oslo - Blindern;SN18700;15.01.2026 10:00;-3,4
Oslo - Blindern;SN18700;15.01.2026 11:00;-2,9
Oslo - Blindern;SN18700;15.01.2026 12:00;-2
Oslo - Blindern;SN18700;15.01.2026 13:00;-1,3
Oslo - Blindern;SN18700;15.01.2026 14:00;-0,6
Oslo - Blindern;SN18700;15.01.2026 15:00;0,2
Oslo - Blindern;SN18700;15.01.2026 16:00;0,7
Oslo - Blindern;SN18700;15.01.2026 17:00;0,8
Oslo - Blindern;SN18700;15.01.2026 18:00;0,6
Oslo - Blindern;SN18700;15.01.2026 19:00;0,6
Oslo - Blindern;SN18700;15.01.2026 20:00;0,9
Oslo - Blindern;SN18700;15.01.2026 21:00;0,9
Oslo - Blindern;SN18700;15.01.2026 22:00;1,1
Oslo - Blindern;SN18700;15.01.2026 23:00;1,2
Oslo - Blindern;SN18700;16.01.2026 00:00;1,3
Oslo - Blindern;SN18700;16.01.2026 01:00;1,2
Oslo - Blindern;SN18700;16.01.2026 02:00;1,3
Oslo - Blindern;SN18700;16.01.2026 03:00;1,4
Oslo - Blindern;SN18700;16.01.2026 04:00;1,3
Oslo - Blindern;SN18700;16.01.2026 05:00;1,4
Oslo - Blindern;SN18700;16.01.2026 06:00;1,1
Oslo - Blindern;SN18700;16.01.2026 07:00;1,3
Oslo - Blindern;SN18700;16.01.2026 08:00;1,6
Oslo - Blindern;SN18700;16.01.2026 09:00;1,7
Oslo - Blindern;SN18700;16.01.2026 10:00;1,8
Oslo - Blindern;SN18700;16.01.2026 11:00;2,1
Oslo - Blindern;SN18700;16.01.2026 12:00;2,3
Oslo - Blindern;SN18700;16.01.2026 13:00;2,9
Oslo - Blindern;SN18700;16.01.2026 14:00;3,2
Oslo - Blindern;SN18700;16.01.2026 15:00;2,7
Oslo - Blindern;SN18700;16.01.2026 16:00;2,8
Oslo - Blindern;SN18700;16.01.2026 17:00;3,3
Oslo - Blindern;SN18700;16.01.2026 18:00;3,8
Oslo - Blindern;SN18700;16.01.2026 19:00;3,9
Oslo - Blindern;SN18700;16.01.2026 20:00;4,1
Oslo - Blindern;SN18700;16.01.2026 21:00;4,1
Oslo - Blindern;SN18700;16.01.2026 22:00;4,3
Oslo - Blindern;SN18700;16.01.2026 23:00;4,5
Oslo - Blindern;SN18700;17.01.2026 00:00;4,2
Oslo - Blindern;SN18700;17.01.2026 01:00;4
Oslo - Blindern;SN18700;17.01.2026 02:00;3,7
Oslo - Blindern;SN18700;17.01.2026 03:00;3,3
Oslo - Blindern;SN18700;17.01.2026 04:00;3
Oslo - Blindern;SN18700;17.01.2026 05:00;2,7
Oslo - Blindern;SN18700;17.01.2026 06:00;2,4
Oslo - Blindern;SN18700;17.01.2026 07:00;2,2
Oslo - Blindern;SN18700;17.01.2026 08:00;1,8
Oslo - Blindern;SN18700;17.01.2026 09:00;1,6
Oslo - Blindern;SN18700;17.01.2026 10:00;0,7
Oslo - Blindern;SN18700;17.01.2026 11:00;0,7
Oslo - Blindern;SN18700;17.01.2026 12:00;1
Oslo - Blindern;SN18700;17.01.2026 13:00;1,2
Oslo - Blindern;SN18700;17.01.2026 14:00;1
Oslo - Blindern;SN18700;17.01.2026 15:00;1,1
Oslo - Blindern;SN18700;17.01.2026 16:00;1,1
Oslo - Blindern;SN18700;17.01.2026 17:00;1,2
Oslo - Blindern;SN18700;17.01.2026 18:00;1,3
Oslo - Blindern;SN18700;17.01.2026 19:00;1,5
Oslo - Blindern;SN18700;17.01.2026 20:00;1,6
Oslo - Blindern;SN18700;17.01.2026 21:00;1,7
Oslo - Blindern;SN18700;17.01.2026 22:00;1,6
Oslo - Blindern;SN18700;17.01.2026 23:00;1,6
Oslo - Blindern;SN18700;18.01.2026 00:00;1,7
Oslo - Blindern;SN18700;18.01.2026 01:00;1,8
Oslo - Blindern;SN18700;18.01.2026 02:00;1,7
Oslo - Blindern;SN18700;18.01.2026 03:00;1,8
Oslo - Blindern;SN18700;18.01.2026 04:00;1,8
Oslo - Blindern;SN18700;18.01.2026 05:00;1,9
Oslo - Blindern;SN18700;18.01.2026 06:00;1,9
Oslo - Blindern;SN18700;18.01.2026 07:00;1,9
Oslo - Blindern;SN18700;18.01.2026 08:00;1,8
Oslo - Blindern;SN18700;18.01.2026 09:00;1,8
Oslo - Blindern;SN18700;18.01.2026 10:00;1,8
Oslo - Blindern;SN18700;18.01.2026 11:00;2
Oslo - Blindern;SN18700;18.01.2026 12:00;2
Oslo - Blindern;SN18700;18.01.2026 13:00;1,8
Oslo - Blindern;SN18700;18.01.2026 14:00;1,8
Oslo - Blindern;SN18700;18.01.2026 15:00;1,6
Oslo - Blindern;SN18700;18.01.2026 16:00;1,6
Oslo - Blindern;SN18700;18.01.2026 17:00;1,6
Oslo - Blindern;SN18700;18.01.2026 18:00;1,4
Oslo - Blindern;SN18700;18.01.2026 19:00;1,3
Oslo - Blindern;SN18700;18.01.2026 20:00;1,2
Oslo - Blindern;SN18700;18.01.2026 21:00;1,2
Oslo - Blindern;SN18700;18.01.2026 22:00;1,1
Oslo - Blindern;SN18700;18.01.2026 23:00;1
Oslo - Blindern;SN18700;19.01.2026 00:00;0,7
Oslo - Blindern;SN18700;19.01.2026 01:00;0,7
Oslo - Blindern;SN18700;19.01.2026 02:00;0,6
Oslo - Blindern;SN18700;19.01.2026 03:00;0,5
Oslo - Blindern;SN18700;19.01.2026 04:00;0,5
Oslo - Blindern;SN18700;19.01.2026 05:00;0,4
Oslo - Blindern;SN18700;19.01.2026 06:00;0,4
Oslo - Blindern;SN18700;19.01.2026 07:00;0,4
Oslo - Blindern;SN18700;19.01.2026 08:00;0,6
Oslo - Blindern;SN18700;19.01.2026 09:00;0,7
Oslo - Blindern;SN18700;19.01.2026 10:00;0,8
Oslo - Blindern;SN18700;19.01.2026 11:00;0,9
Oslo - Blindern;SN18700;19.01.2026 12:00;0,8
Oslo - Blindern;SN18700;19.01.2026 13:00;0,7
Oslo - Blindern;SN18700;19.01.2026 14:00;0,4
Oslo - Blindern;SN18700;19.01.2026 15:00;0,3
Oslo - Blindern;SN18700;19.01.2026 16:00;0
Oslo - Blindern;SN18700;19.01.2026 17:00;-0,1
Oslo - Blindern;SN18700;19.01.2026 18:00;-0,1
Oslo - Blindern;SN18700;19.01.2026 19:00;0,1
Oslo - Blindern;SN18700;19.01.2026 20:00;0
Oslo - Blindern;SN18700;19.01.2026 21:00;0
Oslo - Blindern;SN18700;19.01.2026 22:00;0
Oslo - Blindern;SN18700;19.01.2026 23:00;-0,2
Oslo - Blindern;SN18700;20.01.2026 00:00;-0,4
Oslo - Blindern;SN18700;20.01.2026 01:00;-0,6
Oslo - Blindern;SN18700;20.01.2026 02:00;-0,8
Oslo - Blindern;SN18700;20.01.2026 03:00;-0,9
Oslo - Blindern;SN18700;20.01.2026 04:00;-1,1
Oslo - Blindern;SN18700;20.01.2026 05:00;-1,2
Oslo - Blindern;SN18700;20.01.2026 06:00;-1,5
Oslo - Blindern;SN18700;20.01.2026 07:00;-1,7
Oslo - Blindern;SN18700;20.01.2026 08:00;-1,9
Oslo - Blindern;SN18700;20.01.2026 09:00;-1,9
Oslo - Blindern;SN18700;20.01.2026 10:00;-1,9
Oslo - Blindern;SN18700;20.01.2026 11:00;-2
Oslo - Blindern;SN18700;20.01.2026 12:00;-2
Oslo - Blindern;SN18700;20.01.2026 13:00;-2
Oslo - Blindern;SN18700;20.01.2026 14:00;-2,1
Oslo - Blindern;SN18700;20.01.2026 15:00;-2,2
Oslo - Blindern;SN18700;20.01.2026 16:00;-2,2
Oslo - Blindern;SN18700;20.01.2026 17:00;-2,4
Oslo - Blindern;SN18700;20.01.2026 18:00;-2,6
Oslo - Blindern;SN18700;20.01.2026 19:00;-3
Oslo - Blindern;SN18700;20.01.2026 20:00;-3
Oslo - Blindern;SN18700;20.01.2026 21:00;-3,2
Oslo - Blindern;SN18700;20.01.2026 22:00;-3,3
Oslo - Blindern;SN18700;20.01.2026 23:00;-3,7
Oslo - Blindern;SN18700;21.01.2026 00:00;-3,6
Oslo - Blindern;SN18700;21.01.2026 01:00;-3,6
Oslo - Blindern;SN18700;21.01.2026 02:00;-3,5
Oslo - Blindern;SN18700;21.01.2026 03:00;-3,3
Oslo - Blindern;SN18700;21.01.2026 04:00;-3
Oslo - Blindern;SN18700;21.01.2026 05:00;-2,8
Oslo - Blindern;SN18700;21.01.2026 06:00;-2,6
Oslo - Blindern;SN18700;21.01.2026 07:00;-2,2
Oslo - Blindern;SN18700;21.01.2026 08:00;-1,8
Oslo - Blindern;SN18700;21.01.2026 09:00;-1,7
Oslo - Blindern;SN18700;21.01.2026 10:00;-1,5
Oslo - Blindern;SN18700;21.01.2026 11:00;-1,7
Oslo - Blindern;SN18700;21.01.2026 12:00;-1,8
Oslo - Blindern;SN18700;21.01.2026 13:00;-1,5
Oslo - Blindern;SN18700;21.01.2026 14:00;-1,3
Oslo - Blindern;SN18700;21.01.2026 15:00;-1,5
Oslo - Blindern;SN18700;21.01.2026 16:00;-1,2
Oslo - Blindern;SN18700;21.01.2026 17:00;-1,1
Oslo - Blindern;SN18700;21.01.2026 18:00;-0,9
Oslo - Blindern;SN18700;21.01.2026 19:00;-0,9
Oslo - Blindern;SN18700;21.01.2026 20:00;-0,9
Oslo - Blindern;SN18700;21.01.2026 21:00;-1,2
Oslo - Blindern;SN18700;21.01.2026 22:00;-1,4
Oslo - Blindern;SN18700;21.01.2026 23:00;-1,3
Oslo - Blindern;SN18700;22.01.2026 00:00;-1,1
Oslo - Blindern;SN18700;22.01.2026 01:00;-1,3
Oslo - Blindern;SN18700;22.01.2026 02:00;-1,2
Oslo - Blindern;SN18700;22.01.2026 03:00;-1,4
Oslo - Blindern;SN18700;22.01.2026 04:00;-1,1
Oslo - Blindern;SN18700;22.01.2026 05:00;-1,1
Oslo - Blindern;SN18700;22.01.2026 06:00;-1,2
Oslo - Blindern;SN18700;22.01.2026 07:00;-1,1
Oslo - Blindern;SN18700;22.01.2026 08:00;-1
Oslo - Blindern;SN18700;22.01.2026 09:00;-1,1
Oslo - Blindern;SN18700;22.01.2026 10:00;-1,2
Oslo - Blindern;SN18700;22.01.2026 11:00;-1,4
Oslo - Blindern;SN18700;22.01.2026 12:00;-1,4
Oslo - Blindern;SN18700;22.01.2026 13:00;-1,8
Oslo - Blindern;SN18700;22.01.2026 14:00;-1,9
Oslo - Blindern;SN18700;22.01.2026 15:00;-2,1
Oslo - Blindern;SN18700;22.01.2026 16:00;-2,4
Oslo - Blindern;SN18700;22.01.2026 17:00;-2,5
Oslo - Blindern;SN18700;22.01.2026 18:00;-2,4
Oslo - Blindern;SN18700;22.01.2026 19:00;-2,6
Oslo - Blindern;SN18700;22.01.2026 20:00;-2,9
Oslo - Blindern;SN18700;22.01.2026 21:00;-3,1
Oslo - Blindern;SN18700;22.01.2026 22:00;-3,3
Oslo - Blindern;SN18700;22.01.2026 23:00;-3,5
Oslo - Blindern;SN18700;23.01.2026 00:00;-3,9
Oslo - Blindern;SN18700;23.01.2026 01:00;-4,1
Oslo - Blindern;SN18700;23.01.2026 02:00;-4
Oslo - Blindern;SN18700;23.01.2026 03:00;-4,2
Oslo - Blindern;SN18700;23.01.2026 04:00;-4,3
Oslo - Blindern;SN18700;23.01.2026 05:00;-4,2
Oslo - Blindern;SN18700;23.01.2026 06:00;-4,2
Oslo - Blindern;SN18700;23.01.2026 07:00;-4,3
Oslo - Blindern;SN18700;23.01.2026 08:00;-4,4
Oslo - Blindern;SN18700;23.01.2026 09:00;-4,5
Oslo - Blindern;SN18700;23.01.2026 10:00;-4,7
Oslo - Blindern;SN18700;23.01.2026 11:00;-4,6
Oslo - Blindern;SN18700;23.01.2026 12:00;-4,5
Oslo - Blindern;SN18700;23.01.2026 13:00;-4,5
Oslo - Blindern;SN18700;23.01.2026 14:00;-4,4
Oslo - Blindern;SN18700;23.01.2026 15:00;-4,5
Oslo - Blindern;SN18700;23.01.2026 16:00;-4,6
Oslo - Blindern;SN18700;23.01.2026 17:00;-4,6
Oslo - Blindern;SN18700;23.01.2026 18:00;-4,7
Oslo - Blindern;SN18700;23.01.2026 19:00;-4,8
Oslo - Blindern;SN18700;23.01.2026 20:00;-4,8
Oslo - Blindern;SN18700;23.01.2026 21:00;-4,7
Oslo - Blindern;SN18700;23.01.2026 22:00;-4,7
Oslo - Blindern;SN18700;23.01.2026 23:00;-4,7
Oslo - Blindern;SN18700;24.01.2026 00:00;-4,5
Oslo - Blindern;SN18700;24.01.2026 01:00;-4,5
Oslo - Blindern;SN18700;24.01.2026 02:00;-4,4
Oslo - Blindern;SN18700;24.01.2026 03:00;-4,4
Oslo - Blindern;SN18700;24.01.2026 04:00;-4,6
Oslo - Blindern;SN18700;24.01.2026 05:00;-4,8
Oslo - Blindern;SN18700;24.01.2026 06:00;-4,9
Oslo - Blindern;SN18700;24.01.2026 07:00;-4,9
Oslo - Blindern;SN18700;24.01.2026 08:00;-4,9
Oslo - Blindern;SN18700;24.01.2026 09:00;-5
Oslo - Blindern;SN18700;24.01.2026 10:00;-4,9
Oslo - Blindern;SN18700;24.01.2026 11:00;-4,6
Oslo - Blindern;SN18700;24.01.2026 12:00;-4,2
Oslo - Blindern;SN18700;24.01.2026 13:00;-4,2
Oslo - Blindern;SN18700;24.01.2026 14:00;-4,1
Oslo - Blindern;SN18700;24.01.2026 15:00;-4,2
Oslo - Blindern;SN18700;24.01.2026 16:00;-4,3
Oslo - Blindern;SN18700;24.01.2026 17:00;-4,3
Oslo - Blindern;SN18700;24.01.2026 18:00;-4,3
Oslo - Blindern;SN18700;24.01.2026 19:00;-4,2
Oslo - Blindern;SN18700;24.01.2026 20:00;-4,2
Oslo - Blindern;SN18700;24.01.2026 21:00;-4,2
Oslo - Blindern;SN18700;24.01.2026 22:00;-4,2
Oslo - Blindern;SN18700;24.01.2026 23:00;-4,2
Oslo - Blindern;SN18700;25.01.2026 00:00;-4,2
Oslo - Blindern;SN18700;25.01.2026 01:00;-4,2
Oslo - Blindern;SN18700;25.01.2026 02:00;-4,4
Oslo - Blindern;SN18700;25.01.2026 03:00;-4,6
Oslo - Blindern;SN18700;25.01.2026 04:00;-4,7
Oslo - Blindern;SN18700;25.01.2026 05:00;-4,7
Oslo - Blindern;SN18700;25.01.2026 06:00;-4,7
Oslo - Blindern;SN18700;25.01.2026 07:00;-4,6
Oslo - Blindern;SN18700;25.01.2026 08:00;-4,7
Oslo - Blindern;SN18700;25.01.2026 09:00;-5,1
Oslo - Blindern;SN18700;25.01.2026 10:00;-4,6
Oslo - Blindern;SN18700;25.01.2026 11:00;-4,5
Oslo - Blindern;SN18700;25.01.2026 12:00;-4,3
Oslo - Blindern;SN18700;25.01.2026 13:00;-4,1
Oslo - Blindern;SN18700;25.01.2026 14:00;-4,1
Oslo - Blindern;SN18700;25.01.2026 15:00;-4,4
Oslo - Blindern;SN18700;25.01.2026 16:00;-5
Oslo - Blindern;SN18700;25.01.2026 17:00;-5,1
Oslo - Blindern;SN18700;25.01.2026 18:00;-5,2
Oslo - Blindern;SN18700;25.01.2026 19:00;-5,1
Oslo - Blindern;SN18700;25.01.2026 20:00;-5,1
Oslo - Blindern;SN18700;25.01.2026 21:00;-5,3
Oslo - Blindern;SN18700;25.01.2026 22:00;-5,5
Oslo - Blindern;SN18700;25.01.2026 23:00;-5,5
Oslo - Blindern;SN18700;26.01.2026 00:00;-5,5
Oslo - Blindern;SN18700;26.01.2026 01:00;-5,7
Oslo - Blindern;SN18700;26.01.2026 02:00;-5,8
Oslo - Blindern;SN18700;26.01.2026 03:00;-6,3
Oslo - Blindern;SN18700;26.01.2026 04:00;-8,3
Oslo - Blindern;SN18700;26.01.2026 05:00;-9,3
Oslo - Blindern;SN18700;26.01.2026 06:00;-9,1
Oslo - Blindern;SN18700;26.01.2026 07:00;-10,3
Oslo - Blindern;SN18700;26.01.2026 08:00;-10,9
Oslo - Blindern;SN18700;26.01.2026 09:00;-11,7
Oslo - Blindern;SN18700;26.01.2026 10:00;-10,8
Oslo - Blindern;SN18700;26.01.2026 11:00;-8,5
Oslo - Blindern;SN18700;26.01.2026 12:00;-6,9
Oslo - Blindern;SN18700;26.01.2026 13:00;-5,5
Oslo - Blindern;SN18700;26.01.2026 14:00;-4,3
Oslo - Blindern;SN18700;26.01.2026 15:00;-4,9
Oslo - Blindern;SN18700;26.01.2026 16:00;-5,5
Oslo - Blindern;SN18700;26.01.2026 17:00;-5,7
Oslo - Blindern;SN18700;26.01.2026 18:00;-7,8
Oslo - Blindern;SN18700;26.01.2026 19:00;-8
Oslo - Blindern;SN18700;26.01.2026 20:00;-7,9
Oslo - Blindern;SN18700;26.01.2026 21:00;-6,2
Oslo - Blindern;SN18700;26.01.2026 22:00;-6,9
Oslo - Blindern;SN18700;26.01.2026 23:00;-7,5
Oslo - Blindern;SN18700;27.01.2026 00:00;-7,4
Oslo - Blindern;SN18700;27.01.2026 01:00;-7,4
Oslo - Blindern;SN18700;27.01.2026 02:00;-7,1
Oslo - Blindern;SN18700;27.01.2026 03:00;-6,8
Oslo - Blindern;SN18700;27.01.2026 04:00;-6,4
Oslo - Blindern;SN18700;27.01.2026 05:00;-6,3
Oslo - Blindern;SN18700;27.01.2026 06:00;-6,4
Oslo - Blindern;SN18700;27.01.2026 07:00;-6,3
Oslo - Blindern;SN18700;27.01.2026 08:00;-6,3
Oslo - Blindern;SN18700;27.01.2026 09:00;-6,3
Oslo - Blindern;SN18700;27.01.2026 10:00;-6
Oslo - Blindern;SN18700;27.01.2026 11:00;-6
Oslo - Blindern;SN18700;27.01.2026 12:00;-6,2
Oslo - Blindern;SN18700;27.01.2026 13:00;-6,2
Oslo - Blindern;SN18700;27.01.2026 14:00;-6,9
Oslo - Blindern;SN18700;27.01.2026 15:00;-6,9
Oslo - Blindern;SN18700;27.01.2026 16:00;-7,1
Oslo - Blindern;SN18700;27.01.2026 17:00;-7,3
Oslo - Blindern;SN18700;27.01.2026 18:00;-7,5
Oslo - Blindern;SN18700;27.01.2026 19:00;-7,7
Oslo - Blindern;SN18700;27.01.2026 20:00;-7,9
Oslo - Blindern;SN18700;27.01.2026 21:00;-8,1
Oslo - Blindern;SN18700;27.01.2026 22:00;-8,2
Oslo - Blindern;SN18700;27.01.2026 23:00;-8,3
Oslo - Blindern;SN18700;28.01.2026 00:00;-8,1
Oslo - Blindern;SN18700;28.01.2026 01:00;-8,1
Oslo - Blindern;SN18700;28.01.2026 02:00;-8,1
Oslo - Blindern;SN18700;28.01.2026 03:00;-8
Oslo - Blindern;SN18700;28.01.2026 04:00;-7,7
Oslo - Blindern;SN18700;28.01.2026 05:00;-7,5
Oslo - Blindern;SN18700;28.01.2026 06:00;-7,3
Oslo - Blindern;SN18700;28.01.2026 07:00;-7,1
Oslo - Blindern;SN18700;28.01.2026 08:00;-7,2
Oslo - Blindern;SN18700;28.01.2026 09:00;-7,2
Oslo - Blindern;SN18700;28.01.2026 10:00;-7,2
Oslo - Blindern;SN18700;28.01.2026 11:00;-7
Oslo - Blindern;SN18700;28.01.2026 12:00;-6,5
Oslo - Blindern;SN18700;28.01.2026 13:00;-6,3
Oslo - Blindern;SN18700;28.01.2026 14:00;-6,4
Oslo - Blindern;SN18700;28.01.2026 15:00;-6,6
Oslo - Blindern;SN18700;28.01.2026 16:00;-6,6
Oslo - Blindern;SN18700;28.01.2026 17:00;-6,6
Oslo - Blindern;SN18700;28.01.2026 18:00;-6,9
Oslo - Blindern;SN18700;28.01.2026 19:00;-6,8
Oslo - Blindern;SN18700;28.01.2026 20:00;-6,8
Oslo - Blindern;SN18700;28.01.2026 21:00;-6,8
Oslo - Blindern;SN18700;28.01.2026 22:00;-6,8
Oslo - Blindern;SN18700;28.01.2026 23:00;-7,1
Oslo - Blindern;SN18700;29.01.2026 00:00;-7,1
Oslo - Blindern;SN18700;29.01.2026 01:00;-7,2
Oslo - Blindern;SN18700;29.01.2026 02:00;-7
Oslo - Blindern;SN18700;29.01.2026 03:00;-7,3
Oslo - Blindern;SN18700;29.01.2026 04:00;-7,4
Oslo - Blindern;SN18700;29.01.2026 05:00;-7,5
Oslo - Blindern;SN18700;29.01.2026 06:00;-8,2
Oslo - Blindern;SN18700;29.01.2026 07:00;-8,7
Oslo - Blindern;SN18700;29.01.2026 08:00;-9,2
Oslo - Blindern;SN18700;29.01.2026 09:00;-9,4
Oslo - Blindern;SN18700;29.01.2026 10:00;-8,8
Oslo - Blindern;SN18700;29.01.2026 11:00;-8,1
Oslo - Blindern;SN18700;29.01.2026 12:00;-8,4
Oslo - Blindern;SN18700;29.01.2026 13:00;-8,3
Oslo - Blindern;SN18700;29.01.2026 14:00;-8,7
Oslo - Blindern;SN18700;29.01.2026 15:00;-8,9
Oslo - Blindern;SN18700;29.01.2026 16:00;-9,2
Oslo - Blindern;SN18700;29.01.2026 17:00;-9,3
Oslo - Blindern;SN18700;29.01.2026 18:00;-9,1
Oslo - Blindern;SN18700;29.01.2026 19:00;-9
Oslo - Blindern;SN18700;29.01.2026 20:00;-9
Oslo - Blindern;SN18700;29.01.2026 21:00;-8,3
Oslo - Blindern;SN18700;29.01.2026 22:00;-8,2
Oslo - Blindern;SN18700;29.01.2026 23:00;-8,4
Oslo - Blindern;SN18700;30.01.2026 00:00;-7,8
Oslo - Blindern;SN18700;30.01.2026 01:00;-7,5
Oslo - Blindern;SN18700;30.01.2026 02:00;-7,4
Oslo - Blindern;SN18700;30.01.2026 03:00;-7,4
Oslo - Blindern;SN18700;30.01.2026 04:00;-7,1
Oslo - Blindern;SN18700;30.01.2026 05:00;-7,2
Oslo - Blindern;SN18700;30.01.2026 06:00;-7
Oslo - Blindern;SN18700;30.01.2026 07:00;-7
Oslo - Blindern;SN18700;30.01.2026 08:00;-7
Oslo - Blindern;SN18700;30.01.2026 09:00;-7
Oslo - Blindern;SN18700;30.01.2026 10:00;-6,8
Oslo - Blindern;SN18700;30.01.2026 11:00;-6,5
Oslo - Blindern;SN18700;30.01.2026 12:00;-5,9
Oslo - Blindern;SN18700;30.01.2026 13:00;-5,6
Oslo - Blindern;SN18700;30.01.2026 14:00;-5,5
Oslo - Blindern;SN18700;30.01.2026 15:00;-5,5
Oslo - Blindern;SN18700;30.01.2026 16:00;-5,4
Oslo - Blindern;SN18700;30.01.2026 17:00;-5,5
Oslo - Blindern;SN18700;30.01.2026 18:00;-5,5
Oslo - Blindern;SN18700;30.01.2026 19:00;-5,3
Oslo - Blindern;SN18700;30.01.2026 20:00;-5,2
Oslo - Blindern;SN18700;30.01.2026 21:00;-5,2
Oslo - Blindern;SN18700;30.01.2026 22:00;-5,1
Oslo - Blindern;SN18700;30.01.2026 23:00;-5,5
Oslo - Blindern;SN18700;31.01.2026 00:00;-5,4
Oslo - Blindern;SN18700;31.01.2026 01:00;-5,5
Oslo - Blindern;SN18700;31.01.2026 02:00;-5,6
Oslo - Blindern;SN18700;31.01.2026 03:00;-5,5
Oslo - Blindern;SN18700;31.01.2026 04:00;-5,6
Oslo - Blindern;SN18700;31.01.2026 05:00;-5,8
Oslo - Blindern;SN18700;31.01.2026 06:00;-5,8
Oslo - Blindern;SN18700;31.01.2026 07:00;-5,5
Oslo - Blindern;SN18700;31.01.2026 08:00;-5,5
Oslo - Blindern;SN18700;31.01.2026 09:00;-5,6
Oslo - Blindern;SN18700;31.01.2026 10:00;-5,4
Oslo - Blindern;SN18700;31.01.2026 11:00;-5,3
Oslo - Blindern;SN18700;31.01.2026 12:00;-5,2
Oslo - Blindern;SN18700;31.01.2026 13:00;-5
Oslo - Blindern;SN18700;31.01.2026 14:00;-4,8
Oslo - Blindern;SN18700;31.01.2026 15:00;-4,7
Oslo - Blindern;SN18700;31.01.2026 16:00;-5
Oslo - Blindern;SN18700;31.01.2026 17:00;-5,4
Oslo - Blindern;SN18700;31.01.2026 18:00;-5,2
Oslo - Blindern;SN18700;31.01.2026 19:00;-5,4
Oslo - Blindern;SN18700;31.01.2026 20:00;-5,5
Oslo - Blindern;SN18700;31.01.2026 21:00;-5,3
Oslo - Blindern;SN18700;31.01.2026 22:00;-5,2
Oslo - Blindern;SN18700;31.01.2026 23:00;-5,8
Oslo - Blindern;SN18700;01.02.2026 00:00;-5,9
Data er gyldig per 03.02.2026 (CC BY 4.0), Meteorologisk institutt (MET);;;