Navn;Stasjon;Tid(norsk normaltid);Lufttemperatur
Stavanger - Våland;SN44640;01.10.2023 01:00;9,9
Stavanger - Våland;SN44640;01.10.2023 02:00;9,7
Stavanger - Våland;SN44640;01.10.2023 03:00;9,2
Stavanger - Våland;SN44640;01.10.2023 04:00;9,6
Stavanger - Våland;SN44640;01.10.2023 05:00;8,4
Stavanger - Våland;SN44640;01.10.2023 06:00;8,6
Stavanger - Våland;SN44640;01.10.2023 07:00;8,5
Stavanger - Våland;SN44640;01.10.2023 08:00;8,7
Stavanger - Våland;SN44640;01.10.2023 09:00;10,2
Stavanger - Våland;SN44640;01.10.2023 10:00;10,7
Stavanger - Våland;SN44640;01.10.2023 11:00;11,8
Stavanger - Våland;SN44640;01.10.2023 12:00;12,6
Stavanger - Våland;SN44640;01.10.2023 13:00;13,4
Stavanger - Våland;SN44640;01.10.2023 14:00;13,7
Stavanger - Våland;SN44640;01.10.2023 15:00;13,8
Stavanger - Våland;SN44640;01.10.2023 16:00;13,8
Stavanger - Våland;SN44640;01.10.2023 17:00;13,4
Stavanger - Våland;SN44640;01.10.2023 18:00;13,8
Stavanger - Våland;SN44640;01.10.2023 19:00;13,8
Stavanger - Våland;SN44640;01.10.2023 20:00;13,6
Stavanger - Våland;SN44640;01.10.2023 21:00;13,9
Stavanger - Våland;SN44640;01.10.2023 22:00;14,2
Stavanger - Våland;SN44640;01.10.2023 23:00;14,2
Stavanger - Våland;SN44640;02.10.2023 00:00;13,5
Stavanger - Våland;SN44640;02.10.2023 01:00;13,2
Stavanger - Våland;SN44640;02.10.2023 02:00;12,8
Stavanger - Våland;SN44640;02.10.2023 03:00;12,1
Stavanger - Våland;SN44640;02.10.2023 04:00;11,7
Stavanger - Våland;SN44640;02.10.2023 05:00;11,3
Stavanger - Våland;SN44640;02.10.2023 06:00;11,3
Stavanger - Våland;SN44640;02.10.2023 07:00;11,4
Stavanger - Våland;SN44640;02.10.2023 08:00;11,6
Stavanger - Våland;SN44640;02.10.2023 09:00;12,6
Stavanger - Våland;SN44640;02.10.2023 10:00;13,7
Stavanger - Våland;SN44640;02.10.2023 11:00;14,9
Stavanger - Våland;SN44640;02.10.2023 12:00;14,7
Stavanger - Våland;SN44640;02.10.2023 13:00;14,6
Stavanger - Våland;SN44640;02.10.2023 14:00;14,6
Stavanger - Våland;SN44640;02.10.2023 15:00;14,8
Stavanger - Våland;SN44640;02.10.2023 16:00;14,3
Stavanger - Våland;SN44640;02.10.2023 17:00;14
Stavanger - Våland;SN44640;02.10.2023 18:00;13,3
Stavanger - Våland;SN44640;02.10.2023 19:00;12,5
Stavanger - Våland;SN44640;02.10.2023 20:00;12
Stavanger - Våland;SN44640;02.10.2023 21:00;11,4
Stavanger - Våland;SN44640;02.10.2023 22:00;11
Stavanger - Våland;SN44640;02.10.2023 23:00;11,1
Stavanger - Våland;SN44640;03.10.2023 00:00;11
Stavanger - Våland;SN44640;03.10.2023 01:00;10,8
Stavanger - Våland;SN44640;03.10.2023 02:00;11,1
Stavanger - Våland;SN44640;03.10.2023 03:00;11
Stavanger - Våland;SN44640;03.10.2023 04:00;10,8
Stavanger - Våland;SN44640;03.10.2023 05:00;10,9
Stavanger - Våland;SN44640;03.10.2023 06:00;11
Stavanger - Våland;SN44640;03.10.2023 07:00;10,3
Stavanger - Våland;SN44640;03.10.2023 08:00;10,7
Stavanger - Våland;SN44640;03.10.2023 09:00;13,1
Stavanger - Våland;SN44640;03.10.2023 10:00;13,5
Stavanger - Våland;SN44640;03.10.2023 11:00;11,8
Stavanger - Våland;SN44640;03.10.2023 12:00;12,9
Stavanger - Våland;SN44640;03.10.2023 13:00;13,8
Stavanger - Våland;SN44640;03.10.2023 14:00;13,4
Stavanger - Våland;SN44640;03.10.2023 15:00;14,2
Stavanger - Våland;SN44640;03.10.2023 16:00;13,2
Stavanger - Våland;SN44640;03.10.2023 17:00;12,4
Stavanger - Våland;SN44640;03.10.2023 18:00;11,8
Stavanger - Våland;SN44640;03.10.2023 19:00;11,6
Stavanger - Våland;SN44640;03.10.2023 20:00;12
Stavanger - Våland;SN44640;03.10.2023 21:00;10,6
Stavanger - Våland;SN44640;03.10.2023 22:00;10,6
Stavanger - Våland;SN44640;03.10.2023 23:00;10,7
Stavanger - Våland;SN44640;04.10.2023 00:00;10,6
Stavanger - Våland;SN44640;04.10.2023 01:00;10,8
Stavanger - Våland;SN44640;04.10.2023 02:00;10,9
Stavanger - Våland;SN44640;04.10.2023 03:00;10,3
Stavanger - Våland;SN44640;04.10.2023 04:00;10,9
Stavanger - Våland;SN44640;04.10.2023 05:00;11,1
Stavanger - Våland;SN44640;04.10.2023 06:00;11,1
Stavanger - Våland;SN44640;04.10.2023 07:00;11,1
Stavanger - Våland;SN44640;04.10.2023 08:00;11,2
Stavanger - Våland;SN44640;04.10.2023 09:00;11,6
Stavanger - Våland;SN44640;04.10.2023 10:00;11,9
Stavanger - Våland;SN44640;04.10.2023 11:00;11,8
Stavanger - Våland;SN44640;04.10.2023 12:00;12,5
Stavanger - Våland;SN44640;04.10.2023 13:00;13,3
Stavanger - Våland;SN44640;04.10.2023 14:00;13
Stavanger - Våland;SN44640;04.10.2023 15:00;12,3
Stavanger - Våland;SN44640;04.10.2023 16:00;10,8
Stavanger - Våland;SN44640;04.10.2023 17:00;11
Stavanger - Våland;SN44640;04.10.2023 18:00;11,3
Stavanger - Våland;SN44640;04.10.2023 19:00;10,4
Stavanger - Våland;SN44640;04.10.2023 20:00;10,5
Stavanger - Våland;SN44640;04.10.2023 21:00;9,5
Stavanger - Våland;SN44640;04.10.2023 22:00;11,3
Stavanger - Våland;SN44640;04.10.2023 23:00;11,5
Stavanger - Våland;SN44640;05.10.2023 00:00;11,3
Stavanger - Våland;SN44640;05.10.2023 01:00;11,1
Stavanger - Våland;SN44640;05.10.2023 02:00;9,9
Stavanger - Våland;SN44640;05.10.2023 03:00;8,9
Stavanger - Våland;SN44640;05.10.2023 04:00;9
Stavanger - Våland;SN44640;05.10.2023 05:00;8,8
Stavanger - Våland;SN44640;05.10.2023 06:00;8,2
Stavanger - Våland;SN44640;05.10.2023 07:00;8,1
Stavanger - Våland;SN44640;05.10.2023 08:00;8,2
Stavanger - Våland;SN44640;05.10.2023 09:00;10,6
Stavanger - Våland;SN44640;05.10.2023 10:00;12,2
Stavanger - Våland;SN44640;05.10.2023 11:00;12,7
Stavanger - Våland;SN44640;05.10.2023 12:00;13,2
Stavanger - Våland;SN44640;05.10.2023 13:00;13,3
Stavanger - Våland;SN44640;05.10.2023 14:00;13,6
Stavanger - Våland;SN44640;05.10.2023 15:00;14,2
Stavanger - Våland;SN44640;05.10.2023 16:00;12,5
Stavanger - Våland;SN44640;05.10.2023 17:00;11,2
Stavanger - Våland;SN44640;05.10.2023 18:00;10,7
Stavanger - Våland;SN44640;05.10.2023 19:00;11
Stavanger - Våland;SN44640;05.10.2023 20:00;11
Stavanger - Våland;SN44640;05.10.2023 21:00;11,2
Stavanger - Våland;SN44640;05.10.2023 22:00;11,1
Stavanger - Våland;SN44640;05.10.2023 23:00;11
Stavanger - Våland;SN44640;06.10.2023 00:00;10,6
Stavanger - Våland;SN44640;06.10.2023 01:00;9,8
Stavanger - Våland;SN44640;06.10.2023 02:00;9,7
Stavanger - Våland;SN44640;06.10.2023 03:00;11,3
Stavanger - Våland;SN44640;06.10.2023 04:00;12,3
Stavanger - Våland;SN44640;06.10.2023 05:00;12,1
Stavanger - Våland;SN44640;06.10.2023 06:00;12,2
Stavanger - Våland;SN44640;06.10.2023 07:00;13,8
Stavanger - Våland;SN44640;06.10.2023 08:00;14
Stavanger - Våland;SN44640;06.10.2023 09:00;13,8
Stavanger - Våland;SN44640;06.10.2023 10:00;13,7
Stavanger - Våland;SN44640;06.10.2023 11:00;13,3
Stavanger - Våland;SN44640;06.10.2023 12:00;13,2
Stavanger - Våland;SN44640;06.10.2023 13:00;14
Stavanger - Våland;SN44640;06.10.2023 14:00;14,1
Stavanger - Våland;SN44640;06.10.2023 15:00;13,8
Stavanger - Våland;SN44640;06.10.2023 16:00;13,8
Stavanger - Våland;SN44640;06.10.2023 17:00;12,4
Stavanger - Våland;SN44640;06.10.2023 18:00;12,3
Stavanger - Våland;SN44640;06.10.2023 19:00;10,6
Stavanger - Våland;SN44640;06.10.2023 20:00;11,4
Stavanger - Våland;SN44640;06.10.2023 21:00;11,4
Stavanger - Våland;SN44640;06.10.2023 22:00;11,1
Stavanger - Våland;SN44640;06.10.2023 23:00;10,4
Stavanger - Våland;SN44640;07.10.2023 00:00;9,6
Stavanger - Våland;SN44640;07.10.2023 01:00;9,4
Stavanger - Våland;SN44640;07.10.2023 02:00;8,9
Stavanger - Våland;SN44640;07.10.2023 03:00;8,4
Stavanger - Våland;SN44640;07.10.2023 04:00;8,2
Stavanger - Våland;SN44640;07.10.2023 05:00;7,2
Stavanger - Våland;SN44640;07.10.2023 06:00;7,3
Stavanger - Våland;SN44640;07.10.2023 07:00;7
Stavanger - Våland;SN44640;07.10.2023 08:00;7,3
Stavanger - Våland;SN44640;07.10.2023 09:00;7,9
Stavanger - Våland;SN44640;07.10.2023 10:00;8,7
Stavanger - Våland;SN44640;07.10.2023 11:00;9,3
Stavanger - Våland;SN44640;07.10.2023 12:00;9,5
Stavanger - Våland;SN44640;07.10.2023 13:00;9,3
Stavanger - Våland;SN44640;07.10.2023 14:00;9,9
Stavanger - Våland;SN44640;07.10.2023 15:00;9
Stavanger - Våland;SN44640;07.10.2023 16:00;8,4
Stavanger - Våland;SN44640;07.10.2023 17:00;8,6
Stavanger - Våland;SN44640;07.10.2023 18:00;7,9
Stavanger - Våland;SN44640;07.10.2023 19:00;7,3
Stavanger - Våland;SN44640;07.10.2023 20:00;7,3
Stavanger - Våland;SN44640;07.10.2023 21:00;6,8
Stavanger - Våland;SN44640;07.10.2023 22:00;6,5
Stavanger - Våland;SN44640;07.10.2023 23:00;5,7
Stavanger - Våland;SN44640;08.10.2023 00:00;6,1
Stavanger - Våland;SN44640;08.10.2023 01:00;5,4
Stavanger - Våland;SN44640;08.10.2023 02:00;5,4
Stavanger - Våland;SN44640;08.10.2023 03:00;4,4
Stavanger - Våland;SN44640;08.10.2023 04:00;3,9
Stavanger - Våland;SN44640;08.10.2023 05:00;3,3
Stavanger - Våland;SN44640;08.10.2023 06:00;3,8
Stavanger - Våland;SN44640;08.10.2023 07:00;3,4
Stavanger - Våland;SN44640;08.10.2023 08:00;4,1
Stavanger - Våland;SN44640;08.10.2023 09:00;7,1
Stavanger - Våland;SN44640;08.10.2023 10:00;7,9
Stavanger - Våland;SN44640;08.10.2023 11:00;8,8
Stavanger - Våland;SN44640;08.10.2023 12:00;10
Stavanger - Våland;SN44640;08.10.2023 13:00;9,5
Stavanger - Våland;SN44640;08.10.2023 14:00;9
Stavanger - Våland;SN44640;08.10.2023 15:00;8,3
Stavanger - Våland;SN44640;08.10.2023 16:00;8,2
Stavanger - Våland;SN44640;08.10.2023 17:00;7,4
Stavanger - Våland;SN44640;08.10.2023 18:00;6,9
Stavanger - Våland;SN44640;08.10.2023 19:00;6,8
Stavanger - Våland;SN44640;08.10.2023 20:00;7,3
Stavanger - Våland;SN44640;08.10.2023 21:00;7
Stavanger - Våland;SN44640;08.10.2023 22:00;6,9
Stavanger - Våland;SN44640;08.10.2023 23:00;6,9
Stavanger - Våland;SN44640;09.10.2023 00:00;6
Stavanger - Våland;SN44640;09.10.2023 01:00;5,6
Stavanger - Våland;SN44640;09.10.2023 02:00;4,4
Stavanger - Våland;SN44640;09.10.2023 03:00;4,1
Stavanger - Våland;SN44640;09.10.2023 04:00;4,2
Stavanger - Våland;SN44640;09.10.2023 05:00;3,7
Stavanger - Våland;SN44640;09.10.2023 06:00;3,8
Stavanger - Våland;SN44640;09.10.2023 07:00;3,5
Stavanger - Våland;SN44640;09.10.2023 08:00;4,4
Stavanger - Våland;SN44640;09.10.2023 09:00;6,4
Stavanger - Våland;SN44640;09.10.2023 10:00;8,7
Stavanger - Våland;SN44640;09.10.2023 11:00;9,6
Stavanger - Våland;SN44640;09.10.2023 12:00;10,2
Stavanger - Våland;SN44640;09.10.2023 13:00;10,3
Stavanger - Våland;SN44640;09.10.2023 14:00;10,5
Stavanger - Våland;SN44640;09.10.2023 15:00;10,9
Stavanger - Våland;SN44640;09.10.2023 16:00;11
Stavanger - Våland;SN44640;09.10.2023 17:00;9,6
Stavanger - Våland;SN44640;09.10.2023 18:00;7,3
Stavanger - Våland;SN44640;09.10.2023 19:00;6,9
Stavanger - Våland;SN44640;09.10.2023 20:00;7,5
Stavanger - Våland;SN44640;09.10.2023 21:00;7,3
Stavanger - Våland;SN44640;09.10.2023 22:00;7
Stavanger - Våland;SN44640;09.10.2023 23:00;6,1
Stavanger - Våland;SN44640;10.10.2023 00:00;6,6
Stavanger - Våland;SN44640;10.10.2023 01:00;7
Stavanger - Våland;SN44640;10.10.2023 02:00;7,1
Stavanger - Våland;SN44640;10.10.2023 03:00;7,8
Stavanger - Våland;SN44640;10.10.2023 04:00;8,4
Stavanger - Våland;SN44640;10.10.2023 05:00;9
Stavanger - Våland;SN44640;10.10.2023 06:00;8,7
Stavanger - Våland;SN44640;10.10.2023 07:00;9
Stavanger - Våland;SN44640;10.10.2023 08:00;10,1
Stavanger - Våland;SN44640;10.10.2023 09:00;10,5
Stavanger - Våland;SN44640;10.10.2023 10:00;11,4
Stavanger - Våland;SN44640;10.10.2023 11:00;12,4
Stavanger - Våland;SN44640;10.10.2023 12:00;12,8
Stavanger - Våland;SN44640;10.10.2023 13:00;12,9
Stavanger - Våland;SN44640;10.10.2023 14:00;13,5
Stavanger - Våland;SN44640;10.10.2023 15:00;13,5
Stavanger - Våland;SN44640;10.10.2023 16:00;13,8
Stavanger - Våland;SN44640;10.10.2023 17:00;14,1
Stavanger - Våland;SN44640;10.10.2023 18:00;14,4
Stavanger - Våland;SN44640;10.10.2023 19:00;14,4
Stavanger - Våland;SN44640;10.10.2023 20:00;13,9
Stavanger - Våland;SN44640;10.10.2023 21:00;14
Stavanger - Våland;SN44640;10.10.2023 22:00;14,1
Stavanger - Våland;SN44640;10.10.2023 23:00;13,9
Stavanger - Våland;SN44640;11.10.2023 00:00;13,7
Stavanger - Våland;SN44640;11.10.2023 01:00;11,2
Stavanger - Våland;SN44640;11.10.2023 02:00;11,1
Stavanger - Våland;SN44640;11.10.2023 03:00;10,2
Stavanger - Våland;SN44640;11.10.2023 04:00;10,3
Stavanger - Våland;SN44640;11.10.2023 05:00;10,3
Stavanger - Våland;SN44640;11.10.2023 06:00;10,4
Stavanger - Våland;SN44640;11.10.2023 07:00;10,5
Stavanger - Våland;SN44640;11.10.2023 08:00;10,3
Stavanger - Våland;SN44640;11.10.2023 09:00;9,6
Stavanger - Våland;SN44640;11.10.2023 10:00;9,4
Stavanger - Våland;SN44640;11.10.2023 11:00;10,2
Stavanger - Våland;SN44640;11.10.2023 12:00;9,3
Stavanger - Våland;SN44640;11.10.2023 13:00;9,2
Stavanger - Våland;SN44640;11.10.2023 14:00;10,4
Stavanger - Våland;SN44640;11.10.2023 15:00;10,5
Stavanger - Våland;SN44640;11.10.2023 16:00;10,4
Stavanger - Våland;SN44640;11.10.2023 17:00;10,5
Stavanger - Våland;SN44640;11.10.2023 18:00;9,3
Stavanger - Våland;SN44640;11.10.2023 19:00;10,4
Stavanger - Våland;SN44640;11.10.2023 20:00;10,2
Stavanger - Våland;SN44640;11.10.2023 21:00;9,5
Stavanger - Våland;SN44640;11.10.2023 22:00;8,8
Stavanger - Våland;SN44640;11.10.2023 23:00;9,3
Stavanger - Våland;SN44640;12.10.2023 00:00;8,2
Stavanger - Våland;SN44640;12.10.2023 01:00;8,9
Stavanger - Våland;SN44640;12.10.2023 02:00;8,2
Stavanger - Våland;SN44640;12.10.2023 03:00;7,6
Stavanger - Våland;SN44640;12.10.2023 04:00;7,6
Stavanger - Våland;SN44640;12.10.2023 05:00;7,8
Stavanger - Våland;SN44640;12.10.2023 06:00;8,2
Stavanger - Våland;SN44640;12.10.2023 07:00;8,4
Stavanger - Våland;SN44640;12.10.2023 08:00;7,5
Stavanger - Våland;SN44640;12.10.2023 09:00;9
Stavanger - Våland;SN44640;12.10.2023 10:00;9,1
Stavanger - Våland;SN44640;12.10.2023 11:00;10,4
Stavanger - Våland;SN44640;12.10.2023 12:00;10,1
Stavanger - Våland;SN44640;12.10.2023 13:00;9,9
Stavanger - Våland;SN44640;12.10.2023 14:00;10,3
Stavanger - Våland;SN44640;12.10.2023 15:00;9,5
Stavanger - Våland;SN44640;12.10.2023 16:00;9,3
Stavanger - Våland;SN44640;12.10.2023 17:00;9,1
Stavanger - Våland;SN44640;12.10.2023 18:00;9
Stavanger - Våland;SN44640;12.10.2023 19:00;9,4
Stavanger - Våland;SN44640;12.10.2023 20:00;8,9
Stavanger - Våland;SN44640;12.10.2023 21:00;8,6
Stavanger - Våland;SN44640;12.10.2023 22:00;8,6
Stavanger - Våland;SN44640;12.10.2023 23:00;8,2
Stavanger - Våland;SN44640;13.10.2023 00:00;8,5
Stavanger - Våland;SN44640;13.10.2023 01:00;8,2
Stavanger - Våland;SN44640;13.10.2023 02:00;8,6
Stavanger - Våland;SN44640;13.10.2023 03:00;8,7
Stavanger - Våland;SN44640;13.10.2023 04:00;9
Stavanger - Våland;SN44640;13.10.2023 05:00;8,9
Stavanger - Våland;SN44640;13.10.2023 06:00;9,2
Stavanger - Våland;SN44640;13.10.2023 07:00;9,5
Stavanger - Våland;SN44640;13.10.2023 08:00;10
Stavanger - Våland;SN44640;13.10.2023 09:00;10,7
Stavanger - Våland;SN44640;13.10.2023 10:00;10,2
Stavanger - Våland;SN44640;13.10.2023 11:00;10,5
Stavanger - Våland;SN44640;13.10.2023 12:00;10
Stavanger - Våland;SN44640;13.10.2023 13:00;9,9
Stavanger - Våland;SN44640;13.10.2023 14:00;10,2
Stavanger - Våland;SN44640;13.10.2023 15:00;10,2
Stavanger - Våland;SN44640;13.10.2023 16:00;9,8
Stavanger - Våland;SN44640;13.10.2023 17:00;9,5
Stavanger - Våland;SN44640;13.10.2023 18:00;9,7
Stavanger - Våland;SN44640;13.10.2023 19:00;9,7
Stavanger - Våland;SN44640;13.10.2023 20:00;9,4
Stavanger - Våland;SN44640;13.10.2023 21:00;10
Stavanger - Våland;SN44640;13.10.2023 22:00;10
Stavanger - Våland;SN44640;13.10.2023 23:00;9,3
Stavanger - Våland;SN44640;14.10.2023 00:00;9,5
Stavanger - Våland;SN44640;14.10.2023 01:00;8,7
Stavanger - Våland;SN44640;14.10.2023 02:00;6,7
Stavanger - Våland;SN44640;14.10.2023 03:00;7,8
Stavanger - Våland;SN44640;14.10.2023 04:00;8,7
Stavanger - Våland;SN44640;14.10.2023 05:00;7,9
Stavanger - Våland;SN44640;14.10.2023 06:00;8,3
Stavanger - Våland;SN44640;14.10.2023 07:00;7,9
Stavanger - Våland;SN44640;14.10.2023 08:00;8,1
Stavanger - Våland;SN44640;14.10.2023 09:00;9,1
Stavanger - Våland;SN44640;14.10.2023 10:00;7,5
Stavanger - Våland;SN44640;14.10.2023 11:00;7,7
Stavanger - Våland;SN44640;14.10.2023 12:00;8,6
Stavanger - Våland;SN44640;14.10.2023 13:00;8,3
Stavanger - Våland;SN44640;14.10.2023 14:00;8
Stavanger - Våland;SN44640;14.10.2023 15:00;7,7
Stavanger - Våland;SN44640;14.10.2023 16:00;7,8
Stavanger - Våland;SN44640;14.10.2023 17:00;7,4
Stavanger - Våland;SN44640;14.10.2023 18:00;8,3
Stavanger - Våland;SN44640;14.10.2023 19:00;8,2
Stavanger - Våland;SN44640;14.10.2023 20:00;7,9
Stavanger - Våland;SN44640;14.10.2023 21:00;6,8
Stavanger - Våland;SN44640;14.10.2023 22:00;7,2
Stavanger - Våland;SN44640;14.10.2023 23:00;7,1
Stavanger - Våland;SN44640;15.10.2023 00:00;6,8
Stavanger - Våland;SN44640;15.10.2023 01:00;6,7
Stavanger - Våland;SN44640;15.10.2023 02:00;6,3
Stavanger - Våland;SN44640;15.10.2023 03:00;5,6
Stavanger - Våland;SN44640;15.10.2023 04:00;5,9
Stavanger - Våland;SN44640;15.10.2023 05:00;5,7
Stavanger - Våland;SN44640;15.10.2023 06:00;5,7
Stavanger - Våland;SN44640;15.10.2023 07:00;6,2
Stavanger - Våland;SN44640;15.10.2023 08:00;5,8
Stavanger - Våland;SN44640;15.10.2023 09:00;5,8
Stavanger - Våland;SN44640;15.10.2023 10:00;6,1
Stavanger - Våland;SN44640;15.10.2023 11:00;6
Stavanger - Våland;SN44640;15.10.2023 12:00;7,4
Stavanger - Våland;SN44640;15.10.2023 13:00;6,9
Stavanger - Våland;SN44640;15.10.2023 14:00;7,2
Stavanger - Våland;SN44640;15.10.2023 15:00;6,7
Stavanger - Våland;SN44640;15.10.2023 16:00;6,1
Stavanger - Våland;SN44640;15.10.2023 17:00;5,1
Stavanger - Våland;SN44640;15.10.2023 18:00;4,7
Stavanger - Våland;SN44640;15.10.2023 19:00;4,7
Stavanger - Våland;SN44640;15.10.2023 20:00;4,6
Stavanger - Våland;SN44640;15.10.2023 21:00;4,2
Stavanger - Våland;SN44640;15.10.2023 22:00;5,3
Stavanger - Våland;SN44640;15.10.2023 23:00;5,4
Stavanger - Våland;SN44640;16.10.2023 00:00;4,5
Stavanger - Våland;SN44640;16.10.2023 01:00;4,1
Stavanger - Våland;SN44640;16.10.2023 02:00;3,9
Stavanger - Våland;SN44640;16.10.2023 03:00;4,3
Stavanger - Våland;SN44640;16.10.2023 04:00;3,8
Stavanger - Våland;SN44640;16.10.2023 05:00;4,5
Stavanger - Våland;SN44640;16.10.2023 06:00;4
Stavanger - Våland;SN44640;16.10.2023 07:00;3,4
Stavanger - Våland;SN44640;16.10.2023 08:00;3,3
Stavanger - Våland;SN44640;16.10.2023 09:00;4,4
Stavanger - Våland;SN44640;16.10.2023 10:00;7
Stavanger - Våland;SN44640;16.10.2023 11:00;7,1
Stavanger - Våland;SN44640;16.10.2023 12:00;7
Stavanger - Våland;SN44640;16.10.2023 13:00;8,4
Stavanger - Våland;SN44640;16.10.2023 14:00;8,6
Stavanger - Våland;SN44640;16.10.2023 15:00;8,3
Stavanger - Våland;SN44640;16.10.2023 16:00;7,3
Stavanger - Våland;SN44640;16.10.2023 17:00;7,2
Stavanger - Våland;SN44640;16.10.2023 18:00;7,4
Stavanger - Våland;SN44640;16.10.2023 19:00;8,2
Stavanger - Våland;SN44640;16.10.2023 20:00;8,1
Stavanger - Våland;SN44640;16.10.2023 21:00;8,7
Stavanger - Våland;SN44640;16.10.2023 22:00;8,7
Stavanger - Våland;SN44640;16.10.2023 23:00;8,3
Stavanger - Våland;SN44640;17.10.2023 00:00;8,2
Stavanger - Våland;SN44640;17.10.2023 01:00;8
Stavanger - Våland;SN44640;17.10.2023 02:00;8
Stavanger - Våland;SN44640;17.10.2023 03:00;8
Stavanger - Våland;SN44640;17.10.2023 04:00;8,9
Stavanger - Våland;SN44640;17.10.2023 05:00;8,9
Stavanger - Våland;SN44640;17.10.2023 06:00;9,2
Stavanger - Våland;SN44640;17.10.2023 07:00;9,8
Stavanger - Våland;SN44640;17.10.2023 08:00;10
Stavanger - Våland;SN44640;17.10.2023 09:00;10,3
Stavanger - Våland;SN44640;17.10.2023 10:00;10,7
Stavanger - Våland;SN44640;17.10.2023 11:00;10,7
Stavanger - Våland;SN44640;17.10.2023 12:00;10,6
Stavanger - Våland;SN44640;17.10.2023 13:00;10,4
Stavanger - Våland;SN44640;17.10.2023 14:00;10,9
Stavanger - Våland;SN44640;17.10.2023 15:00;10,1
Stavanger - Våland;SN44640;17.10.2023 16:00;9,7
Stavanger - Våland;SN44640;17.10.2023 17:00;9,3
Stavanger - Våland;SN44640;17.10.2023 18:00;8,9
Stavanger - Våland;SN44640;17.10.2023 19:00;8,1
Stavanger - Våland;SN44640;17.10.2023 20:00;7,7
Stavanger - Våland;SN44640;17.10.2023 21:00;7,7
Stavanger - Våland;SN44640;17.10.2023 22:00;7,3
Stavanger - Våland;SN44640;17.10.2023 23:00;7,7
Stavanger - Våland;SN44640;18.10.2023 00:00;7,4
Stavanger - Våland;SN44640;18.10.2023 01:00;6,5
Stavanger - Våland;SN44640;18.10.2023 02:00;7,2
Stavanger - Våland;SN44640;18.10.2023 03:00;6,7
Stavanger - Våland;SN44640;18.10.2023 04:00;6
Stavanger - Våland;SN44640;18.10.2023 05:00;6,1
Stavanger - Våland;SN44640;18.10.2023 06:00;5,8
Stavanger - Våland;SN44640;18.10.2023 07:00;4,8
Stavanger - Våland;SN44640;18.10.2023 08:00;4,8
Stavanger - Våland;SN44640;18.10.2023 09:00;5,6
Stavanger - Våland;SN44640;18.10.2023 10:00;6,1
Stavanger - Våland;SN44640;18.10.2023 11:00;7,3
Stavanger - Våland;SN44640;18.10.2023 12:00;9,7
Stavanger - Våland;SN44640;18.10.2023 13:00;11,4
Stavanger - Våland;SN44640;18.10.2023 14:00;12
Stavanger - Våland;SN44640;18.10.2023 15:00;11,2
Stavanger - Våland;SN44640;18.10.2023 16:00;10,2
Stavanger - Våland;SN44640;18.10.2023 17:00;8,9
Stavanger - Våland;SN44640;18.10.2023 18:00;8,5
Stavanger - Våland;SN44640;18.10.2023 19:00;6,6
Stavanger - Våland;SN44640;18.10.2023 20:00;6,6
Stavanger - Våland;SN44640;18.10.2023 21:00;7,4
Stavanger - Våland;SN44640;18.10.2023 22:00;8,1
Stavanger - Våland;SN44640;18.10.2023 23:00;7,9
Stavanger - Våland;SN44640;19.10.2023 00:00;7,9
Stavanger - Våland;SN44640;19.10.2023 01:00;7,4
Stavanger - Våland;SN44640;19.10.2023 02:00;7
Stavanger - Våland;SN44640;19.10.2023 03:00;6,3
Stavanger - Våland;SN44640;19.10.2023 04:00;6,7
Stavanger - Våland;SN44640;19.10.2023 05:00;6,5
Stavanger - Våland;SN44640;19.10.2023 06:00;6,7
Stavanger - Våland;SN44640;19.10.2023 07:00;6,5
Stavanger - Våland;SN44640;19.10.2023 08:00;6,7
Stavanger - Våland;SN44640;19.10.2023 09:00;6,8
Stavanger - Våland;SN44640;19.10.2023 10:00;7,5
Stavanger - Våland;SN44640;19.10.2023 11:00;7,8
Stavanger - Våland;SN44640;19.10.2023 12:00;7,8
Stavanger - Våland;SN44640;19.10.2023 13:00;7,8
Stavanger - Våland;SN44640;19.10.2023 14:00;7,3
Stavanger - Våland;SN44640;19.10.2023 15:00;6,4
Stavanger - Våland;SN44640;19.10.2023 16:00;6
Stavanger - Våland;SN44640;19.10.2023 17:00;5
Stavanger - Våland;SN44640;19.10.2023 18:00;4,3
Stavanger - Våland;SN44640;19.10.2023 19:00;4,4
Stavanger - Våland;SN44640;19.10.2023 20:00;4,4
Stavanger - Våland;SN44640;19.10.2023 21:00;4,3
Stavanger - Våland;SN44640;19.10.2023 22:00;4,1
Stavanger - Våland;SN44640;19.10.2023 23:00;3,8
Stavanger - Våland;SN44640;20.10.2023 00:00;3,7
Stavanger - Våland;SN44640;20.10.2023 01:00;3,3
Stavanger - Våland;SN44640;20.10.2023 02:00;3,2
Stavanger - Våland;SN44640;20.10.2023 03:00;3,1
Stavanger - Våland;SN44640;20.10.2023 04:00;3,6
Stavanger - Våland;SN44640;20.10.2023 05:00;3,6
Stavanger - Våland;SN44640;20.10.2023 06:00;3,6
Stavanger - Våland;SN44640;20.10.2023 07:00;3,7
Stavanger - Våland;SN44640;20.10.2023 08:00;3,9
Stavanger - Våland;SN44640;20.10.2023 09:00;4,6
Stavanger - Våland;SN44640;20.10.2023 10:00;5,5
Stavanger - Våland;SN44640;20.10.2023 11:00;5,2
Stavanger - Våland;SN44640;20.10.2023 12:00;5,6
Stavanger - Våland;SN44640;20.10.2023 13:00;6,6
Stavanger - Våland;SN44640;20.10.2023 14:00;6,3
Stavanger - Våland;SN44640;20.10.2023 15:00;6
Stavanger - Våland;SN44640;20.10.2023 16:00;5,4
Stavanger - Våland;SN44640;20.10.2023 17:00;5,7
Stavanger - Våland;SN44640;20.10.2023 18:00;5,5
Stavanger - Våland;SN44640;20.10.2023 19:00;5,7
Stavanger - Våland;SN44640;20.10.2023 20:00;5,7
Stavanger - Våland;SN44640;20.10.2023 21:00;5,6
Stavanger - Våland;SN44640;20.10.2023 22:00;5,3
Stavanger - Våland;SN44640;20.10.2023 23:00;5,2
Stavanger - Våland;SN44640;21.10.2023 00:00;4,9
Stavanger - Våland;SN44640;21.10.2023 01:00;5
Stavanger - Våland;SN44640;21.10.2023 02:00;5
Stavanger - Våland;SN44640;21.10.2023 03:00;5
Stavanger - Våland;SN44640;21.10.2023 04:00;5,4
Stavanger - Våland;SN44640;21.10.2023 05:00;5,3
Stavanger - Våland;SN44640;21.10.2023 06:00;5,2
Stavanger - Våland;SN44640;21.10.2023 07:00;5,5
Stavanger - Våland;SN44640;21.10.2023 08:00;5,6
Stavanger - Våland;SN44640;21.10.2023 09:00;6,1
Stavanger - Våland;SN44640;21.10.2023 10:00;6,5
Stavanger - Våland;SN44640;21.10.2023 11:00;6,9
Stavanger - Våland;SN44640;21.10.2023 12:00;7,5
Stavanger - Våland;SN44640;21.10.2023 13:00;7,4
Stavanger - Våland;SN44640;21.10.2023 14:00;7,8
Stavanger - Våland;SN44640;21.10.2023 15:00;7,7
Stavanger - Våland;SN44640;21.10.2023 16:00;7,8
Stavanger - Våland;SN44640;21.10.2023 17:00;7,7
Stavanger - Våland;SN44640;21.10.2023 18:00;7,7
Stavanger - Våland;SN44640;21.10.2023 19:00;8
Stavanger - Våland;SN44640;21.10.2023 20:00;7,4
Stavanger - Våland;SN44640;21.10.2023 21:00;7,4
Stavanger - Våland;SN44640;21.10.2023 22:00;8
Stavanger - Våland;SN44640;21.10.2023 23:00;8,2
Stavanger - Våland;SN44640;22.10.2023 00:00;7,8
Stavanger - Våland;SN44640;22.10.2023 01:00;8
Stavanger - Våland;SN44640;22.10.2023 02:00;6,7
Stavanger - Våland;SN44640;22.10.2023 03:00;6,1
Stavanger - Våland;SN44640;22.10.2023 04:00;7,4
Stavanger - Våland;SN44640;22.10.2023 05:00;7,8
Stavanger - Våland;SN44640;22.10.2023 06:00;7,8
Stavanger - Våland;SN44640;22.10.2023 07:00;7,8
Stavanger - Våland;SN44640;22.10.2023 08:00;8,3
Stavanger - Våland;SN44640;22.10.2023 09:00;8,9
Stavanger - Våland;SN44640;22.10.2023 10:00;8,9
Stavanger - Våland;SN44640;22.10.2023 11:00;9,8
Stavanger - Våland;SN44640;22.10.2023 12:00;9,6
Stavanger - Våland;SN44640;22.10.2023 13:00;10,1
Stavanger - Våland;SN44640;22.10.2023 14:00;10,5
Stavanger - Våland;SN44640;22.10.2023 15:00;10,8
Stavanger - Våland;SN44640;22.10.2023 16:00;10,7
Stavanger - Våland;SN44640;22.10.2023 17:00;10,4
Stavanger - Våland;SN44640;22.10.2023 18:00;10,2
Stavanger - Våland;SN44640;22.10.2023 19:00;10,2
Stavanger - Våland;SN44640;22.10.2023 20:00;10,3
Stavanger - Våland;SN44640;22.10.2023 21:00;10,2
Stavanger - Våland;SN44640;22.10.2023 22:00;9,9
Stavanger - Våland;SN44640;22.10.2023 23:00;9,9
Stavanger - Våland;SN44640;23.10.2023 00:00;10,2
Stavanger - Våland;SN44640;23.10.2023 01:00;9,9
Stavanger - Våland;SN44640;23.10.2023 02:00;8,7
Stavanger - Våland;SN44640;23.10.2023 03:00;8,4
Stavanger - Våland;SN44640;23.10.2023 04:00;8,2
Stavanger - Våland;SN44640;23.10.2023 05:00;8,1
Stavanger - Våland;SN44640;23.10.2023 06:00;8,1
Stavanger - Våland;SN44640;23.10.2023 07:00;8,1
Stavanger - Våland;SN44640;23.10.2023 08:00;8,1
Stavanger - Våland;SN44640;23.10.2023 09:00;8,5
Stavanger - Våland;SN44640;23.10.2023 10:00;8,7
Stavanger - Våland;SN44640;23.10.2023 11:00;9,2
Stavanger - Våland;SN44640;23.10.2023 12:00;9,9
Stavanger - Våland;SN44640;23.10.2023 13:00;9,9
Stavanger - Våland;SN44640;23.10.2023 14:00;10,1
Stavanger - Våland;SN44640;23.10.2023 15:00;10,3
Stavanger - Våland;SN44640;23.10.2023 16:00;10,2
Stavanger - Våland;SN44640;23.10.2023 17:00;9,8
Stavanger - Våland;SN44640;23.10.2023 18:00;9,4
Stavanger - Våland;SN44640;23.10.2023 19:00;9,3
Stavanger - Våland;SN44640;23.10.2023 20:00;8,9
Stavanger - Våland;SN44640;23.10.2023 21:00;8,1
Stavanger - Våland;SN44640;23.10.2023 22:00;8,2
Stavanger - Våland;SN44640;23.10.2023 23:00;8
Stavanger - Våland;SN44640;24.10.2023 00:00;7,5
Stavanger - Våland;SN44640;24.10.2023 01:00;6,6
Stavanger - Våland;SN44640;24.10.2023 02:00;6,7
Stavanger - Våland;SN44640;24.10.2023 03:00;6,7
Stavanger - Våland;SN44640;24.10.2023 04:00;6,5
Stavanger - Våland;SN44640;24.10.2023 05:00;7
Stavanger - Våland;SN44640;24.10.2023 06:00;6,9
Stavanger - Våland;SN44640;24.10.2023 07:00;6,3
Stavanger - Våland;SN44640;24.10.2023 08:00;6,5
Stavanger - Våland;SN44640;24.10.2023 09:00;7,3
Stavanger - Våland;SN44640;24.10.2023 10:00;8,2
Stavanger - Våland;SN44640;24.10.2023 11:00;10
Stavanger - Våland;SN44640;24.10.2023 12:00;9,9
Stavanger - Våland;SN44640;24.10.2023 13:00;10,8
Stavanger - Våland;SN44640;24.10.2023 14:00;11,1
Stavanger - Våland;SN44640;24.10.2023 15:00;10,7
Stavanger - Våland;SN44640;24.10.2023 16:00;10,5
Stavanger - Våland;SN44640;24.10.2023 17:00;9,7
Stavanger - Våland;SN44640;24.10.2023 18:00;9,2
Stavanger - Våland;SN44640;24.10.2023 19:00;8,6
Stavanger - Våland;SN44640;24.10.2023 20:00;9
Stavanger - Våland;SN44640;24.10.2023 21:00;9
Stavanger - Våland;SN44640;24.10.2023 22:00;9,2
Stavanger - Våland;SN44640;24.10.2023 23:00;9,2
Stavanger - Våland;SN44640;25.10.2023 00:00;8,8
Stavanger - Våland;SN44640;25.10.2023 01:00;9,1
Stavanger - Våland;SN44640;25.10.2023 02:00;8,5
Stavanger - Våland;SN44640;25.10.2023 03:00;8,2
Stavanger - Våland;SN44640;25.10.2023 04:00;7,4
Stavanger - Våland;SN44640;25.10.2023 05:00;6,8
Stavanger - Våland;SN44640;25.10.2023 06:00;6,5
Stavanger - Våland;SN44640;25.10.2023 07:00;6,3
Stavanger - Våland;SN44640;25.10.2023 08:00;6,5
Stavanger - Våland;SN44640;25.10.2023 09:00;6,9
Stavanger - Våland;SN44640;25.10.2023 10:00;7,4
Stavanger - Våland;SN44640;25.10.2023 11:00;7,9
Stavanger - Våland;SN44640;25.10.2023 12:00;8,2
Stavanger - Våland;SN44640;25.10.2023 13:00;8,2
Stavanger - Våland;SN44640;25.10.2023 14:00;8,4
Stavanger - Våland;SN44640;25.10.2023 15:00;8,4
Stavanger - Våland;SN44640;25.10.2023 16:00;8,4
Stavanger - Våland;SN44640;25.10.2023 17:00;8,3
Stavanger - Våland;SN44640;25.10.2023 18:00;8
Stavanger - Våland;SN44640;25.10.2023 19:00;7,6
Stavanger - Våland;SN44640;25.10.2023 20:00;7,1
Stavanger - Våland;SN44640;25.10.2023 21:00;6,9
Stavanger - Våland;SN44640;25.10.2023 22:00;6,8
Stavanger - Våland;SN44640;25.10.2023 23:00;6,4
Stavanger - Våland;SN44640;26.10.2023 00:00;5,9
Stavanger - Våland;SN44640;26.10.2023 01:00;5,7
Stavanger - Våland;SN44640;26.10.2023 02:00;5,2
Stavanger - Våland;SN44640;26.10.2023 03:00;5,4
Stavanger - Våland;SN44640;26.10.2023 04:00;5,6
Stavanger - Våland;SN44640;26.10.2023 05:00;6,1
Stavanger - Våland;SN44640;26.10.2023 06:00;6,1
Stavanger - Våland;SN44640;26.10.2023 07:00;6
Stavanger - Våland;SN44640;26.10.2023 08:00;6
Stavanger - Våland;SN44640;26.10.2023 09:00;5,9
Stavanger - Våland;SN44640;26.10.2023 10:00;6,3
Stavanger - Våland;SN44640;26.10.2023 11:00;6,6
Stavanger - Våland;SN44640;26.10.2023 12:00;6,8
Stavanger - Våland;SN44640;26.10.2023 13:00;7,5
Stavanger - Våland;SN44640;26.10.2023 14:00;7,3
Stavanger - Våland;SN44640;26.10.2023 15:00;6,9
Stavanger - Våland;SN44640;26.10.2023 16:00;6,7
Stavanger - Våland;SN44640;26.10.2023 17:00;5,5
Stavanger - Våland;SN44640;26.10.2023 18:00;4,7
Stavanger - Våland;SN44640;26.10.2023 19:00;4,3
Stavanger - Våland;SN44640;26.10.2023 20:00;4,2
Stavanger - Våland;SN44640;26.10.2023 21:00;3,8
Stavanger - Våland;SN44640;26.10.2023 22:00;4
Stavanger - Våland;SN44640;26.10.2023 23:00;3,8
Stavanger - Våland;SN44640;27.10.2023 00:00;3,7
Stavanger - Våland;SN44640;27.10.2023 01:00;3,1
Stavanger - Våland;SN44640;27.10.2023 02:00;2,7
Stavanger - Våland;SN44640;27.10.2023 03:00;3
Stavanger - Våland;SN44640;27.10.2023 04:00;2,8
Stavanger - Våland;SN44640;27.10.2023 05:00;2,6
Stavanger - Våland;SN44640;27.10.2023 06:00;2,8
Stavanger - Våland;SN44640;27.10.2023 07:00;3,2
Stavanger - Våland;SN44640;27.10.2023 08:00;3,9
Stavanger - Våland;SN44640;27.10.2023 09:00;4,3
Stavanger - Våland;SN44640;27.10.2023 10:00;5,3
Stavanger - Våland;SN44640;27.10.2023 11:00;6
Stavanger - Våland;SN44640;27.10.2023 12:00;6,5
Stavanger - Våland;SN44640;27.10.2023 13:00;6,8
Stavanger - Våland;SN44640;27.10.2023 14:00;6,6
Stavanger - Våland;SN44640;27.10.2023 15:00;6,6
Stavanger - Våland;SN44640;27.10.2023 16:00;6,2
Stavanger - Våland;SN44640;27.10.2023 17:00;5,9
Stavanger - Våland;SN44640;27.10.2023 18:00;5,7
Stavanger - Våland;SN44640;27.10.2023 19:00;5,5
Stavanger - Våland;SN44640;27.10.2023 20:00;5,3
Stavanger - Våland;SN44640;27.10.2023 21:00;5,1
Stavanger - Våland;SN44640;27.10.2023 22:00;4,8
Stavanger - Våland;SN44640;27.10.2023 23:00;4,7
Stavanger - Våland;SN44640;28.10.2023 00:00;4,7
Stavanger - Våland;SN44640;28.10.2023 01:00;4,3
Stavanger - Våland;SN44640;28.10.2023 02:00;4,1
Stavanger - Våland;SN44640;28.10.2023 03:00;3,9
Stavanger - Våland;SN44640;28.10.2023 04:00;3,9
Stavanger - Våland;SN44640;28.10.2023 05:00;3,6
Stavanger - Våland;SN44640;28.10.2023 06:00;3,7
Stavanger - Våland;SN44640;28.10.2023 07:00;3,7
Stavanger - Våland;SN44640;28.10.2023 08:00;3,7
Stavanger - Våland;SN44640;28.10.2023 09:00;4
Stavanger - Våland;SN44640;28.10.2023 10:00;4,5
Stavanger - Våland;SN44640;28.10.2023 11:00;5,5
Stavanger - Våland;SN44640;28.10.2023 12:00;6,3
Stavanger - Våland;SN44640;28.10.2023 13:00;6,5
Stavanger - Våland;SN44640;28.10.2023 14:00;6,4
Stavanger - Våland;SN44640;28.10.2023 15:00;6,1
Stavanger - Våland;SN44640;28.10.2023 16:00;5,9
Stavanger - Våland;SN44640;28.10.2023 17:00;5,5
Stavanger - Våland;SN44640;28.10.2023 18:00;5,3
Stavanger - Våland;SN44640;28.10.2023 19:00;5,3
Stavanger - Våland;SN44640;28.10.2023 20:00;5,1
Stavanger - Våland;SN44640;28.10.2023 21:00;5,1
Stavanger - Våland;SN44640;28.10.2023 22:00;5,1
Stavanger - Våland;SN44640;28.10.2023 23:00;5,3
Stavanger - Våland;SN44640;29.10.2023 00:00;5,3
Stavanger - Våland;SN44640;29.10.2023 01:00;5,7
Stavanger - Våland;SN44640;29.10.2023 02:00;5,9
Stavanger - Våland;SN44640;29.10.2023 03:00;6,1
Stavanger - Våland;SN44640;29.10.2023 04:00;5,9
Stavanger - Våland;SN44640;29.10.2023 05:00;6,5
Stavanger - Våland;SN44640;29.10.2023 06:00;6,5
Stavanger - Våland;SN44640;29.10.2023 07:00;6,4
Stavanger - Våland;SN44640;29.10.2023 08:00;6,5
Stavanger - Våland;SN44640;29.10.2023 09:00;6,5
Stavanger - Våland;SN44640;29.10.2023 10:00;7,3
Stavanger - Våland;SN44640;29.10.2023 11:00;7,4
Stavanger - Våland;SN44640;29.10.2023 12:00;7,7
Stavanger - Våland;SN44640;29.10.2023 13:00;7,8
Stavanger - Våland;SN44640;29.10.2023 14:00;7,6
Stavanger - Våland;SN44640;29.10.2023 15:00;7,8
Stavanger - Våland;SN44640;29.10.2023 16:00;8
Stavanger - Våland;SN44640;29.10.2023 17:00;8
Stavanger - Våland;SN44640;29.10.2023 18:00;7,2
Stavanger - Våland;SN44640;29.10.2023 19:00;8
Stavanger - Våland;SN44640;29.10.2023 20:00;8,1
Stavanger - Våland;SN44640;29.10.2023 21:00;7,9
Stavanger - Våland;SN44640;29.10.2023 22:00;7,8
Stavanger - Våland;SN44640;29.10.2023 23:00;6,7
Stavanger - Våland;SN44640;30.10.2023 00:00;7,1
Stavanger - Våland;SN44640;30.10.2023 01:00;7,7
Stavanger - Våland;SN44640;30.10.2023 02:00;7,7
Stavanger - Våland;SN44640;30.10.2023 03:00;7
Stavanger - Våland;SN44640;30.10.2023 04:00;6,2
Stavanger - Våland;SN44640;30.10.2023 05:00;6,4
Stavanger - Våland;SN44640;30.10.2023 06:00;6
Stavanger - Våland;SN44640;30.10.2023 07:00;6,1
Stavanger - Våland;SN44640;30.10.2023 08:00;5,7
Stavanger - Våland;SN44640;30.10.2023 09:00;5,7
Stavanger - Våland;SN44640;30.10.2023 10:00;6
Stavanger - Våland;SN44640;30.10.2023 11:00;6,5
Stavanger - Våland;SN44640;30.10.2023 12:00;6,9
Stavanger - Våland;SN44640;30.10.2023 13:00;7,3
Stavanger - Våland;SN44640;30.10.2023 14:00;7,7
Stavanger - Våland;SN44640;30.10.2023 15:00;6,2
Stavanger - Våland;SN44640;30.10.2023 16:00;6,4
Stavanger - Våland;SN44640;30.10.2023 17:00;4,5
Stavanger - Våland;SN44640;30.10.2023 18:00;3,5
Stavanger - Våland;SN44640;30.10.2023 19:00;2,3
Stavanger - Våland;SN44640;30.10.2023 20:00;2,3
Stavanger - Våland;SN44640;30.10.2023 21:00;1,9
Stavanger - Våland;SN44640;30.10.2023 22:00;2,5
Stavanger - Våland;SN44640;30.10.2023 23:00;3,2
Stavanger - Våland;SN44640;31.10.2023 00:00;3,1
Stavanger - Våland;SN44640;31.10.2023 01:00;3,5
Stavanger - Våland;SN44640;31.10.2023 02:00;3,2
Stavanger - Våland;SN44640;31.10.2023 03:00;2,6
Stavanger - Våland;SN44640;31.10.2023 04:00;1,9
Stavanger - Våland;SN44640;31.10.2023 05:00;1,9
Stavanger - Våland;SN44640;31.10.2023 06:00;1,6
Stavanger - Våland;SN44640;31.10.2023 07:00;0,6
Stavanger - Våland;SN44640;31.10.2023 08:00;0,5
Stavanger - Våland;SN44640;31.10.2023 09:00;1,9
Stavanger - Våland;SN44640;31.10.2023 10:00;3,2
Stavanger - Våland;SN44640;31.10.2023 11:00;3,5
Stavanger - Våland;SN44640;31.10.2023 12:00;4,9
Stavanger - Våland;SN44640;31.10.2023 13:00;5,7
Stavanger - Våland;SN44640;31.10.2023 14:00;5,4
Stavanger - Våland;SN44640;31.10.2023 15:00;4,7
Stavanger - Våland;SN44640;31.10.2023 16:00;5,1
Stavanger - Våland;SN44640;31.10.2023 17:00;3
Stavanger - Våland;SN44640;31.10.2023 18:00;2,6
Stavanger - Våland;SN44640;31.10.2023 19:00;1,5
Stavanger - Våland;SN44640;31.10.2023 20:00;1
Stavanger - Våland;SN44640;31.10.2023 21:00;1,5
Stavanger - Våland;SN44640;31.10.2023 22:00;2,2
Stavanger - Våland;SN44640;31.10.2023 23:00;1,6
Stavanger - Våland;SN44640;01.11.2023 00:00;1,8
Stavanger - Våland;SN44640;01.11.2023 01:00;1,1
Stavanger - Våland;SN44640;01.11.2023 02:00;2,1
Stavanger - Våland;SN44640;01.11.2023 03:00;2,4
Stavanger - Våland;SN44640;01.11.2023 04:00;2,3
Stavanger - Våland;SN44640;01.11.2023 05:00;2,2
Stavanger - Våland;SN44640;01.11.2023 06:00;2,6
Stavanger - Våland;SN44640;01.11.2023 07:00;2,3
Stavanger - Våland;SN44640;01.11.2023 08:00;3
Stavanger - Våland;SN44640;01.11.2023 09:00;3,2
Stavanger - Våland;SN44640;01.11.2023 10:00;2,5
Stavanger - Våland;SN44640;01.11.2023 11:00;1,4
Stavanger - Våland;SN44640;01.11.2023 12:00;1,3
Stavanger - Våland;SN44640;01.11.2023 13:00;3
Stavanger - Våland;SN44640;01.11.2023 14:00;2,2
Stavanger - Våland;SN44640;01.11.2023 15:00;2,5
Stavanger - Våland;SN44640;01.11.2023 16:00;2,9
Stavanger - Våland;SN44640;01.11.2023 17:00;2,6
Stavanger - Våland;SN44640;01.11.2023 18:00;3
Stavanger - Våland;SN44640;01.11.2023 19:00;3,6
Stavanger - Våland;SN44640;01.11.2023 20:00;4,4
Stavanger - Våland;SN44640;01.11.2023 21:00;4,9
Stavanger - Våland;SN44640;01.11.2023 22:00;5
Stavanger - Våland;SN44640;01.11.2023 23:00;5,1
Stavanger - Våland;SN44640;02.11.2023 00:00;5,5
Stavanger - Våland;SN44640;02.11.2023 01:00;5,3
Stavanger - Våland;SN44640;02.11.2023 02:00;5,9
Stavanger - Våland;SN44640;02.11.2023 03:00;5,5
Stavanger - Våland;SN44640;02.11.2023 04:00;5,7
Stavanger - Våland;SN44640;02.11.2023 05:00;5,8
Stavanger - Våland;SN44640;02.11.2023 06:00;6,5
Stavanger - Våland;SN44640;02.11.2023 07:00;6,6
Stavanger - Våland;SN44640;02.11.2023 08:00;7
Stavanger - Våland;SN44640;02.11.2023 09:00;7,5
Stavanger - Våland;SN44640;02.11.2023 10:00;7,7
Stavanger - Våland;SN44640;02.11.2023 11:00;8
Stavanger - Våland;SN44640;02.11.2023 12:00;8,2
Stavanger - Våland;SN44640;02.11.2023 13:00;8,4
Stavanger - Våland;SN44640;02.11.2023 14:00;8,6
Stavanger - Våland;SN44640;02.11.2023 15:00;8,3
Stavanger - Våland;SN44640;02.11.2023 16:00;8,7
Stavanger - Våland;SN44640;02.11.2023 17:00;8,6
Stavanger - Våland;SN44640;02.11.2023 18:00;8,9
Stavanger - Våland;SN44640;02.11.2023 19:00;9,1
Stavanger - Våland;SN44640;02.11.2023 20:00;8,7
Stavanger - Våland;SN44640;02.11.2023 21:00;8
Stavanger - Våland;SN44640;02.11.2023 22:00;7,7
Stavanger - Våland;SN44640;02.11.2023 23:00;8,2
Stavanger - Våland;SN44640;03.11.2023 00:00;8,5
Stavanger - Våland;SN44640;03.11.2023 01:00;8,9
Stavanger - Våland;SN44640;03.11.2023 02:00;9,3
Stavanger - Våland;SN44640;03.11.2023 03:00;9,4
Stavanger - Våland;SN44640;03.11.2023 04:00;9,2
Stavanger - Våland;SN44640;03.11.2023 05:00;10,2
Stavanger - Våland;SN44640;03.11.2023 06:00;10,8
Stavanger - Våland;SN44640;03.11.2023 07:00;10,5
Stavanger - Våland;SN44640;03.11.2023 08:00;10,5
Stavanger - Våland;SN44640;03.11.2023 09:00;10,4
Stavanger - Våland;SN44640;03.11.2023 10:00;10,1
Stavanger - Våland;SN44640;03.11.2023 11:00;9,3
Stavanger - Våland;SN44640;03.11.2023 12:00;9
Stavanger - Våland;SN44640;03.11.2023 13:00;9,3
Stavanger - Våland;SN44640;03.11.2023 14:00;9,9
Stavanger - Våland;SN44640;03.11.2023 15:00;9,8
Stavanger - Våland;SN44640;03.11.2023 16:00;9,7
Stavanger - Våland;SN44640;03.11.2023 17:00;9,3
Stavanger - Våland;SN44640;03.11.2023 18:00;9,2
Stavanger - Våland;SN44640;03.11.2023 19:00;9,3
Stavanger - Våland;SN44640;03.11.2023 20:00;9,5
Stavanger - Våland;SN44640;03.11.2023 21:00;9,4
Stavanger - Våland;SN44640;03.11.2023 22:00;10
Stavanger - Våland;SN44640;03.11.2023 23:00;9,4
Stavanger - Våland;SN44640;04.11.2023 00:00;9,4
Stavanger - Våland;SN44640;04.11.2023 01:00;9,9
Stavanger - Våland;SN44640;04.11.2023 02:00;10,2
Stavanger - Våland;SN44640;04.11.2023 03:00;10,2
Stavanger - Våland;SN44640;04.11.2023 04:00;10,2
Stavanger - Våland;SN44640;04.11.2023 05:00;10,1
Stavanger - Våland;SN44640;04.11.2023 06:00;10,6
Stavanger - Våland;SN44640;04.11.2023 07:00;10,4
Stavanger - Våland;SN44640;04.11.2023 08:00;10,4
Stavanger - Våland;SN44640;04.11.2023 09:00;10,3
Stavanger - Våland;SN44640;04.11.2023 10:00;10,5
Stavanger - Våland;SN44640;04.11.2023 11:00;10,5
Stavanger - Våland;SN44640;04.11.2023 12:00;11,2
Stavanger - Våland;SN44640;04.11.2023 13:00;11,1
Stavanger - Våland;SN44640;04.11.2023 14:00;11,1
Stavanger - Våland;SN44640;04.11.2023 15:00;11,3
Stavanger - Våland;SN44640;04.11.2023 16:00;9,7
Stavanger - Våland;SN44640;04.11.2023 17:00;9,5
Stavanger - Våland;SN44640;04.11.2023 18:00;9,3
Stavanger - Våland;SN44640;04.11.2023 19:00;8,5
Stavanger - Våland;SN44640;04.11.2023 20:00;8,4
Stavanger - Våland;SN44640;04.11.2023 21:00;7,9
Stavanger - Våland;SN44640;04.11.2023 22:00;8,2
Stavanger - Våland;SN44640;04.11.2023 23:00;8,2
Stavanger - Våland;SN44640;05.11.2023 00:00;8,3
Stavanger - Våland;SN44640;05.11.2023 01:00;7,9
Stavanger - Våland;SN44640;05.11.2023 02:00;7,4
Stavanger - Våland;SN44640;05.11.2023 03:00;7,5
Stavanger - Våland;SN44640;05.11.2023 04:00;8
Stavanger - Våland;SN44640;05.11.2023 05:00;7,4
Stavanger - Våland;SN44640;05.11.2023 06:00;7,4
Stavanger - Våland;SN44640;05.11.2023 07:00;7,2
Stavanger - Våland;SN44640;05.11.2023 08:00;7,7
Stavanger - Våland;SN44640;05.11.2023 09:00;8,2
Stavanger - Våland;SN44640;05.11.2023 10:00;8,5
Stavanger - Våland;SN44640;05.11.2023 11:00;9
Stavanger - Våland;SN44640;05.11.2023 12:00;9
Stavanger - Våland;SN44640;05.11.2023 13:00;9,3
Stavanger - Våland;SN44640;05.11.2023 14:00;9,5
Stavanger - Våland;SN44640;05.11.2023 15:00;9,1
Stavanger - Våland;SN44640;05.11.2023 16:00;8,8
Stavanger - Våland;SN44640;05.11.2023 17:00;7,9
Stavanger - Våland;SN44640;05.11.2023 18:00;8,5
Stavanger - Våland;SN44640;05.11.2023 19:00;8,5
Stavanger - Våland;SN44640;05.11.2023 20:00;8,8
Stavanger - Våland;SN44640;05.11.2023 21:00;8,5
Stavanger - Våland;SN44640;05.11.2023 22:00;8
Stavanger - Våland;SN44640;05.11.2023 23:00;8,4
Stavanger - Våland;SN44640;06.11.2023 00:00;7,9
Stavanger - Våland;SN44640;06.11.2023 01:00;7,5
Stavanger - Våland;SN44640;06.11.2023 02:00;8,4
Stavanger - Våland;SN44640;06.11.2023 03:00;7,7
Stavanger - Våland;SN44640;06.11.2023 04:00;7,7
Stavanger - Våland;SN44640;06.11.2023 05:00;7,7
Stavanger - Våland;SN44640;06.11.2023 06:00;7
Stavanger - Våland;SN44640;06.11.2023 07:00;6,7
Stavanger - Våland;SN44640;06.11.2023 08:00;6,9
Stavanger - Våland;SN44640;06.11.2023 09:00;6,5
Stavanger - Våland;SN44640;06.11.2023 10:00;8
Stavanger - Våland;SN44640;06.11.2023 11:00;9,2
Stavanger - Våland;SN44640;06.11.2023 12:00;9
Stavanger - Våland;SN44640;06.11.2023 13:00;9,4
Stavanger - Våland;SN44640;06.11.2023 14:00;9,8
Stavanger - Våland;SN44640;06.11.2023 15:00;9,7
Stavanger - Våland;SN44640;06.11.2023 16:00;8,9
Stavanger - Våland;SN44640;06.11.2023 17:00;7,7
Stavanger - Våland;SN44640;06.11.2023 18:00;7,6
Stavanger - Våland;SN44640;06.11.2023 19:00;7,5
Stavanger - Våland;SN44640;06.11.2023 20:00;7,4
Stavanger - Våland;SN44640;06.11.2023 21:00;7,1
Stavanger - Våland;SN44640;06.11.2023 22:00;7,1
Stavanger - Våland;SN44640;06.11.2023 23:00;7,3
Stavanger - Våland;SN44640;07.11.2023 00:00;6,8
Stavanger - Våland;SN44640;07.11.2023 01:00;6,8
Stavanger - Våland;SN44640;07.11.2023 02:00;6,7
Stavanger - Våland;SN44640;07.11.2023 03:00;6,5
Stavanger - Våland;SN44640;07.11.2023 04:00;6,4
Stavanger - Våland;SN44640;07.11.2023 05:00;6,1
Stavanger - Våland;SN44640;07.11.2023 06:00;6,1
Stavanger - Våland;SN44640;07.11.2023 07:00;6,1
Stavanger - Våland;SN44640;07.11.2023 08:00;5,9
Stavanger - Våland;SN44640;07.11.2023 09:00;5,9
Stavanger - Våland;SN44640;07.11.2023 10:00;6,1
Stavanger - Våland;SN44640;07.11.2023 11:00;6,9
Stavanger - Våland;SN44640;07.11.2023 12:00;7,7
Stavanger - Våland;SN44640;07.11.2023 13:00;8,7
Stavanger - Våland;SN44640;07.11.2023 14:00;8,2
Stavanger - Våland;SN44640;07.11.2023 15:00;7,9
Stavanger - Våland;SN44640;07.11.2023 16:00;6,9
Stavanger - Våland;SN44640;07.11.2023 17:00;6,1
Stavanger - Våland;SN44640;07.11.2023 18:00;6,3
Stavanger - Våland;SN44640;07.11.2023 19:00;5,8
Stavanger - Våland;SN44640;07.11.2023 20:00;5,5
Stavanger - Våland;SN44640;07.11.2023 21:00;5,2
Stavanger - Våland;SN44640;07.11.2023 22:00;4,7
Stavanger - Våland;SN44640;07.11.2023 23:00;4,3
Stavanger - Våland;SN44640;08.11.2023 00:00;4,2
Stavanger - Våland;SN44640;08.11.2023 01:00;4,2
Stavanger - Våland;SN44640;08.11.2023 02:00;4,2
Stavanger - Våland;SN44640;08.11.2023 03:00;3,8
Stavanger - Våland;SN44640;08.11.2023 04:00;3,4
Stavanger - Våland;SN44640;08.11.2023 05:00;3
Stavanger - Våland;SN44640;08.11.2023 06:00;3,3
Stavanger - Våland;SN44640;08.11.2023 07:00;3,5
Stavanger - Våland;SN44640;08.11.2023 08:00;3,1
Stavanger - Våland;SN44640;08.11.2023 09:00;3,3
Stavanger - Våland;SN44640;08.11.2023 10:00;5,1
Stavanger - Våland;SN44640;08.11.2023 11:00;6,2
Stavanger - Våland;SN44640;08.11.2023 12:00;7
Stavanger - Våland;SN44640;08.11.2023 13:00;8,2
Stavanger - Våland;SN44640;08.11.2023 14:00;7,8
Stavanger - Våland;SN44640;08.11.2023 15:00;7,7
Stavanger - Våland;SN44640;08.11.2023 16:00;7,6
Stavanger - Våland;SN44640;08.11.2023 17:00;7,1
Stavanger - Våland;SN44640;08.11.2023 18:00;7,5
Stavanger - Våland;SN44640;08.11.2023 19:00;7,9
Stavanger - Våland;SN44640;08.11.2023 20:00;7,8
Stavanger - Våland;SN44640;08.11.2023 21:00;7,4
Stavanger - Våland;SN44640;08.11.2023 22:00;7,3
Stavanger - Våland;SN44640;08.11.2023 23:00;7,4
Stavanger - Våland;SN44640;09.11.2023 00:00;6
Stavanger - Våland;SN44640;09.11.2023 01:00;5,6
Stavanger - Våland;SN44640;09.11.2023 02:00;5,1
Stavanger - Våland;SN44640;09.11.2023 03:00;5,4
Stavanger - Våland;SN44640;09.11.2023 04:00;4,8
Stavanger - Våland;SN44640;09.11.2023 05:00;4,9
Stavanger - Våland;SN44640;09.11.2023 06:00;5,1
Stavanger - Våland;SN44640;09.11.2023 07:00;4,5
Stavanger - Våland;SN44640;09.11.2023 08:00;4,8
Stavanger - Våland;SN44640;09.11.2023 09:00;4,6
Stavanger - Våland;SN44640;09.11.2023 10:00;5,8
Stavanger - Våland;SN44640;09.11.2023 11:00;6,5
Stavanger - Våland;SN44640;09.11.2023 12:00;7,5
Stavanger - Våland;SN44640;09.11.2023 13:00;9,1
Stavanger - Våland;SN44640;09.11.2023 14:00;9,1
Stavanger - Våland;SN44640;09.11.2023 15:00;8,4
Stavanger - Våland;SN44640;09.11.2023 16:00;8,2
Stavanger - Våland;SN44640;09.11.2023 17:00;7,5
Stavanger - Våland;SN44640;09.11.2023 18:00;7
Stavanger - Våland;SN44640;09.11.2023 19:00;7,2
Stavanger - Våland;SN44640;09.11.2023 20:00;7,2
Stavanger - Våland;SN44640;09.11.2023 21:00;7,4
Stavanger - Våland;SN44640;09.11.2023 22:00;7,3
Stavanger - Våland;SN44640;09.11.2023 23:00;7,4
Stavanger - Våland;SN44640;10.11.2023 00:00;6,9
Stavanger - Våland;SN44640;10.11.2023 01:00;6,8
Stavanger - Våland;SN44640;10.11.2023 02:00;7,2
Stavanger - Våland;SN44640;10.11.2023 03:00;7,4
Stavanger - Våland;SN44640;10.11.2023 04:00;7,5
Stavanger - Våland;SN44640;10.11.2023 05:00;7,6
Stavanger - Våland;SN44640;10.11.2023 06:00;7,8
Stavanger - Våland;SN44640;10.11.2023 07:00;7
Stavanger - Våland;SN44640;10.11.2023 08:00;6,7
Stavanger - Våland;SN44640;10.11.2023 09:00;6,5
Stavanger - Våland;SN44640;10.11.2023 10:00;5,9
Stavanger - Våland;SN44640;10.11.2023 11:00;6,6
Stavanger - Våland;SN44640;10.11.2023 12:00;6,8
Stavanger - Våland;SN44640;10.11.2023 13:00;6,5
Stavanger - Våland;SN44640;10.11.2023 14:00;6,8
Stavanger - Våland;SN44640;10.11.2023 15:00;7,2
Stavanger - Våland;SN44640;10.11.2023 16:00;7,1
Stavanger - Våland;SN44640;10.11.2023 17:00;6,5
Stavanger - Våland;SN44640;10.11.2023 18:00;6,4
Stavanger - Våland;SN44640;10.11.2023 19:00;5,7
Stavanger - Våland;SN44640;10.11.2023 20:00;6,1
Stavanger - Våland;SN44640;10.11.2023 21:00;5,9
Stavanger - Våland;SN44640;10.11.2023 22:00;5,7
Stavanger - Våland;SN44640;10.11.2023 23:00;5,4
Stavanger - Våland;SN44640;11.11.2023 00:00;5,3
Stavanger - Våland;SN44640;11.11.2023 01:00;5,3
Stavanger - Våland;SN44640;11.11.2023 02:00;5,3
Stavanger - Våland;SN44640;11.11.2023 03:00;5,1
Stavanger - Våland;SN44640;11.11.2023 04:00;5,1
Stavanger - Våland;SN44640;11.11.2023 05:00;4,8
Stavanger - Våland;SN44640;11.11.2023 06:00;4,6
Stavanger - Våland;SN44640;11.11.2023 07:00;4,2
Stavanger - Våland;SN44640;11.11.2023 08:00;4,4
Stavanger - Våland;SN44640;11.11.2023 09:00;3,9
Stavanger - Våland;SN44640;11.11.2023 10:00;3,9
Stavanger - Våland;SN44640;11.11.2023 11:00;4,7
Stavanger - Våland;SN44640;11.11.2023 12:00;5,3
Stavanger - Våland;SN44640;11.11.2023 13:00;5,9
Stavanger - Våland;SN44640;11.11.2023 14:00;5,8
Stavanger - Våland;SN44640;11.11.2023 15:00;5,2
Stavanger - Våland;SN44640;11.11.2023 16:00;4,9
Stavanger - Våland;SN44640;11.11.2023 17:00;4,7
Stavanger - Våland;SN44640;11.11.2023 18:00;3,7
Stavanger - Våland;SN44640;11.11.2023 19:00;3,9
Stavanger - Våland;SN44640;11.11.2023 20:00;4,2
Stavanger - Våland;SN44640;11.11.2023 21:00;4,2
Stavanger - Våland;SN44640;11.11.2023 22:00;4
Stavanger - Våland;SN44640;11.11.2023 23:00;4
Stavanger - Våland;SN44640;12.11.2023 00:00;4
Stavanger - Våland;SN44640;12.11.2023 01:00;3,6
Stavanger - Våland;SN44640;12.11.2023 02:00;3,5
Stavanger - Våland;SN44640;12.11.2023 03:00;2,9
Stavanger - Våland;SN44640;12.11.2023 04:00;2,8
Stavanger - Våland;SN44640;12.11.2023 05:00;2,6
Stavanger - Våland;SN44640;12.11.2023 06:00;2,4
Stavanger - Våland;SN44640;12.11.2023 07:00;2,3
Stavanger - Våland;SN44640;12.11.2023 08:00;2,4
Stavanger - Våland;SN44640;12.11.2023 09:00;2,9
Stavanger - Våland;SN44640;12.11.2023 10:00;3,4
Stavanger - Våland;SN44640;12.11.2023 11:00;4
Stavanger - Våland;SN44640;12.11.2023 12:00;4,6
Stavanger - Våland;SN44640;12.11.2023 13:00;5,7
Stavanger - Våland;SN44640;12.11.2023 14:00;5,1
Stavanger - Våland;SN44640;12.11.2023 15:00;5,2
Stavanger - Våland;SN44640;12.11.2023 16:00;4,8
Stavanger - Våland;SN44640;12.11.2023 17:00;4,7
Stavanger - Våland;SN44640;12.11.2023 18:00;4,4
Stavanger - Våland;SN44640;12.11.2023 19:00;4,4
Stavanger - Våland;SN44640;12.11.2023 20:00;4,9
Stavanger - Våland;SN44640;12.11.2023 21:00;4,7
Stavanger - Våland;SN44640;12.11.2023 22:00;4,6
Stavanger - Våland;SN44640;12.11.2023 23:00;4,3
Stavanger - Våland;SN44640;13.11.2023 00:00;3,9
Stavanger - Våland;SN44640;13.11.2023 01:00;4,2
Stavanger - Våland;SN44640;13.11.2023 02:00;4,6
Stavanger - Våland;SN44640;13.11.2023 03:00;4,3
Stavanger - Våland;SN44640;13.11.2023 04:00;4,6
Stavanger - Våland;SN44640;13.11.2023 05:00;4,8
Stavanger - Våland;SN44640;13.11.2023 06:00;5,2
Stavanger - Våland;SN44640;13.11.2023 07:00;5,2
Stavanger - Våland;SN44640;13.11.2023 08:00;5,2
Stavanger - Våland;SN44640;13.11.2023 09:00;5,6
Stavanger - Våland;SN44640;13.11.2023 10:00;6,1
Stavanger - Våland;SN44640;13.11.2023 11:00;6,5
Stavanger - Våland;SN44640;13.11.2023 12:00;6,5
Stavanger - Våland;SN44640;13.11.2023 13:00;7
Stavanger - Våland;SN44640;13.11.2023 14:00;6,4
Stavanger - Våland;SN44640;13.11.2023 15:00;6,1
Stavanger - Våland;SN44640;13.11.2023 16:00;5,8
Stavanger - Våland;SN44640;13.11.2023 17:00;4,7
Stavanger - Våland;SN44640;13.11.2023 18:00;4,4
Stavanger - Våland;SN44640;13.11.2023 19:00;5,6
Stavanger - Våland;SN44640;13.11.2023 20:00;4,7
Stavanger - Våland;SN44640;13.11.2023 21:00;6
Stavanger - Våland;SN44640;13.11.2023 22:00;5,8
Stavanger - Våland;SN44640;13.11.2023 23:00;5,6
Stavanger - Våland;SN44640;14.11.2023 00:00;5,6
Stavanger - Våland;SN44640;14.11.2023 01:00;5,3
Stavanger - Våland;SN44640;14.11.2023 02:00;4,7
Stavanger - Våland;SN44640;14.11.2023 03:00;4,4
Stavanger - Våland;SN44640;14.11.2023 04:00;4,3
Stavanger - Våland;SN44640;14.11.2023 05:00;4,1
Stavanger - Våland;SN44640;14.11.2023 06:00;4,2
Stavanger - Våland;SN44640;14.11.2023 07:00;4,3
Stavanger - Våland;SN44640;14.11.2023 08:00;4,4
Stavanger - Våland;SN44640;14.11.2023 09:00;4,1
Stavanger - Våland;SN44640;14.11.2023 10:00;3,8
Stavanger - Våland;SN44640;14.11.2023 11:00;5,2
Stavanger - Våland;SN44640;14.11.2023 12:00;5,6
Stavanger - Våland;SN44640;14.11.2023 13:00;6,6
Stavanger - Våland;SN44640;14.11.2023 14:00;6,1
Stavanger - Våland;SN44640;14.11.2023 15:00;5,8
Stavanger - Våland;SN44640;14.11.2023 16:00;5,3
Stavanger - Våland;SN44640;14.11.2023 17:00;4,1
Stavanger - Våland;SN44640;14.11.2023 18:00;3,7
Stavanger - Våland;SN44640;14.11.2023 19:00;2
Stavanger - Våland;SN44640;14.11.2023 20:00;3
Stavanger - Våland;SN44640;14.11.2023 21:00;2,1
Stavanger - Våland;SN44640;14.11.2023 22:00;1,3
Stavanger - Våland;SN44640;14.11.2023 23:00;1,3
Stavanger - Våland;SN44640;15.11.2023 00:00;0,7
Stavanger - Våland;SN44640;15.11.2023 01:00;0,5
Stavanger - Våland;SN44640;15.11.2023 02:00;1,5
Stavanger - Våland;SN44640;15.11.2023 03:00;1,1
Stavanger - Våland;SN44640;15.11.2023 04:00;1,8
Stavanger - Våland;SN44640;15.11.2023 05:00;2,2
Stavanger - Våland;SN44640;15.11.2023 06:00;2,2
Stavanger - Våland;SN44640;15.11.2023 07:00;2,5
Stavanger - Våland;SN44640;15.11.2023 08:00;2,3
Stavanger - Våland;SN44640;15.11.2023 09:00;1,7
Stavanger - Våland;SN44640;15.11.2023 10:00;2,4
Stavanger - Våland;SN44640;15.11.2023 11:00;3,8
Stavanger - Våland;SN44640;15.11.2023 12:00;4,3
Stavanger - Våland;SN44640;15.11.2023 13:00;4,8
Stavanger - Våland;SN44640;15.11.2023 14:00;4,6
Stavanger - Våland;SN44640;15.11.2023 15:00;4,6
Stavanger - Våland;SN44640;15.11.2023 16:00;4,3
Stavanger - Våland;SN44640;15.11.2023 17:00;3,7
Stavanger - Våland;SN44640;15.11.2023 18:00;3,5
Stavanger - Våland;SN44640;15.11.2023 19:00;3,2
Stavanger - Våland;SN44640;15.11.2023 20:00;2,9
Stavanger - Våland;SN44640;15.11.2023 21:00;2,6
Stavanger - Våland;SN44640;15.11.2023 22:00;0,7
Stavanger - Våland;SN44640;15.11.2023 23:00;1,4
Stavanger - Våland;SN44640;16.11.2023 00:00;2
Stavanger - Våland;SN44640;16.11.2023 01:00;2
Stavanger - Våland;SN44640;16.11.2023 02:00;1,1
Stavanger - Våland;SN44640;16.11.2023 03:00;0,9
Stavanger - Våland;SN44640;16.11.2023 04:00;1,1
Stavanger - Våland;SN44640;16.11.2023 05:00;1,3
Stavanger - Våland;SN44640;16.11.2023 06:00;1,8
Stavanger - Våland;SN44640;16.11.2023 07:00;2
Stavanger - Våland;SN44640;16.11.2023 08:00;2
Stavanger - Våland;SN44640;16.11.2023 09:00;2,3
Stavanger - Våland;SN44640;16.11.2023 10:00;1,9
Stavanger - Våland;SN44640;16.11.2023 11:00;1,4
Stavanger - Våland;SN44640;16.11.2023 12:00;1,3
Stavanger - Våland;SN44640;16.11.2023 13:00;1,2
Stavanger - Våland;SN44640;16.11.2023 14:00;0,5
Stavanger - Våland;SN44640;16.11.2023 15:00;0,6
Stavanger - Våland;SN44640;16.11.2023 16:00;0,6
Stavanger - Våland;SN44640;16.11.2023 17:00;0,6
Stavanger - Våland;SN44640;16.11.2023 18:00;1
Stavanger - Våland;SN44640;16.11.2023 19:00;1
Stavanger - Våland;SN44640;16.11.2023 20:00;0,9
Stavanger - Våland;SN44640;16.11.2023 21:00;0,7
Stavanger - Våland;SN44640;16.11.2023 22:00;1,3
Stavanger - Våland;SN44640;16.11.2023 23:00;1,4
Stavanger - Våland;SN44640;17.11.2023 00:00;1,2
Stavanger - Våland;SN44640;17.11.2023 01:00;1,1
Stavanger - Våland;SN44640;17.11.2023 02:00;0,7
Stavanger - Våland;SN44640;17.11.2023 03:00;0,3
Stavanger - Våland;SN44640;17.11.2023 04:00;0,4
Stavanger - Våland;SN44640;17.11.2023 05:00;0
Stavanger - Våland;SN44640;17.11.2023 06:00;0,2
Stavanger - Våland;SN44640;17.11.2023 07:00;0,6
Stavanger - Våland;SN44640;17.11.2023 08:00;0,9
Stavanger - Våland;SN44640;17.11.2023 09:00;1
Stavanger - Våland;SN44640;17.11.2023 10:00;1,5
Stavanger - Våland;SN44640;17.11.2023 11:00;2,2
Stavanger - Våland;SN44640;17.11.2023 12:00;2,8
Stavanger - Våland;SN44640;17.11.2023 13:00;2,9
Stavanger - Våland;SN44640;17.11.2023 14:00;2,4
Stavanger - Våland;SN44640;17.11.2023 15:00;2
Stavanger - Våland;SN44640;17.11.2023 16:00;1,9
Stavanger - Våland;SN44640;17.11.2023 17:00;1,8
Stavanger - Våland;SN44640;17.11.2023 18:00;0,9
Stavanger - Våland;SN44640;17.11.2023 19:00;1,9
Stavanger - Våland;SN44640;17.11.2023 20:00;1,8
Stavanger - Våland;SN44640;17.11.2023 21:00;2,4
Stavanger - Våland;SN44640;17.11.2023 22:00;2
Stavanger - Våland;SN44640;17.11.2023 23:00;1,8
Stavanger - Våland;SN44640;18.11.2023 00:00;2,1
Stavanger - Våland;SN44640;18.11.2023 01:00;3,2
Stavanger - Våland;SN44640;18.11.2023 02:00;3,8
Stavanger - Våland;SN44640;18.11.2023 03:00;4
Stavanger - Våland;SN44640;18.11.2023 04:00;4
Stavanger - Våland;SN44640;18.11.2023 05:00;3,7
Stavanger - Våland;SN44640;18.11.2023 06:00;3,8
Stavanger - Våland;SN44640;18.11.2023 07:00;4,2
Stavanger - Våland;SN44640;18.11.2023 08:00;4,3
Stavanger - Våland;SN44640;18.11.2023 09:00;4,4
Stavanger - Våland;SN44640;18.11.2023 10:00;4,7
Stavanger - Våland;SN44640;18.11.2023 11:00;5
Stavanger - Våland;SN44640;18.11.2023 12:00;5,1
Stavanger - Våland;SN44640;18.11.2023 13:00;5,3
Stavanger - Våland;SN44640;18.11.2023 14:00;4,9
Stavanger - Våland;SN44640;18.11.2023 15:00;4,8
Stavanger - Våland;SN44640;18.11.2023 16:00;4,6
Stavanger - Våland;SN44640;18.11.2023 17:00;4,7
Stavanger - Våland;SN44640;18.11.2023 18:00;4,9
Stavanger - Våland;SN44640;18.11.2023 19:00;4,7
Stavanger - Våland;SN44640;18.11.2023 20:00;4,7
Stavanger - Våland;SN44640;18.11.2023 21:00;4,9
Stavanger - Våland;SN44640;18.11.2023 22:00;4,9
Stavanger - Våland;SN44640;18.11.2023 23:00;4,8
Stavanger - Våland;SN44640;19.11.2023 00:00;4,7
Stavanger - Våland;SN44640;19.11.2023 01:00;4,7
Stavanger - Våland;SN44640;19.11.2023 02:00;4,2
Stavanger - Våland;SN44640;19.11.2023 03:00;3,9
Stavanger - Våland;SN44640;19.11.2023 04:00;4,1
Stavanger - Våland;SN44640;19.11.2023 05:00;4,5
Stavanger - Våland;SN44640;19.11.2023 06:00;5
Stavanger - Våland;SN44640;19.11.2023 07:00;4,9
Stavanger - Våland;SN44640;19.11.2023 08:00;3,6
Stavanger - Våland;SN44640;19.11.2023 09:00;3
Stavanger - Våland;SN44640;19.11.2023 10:00;2,9
Stavanger - Våland;SN44640;19.11.2023 11:00;2,8
Stavanger - Våland;SN44640;19.11.2023 12:00;3,5
Stavanger - Våland;SN44640;19.11.2023 13:00;4,5
Stavanger - Våland;SN44640;19.11.2023 14:00;5,1
Stavanger - Våland;SN44640;19.11.2023 15:00;5,3
Stavanger - Våland;SN44640;19.11.2023 16:00;5,3
Stavanger - Våland;SN44640;19.11.2023 17:00;5,3
Stavanger - Våland;SN44640;19.11.2023 18:00;5,3
Stavanger - Våland;SN44640;19.11.2023 19:00;5,5
Stavanger - Våland;SN44640;19.11.2023 20:00;5,4
Stavanger - Våland;SN44640;19.11.2023 21:00;5,2
Stavanger - Våland;SN44640;19.11.2023 22:00;5,4
Stavanger - Våland;SN44640;19.11.2023 23:00;5,5
Stavanger - Våland;SN44640;20.11.2023 00:00;5,5
Stavanger - Våland;SN44640;20.11.2023 01:00;5,5
Stavanger - Våland;SN44640;20.11.2023 02:00;5,6
Stavanger - Våland;SN44640;20.11.2023 03:00;5,5
Stavanger - Våland;SN44640;20.11.2023 04:00;5,4
Stavanger - Våland;SN44640;20.11.2023 05:00;5,3
Stavanger - Våland;SN44640;20.11.2023 06:00;5,3
Stavanger - Våland;SN44640;20.11.2023 07:00;5,4
Stavanger - Våland;SN44640;20.11.2023 08:00;5,4
Stavanger - Våland;SN44640;20.11.2023 09:00;5,2
Stavanger - Våland;SN44640;20.11.2023 10:00;5,4
Stavanger - Våland;SN44640;20.11.2023 11:00;5,6
Stavanger - Våland;SN44640;20.11.2023 12:00;5,5
Stavanger - Våland;SN44640;20.11.2023 13:00;6,2
Stavanger - Våland;SN44640;20.11.2023 14:00;5,9
Stavanger - Våland;SN44640;20.11.2023 15:00;5,3
Stavanger - Våland;SN44640;20.11.2023 16:00;4,7
Stavanger - Våland;SN44640;20.11.2023 17:00;4,4
Stavanger - Våland;SN44640;20.11.2023 18:00;4,5
Stavanger - Våland;SN44640;20.11.2023 19:00;4
Stavanger - Våland;SN44640;20.11.2023 20:00;4,7
Stavanger - Våland;SN44640;20.11.2023 21:00;4,4
Stavanger - Våland;SN44640;20.11.2023 22:00;4,1
Stavanger - Våland;SN44640;20.11.2023 23:00;4,3
Stavanger - Våland;SN44640;21.11.2023 00:00;4
Stavanger - Våland;SN44640;21.11.2023 01:00;3,9
Stavanger - Våland;SN44640;21.11.2023 02:00;4
Stavanger - Våland;SN44640;21.11.2023 03:00;4
Stavanger - Våland;SN44640;21.11.2023 04:00;3,6
Stavanger - Våland;SN44640;21.11.2023 05:00;3,3
Stavanger - Våland;SN44640;21.11.2023 06:00;3,1
Stavanger - Våland;SN44640;21.11.2023 07:00;3,2
Stavanger - Våland;SN44640;21.11.2023 08:00;3
Stavanger - Våland;SN44640;21.11.2023 09:00;2,7
Stavanger - Våland;SN44640;21.11.2023 10:00;3,4
Stavanger - Våland;SN44640;21.11.2023 11:00;3,8
Stavanger - Våland;SN44640;21.11.2023 12:00;4,4
Stavanger - Våland;SN44640;21.11.2023 13:00;4,8
Stavanger - Våland;SN44640;21.11.2023 14:00;4,8
Stavanger - Våland;SN44640;21.11.2023 15:00;4,8
Stavanger - Våland;SN44640;21.11.2023 16:00;4,5
Stavanger - Våland;SN44640;21.11.2023 17:00;4,1
Stavanger - Våland;SN44640;21.11.2023 18:00;3,8
Stavanger - Våland;SN44640;21.11.2023 19:00;3,6
Stavanger - Våland;SN44640;21.11.2023 20:00;3,6
Stavanger - Våland;SN44640;21.11.2023 21:00;3,9
Stavanger - Våland;SN44640;21.11.2023 22:00;4,2
Stavanger - Våland;SN44640;21.11.2023 23:00;4,1
Stavanger - Våland;SN44640;22.11.2023 00:00;4
Stavanger - Våland;SN44640;22.11.2023 01:00;3,9
Stavanger - Våland;SN44640;22.11.2023 02:00;4
Stavanger - Våland;SN44640;22.11.2023 03:00;4,1
Stavanger - Våland;SN44640;22.11.2023 04:00;4,2
Stavanger - Våland;SN44640;22.11.2023 05:00;4,7
Stavanger - Våland;SN44640;22.11.2023 06:00;4,8
Stavanger - Våland;SN44640;22.11.2023 07:00;4,7
Stavanger - Våland;SN44640;22.11.2023 08:00;5
Stavanger - Våland;SN44640;22.11.2023 09:00;5,9
Stavanger - Våland;SN44640;22.11.2023 10:00;7,3
Stavanger - Våland;SN44640;22.11.2023 11:00;7,8
Stavanger - Våland;SN44640;22.11.2023 12:00;8,5
Stavanger - Våland;SN44640;22.11.2023 13:00;8,9
Stavanger - Våland;SN44640;22.11.2023 14:00;9,5
Stavanger - Våland;SN44640;22.11.2023 15:00;9
Stavanger - Våland;SN44640;22.11.2023 16:00;8,8
Stavanger - Våland;SN44640;22.11.2023 17:00;8,5
Stavanger - Våland;SN44640;22.11.2023 18:00;8,8
Stavanger - Våland;SN44640;22.11.2023 19:00;8,7
Stavanger - Våland;SN44640;22.11.2023 20:00;8,5
Stavanger - Våland;SN44640;22.11.2023 21:00;8,1
Stavanger - Våland;SN44640;22.11.2023 22:00;7,2
Stavanger - Våland;SN44640;22.11.2023 23:00;8,4
Stavanger - Våland;SN44640;23.11.2023 00:00;8,6
Stavanger - Våland;SN44640;23.11.2023 01:00;8,3
Stavanger - Våland;SN44640;23.11.2023 02:00;8,4
Stavanger - Våland;SN44640;23.11.2023 03:00;8,4
Stavanger - Våland;SN44640;23.11.2023 04:00;8,5
Stavanger - Våland;SN44640;23.11.2023 05:00;8,4
Stavanger - Våland;SN44640;23.11.2023 06:00;7,7
Stavanger - Våland;SN44640;23.11.2023 07:00;7,7
Stavanger - Våland;SN44640;23.11.2023 08:00;6,2
Stavanger - Våland;SN44640;23.11.2023 09:00;5,5
Stavanger - Våland;SN44640;23.11.2023 10:00;5,8
Stavanger - Våland;SN44640;23.11.2023 11:00;5,7
Stavanger - Våland;SN44640;23.11.2023 12:00;5,1
Stavanger - Våland;SN44640;23.11.2023 13:00;5,4
Stavanger - Våland;SN44640;23.11.2023 14:00;4,7
Stavanger - Våland;SN44640;23.11.2023 15:00;5,3
Stavanger - Våland;SN44640;23.11.2023 16:00;4
Stavanger - Våland;SN44640;23.11.2023 17:00;4,2
Stavanger - Våland;SN44640;23.11.2023 18:00;4
Stavanger - Våland;SN44640;23.11.2023 19:00;2,7
Stavanger - Våland;SN44640;23.11.2023 20:00;1,6
Stavanger - Våland;SN44640;23.11.2023 21:00;2,3
Stavanger - Våland;SN44640;23.11.2023 22:00;0,8
Stavanger - Våland;SN44640;23.11.2023 23:00;1,5
Stavanger - Våland;SN44640;24.11.2023 00:00;1,9
Stavanger - Våland;SN44640;24.11.2023 01:00;2,1
Stavanger - Våland;SN44640;24.11.2023 02:00;3,2
Stavanger - Våland;SN44640;24.11.2023 03:00;1
Stavanger - Våland;SN44640;24.11.2023 04:00;1,4
Stavanger - Våland;SN44640;24.11.2023 05:00;1,8
Stavanger - Våland;SN44640;24.11.2023 06:00;2,3
Stavanger - Våland;SN44640;24.11.2023 07:00;1,5
Stavanger - Våland;SN44640;24.11.2023 08:00;1,2
Stavanger - Våland;SN44640;24.11.2023 09:00;2
Stavanger - Våland;SN44640;24.11.2023 10:00;2,3
Stavanger - Våland;SN44640;24.11.2023 11:00;2,8
Stavanger - Våland;SN44640;24.11.2023 12:00;3,5
Stavanger - Våland;SN44640;24.11.2023 13:00;4
Stavanger - Våland;SN44640;24.11.2023 14:00;3,8
Stavanger - Våland;SN44640;24.11.2023 15:00;3,7
Stavanger - Våland;SN44640;24.11.2023 16:00;3,4
Stavanger - Våland;SN44640;24.11.2023 17:00;3
Stavanger - Våland;SN44640;24.11.2023 18:00;3,1
Stavanger - Våland;SN44640;24.11.2023 19:00;2,7
Stavanger - Våland;SN44640;24.11.2023 20:00;2,7
Stavanger - Våland;SN44640;24.11.2023 21:00;2,6
Stavanger - Våland;SN44640;24.11.2023 22:00;2,3
Stavanger - Våland;SN44640;24.11.2023 23:00;2,7
Stavanger - Våland;SN44640;25.11.2023 00:00;3,4
Stavanger - Våland;SN44640;25.11.2023 01:00;4
Stavanger - Våland;SN44640;25.11.2023 02:00;3,5
Stavanger - Våland;SN44640;25.11.2023 03:00;3,6
Stavanger - Våland;SN44640;25.11.2023 04:00;3,1
Stavanger - Våland;SN44640;25.11.2023 05:00;2,7
Stavanger - Våland;SN44640;25.11.2023 06:00;2,7
Stavanger - Våland;SN44640;25.11.2023 07:00;2,3
Stavanger - Våland;SN44640;25.11.2023 08:00;2,4
Stavanger - Våland;SN44640;25.11.2023 09:00;2,6
Stavanger - Våland;SN44640;25.11.2023 10:00;1,7
Stavanger - Våland;SN44640;25.11.2023 11:00;3,2
Stavanger - Våland;SN44640;25.11.2023 12:00;3,4
Stavanger - Våland;SN44640;25.11.2023 13:00;4
Stavanger - Våland;SN44640;25.11.2023 14:00;3,5
Stavanger - Våland;SN44640;25.11.2023 15:00;2,8
Stavanger - Våland;SN44640;25.11.2023 16:00;2,4
Stavanger - Våland;SN44640;25.11.2023 17:00;1,4
Stavanger - Våland;SN44640;25.11.2023 18:00;1,7
Stavanger - Våland;SN44640;25.11.2023 19:00;1,6
Stavanger - Våland;SN44640;25.11.2023 20:00;1,3
Stavanger - Våland;SN44640;25.11.2023 21:00;0,2
Stavanger - Våland;SN44640;25.11.2023 22:00;1,2
Stavanger - Våland;SN44640;25.11.2023 23:00;0,5
Stavanger - Våland;SN44640;26.11.2023 00:00;0
Stavanger - Våland;SN44640;26.11.2023 01:00;0,4
Stavanger - Våland;SN44640;26.11.2023 02:00;0,3
Stavanger - Våland;SN44640;26.11.2023 03:00;0,2
Stavanger - Våland;SN44640;26.11.2023 04:00;0
Stavanger - Våland;SN44640;26.11.2023 05:00;0,8
Stavanger - Våland;SN44640;26.11.2023 06:00;0
Stavanger - Våland;SN44640;26.11.2023 07:00;0,3
Stavanger - Våland;SN44640;26.11.2023 08:00;0,5
Stavanger - Våland;SN44640;26.11.2023 09:00;0,8
Stavanger - Våland;SN44640;26.11.2023 10:00;1
Stavanger - Våland;SN44640;26.11.2023 11:00;1,6
Stavanger - Våland;SN44640;26.11.2023 12:00;1,9
Stavanger - Våland;SN44640;26.11.2023 13:00;2,2
Stavanger - Våland;SN44640;26.11.2023 14:00;2,3
Stavanger - Våland;SN44640;26.11.2023 15:00;2,9
Stavanger - Våland;SN44640;26.11.2023 16:00;2,8
Stavanger - Våland;SN44640;26.11.2023 17:00;3
Stavanger - Våland;SN44640;26.11.2023 18:00;2,8
Stavanger - Våland;SN44640;26.11.2023 19:00;2,6
Stavanger - Våland;SN44640;26.11.2023 20:00;2,1
Stavanger - Våland;SN44640;26.11.2023 21:00;2
Stavanger - Våland;SN44640;26.11.2023 22:00;2,2
Stavanger - Våland;SN44640;26.11.2023 23:00;2,8
Stavanger - Våland;SN44640;27.11.2023 00:00;3,2
Stavanger - Våland;SN44640;27.11.2023 01:00;3,2
Stavanger - Våland;SN44640;27.11.2023 02:00;3,1
Stavanger - Våland;SN44640;27.11.2023 03:00;2,9
Stavanger - Våland;SN44640;27.11.2023 04:00;2,7
Stavanger - Våland;SN44640;27.11.2023 05:00;2,5
Stavanger - Våland;SN44640;27.11.2023 06:00;2,3
Stavanger - Våland;SN44640;27.11.2023 07:00;1,7
Stavanger - Våland;SN44640;27.11.2023 08:00;1,4
Stavanger - Våland;SN44640;27.11.2023 09:00;1,2
Stavanger - Våland;SN44640;27.11.2023 10:00;1,4
Stavanger - Våland;SN44640;27.11.2023 11:00;1,1
Stavanger - Våland;SN44640;27.11.2023 12:00;1
Stavanger - Våland;SN44640;27.11.2023 13:00;1,3
Stavanger - Våland;SN44640;27.11.2023 14:00;0,5
Stavanger - Våland;SN44640;27.11.2023 15:00;-0,2
Stavanger - Våland;SN44640;27.11.2023 16:00;-0,7
Stavanger - Våland;SN44640;27.11.2023 17:00;-1,5
Stavanger - Våland;SN44640;27.11.2023 18:00;-1,6
Stavanger - Våland;SN44640;27.11.2023 19:00;-1,9
Stavanger - Våland;SN44640;27.11.2023 20:00;-1,8
Stavanger - Våland;SN44640;27.11.2023 21:00;-1,2
Stavanger - Våland;SN44640;27.11.2023 22:00;-1,2
Stavanger - Våland;SN44640;27.11.2023 23:00;-1,3
Stavanger - Våland;SN44640;28.11.2023 00:00;-1,2
Stavanger - Våland;SN44640;28.11.2023 01:00;-1,3
Stavanger - Våland;SN44640;28.11.2023 02:00;-1,9
Stavanger - Våland;SN44640;28.11.2023 03:00;-2,5
Stavanger - Våland;SN44640;28.11.2023 04:00;-2,9
Stavanger - Våland;SN44640;28.11.2023 05:00;-3,3
Stavanger - Våland;SN44640;28.11.2023 06:00;-4
Stavanger - Våland;SN44640;28.11.2023 07:00;-4,1
Stavanger - Våland;SN44640;28.11.2023 08:00;-4,4
Stavanger - Våland;SN44640;28.11.2023 09:00;-4,6
Stavanger - Våland;SN44640;28.11.2023 10:00;-4,8
Stavanger - Våland;SN44640;28.11.2023 11:00;-4,5
Stavanger - Våland;SN44640;28.11.2023 12:00;-4,7
Stavanger - Våland;SN44640;28.11.2023 13:00;-4,6
Stavanger - Våland;SN44640;28.11.2023 14:00;-4,5
Stavanger - Våland;SN44640;28.11.2023 15:00;-5
Stavanger - Våland;SN44640;28.11.2023 16:00;-5,6
Stavanger - Våland;SN44640;28.11.2023 17:00;-4,9
Stavanger - Våland;SN44640;28.11.2023 18:00;-4,2
Stavanger - Våland;SN44640;28.11.2023 19:00;-3,4
Stavanger - Våland;SN44640;28.11.2023 20:00;-3,8
Stavanger - Våland;SN44640;28.11.2023 21:00;-4
Stavanger - Våland;SN44640;28.11.2023 22:00;-4
Stavanger - Våland;SN44640;28.11.2023 23:00;-3,4
Stavanger - Våland;SN44640;29.11.2023 00:00;-3,3
Stavanger - Våland;SN44640;29.11.2023 01:00;-4
Stavanger - Våland;SN44640;29.11.2023 02:00;-4,5
Stavanger - Våland;SN44640;29.11.2023 03:00;-5
Stavanger - Våland;SN44640;29.11.2023 04:00;-4,2
Stavanger - Våland;SN44640;29.11.2023 05:00;-3,6
Stavanger - Våland;SN44640;29.11.2023 06:00;-3,2
Stavanger - Våland;SN44640;29.11.2023 07:00;-2,9
Stavanger - Våland;SN44640;29.11.2023 08:00;-2,6
Stavanger - Våland;SN44640;29.11.2023 09:00;-1,8
Stavanger - Våland;SN44640;29.11.2023 10:00;-1,4
Stavanger - Våland;SN44640;29.11.2023 11:00;-1
Stavanger - Våland;SN44640;29.11.2023 12:00;-0,6
Stavanger - Våland;SN44640;29.11.2023 13:00;-0,4
Stavanger - Våland;SN44640;29.11.2023 14:00;-0,9
Stavanger - Våland;SN44640;29.11.2023 15:00;-0,9
Stavanger - Våland;SN44640;29.11.2023 16:00;-0,8
Stavanger - Våland;SN44640;29.11.2023 17:00;-0,9
Stavanger - Våland;SN44640;29.11.2023 18:00;-0,6
Stavanger - Våland;SN44640;29.11.2023 19:00;-0,9
Stavanger - Våland;SN44640;29.11.2023 20:00;-1,2
Stavanger - Våland;SN44640;29.11.2023 21:00;-1
Stavanger - Våland;SN44640;29.11.2023 22:00;-0,6
Stavanger - Våland;SN44640;29.11.2023 23:00;-0,4
Stavanger - Våland;SN44640;30.11.2023 00:00;-0,2
Stavanger - Våland;SN44640;30.11.2023 01:00;-0,3
Stavanger - Våland;SN44640;30.11.2023 02:00;-0,5
Stavanger - Våland;SN44640;30.11.2023 03:00;-1
Stavanger - Våland;SN44640;30.11.2023 04:00;-0,8
Stavanger - Våland;SN44640;30.11.2023 05:00;-1
Stavanger - Våland;SN44640;30.11.2023 06:00;-1,4
Stavanger - Våland;SN44640;30.11.2023 07:00;-1,3
Stavanger - Våland;SN44640;30.11.2023 08:00;-1,5
Stavanger - Våland;SN44640;30.11.2023 09:00;-1,5
Stavanger - Våland;SN44640;30.11.2023 10:00;-1,4
Stavanger - Våland;SN44640;30.11.2023 11:00;-0,6
Stavanger - Våland;SN44640;30.11.2023 12:00;-0,2
Stavanger - Våland;SN44640;30.11.2023 13:00;0,3
Stavanger - Våland;SN44640;30.11.2023 14:00;0
Stavanger - Våland;SN44640;30.11.2023 15:00;-0,5
Stavanger - Våland;SN44640;30.11.2023 16:00;-0,9
Stavanger - Våland;SN44640;30.11.2023 17:00;-2,3
Stavanger - Våland;SN44640;30.11.2023 18:00;-2,2
Stavanger - Våland;SN44640;30.11.2023 19:00;-2,3
Stavanger - Våland;SN44640;30.11.2023 20:00;-2,2
Stavanger - Våland;SN44640;30.11.2023 21:00;-2,5
Stavanger - Våland;SN44640;30.11.2023 22:00;-2,3
Stavanger - Våland;SN44640;30.11.2023 23:00;-2,7
Stavanger - Våland;SN44640;01.12.2023 00:00;-2
Stavanger - Våland;SN44640;01.12.2023 01:00;-2,1
Stavanger - Våland;SN44640;01.12.2023 02:00;-2,5
Stavanger - Våland;SN44640;01.12.2023 03:00;-2,6
Stavanger - Våland;SN44640;01.12.2023 04:00;-2,3
Stavanger - Våland;SN44640;01.12.2023 05:00;-2,7
Stavanger - Våland;SN44640;01.12.2023 06:00;-3
Stavanger - Våland;SN44640;01.12.2023 07:00;-2,9
Stavanger - Våland;SN44640;01.12.2023 08:00;-2,7
Stavanger - Våland;SN44640;01.12.2023 09:00;-3,2
Stavanger - Våland;SN44640;01.12.2023 10:00;-2,4
Stavanger - Våland;SN44640;01.12.2023 11:00;-2,3
Stavanger - Våland;SN44640;01.12.2023 12:00;-1,4
Stavanger - Våland;SN44640;01.12.2023 13:00;-0,9
Stavanger - Våland;SN44640;01.12.2023 14:00;-1,3
Stavanger - Våland;SN44640;01.12.2023 15:00;-1,4
Stavanger - Våland;SN44640;01.12.2023 16:00;-2,1
Stavanger - Våland;SN44640;01.12.2023 17:00;-2,3
Stavanger - Våland;SN44640;01.12.2023 18:00;-2,4
Stavanger - Våland;SN44640;01.12.2023 19:00;-2,2
Stavanger - Våland;SN44640;01.12.2023 20:00;-2,4
Stavanger - Våland;SN44640;01.12.2023 21:00;-2,8
Stavanger - Våland;SN44640;01.12.2023 22:00;-2,9
Stavanger - Våland;SN44640;01.12.2023 23:00;-3,9
Stavanger - Våland;SN44640;02.12.2023 00:00;-3
Stavanger - Våland;SN44640;02.12.2023 01:00;-3,1
Stavanger - Våland;SN44640;02.12.2023 02:00;-3,4
Stavanger - Våland;SN44640;02.12.2023 03:00;-3,2
Stavanger - Våland;SN44640;02.12.2023 04:00;-2,7
Stavanger - Våland;SN44640;02.12.2023 05:00;-2,6
Stavanger - Våland;SN44640;02.12.2023 06:00;-3,6
Stavanger - Våland;SN44640;02.12.2023 07:00;-3
Stavanger - Våland;SN44640;02.12.2023 08:00;-2,9
Stavanger - Våland;SN44640;02.12.2023 09:00;-1,9
Stavanger - Våland;SN44640;02.12.2023 10:00;-1,4
Stavanger - Våland;SN44640;02.12.2023 11:00;0
Stavanger - Våland;SN44640;02.12.2023 12:00;0,7
Stavanger - Våland;SN44640;02.12.2023 13:00;0,9
Stavanger - Våland;SN44640;02.12.2023 14:00;0,8
Stavanger - Våland;SN44640;02.12.2023 15:00;0,7
Stavanger - Våland;SN44640;02.12.2023 16:00;0,5
Stavanger - Våland;SN44640;02.12.2023 17:00;0
Stavanger - Våland;SN44640;02.12.2023 18:00;0,6
Stavanger - Våland;SN44640;02.12.2023 19:00;0,4
Stavanger - Våland;SN44640;02.12.2023 20:00;0,4
Stavanger - Våland;SN44640;02.12.2023 21:00;0,3
Stavanger - Våland;SN44640;02.12.2023 22:00;0,5
Stavanger - Våland;SN44640;02.12.2023 23:00;0,2
Stavanger - Våland;SN44640;03.12.2023 00:00;0,4
Stavanger - Våland;SN44640;03.12.2023 01:00;0,5
Stavanger - Våland;SN44640;03.12.2023 02:00;0,4
Stavanger - Våland;SN44640;03.12.2023 03:00;0,4
Stavanger - Våland;SN44640;03.12.2023 04:00;0,7
Stavanger - Våland;SN44640;03.12.2023 05:00;1
Stavanger - Våland;SN44640;03.12.2023 06:00;1,1
Stavanger - Våland;SN44640;03.12.2023 07:00;0,2
Stavanger - Våland;SN44640;03.12.2023 08:00;0,2
Stavanger - Våland;SN44640;03.12.2023 09:00;0
Stavanger - Våland;SN44640;03.12.2023 10:00;-0,5
Stavanger - Våland;SN44640;03.12.2023 11:00;-0,6
Stavanger - Våland;SN44640;03.12.2023 12:00;-0,5
Stavanger - Våland;SN44640;03.12.2023 13:00;-0,5
Stavanger - Våland;SN44640;03.12.2023 14:00;-0,2
Stavanger - Våland;SN44640;03.12.2023 15:00;-0,1
Stavanger - Våland;SN44640;03.12.2023 16:00;0,1
Stavanger - Våland;SN44640;03.12.2023 17:00;0,4
Stavanger - Våland;SN44640;03.12.2023 18:00;0,8
Stavanger - Våland;SN44640;03.12.2023 19:00;1
Stavanger - Våland;SN44640;03.12.2023 20:00;1,1
Stavanger - Våland;SN44640;03.12.2023 21:00;1,1
Stavanger - Våland;SN44640;03.12.2023 22:00;0,5
Stavanger - Våland;SN44640;03.12.2023 23:00;0,3
Stavanger - Våland;SN44640;04.12.2023 00:00;-0,2
Stavanger - Våland;SN44640;04.12.2023 01:00;-0,5
Stavanger - Våland;SN44640;04.12.2023 02:00;-1
Stavanger - Våland;SN44640;04.12.2023 03:00;-0,7
Stavanger - Våland;SN44640;04.12.2023 04:00;-0,5
Stavanger - Våland;SN44640;04.12.2023 05:00;-0,7
Stavanger - Våland;SN44640;04.12.2023 06:00;-0,9
Stavanger - Våland;SN44640;04.12.2023 07:00;-1,3
Stavanger - Våland;SN44640;04.12.2023 08:00;-1,2
Stavanger - Våland;SN44640;04.12.2023 09:00;-1,5
Stavanger - Våland;SN44640;04.12.2023 10:00;-1,2
Stavanger - Våland;SN44640;04.12.2023 11:00;-0,4
Stavanger - Våland;SN44640;04.12.2023 12:00;-0,1
Stavanger - Våland;SN44640;04.12.2023 13:00;0,7
Stavanger - Våland;SN44640;04.12.2023 14:00;-0,2
Stavanger - Våland;SN44640;04.12.2023 15:00;-0,4
Stavanger - Våland;SN44640;04.12.2023 16:00;-1,5
Stavanger - Våland;SN44640;04.12.2023 17:00;-1,9
Stavanger - Våland;SN44640;04.12.2023 18:00;-1,8
Stavanger - Våland;SN44640;04.12.2023 19:00;-2,1
Stavanger - Våland;SN44640;04.12.2023 20:00;-2,3
Stavanger - Våland;SN44640;04.12.2023 21:00;-2,1
Stavanger - Våland;SN44640;04.12.2023 22:00;-2,5
Stavanger - Våland;SN44640;04.12.2023 23:00;-1,9
Stavanger - Våland;SN44640;05.12.2023 00:00;-2,1
Stavanger - Våland;SN44640;05.12.2023 01:00;-2,2
Stavanger - Våland;SN44640;05.12.2023 02:00;-1,8
Stavanger - Våland;SN44640;05.12.2023 03:00;-1,7
Stavanger - Våland;SN44640;05.12.2023 04:00;-1,7
Stavanger - Våland;SN44640;05.12.2023 05:00;-2,2
Stavanger - Våland;SN44640;05.12.2023 06:00;-1,9
Stavanger - Våland;SN44640;05.12.2023 07:00;-2,3
Stavanger - Våland;SN44640;05.12.2023 08:00;-2
Stavanger - Våland;SN44640;05.12.2023 09:00;-1,9
Stavanger - Våland;SN44640;05.12.2023 10:00;-1,7
Stavanger - Våland;SN44640;05.12.2023 11:00;-1,1
Stavanger - Våland;SN44640;05.12.2023 12:00;0,1
Stavanger - Våland;SN44640;05.12.2023 13:00;0,1
Stavanger - Våland;SN44640;05.12.2023 14:00;0,3
Stavanger - Våland;SN44640;05.12.2023 15:00;0,3
Stavanger - Våland;SN44640;05.12.2023 16:00;-0,2
Stavanger - Våland;SN44640;05.12.2023 17:00;-0,2
Stavanger - Våland;SN44640;05.12.2023 18:00;-0,8
Stavanger - Våland;SN44640;05.12.2023 19:00;-0,8
Stavanger - Våland;SN44640;05.12.2023 20:00;-1,1
Stavanger - Våland;SN44640;05.12.2023 21:00;-0,9
Stavanger - Våland;SN44640;05.12.2023 22:00;-1,3
Stavanger - Våland;SN44640;05.12.2023 23:00;-1,1
Stavanger - Våland;SN44640;06.12.2023 00:00;-0,6
Stavanger - Våland;SN44640;06.12.2023 01:00;-0,6
Stavanger - Våland;SN44640;06.12.2023 02:00;-0,6
Stavanger - Våland;SN44640;06.12.2023 03:00;-0,5
Stavanger - Våland;SN44640;06.12.2023 04:00;0,1
Stavanger - Våland;SN44640;06.12.2023 05:00;0,1
Stavanger - Våland;SN44640;06.12.2023 06:00;-0,3
Stavanger - Våland;SN44640;06.12.2023 07:00;-0,4
Stavanger - Våland;SN44640;06.12.2023 08:00;-0,5
Stavanger - Våland;SN44640;06.12.2023 09:00;-0,3
Stavanger - Våland;SN44640;06.12.2023 10:00;0
Stavanger - Våland;SN44640;06.12.2023 11:00;0,8
Stavanger - Våland;SN44640;06.12.2023 12:00;1,4
Stavanger - Våland;SN44640;06.12.2023 13:00;1,9
Stavanger - Våland;SN44640;06.12.2023 14:00;1,8
Stavanger - Våland;SN44640;06.12.2023 15:00;1,8
Stavanger - Våland;SN44640;06.12.2023 16:00;1,3
Stavanger - Våland;SN44640;06.12.2023 17:00;0,9
Stavanger - Våland;SN44640;06.12.2023 18:00;0,4
Stavanger - Våland;SN44640;06.12.2023 19:00;-0,1
Stavanger - Våland;SN44640;06.12.2023 20:00;0
Stavanger - Våland;SN44640;06.12.2023 21:00;0,2
Stavanger - Våland;SN44640;06.12.2023 22:00;0
Stavanger - Våland;SN44640;06.12.2023 23:00;-0,3
Stavanger - Våland;SN44640;07.12.2023 00:00;-0,4
Stavanger - Våland;SN44640;07.12.2023 01:00;-0,7
Stavanger - Våland;SN44640;07.12.2023 02:00;-0,5
Stavanger - Våland;SN44640;07.12.2023 03:00;-1
Stavanger - Våland;SN44640;07.12.2023 04:00;-1,1
Stavanger - Våland;SN44640;07.12.2023 05:00;-1,1
Stavanger - Våland;SN44640;07.12.2023 06:00;-1,4
Stavanger - Våland;SN44640;07.12.2023 07:00;-1,4
Stavanger - Våland;SN44640;07.12.2023 08:00;-1,6
Stavanger - Våland;SN44640;07.12.2023 09:00;-1,7
Stavanger - Våland;SN44640;07.12.2023 10:00;-1,3
Stavanger - Våland;SN44640;07.12.2023 11:00;-0,6
Stavanger - Våland;SN44640;07.12.2023 12:00;-0,2
Stavanger - Våland;SN44640;07.12.2023 13:00;0
Stavanger - Våland;SN44640;07.12.2023 14:00;-0,5
Stavanger - Våland;SN44640;07.12.2023 15:00;-0,2
Stavanger - Våland;SN44640;07.12.2023 16:00;-0,2
Stavanger - Våland;SN44640;07.12.2023 17:00;-0,3
Stavanger - Våland;SN44640;07.12.2023 18:00;-0,5
Stavanger - Våland;SN44640;07.12.2023 19:00;-0,4
Stavanger - Våland;SN44640;07.12.2023 20:00;-0,2
Stavanger - Våland;SN44640;07.12.2023 21:00;0,1
Stavanger - Våland;SN44640;07.12.2023 22:00;0,2
Stavanger - Våland;SN44640;07.12.2023 23:00;0
Stavanger - Våland;SN44640;08.12.2023 00:00;0,3
Stavanger - Våland;SN44640;08.12.2023 01:00;0,7
Stavanger - Våland;SN44640;08.12.2023 02:00;0,7
Stavanger - Våland;SN44640;08.12.2023 03:00;0,8
Stavanger - Våland;SN44640;08.12.2023 04:00;0,8
Stavanger - Våland;SN44640;08.12.2023 05:00;0,8
Stavanger - Våland;SN44640;08.12.2023 06:00;0,6
Stavanger - Våland;SN44640;08.12.2023 07:00;0,6
Stavanger - Våland;SN44640;08.12.2023 08:00;1
Stavanger - Våland;SN44640;08.12.2023 09:00;1
Stavanger - Våland;SN44640;08.12.2023 10:00;1,1
Stavanger - Våland;SN44640;08.12.2023 11:00;1,3
Stavanger - Våland;SN44640;08.12.2023 12:00;1,4
Stavanger - Våland;SN44640;08.12.2023 13:00;1,6
Stavanger - Våland;SN44640;08.12.2023 14:00;1,6
Stavanger - Våland;SN44640;08.12.2023 15:00;1,6
Stavanger - Våland;SN44640;08.12.2023 16:00;1,6
Stavanger - Våland;SN44640;08.12.2023 17:00;1,5
Stavanger - Våland;SN44640;08.12.2023 18:00;1,5
Stavanger - Våland;SN44640;08.12.2023 19:00;1,6
Stavanger - Våland;SN44640;08.12.2023 20:00;1,4
Stavanger - Våland;SN44640;08.12.2023 21:00;1,6
Stavanger - Våland;SN44640;08.12.2023 22:00;2
Stavanger - Våland;SN44640;08.12.2023 23:00;2
Stavanger - Våland;SN44640;09.12.2023 00:00;2,3
Stavanger - Våland;SN44640;09.12.2023 01:00;2,6
Stavanger - Våland;SN44640;09.12.2023 02:00;2,7
Stavanger - Våland;SN44640;09.12.2023 03:00;2,5
Stavanger - Våland;SN44640;09.12.2023 04:00;2,7
Stavanger - Våland;SN44640;09.12.2023 05:00;3
Stavanger - Våland;SN44640;09.12.2023 06:00;3,3
Stavanger - Våland;SN44640;09.12.2023 07:00;3,7
Stavanger - Våland;SN44640;09.12.2023 08:00;3,7
Stavanger - Våland;SN44640;09.12.2023 09:00;3,7
Stavanger - Våland;SN44640;09.12.2023 10:00;3,8
Stavanger - Våland;SN44640;09.12.2023 11:00;4,3
Stavanger - Våland;SN44640;09.12.2023 12:00;4,6
Stavanger - Våland;SN44640;09.12.2023 13:00;4,8
Stavanger - Våland;SN44640;09.12.2023 14:00;5
Stavanger - Våland;SN44640;09.12.2023 15:00;5,2
Stavanger - Våland;SN44640;09.12.2023 16:00;5,1
Stavanger - Våland;SN44640;09.12.2023 17:00;5,1
Stavanger - Våland;SN44640;09.12.2023 18:00;5
Stavanger - Våland;SN44640;09.12.2023 19:00;5
Stavanger - Våland;SN44640;09.12.2023 20:00;4,7
Stavanger - Våland;SN44640;09.12.2023 21:00;4,8
Stavanger - Våland;SN44640;09.12.2023 22:00;5
Stavanger - Våland;SN44640;09.12.2023 23:00;4,9
Stavanger - Våland;SN44640;10.12.2023 00:00;5
Stavanger - Våland;SN44640;10.12.2023 01:00;4,6
Stavanger - Våland;SN44640;10.12.2023 02:00;4,9
Stavanger - Våland;SN44640;10.12.2023 03:00;4,8
Stavanger - Våland;SN44640;10.12.2023 04:00;4,5
Stavanger - Våland;SN44640;10.12.2023 05:00;4,7
Stavanger - Våland;SN44640;10.12.2023 06:00;4,9
Stavanger - Våland;SN44640;10.12.2023 07:00;5,1
Stavanger - Våland;SN44640;10.12.2023 08:00;5,2
Stavanger - Våland;SN44640;10.12.2023 09:00;5,1
Stavanger - Våland;SN44640;10.12.2023 10:00;5
Stavanger - Våland;SN44640;10.12.2023 11:00;5,1
Stavanger - Våland;SN44640;10.12.2023 12:00;5,4
Stavanger - Våland;SN44640;10.12.2023 13:00;5,2
Stavanger - Våland;SN44640;10.12.2023 14:00;4,6
Stavanger - Våland;SN44640;10.12.2023 15:00;5
Stavanger - Våland;SN44640;10.12.2023 16:00;4,6
Stavanger - Våland;SN44640;10.12.2023 17:00;4,5
Stavanger - Våland;SN44640;10.12.2023 18:00;4,4
Stavanger - Våland;SN44640;10.12.2023 19:00;4
Stavanger - Våland;SN44640;10.12.2023 20:00;3,8
Stavanger - Våland;SN44640;10.12.2023 21:00;3,8
Stavanger - Våland;SN44640;10.12.2023 22:00;3,9
Stavanger - Våland;SN44640;10.12.2023 23:00;4
Stavanger - Våland;SN44640;11.12.2023 00:00;4,2
Stavanger - Våland;SN44640;11.12.2023 01:00;4,3
Stavanger - Våland;SN44640;11.12.2023 02:00;4,4
Stavanger - Våland;SN44640;11.12.2023 03:00;4,4
Stavanger - Våland;SN44640;11.12.2023 04:00;4,4
Stavanger - Våland;SN44640;11.12.2023 05:00;4,5
Stavanger - Våland;SN44640;11.12.2023 06:00;4,4
Stavanger - Våland;SN44640;11.12.2023 07:00;4,2
Stavanger - Våland;SN44640;11.12.2023 08:00;3,9
Stavanger - Våland;SN44640;11.12.2023 09:00;3,5
Stavanger - Våland;SN44640;11.12.2023 10:00;4,1
Stavanger - Våland;SN44640;11.12.2023 11:00;4,3
Stavanger - Våland;SN44640;11.12.2023 12:00;4,5
Stavanger - Våland;SN44640;11.12.2023 13:00;4,5
Stavanger - Våland;SN44640;11.12.2023 14:00;4,1
Stavanger - Våland;SN44640;11.12.2023 15:00;3,7
Stavanger - Våland;SN44640;11.12.2023 16:00;3,3
Stavanger - Våland;SN44640;11.12.2023 17:00;3,2
Stavanger - Våland;SN44640;11.12.2023 18:00;3,2
Stavanger - Våland;SN44640;11.12.2023 19:00;3,2
Stavanger - Våland;SN44640;11.12.2023 20:00;3
Stavanger - Våland;SN44640;11.12.2023 21:00;3,2
Stavanger - Våland;SN44640;11.12.2023 22:00;2,6
Stavanger - Våland;SN44640;11.12.2023 23:00;2,4
Stavanger - Våland;SN44640;12.12.2023 00:00;2,4
Stavanger - Våland;SN44640;12.12.2023 01:00;2,3
Stavanger - Våland;SN44640;12.12.2023 02:00;2,5
Stavanger - Våland;SN44640;12.12.2023 03:00;2,2
Stavanger - Våland;SN44640;12.12.2023 04:00;2
Stavanger - Våland;SN44640;12.12.2023 05:00;2,1
Stavanger - Våland;SN44640;12.12.2023 06:00;2,3
Stavanger - Våland;SN44640;12.12.2023 07:00;2
Stavanger - Våland;SN44640;12.12.2023 08:00;2,3
Stavanger - Våland;SN44640;12.12.2023 09:00;3
Stavanger - Våland;SN44640;12.12.2023 10:00;3,1
Stavanger - Våland;SN44640;12.12.2023 11:00;3,1
Stavanger - Våland;SN44640;12.12.2023 12:00;3
Stavanger - Våland;SN44640;12.12.2023 13:00;2,9
Stavanger - Våland;SN44640;12.12.2023 14:00;2,7
Stavanger - Våland;SN44640;12.12.2023 15:00;2,3
Stavanger - Våland;SN44640;12.12.2023 16:00;2
Stavanger - Våland;SN44640;12.12.2023 17:00;2,1
Stavanger - Våland;SN44640;12.12.2023 18:00;2,1
Stavanger - Våland;SN44640;12.12.2023 19:00;2,2
Stavanger - Våland;SN44640;12.12.2023 20:00;2
Stavanger - Våland;SN44640;12.12.2023 21:00;1,2
Stavanger - Våland;SN44640;12.12.2023 22:00;0,7
Stavanger - Våland;SN44640;12.12.2023 23:00;0,6
Stavanger - Våland;SN44640;13.12.2023 00:00;0,5
Stavanger - Våland;SN44640;13.12.2023 01:00;0
Stavanger - Våland;SN44640;13.12.2023 02:00;-0,2
Stavanger - Våland;SN44640;13.12.2023 03:00;-0,4
Stavanger - Våland;SN44640;13.12.2023 04:00;-0,9
Stavanger - Våland;SN44640;13.12.2023 05:00;-1,8
Stavanger - Våland;SN44640;13.12.2023 06:00;-2,5
Stavanger - Våland;SN44640;13.12.2023 07:00;-2,7
Stavanger - Våland;SN44640;13.12.2023 08:00;-2,3
Stavanger - Våland;SN44640;13.12.2023 09:00;-2,4
Stavanger - Våland;SN44640;13.12.2023 10:00;-2,7
Stavanger - Våland;SN44640;13.12.2023 11:00;-2,7
Stavanger - Våland;SN44640;13.12.2023 12:00;-1,9
Stavanger - Våland;SN44640;13.12.2023 13:00;-0,5
Stavanger - Våland;SN44640;13.12.2023 14:00;-1,4
Stavanger - Våland;SN44640;13.12.2023 15:00;-2,2
Stavanger - Våland;SN44640;13.12.2023 16:00;-2,9
Stavanger - Våland;SN44640;13.12.2023 17:00;-2,9
Stavanger - Våland;SN44640;13.12.2023 18:00;-3,9
Stavanger - Våland;SN44640;13.12.2023 19:00;-3,6
Stavanger - Våland;SN44640;13.12.2023 20:00;-3
Stavanger - Våland;SN44640;13.12.2023 21:00;-2,9
Stavanger - Våland;SN44640;13.12.2023 22:00;-3,1
Stavanger - Våland;SN44640;13.12.2023 23:00;-3,6
Stavanger - Våland;SN44640;14.12.2023 00:00;-3,8
Stavanger - Våland;SN44640;14.12.2023 01:00;-3,7
Stavanger - Våland;SN44640;14.12.2023 02:00;-3,8
Stavanger - Våland;SN44640;14.12.2023 03:00;-3,7
Stavanger - Våland;SN44640;14.12.2023 04:00;-3,8
Stavanger - Våland;SN44640;14.12.2023 05:00;-2,8
Stavanger - Våland;SN44640;14.12.2023 06:00;-2,6
Stavanger - Våland;SN44640;14.12.2023 07:00;-2,2
Stavanger - Våland;SN44640;14.12.2023 08:00;-1,6
Stavanger - Våland;SN44640;14.12.2023 09:00;-0,9
Stavanger - Våland;SN44640;14.12.2023 10:00;0
Stavanger - Våland;SN44640;14.12.2023 11:00;0,8
Stavanger - Våland;SN44640;14.12.2023 12:00;1,3
Stavanger - Våland;SN44640;14.12.2023 13:00;0,7
Stavanger - Våland;SN44640;14.12.2023 14:00;1,2
Stavanger - Våland;SN44640;14.12.2023 15:00;1,6
Stavanger - Våland;SN44640;14.12.2023 16:00;1,3
Stavanger - Våland;SN44640;14.12.2023 17:00;1,4
Stavanger - Våland;SN44640;14.12.2023 18:00;1,8
Stavanger - Våland;SN44640;14.12.2023 19:00;2,2
Stavanger - Våland;SN44640;14.12.2023 20:00;2,3
Stavanger - Våland;SN44640;14.12.2023 21:00;2,7
Stavanger - Våland;SN44640;14.12.2023 22:00;3,6
Stavanger - Våland;SN44640;14.12.2023 23:00;3,7
Stavanger - Våland;SN44640;15.12.2023 00:00;4
Stavanger - Våland;SN44640;15.12.2023 01:00;4,4
Stavanger - Våland;SN44640;15.12.2023 02:00;4,9
Stavanger - Våland;SN44640;15.12.2023 03:00;5,4
Stavanger - Våland;SN44640;15.12.2023 04:00;5,4
Stavanger - Våland;SN44640;15.12.2023 05:00;5,5
Stavanger - Våland;SN44640;15.12.2023 06:00;5,4
Stavanger - Våland;SN44640;15.12.2023 07:00;5,7
Stavanger - Våland;SN44640;15.12.2023 08:00;5,8
Stavanger - Våland;SN44640;15.12.2023 09:00;6,6
Stavanger - Våland;SN44640;15.12.2023 10:00;6,4
Stavanger - Våland;SN44640;15.12.2023 11:00;6,3
Stavanger - Våland;SN44640;15.12.2023 12:00;6,5
Stavanger - Våland;SN44640;15.12.2023 13:00;6,9
Stavanger - Våland;SN44640;15.12.2023 14:00;7,6
Stavanger - Våland;SN44640;15.12.2023 15:00;6,7
Stavanger - Våland;SN44640;15.12.2023 16:00;6,5
Stavanger - Våland;SN44640;15.12.2023 17:00;5,8
Stavanger - Våland;SN44640;15.12.2023 18:00;5,9
Stavanger - Våland;SN44640;15.12.2023 19:00;5,6
Stavanger - Våland;SN44640;15.12.2023 20:00;6
Stavanger - Våland;SN44640;15.12.2023 21:00;6,2
Stavanger - Våland;SN44640;15.12.2023 22:00;6,6
Stavanger - Våland;SN44640;15.12.2023 23:00;6,9
Stavanger - Våland;SN44640;16.12.2023 00:00;7
Stavanger - Våland;SN44640;16.12.2023 01:00;7
Stavanger - Våland;SN44640;16.12.2023 02:00;7,2
Stavanger - Våland;SN44640;16.12.2023 03:00;7,3
Stavanger - Våland;SN44640;16.12.2023 04:00;7,5
Stavanger - Våland;SN44640;16.12.2023 05:00;7,8
Stavanger - Våland;SN44640;16.12.2023 06:00;8,3
Stavanger - Våland;SN44640;16.12.2023 07:00;8
Stavanger - Våland;SN44640;16.12.2023 08:00;7,9
Stavanger - Våland;SN44640;16.12.2023 09:00;7,8
Stavanger - Våland;SN44640;16.12.2023 10:00;7,7
Stavanger - Våland;SN44640;16.12.2023 11:00;7,8
Stavanger - Våland;SN44640;16.12.2023 12:00;8,1
Stavanger - Våland;SN44640;16.12.2023 13:00;8,2
Stavanger - Våland;SN44640;16.12.2023 14:00;8,3
Stavanger - Våland;SN44640;16.12.2023 15:00;8,3
Stavanger - Våland;SN44640;16.12.2023 16:00;8,5
Stavanger - Våland;SN44640;16.12.2023 17:00;9,1
Stavanger - Våland;SN44640;16.12.2023 18:00;9
Stavanger - Våland;SN44640;16.12.2023 19:00;9,1
Stavanger - Våland;SN44640;16.12.2023 20:00;8,3
Stavanger - Våland;SN44640;16.12.2023 21:00;7,8
Stavanger - Våland;SN44640;16.12.2023 22:00;7,7
Stavanger - Våland;SN44640;16.12.2023 23:00;7,9
Stavanger - Våland;SN44640;17.12.2023 00:00;7,7
Stavanger - Våland;SN44640;17.12.2023 01:00;7,6
Stavanger - Våland;SN44640;17.12.2023 02:00;7,5
Stavanger - Våland;SN44640;17.12.2023 03:00;7,4
Stavanger - Våland;SN44640;17.12.2023 04:00;7,6
Stavanger - Våland;SN44640;17.12.2023 05:00;8,2
Stavanger - Våland;SN44640;17.12.2023 06:00;8,1
Stavanger - Våland;SN44640;17.12.2023 07:00;8,1
Stavanger - Våland;SN44640;17.12.2023 08:00;8
Stavanger - Våland;SN44640;17.12.2023 09:00;8
Stavanger - Våland;SN44640;17.12.2023 10:00;7,9
Stavanger - Våland;SN44640;17.12.2023 11:00;8,1
Stavanger - Våland;SN44640;17.12.2023 12:00;8,1
Stavanger - Våland;SN44640;17.12.2023 13:00;7,9
Stavanger - Våland;SN44640;17.12.2023 14:00;7,9
Stavanger - Våland;SN44640;17.12.2023 15:00;7,9
Stavanger - Våland;SN44640;17.12.2023 16:00;8
Stavanger - Våland;SN44640;17.12.2023 17:00;8,1
Stavanger - Våland;SN44640;17.12.2023 18:00;8,1
Stavanger - Våland;SN44640;17.12.2023 19:00;8,1
Stavanger - Våland;SN44640;17.12.2023 20:00;8,3
Stavanger - Våland;SN44640;17.12.2023 21:00;8,5
Stavanger - Våland;SN44640;17.12.2023 22:00;8,2
Stavanger - Våland;SN44640;17.12.2023 23:00;8,1
Stavanger - Våland;SN44640;18.12.2023 00:00;8,1
Stavanger - Våland;SN44640;18.12.2023 01:00;8
Stavanger - Våland;SN44640;18.12.2023 02:00;7,9
Stavanger - Våland;SN44640;18.12.2023 03:00;7,6
Stavanger - Våland;SN44640;18.12.2023 04:00;7,1
Stavanger - Våland;SN44640;18.12.2023 05:00;6,9
Stavanger - Våland;SN44640;18.12.2023 06:00;6,8
Stavanger - Våland;SN44640;18.12.2023 07:00;6,5
Stavanger - Våland;SN44640;18.12.2023 08:00;5,7
Stavanger - Våland;SN44640;18.12.2023 09:00;5,7
Stavanger - Våland;SN44640;18.12.2023 10:00;5,9
Stavanger - Våland;SN44640;18.12.2023 11:00;6,5
Stavanger - Våland;SN44640;18.12.2023 12:00;6,7
Stavanger - Våland;SN44640;18.12.2023 13:00;7,2
Stavanger - Våland;SN44640;18.12.2023 14:00;7,2
Stavanger - Våland;SN44640;18.12.2023 15:00;7,2
Stavanger - Våland;SN44640;18.12.2023 16:00;7,2
Stavanger - Våland;SN44640;18.12.2023 17:00;7,9
Stavanger - Våland;SN44640;18.12.2023 18:00;8,1
Stavanger - Våland;SN44640;18.12.2023 19:00;8,2
Stavanger - Våland;SN44640;18.12.2023 20:00;7,8
Stavanger - Våland;SN44640;18.12.2023 21:00;7
Stavanger - Våland;SN44640;18.12.2023 22:00;7,3
Stavanger - Våland;SN44640;18.12.2023 23:00;7,6
Stavanger - Våland;SN44640;19.12.2023 00:00;6,4
Stavanger - Våland;SN44640;19.12.2023 01:00;6,2
Stavanger - Våland;SN44640;19.12.2023 02:00;6,1
Stavanger - Våland;SN44640;19.12.2023 03:00;5,6
Stavanger - Våland;SN44640;19.12.2023 04:00;5,3
Stavanger - Våland;SN44640;19.12.2023 05:00;4,9
Stavanger - Våland;SN44640;19.12.2023 06:00;4,7
Stavanger - Våland;SN44640;19.12.2023 07:00;4,5
Stavanger - Våland;SN44640;19.12.2023 08:00;5,4
Stavanger - Våland;SN44640;19.12.2023 09:00;5,5
Stavanger - Våland;SN44640;19.12.2023 10:00;5,9
Stavanger - Våland;SN44640;19.12.2023 11:00;5,5
Stavanger - Våland;SN44640;19.12.2023 12:00;5,2
Stavanger - Våland;SN44640;19.12.2023 13:00;4,8
Stavanger - Våland;SN44640;19.12.2023 14:00;5,1
Stavanger - Våland;SN44640;19.12.2023 15:00;5,1
Stavanger - Våland;SN44640;19.12.2023 16:00;5,5
Stavanger - Våland;SN44640;19.12.2023 17:00;5,1
Stavanger - Våland;SN44640;19.12.2023 18:00;4,5
Stavanger - Våland;SN44640;19.12.2023 19:00;4,5
Stavanger - Våland;SN44640;19.12.2023 20:00;4,5
Stavanger - Våland;SN44640;19.12.2023 21:00;5,2
Stavanger - Våland;SN44640;19.12.2023 22:00;4,5
Stavanger - Våland;SN44640;19.12.2023 23:00;4,4
Stavanger - Våland;SN44640;20.12.2023 00:00;4,8
Stavanger - Våland;SN44640;20.12.2023 01:00;4,8
Stavanger - Våland;SN44640;20.12.2023 02:00;4,6
Stavanger - Våland;SN44640;20.12.2023 03:00;4,7
Stavanger - Våland;SN44640;20.12.2023 04:00;3,3
Stavanger - Våland;SN44640;20.12.2023 05:00;3,7
Stavanger - Våland;SN44640;20.12.2023 06:00;4,2
Stavanger - Våland;SN44640;20.12.2023 07:00;3,1
Stavanger - Våland;SN44640;20.12.2023 08:00;2,7
Stavanger - Våland;SN44640;20.12.2023 09:00;3,2
Stavanger - Våland;SN44640;20.12.2023 10:00;1,8
Stavanger - Våland;SN44640;20.12.2023 11:00;2,9
Stavanger - Våland;SN44640;20.12.2023 12:00;1,2
Stavanger - Våland;SN44640;20.12.2023 13:00;1,5
Stavanger - Våland;SN44640;20.12.2023 14:00;3,1
Stavanger - Våland;SN44640;20.12.2023 15:00;3,9
Stavanger - Våland;SN44640;20.12.2023 16:00;2,7
Stavanger - Våland;SN44640;20.12.2023 17:00;2,7
Stavanger - Våland;SN44640;20.12.2023 18:00;2,9
Stavanger - Våland;SN44640;20.12.2023 19:00;3,1
Stavanger - Våland;SN44640;20.12.2023 20:00;2,2
Stavanger - Våland;SN44640;20.12.2023 21:00;1,3
Stavanger - Våland;SN44640;20.12.2023 22:00;3
Stavanger - Våland;SN44640;20.12.2023 23:00;2,4
Stavanger - Våland;SN44640;21.12.2023 00:00;1,3
Stavanger - Våland;SN44640;21.12.2023 01:00;2,3
Stavanger - Våland;SN44640;21.12.2023 02:00;1,8
Stavanger - Våland;SN44640;21.12.2023 03:00;0,8
Stavanger - Våland;SN44640;21.12.2023 04:00;2,8
Stavanger - Våland;SN44640;21.12.2023 05:00;5,1
Stavanger - Våland;SN44640;21.12.2023 06:00;4,9
Stavanger - Våland;SN44640;21.12.2023 07:00;5,6
Stavanger - Våland;SN44640;21.12.2023 08:00;5,4
Stavanger - Våland;SN44640;21.12.2023 09:00;5,6
Stavanger - Våland;SN44640;21.12.2023 10:00;6,5
Stavanger - Våland;SN44640;21.12.2023 11:00;5,9
Stavanger - Våland;SN44640;21.12.2023 12:00;4,8
Stavanger - Våland;SN44640;21.12.2023 13:00;5
Stavanger - Våland;SN44640;21.12.2023 14:00;3,5
Stavanger - Våland;SN44640;21.12.2023 15:00;3,7
Stavanger - Våland;SN44640;21.12.2023 16:00;2,5
Stavanger - Våland;SN44640;21.12.2023 17:00;3,5
Stavanger - Våland;SN44640;21.12.2023 18:00;3,5
Stavanger - Våland;SN44640;21.12.2023 19:00;3,6
Stavanger - Våland;SN44640;21.12.2023 20:00;2,7
Stavanger - Våland;SN44640;21.12.2023 21:00;2,3
Stavanger - Våland;SN44640;21.12.2023 22:00;2,5
Stavanger - Våland;SN44640;21.12.2023 23:00;2,3
Stavanger - Våland;SN44640;22.12.2023 00:00;0,2
Stavanger - Våland;SN44640;22.12.2023 01:00;1,2
Stavanger - Våland;SN44640;22.12.2023 02:00;1,5
Stavanger - Våland;SN44640;22.12.2023 03:00;1,4
Stavanger - Våland;SN44640;22.12.2023 04:00;1,3
Stavanger - Våland;SN44640;22.12.2023 05:00;1,7
Stavanger - Våland;SN44640;22.12.2023 06:00;1,4
Stavanger - Våland;SN44640;22.12.2023 07:00;0,2
Stavanger - Våland;SN44640;22.12.2023 08:00;0,4
Stavanger - Våland;SN44640;22.12.2023 09:00;0,4
Stavanger - Våland;SN44640;22.12.2023 10:00;-0,3
Stavanger - Våland;SN44640;22.12.2023 11:00;0,2
Stavanger - Våland;SN44640;22.12.2023 12:00;0,7
Stavanger - Våland;SN44640;22.12.2023 13:00;0,6
Stavanger - Våland;SN44640;22.12.2023 14:00;-0,4
Stavanger - Våland;SN44640;22.12.2023 15:00;-0,3
Stavanger - Våland;SN44640;22.12.2023 16:00;-0,2
Stavanger - Våland;SN44640;22.12.2023 17:00;-1,7
Stavanger - Våland;SN44640;22.12.2023 18:00;-1,5
Stavanger - Våland;SN44640;22.12.2023 19:00;-1,7
Stavanger - Våland;SN44640;22.12.2023 20:00;-2,2
Stavanger - Våland;SN44640;22.12.2023 21:00;0,5
Stavanger - Våland;SN44640;22.12.2023 22:00;1,7
Stavanger - Våland;SN44640;22.12.2023 23:00;2
Stavanger - Våland;SN44640;23.12.2023 00:00;1,9
Stavanger - Våland;SN44640;23.12.2023 01:00;0,8
Stavanger - Våland;SN44640;23.12.2023 02:00;1
Stavanger - Våland;SN44640;23.12.2023 03:00;0,2
Stavanger - Våland;SN44640;23.12.2023 04:00;2,3
Stavanger - Våland;SN44640;23.12.2023 05:00;2,5
Stavanger - Våland;SN44640;23.12.2023 06:00;2
Stavanger - Våland;SN44640;23.12.2023 07:00;1,7
Stavanger - Våland;SN44640;23.12.2023 08:00;1,6
Stavanger - Våland;SN44640;23.12.2023 09:00;1,4
Stavanger - Våland;SN44640;23.12.2023 10:00;0,6
Stavanger - Våland;SN44640;23.12.2023 11:00;0,4
Stavanger - Våland;SN44640;23.12.2023 12:00;0,4
Stavanger - Våland;SN44640;23.12.2023 13:00;0,4
Stavanger - Våland;SN44640;23.12.2023 14:00;0,3
Stavanger - Våland;SN44640;23.12.2023 15:00;0,7
Stavanger - Våland;SN44640;23.12.2023 16:00;0,1
Stavanger - Våland;SN44640;23.12.2023 17:00;-0,5
Stavanger - Våland;SN44640;23.12.2023 18:00;-0,5
Stavanger - Våland;SN44640;23.12.2023 19:00;-0,6
Stavanger - Våland;SN44640;23.12.2023 20:00;-0,7
Stavanger - Våland;SN44640;23.12.2023 21:00;-0,9
Stavanger - Våland;SN44640;23.12.2023 22:00;-0,8
Stavanger - Våland;SN44640;23.12.2023 23:00;-1,2
Stavanger - Våland;SN44640;24.12.2023 00:00;-1,3
Stavanger - Våland;SN44640;24.12.2023 01:00;-1,2
Stavanger - Våland;SN44640;24.12.2023 02:00;-0,8
Stavanger - Våland;SN44640;24.12.2023 03:00;0,2
Stavanger - Våland;SN44640;24.12.2023 04:00;1,2
Stavanger - Våland;SN44640;24.12.2023 05:00;0,6
Stavanger - Våland;SN44640;24.12.2023 06:00;0,7
Stavanger - Våland;SN44640;24.12.2023 07:00;1,5
Stavanger - Våland;SN44640;24.12.2023 08:00;3
Stavanger - Våland;SN44640;24.12.2023 09:00;3,5
Stavanger - Våland;SN44640;24.12.2023 10:00;3,9
Stavanger - Våland;SN44640;24.12.2023 11:00;4,1
Stavanger - Våland;SN44640;24.12.2023 12:00;4,2
Stavanger - Våland;SN44640;24.12.2023 13:00;4,2
Stavanger - Våland;SN44640;24.12.2023 14:00;3,7
Stavanger - Våland;SN44640;24.12.2023 15:00;4,3
Stavanger - Våland;SN44640;24.12.2023 16:00;4,5
Stavanger - Våland;SN44640;24.12.2023 17:00;4,7
Stavanger - Våland;SN44640;24.12.2023 18:00;4,9
Stavanger - Våland;SN44640;24.12.2023 19:00;6
Stavanger - Våland;SN44640;24.12.2023 20:00;6,1
Stavanger - Våland;SN44640;24.12.2023 21:00;6,8
Stavanger - Våland;SN44640;24.12.2023 22:00;6,9
Stavanger - Våland;SN44640;24.12.2023 23:00;6,1
Stavanger - Våland;SN44640;25.12.2023 00:00;6,3
Stavanger - Våland;SN44640;25.12.2023 01:00;6,2
Stavanger - Våland;SN44640;25.12.2023 02:00;6,2
Stavanger - Våland;SN44640;25.12.2023 03:00;6,1
Stavanger - Våland;SN44640;25.12.2023 04:00;6,1
Stavanger - Våland;SN44640;25.12.2023 05:00;5,8
Stavanger - Våland;SN44640;25.12.2023 06:00;5,2
Stavanger - Våland;SN44640;25.12.2023 07:00;4,1
Stavanger - Våland;SN44640;25.12.2023 08:00;4
Stavanger - Våland;SN44640;25.12.2023 09:00;3,2
Stavanger - Våland;SN44640;25.12.2023 10:00;3,8
Stavanger - Våland;SN44640;25.12.2023 11:00;3,1
Stavanger - Våland;SN44640;25.12.2023 12:00;4,3
Stavanger - Våland;SN44640;25.12.2023 13:00;3,1
Stavanger - Våland;SN44640;25.12.2023 14:00;2,9
Stavanger - Våland;SN44640;25.12.2023 15:00;2,6
Stavanger - Våland;SN44640;25.12.2023 16:00;1,8
Stavanger - Våland;SN44640;25.12.2023 17:00;1,9
Stavanger - Våland;SN44640;25.12.2023 18:00;2,1
Stavanger - Våland;SN44640;25.12.2023 19:00;1,3
Stavanger - Våland;SN44640;25.12.2023 20:00;1,5
Stavanger - Våland;SN44640;25.12.2023 21:00;1,3
Stavanger - Våland;SN44640;25.12.2023 22:00;2,2
Stavanger - Våland;SN44640;25.12.2023 23:00;1,9
Stavanger - Våland;SN44640;26.12.2023 00:00;1,7
Stavanger - Våland;SN44640;26.12.2023 01:00;1,2
Stavanger - Våland;SN44640;26.12.2023 02:00;1,5
Stavanger - Våland;SN44640;26.12.2023 03:00;0,9
Stavanger - Våland;SN44640;26.12.2023 04:00;0,6
Stavanger - Våland;SN44640;26.12.2023 05:00;0,6
Stavanger - Våland;SN44640;26.12.2023 06:00;0,5
Stavanger - Våland;SN44640;26.12.2023 07:00;0,9
Stavanger - Våland;SN44640;26.12.2023 08:00;0,5
Stavanger - Våland;SN44640;26.12.2023 09:00;1,2
Stavanger - Våland;SN44640;26.12.2023 10:00;1,7
Stavanger - Våland;SN44640;26.12.2023 11:00;2,5
Stavanger - Våland;SN44640;26.12.2023 12:00;2,7
Stavanger - Våland;SN44640;26.12.2023 13:00;2,7
Stavanger - Våland;SN44640;26.12.2023 14:00;2,7
Stavanger - Våland;SN44640;26.12.2023 15:00;2,9
Stavanger - Våland;SN44640;26.12.2023 16:00;2,3
Stavanger - Våland;SN44640;26.12.2023 17:00;2,8
Stavanger - Våland;SN44640;26.12.2023 18:00;2,3
Stavanger - Våland;SN44640;26.12.2023 19:00;2,8
Stavanger - Våland;SN44640;26.12.2023 20:00;2,8
Stavanger - Våland;SN44640;26.12.2023 21:00;2,6
Stavanger - Våland;SN44640;26.12.2023 22:00;2,1
Stavanger - Våland;SN44640;26.12.2023 23:00;1,6
Stavanger - Våland;SN44640;27.12.2023 00:00;1,7
Stavanger - Våland;SN44640;27.12.2023 01:00;1,5
Stavanger - Våland;SN44640;27.12.2023 02:00;1,5
Stavanger - Våland;SN44640;27.12.2023 03:00;1,2
Stavanger - Våland;SN44640;27.12.2023 04:00;0,4
Stavanger - Våland;SN44640;27.12.2023 05:00;0,2
Stavanger - Våland;SN44640;27.12.2023 06:00;-0,3
Stavanger - Våland;SN44640;27.12.2023 07:00;-1,2
Stavanger - Våland;SN44640;27.12.2023 08:00;0,2
Stavanger - Våland;SN44640;27.12.2023 09:00;-0,2
Stavanger - Våland;SN44640;27.12.2023 10:00;-0,8
Stavanger - Våland;SN44640;27.12.2023 11:00;-0,4
Stavanger - Våland;SN44640;27.12.2023 12:00;0,3
Stavanger - Våland;SN44640;27.12.2023 13:00;0,2
Stavanger - Våland;SN44640;27.12.2023 14:00;1,5
Stavanger - Våland;SN44640;27.12.2023 15:00;1,9
Stavanger - Våland;SN44640;27.12.2023 16:00;2,9
Stavanger - Våland;SN44640;27.12.2023 17:00;2,7
Stavanger - Våland;SN44640;27.12.2023 18:00;2,6
Stavanger - Våland;SN44640;27.12.2023 19:00;2,6
Stavanger - Våland;SN44640;27.12.2023 20:00;1,8
Stavanger - Våland;SN44640;27.12.2023 21:00;0,9
Stavanger - Våland;SN44640;27.12.2023 22:00;0,5
Stavanger - Våland;SN44640;27.12.2023 23:00;0
Stavanger - Våland;SN44640;28.12.2023 00:00;0,8
Stavanger - Våland;SN44640;28.12.2023 01:00;0,6
Stavanger - Våland;SN44640;28.12.2023 02:00;1,3
Stavanger - Våland;SN44640;28.12.2023 03:00;2
Stavanger - Våland;SN44640;28.12.2023 04:00;2,7
Stavanger - Våland;SN44640;28.12.2023 05:00;2,8
Stavanger - Våland;SN44640;28.12.2023 06:00;1,9
Stavanger - Våland;SN44640;28.12.2023 07:00;2,2
Stavanger - Våland;SN44640;28.12.2023 08:00;2,7
Stavanger - Våland;SN44640;28.12.2023 09:00;3,2
Stavanger - Våland;SN44640;28.12.2023 10:00;4,4
Stavanger - Våland;SN44640;28.12.2023 11:00;4,7
Stavanger - Våland;SN44640;28.12.2023 12:00;4,4
Stavanger - Våland;SN44640;28.12.2023 13:00;4,6
Stavanger - Våland;SN44640;28.12.2023 14:00;4,5
Stavanger - Våland;SN44640;28.12.2023 15:00;4,3
Stavanger - Våland;SN44640;28.12.2023 16:00;4,8
Stavanger - Våland;SN44640;28.12.2023 17:00;4,8
Stavanger - Våland;SN44640;28.12.2023 18:00;4,9
Stavanger - Våland;SN44640;28.12.2023 19:00;5,2
Stavanger - Våland;SN44640;28.12.2023 20:00;5,3
Stavanger - Våland;SN44640;28.12.2023 21:00;5,5
Stavanger - Våland;SN44640;28.12.2023 22:00;5,4
Stavanger - Våland;SN44640;28.12.2023 23:00;4,4
Stavanger - Våland;SN44640;29.12.2023 00:00;4,8
Stavanger - Våland;SN44640;29.12.2023 01:00;5,4
Stavanger - Våland;SN44640;29.12.2023 02:00;5,8
Stavanger - Våland;SN44640;29.12.2023 03:00;5,6
Stavanger - Våland;SN44640;29.12.2023 04:00;6,1
Stavanger - Våland;SN44640;29.12.2023 05:00;4,8
Stavanger - Våland;SN44640;29.12.2023 06:00;4,4
Stavanger - Våland;SN44640;29.12.2023 07:00;4,5
Stavanger - Våland;SN44640;29.12.2023 08:00;5
Stavanger - Våland;SN44640;29.12.2023 09:00;5,4
Stavanger - Våland;SN44640;29.12.2023 10:00;5,3
Stavanger - Våland;SN44640;29.12.2023 11:00;5,2
Stavanger - Våland;SN44640;29.12.2023 12:00;4,9
Stavanger - Våland;SN44640;29.12.2023 13:00;4,7
Stavanger - Våland;SN44640;29.12.2023 14:00;5,1
Stavanger - Våland;SN44640;29.12.2023 15:00;4,6
Stavanger - Våland;SN44640;29.12.2023 16:00;3,7
Stavanger - Våland;SN44640;29.12.2023 17:00;3,3
Stavanger - Våland;SN44640;29.12.2023 18:00;2,7
Stavanger - Våland;SN44640;29.12.2023 19:00;2,5
Stavanger - Våland;SN44640;29.12.2023 20:00;2,8
Stavanger - Våland;SN44640;29.12.2023 21:00;3,2
Stavanger - Våland;SN44640;29.12.2023 22:00;3,7
Stavanger - Våland;SN44640;29.12.2023 23:00;3,6
Stavanger - Våland;SN44640;30.12.2023 00:00;3,9
Stavanger - Våland;SN44640;30.12.2023 01:00;3,8
Stavanger - Våland;SN44640;30.12.2023 02:00;4,3
Stavanger - Våland;SN44640;30.12.2023 03:00;3,8
Stavanger - Våland;SN44640;30.12.2023 04:00;3,2
Stavanger - Våland;SN44640;30.12.2023 05:00;3,4
Stavanger - Våland;SN44640;30.12.2023 06:00;3,5
Stavanger - Våland;SN44640;30.12.2023 07:00;3,3
Stavanger - Våland;SN44640;30.12.2023 08:00;2,4
Stavanger - Våland;SN44640;30.12.2023 09:00;3,6
Stavanger - Våland;SN44640;30.12.2023 10:00;3,6
Stavanger - Våland;SN44640;30.12.2023 11:00;3,3
Stavanger - Våland;SN44640;30.12.2023 12:00;3,8
Stavanger - Våland;SN44640;30.12.2023 13:00;4,5
Stavanger - Våland;SN44640;30.12.2023 14:00;3,2
Stavanger - Våland;SN44640;30.12.2023 15:00;3,2
Stavanger - Våland;SN44640;30.12.2023 16:00;2
Stavanger - Våland;SN44640;30.12.2023 17:00;1,6
Stavanger - Våland;SN44640;30.12.2023 18:00;1
Stavanger - Våland;SN44640;30.12.2023 19:00;0,7
Stavanger - Våland;SN44640;30.12.2023 20:00;0,5
Stavanger - Våland;SN44640;30.12.2023 21:00;1,3
Stavanger - Våland;SN44640;30.12.2023 22:00;1
Stavanger - Våland;SN44640;30.12.2023 23:00;1,5
Stavanger - Våland;SN44640;31.12.2023 00:00;2,1
Stavanger - Våland;SN44640;31.12.2023 01:00;2,5
Stavanger - Våland;SN44640;31.12.2023 02:00;2,9
Stavanger - Våland;SN44640;31.12.2023 03:00;3,1
Stavanger - Våland;SN44640;31.12.2023 04:00;3,3
Stavanger - Våland;SN44640;31.12.2023 05:00;3,2
Stavanger - Våland;SN44640;31.12.2023 06:00;3,3
Stavanger - Våland;SN44640;31.12.2023 07:00;3,7
Stavanger - Våland;SN44640;31.12.2023 08:00;4,1
Stavanger - Våland;SN44640;31.12.2023 09:00;4
Stavanger - Våland;SN44640;31.12.2023 10:00;4,2
Stavanger - Våland;SN44640;31.12.2023 11:00;4,1
Stavanger - Våland;SN44640;31.12.2023 12:00;4,3
Stavanger - Våland;SN44640;31.12.2023 13:00;4,3
Stavanger - Våland;SN44640;31.12.2023 14:00;4,4
Stavanger - Våland;SN44640;31.12.2023 15:00;4,5
Stavanger - Våland;SN44640;31.12.2023 16:00;4,4
Stavanger - Våland;SN44640;31.12.2023 17:00;4,4
Stavanger - Våland;SN44640;31.12.2023 18:00;4,3
Stavanger - Våland;SN44640;31.12.2023 19:00;4
Stavanger - Våland;SN44640;31.12.2023 20:00;4,1
Stavanger - Våland;SN44640;31.12.2023 21:00;4
Stavanger - Våland;SN44640;31.12.2023 22:00;3,6
Stavanger - Våland;SN44640;31.12.2023 23:00;3,6
Stavanger - Våland;SN44640;01.01.2024 00:00;3,8
Stavanger - Våland;SN44640;01.01.2024 01:00;3,5
Stavanger - Våland;SN44640;01.01.2024 02:00;3,5
Stavanger - Våland;SN44640;01.01.2024 03:00;3,5
Stavanger - Våland;SN44640;01.01.2024 04:00;3,2
Stavanger - Våland;SN44640;01.01.2024 05:00;3,3
Stavanger - Våland;SN44640;01.01.2024 06:00;3,3
Stavanger - Våland;SN44640;01.01.2024 07:00;3,1
Stavanger - Våland;SN44640;01.01.2024 08:00;3
Stavanger - Våland;SN44640;01.01.2024 09:00;3,1
Stavanger - Våland;SN44640;01.01.2024 10:00;2,9
Stavanger - Våland;SN44640;01.01.2024 11:00;3
Stavanger - Våland;SN44640;01.01.2024 12:00;3,2
Stavanger - Våland;SN44640;01.01.2024 13:00;3,2
Stavanger - Våland;SN44640;01.01.2024 14:00;3,1
Stavanger - Våland;SN44640;01.01.2024 15:00;2,7
Stavanger - Våland;SN44640;01.01.2024 16:00;2,5
Stavanger - Våland;SN44640;01.01.2024 17:00;2,5
Stavanger - Våland;SN44640;01.01.2024 18:00;2,6
Stavanger - Våland;SN44640;01.01.2024 19:00;2,4
Stavanger - Våland;SN44640;01.01.2024 20:00;2,3
Stavanger - Våland;SN44640;01.01.2024 21:00;2,2
Stavanger - Våland;SN44640;01.01.2024 22:00;2,2
Stavanger - Våland;SN44640;01.01.2024 23:00;2,2
Stavanger - Våland;SN44640;02.01.2024 00:00;1,8
Stavanger - Våland;SN44640;02.01.2024 01:00;1,5
Stavanger - Våland;SN44640;02.01.2024 02:00;1
Stavanger - Våland;SN44640;02.01.2024 03:00;1
Stavanger - Våland;SN44640;02.01.2024 04:00;1
Stavanger - Våland;SN44640;02.01.2024 05:00;1,1
Stavanger - Våland;SN44640;02.01.2024 06:00;0,6
Stavanger - Våland;SN44640;02.01.2024 07:00;0,7
Stavanger - Våland;SN44640;02.01.2024 08:00;0,5
Stavanger - Våland;SN44640;02.01.2024 09:00;0,5
Stavanger - Våland;SN44640;02.01.2024 10:00;0,2
Stavanger - Våland;SN44640;02.01.2024 11:00;-0,2
Stavanger - Våland;SN44640;02.01.2024 12:00;-0,3
Stavanger - Våland;SN44640;02.01.2024 13:00;-0,3
Stavanger - Våland;SN44640;02.01.2024 14:00;-0,5
Stavanger - Våland;SN44640;02.01.2024 15:00;-0,9
Stavanger - Våland;SN44640;02.01.2024 16:00;-1,4
Stavanger - Våland;SN44640;02.01.2024 17:00;-1,7
Stavanger - Våland;SN44640;02.01.2024 18:00;-2,1
Stavanger - Våland;SN44640;02.01.2024 19:00;-2,3
Stavanger - Våland;SN44640;02.01.2024 20:00;-2,3
Stavanger - Våland;SN44640;02.01.2024 21:00;-1,7
Stavanger - Våland;SN44640;02.01.2024 22:00;-1,7
Stavanger - Våland;SN44640;02.01.2024 23:00;-1,8
Stavanger - Våland;SN44640;03.01.2024 00:00;-1,9
Stavanger - Våland;SN44640;03.01.2024 01:00;-1,9
Stavanger - Våland;SN44640;03.01.2024 02:00;-2,3
Stavanger - Våland;SN44640;03.01.2024 03:00;-2,1
Stavanger - Våland;SN44640;03.01.2024 04:00;-1,9
Stavanger - Våland;SN44640;03.01.2024 05:00;-1,8
Stavanger - Våland;SN44640;03.01.2024 06:00;-1,9
Stavanger - Våland;SN44640;03.01.2024 07:00;-1,6
Stavanger - Våland;SN44640;03.01.2024 08:00;-1,7
Stavanger - Våland;SN44640;03.01.2024 09:00;-1,5
Stavanger - Våland;SN44640;03.01.2024 10:00;-1,6
Stavanger - Våland;SN44640;03.01.2024 11:00;-1,8
Stavanger - Våland;SN44640;03.01.2024 12:00;-1,6
Stavanger - Våland;SN44640;03.01.2024 13:00;-1,6
Stavanger - Våland;SN44640;03.01.2024 14:00;-1,5
Stavanger - Våland;SN44640;03.01.2024 15:00;-1,9
Stavanger - Våland;SN44640;03.01.2024 16:00;-2,4
Stavanger - Våland;SN44640;03.01.2024 17:00;-2,5
Stavanger - Våland;SN44640;03.01.2024 18:00;-2,5
Stavanger - Våland;SN44640;03.01.2024 19:00;-2,4
Stavanger - Våland;SN44640;03.01.2024 20:00;-2,6
Stavanger - Våland;SN44640;03.01.2024 21:00;-2,8
Stavanger - Våland;SN44640;03.01.2024 22:00;-2,8
Stavanger - Våland;SN44640;03.01.2024 23:00;-3,1
Stavanger - Våland;SN44640;04.01.2024 00:00;-3,4
Stavanger - Våland;SN44640;04.01.2024 01:00;-4,6
Stavanger - Våland;SN44640;04.01.2024 02:00;-4
Stavanger - Våland;SN44640;04.01.2024 03:00;-4,4
Stavanger - Våland;SN44640;04.01.2024 04:00;-4,2
Stavanger - Våland;SN44640;04.01.2024 05:00;-4,7
Stavanger - Våland;SN44640;04.01.2024 06:00;-5,3
Stavanger - Våland;SN44640;04.01.2024 07:00;-5,7
Stavanger - Våland;SN44640;04.01.2024 08:00;-5,9
Stavanger - Våland;SN44640;04.01.2024 09:00;-6,1
Stavanger - Våland;SN44640;04.01.2024 10:00;-6,3
Stavanger - Våland;SN44640;04.01.2024 11:00;-6,2
Stavanger - Våland;SN44640;04.01.2024 12:00;-6,1
Stavanger - Våland;SN44640;04.01.2024 13:00;-6
Stavanger - Våland;SN44640;04.01.2024 14:00;-5,9
Stavanger - Våland;SN44640;04.01.2024 15:00;-6
Stavanger - Våland;SN44640;04.01.2024 16:00;-6,6
Stavanger - Våland;SN44640;04.01.2024 17:00;-6,9
Stavanger - Våland;SN44640;04.01.2024 18:00;-6,9
Stavanger - Våland;SN44640;04.01.2024 19:00;-6,7
Stavanger - Våland;SN44640;04.01.2024 20:00;-6,5
Stavanger - Våland;SN44640;04.01.2024 21:00;-6,2
Stavanger - Våland;SN44640;04.01.2024 22:00;-6
Stavanger - Våland;SN44640;04.01.2024 23:00;-6,3
Stavanger - Våland;SN44640;05.01.2024 00:00;-6,4
Stavanger - Våland;SN44640;05.01.2024 01:00;-6,5
Stavanger - Våland;SN44640;05.01.2024 02:00;-6,5
Stavanger - Våland;SN44640;05.01.2024 03:00;-6,5
Stavanger - Våland;SN44640;05.01.2024 04:00;-6,6
Stavanger - Våland;SN44640;05.01.2024 05:00;-6,6
Stavanger - Våland;SN44640;05.01.2024 06:00;-6,8
Stavanger - Våland;SN44640;05.01.2024 07:00;-7,3
Stavanger - Våland;SN44640;05.01.2024 08:00;-7,7
Stavanger - Våland;SN44640;05.01.2024 09:00;-9,5
Stavanger - Våland;SN44640;05.01.2024 10:00;-9,2
Stavanger - Våland;SN44640;05.01.2024 11:00;-8,6
Stavanger - Våland;SN44640;05.01.2024 12:00;-8
Stavanger - Våland;SN44640;05.01.2024 13:00;-6,3
Stavanger - Våland;SN44640;05.01.2024 14:00;-7
Stavanger - Våland;SN44640;05.01.2024 15:00;-6,9
Stavanger - Våland;SN44640;05.01.2024 16:00;-8,4
Stavanger - Våland;SN44640;05.01.2024 17:00;-9
Stavanger - Våland;SN44640;05.01.2024 18:00;-9,6
Stavanger - Våland;SN44640;05.01.2024 19:00;-9,7
Stavanger - Våland;SN44640;05.01.2024 20:00;-8,8
Stavanger - Våland;SN44640;05.01.2024 21:00;-9,3
Stavanger - Våland;SN44640;05.01.2024 22:00;-9,3
Stavanger - Våland;SN44640;05.01.2024 23:00;-9,1
Stavanger - Våland;SN44640;06.01.2024 00:00;-9,4
Stavanger - Våland;SN44640;06.01.2024 01:00;-9
Stavanger - Våland;SN44640;06.01.2024 02:00;-9
Stavanger - Våland;SN44640;06.01.2024 03:00;-8,8
Stavanger - Våland;SN44640;06.01.2024 04:00;-9,4
Stavanger - Våland;SN44640;06.01.2024 05:00;-8,7
Stavanger - Våland;SN44640;06.01.2024 06:00;-8,5
Stavanger - Våland;SN44640;06.01.2024 07:00;-7,8
Stavanger - Våland;SN44640;06.01.2024 08:00;-7,1
Stavanger - Våland;SN44640;06.01.2024 09:00;-7
Stavanger - Våland;SN44640;06.01.2024 10:00;-7,3
Stavanger - Våland;SN44640;06.01.2024 11:00;-6,3
Stavanger - Våland;SN44640;06.01.2024 12:00;-6,5
Stavanger - Våland;SN44640;06.01.2024 13:00;-4,7
Stavanger - Våland;SN44640;06.01.2024 14:00;-5,4
Stavanger - Våland;SN44640;06.01.2024 15:00;-6
Stavanger - Våland;SN44640;06.01.2024 16:00;-6,4
Stavanger - Våland;SN44640;06.01.2024 17:00;-6,8
Stavanger - Våland;SN44640;06.01.2024 18:00;-6,6
Stavanger - Våland;SN44640;06.01.2024 19:00;-6,5
Stavanger - Våland;SN44640;06.01.2024 20:00;-7,2
Stavanger - Våland;SN44640;06.01.2024 21:00;-6,8
Stavanger - Våland;SN44640;06.01.2024 22:00;-6,8
Stavanger - Våland;SN44640;06.01.2024 23:00;-6,2
Stavanger - Våland;SN44640;07.01.2024 00:00;-6,8
Stavanger - Våland;SN44640;07.01.2024 01:00;-6,7
Stavanger - Våland;SN44640;07.01.2024 02:00;-6,7
Stavanger - Våland;SN44640;07.01.2024 03:00;-6,8
Stavanger - Våland;SN44640;07.01.2024 04:00;-6,7
Stavanger - Våland;SN44640;07.01.2024 05:00;-7
Stavanger - Våland;SN44640;07.01.2024 06:00;-6,7
Stavanger - Våland;SN44640;07.01.2024 07:00;-7,3
Stavanger - Våland;SN44640;07.01.2024 08:00;-7,3
Stavanger - Våland;SN44640;07.01.2024 09:00;-6,6
Stavanger - Våland;SN44640;07.01.2024 10:00;-5,9
Stavanger - Våland;SN44640;07.01.2024 11:00;-3,7
Stavanger - Våland;SN44640;07.01.2024 12:00;-2,4
Stavanger - Våland;SN44640;07.01.2024 13:00;-0,9
Stavanger - Våland;SN44640;07.01.2024 14:00;-1,3
Stavanger - Våland;SN44640;07.01.2024 15:00;-2,2
Stavanger - Våland;SN44640;07.01.2024 16:00;-3
Stavanger - Våland;SN44640;07.01.2024 17:00;-3
Stavanger - Våland;SN44640;07.01.2024 18:00;-3,4
Stavanger - Våland;SN44640;07.01.2024 19:00;-4,5
Stavanger - Våland;SN44640;07.01.2024 20:00;-4,9
Stavanger - Våland;SN44640;07.01.2024 21:00;-5,8
Stavanger - Våland;SN44640;07.01.2024 22:00;-4,8
Stavanger - Våland;SN44640;07.01.2024 23:00;-5,4
Stavanger - Våland;SN44640;08.01.2024 00:00;-6,4
Stavanger - Våland;SN44640;08.01.2024 01:00;-6
Stavanger - Våland;SN44640;08.01.2024 02:00;-5,6
Stavanger - Våland;SN44640;08.01.2024 03:00;-5,4
Stavanger - Våland;SN44640;08.01.2024 04:00;-5,2
Stavanger - Våland;SN44640;08.01.2024 05:00;-5,6
Stavanger - Våland;SN44640;08.01.2024 06:00;-5,3
Stavanger - Våland;SN44640;08.01.2024 07:00;-4,6
Stavanger - Våland;SN44640;08.01.2024 08:00;-4,2
Stavanger - Våland;SN44640;08.01.2024 09:00;-3,5
Stavanger - Våland;SN44640;08.01.2024 10:00;-3
Stavanger - Våland;SN44640;08.01.2024 11:00;-2,5
Stavanger - Våland;SN44640;08.01.2024 12:00;-2,1
Stavanger - Våland;SN44640;08.01.2024 13:00;-2
Stavanger - Våland;SN44640;08.01.2024 14:00;-2,2
Stavanger - Våland;SN44640;08.01.2024 15:00;-2,2
Stavanger - Våland;SN44640;08.01.2024 16:00;-2,6
Stavanger - Våland;SN44640;08.01.2024 17:00;-2,7
Stavanger - Våland;SN44640;08.01.2024 18:00;-3,1
Stavanger - Våland;SN44640;08.01.2024 19:00;-3,1
Stavanger - Våland;SN44640;08.01.2024 20:00;-3,6
Stavanger - Våland;SN44640;08.01.2024 21:00;-3,2
Stavanger - Våland;SN44640;08.01.2024 22:00;-3,5
Stavanger - Våland;SN44640;08.01.2024 23:00;-3,8
Stavanger - Våland;SN44640;09.01.2024 00:00;-3,5
Stavanger - Våland;SN44640;09.01.2024 01:00;-3,4
Stavanger - Våland;SN44640;09.01.2024 02:00;-2,4
Stavanger - Våland;SN44640;09.01.2024 03:00;-1,9
Stavanger - Våland;SN44640;09.01.2024 04:00;-2,8
Stavanger - Våland;SN44640;09.01.2024 05:00;-3
Stavanger - Våland;SN44640;09.01.2024 06:00;-2,9
Stavanger - Våland;SN44640;09.01.2024 07:00;-3,5
Stavanger - Våland;SN44640;09.01.2024 08:00;-3,6
Stavanger - Våland;SN44640;09.01.2024 09:00;-4
Stavanger - Våland;SN44640;09.01.2024 10:00;-2,8
Stavanger - Våland;SN44640;09.01.2024 11:00;-1,9
Stavanger - Våland;SN44640;09.01.2024 12:00;-1,1
Stavanger - Våland;SN44640;09.01.2024 13:00;-0,1
Stavanger - Våland;SN44640;09.01.2024 14:00;-0,6
Stavanger - Våland;SN44640;09.01.2024 15:00;0,1
Stavanger - Våland;SN44640;09.01.2024 16:00;-1
Stavanger - Våland;SN44640;09.01.2024 17:00;-1,2
Stavanger - Våland;SN44640;09.01.2024 18:00;-1,5
Stavanger - Våland;SN44640;09.01.2024 19:00;-2,2
Stavanger - Våland;SN44640;09.01.2024 20:00;-2,2
Stavanger - Våland;SN44640;09.01.2024 21:00;-2,1
Stavanger - Våland;SN44640;09.01.2024 22:00;-2,4
Stavanger - Våland;SN44640;09.01.2024 23:00;-2,9
Stavanger - Våland;SN44640;10.01.2024 00:00;-1,9
Stavanger - Våland;SN44640;10.01.2024 01:00;-2,2
Stavanger - Våland;SN44640;10.01.2024 02:00;-2,2
Stavanger - Våland;SN44640;10.01.2024 03:00;-2
Stavanger - Våland;SN44640;10.01.2024 04:00;-1,9
Stavanger - Våland;SN44640;10.01.2024 05:00;-1,9
Stavanger - Våland;SN44640;10.01.2024 06:00;-1,6
Stavanger - Våland;SN44640;10.01.2024 07:00;-1,8
Stavanger - Våland;SN44640;10.01.2024 08:00;-2
Stavanger - Våland;SN44640;10.01.2024 09:00;-1,5
Stavanger - Våland;SN44640;10.01.2024 10:00;-2,1
Stavanger - Våland;SN44640;10.01.2024 11:00;-0,9
Stavanger - Våland;SN44640;10.01.2024 12:00;-0,3
Stavanger - Våland;SN44640;10.01.2024 13:00;0,9
Stavanger - Våland;SN44640;10.01.2024 14:00;0,6
Stavanger - Våland;SN44640;10.01.2024 15:00;0,2
Stavanger - Våland;SN44640;10.01.2024 16:00;-0,2
Stavanger - Våland;SN44640;10.01.2024 17:00;-1,2
Stavanger - Våland;SN44640;10.01.2024 18:00;-1
Stavanger - Våland;SN44640;10.01.2024 19:00;-2,3
Stavanger - Våland;SN44640;10.01.2024 20:00;-1,4
Stavanger - Våland;SN44640;10.01.2024 21:00;-1,1
Stavanger - Våland;SN44640;10.01.2024 22:00;-1,7
Stavanger - Våland;SN44640;10.01.2024 23:00;-1,8
Stavanger - Våland;SN44640;11.01.2024 00:00;-2,5
Stavanger - Våland;SN44640;11.01.2024 01:00;-2,2
Stavanger - Våland;SN44640;11.01.2024 02:00;-1,8
Stavanger - Våland;SN44640;11.01.2024 03:00;-1,7
Stavanger - Våland;SN44640;11.01.2024 04:00;-1,4
Stavanger - Våland;SN44640;11.01.2024 05:00;-1,4
Stavanger - Våland;SN44640;11.01.2024 06:00;-2
Stavanger - Våland;SN44640;11.01.2024 07:00;-1,1
Stavanger - Våland;SN44640;11.01.2024 08:00;-1
Stavanger - Våland;SN44640;11.01.2024 09:00;-1,4
Stavanger - Våland;SN44640;11.01.2024 10:00;-0,8
Stavanger - Våland;SN44640;11.01.2024 11:00;-1,3
Stavanger - Våland;SN44640;11.01.2024 12:00;0,2
Stavanger - Våland;SN44640;11.01.2024 13:00;1,3
Stavanger - Våland;SN44640;11.01.2024 14:00;1,2
Stavanger - Våland;SN44640;11.01.2024 15:00;1,3
Stavanger - Våland;SN44640;11.01.2024 16:00;1,1
Stavanger - Våland;SN44640;11.01.2024 17:00;1,8
Stavanger - Våland;SN44640;11.01.2024 18:00;1,9
Stavanger - Våland;SN44640;11.01.2024 19:00;1,6
Stavanger - Våland;SN44640;11.01.2024 20:00;0,2
Stavanger - Våland;SN44640;11.01.2024 21:00;1
Stavanger - Våland;SN44640;11.01.2024 22:00;1,4
Stavanger - Våland;SN44640;11.01.2024 23:00;2,4
Stavanger - Våland;SN44640;12.01.2024 00:00;2
Stavanger - Våland;SN44640;12.01.2024 01:00;2
Stavanger - Våland;SN44640;12.01.2024 02:00;1,7
Stavanger - Våland;SN44640;12.01.2024 03:00;1,5
Stavanger - Våland;SN44640;12.01.2024 04:00;1,2
Stavanger - Våland;SN44640;12.01.2024 05:00;1,4
Stavanger - Våland;SN44640;12.01.2024 06:00;1,1
Stavanger - Våland;SN44640;12.01.2024 07:00;0,5
Stavanger - Våland;SN44640;12.01.2024 08:00;0,9
Stavanger - Våland;SN44640;12.01.2024 09:00;1,1
Stavanger - Våland;SN44640;12.01.2024 10:00;0,3
Stavanger - Våland;SN44640;12.01.2024 11:00;0,8
Stavanger - Våland;SN44640;12.01.2024 12:00;0,3
Stavanger - Våland;SN44640;12.01.2024 13:00;1,2
Stavanger - Våland;SN44640;12.01.2024 14:00;2,2
Stavanger - Våland;SN44640;12.01.2024 15:00;1,8
Stavanger - Våland;SN44640;12.01.2024 16:00;1,6
Stavanger - Våland;SN44640;12.01.2024 17:00;1,7
Stavanger - Våland;SN44640;12.01.2024 18:00;1,5
Stavanger - Våland;SN44640;12.01.2024 19:00;1,6
Stavanger - Våland;SN44640;12.01.2024 20:00;1,4
Stavanger - Våland;SN44640;12.01.2024 21:00;1,5
Stavanger - Våland;SN44640;12.01.2024 22:00;1,8
Stavanger - Våland;SN44640;12.01.2024 23:00;2
Stavanger - Våland;SN44640;13.01.2024 00:00;2,8
Stavanger - Våland;SN44640;13.01.2024 01:00;5
Stavanger - Våland;SN44640;13.01.2024 02:00;4,9
Stavanger - Våland;SN44640;13.01.2024 03:00;5,3
Stavanger - Våland;SN44640;13.01.2024 04:00;5,4
Stavanger - Våland;SN44640;13.01.2024 05:00;4,7
Stavanger - Våland;SN44640;13.01.2024 06:00;4,7
Stavanger - Våland;SN44640;13.01.2024 07:00;4,5
Stavanger - Våland;SN44640;13.01.2024 08:00;4,2
Stavanger - Våland;SN44640;13.01.2024 09:00;4,2
Stavanger - Våland;SN44640;13.01.2024 10:00;4
Stavanger - Våland;SN44640;13.01.2024 11:00;3,5
Stavanger - Våland;SN44640;13.01.2024 12:00;2,8
Stavanger - Våland;SN44640;13.01.2024 13:00;3
Stavanger - Våland;SN44640;13.01.2024 14:00;2,3
Stavanger - Våland;SN44640;13.01.2024 15:00;2,2
Stavanger - Våland;SN44640;13.01.2024 16:00;2
Stavanger - Våland;SN44640;13.01.2024 17:00;1,8
Stavanger - Våland;SN44640;13.01.2024 18:00;1,8
Stavanger - Våland;SN44640;13.01.2024 19:00;1,7
Stavanger - Våland;SN44640;13.01.2024 20:00;1,7
Stavanger - Våland;SN44640;13.01.2024 21:00;1,4
Stavanger - Våland;SN44640;13.01.2024 22:00;1,5
Stavanger - Våland;SN44640;13.01.2024 23:00;1,9
Stavanger - Våland;SN44640;14.01.2024 00:00;1,7
Stavanger - Våland;SN44640;14.01.2024 01:00;1,5
Stavanger - Våland;SN44640;14.01.2024 02:00;2,2
Stavanger - Våland;SN44640;14.01.2024 03:00;2,4
Stavanger - Våland;SN44640;14.01.2024 04:00;2,6
Stavanger - Våland;SN44640;14.01.2024 05:00;2,2
Stavanger - Våland;SN44640;14.01.2024 06:00;1,9
Stavanger - Våland;SN44640;14.01.2024 07:00;2,1
Stavanger - Våland;SN44640;14.01.2024 08:00;1,6
Stavanger - Våland;SN44640;14.01.2024 09:00;2
Stavanger - Våland;SN44640;14.01.2024 10:00;1,7
Stavanger - Våland;SN44640;14.01.2024 11:00;1,5
Stavanger - Våland;SN44640;14.01.2024 12:00;0,7
Stavanger - Våland;SN44640;14.01.2024 13:00;1,1
Stavanger - Våland;SN44640;14.01.2024 14:00;0,8
Stavanger - Våland;SN44640;14.01.2024 15:00;1,1
Stavanger - Våland;SN44640;14.01.2024 16:00;0,4
Stavanger - Våland;SN44640;14.01.2024 17:00;0,3
Stavanger - Våland;SN44640;14.01.2024 18:00;0,2
Stavanger - Våland;SN44640;14.01.2024 19:00;-0,1
Stavanger - Våland;SN44640;14.01.2024 20:00;-0,3
Stavanger - Våland;SN44640;14.01.2024 21:00;-0,4
Stavanger - Våland;SN44640;14.01.2024 22:00;-0,6
Stavanger - Våland;SN44640;14.01.2024 23:00;-0,9
Stavanger - Våland;SN44640;15.01.2024 00:00;-1,3
Stavanger - Våland;SN44640;15.01.2024 01:00;-2
Stavanger - Våland;SN44640;15.01.2024 02:00;-1,7
Stavanger - Våland;SN44640;15.01.2024 03:00;-2,2
Stavanger - Våland;SN44640;15.01.2024 04:00;-1,2
Stavanger - Våland;SN44640;15.01.2024 05:00;-1,5
Stavanger - Våland;SN44640;15.01.2024 06:00;-1,1
Stavanger - Våland;SN44640;15.01.2024 07:00;-1,9
Stavanger - Våland;SN44640;15.01.2024 08:00;-2,2
Stavanger - Våland;SN44640;15.01.2024 09:00;-3,1
Stavanger - Våland;SN44640;15.01.2024 10:00;-3,3
Stavanger - Våland;SN44640;15.01.2024 11:00;-3,4
Stavanger - Våland;SN44640;15.01.2024 12:00;-1,5
Stavanger - Våland;SN44640;15.01.2024 13:00;-1,5
Stavanger - Våland;SN44640;15.01.2024 14:00;-1,2
Stavanger - Våland;SN44640;15.01.2024 15:00;-1,2
Stavanger - Våland;SN44640;15.01.2024 16:00;-1,5
Stavanger - Våland;SN44640;15.01.2024 17:00;-1,9
Stavanger - Våland;SN44640;15.01.2024 18:00;-3
Stavanger - Våland;SN44640;15.01.2024 19:00;-2,6
Stavanger - Våland;SN44640;15.01.2024 20:00;-2,5
Stavanger - Våland;SN44640;15.01.2024 21:00;-3,1
Stavanger - Våland;SN44640;15.01.2024 22:00;-3,4
Stavanger - Våland;SN44640;15.01.2024 23:00;-4,5
Stavanger - Våland;SN44640;16.01.2024 00:00;-4,3
Stavanger - Våland;SN44640;16.01.2024 01:00;-5
Stavanger - Våland;SN44640;16.01.2024 02:00;-5,2
Stavanger - Våland;SN44640;16.01.2024 03:00;-5
Stavanger - Våland;SN44640;16.01.2024 04:00;-5,5
Stavanger - Våland;SN44640;16.01.2024 05:00;-4,9
Stavanger - Våland;SN44640;16.01.2024 06:00;-3,9
Stavanger - Våland;SN44640;16.01.2024 07:00;-2,9
Stavanger - Våland;SN44640;16.01.2024 08:00;-2,6
Stavanger - Våland;SN44640;16.01.2024 09:00;-2,5
Stavanger - Våland;SN44640;16.01.2024 10:00;-2,3
Stavanger - Våland;SN44640;16.01.2024 11:00;-2,1
Stavanger - Våland;SN44640;16.01.2024 12:00;-1,7
Stavanger - Våland;SN44640;16.01.2024 13:00;-1,5
Stavanger - Våland;SN44640;16.01.2024 14:00;-1,2
Stavanger - Våland;SN44640;16.01.2024 15:00;-1,5
Stavanger - Våland;SN44640;16.01.2024 16:00;-1,3
Stavanger - Våland;SN44640;16.01.2024 17:00;-0,8
Stavanger - Våland;SN44640;16.01.2024 18:00;-0,6
Stavanger - Våland;SN44640;16.01.2024 19:00;-0,8
Stavanger - Våland;SN44640;16.01.2024 20:00;-1,9
Stavanger - Våland;SN44640;16.01.2024 21:00;-1,2
Stavanger - Våland;SN44640;16.01.2024 22:00;-1,2
Stavanger - Våland;SN44640;16.01.2024 23:00;-0,6
Stavanger - Våland;SN44640;17.01.2024 00:00;-0,9
Stavanger - Våland;SN44640;17.01.2024 01:00;-1,1
Stavanger - Våland;SN44640;17.01.2024 02:00;-1,5
Stavanger - Våland;SN44640;17.01.2024 03:00;-1,9
Stavanger - Våland;SN44640;17.01.2024 04:00;-2,1
Stavanger - Våland;SN44640;17.01.2024 05:00;-2
Stavanger - Våland;SN44640;17.01.2024 06:00;-2,9
Stavanger - Våland;SN44640;17.01.2024 07:00;-3,4
Stavanger - Våland;SN44640;17.01.2024 08:00;-4,6
Stavanger - Våland;SN44640;17.01.2024 09:00;-4,7
Stavanger - Våland;SN44640;17.01.2024 10:00;-3,5
Stavanger - Våland;SN44640;17.01.2024 11:00;-3,5
Stavanger - Våland;SN44640;17.01.2024 12:00;-2,1
Stavanger - Våland;SN44640;17.01.2024 13:00;-3,5
Stavanger - Våland;SN44640;17.01.2024 14:00;-3,2
Stavanger - Våland;SN44640;17.01.2024 15:00;-3,1
Stavanger - Våland;SN44640;17.01.2024 16:00;-4,1
Stavanger - Våland;SN44640;17.01.2024 17:00;-3,7
Stavanger - Våland;SN44640;17.01.2024 18:00;-3,9
Stavanger - Våland;SN44640;17.01.2024 19:00;-4,2
Stavanger - Våland;SN44640;17.01.2024 20:00;-4,2
Stavanger - Våland;SN44640;17.01.2024 21:00;-4,5
Stavanger - Våland;SN44640;17.01.2024 22:00;-4,2
Stavanger - Våland;SN44640;17.01.2024 23:00;-5
Stavanger - Våland;SN44640;18.01.2024 00:00;-4,6
Stavanger - Våland;SN44640;18.01.2024 01:00;-4,5
Stavanger - Våland;SN44640;18.01.2024 02:00;-4,2
Stavanger - Våland;SN44640;18.01.2024 03:00;-4,7
Stavanger - Våland;SN44640;18.01.2024 04:00;-5,2
Stavanger - Våland;SN44640;18.01.2024 05:00;-5
Stavanger - Våland;SN44640;18.01.2024 06:00;-4
Stavanger - Våland;SN44640;18.01.2024 07:00;-5,7
Stavanger - Våland;SN44640;18.01.2024 08:00;-4,8
Stavanger - Våland;SN44640;18.01.2024 09:00;-3,8
Stavanger - Våland;SN44640;18.01.2024 10:00;-2,9
Stavanger - Våland;SN44640;18.01.2024 11:00;-2,8
Stavanger - Våland;SN44640;18.01.2024 12:00;-3
Stavanger - Våland;SN44640;18.01.2024 13:00;-1,4
Stavanger - Våland;SN44640;18.01.2024 14:00;-1,7
Stavanger - Våland;SN44640;18.01.2024 15:00;-1,6
Stavanger - Våland;SN44640;18.01.2024 16:00;-1,3
Stavanger - Våland;SN44640;18.01.2024 17:00;-2,4
Stavanger - Våland;SN44640;18.01.2024 18:00;-2,5
Stavanger - Våland;SN44640;18.01.2024 19:00;-2,6
Stavanger - Våland;SN44640;18.01.2024 20:00;-2,7
Stavanger - Våland;SN44640;18.01.2024 21:00;-2,1
Stavanger - Våland;SN44640;18.01.2024 22:00;-1,5
Stavanger - Våland;SN44640;18.01.2024 23:00;-1,1
Stavanger - Våland;SN44640;19.01.2024 00:00;-1,5
Stavanger - Våland;SN44640;19.01.2024 01:00;-1,8
Stavanger - Våland;SN44640;19.01.2024 02:00;-2
Stavanger - Våland;SN44640;19.01.2024 03:00;-0,8
Stavanger - Våland;SN44640;19.01.2024 04:00;-0,6
Stavanger - Våland;SN44640;19.01.2024 05:00;-1,4
Stavanger - Våland;SN44640;19.01.2024 06:00;-1,9
Stavanger - Våland;SN44640;19.01.2024 07:00;-0,9
Stavanger - Våland;SN44640;19.01.2024 08:00;-0,7
Stavanger - Våland;SN44640;19.01.2024 09:00;-0,2
Stavanger - Våland;SN44640;19.01.2024 10:00;-0,3
Stavanger - Våland;SN44640;19.01.2024 11:00;-0,4
Stavanger - Våland;SN44640;19.01.2024 12:00;1,1
Stavanger - Våland;SN44640;19.01.2024 13:00;0,5
Stavanger - Våland;SN44640;19.01.2024 14:00;0,4
Stavanger - Våland;SN44640;19.01.2024 15:00;0,4
Stavanger - Våland;SN44640;19.01.2024 16:00;0,3
Stavanger - Våland;SN44640;19.01.2024 17:00;0,7
Stavanger - Våland;SN44640;19.01.2024 18:00;0,4
Stavanger - Våland;SN44640;19.01.2024 19:00;0,2
Stavanger - Våland;SN44640;19.01.2024 20:00;0
Stavanger - Våland;SN44640;19.01.2024 21:00;-0,1
Stavanger - Våland;SN44640;19.01.2024 22:00;-0,2
Stavanger - Våland;SN44640;19.01.2024 23:00;0
Stavanger - Våland;SN44640;20.01.2024 00:00;-0,2
Stavanger - Våland;SN44640;20.01.2024 01:00;-1,4
Stavanger - Våland;SN44640;20.01.2024 02:00;-2,3
Stavanger - Våland;SN44640;20.01.2024 03:00;-2,9
Stavanger - Våland;SN44640;20.01.2024 04:00;-2,9
Stavanger - Våland;SN44640;20.01.2024 05:00;-2,1
Stavanger - Våland;SN44640;20.01.2024 06:00;-2,6
Stavanger - Våland;SN44640;20.01.2024 07:00;-2,6
Stavanger - Våland;SN44640;20.01.2024 08:00;-2
Stavanger - Våland;SN44640;20.01.2024 09:00;-1,3
Stavanger - Våland;SN44640;20.01.2024 10:00;-0,1
Stavanger - Våland;SN44640;20.01.2024 11:00;0,8
Stavanger - Våland;SN44640;20.01.2024 12:00;1,4
Stavanger - Våland;SN44640;20.01.2024 13:00;2
Stavanger - Våland;SN44640;20.01.2024 14:00;2,2
Stavanger - Våland;SN44640;20.01.2024 15:00;1,9
Stavanger - Våland;SN44640;20.01.2024 16:00;2,1
Stavanger - Våland;SN44640;20.01.2024 17:00;2,3
Stavanger - Våland;SN44640;20.01.2024 18:00;2,6
Stavanger - Våland;SN44640;20.01.2024 19:00;3,1
Stavanger - Våland;SN44640;20.01.2024 20:00;3,3
Stavanger - Våland;SN44640;20.01.2024 21:00;3,5
Stavanger - Våland;SN44640;20.01.2024 22:00;3,3
Stavanger - Våland;SN44640;20.01.2024 23:00;3,7
Stavanger - Våland;SN44640;21.01.2024 00:00;4,1
Stavanger - Våland;SN44640;21.01.2024 01:00;4,2
Stavanger - Våland;SN44640;21.01.2024 02:00;4,1
Stavanger - Våland;SN44640;21.01.2024 03:00;4,1
Stavanger - Våland;SN44640;21.01.2024 04:00;4
Stavanger - Våland;SN44640;21.01.2024 05:00;3,7
Stavanger - Våland;SN44640;21.01.2024 06:00;3,7
Stavanger - Våland;SN44640;21.01.2024 07:00;3,2
Stavanger - Våland;SN44640;21.01.2024 08:00;2,7
Stavanger - Våland;SN44640;21.01.2024 09:00;2,1
Stavanger - Våland;SN44640;21.01.2024 10:00;2,8
Stavanger - Våland;SN44640;21.01.2024 11:00;2,9
Stavanger - Våland;SN44640;21.01.2024 12:00;2,3
Stavanger - Våland;SN44640;21.01.2024 13:00;2,8
Stavanger - Våland;SN44640;21.01.2024 14:00;3,7
Stavanger - Våland;SN44640;21.01.2024 15:00;4,8
Stavanger - Våland;SN44640;21.01.2024 16:00;4,8
Stavanger - Våland;SN44640;21.01.2024 17:00;4,7
Stavanger - Våland;SN44640;21.01.2024 18:00;4,7
Stavanger - Våland;SN44640;21.01.2024 19:00;4,6
Stavanger - Våland;SN44640;21.01.2024 20:00;5,2
Stavanger - Våland;SN44640;21.01.2024 21:00;5,4
Stavanger - Våland;SN44640;21.01.2024 22:00;5,8
Stavanger - Våland;SN44640;21.01.2024 23:00;6,2
Stavanger - Våland;SN44640;22.01.2024 00:00;6,5
Stavanger - Våland;SN44640;22.01.2024 01:00;6,5
Stavanger - Våland;SN44640;22.01.2024 02:00;7,1
Stavanger - Våland;SN44640;22.01.2024 03:00;7,8
Stavanger - Våland;SN44640;22.01.2024 04:00;8,1
Stavanger - Våland;SN44640;22.01.2024 05:00;8,1
Stavanger - Våland;SN44640;22.01.2024 06:00;8,1
Stavanger - Våland;SN44640;22.01.2024 07:00;6,7
Stavanger - Våland;SN44640;22.01.2024 08:00;7,3
Stavanger - Våland;SN44640;22.01.2024 09:00;7,2
Stavanger - Våland;SN44640;22.01.2024 10:00;6,9
Stavanger - Våland;SN44640;22.01.2024 11:00;7
Stavanger - Våland;SN44640;22.01.2024 12:00;6,9
Stavanger - Våland;SN44640;22.01.2024 13:00;7,4
Stavanger - Våland;SN44640;22.01.2024 14:00;7,2
Stavanger - Våland;SN44640;22.01.2024 15:00;6,8
Stavanger - Våland;SN44640;22.01.2024 16:00;6,6
Stavanger - Våland;SN44640;22.01.2024 17:00;6,4
Stavanger - Våland;SN44640;22.01.2024 18:00;5,6
Stavanger - Våland;SN44640;22.01.2024 19:00;6,3
Stavanger - Våland;SN44640;22.01.2024 20:00;5,1
Stavanger - Våland;SN44640;22.01.2024 21:00;5,9
Stavanger - Våland;SN44640;22.01.2024 22:00;5,7
Stavanger - Våland;SN44640;22.01.2024 23:00;4,5
Stavanger - Våland;SN44640;23.01.2024 00:00;5,7
Stavanger - Våland;SN44640;23.01.2024 01:00;5,5
Stavanger - Våland;SN44640;23.01.2024 02:00;5,4
Stavanger - Våland;SN44640;23.01.2024 03:00;5,2
Stavanger - Våland;SN44640;23.01.2024 04:00;5,6
Stavanger - Våland;SN44640;23.01.2024 05:00;5,5
Stavanger - Våland;SN44640;23.01.2024 06:00;5,1
Stavanger - Våland;SN44640;23.01.2024 07:00;5,3
Stavanger - Våland;SN44640;23.01.2024 08:00;5,1
Stavanger - Våland;SN44640;23.01.2024 09:00;5,7
Stavanger - Våland;SN44640;23.01.2024 10:00;5,4
Stavanger - Våland;SN44640;23.01.2024 11:00;5,4
Stavanger - Våland;SN44640;23.01.2024 12:00;5,7
Stavanger - Våland;SN44640;23.01.2024 13:00;5,4
Stavanger - Våland;SN44640;23.01.2024 14:00;5
Stavanger - Våland;SN44640;23.01.2024 15:00;4,9
Stavanger - Våland;SN44640;23.01.2024 16:00;5,2
Stavanger - Våland;SN44640;23.01.2024 17:00;5,2
Stavanger - Våland;SN44640;23.01.2024 18:00;5,2
Stavanger - Våland;SN44640;23.01.2024 19:00;5,4
Stavanger - Våland;SN44640;23.01.2024 20:00;4,7
Stavanger - Våland;SN44640;23.01.2024 21:00;3,9
Stavanger - Våland;SN44640;23.01.2024 22:00;3,9
Stavanger - Våland;SN44640;23.01.2024 23:00;5,5
Stavanger - Våland;SN44640;24.01.2024 00:00;6
Stavanger - Våland;SN44640;24.01.2024 01:00;6,8
Stavanger - Våland;SN44640;24.01.2024 02:00;7,4
Stavanger - Våland;SN44640;24.01.2024 03:00;7,6
Stavanger - Våland;SN44640;24.01.2024 04:00;7,3
Stavanger - Våland;SN44640;24.01.2024 05:00;7,2
Stavanger - Våland;SN44640;24.01.2024 06:00;6,9
Stavanger - Våland;SN44640;24.01.2024 07:00;7,1
Stavanger - Våland;SN44640;24.01.2024 08:00;6,9
Stavanger - Våland;SN44640;24.01.2024 09:00;6,7
Stavanger - Våland;SN44640;24.01.2024 10:00;6,6
Stavanger - Våland;SN44640;24.01.2024 11:00;6,9
Stavanger - Våland;SN44640;24.01.2024 12:00;7
Stavanger - Våland;SN44640;24.01.2024 13:00;7,1
Stavanger - Våland;SN44640;24.01.2024 14:00;6,4
Stavanger - Våland;SN44640;24.01.2024 15:00;6,4
Stavanger - Våland;SN44640;24.01.2024 16:00;6,2
Stavanger - Våland;SN44640;24.01.2024 17:00;6,1
Stavanger - Våland;SN44640;24.01.2024 18:00;6,2
Stavanger - Våland;SN44640;24.01.2024 19:00;6
Stavanger - Våland;SN44640;24.01.2024 20:00;6,3
Stavanger - Våland;SN44640;24.01.2024 21:00;6,1
Stavanger - Våland;SN44640;24.01.2024 22:00;5,8
Stavanger - Våland;SN44640;24.01.2024 23:00;5,9
Stavanger - Våland;SN44640;25.01.2024 00:00;5,7
Stavanger - Våland;SN44640;25.01.2024 01:00;5,5
Stavanger - Våland;SN44640;25.01.2024 02:00;5,7
Stavanger - Våland;SN44640;25.01.2024 03:00;5,4
Stavanger - Våland;SN44640;25.01.2024 04:00;5,3
Stavanger - Våland;SN44640;25.01.2024 05:00;5
Stavanger - Våland;SN44640;25.01.2024 06:00;4,1
Stavanger - Våland;SN44640;25.01.2024 07:00;4,1
Stavanger - Våland;SN44640;25.01.2024 08:00;2,7
Stavanger - Våland;SN44640;25.01.2024 09:00;2,8
Stavanger - Våland;SN44640;25.01.2024 10:00;3,4
Stavanger - Våland;SN44640;25.01.2024 11:00;3
Stavanger - Våland;SN44640;25.01.2024 12:00;4,4
Stavanger - Våland;SN44640;25.01.2024 13:00;5,1
Stavanger - Våland;SN44640;25.01.2024 14:00;5,1
Stavanger - Våland;SN44640;25.01.2024 15:00;4,8
Stavanger - Våland;SN44640;25.01.2024 16:00;4,4
Stavanger - Våland;SN44640;25.01.2024 17:00;4,2
Stavanger - Våland;SN44640;25.01.2024 18:00;3,9
Stavanger - Våland;SN44640;25.01.2024 19:00;4,3
Stavanger - Våland;SN44640;25.01.2024 20:00;5,2
Stavanger - Våland;SN44640;25.01.2024 21:00;5,5
Stavanger - Våland;SN44640;25.01.2024 22:00;5,7
Stavanger - Våland;SN44640;25.01.2024 23:00;6
Stavanger - Våland;SN44640;26.01.2024 00:00;6,3
Stavanger - Våland;SN44640;26.01.2024 01:00;5,6
Stavanger - Våland;SN44640;26.01.2024 02:00;6
Stavanger - Våland;SN44640;26.01.2024 03:00;6,6
Stavanger - Våland;SN44640;26.01.2024 04:00;6,3
Stavanger - Våland;SN44640;26.01.2024 05:00;6,7
Stavanger - Våland;SN44640;26.01.2024 06:00;6,3
Stavanger - Våland;SN44640;26.01.2024 07:00;6,6
Stavanger - Våland;SN44640;26.01.2024 08:00;7
Stavanger - Våland;SN44640;26.01.2024 09:00;6,9
Stavanger - Våland;SN44640;26.01.2024 10:00;4,1
Stavanger - Våland;SN44640;26.01.2024 11:00;3,3
Stavanger - Våland;SN44640;26.01.2024 12:00;3,9
Stavanger - Våland;SN44640;26.01.2024 13:00;3,8
Stavanger - Våland;SN44640;26.01.2024 14:00;5,5
Stavanger - Våland;SN44640;26.01.2024 15:00;5
Stavanger - Våland;SN44640;26.01.2024 16:00;4,8
Stavanger - Våland;SN44640;26.01.2024 17:00;4,7
Stavanger - Våland;SN44640;26.01.2024 18:00;4,8
Stavanger - Våland;SN44640;26.01.2024 19:00;5,1
Stavanger - Våland;SN44640;26.01.2024 20:00;4,8
Stavanger - Våland;SN44640;26.01.2024 21:00;5
Stavanger - Våland;SN44640;26.01.2024 22:00;5
Stavanger - Våland;SN44640;26.01.2024 23:00;4,3
Stavanger - Våland;SN44640;27.01.2024 00:00;4,6
Stavanger - Våland;SN44640;27.01.2024 01:00;4,2
Stavanger - Våland;SN44640;27.01.2024 02:00;4,6
Stavanger - Våland;SN44640;27.01.2024 03:00;4,8
Stavanger - Våland;SN44640;27.01.2024 04:00;5,1
Stavanger - Våland;SN44640;27.01.2024 05:00;5,3
Stavanger - Våland;SN44640;27.01.2024 06:00;5,6
Stavanger - Våland;SN44640;27.01.2024 07:00;5,9
Stavanger - Våland;SN44640;27.01.2024 08:00;6
Stavanger - Våland;SN44640;27.01.2024 09:00;6,2
Stavanger - Våland;SN44640;27.01.2024 10:00;6,4
Stavanger - Våland;SN44640;27.01.2024 11:00;6,6
Stavanger - Våland;SN44640;27.01.2024 12:00;6,8
Stavanger - Våland;SN44640;27.01.2024 13:00;6,8
Stavanger - Våland;SN44640;27.01.2024 14:00;7
Stavanger - Våland;SN44640;27.01.2024 15:00;6,9
Stavanger - Våland;SN44640;27.01.2024 16:00;6,8
Stavanger - Våland;SN44640;27.01.2024 17:00;6,5
Stavanger - Våland;SN44640;27.01.2024 18:00;6,5
Stavanger - Våland;SN44640;27.01.2024 19:00;6,2
Stavanger - Våland;SN44640;27.01.2024 20:00;6,4
Stavanger - Våland;SN44640;27.01.2024 21:00;6,4
Stavanger - Våland;SN44640;27.01.2024 22:00;6,4
Stavanger - Våland;SN44640;27.01.2024 23:00;6,4
Stavanger - Våland;SN44640;28.01.2024 00:00;6,4
Stavanger - Våland;SN44640;28.01.2024 01:00;6,2
Stavanger - Våland;SN44640;28.01.2024 02:00;6,4
Stavanger - Våland;SN44640;28.01.2024 03:00;6,1
Stavanger - Våland;SN44640;28.01.2024 04:00;6
Stavanger - Våland;SN44640;28.01.2024 05:00;5,8
Stavanger - Våland;SN44640;28.01.2024 06:00;5,5
Stavanger - Våland;SN44640;28.01.2024 07:00;5,9
Stavanger - Våland;SN44640;28.01.2024 08:00;5,8
Stavanger - Våland;SN44640;28.01.2024 09:00;5,8
Stavanger - Våland;SN44640;28.01.2024 10:00;6
Stavanger - Våland;SN44640;28.01.2024 11:00;6,3
Stavanger - Våland;SN44640;28.01.2024 12:00;6,3
Stavanger - Våland;SN44640;28.01.2024 13:00;6,1
Stavanger - Våland;SN44640;28.01.2024 14:00;6,3
Stavanger - Våland;SN44640;28.01.2024 15:00;6,8
Stavanger - Våland;SN44640;28.01.2024 16:00;6,6
Stavanger - Våland;SN44640;28.01.2024 17:00;6,7
Stavanger - Våland;SN44640;28.01.2024 18:00;6,6
Stavanger - Våland;SN44640;28.01.2024 19:00;7,2
Stavanger - Våland;SN44640;28.01.2024 20:00;7,7
Stavanger - Våland;SN44640;28.01.2024 21:00;9,1
Stavanger - Våland;SN44640;28.01.2024 22:00;8,6
Stavanger - Våland;SN44640;28.01.2024 23:00;8
Stavanger - Våland;SN44640;29.01.2024 00:00;7,7
Stavanger - Våland;SN44640;29.01.2024 01:00;7,1
Stavanger - Våland;SN44640;29.01.2024 02:00;7,1
Stavanger - Våland;SN44640;29.01.2024 03:00;7,7
Stavanger - Våland;SN44640;29.01.2024 04:00;7,3
Stavanger - Våland;SN44640;29.01.2024 05:00;6,4
Stavanger - Våland;SN44640;29.01.2024 06:00;5,9
Stavanger - Våland;SN44640;29.01.2024 07:00;5,9
Stavanger - Våland;SN44640;29.01.2024 08:00;5,6
Stavanger - Våland;SN44640;29.01.2024 09:00;5,3
Stavanger - Våland;SN44640;29.01.2024 10:00;5,7
Stavanger - Våland;SN44640;29.01.2024 11:00;6
Stavanger - Våland;SN44640;29.01.2024 12:00;6,4
Stavanger - Våland;SN44640;29.01.2024 13:00;6,4
Stavanger - Våland;SN44640;29.01.2024 14:00;6,4
Stavanger - Våland;SN44640;29.01.2024 15:00;6
Stavanger - Våland;SN44640;29.01.2024 16:00;5,2
Stavanger - Våland;SN44640;29.01.2024 17:00;4,1
Stavanger - Våland;SN44640;29.01.2024 18:00;4,4
Stavanger - Våland;SN44640;29.01.2024 19:00;4,5
Stavanger - Våland;SN44640;29.01.2024 20:00;4,6
Stavanger - Våland;SN44640;29.01.2024 21:00;4,4
Stavanger - Våland;SN44640;29.01.2024 22:00;3,9
Stavanger - Våland;SN44640;29.01.2024 23:00;3,5
Stavanger - Våland;SN44640;30.01.2024 00:00;3,4
Stavanger - Våland;SN44640;30.01.2024 01:00;3,3
Stavanger - Våland;SN44640;30.01.2024 02:00;3,5
Stavanger - Våland;SN44640;30.01.2024 03:00;3,4
Stavanger - Våland;SN44640;30.01.2024 04:00;3,5
Stavanger - Våland;SN44640;30.01.2024 05:00;3,5
Stavanger - Våland;SN44640;30.01.2024 06:00;3,2
Stavanger - Våland;SN44640;30.01.2024 07:00;3,5
Stavanger - Våland;SN44640;30.01.2024 08:00;3,2
Stavanger - Våland;SN44640;30.01.2024 09:00;2,9
Stavanger - Våland;SN44640;30.01.2024 10:00;2,4
Stavanger - Våland;SN44640;30.01.2024 11:00;2,1
Stavanger - Våland;SN44640;30.01.2024 12:00;2,4
Stavanger - Våland;SN44640;30.01.2024 13:00;2,7
Stavanger - Våland;SN44640;30.01.2024 14:00;3
Stavanger - Våland;SN44640;30.01.2024 15:00;3,2
Stavanger - Våland;SN44640;30.01.2024 16:00;3
Stavanger - Våland;SN44640;30.01.2024 17:00;3,1
Stavanger - Våland;SN44640;30.01.2024 18:00;2,9
Stavanger - Våland;SN44640;30.01.2024 19:00;2,4
Stavanger - Våland;SN44640;30.01.2024 20:00;1,5
Stavanger - Våland;SN44640;30.01.2024 21:00;0,8
Stavanger - Våland;SN44640;30.01.2024 22:00;1,7
Stavanger - Våland;SN44640;30.01.2024 23:00;1,7
Stavanger - Våland;SN44640;31.01.2024 00:00;1,6
Stavanger - Våland;SN44640;31.01.2024 01:00;1,8
Stavanger - Våland;SN44640;31.01.2024 02:00;1,9
Stavanger - Våland;SN44640;31.01.2024 03:00;2,3
Stavanger - Våland;SN44640;31.01.2024 04:00;3,2
Stavanger - Våland;SN44640;31.01.2024 05:00;3,9
Stavanger - Våland;SN44640;31.01.2024 06:00;4,4
Stavanger - Våland;SN44640;31.01.2024 07:00;4,3
Stavanger - Våland;SN44640;31.01.2024 08:00;4,6
Stavanger - Våland;SN44640;31.01.2024 09:00;4,8
Stavanger - Våland;SN44640;31.01.2024 10:00;5,2
Stavanger - Våland;SN44640;31.01.2024 11:00;5,3
Stavanger - Våland;SN44640;31.01.2024 12:00;5,2
Stavanger - Våland;SN44640;31.01.2024 13:00;5,3
Stavanger - Våland;SN44640;31.01.2024 14:00;4,7
Stavanger - Våland;SN44640;31.01.2024 15:00;4,5
Stavanger - Våland;SN44640;31.01.2024 16:00;4,6
Stavanger - Våland;SN44640;31.01.2024 17:00;5
Stavanger - Våland;SN44640;31.01.2024 18:00;5,7
Stavanger - Våland;SN44640;31.01.2024 19:00;5,6
Stavanger - Våland;SN44640;31.01.2024 20:00;5,2
Stavanger - Våland;SN44640;31.01.2024 21:00;4,9
Stavanger - Våland;SN44640;31.01.2024 22:00;4,7
Stavanger - Våland;SN44640;31.01.2024 23:00;4,6
Stavanger - Våland;SN44640;01.02.2024 00:00;3,8
Stavanger - Våland;SN44640;01.02.2024 01:00;3,7
Stavanger - Våland;SN44640;01.02.2024 02:00;2,1
Stavanger - Våland;SN44640;01.02.2024 03:00;3,1
Stavanger - Våland;SN44640;01.02.2024 04:00;3,3
Stavanger - Våland;SN44640;01.02.2024 05:00;3,9
Stavanger - Våland;SN44640;01.02.2024 06:00;3,5
Stavanger - Våland;SN44640;01.02.2024 07:00;4,8
Stavanger - Våland;SN44640;01.02.2024 08:00;1,4
Stavanger - Våland;SN44640;01.02.2024 09:00;3,6
Stavanger - Våland;SN44640;01.02.2024 10:00;4,1
Stavanger - Våland;SN44640;01.02.2024 11:00;4
Stavanger - Våland;SN44640;01.02.2024 12:00;4,6
Stavanger - Våland;SN44640;01.02.2024 13:00;4,5
Stavanger - Våland;SN44640;01.02.2024 14:00;5,1
Stavanger - Våland;SN44640;01.02.2024 15:00;4,3
Stavanger - Våland;SN44640;01.02.2024 16:00;4,4
Stavanger - Våland;SN44640;01.02.2024 17:00;4,6
Stavanger - Våland;SN44640;01.02.2024 18:00;4
Stavanger - Våland;SN44640;01.02.2024 19:00;3,9
Stavanger - Våland;SN44640;01.02.2024 20:00;4
Stavanger - Våland;SN44640;01.02.2024 21:00;4,3
Stavanger - Våland;SN44640;01.02.2024 22:00;4,8
Stavanger - Våland;SN44640;01.02.2024 23:00;5,4
Stavanger - Våland;SN44640;02.02.2024 00:00;5,4
Stavanger - Våland;SN44640;02.02.2024 01:00;5,2
Stavanger - Våland;SN44640;02.02.2024 02:00;5
Stavanger - Våland;SN44640;02.02.2024 03:00;5,2
Stavanger - Våland;SN44640;02.02.2024 04:00;5,2
Stavanger - Våland;SN44640;02.02.2024 05:00;5,2
Stavanger - Våland;SN44640;02.02.2024 06:00;5,5
Stavanger - Våland;SN44640;02.02.2024 07:00;6,4
Stavanger - Våland;SN44640;02.02.2024 08:00;7,1
Stavanger - Våland;SN44640;02.02.2024 09:00;7,2
Stavanger - Våland;SN44640;02.02.2024 10:00;7,1
Stavanger - Våland;SN44640;02.02.2024 11:00;7,4
Stavanger - Våland;SN44640;02.02.2024 12:00;7,3
Stavanger - Våland;SN44640;02.02.2024 13:00;7,3
Stavanger - Våland;SN44640;02.02.2024 14:00;7,5
Stavanger - Våland;SN44640;02.02.2024 15:00;7,3
Stavanger - Våland;SN44640;02.02.2024 16:00;7
Stavanger - Våland;SN44640;02.02.2024 17:00;7,2
Stavanger - Våland;SN44640;02.02.2024 18:00;7,6
Stavanger - Våland;SN44640;02.02.2024 19:00;7,9
Stavanger - Våland;SN44640;02.02.2024 20:00;8,1
Stavanger - Våland;SN44640;02.02.2024 21:00;8,1
Stavanger - Våland;SN44640;02.02.2024 22:00;7,8
Stavanger - Våland;SN44640;02.02.2024 23:00;7,8
Stavanger - Våland;SN44640;03.02.2024 00:00;7,4
Stavanger - Våland;SN44640;03.02.2024 01:00;7
Stavanger - Våland;SN44640;03.02.2024 02:00;7,1
Stavanger - Våland;SN44640;03.02.2024 03:00;6,7
Stavanger - Våland;SN44640;03.02.2024 04:00;5,6
Stavanger - Våland;SN44640;03.02.2024 05:00;6,3
Stavanger - Våland;SN44640;03.02.2024 06:00;5,3
Stavanger - Våland;SN44640;03.02.2024 07:00;5,6
Stavanger - Våland;SN44640;03.02.2024 08:00;4,5
Stavanger - Våland;SN44640;03.02.2024 09:00;4,9
Stavanger - Våland;SN44640;03.02.2024 10:00;4,3
Stavanger - Våland;SN44640;03.02.2024 11:00;5,1
Stavanger - Våland;SN44640;03.02.2024 12:00;5,9
Stavanger - Våland;SN44640;03.02.2024 13:00;4,2
Stavanger - Våland;SN44640;03.02.2024 14:00;5,7
Stavanger - Våland;SN44640;03.02.2024 15:00;5,5
Stavanger - Våland;SN44640;03.02.2024 16:00;5,2
Stavanger - Våland;SN44640;03.02.2024 17:00;5,5
Stavanger - Våland;SN44640;03.02.2024 18:00;4,8
Stavanger - Våland;SN44640;03.02.2024 19:00;2,8
Stavanger - Våland;SN44640;03.02.2024 20:00;4,6
Stavanger - Våland;SN44640;03.02.2024 21:00;4,4
Stavanger - Våland;SN44640;03.02.2024 22:00;4,8
Stavanger - Våland;SN44640;03.02.2024 23:00;4,8
Stavanger - Våland;SN44640;04.02.2024 00:00;4,4
Stavanger - Våland;SN44640;04.02.2024 01:00;3,8
Stavanger - Våland;SN44640;04.02.2024 02:00;3,9
Stavanger - Våland;SN44640;04.02.2024 03:00;3,9
Stavanger - Våland;SN44640;04.02.2024 04:00;4,5
Stavanger - Våland;SN44640;04.02.2024 05:00;4,8
Stavanger - Våland;SN44640;04.02.2024 06:00;5,3
Stavanger - Våland;SN44640;04.02.2024 07:00;4,5
Stavanger - Våland;SN44640;04.02.2024 08:00;4
Stavanger - Våland;SN44640;04.02.2024 09:00;4,9
Stavanger - Våland;SN44640;04.02.2024 10:00;5,2
Stavanger - Våland;SN44640;04.02.2024 11:00;5,5
Stavanger - Våland;SN44640;04.02.2024 12:00;5,8
Stavanger - Våland;SN44640;04.02.2024 13:00;3,4
Stavanger - Våland;SN44640;04.02.2024 14:00;4,6
Stavanger - Våland;SN44640;04.02.2024 15:00;5,2
Stavanger - Våland;SN44640;04.02.2024 16:00;4,9
Stavanger - Våland;SN44640;04.02.2024 17:00;3,9
Stavanger - Våland;SN44640;04.02.2024 18:00;4,7
Stavanger - Våland;SN44640;04.02.2024 19:00;3,5
Stavanger - Våland;SN44640;04.02.2024 20:00;4
Stavanger - Våland;SN44640;04.02.2024 21:00;4,6
Stavanger - Våland;SN44640;04.02.2024 22:00;4
Stavanger - Våland;SN44640;04.02.2024 23:00;4,2
Stavanger - Våland;SN44640;05.02.2024 00:00;4
Stavanger - Våland;SN44640;05.02.2024 01:00;4,1
Stavanger - Våland;SN44640;05.02.2024 02:00;4,1
Stavanger - Våland;SN44640;05.02.2024 03:00;4
Stavanger - Våland;SN44640;05.02.2024 04:00;3,6
Stavanger - Våland;SN44640;05.02.2024 05:00;2,8
Stavanger - Våland;SN44640;05.02.2024 06:00;2,1
Stavanger - Våland;SN44640;05.02.2024 07:00;1,8
Stavanger - Våland;SN44640;05.02.2024 08:00;1
Stavanger - Våland;SN44640;05.02.2024 09:00;0,4
Stavanger - Våland;SN44640;05.02.2024 10:00;1,8
Stavanger - Våland;SN44640;05.02.2024 11:00;2,2
Stavanger - Våland;SN44640;05.02.2024 12:00;2,3
Stavanger - Våland;SN44640;05.02.2024 13:00;2,6
Stavanger - Våland;SN44640;05.02.2024 14:00;2,6
Stavanger - Våland;SN44640;05.02.2024 15:00;2,7
Stavanger - Våland;SN44640;05.02.2024 16:00;2,6
Stavanger - Våland;SN44640;05.02.2024 17:00;2,1
Stavanger - Våland;SN44640;05.02.2024 18:00;2,1
Stavanger - Våland;SN44640;05.02.2024 19:00;2,1
Stavanger - Våland;SN44640;05.02.2024 20:00;1,8
Stavanger - Våland;SN44640;05.02.2024 21:00;1,7
Stavanger - Våland;SN44640;05.02.2024 22:00;1,6
Stavanger - Våland;SN44640;05.02.2024 23:00;1,1
Stavanger - Våland;SN44640;06.02.2024 00:00;0,4
Stavanger - Våland;SN44640;06.02.2024 01:00;0,2
Stavanger - Våland;SN44640;06.02.2024 02:00;0,4
Stavanger - Våland;SN44640;06.02.2024 03:00;-0,2
Stavanger - Våland;SN44640;06.02.2024 04:00;0,3
Stavanger - Våland;SN44640;06.02.2024 05:00;0,4
Stavanger - Våland;SN44640;06.02.2024 06:00;0,6
Stavanger - Våland;SN44640;06.02.2024 07:00;1,9
Stavanger - Våland;SN44640;06.02.2024 08:00;0,7
Stavanger - Våland;SN44640;06.02.2024 09:00;0,2
Stavanger - Våland;SN44640;06.02.2024 10:00;1,3
Stavanger - Våland;SN44640;06.02.2024 11:00;1,8
Stavanger - Våland;SN44640;06.02.2024 12:00;2,6
Stavanger - Våland;SN44640;06.02.2024 13:00;1,9
Stavanger - Våland;SN44640;06.02.2024 14:00;0,7
Stavanger - Våland;SN44640;06.02.2024 15:00;0,6
Stavanger - Våland;SN44640;06.02.2024 16:00;0,7
Stavanger - Våland;SN44640;06.02.2024 17:00;0,3
Stavanger - Våland;SN44640;06.02.2024 18:00;0,2
Stavanger - Våland;SN44640;06.02.2024 19:00;0,1
Stavanger - Våland;SN44640;06.02.2024 20:00;0,1
Stavanger - Våland;SN44640;06.02.2024 21:00;0,1
Stavanger - Våland;SN44640;06.02.2024 22:00;-0,1
Stavanger - Våland;SN44640;06.02.2024 23:00;-0,3
Stavanger - Våland;SN44640;07.02.2024 00:00;-0,9
Stavanger - Våland;SN44640;07.02.2024 01:00;-2,3
Stavanger - Våland;SN44640;07.02.2024 02:00;-2,6
Stavanger - Våland;SN44640;07.02.2024 03:00;-2,6
Stavanger - Våland;SN44640;07.02.2024 04:00;-2,4
Stavanger - Våland;SN44640;07.02.2024 05:00;-2
Stavanger - Våland;SN44640;07.02.2024 06:00;-3,4
Stavanger - Våland;SN44640;07.02.2024 07:00;-3
Stavanger - Våland;SN44640;07.02.2024 08:00;-3
Stavanger - Våland;SN44640;07.02.2024 09:00;-2,9
Stavanger - Våland;SN44640;07.02.2024 10:00;-1,9
Stavanger - Våland;SN44640;07.02.2024 11:00;-1,2
Stavanger - Våland;SN44640;07.02.2024 12:00;-0,3
Stavanger - Våland;SN44640;07.02.2024 13:00;0,7
Stavanger - Våland;SN44640;07.02.2024 14:00;0,5
Stavanger - Våland;SN44640;07.02.2024 15:00;0
Stavanger - Våland;SN44640;07.02.2024 16:00;-0,1
Stavanger - Våland;SN44640;07.02.2024 17:00;-0,2
Stavanger - Våland;SN44640;07.02.2024 18:00;-0,7
Stavanger - Våland;SN44640;07.02.2024 19:00;-1
Stavanger - Våland;SN44640;07.02.2024 20:00;-1
Stavanger - Våland;SN44640;07.02.2024 21:00;-1,5
Stavanger - Våland;SN44640;07.02.2024 22:00;-1,2
Stavanger - Våland;SN44640;07.02.2024 23:00;-0,6
Stavanger - Våland;SN44640;08.02.2024 00:00;-0,8
Stavanger - Våland;SN44640;08.02.2024 01:00;-0,5
Stavanger - Våland;SN44640;08.02.2024 02:00;-1,7
Stavanger - Våland;SN44640;08.02.2024 03:00;-0,9
Stavanger - Våland;SN44640;08.02.2024 04:00;-1,7
Stavanger - Våland;SN44640;08.02.2024 05:00;-1,5
Stavanger - Våland;SN44640;08.02.2024 06:00;-1,2
Stavanger - Våland;SN44640;08.02.2024 07:00;-1,4
Stavanger - Våland;SN44640;08.02.2024 08:00;-2,2
Stavanger - Våland;SN44640;08.02.2024 09:00;-2,3
Stavanger - Våland;SN44640;08.02.2024 10:00;-2,6
Stavanger - Våland;SN44640;08.02.2024 11:00;-1
Stavanger - Våland;SN44640;08.02.2024 12:00;-0,5
Stavanger - Våland;SN44640;08.02.2024 13:00;0,6
Stavanger - Våland;SN44640;08.02.2024 14:00;0,6
Stavanger - Våland;SN44640;08.02.2024 15:00;0,3
Stavanger - Våland;SN44640;08.02.2024 16:00;0,3
Stavanger - Våland;SN44640;08.02.2024 17:00;-0,7
Stavanger - Våland;SN44640;08.02.2024 18:00;-1,6
Stavanger - Våland;SN44640;08.02.2024 19:00;-1,6
Stavanger - Våland;SN44640;08.02.2024 20:00;-1,9
Stavanger - Våland;SN44640;08.02.2024 21:00;-2,8
Stavanger - Våland;SN44640;08.02.2024 22:00;-3,3
Stavanger - Våland;SN44640;08.02.2024 23:00;-3,4
Stavanger - Våland;SN44640;09.02.2024 00:00;-3,7
Stavanger - Våland;SN44640;09.02.2024 01:00;-3,5
Stavanger - Våland;SN44640;09.02.2024 02:00;-4,5
Stavanger - Våland;SN44640;09.02.2024 03:00;-4,6
Stavanger - Våland;SN44640;09.02.2024 04:00;-4,9
Stavanger - Våland;SN44640;09.02.2024 05:00;-3,8
Stavanger - Våland;SN44640;09.02.2024 06:00;-4,3
Stavanger - Våland;SN44640;09.02.2024 07:00;-4,2
Stavanger - Våland;SN44640;09.02.2024 08:00;-4,5
Stavanger - Våland;SN44640;09.02.2024 09:00;-4,3
Stavanger - Våland;SN44640;09.02.2024 10:00;-3,9
Stavanger - Våland;SN44640;09.02.2024 11:00;-3,4
Stavanger - Våland;SN44640;09.02.2024 12:00;-2,7
Stavanger - Våland;SN44640;09.02.2024 13:00;-1,9
Stavanger - Våland;SN44640;09.02.2024 14:00;-2
Stavanger - Våland;SN44640;09.02.2024 15:00;-1,8
Stavanger - Våland;SN44640;09.02.2024 16:00;-2,2
Stavanger - Våland;SN44640;09.02.2024 17:00;-2,3
Stavanger - Våland;SN44640;09.02.2024 18:00;-2,7
Stavanger - Våland;SN44640;09.02.2024 19:00;-3
Stavanger - Våland;SN44640;09.02.2024 20:00;-3,1
Stavanger - Våland;SN44640;09.02.2024 21:00;-3,2
Stavanger - Våland;SN44640;09.02.2024 22:00;-3,5
Stavanger - Våland;SN44640;09.02.2024 23:00;-2,5
Stavanger - Våland;SN44640;10.02.2024 00:00;-1,6
Stavanger - Våland;SN44640;10.02.2024 01:00;-1,7
Stavanger - Våland;SN44640;10.02.2024 02:00;-1,6
Stavanger - Våland;SN44640;10.02.2024 03:00;-1,6
Stavanger - Våland;SN44640;10.02.2024 04:00;-1,3
Stavanger - Våland;SN44640;10.02.2024 05:00;-1,1
Stavanger - Våland;SN44640;10.02.2024 06:00;-1
Stavanger - Våland;SN44640;10.02.2024 07:00;-0,9
Stavanger - Våland;SN44640;10.02.2024 08:00;-0,7
Stavanger - Våland;SN44640;10.02.2024 09:00;-0,4
Stavanger - Våland;SN44640;10.02.2024 10:00;0
Stavanger - Våland;SN44640;10.02.2024 11:00;0,1
Stavanger - Våland;SN44640;10.02.2024 12:00;-0,3
Stavanger - Våland;SN44640;10.02.2024 13:00;-1,3
Stavanger - Våland;SN44640;10.02.2024 14:00;-1,9
Stavanger - Våland;SN44640;10.02.2024 15:00;-1,7
Stavanger - Våland;SN44640;10.02.2024 16:00;-1,8
Stavanger - Våland;SN44640;10.02.2024 17:00;-2,1
Stavanger - Våland;SN44640;10.02.2024 18:00;-2,1
Stavanger - Våland;SN44640;10.02.2024 19:00;-2,1
Stavanger - Våland;SN44640;10.02.2024 20:00;-2
Stavanger - Våland;SN44640;10.02.2024 21:00;-1,8
Stavanger - Våland;SN44640;10.02.2024 22:00;-1,7
Stavanger - Våland;SN44640;10.02.2024 23:00;-1,5
Stavanger - Våland;SN44640;11.02.2024 00:00;-1
Stavanger - Våland;SN44640;11.02.2024 01:00;-0,1
Stavanger - Våland;SN44640;11.02.2024 02:00;0,6
Stavanger - Våland;SN44640;11.02.2024 03:00;1,1
Stavanger - Våland;SN44640;11.02.2024 04:00;1,6
Stavanger - Våland;SN44640;11.02.2024 05:00;1,4
Stavanger - Våland;SN44640;11.02.2024 06:00;1,5
Stavanger - Våland;SN44640;11.02.2024 07:00;1,5
Stavanger - Våland;SN44640;11.02.2024 08:00;1,6
Stavanger - Våland;SN44640;11.02.2024 09:00;2,2
Stavanger - Våland;SN44640;11.02.2024 10:00;2,7
Stavanger - Våland;SN44640;11.02.2024 11:00;3,4
Stavanger - Våland;SN44640;11.02.2024 12:00;3,9
Stavanger - Våland;SN44640;11.02.2024 13:00;4,2
Stavanger - Våland;SN44640;11.02.2024 14:00;4,4
Stavanger - Våland;SN44640;11.02.2024 15:00;4,5
Stavanger - Våland;SN44640;11.02.2024 16:00;4,1
Stavanger - Våland;SN44640;11.02.2024 17:00;3,3
Stavanger - Våland;SN44640;11.02.2024 18:00;2,7
Stavanger - Våland;SN44640;11.02.2024 19:00;3,3
Stavanger - Våland;SN44640;11.02.2024 20:00;3,2
Stavanger - Våland;SN44640;11.02.2024 21:00;3,7
Stavanger - Våland;SN44640;11.02.2024 22:00;3,5
Stavanger - Våland;SN44640;11.02.2024 23:00;3,4
Stavanger - Våland;SN44640;12.02.2024 00:00;3,5
Stavanger - Våland;SN44640;12.02.2024 01:00;3,6
Stavanger - Våland;SN44640;12.02.2024 02:00;3,9
Stavanger - Våland;SN44640;12.02.2024 03:00;3,8
Stavanger - Våland;SN44640;12.02.2024 04:00;3,4
Stavanger - Våland;SN44640;12.02.2024 05:00;2,5
Stavanger - Våland;SN44640;12.02.2024 06:00;1,3
Stavanger - Våland;SN44640;12.02.2024 07:00;-0,4
Stavanger - Våland;SN44640;12.02.2024 08:00;-0,8
Stavanger - Våland;SN44640;12.02.2024 09:00;-0,6
Stavanger - Våland;SN44640;12.02.2024 10:00;-0,5
Stavanger - Våland;SN44640;12.02.2024 11:00;-0,2
Stavanger - Våland;SN44640;12.02.2024 12:00;0
Stavanger - Våland;SN44640;12.02.2024 13:00;0,1
Stavanger - Våland;SN44640;12.02.2024 14:00;-0,3
Stavanger - Våland;SN44640;12.02.2024 15:00;-0,1
Stavanger - Våland;SN44640;12.02.2024 16:00;0,1
Stavanger - Våland;SN44640;12.02.2024 17:00;0,2
Stavanger - Våland;SN44640;12.02.2024 18:00;0,5
Stavanger - Våland;SN44640;12.02.2024 19:00;0,7
Stavanger - Våland;SN44640;12.02.2024 20:00;1
Stavanger - Våland;SN44640;12.02.2024 21:00;1,7
Stavanger - Våland;SN44640;12.02.2024 22:00;2,1
Stavanger - Våland;SN44640;12.02.2024 23:00;2,2
Stavanger - Våland;SN44640;13.02.2024 00:00;2,2
Stavanger - Våland;SN44640;13.02.2024 01:00;2,5
Stavanger - Våland;SN44640;13.02.2024 02:00;2,8
Stavanger - Våland;SN44640;13.02.2024 03:00;2,5
Stavanger - Våland;SN44640;13.02.2024 04:00;2
Stavanger - Våland;SN44640;13.02.2024 05:00;2,3
Stavanger - Våland;SN44640;13.02.2024 06:00;2,8
Stavanger - Våland;SN44640;13.02.2024 07:00;1,2
Stavanger - Våland;SN44640;13.02.2024 08:00;1,5
Stavanger - Våland;SN44640;13.02.2024 09:00;1,9
Stavanger - Våland;SN44640;13.02.2024 10:00;2,3
Stavanger - Våland;SN44640;13.02.2024 11:00;2,3
Stavanger - Våland;SN44640;13.02.2024 12:00;1,6
Stavanger - Våland;SN44640;13.02.2024 13:00;3
Stavanger - Våland;SN44640;13.02.2024 14:00;3,9
Stavanger - Våland;SN44640;13.02.2024 15:00;3,7
Stavanger - Våland;SN44640;13.02.2024 16:00;3,1
Stavanger - Våland;SN44640;13.02.2024 17:00;3,3
Stavanger - Våland;SN44640;13.02.2024 18:00;2,9
Stavanger - Våland;SN44640;13.02.2024 19:00;3
Stavanger - Våland;SN44640;13.02.2024 20:00;2,7
Stavanger - Våland;SN44640;13.02.2024 21:00;2,8
Stavanger - Våland;SN44640;13.02.2024 22:00;3,2
Stavanger - Våland;SN44640;13.02.2024 23:00;3,3
Stavanger - Våland;SN44640;14.02.2024 00:00;3,1
Stavanger - Våland;SN44640;14.02.2024 01:00;3,3
Stavanger - Våland;SN44640;14.02.2024 02:00;3,7
Stavanger - Våland;SN44640;14.02.2024 03:00;3,9
Stavanger - Våland;SN44640;14.02.2024 04:00;4
Stavanger - Våland;SN44640;14.02.2024 05:00;4
Stavanger - Våland;SN44640;14.02.2024 06:00;3,7
Stavanger - Våland;SN44640;14.02.2024 07:00;3,6
Stavanger - Våland;SN44640;14.02.2024 08:00;3,4
Stavanger - Våland;SN44640;14.02.2024 09:00;3,4
Stavanger - Våland;SN44640;14.02.2024 10:00;4,1
Stavanger - Våland;SN44640;14.02.2024 11:00;4,5
Stavanger - Våland;SN44640;14.02.2024 12:00;5,2
Stavanger - Våland;SN44640;14.02.2024 13:00;5,7
Stavanger - Våland;SN44640;14.02.2024 14:00;5,3
Stavanger - Våland;SN44640;14.02.2024 15:00;4,9
Stavanger - Våland;SN44640;14.02.2024 16:00;4,6
Stavanger - Våland;SN44640;14.02.2024 17:00;4,4
Stavanger - Våland;SN44640;14.02.2024 18:00;4,2
Stavanger - Våland;SN44640;14.02.2024 19:00;4,3
Stavanger - Våland;SN44640;14.02.2024 20:00;4,1
Stavanger - Våland;SN44640;14.02.2024 21:00;4,2
Stavanger - Våland;SN44640;14.02.2024 22:00;4,3
Stavanger - Våland;SN44640;14.02.2024 23:00;4,3
Stavanger - Våland;SN44640;15.02.2024 00:00;3,1
Stavanger - Våland;SN44640;15.02.2024 01:00;3,2
Stavanger - Våland;SN44640;15.02.2024 02:00;3,4
Stavanger - Våland;SN44640;15.02.2024 03:00;3,8
Stavanger - Våland;SN44640;15.02.2024 04:00;4
Stavanger - Våland;SN44640;15.02.2024 05:00;4
Stavanger - Våland;SN44640;15.02.2024 06:00;3,7
Stavanger - Våland;SN44640;15.02.2024 07:00;4,2
Stavanger - Våland;SN44640;15.02.2024 08:00;4,6
Stavanger - Våland;SN44640;15.02.2024 09:00;5,5
Stavanger - Våland;SN44640;15.02.2024 10:00;5,4
Stavanger - Våland;SN44640;15.02.2024 11:00;6,3
Stavanger - Våland;SN44640;15.02.2024 12:00;6
Stavanger - Våland;SN44640;15.02.2024 13:00;5,4
Stavanger - Våland;SN44640;15.02.2024 14:00;5,3
Stavanger - Våland;SN44640;15.02.2024 15:00;5,6
Stavanger - Våland;SN44640;15.02.2024 16:00;5,5
Stavanger - Våland;SN44640;15.02.2024 17:00;5,5
Stavanger - Våland;SN44640;15.02.2024 18:00;5,5
Stavanger - Våland;SN44640;15.02.2024 19:00;5,9
Stavanger - Våland;SN44640;15.02.2024 20:00;6,1
Stavanger - Våland;SN44640;15.02.2024 21:00;6
Stavanger - Våland;SN44640;15.02.2024 22:00;8,1
Stavanger - Våland;SN44640;15.02.2024 23:00;8,6
Stavanger - Våland;SN44640;16.02.2024 00:00;8,1
Stavanger - Våland;SN44640;16.02.2024 01:00;8,3
Stavanger - Våland;SN44640;16.02.2024 02:00;7,6
Stavanger - Våland;SN44640;16.02.2024 03:00;7,6
Stavanger - Våland;SN44640;16.02.2024 04:00;7
Stavanger - Våland;SN44640;16.02.2024 05:00;7
Stavanger - Våland;SN44640;16.02.2024 06:00;7,3
Stavanger - Våland;SN44640;16.02.2024 07:00;7,4
Stavanger - Våland;SN44640;16.02.2024 08:00;7,1
Stavanger - Våland;SN44640;16.02.2024 09:00;7,2
Stavanger - Våland;SN44640;16.02.2024 10:00;6,9
Stavanger - Våland;SN44640;16.02.2024 11:00;7,4
Stavanger - Våland;SN44640;16.02.2024 12:00;6,6
Stavanger - Våland;SN44640;16.02.2024 13:00;6,4
Stavanger - Våland;SN44640;16.02.2024 14:00;6,5
Stavanger - Våland;SN44640;16.02.2024 15:00;6,1
Stavanger - Våland;SN44640;16.02.2024 16:00;6
Stavanger - Våland;SN44640;16.02.2024 17:00;5,7
Stavanger - Våland;SN44640;16.02.2024 18:00;4,7
Stavanger - Våland;SN44640;16.02.2024 19:00;4,3
Stavanger - Våland;SN44640;16.02.2024 20:00;4,6
Stavanger - Våland;SN44640;16.02.2024 21:00;5,1
Stavanger - Våland;SN44640;16.02.2024 22:00;3,9
Stavanger - Våland;SN44640;16.02.2024 23:00;3,6
Stavanger - Våland;SN44640;17.02.2024 00:00;2,6
Stavanger - Våland;SN44640;17.02.2024 01:00;2,3
Stavanger - Våland;SN44640;17.02.2024 02:00;2,3
Stavanger - Våland;SN44640;17.02.2024 03:00;1,6
Stavanger - Våland;SN44640;17.02.2024 04:00;1,5
Stavanger - Våland;SN44640;17.02.2024 05:00;1,1
Stavanger - Våland;SN44640;17.02.2024 06:00;0,3
Stavanger - Våland;SN44640;17.02.2024 07:00;0,5
Stavanger - Våland;SN44640;17.02.2024 08:00;0,4
Stavanger - Våland;SN44640;17.02.2024 09:00;0,7
Stavanger - Våland;SN44640;17.02.2024 10:00;2,3
Stavanger - Våland;SN44640;17.02.2024 11:00;3,7
Stavanger - Våland;SN44640;17.02.2024 12:00;4,1
Stavanger - Våland;SN44640;17.02.2024 13:00;5
Stavanger - Våland;SN44640;17.02.2024 14:00;5,7
Stavanger - Våland;SN44640;17.02.2024 15:00;5,8
Stavanger - Våland;SN44640;17.02.2024 16:00;5,9
Stavanger - Våland;SN44640;17.02.2024 17:00;4,3
Stavanger - Våland;SN44640;17.02.2024 18:00;2,9
Stavanger - Våland;SN44640;17.02.2024 19:00;1,8
Stavanger - Våland;SN44640;17.02.2024 20:00;1
Stavanger - Våland;SN44640;17.02.2024 21:00;1,2
Stavanger - Våland;SN44640;17.02.2024 22:00;1,7
Stavanger - Våland;SN44640;17.02.2024 23:00;1,5
Stavanger - Våland;SN44640;18.02.2024 00:00;1
Stavanger - Våland;SN44640;18.02.2024 01:00;1,4
Stavanger - Våland;SN44640;18.02.2024 02:00;2,9
Stavanger - Våland;SN44640;18.02.2024 03:00;3,9
Stavanger - Våland;SN44640;18.02.2024 04:00;3,9
Stavanger - Våland;SN44640;18.02.2024 05:00;4,7
Stavanger - Våland;SN44640;18.02.2024 06:00;4,6
Stavanger - Våland;SN44640;18.02.2024 07:00;4,1
Stavanger - Våland;SN44640;18.02.2024 08:00;4,1
Stavanger - Våland;SN44640;18.02.2024 09:00;4,5
Stavanger - Våland;SN44640;18.02.2024 10:00;4,6
Stavanger - Våland;SN44640;18.02.2024 11:00;5
Stavanger - Våland;SN44640;18.02.2024 12:00;5,2
Stavanger - Våland;SN44640;18.02.2024 13:00;5,6
Stavanger - Våland;SN44640;18.02.2024 14:00;4,9
Stavanger - Våland;SN44640;18.02.2024 15:00;5,1
Stavanger - Våland;SN44640;18.02.2024 16:00;5,2
Stavanger - Våland;SN44640;18.02.2024 17:00;5,3
Stavanger - Våland;SN44640;18.02.2024 18:00;4,8
Stavanger - Våland;SN44640;18.02.2024 19:00;4,5
Stavanger - Våland;SN44640;18.02.2024 20:00;4,3
Stavanger - Våland;SN44640;18.02.2024 21:00;4,1
Stavanger - Våland;SN44640;18.02.2024 22:00;4,2
Stavanger - Våland;SN44640;18.02.2024 23:00;4,4
Stavanger - Våland;SN44640;19.02.2024 00:00;4,5
Stavanger - Våland;SN44640;19.02.2024 01:00;4,7
Stavanger - Våland;SN44640;19.02.2024 02:00;5,2
Stavanger - Våland;SN44640;19.02.2024 03:00;5,6
Stavanger - Våland;SN44640;19.02.2024 04:00;5,9
Stavanger - Våland;SN44640;19.02.2024 05:00;5,7
Stavanger - Våland;SN44640;19.02.2024 06:00;5,7
Stavanger - Våland;SN44640;19.02.2024 07:00;5,8
Stavanger - Våland;SN44640;19.02.2024 08:00;5,6
Stavanger - Våland;SN44640;19.02.2024 09:00;5,6
Stavanger - Våland;SN44640;19.02.2024 10:00;5,8
Stavanger - Våland;SN44640;19.02.2024 11:00;6,1
Stavanger - Våland;SN44640;19.02.2024 12:00;6,2
Stavanger - Våland;SN44640;19.02.2024 13:00;7,5
Stavanger - Våland;SN44640;19.02.2024 14:00;7,8
Stavanger - Våland;SN44640;19.02.2024 15:00;7,3
Stavanger - Våland;SN44640;19.02.2024 16:00;6,4
Stavanger - Våland;SN44640;19.02.2024 17:00;6,2
Stavanger - Våland;SN44640;19.02.2024 18:00;6,2
Stavanger - Våland;SN44640;19.02.2024 19:00;6
Stavanger - Våland;SN44640;19.02.2024 20:00;6,2
Stavanger - Våland;SN44640;19.02.2024 21:00;5,9
Stavanger - Våland;SN44640;19.02.2024 22:00;5,7
Stavanger - Våland;SN44640;19.02.2024 23:00;5,5
Stavanger - Våland;SN44640;20.02.2024 00:00;5,5
Stavanger - Våland;SN44640;20.02.2024 01:00;5,1
Stavanger - Våland;SN44640;20.02.2024 02:00;5,4
Stavanger - Våland;SN44640;20.02.2024 03:00;5,5
Stavanger - Våland;SN44640;20.02.2024 04:00;5,6
Stavanger - Våland;SN44640;20.02.2024 05:00;5,6
Stavanger - Våland;SN44640;20.02.2024 06:00;5,4
Stavanger - Våland;SN44640;20.02.2024 07:00;5,6
Stavanger - Våland;SN44640;20.02.2024 08:00;5,6
Stavanger - Våland;SN44640;20.02.2024 09:00;5,8
Stavanger - Våland;SN44640;20.02.2024 10:00;6
Stavanger - Våland;SN44640;20.02.2024 11:00;6,2
Stavanger - Våland;SN44640;20.02.2024 12:00;6,5
Stavanger - Våland;SN44640;20.02.2024 13:00;6,8
Stavanger - Våland;SN44640;20.02.2024 14:00;7
Stavanger - Våland;SN44640;20.02.2024 15:00;7,2
Stavanger - Våland;SN44640;20.02.2024 16:00;6,8
Stavanger - Våland;SN44640;20.02.2024 17:00;6,5
Stavanger - Våland;SN44640;20.02.2024 18:00;6,5
Stavanger - Våland;SN44640;20.02.2024 19:00;6,5
Stavanger - Våland;SN44640;20.02.2024 20:00;6,4
Stavanger - Våland;SN44640;20.02.2024 21:00;6,3
Stavanger - Våland;SN44640;20.02.2024 22:00;5,9
Stavanger - Våland;SN44640;20.02.2024 23:00;5,8
Stavanger - Våland;SN44640;21.02.2024 00:00;6
Stavanger - Våland;SN44640;21.02.2024 01:00;5,6
Stavanger - Våland;SN44640;21.02.2024 02:00;5,5
Stavanger - Våland;SN44640;21.02.2024 03:00;5,2
Stavanger - Våland;SN44640;21.02.2024 04:00;5,2
Stavanger - Våland;SN44640;21.02.2024 05:00;4,6
Stavanger - Våland;SN44640;21.02.2024 06:00;4,1
Stavanger - Våland;SN44640;21.02.2024 07:00;4,3
Stavanger - Våland;SN44640;21.02.2024 08:00;4,4
Stavanger - Våland;SN44640;21.02.2024 09:00;4,7
Stavanger - Våland;SN44640;21.02.2024 10:00;4,7
Stavanger - Våland;SN44640;21.02.2024 11:00;5
Stavanger - Våland;SN44640;21.02.2024 12:00;5,5
Stavanger - Våland;SN44640;21.02.2024 13:00;5,8
Stavanger - Våland;SN44640;21.02.2024 14:00;6
Stavanger - Våland;SN44640;21.02.2024 15:00;5,6
Stavanger - Våland;SN44640;21.02.2024 16:00;5,4
Stavanger - Våland;SN44640;21.02.2024 17:00;6,5
Stavanger - Våland;SN44640;21.02.2024 18:00;6
Stavanger - Våland;SN44640;21.02.2024 19:00;5,5
Stavanger - Våland;SN44640;21.02.2024 20:00;5,2
Stavanger - Våland;SN44640;21.02.2024 21:00;6,1
Stavanger - Våland;SN44640;21.02.2024 22:00;6,6
Stavanger - Våland;SN44640;21.02.2024 23:00;6,6
Stavanger - Våland;SN44640;22.02.2024 00:00;6,5
Stavanger - Våland;SN44640;22.02.2024 01:00;6,4
Stavanger - Våland;SN44640;22.02.2024 02:00;6,3
Stavanger - Våland;SN44640;22.02.2024 03:00;6,3
Stavanger - Våland;SN44640;22.02.2024 04:00;5,4
Stavanger - Våland;SN44640;22.02.2024 05:00;4,2
Stavanger - Våland;SN44640;22.02.2024 06:00;3,4
Stavanger - Våland;SN44640;22.02.2024 07:00;3,2
Stavanger - Våland;SN44640;22.02.2024 08:00;3,1
Stavanger - Våland;SN44640;22.02.2024 09:00;3,9
Stavanger - Våland;SN44640;22.02.2024 10:00;5,9
Stavanger - Våland;SN44640;22.02.2024 11:00;6,8
Stavanger - Våland;SN44640;22.02.2024 12:00;7,9
Stavanger - Våland;SN44640;22.02.2024 13:00;8,3
Stavanger - Våland;SN44640;22.02.2024 14:00;8,7
Stavanger - Våland;SN44640;22.02.2024 15:00;7,7
Stavanger - Våland;SN44640;22.02.2024 16:00;7,7
Stavanger - Våland;SN44640;22.02.2024 17:00;7,8
Stavanger - Våland;SN44640;22.02.2024 18:00;7,6
Stavanger - Våland;SN44640;22.02.2024 19:00;6,3
Stavanger - Våland;SN44640;22.02.2024 20:00;5,6
Stavanger - Våland;SN44640;22.02.2024 21:00;5,2
Stavanger - Våland;SN44640;22.02.2024 22:00;5,8
Stavanger - Våland;SN44640;22.02.2024 23:00;6,3
Stavanger - Våland;SN44640;23.02.2024 00:00;5,8
Stavanger - Våland;SN44640;23.02.2024 01:00;6,7
Stavanger - Våland;SN44640;23.02.2024 02:00;5,4
Stavanger - Våland;SN44640;23.02.2024 03:00;4,6
Stavanger - Våland;SN44640;23.02.2024 04:00;3,7
Stavanger - Våland;SN44640;23.02.2024 05:00;3,7
Stavanger - Våland;SN44640;23.02.2024 06:00;3,1
Stavanger - Våland;SN44640;23.02.2024 07:00;1,8
Stavanger - Våland;SN44640;23.02.2024 08:00;0,5
Stavanger - Våland;SN44640;23.02.2024 09:00;1,8
Stavanger - Våland;SN44640;23.02.2024 10:00;2,5
Stavanger - Våland;SN44640;23.02.2024 11:00;3,8
Stavanger - Våland;SN44640;23.02.2024 12:00;4,5
Stavanger - Våland;SN44640;23.02.2024 13:00;5,6
Stavanger - Våland;SN44640;23.02.2024 14:00;5,9
Stavanger - Våland;SN44640;23.02.2024 15:00;6,1
Stavanger - Våland;SN44640;23.02.2024 16:00;6
Stavanger - Våland;SN44640;23.02.2024 17:00;5,6
Stavanger - Våland;SN44640;23.02.2024 18:00;4,6
Stavanger - Våland;SN44640;23.02.2024 19:00;4,4
Stavanger - Våland;SN44640;23.02.2024 20:00;4,6
Stavanger - Våland;SN44640;23.02.2024 21:00;4,3
Stavanger - Våland;SN44640;23.02.2024 22:00;4
Stavanger - Våland;SN44640;23.02.2024 23:00;4,4
Stavanger - Våland;SN44640;24.02.2024 00:00;4,4
Stavanger - Våland;SN44640;24.02.2024 01:00;4,3
Stavanger - Våland;SN44640;24.02.2024 02:00;4,5
Stavanger - Våland;SN44640;24.02.2024 03:00;4,7
Stavanger - Våland;SN44640;24.02.2024 04:00;4,6
Stavanger - Våland;SN44640;24.02.2024 05:00;4,1
Stavanger - Våland;SN44640;24.02.2024 06:00;4,1
Stavanger - Våland;SN44640;24.02.2024 07:00;4,4
Stavanger - Våland;SN44640;24.02.2024 08:00;4,8
Stavanger - Våland;SN44640;24.02.2024 09:00;5,1
Stavanger - Våland;SN44640;24.02.2024 10:00;5,6
Stavanger - Våland;SN44640;24.02.2024 11:00;5,9
Stavanger - Våland;SN44640;24.02.2024 12:00;6,6
Stavanger - Våland;SN44640;24.02.2024 13:00;7,1
Stavanger - Våland;SN44640;24.02.2024 14:00;7,2
Stavanger - Våland;SN44640;24.02.2024 15:00;7
Stavanger - Våland;SN44640;24.02.2024 16:00;6,8
Stavanger - Våland;SN44640;24.02.2024 17:00;6,4
Stavanger - Våland;SN44640;24.02.2024 18:00;5,3
Stavanger - Våland;SN44640;24.02.2024 19:00;4,6
Stavanger - Våland;SN44640;24.02.2024 20:00;4,3
Stavanger - Våland;SN44640;24.02.2024 21:00;3,9
Stavanger - Våland;SN44640;24.02.2024 22:00;2,9
Stavanger - Våland;SN44640;24.02.2024 23:00;3,1
Stavanger - Våland;SN44640;25.02.2024 00:00;2
Stavanger - Våland;SN44640;25.02.2024 01:00;2,7
Stavanger - Våland;SN44640;25.02.2024 02:00;3
Stavanger - Våland;SN44640;25.02.2024 03:00;3
Stavanger - Våland;SN44640;25.02.2024 04:00;3
Stavanger - Våland;SN44640;25.02.2024 05:00;3,5
Stavanger - Våland;SN44640;25.02.2024 06:00;3,1
Stavanger - Våland;SN44640;25.02.2024 07:00;3,1
Stavanger - Våland;SN44640;25.02.2024 08:00;3
Stavanger - Våland;SN44640;25.02.2024 09:00;3,1
Stavanger - Våland;SN44640;25.02.2024 10:00;3,4
Stavanger - Våland;SN44640;25.02.2024 11:00;3,4
Stavanger - Våland;SN44640;25.02.2024 12:00;5
Stavanger - Våland;SN44640;25.02.2024 13:00;6
Stavanger - Våland;SN44640;25.02.2024 14:00;5,9
Stavanger - Våland;SN44640;25.02.2024 15:00;4,6
Stavanger - Våland;SN44640;25.02.2024 16:00;5,7
Stavanger - Våland;SN44640;25.02.2024 17:00;4,3
Stavanger - Våland;SN44640;25.02.2024 18:00;3,6
Stavanger - Våland;SN44640;25.02.2024 19:00;3,7
Stavanger - Våland;SN44640;25.02.2024 20:00;3,3
Stavanger - Våland;SN44640;25.02.2024 21:00;2,7
Stavanger - Våland;SN44640;25.02.2024 22:00;2,7
Stavanger - Våland;SN44640;25.02.2024 23:00;2,3
Stavanger - Våland;SN44640;26.02.2024 00:00;2,3
Stavanger - Våland;SN44640;26.02.2024 01:00;2,1
Stavanger - Våland;SN44640;26.02.2024 02:00;1,9
Stavanger - Våland;SN44640;26.02.2024 03:00;1,4
Stavanger - Våland;SN44640;26.02.2024 04:00;1,4
Stavanger - Våland;SN44640;26.02.2024 05:00;1
Stavanger - Våland;SN44640;26.02.2024 06:00;1
Stavanger - Våland;SN44640;26.02.2024 07:00;0,6
Stavanger - Våland;SN44640;26.02.2024 08:00;0,5
Stavanger - Våland;SN44640;26.02.2024 09:00;1
Stavanger - Våland;SN44640;26.02.2024 10:00;2,7
Stavanger - Våland;SN44640;26.02.2024 11:00;3,5
Stavanger - Våland;SN44640;26.02.2024 12:00;4,4
Stavanger - Våland;SN44640;26.02.2024 13:00;5,4
Stavanger - Våland;SN44640;26.02.2024 14:00;6,1
Stavanger - Våland;SN44640;26.02.2024 15:00;5,5
Stavanger - Våland;SN44640;26.02.2024 16:00;6,3
Stavanger - Våland;SN44640;26.02.2024 17:00;5,1
Stavanger - Våland;SN44640;26.02.2024 18:00;3,2
Stavanger - Våland;SN44640;26.02.2024 19:00;2,6
Stavanger - Våland;SN44640;26.02.2024 20:00;1,7
Stavanger - Våland;SN44640;26.02.2024 21:00;2,2
Stavanger - Våland;SN44640;26.02.2024 22:00;2,5
Stavanger - Våland;SN44640;26.02.2024 23:00;2,8
Stavanger - Våland;SN44640;27.02.2024 00:00;3
Stavanger - Våland;SN44640;27.02.2024 01:00;2,4
Stavanger - Våland;SN44640;27.02.2024 02:00;2,4
Stavanger - Våland;SN44640;27.02.2024 03:00;2,4
Stavanger - Våland;SN44640;27.02.2024 04:00;2,2
Stavanger - Våland;SN44640;27.02.2024 05:00;1,9
Stavanger - Våland;SN44640;27.02.2024 06:00;2
Stavanger - Våland;SN44640;27.02.2024 07:00;2,3
Stavanger - Våland;SN44640;27.02.2024 08:00;2,5
Stavanger - Våland;SN44640;27.02.2024 09:00;3,2
Stavanger - Våland;SN44640;27.02.2024 10:00;3,7
Stavanger - Våland;SN44640;27.02.2024 11:00;3,8
Stavanger - Våland;SN44640;27.02.2024 12:00;4,2
Stavanger - Våland;SN44640;27.02.2024 13:00;4,7
Stavanger - Våland;SN44640;27.02.2024 14:00;4,8
Stavanger - Våland;SN44640;27.02.2024 15:00;4,4
Stavanger - Våland;SN44640;27.02.2024 16:00;3,5
Stavanger - Våland;SN44640;27.02.2024 17:00;3,3
Stavanger - Våland;SN44640;27.02.2024 18:00;2,3
Stavanger - Våland;SN44640;27.02.2024 19:00;2,5
Stavanger - Våland;SN44640;27.02.2024 20:00;2,7
Stavanger - Våland;SN44640;27.02.2024 21:00;3
Stavanger - Våland;SN44640;27.02.2024 22:00;3,2
Stavanger - Våland;SN44640;27.02.2024 23:00;3,5
Stavanger - Våland;SN44640;28.02.2024 00:00;4,1
Stavanger - Våland;SN44640;28.02.2024 01:00;4,4
Stavanger - Våland;SN44640;28.02.2024 02:00;5
Stavanger - Våland;SN44640;28.02.2024 03:00;4,7
Stavanger - Våland;SN44640;28.02.2024 04:00;4,8
Stavanger - Våland;SN44640;28.02.2024 05:00;4,9
Stavanger - Våland;SN44640;28.02.2024 06:00;5
Stavanger - Våland;SN44640;28.02.2024 07:00;4,3
Stavanger - Våland;SN44640;28.02.2024 08:00;4,4
Stavanger - Våland;SN44640;28.02.2024 09:00;4,9
Stavanger - Våland;SN44640;28.02.2024 10:00;5,8
Stavanger - Våland;SN44640;28.02.2024 11:00;6,9
Stavanger - Våland;SN44640;28.02.2024 12:00;7,4
Stavanger - Våland;SN44640;28.02.2024 13:00;8,2
Stavanger - Våland;SN44640;28.02.2024 14:00;8,2
Stavanger - Våland;SN44640;28.02.2024 15:00;7,2
Stavanger - Våland;SN44640;28.02.2024 16:00;6,8
Stavanger - Våland;SN44640;28.02.2024 17:00;6
Stavanger - Våland;SN44640;28.02.2024 18:00;5,4
Stavanger - Våland;SN44640;28.02.2024 19:00;5,3
Stavanger - Våland;SN44640;28.02.2024 20:00;5,3
Stavanger - Våland;SN44640;28.02.2024 21:00;5,6
Stavanger - Våland;SN44640;28.02.2024 22:00;5,9
Stavanger - Våland;SN44640;28.02.2024 23:00;6
Stavanger - Våland;SN44640;29.02.2024 00:00;6,4
Stavanger - Våland;SN44640;29.02.2024 01:00;6,4
Stavanger - Våland;SN44640;29.02.2024 02:00;6,1
Stavanger - Våland;SN44640;29.02.2024 03:00;6,2
Stavanger - Våland;SN44640;29.02.2024 04:00;6,2
Stavanger - Våland;SN44640;29.02.2024 05:00;6,7
Stavanger - Våland;SN44640;29.02.2024 06:00;6,8
Stavanger - Våland;SN44640;29.02.2024 07:00;6,7
Stavanger - Våland;SN44640;29.02.2024 08:00;6,5
Stavanger - Våland;SN44640;29.02.2024 09:00;7,1
Stavanger - Våland;SN44640;29.02.2024 10:00;7,3
Stavanger - Våland;SN44640;29.02.2024 11:00;7,6
Stavanger - Våland;SN44640;29.02.2024 12:00;7,8
Stavanger - Våland;SN44640;29.02.2024 13:00;8,2
Stavanger - Våland;SN44640;29.02.2024 14:00;8,5
Stavanger - Våland;SN44640;29.02.2024 15:00;8,8
Stavanger - Våland;SN44640;29.02.2024 16:00;8,1
Stavanger - Våland;SN44640;29.02.2024 17:00;7,4
Stavanger - Våland;SN44640;29.02.2024 18:00;6,7
Stavanger - Våland;SN44640;29.02.2024 19:00;6,1
Stavanger - Våland;SN44640;29.02.2024 20:00;6,3
Stavanger - Våland;SN44640;29.02.2024 21:00;6,4
Stavanger - Våland;SN44640;29.02.2024 22:00;6,4
Stavanger - Våland;SN44640;29.02.2024 23:00;6,1
Stavanger - Våland;SN44640;01.03.2024 00:00;6,1
Stavanger - Våland;SN44640;01.03.2024 01:00;5
Stavanger - Våland;SN44640;01.03.2024 02:00;4,5
Stavanger - Våland;SN44640;01.03.2024 03:00;4,4
Stavanger - Våland;SN44640;01.03.2024 04:00;4,3
Stavanger - Våland;SN44640;01.03.2024 05:00;4
Stavanger - Våland;SN44640;01.03.2024 06:00;4,1
Stavanger - Våland;SN44640;01.03.2024 07:00;4,1
Stavanger - Våland;SN44640;01.03.2024 08:00;4,1
Stavanger - Våland;SN44640;01.03.2024 09:00;5,2
Stavanger - Våland;SN44640;01.03.2024 10:00;6,8
Stavanger - Våland;SN44640;01.03.2024 11:00;8,5
Stavanger - Våland;SN44640;01.03.2024 12:00;8,2
Stavanger - Våland;SN44640;01.03.2024 13:00;7,9
Stavanger - Våland;SN44640;01.03.2024 14:00;8
Stavanger - Våland;SN44640;01.03.2024 15:00;6,3
Stavanger - Våland;SN44640;01.03.2024 16:00;5,3
Stavanger - Våland;SN44640;01.03.2024 17:00;5,9
Stavanger - Våland;SN44640;01.03.2024 18:00;6,3
Stavanger - Våland;SN44640;01.03.2024 19:00;6,1
Stavanger - Våland;SN44640;01.03.2024 20:00;5,3
Stavanger - Våland;SN44640;01.03.2024 21:00;4
Stavanger - Våland;SN44640;01.03.2024 22:00;3,3
Stavanger - Våland;SN44640;01.03.2024 23:00;3,2
Stavanger - Våland;SN44640;02.03.2024 00:00;3,8
Stavanger - Våland;SN44640;02.03.2024 01:00;4,6
Stavanger - Våland;SN44640;02.03.2024 02:00;5,3
Stavanger - Våland;SN44640;02.03.2024 03:00;5,7
Stavanger - Våland;SN44640;02.03.2024 04:00;5,6
Stavanger - Våland;SN44640;02.03.2024 05:00;5,7
Stavanger - Våland;SN44640;02.03.2024 06:00;6
Stavanger - Våland;SN44640;02.03.2024 07:00;6,4
Stavanger - Våland;SN44640;02.03.2024 08:00;7,2
Stavanger - Våland;SN44640;02.03.2024 09:00;7,8
Stavanger - Våland;SN44640;02.03.2024 10:00;8,6
Stavanger - Våland;SN44640;02.03.2024 11:00;9,4
Stavanger - Våland;SN44640;02.03.2024 12:00;10
Stavanger - Våland;SN44640;02.03.2024 13:00;10,2
Stavanger - Våland;SN44640;02.03.2024 14:00;9,3
Stavanger - Våland;SN44640;02.03.2024 15:00;8,9
Stavanger - Våland;SN44640;02.03.2024 16:00;9,1
Stavanger - Våland;SN44640;02.03.2024 17:00;8,6
Stavanger - Våland;SN44640;02.03.2024 18:00;8,2
Stavanger - Våland;SN44640;02.03.2024 19:00;8,1
Stavanger - Våland;SN44640;02.03.2024 20:00;8,1
Stavanger - Våland;SN44640;02.03.2024 21:00;8,2
Stavanger - Våland;SN44640;02.03.2024 22:00;8,2
Stavanger - Våland;SN44640;02.03.2024 23:00;8,1
Stavanger - Våland;SN44640;03.03.2024 00:00;7,1
Stavanger - Våland;SN44640;03.03.2024 01:00;6,7
Stavanger - Våland;SN44640;03.03.2024 02:00;5,1
Stavanger - Våland;SN44640;03.03.2024 03:00;5,8
Stavanger - Våland;SN44640;03.03.2024 04:00;7
Stavanger - Våland;SN44640;03.03.2024 05:00;7,3
Stavanger - Våland;SN44640;03.03.2024 06:00;6,8
Stavanger - Våland;SN44640;03.03.2024 07:00;8,6
Stavanger - Våland;SN44640;03.03.2024 08:00;8,9
Stavanger - Våland;SN44640;03.03.2024 09:00;9,8
Stavanger - Våland;SN44640;03.03.2024 10:00;9,8
Stavanger - Våland;SN44640;03.03.2024 11:00;10,4
Stavanger - Våland;SN44640;03.03.2024 12:00;10,2
Stavanger - Våland;SN44640;03.03.2024 13:00;10,3
Stavanger - Våland;SN44640;03.03.2024 14:00;9,9
Stavanger - Våland;SN44640;03.03.2024 15:00;9,7
Stavanger - Våland;SN44640;03.03.2024 16:00;10,3
Stavanger - Våland;SN44640;03.03.2024 17:00;10,5
Stavanger - Våland;SN44640;03.03.2024 18:00;9,7
Stavanger - Våland;SN44640;03.03.2024 19:00;8,8
Stavanger - Våland;SN44640;03.03.2024 20:00;8,9
Stavanger - Våland;SN44640;03.03.2024 21:00;8,9
Stavanger - Våland;SN44640;03.03.2024 22:00;9
Stavanger - Våland;SN44640;03.03.2024 23:00;9
Stavanger - Våland;SN44640;04.03.2024 00:00;8,6
Stavanger - Våland;SN44640;04.03.2024 01:00;8,7
Stavanger - Våland;SN44640;04.03.2024 02:00;8,6
Stavanger - Våland;SN44640;04.03.2024 03:00;8
Stavanger - Våland;SN44640;04.03.2024 04:00;7,6
Stavanger - Våland;SN44640;04.03.2024 05:00;7,6
Stavanger - Våland;SN44640;04.03.2024 06:00;7,9
Stavanger - Våland;SN44640;04.03.2024 07:00;8,2
Stavanger - Våland;SN44640;04.03.2024 08:00;8,1
Stavanger - Våland;SN44640;04.03.2024 09:00;8,1
Stavanger - Våland;SN44640;04.03.2024 10:00;8,3
Stavanger - Våland;SN44640;04.03.2024 11:00;8,6
Stavanger - Våland;SN44640;04.03.2024 12:00;8,9
Stavanger - Våland;SN44640;04.03.2024 13:00;10,4
Stavanger - Våland;SN44640;04.03.2024 14:00;9,1
Stavanger - Våland;SN44640;04.03.2024 15:00;8,6
Stavanger - Våland;SN44640;04.03.2024 16:00;8,5
Stavanger - Våland;SN44640;04.03.2024 17:00;8,2
Stavanger - Våland;SN44640;04.03.2024 18:00;7,2
Stavanger - Våland;SN44640;04.03.2024 19:00;6,7
Stavanger - Våland;SN44640;04.03.2024 20:00;6,7
Stavanger - Våland;SN44640;04.03.2024 21:00;6,1
Stavanger - Våland;SN44640;04.03.2024 22:00;5,1
Stavanger - Våland;SN44640;04.03.2024 23:00;4,8
Stavanger - Våland;SN44640;05.03.2024 00:00;5,3
Stavanger - Våland;SN44640;05.03.2024 01:00;5,2
Stavanger - Våland;SN44640;05.03.2024 02:00;5
Stavanger - Våland;SN44640;05.03.2024 03:00;4,9
Stavanger - Våland;SN44640;05.03.2024 04:00;4,9
Stavanger - Våland;SN44640;05.03.2024 05:00;4,3
Stavanger - Våland;SN44640;05.03.2024 06:00;4,1
Stavanger - Våland;SN44640;05.03.2024 07:00;3,9
Stavanger - Våland;SN44640;05.03.2024 08:00;3,7
Stavanger - Våland;SN44640;05.03.2024 09:00;4,1
Stavanger - Våland;SN44640;05.03.2024 10:00;4,5
Stavanger - Våland;SN44640;05.03.2024 11:00;6,2
Stavanger - Våland;SN44640;05.03.2024 12:00;8,8
Stavanger - Våland;SN44640;05.03.2024 13:00;9,8
Stavanger - Våland;SN44640;05.03.2024 14:00;10,3
Stavanger - Våland;SN44640;05.03.2024 15:00;9,9
Stavanger - Våland;SN44640;05.03.2024 16:00;9
Stavanger - Våland;SN44640;05.03.2024 17:00;7,9
Stavanger - Våland;SN44640;05.03.2024 18:00;6,5
Stavanger - Våland;SN44640;05.03.2024 19:00;5,5
Stavanger - Våland;SN44640;05.03.2024 20:00;4
Stavanger - Våland;SN44640;05.03.2024 21:00;3
Stavanger - Våland;SN44640;05.03.2024 22:00;3,7
Stavanger - Våland;SN44640;05.03.2024 23:00;2,2
Stavanger - Våland;SN44640;06.03.2024 00:00;2,8
Stavanger - Våland;SN44640;06.03.2024 01:00;1,7
Stavanger - Våland;SN44640;06.03.2024 02:00;1,1
Stavanger - Våland;SN44640;06.03.2024 03:00;-0,1
Stavanger - Våland;SN44640;06.03.2024 04:00;1,4
Stavanger - Våland;SN44640;06.03.2024 05:00;1
Stavanger - Våland;SN44640;06.03.2024 06:00;1,7
Stavanger - Våland;SN44640;06.03.2024 07:00;1,8
Stavanger - Våland;SN44640;06.03.2024 08:00;2,2
Stavanger - Våland;SN44640;06.03.2024 09:00;2,3
Stavanger - Våland;SN44640;06.03.2024 10:00;2,3
Stavanger - Våland;SN44640;06.03.2024 11:00;1,8
Stavanger - Våland;SN44640;06.03.2024 12:00;1,9
Stavanger - Våland;SN44640;06.03.2024 13:00;1,6
Stavanger - Våland;SN44640;06.03.2024 14:00;2
Stavanger - Våland;SN44640;06.03.2024 15:00;3,4
Stavanger - Våland;SN44640;06.03.2024 16:00;2,9
Stavanger - Våland;SN44640;06.03.2024 17:00;2,6
Stavanger - Våland;SN44640;06.03.2024 18:00;2,5
Stavanger - Våland;SN44640;06.03.2024 19:00;2,6
Stavanger - Våland;SN44640;06.03.2024 20:00;2,7
Stavanger - Våland;SN44640;06.03.2024 21:00;2,6
Stavanger - Våland;SN44640;06.03.2024 22:00;2,3
Stavanger - Våland;SN44640;06.03.2024 23:00;2,5
Stavanger - Våland;SN44640;07.03.2024 00:00;2,6
Stavanger - Våland;SN44640;07.03.2024 01:00;3,2
Stavanger - Våland;SN44640;07.03.2024 02:00;3,2
Stavanger - Våland;SN44640;07.03.2024 03:00;3,1
Stavanger - Våland;SN44640;07.03.2024 04:00;3
Stavanger - Våland;SN44640;07.03.2024 05:00;3,1
Stavanger - Våland;SN44640;07.03.2024 06:00;3,1
Stavanger - Våland;SN44640;07.03.2024 07:00;3,2
Stavanger - Våland;SN44640;07.03.2024 08:00;3,6
Stavanger - Våland;SN44640;07.03.2024 09:00;3,8
Stavanger - Våland;SN44640;07.03.2024 10:00;4,3
Stavanger - Våland;SN44640;07.03.2024 11:00;4,6
Stavanger - Våland;SN44640;07.03.2024 12:00;4,9
Stavanger - Våland;SN44640;07.03.2024 13:00;5,6
Stavanger - Våland;SN44640;07.03.2024 14:00;5,6
Stavanger - Våland;SN44640;07.03.2024 15:00;5,6
Stavanger - Våland;SN44640;07.03.2024 16:00;4,8
Stavanger - Våland;SN44640;07.03.2024 17:00;4,7
Stavanger - Våland;SN44640;07.03.2024 18:00;4,3
Stavanger - Våland;SN44640;07.03.2024 19:00;3,7
Stavanger - Våland;SN44640;07.03.2024 20:00;2,4
Stavanger - Våland;SN44640;07.03.2024 21:00;1,4
Stavanger - Våland;SN44640;07.03.2024 22:00;2,1
Stavanger - Våland;SN44640;07.03.2024 23:00;1,7
Stavanger - Våland;SN44640;08.03.2024 00:00;1
Stavanger - Våland;SN44640;08.03.2024 01:00;0,9
Stavanger - Våland;SN44640;08.03.2024 02:00;0,7
Stavanger - Våland;SN44640;08.03.2024 03:00;0,7
Stavanger - Våland;SN44640;08.03.2024 04:00;0,7
Stavanger - Våland;SN44640;08.03.2024 05:00;0,6
Stavanger - Våland;SN44640;08.03.2024 06:00;0,4
Stavanger - Våland;SN44640;08.03.2024 07:00;-0,2
Stavanger - Våland;SN44640;08.03.2024 08:00;-0,9
Stavanger - Våland;SN44640;08.03.2024 09:00;1,4
Stavanger - Våland;SN44640;08.03.2024 10:00;3,2
Stavanger - Våland;SN44640;08.03.2024 11:00;5
Stavanger - Våland;SN44640;08.03.2024 12:00;6,2
Stavanger - Våland;SN44640;08.03.2024 13:00;6,9
Stavanger - Våland;SN44640;08.03.2024 14:00;7,2
Stavanger - Våland;SN44640;08.03.2024 15:00;7,6
Stavanger - Våland;SN44640;08.03.2024 16:00;8,1
Stavanger - Våland;SN44640;08.03.2024 17:00;7,5
Stavanger - Våland;SN44640;08.03.2024 18:00;6,1
Stavanger - Våland;SN44640;08.03.2024 19:00;3
Stavanger - Våland;SN44640;08.03.2024 20:00;1,8
Stavanger - Våland;SN44640;08.03.2024 21:00;1,6
Stavanger - Våland;SN44640;08.03.2024 22:00;2,5
Stavanger - Våland;SN44640;08.03.2024 23:00;2,3
Stavanger - Våland;SN44640;09.03.2024 00:00;3,1
Stavanger - Våland;SN44640;09.03.2024 01:00;1,8
Stavanger - Våland;SN44640;09.03.2024 02:00;1,9
Stavanger - Våland;SN44640;09.03.2024 03:00;1,7
Stavanger - Våland;SN44640;09.03.2024 04:00;2,1
Stavanger - Våland;SN44640;09.03.2024 05:00;1,9
Stavanger - Våland;SN44640;09.03.2024 06:00;2
Stavanger - Våland;SN44640;09.03.2024 07:00;1,8
Stavanger - Våland;SN44640;09.03.2024 08:00;1,9
Stavanger - Våland;SN44640;09.03.2024 09:00;3,4
Stavanger - Våland;SN44640;09.03.2024 10:00;5,6
Stavanger - Våland;SN44640;09.03.2024 11:00;6,9
Stavanger - Våland;SN44640;09.03.2024 12:00;8,4
Stavanger - Våland;SN44640;09.03.2024 13:00;8,7
Stavanger - Våland;SN44640;09.03.2024 14:00;8,2
Stavanger - Våland;SN44640;09.03.2024 15:00;8,1
Stavanger - Våland;SN44640;09.03.2024 16:00;7,3
Stavanger - Våland;SN44640;09.03.2024 17:00;6,4
Stavanger - Våland;SN44640;09.03.2024 18:00;4,9
Stavanger - Våland;SN44640;09.03.2024 19:00;3,4
Stavanger - Våland;SN44640;09.03.2024 20:00;2,7
Stavanger - Våland;SN44640;09.03.2024 21:00;2,2
Stavanger - Våland;SN44640;09.03.2024 22:00;1,5
Stavanger - Våland;SN44640;09.03.2024 23:00;1
Stavanger - Våland;SN44640;10.03.2024 00:00;1
Stavanger - Våland;SN44640;10.03.2024 01:00;0,6
Stavanger - Våland;SN44640;10.03.2024 02:00;0,5
Stavanger - Våland;SN44640;10.03.2024 03:00;0
Stavanger - Våland;SN44640;10.03.2024 04:00;-0,2
Stavanger - Våland;SN44640;10.03.2024 05:00;0
Stavanger - Våland;SN44640;10.03.2024 06:00;-1,2
Stavanger - Våland;SN44640;10.03.2024 07:00;0,6
Stavanger - Våland;SN44640;10.03.2024 08:00;0,9
Stavanger - Våland;SN44640;10.03.2024 09:00;2,7
Stavanger - Våland;SN44640;10.03.2024 10:00;3,8
Stavanger - Våland;SN44640;10.03.2024 11:00;4,3
Stavanger - Våland;SN44640;10.03.2024 12:00;5,4
Stavanger - Våland;SN44640;10.03.2024 13:00;5,5
Stavanger - Våland;SN44640;10.03.2024 14:00;5,8
Stavanger - Våland;SN44640;10.03.2024 15:00;5,4
Stavanger - Våland;SN44640;10.03.2024 16:00;4,6
Stavanger - Våland;SN44640;10.03.2024 17:00;4,5
Stavanger - Våland;SN44640;10.03.2024 18:00;4,1
Stavanger - Våland;SN44640;10.03.2024 19:00;3,6
Stavanger - Våland;SN44640;10.03.2024 20:00;3,1
Stavanger - Våland;SN44640;10.03.2024 21:00;2,9
Stavanger - Våland;SN44640;10.03.2024 22:00;2,9
Stavanger - Våland;SN44640;10.03.2024 23:00;2,7
Stavanger - Våland;SN44640;11.03.2024 00:00;2,3
Stavanger - Våland;SN44640;11.03.2024 01:00;2,7
Stavanger - Våland;SN44640;11.03.2024 02:00;2,6
Stavanger - Våland;SN44640;11.03.2024 03:00;2,8
Stavanger - Våland;SN44640;11.03.2024 04:00;2,6
Stavanger - Våland;SN44640;11.03.2024 05:00;3,1
Stavanger - Våland;SN44640;11.03.2024 06:00;2,7
Stavanger - Våland;SN44640;11.03.2024 07:00;3,2
Stavanger - Våland;SN44640;11.03.2024 08:00;3,8
Stavanger - Våland;SN44640;11.03.2024 09:00;4,4
Stavanger - Våland;SN44640;11.03.2024 10:00;5,6
Stavanger - Våland;SN44640;11.03.2024 11:00;6,2
Stavanger - Våland;SN44640;11.03.2024 12:00;5,6
Stavanger - Våland;SN44640;11.03.2024 13:00;7,9
Stavanger - Våland;SN44640;11.03.2024 14:00;7,8
Stavanger - Våland;SN44640;11.03.2024 15:00;8,1
Stavanger - Våland;SN44640;11.03.2024 16:00;8,4
Stavanger - Våland;SN44640;11.03.2024 17:00;8,4
Stavanger - Våland;SN44640;11.03.2024 18:00;7,5
Stavanger - Våland;SN44640;11.03.2024 19:00;6,8
Stavanger - Våland;SN44640;11.03.2024 20:00;5,7
Stavanger - Våland;SN44640;11.03.2024 21:00;4,5
Stavanger - Våland;SN44640;11.03.2024 22:00;4,6
Stavanger - Våland;SN44640;11.03.2024 23:00;4
Stavanger - Våland;SN44640;12.03.2024 00:00;2,5
Stavanger - Våland;SN44640;12.03.2024 01:00;2,7
Stavanger - Våland;SN44640;12.03.2024 02:00;2,1
Stavanger - Våland;SN44640;12.03.2024 03:00;3,2
Stavanger - Våland;SN44640;12.03.2024 04:00;3,3
Stavanger - Våland;SN44640;12.03.2024 05:00;3,4
Stavanger - Våland;SN44640;12.03.2024 06:00;2,8
Stavanger - Våland;SN44640;12.03.2024 07:00;2,7
Stavanger - Våland;SN44640;12.03.2024 08:00;2,8
Stavanger - Våland;SN44640;12.03.2024 09:00;5
Stavanger - Våland;SN44640;12.03.2024 10:00;5,2
Stavanger - Våland;SN44640;12.03.2024 11:00;5,9
Stavanger - Våland;SN44640;12.03.2024 12:00;5,8
Stavanger - Våland;SN44640;12.03.2024 13:00;5,3
Stavanger - Våland;SN44640;12.03.2024 14:00;4,8
Stavanger - Våland;SN44640;12.03.2024 15:00;4,8
Stavanger - Våland;SN44640;12.03.2024 16:00;4,7
Stavanger - Våland;SN44640;12.03.2024 17:00;4,9
Stavanger - Våland;SN44640;12.03.2024 18:00;5
Stavanger - Våland;SN44640;12.03.2024 19:00;4,2
Stavanger - Våland;SN44640;12.03.2024 20:00;4
Stavanger - Våland;SN44640;12.03.2024 21:00;4,4
Stavanger - Våland;SN44640;12.03.2024 22:00;5,3
Stavanger - Våland;SN44640;12.03.2024 23:00;5,9
Stavanger - Våland;SN44640;13.03.2024 00:00;6,1
Stavanger - Våland;SN44640;13.03.2024 01:00;6,3
Stavanger - Våland;SN44640;13.03.2024 02:00;5,8
Stavanger - Våland;SN44640;13.03.2024 03:00;5,6
Stavanger - Våland;SN44640;13.03.2024 04:00;5,5
Stavanger - Våland;SN44640;13.03.2024 05:00;6
Stavanger - Våland;SN44640;13.03.2024 06:00;6,3
Stavanger - Våland;SN44640;13.03.2024 07:00;6,8
Stavanger - Våland;SN44640;13.03.2024 08:00;7,1
Stavanger - Våland;SN44640;13.03.2024 09:00;7,1
Stavanger - Våland;SN44640;13.03.2024 10:00;7,4
Stavanger - Våland;SN44640;13.03.2024 11:00;7,5
Stavanger - Våland;SN44640;13.03.2024 12:00;7,4
Stavanger - Våland;SN44640;13.03.2024 13:00;7,2
Stavanger - Våland;SN44640;13.03.2024 14:00;7,6
Stavanger - Våland;SN44640;13.03.2024 15:00;7,6
Stavanger - Våland;SN44640;13.03.2024 16:00;7,7
Stavanger - Våland;SN44640;13.03.2024 17:00;7,3
Stavanger - Våland;SN44640;13.03.2024 18:00;7,9
Stavanger - Våland;SN44640;13.03.2024 19:00;7,7
Stavanger - Våland;SN44640;13.03.2024 20:00;7,7
Stavanger - Våland;SN44640;13.03.2024 21:00;7,7
Stavanger - Våland;SN44640;13.03.2024 22:00;7,6
Stavanger - Våland;SN44640;13.03.2024 23:00;7,2
Stavanger - Våland;SN44640;14.03.2024 00:00;6,9
Stavanger - Våland;SN44640;14.03.2024 01:00;6,3
Stavanger - Våland;SN44640;14.03.2024 02:00;5,8
Stavanger - Våland;SN44640;14.03.2024 03:00;5,5
Stavanger - Våland;SN44640;14.03.2024 04:00;5,6
Stavanger - Våland;SN44640;14.03.2024 05:00;5,5
Stavanger - Våland;SN44640;14.03.2024 06:00;5,3
Stavanger - Våland;SN44640;14.03.2024 07:00;5,2
Stavanger - Våland;SN44640;14.03.2024 08:00;5,3
Stavanger - Våland;SN44640;14.03.2024 09:00;6,2
Stavanger - Våland;SN44640;14.03.2024 10:00;7,4
Stavanger - Våland;SN44640;14.03.2024 11:00;7,8
Stavanger - Våland;SN44640;14.03.2024 12:00;8,4
Stavanger - Våland;SN44640;14.03.2024 13:00;9
Stavanger - Våland;SN44640;14.03.2024 14:00;8,4
Stavanger - Våland;SN44640;14.03.2024 15:00;8,6
Stavanger - Våland;SN44640;14.03.2024 16:00;8,1
Stavanger - Våland;SN44640;14.03.2024 17:00;7,7
Stavanger - Våland;SN44640;14.03.2024 18:00;6,9
Stavanger - Våland;SN44640;14.03.2024 19:00;6,4
Stavanger - Våland;SN44640;14.03.2024 20:00;6
Stavanger - Våland;SN44640;14.03.2024 21:00;5,9
Stavanger - Våland;SN44640;14.03.2024 22:00;5,6
Stavanger - Våland;SN44640;14.03.2024 23:00;5,3
Stavanger - Våland;SN44640;15.03.2024 00:00;5,2
Stavanger - Våland;SN44640;15.03.2024 01:00;5,2
Stavanger - Våland;SN44640;15.03.2024 02:00;4,9
Stavanger - Våland;SN44640;15.03.2024 03:00;4,8
Stavanger - Våland;SN44640;15.03.2024 04:00;5
Stavanger - Våland;SN44640;15.03.2024 05:00;5
Stavanger - Våland;SN44640;15.03.2024 06:00;5
Stavanger - Våland;SN44640;15.03.2024 07:00;5,3
Stavanger - Våland;SN44640;15.03.2024 08:00;5,9
Stavanger - Våland;SN44640;15.03.2024 09:00;6,6
Stavanger - Våland;SN44640;15.03.2024 10:00;7,3
Stavanger - Våland;SN44640;15.03.2024 11:00;7,7
Stavanger - Våland;SN44640;15.03.2024 12:00;8,1
Stavanger - Våland;SN44640;15.03.2024 13:00;8
Stavanger - Våland;SN44640;15.03.2024 14:00;7,9
Stavanger - Våland;SN44640;15.03.2024 15:00;7,7
Stavanger - Våland;SN44640;15.03.2024 16:00;7,5
Stavanger - Våland;SN44640;15.03.2024 17:00;7
Stavanger - Våland;SN44640;15.03.2024 18:00;6,5
Stavanger - Våland;SN44640;15.03.2024 19:00;6,3
Stavanger - Våland;SN44640;15.03.2024 20:00;5
Stavanger - Våland;SN44640;15.03.2024 21:00;4,6
Stavanger - Våland;SN44640;15.03.2024 22:00;4,6
Stavanger - Våland;SN44640;15.03.2024 23:00;4,4
Stavanger - Våland;SN44640;16.03.2024 00:00;4,3
Stavanger - Våland;SN44640;16.03.2024 01:00;4,2
Stavanger - Våland;SN44640;16.03.2024 02:00;4
Stavanger - Våland;SN44640;16.03.2024 03:00;3,8
Stavanger - Våland;SN44640;16.03.2024 04:00;3,5
Stavanger - Våland;SN44640;16.03.2024 05:00;3,5
Stavanger - Våland;SN44640;16.03.2024 06:00;3,7
Stavanger - Våland;SN44640;16.03.2024 07:00;3,7
Stavanger - Våland;SN44640;16.03.2024 08:00;3,8
Stavanger - Våland;SN44640;16.03.2024 09:00;4,2
Stavanger - Våland;SN44640;16.03.2024 10:00;4,4
Stavanger - Våland;SN44640;16.03.2024 11:00;5,6
Stavanger - Våland;SN44640;16.03.2024 12:00;6,3
Stavanger - Våland;SN44640;16.03.2024 13:00;7,1
Stavanger - Våland;SN44640;16.03.2024 14:00;7,3
Stavanger - Våland;SN44640;16.03.2024 15:00;6,9
Stavanger - Våland;SN44640;16.03.2024 16:00;6,9
Stavanger - Våland;SN44640;16.03.2024 17:00;7
Stavanger - Våland;SN44640;16.03.2024 18:00;6,4
Stavanger - Våland;SN44640;16.03.2024 19:00;4,6
Stavanger - Våland;SN44640;16.03.2024 20:00;3,4
Stavanger - Våland;SN44640;16.03.2024 21:00;2,8
Stavanger - Våland;SN44640;16.03.2024 22:00;2,4
Stavanger - Våland;SN44640;16.03.2024 23:00;2,3
Stavanger - Våland;SN44640;17.03.2024 00:00;1,9
Stavanger - Våland;SN44640;17.03.2024 01:00;2,4
Stavanger - Våland;SN44640;17.03.2024 02:00;3,5
Stavanger - Våland;SN44640;17.03.2024 03:00;2,6
Stavanger - Våland;SN44640;17.03.2024 04:00;2,2
Stavanger - Våland;SN44640;17.03.2024 05:00;1,9
Stavanger - Våland;SN44640;17.03.2024 06:00;1,8
Stavanger - Våland;SN44640;17.03.2024 07:00;1,1
Stavanger - Våland;SN44640;17.03.2024 08:00;1,8
Stavanger - Våland;SN44640;17.03.2024 09:00;2,7
Stavanger - Våland;SN44640;17.03.2024 10:00;2,9
Stavanger - Våland;SN44640;17.03.2024 11:00;3,9
Stavanger - Våland;SN44640;17.03.2024 12:00;5,4
Stavanger - Våland;SN44640;17.03.2024 13:00;4
Stavanger - Våland;SN44640;17.03.2024 14:00;4,2
Stavanger - Våland;SN44640;17.03.2024 15:00;4,2
Stavanger - Våland;SN44640;17.03.2024 16:00;4,3
Stavanger - Våland;SN44640;17.03.2024 17:00;4,4
Stavanger - Våland;SN44640;17.03.2024 18:00;4,5
Stavanger - Våland;SN44640;17.03.2024 19:00;4,6
Stavanger - Våland;SN44640;17.03.2024 20:00;3,7
Stavanger - Våland;SN44640;17.03.2024 21:00;3,5
Stavanger - Våland;SN44640;17.03.2024 22:00;3,3
Stavanger - Våland;SN44640;17.03.2024 23:00;1,4
Stavanger - Våland;SN44640;18.03.2024 00:00;1,9
Stavanger - Våland;SN44640;18.03.2024 01:00;3,4
Stavanger - Våland;SN44640;18.03.2024 02:00;3,3
Stavanger - Våland;SN44640;18.03.2024 03:00;4
Stavanger - Våland;SN44640;18.03.2024 04:00;4,3
Stavanger - Våland;SN44640;18.03.2024 05:00;4,4
Stavanger - Våland;SN44640;18.03.2024 06:00;3,9
Stavanger - Våland;SN44640;18.03.2024 07:00;4
Stavanger - Våland;SN44640;18.03.2024 08:00;4,1
Stavanger - Våland;SN44640;18.03.2024 09:00;4,4
Stavanger - Våland;SN44640;18.03.2024 10:00;4,7
Stavanger - Våland;SN44640;18.03.2024 11:00;4,8
Stavanger - Våland;SN44640;18.03.2024 12:00;5,2
Stavanger - Våland;SN44640;18.03.2024 13:00;5,4
Stavanger - Våland;SN44640;18.03.2024 14:00;5,8
Stavanger - Våland;SN44640;18.03.2024 15:00;5,5
Stavanger - Våland;SN44640;18.03.2024 16:00;6,5
Stavanger - Våland;SN44640;18.03.2024 17:00;5,6
Stavanger - Våland;SN44640;18.03.2024 18:00;5,3
Stavanger - Våland;SN44640;18.03.2024 19:00;4,4
Stavanger - Våland;SN44640;18.03.2024 20:00;4,7
Stavanger - Våland;SN44640;18.03.2024 21:00;4,8
Stavanger - Våland;SN44640;18.03.2024 22:00;4,6
Stavanger - Våland;SN44640;18.03.2024 23:00;4,4
Stavanger - Våland;SN44640;19.03.2024 00:00;4,8
Stavanger - Våland;SN44640;19.03.2024 01:00;4,4
Stavanger - Våland;SN44640;19.03.2024 02:00;4
Stavanger - Våland;SN44640;19.03.2024 03:00;5
Stavanger - Våland;SN44640;19.03.2024 04:00;4,4
Stavanger - Våland;SN44640;19.03.2024 05:00;4,6
Stavanger - Våland;SN44640;19.03.2024 06:00;5,4
Stavanger - Våland;SN44640;19.03.2024 07:00;5,7
Stavanger - Våland;SN44640;19.03.2024 08:00;5,6
Stavanger - Våland;SN44640;19.03.2024 09:00;5,6
Stavanger - Våland;SN44640;19.03.2024 10:00;5,9
Stavanger - Våland;SN44640;19.03.2024 11:00;6,3
Stavanger - Våland;SN44640;19.03.2024 12:00;6
Stavanger - Våland;SN44640;19.03.2024 13:00;6,6
Stavanger - Våland;SN44640;19.03.2024 14:00;7
Stavanger - Våland;SN44640;19.03.2024 15:00;6,7
Stavanger - Våland;SN44640;19.03.2024 16:00;7,4
Stavanger - Våland;SN44640;19.03.2024 17:00;6,7
Stavanger - Våland;SN44640;19.03.2024 18:00;7,3
Stavanger - Våland;SN44640;19.03.2024 19:00;7,1
Stavanger - Våland;SN44640;19.03.2024 20:00;6,2
Stavanger - Våland;SN44640;19.03.2024 21:00;5,9
Stavanger - Våland;SN44640;19.03.2024 22:00;6
Stavanger - Våland;SN44640;19.03.2024 23:00;6,2
Stavanger - Våland;SN44640;20.03.2024 00:00;5,6
Stavanger - Våland;SN44640;20.03.2024 01:00;5,1
Stavanger - Våland;SN44640;20.03.2024 02:00;4,7
Stavanger - Våland;SN44640;20.03.2024 03:00;4,7
Stavanger - Våland;SN44640;20.03.2024 04:00;4,4
Stavanger - Våland;SN44640;20.03.2024 05:00;3,5
Stavanger - Våland;SN44640;20.03.2024 06:00;3,3
Stavanger - Våland;SN44640;20.03.2024 07:00;3,4
Stavanger - Våland;SN44640;20.03.2024 08:00;4,1
Stavanger - Våland;SN44640;20.03.2024 09:00;4,8
Stavanger - Våland;SN44640;20.03.2024 10:00;5,4
Stavanger - Våland;SN44640;20.03.2024 11:00;6,8
Stavanger - Våland;SN44640;20.03.2024 12:00;7
Stavanger - Våland;SN44640;20.03.2024 13:00;7,1
Stavanger - Våland;SN44640;20.03.2024 14:00;7,4
Stavanger - Våland;SN44640;20.03.2024 15:00;8
Stavanger - Våland;SN44640;20.03.2024 16:00;6,9
Stavanger - Våland;SN44640;20.03.2024 17:00;6,5
Stavanger - Våland;SN44640;20.03.2024 18:00;6,2
Stavanger - Våland;SN44640;20.03.2024 19:00;4,9
Stavanger - Våland;SN44640;20.03.2024 20:00;3,3
Stavanger - Våland;SN44640;20.03.2024 21:00;2,1
Stavanger - Våland;SN44640;20.03.2024 22:00;1,3
Stavanger - Våland;SN44640;20.03.2024 23:00;1,4
Stavanger - Våland;SN44640;21.03.2024 00:00;1,9
Stavanger - Våland;SN44640;21.03.2024 01:00;1,7
Stavanger - Våland;SN44640;21.03.2024 02:00;2,1
Stavanger - Våland;SN44640;21.03.2024 03:00;1,7
Stavanger - Våland;SN44640;21.03.2024 04:00;1,6
Stavanger - Våland;SN44640;21.03.2024 05:00;0,7
Stavanger - Våland;SN44640;21.03.2024 06:00;1,1
Stavanger - Våland;SN44640;21.03.2024 07:00;1,4
Stavanger - Våland;SN44640;21.03.2024 08:00;1,6
Stavanger - Våland;SN44640;21.03.2024 09:00;2,7
Stavanger - Våland;SN44640;21.03.2024 10:00;3,7
Stavanger - Våland;SN44640;21.03.2024 11:00;5,1
Stavanger - Våland;SN44640;21.03.2024 12:00;5,7
Stavanger - Våland;SN44640;21.03.2024 13:00;5,7
Stavanger - Våland;SN44640;21.03.2024 14:00;5,3
Stavanger - Våland;SN44640;21.03.2024 15:00;4,3
Stavanger - Våland;SN44640;21.03.2024 16:00;4,4
Stavanger - Våland;SN44640;21.03.2024 17:00;4,8
Stavanger - Våland;SN44640;21.03.2024 18:00;5,2
Stavanger - Våland;SN44640;21.03.2024 19:00;5,6
Stavanger - Våland;SN44640;21.03.2024 20:00;5,9
Stavanger - Våland;SN44640;21.03.2024 21:00;6,2
Stavanger - Våland;SN44640;21.03.2024 22:00;6,4
Stavanger - Våland;SN44640;21.03.2024 23:00;6,5
Stavanger - Våland;SN44640;22.03.2024 00:00;6,6
Stavanger - Våland;SN44640;22.03.2024 01:00;6,6
Stavanger - Våland;SN44640;22.03.2024 02:00;6,3
Stavanger - Våland;SN44640;22.03.2024 03:00;5,7
Stavanger - Våland;SN44640;22.03.2024 04:00;5,6
Stavanger - Våland;SN44640;22.03.2024 05:00;5,3
Stavanger - Våland;SN44640;22.03.2024 06:00;5,7
Stavanger - Våland;SN44640;22.03.2024 07:00;6
Stavanger - Våland;SN44640;22.03.2024 08:00;6,1
Stavanger - Våland;SN44640;22.03.2024 09:00;6
Stavanger - Våland;SN44640;22.03.2024 10:00;6,2
Stavanger - Våland;SN44640;22.03.2024 11:00;7,4
Stavanger - Våland;SN44640;22.03.2024 12:00;5,6
Stavanger - Våland;SN44640;22.03.2024 13:00;7,2
Stavanger - Våland;SN44640;22.03.2024 14:00;7,6
Stavanger - Våland;SN44640;22.03.2024 15:00;6,8
Stavanger - Våland;SN44640;22.03.2024 16:00;6,5
Stavanger - Våland;SN44640;22.03.2024 17:00;6,6
Stavanger - Våland;SN44640;22.03.2024 18:00;6,1
Stavanger - Våland;SN44640;22.03.2024 19:00;5,3
Stavanger - Våland;SN44640;22.03.2024 20:00;5,1
Stavanger - Våland;SN44640;22.03.2024 21:00;5,3
Stavanger - Våland;SN44640;22.03.2024 22:00;5,6
Stavanger - Våland;SN44640;22.03.2024 23:00;5,6
Stavanger - Våland;SN44640;23.03.2024 00:00;5,6
Stavanger - Våland;SN44640;23.03.2024 01:00;5,4
Stavanger - Våland;SN44640;23.03.2024 02:00;5,5
Stavanger - Våland;SN44640;23.03.2024 03:00;5,2
Stavanger - Våland;SN44640;23.03.2024 04:00;5,2
Stavanger - Våland;SN44640;23.03.2024 05:00;4,8
Stavanger - Våland;SN44640;23.03.2024 06:00;4,5
Stavanger - Våland;SN44640;23.03.2024 07:00;4,5
Stavanger - Våland;SN44640;23.03.2024 08:00;4,2
Stavanger - Våland;SN44640;23.03.2024 09:00;4,6
Stavanger - Våland;SN44640;23.03.2024 10:00;4,5
Stavanger - Våland;SN44640;23.03.2024 11:00;4,9
Stavanger - Våland;SN44640;23.03.2024 12:00;5,6
Stavanger - Våland;SN44640;23.03.2024 13:00;5,8
Stavanger - Våland;SN44640;23.03.2024 14:00;5,6
Stavanger - Våland;SN44640;23.03.2024 15:00;5,3
Stavanger - Våland;SN44640;23.03.2024 16:00;5,5
Stavanger - Våland;SN44640;23.03.2024 17:00;5,5
Stavanger - Våland;SN44640;23.03.2024 18:00;4,8
Stavanger - Våland;SN44640;23.03.2024 19:00;4,6
Stavanger - Våland;SN44640;23.03.2024 20:00;4,8
Stavanger - Våland;SN44640;23.03.2024 21:00;5,2
Stavanger - Våland;SN44640;23.03.2024 22:00;4,7
Stavanger - Våland;SN44640;23.03.2024 23:00;4,5
Stavanger - Våland;SN44640;24.03.2024 00:00;4,5
Stavanger - Våland;SN44640;24.03.2024 01:00;4,7
Stavanger - Våland;SN44640;24.03.2024 02:00;4,4
Stavanger - Våland;SN44640;24.03.2024 03:00;3,8
Stavanger - Våland;SN44640;24.03.2024 04:00;4
Stavanger - Våland;SN44640;24.03.2024 05:00;3,7
Stavanger - Våland;SN44640;24.03.2024 06:00;3,6
Stavanger - Våland;SN44640;24.03.2024 07:00;2,8
Stavanger - Våland;SN44640;24.03.2024 08:00;4,6
Stavanger - Våland;SN44640;24.03.2024 09:00;6,3
Stavanger - Våland;SN44640;24.03.2024 10:00;7,2
Stavanger - Våland;SN44640;24.03.2024 11:00;8,7
Stavanger - Våland;SN44640;24.03.2024 12:00;9,1
Stavanger - Våland;SN44640;24.03.2024 13:00;10,3
Stavanger - Våland;SN44640;24.03.2024 14:00;10,4
Stavanger - Våland;SN44640;24.03.2024 15:00;10,5
Stavanger - Våland;SN44640;24.03.2024 16:00;10,3
Stavanger - Våland;SN44640;24.03.2024 17:00;9,8
Stavanger - Våland;SN44640;24.03.2024 18:00;7,9
Stavanger - Våland;SN44640;24.03.2024 19:00;6,5
Stavanger - Våland;SN44640;24.03.2024 20:00;4,7
Stavanger - Våland;SN44640;24.03.2024 21:00;4,1
Stavanger - Våland;SN44640;24.03.2024 22:00;3,6
Stavanger - Våland;SN44640;24.03.2024 23:00;2,7
Stavanger - Våland;SN44640;25.03.2024 00:00;2,6
Stavanger - Våland;SN44640;25.03.2024 01:00;1,7
Stavanger - Våland;SN44640;25.03.2024 02:00;1,9
Stavanger - Våland;SN44640;25.03.2024 03:00;1,8
Stavanger - Våland;SN44640;25.03.2024 04:00;1,9
Stavanger - Våland;SN44640;25.03.2024 05:00;1,2
Stavanger - Våland;SN44640;25.03.2024 06:00;1,3
Stavanger - Våland;SN44640;25.03.2024 07:00;1,1
Stavanger - Våland;SN44640;25.03.2024 08:00;1,9
Stavanger - Våland;SN44640;25.03.2024 09:00;4,2
Stavanger - Våland;SN44640;25.03.2024 10:00;4,8
Stavanger - Våland;SN44640;25.03.2024 11:00;5,6
Stavanger - Våland;SN44640;25.03.2024 12:00;6,9
Stavanger - Våland;SN44640;25.03.2024 13:00;7
Stavanger - Våland;SN44640;25.03.2024 14:00;6,5
Stavanger - Våland;SN44640;25.03.2024 15:00;6,5
Stavanger - Våland;SN44640;25.03.2024 16:00;6,5
Stavanger - Våland;SN44640;25.03.2024 17:00;5,9
Stavanger - Våland;SN44640;25.03.2024 18:00;4,6
Stavanger - Våland;SN44640;25.03.2024 19:00;3
Stavanger - Våland;SN44640;25.03.2024 20:00;1,7
Stavanger - Våland;SN44640;25.03.2024 21:00;1,1
Stavanger - Våland;SN44640;25.03.2024 22:00;0,7
Stavanger - Våland;SN44640;25.03.2024 23:00;0,7
Stavanger - Våland;SN44640;26.03.2024 00:00;1
Stavanger - Våland;SN44640;26.03.2024 01:00;1,1
Stavanger - Våland;SN44640;26.03.2024 02:00;1,8
Stavanger - Våland;SN44640;26.03.2024 03:00;1,8
Stavanger - Våland;SN44640;26.03.2024 04:00;1,9
Stavanger - Våland;SN44640;26.03.2024 05:00;1,8
Stavanger - Våland;SN44640;26.03.2024 06:00;1,7
Stavanger - Våland;SN44640;26.03.2024 07:00;1,7
Stavanger - Våland;SN44640;26.03.2024 08:00;2,3
Stavanger - Våland;SN44640;26.03.2024 09:00;3,6
Stavanger - Våland;SN44640;26.03.2024 10:00;4,5
Stavanger - Våland;SN44640;26.03.2024 11:00;4,7
Stavanger - Våland;SN44640;26.03.2024 12:00;3,9
Stavanger - Våland;SN44640;26.03.2024 13:00;3,5
Stavanger - Våland;SN44640;26.03.2024 14:00;4,6
Stavanger - Våland;SN44640;26.03.2024 15:00;5,4
Stavanger - Våland;SN44640;26.03.2024 16:00;5,4
Stavanger - Våland;SN44640;26.03.2024 17:00;5,1
Stavanger - Våland;SN44640;26.03.2024 18:00;5,1
Stavanger - Våland;SN44640;26.03.2024 19:00;5,1
Stavanger - Våland;SN44640;26.03.2024 20:00;5,4
Stavanger - Våland;SN44640;26.03.2024 21:00;5,7
Stavanger - Våland;SN44640;26.03.2024 22:00;5,9
Stavanger - Våland;SN44640;26.03.2024 23:00;6
Stavanger - Våland;SN44640;27.03.2024 00:00;6,2
Stavanger - Våland;SN44640;27.03.2024 01:00;5,9
Stavanger - Våland;SN44640;27.03.2024 02:00;5,3
Stavanger - Våland;SN44640;27.03.2024 03:00;5,1
Stavanger - Våland;SN44640;27.03.2024 04:00;5,6
Stavanger - Våland;SN44640;27.03.2024 05:00;5,6
Stavanger - Våland;SN44640;27.03.2024 06:00;5,6
Stavanger - Våland;SN44640;27.03.2024 07:00;6,5
Stavanger - Våland;SN44640;27.03.2024 08:00;7,1
Stavanger - Våland;SN44640;27.03.2024 09:00;7,7
Stavanger - Våland;SN44640;27.03.2024 10:00;7,7
Stavanger - Våland;SN44640;27.03.2024 11:00;7,7
Stavanger - Våland;SN44640;27.03.2024 12:00;8,2
Stavanger - Våland;SN44640;27.03.2024 13:00;9
Stavanger - Våland;SN44640;27.03.2024 14:00;8,9
Stavanger - Våland;SN44640;27.03.2024 15:00;9,1
Stavanger - Våland;SN44640;27.03.2024 16:00;8,8
Stavanger - Våland;SN44640;27.03.2024 17:00;7,9
Stavanger - Våland;SN44640;27.03.2024 18:00;8
Stavanger - Våland;SN44640;27.03.2024 19:00;7,7
Stavanger - Våland;SN44640;27.03.2024 20:00;7,4
Stavanger - Våland;SN44640;27.03.2024 21:00;7,5
Stavanger - Våland;SN44640;27.03.2024 22:00;7,6
Stavanger - Våland;SN44640;27.03.2024 23:00;6,9
Stavanger - Våland;SN44640;28.03.2024 00:00;6,4
Stavanger - Våland;SN44640;28.03.2024 01:00;6,6
Stavanger - Våland;SN44640;28.03.2024 02:00;6,2
Stavanger - Våland;SN44640;28.03.2024 03:00;5,9
Stavanger - Våland;SN44640;28.03.2024 04:00;5,7
Stavanger - Våland;SN44640;28.03.2024 05:00;5,5
Stavanger - Våland;SN44640;28.03.2024 06:00;5,4
Stavanger - Våland;SN44640;28.03.2024 07:00;5,5
Stavanger - Våland;SN44640;28.03.2024 08:00;5,7
Stavanger - Våland;SN44640;28.03.2024 09:00;5,6
Stavanger - Våland;SN44640;28.03.2024 10:00;6
Stavanger - Våland;SN44640;28.03.2024 11:00;6
Stavanger - Våland;SN44640;28.03.2024 12:00;6,5
Stavanger - Våland;SN44640;28.03.2024 13:00;6,9
Stavanger - Våland;SN44640;28.03.2024 14:00;6,9
Stavanger - Våland;SN44640;28.03.2024 15:00;6,5
Stavanger - Våland;SN44640;28.03.2024 16:00;6,4
Stavanger - Våland;SN44640;28.03.2024 17:00;6,7
Stavanger - Våland;SN44640;28.03.2024 18:00;6,5
Stavanger - Våland;SN44640;28.03.2024 19:00;6,5
Stavanger - Våland;SN44640;28.03.2024 20:00;6,2
Stavanger - Våland;SN44640;28.03.2024 21:00;6,1
Stavanger - Våland;SN44640;28.03.2024 22:00;5,9
Stavanger - Våland;SN44640;28.03.2024 23:00;5,7
Stavanger - Våland;SN44640;29.03.2024 00:00;5
Stavanger - Våland;SN44640;29.03.2024 01:00;4,4
Stavanger - Våland;SN44640;29.03.2024 02:00;4,4
Stavanger - Våland;SN44640;29.03.2024 03:00;4,4
Stavanger - Våland;SN44640;29.03.2024 04:00;4,5
Stavanger - Våland;SN44640;29.03.2024 05:00;5,1
Stavanger - Våland;SN44640;29.03.2024 06:00;5,3
Stavanger - Våland;SN44640;29.03.2024 07:00;5,7
Stavanger - Våland;SN44640;29.03.2024 08:00;7
Stavanger - Våland;SN44640;29.03.2024 09:00;7,5
Stavanger - Våland;SN44640;29.03.2024 10:00;7,7
Stavanger - Våland;SN44640;29.03.2024 11:00;7,8
Stavanger - Våland;SN44640;29.03.2024 12:00;8,1
Stavanger - Våland;SN44640;29.03.2024 13:00;8,5
Stavanger - Våland;SN44640;29.03.2024 14:00;7,9
Stavanger - Våland;SN44640;29.03.2024 15:00;8,2
Stavanger - Våland;SN44640;29.03.2024 16:00;7,6
Stavanger - Våland;SN44640;29.03.2024 17:00;7,8
Stavanger - Våland;SN44640;29.03.2024 18:00;7,8
Stavanger - Våland;SN44640;29.03.2024 19:00;6,8
Stavanger - Våland;SN44640;29.03.2024 20:00;7
Stavanger - Våland;SN44640;29.03.2024 21:00;7,1
Stavanger - Våland;SN44640;29.03.2024 22:00;7
Stavanger - Våland;SN44640;29.03.2024 23:00;6,9
Stavanger - Våland;SN44640;30.03.2024 00:00;6,9
Stavanger - Våland;SN44640;30.03.2024 01:00;7,1
Stavanger - Våland;SN44640;30.03.2024 02:00;7,4
Stavanger - Våland;SN44640;30.03.2024 03:00;7,4
Stavanger - Våland;SN44640;30.03.2024 04:00;7,9
Stavanger - Våland;SN44640;30.03.2024 05:00;8,1
Stavanger - Våland;SN44640;30.03.2024 06:00;8,3
Stavanger - Våland;SN44640;30.03.2024 07:00;8,1
Stavanger - Våland;SN44640;30.03.2024 08:00;9
Stavanger - Våland;SN44640;30.03.2024 09:00;9,6
Stavanger - Våland;SN44640;30.03.2024 10:00;11,2
Stavanger - Våland;SN44640;30.03.2024 11:00;12,7
Stavanger - Våland;SN44640;30.03.2024 12:00;12,6
Stavanger - Våland;SN44640;30.03.2024 13:00;13,3
Stavanger - Våland;SN44640;30.03.2024 14:00;13,6
Stavanger - Våland;SN44640;30.03.2024 15:00;12,4
Stavanger - Våland;SN44640;30.03.2024 16:00;12
Stavanger - Våland;SN44640;30.03.2024 17:00;10,9
Stavanger - Våland;SN44640;30.03.2024 18:00;10,8
Stavanger - Våland;SN44640;30.03.2024 19:00;9,8
Stavanger - Våland;SN44640;30.03.2024 20:00;9,2
Stavanger - Våland;SN44640;30.03.2024 21:00;8,5
Stavanger - Våland;SN44640;30.03.2024 22:00;7,4
Stavanger - Våland;SN44640;30.03.2024 23:00;6,9
Stavanger - Våland;SN44640;31.03.2024 00:00;6,5
Stavanger - Våland;SN44640;31.03.2024 01:00;5,8
Stavanger - Våland;SN44640;31.03.2024 02:00;5,6
Stavanger - Våland;SN44640;31.03.2024 03:00;5,5
Stavanger - Våland;SN44640;31.03.2024 04:00;4,5
Stavanger - Våland;SN44640;31.03.2024 05:00;4,9
Stavanger - Våland;SN44640;31.03.2024 06:00;5,3
Stavanger - Våland;SN44640;31.03.2024 07:00;5,5
Stavanger - Våland;SN44640;31.03.2024 08:00;5,6
Stavanger - Våland;SN44640;31.03.2024 09:00;6,5
Stavanger - Våland;SN44640;31.03.2024 10:00;6,6
Stavanger - Våland;SN44640;31.03.2024 11:00;8,5
Stavanger - Våland;SN44640;31.03.2024 12:00;8,7
Stavanger - Våland;SN44640;31.03.2024 13:00;10,1
Stavanger - Våland;SN44640;31.03.2024 14:00;10,8
Stavanger - Våland;SN44640;31.03.2024 15:00;10,3
Stavanger - Våland;SN44640;31.03.2024 16:00;11
Stavanger - Våland;SN44640;31.03.2024 17:00;10,9
Stavanger - Våland;SN44640;31.03.2024 18:00;9,4
Stavanger - Våland;SN44640;31.03.2024 19:00;7,8
Stavanger - Våland;SN44640;31.03.2024 20:00;5,7
Stavanger - Våland;SN44640;31.03.2024 21:00;4,5
Stavanger - Våland;SN44640;31.03.2024 22:00;4,2
Stavanger - Våland;SN44640;31.03.2024 23:00;4,2
Stavanger - Våland;SN44640;01.04.2024 00:00;4
Stavanger - Våland;SN44640;01.04.2024 01:00;4,1
Stavanger - Våland;SN44640;01.04.2024 02:00;3,8
Stavanger - Våland;SN44640;01.04.2024 03:00;3
Stavanger - Våland;SN44640;01.04.2024 04:00;3
Stavanger - Våland;SN44640;01.04.2024 05:00;2,3
Stavanger - Våland;SN44640;01.04.2024 06:00;1,8
Stavanger - Våland;SN44640;01.04.2024 07:00;1
Stavanger - Våland;SN44640;01.04.2024 08:00;2
Stavanger - Våland;SN44640;01.04.2024 09:00;3,4
Stavanger - Våland;SN44640;01.04.2024 10:00;5,3
Stavanger - Våland;SN44640;01.04.2024 11:00;7,3
Stavanger - Våland;SN44640;01.04.2024 12:00;9,2
Stavanger - Våland;SN44640;01.04.2024 13:00;10,9
Stavanger - Våland;SN44640;01.04.2024 14:00;12,7
Stavanger - Våland;SN44640;01.04.2024 15:00;12,3
Stavanger - Våland;SN44640;01.04.2024 16:00;12
Stavanger - Våland;SN44640;01.04.2024 17:00;11,7
Stavanger - Våland;SN44640;01.04.2024 18:00;11,4
Stavanger - Våland;SN44640;01.04.2024 19:00;9
Stavanger - Våland;SN44640;01.04.2024 20:00;8,6
Stavanger - Våland;SN44640;01.04.2024 21:00;6,5
Stavanger - Våland;SN44640;01.04.2024 22:00;6,9
Stavanger - Våland;SN44640;01.04.2024 23:00;6
Stavanger - Våland;SN44640;02.04.2024 00:00;6,8
Stavanger - Våland;SN44640;02.04.2024 01:00;7,9
Stavanger - Våland;SN44640;02.04.2024 02:00;7,4
Stavanger - Våland;SN44640;02.04.2024 03:00;8
Stavanger - Våland;SN44640;02.04.2024 04:00;7,7
Stavanger - Våland;SN44640;02.04.2024 05:00;7,2
Stavanger - Våland;SN44640;02.04.2024 06:00;6
Stavanger - Våland;SN44640;02.04.2024 07:00;6,6
Stavanger - Våland;SN44640;02.04.2024 08:00;7,4
Stavanger - Våland;SN44640;02.04.2024 09:00;8,1
Stavanger - Våland;SN44640;02.04.2024 10:00;9,6
Stavanger - Våland;SN44640;02.04.2024 11:00;10,7
Stavanger - Våland;SN44640;02.04.2024 12:00;12,1
Stavanger - Våland;SN44640;02.04.2024 13:00;11,6
Stavanger - Våland;SN44640;02.04.2024 14:00;10,5
Stavanger - Våland;SN44640;02.04.2024 15:00;10,3
Stavanger - Våland;SN44640;02.04.2024 16:00;9,8
Stavanger - Våland;SN44640;02.04.2024 17:00;7,7
Stavanger - Våland;SN44640;02.04.2024 18:00;6,7
Stavanger - Våland;SN44640;02.04.2024 19:00;6
Stavanger - Våland;SN44640;02.04.2024 20:00;5,7
Stavanger - Våland;SN44640;02.04.2024 21:00;5,5
Stavanger - Våland;SN44640;02.04.2024 22:00;5,5
Stavanger - Våland;SN44640;02.04.2024 23:00;5,4
Stavanger - Våland;SN44640;03.04.2024 00:00;4,4
Stavanger - Våland;SN44640;03.04.2024 01:00;4,3
Stavanger - Våland;SN44640;03.04.2024 02:00;4
Stavanger - Våland;SN44640;03.04.2024 03:00;4,6
Stavanger - Våland;SN44640;03.04.2024 04:00;4,6
Stavanger - Våland;SN44640;03.04.2024 05:00;4,7
Stavanger - Våland;SN44640;03.04.2024 06:00;4,5
Stavanger - Våland;SN44640;03.04.2024 07:00;4,5
Stavanger - Våland;SN44640;03.04.2024 08:00;4,9
Stavanger - Våland;SN44640;03.04.2024 09:00;5,2
Stavanger - Våland;SN44640;03.04.2024 10:00;6,1
Stavanger - Våland;SN44640;03.04.2024 11:00;6,6
Stavanger - Våland;SN44640;03.04.2024 12:00;7,6
Stavanger - Våland;SN44640;03.04.2024 13:00;7,8
Stavanger - Våland;SN44640;03.04.2024 14:00;7,8
Stavanger - Våland;SN44640;03.04.2024 15:00;8,1
Stavanger - Våland;SN44640;03.04.2024 16:00;7,3
Stavanger - Våland;SN44640;03.04.2024 17:00;6,2
Stavanger - Våland;SN44640;03.04.2024 18:00;6
Stavanger - Våland;SN44640;03.04.2024 19:00;5
Stavanger - Våland;SN44640;03.04.2024 20:00;4,9
Stavanger - Våland;SN44640;03.04.2024 21:00;5,2
Stavanger - Våland;SN44640;03.04.2024 22:00;4,9
Stavanger - Våland;SN44640;03.04.2024 23:00;4,8
Stavanger - Våland;SN44640;04.04.2024 00:00;4,4
Stavanger - Våland;SN44640;04.04.2024 01:00;3,8
Stavanger - Våland;SN44640;04.04.2024 02:00;0,7
Stavanger - Våland;SN44640;04.04.2024 03:00;-0,4
Stavanger - Våland;SN44640;04.04.2024 04:00;-0,8
Stavanger - Våland;SN44640;04.04.2024 05:00;-0,9
Stavanger - Våland;SN44640;04.04.2024 06:00;-0,9
Stavanger - Våland;SN44640;04.04.2024 07:00;-1
Stavanger - Våland;SN44640;04.04.2024 08:00;-1
Stavanger - Våland;SN44640;04.04.2024 09:00;-0,4
Stavanger - Våland;SN44640;04.04.2024 10:00;-0,4
Stavanger - Våland;SN44640;04.04.2024 11:00;0,2
Stavanger - Våland;SN44640;04.04.2024 12:00;0,6
Stavanger - Våland;SN44640;04.04.2024 13:00;1,1
Stavanger - Våland;SN44640;04.04.2024 14:00;1,5
Stavanger - Våland;SN44640;04.04.2024 15:00;1,7
Stavanger - Våland;SN44640;04.04.2024 16:00;0,2
Stavanger - Våland;SN44640;04.04.2024 17:00;-0,1
Stavanger - Våland;SN44640;04.04.2024 18:00;0,1
Stavanger - Våland;SN44640;04.04.2024 19:00;0,3
Stavanger - Våland;SN44640;04.04.2024 20:00;0,7
Stavanger - Våland;SN44640;04.04.2024 21:00;0,4
Stavanger - Våland;SN44640;04.04.2024 22:00;0,3
Stavanger - Våland;SN44640;04.04.2024 23:00;0,2
Stavanger - Våland;SN44640;05.04.2024 00:00;0,2
Stavanger - Våland;SN44640;05.04.2024 01:00;0,1
Stavanger - Våland;SN44640;05.04.2024 02:00;0,1
Stavanger - Våland;SN44640;05.04.2024 03:00;0,2
Stavanger - Våland;SN44640;05.04.2024 04:00;0,3
Stavanger - Våland;SN44640;05.04.2024 05:00;0,4
Stavanger - Våland;SN44640;05.04.2024 06:00;0,2
Stavanger - Våland;SN44640;05.04.2024 07:00;0,5
Stavanger - Våland;SN44640;05.04.2024 08:00;1,3
Stavanger - Våland;SN44640;05.04.2024 09:00;2,2
Stavanger - Våland;SN44640;05.04.2024 10:00;2,8
Stavanger - Våland;SN44640;05.04.2024 11:00;3,1
Stavanger - Våland;SN44640;05.04.2024 12:00;3,4
Stavanger - Våland;SN44640;05.04.2024 13:00;3,5
Stavanger - Våland;SN44640;05.04.2024 14:00;3,2
Stavanger - Våland;SN44640;05.04.2024 15:00;3,3
Stavanger - Våland;SN44640;05.04.2024 16:00;3,4
Stavanger - Våland;SN44640;05.04.2024 17:00;3,2
Stavanger - Våland;SN44640;05.04.2024 18:00;3
Stavanger - Våland;SN44640;05.04.2024 19:00;2,7
Stavanger - Våland;SN44640;05.04.2024 20:00;2,9
Stavanger - Våland;SN44640;05.04.2024 21:00;3
Stavanger - Våland;SN44640;05.04.2024 22:00;3,1
Stavanger - Våland;SN44640;05.04.2024 23:00;3,2
Stavanger - Våland;SN44640;06.04.2024 00:00;3,4
Stavanger - Våland;SN44640;06.04.2024 01:00;3,6
Stavanger - Våland;SN44640;06.04.2024 02:00;3,7
Stavanger - Våland;SN44640;06.04.2024 03:00;3,8
Stavanger - Våland;SN44640;06.04.2024 04:00;3,9
Stavanger - Våland;SN44640;06.04.2024 05:00;4,2
Stavanger - Våland;SN44640;06.04.2024 06:00;4,3
Stavanger - Våland;SN44640;06.04.2024 07:00;4,8
Stavanger - Våland;SN44640;06.04.2024 08:00;5,7
Stavanger - Våland;SN44640;06.04.2024 09:00;6,9
Stavanger - Våland;SN44640;06.04.2024 10:00;8,1
Stavanger - Våland;SN44640;06.04.2024 11:00;9,6
Stavanger - Våland;SN44640;06.04.2024 12:00;9,5
Stavanger - Våland;SN44640;06.04.2024 13:00;9,6
Stavanger - Våland;SN44640;06.04.2024 14:00;8,9
Stavanger - Våland;SN44640;06.04.2024 15:00;10
Stavanger - Våland;SN44640;06.04.2024 16:00;11,1
Stavanger - Våland;SN44640;06.04.2024 17:00;12,3
Stavanger - Våland;SN44640;06.04.2024 18:00;13,1
Stavanger - Våland;SN44640;06.04.2024 19:00;12,4
Stavanger - Våland;SN44640;06.04.2024 20:00;12,5
Stavanger - Våland;SN44640;06.04.2024 21:00;12,3
Stavanger - Våland;SN44640;06.04.2024 22:00;12
Stavanger - Våland;SN44640;06.04.2024 23:00;11,7
Stavanger - Våland;SN44640;07.04.2024 00:00;11,6
Stavanger - Våland;SN44640;07.04.2024 01:00;11,7
Stavanger - Våland;SN44640;07.04.2024 02:00;11,3
Stavanger - Våland;SN44640;07.04.2024 03:00;11,5
Stavanger - Våland;SN44640;07.04.2024 04:00;11,4
Stavanger - Våland;SN44640;07.04.2024 05:00;11,7
Stavanger - Våland;SN44640;07.04.2024 06:00;11,1
Stavanger - Våland;SN44640;07.04.2024 07:00;9,3
Stavanger - Våland;SN44640;07.04.2024 08:00;8,7
Stavanger - Våland;SN44640;07.04.2024 09:00;8,8
Stavanger - Våland;SN44640;07.04.2024 10:00;9,7
Stavanger - Våland;SN44640;07.04.2024 11:00;10,5
Stavanger - Våland;SN44640;07.04.2024 12:00;11
Stavanger - Våland;SN44640;07.04.2024 13:00;9,9
Stavanger - Våland;SN44640;07.04.2024 14:00;9,5
Stavanger - Våland;SN44640;07.04.2024 15:00;9,8
Stavanger - Våland;SN44640;07.04.2024 16:00;9,5
Stavanger - Våland;SN44640;07.04.2024 17:00;10,5
Stavanger - Våland;SN44640;07.04.2024 18:00;9,5
Stavanger - Våland;SN44640;07.04.2024 19:00;9,1
Stavanger - Våland;SN44640;07.04.2024 20:00;9,3
Stavanger - Våland;SN44640;07.04.2024 21:00;9,7
Stavanger - Våland;SN44640;07.04.2024 22:00;9,7
Stavanger - Våland;SN44640;07.04.2024 23:00;9,4
Stavanger - Våland;SN44640;08.04.2024 00:00;8,9
Stavanger - Våland;SN44640;08.04.2024 01:00;9
Stavanger - Våland;SN44640;08.04.2024 02:00;9,5
Stavanger - Våland;SN44640;08.04.2024 03:00;8,9
Stavanger - Våland;SN44640;08.04.2024 04:00;8
Stavanger - Våland;SN44640;08.04.2024 05:00;7,4
Stavanger - Våland;SN44640;08.04.2024 06:00;7,3
Stavanger - Våland;SN44640;08.04.2024 07:00;8
Stavanger - Våland;SN44640;08.04.2024 08:00;8,8
Stavanger - Våland;SN44640;08.04.2024 09:00;10,8
Stavanger - Våland;SN44640;08.04.2024 10:00;11,5
Stavanger - Våland;SN44640;08.04.2024 11:00;11,1
Stavanger - Våland;SN44640;08.04.2024 12:00;12,3
Stavanger - Våland;SN44640;08.04.2024 13:00;12,1
Stavanger - Våland;SN44640;08.04.2024 14:00;12,4
Stavanger - Våland;SN44640;08.04.2024 15:00;11
Stavanger - Våland;SN44640;08.04.2024 16:00;11
Stavanger - Våland;SN44640;08.04.2024 17:00;10,6
Stavanger - Våland;SN44640;08.04.2024 18:00;10,6
Stavanger - Våland;SN44640;08.04.2024 19:00;10,1
Stavanger - Våland;SN44640;08.04.2024 20:00;9,3
Stavanger - Våland;SN44640;08.04.2024 21:00;8,9
Stavanger - Våland;SN44640;08.04.2024 22:00;8,1
Stavanger - Våland;SN44640;08.04.2024 23:00;8,5
Stavanger - Våland;SN44640;09.04.2024 00:00;9
Stavanger - Våland;SN44640;09.04.2024 01:00;9,2
Stavanger - Våland;SN44640;09.04.2024 02:00;9,3
Stavanger - Våland;SN44640;09.04.2024 03:00;9,5
Stavanger - Våland;SN44640;09.04.2024 04:00;9,3
Stavanger - Våland;SN44640;09.04.2024 05:00;9,1
Stavanger - Våland;SN44640;09.04.2024 06:00;8,7
Stavanger - Våland;SN44640;09.04.2024 07:00;9
Stavanger - Våland;SN44640;09.04.2024 08:00;9,7
Stavanger - Våland;SN44640;09.04.2024 09:00;10,4
Stavanger - Våland;SN44640;09.04.2024 10:00;11
Stavanger - Våland;SN44640;09.04.2024 11:00;12,7
Stavanger - Våland;SN44640;09.04.2024 12:00;11,4
Stavanger - Våland;SN44640;09.04.2024 13:00;10,6
Stavanger - Våland;SN44640;09.04.2024 14:00;11,7
Stavanger - Våland;SN44640;09.04.2024 15:00;11,7
Stavanger - Våland;SN44640;09.04.2024 16:00;12,4
Stavanger - Våland;SN44640;09.04.2024 17:00;11,4
Stavanger - Våland;SN44640;09.04.2024 18:00;8,3
Stavanger - Våland;SN44640;09.04.2024 19:00;8,8
Stavanger - Våland;SN44640;09.04.2024 20:00;8,5
Stavanger - Våland;SN44640;09.04.2024 21:00;7,8
Stavanger - Våland;SN44640;09.04.2024 22:00;7,6
Stavanger - Våland;SN44640;09.04.2024 23:00;8
Stavanger - Våland;SN44640;10.04.2024 00:00;8,1
Stavanger - Våland;SN44640;10.04.2024 01:00;7,5
Stavanger - Våland;SN44640;10.04.2024 02:00;7,4
Stavanger - Våland;SN44640;10.04.2024 03:00;7,2
Stavanger - Våland;SN44640;10.04.2024 04:00;6,8
Stavanger - Våland;SN44640;10.04.2024 05:00;5,9
Stavanger - Våland;SN44640;10.04.2024 06:00;5,2
Stavanger - Våland;SN44640;10.04.2024 07:00;5,4
Stavanger - Våland;SN44640;10.04.2024 08:00;6
Stavanger - Våland;SN44640;10.04.2024 09:00;6,5
Stavanger - Våland;SN44640;10.04.2024 10:00;7,5
Stavanger - Våland;SN44640;10.04.2024 11:00;8,3
Stavanger - Våland;SN44640;10.04.2024 12:00;7,9
Stavanger - Våland;SN44640;10.04.2024 13:00;8,6
Stavanger - Våland;SN44640;10.04.2024 14:00;8,8
Stavanger - Våland;SN44640;10.04.2024 15:00;9,1
Stavanger - Våland;SN44640;10.04.2024 16:00;8,4
Stavanger - Våland;SN44640;10.04.2024 17:00;8,5
Stavanger - Våland;SN44640;10.04.2024 18:00;7,6
Stavanger - Våland;SN44640;10.04.2024 19:00;6,3
Stavanger - Våland;SN44640;10.04.2024 20:00;6,4
Stavanger - Våland;SN44640;10.04.2024 21:00;6,3
Stavanger - Våland;SN44640;10.04.2024 22:00;6
Stavanger - Våland;SN44640;10.04.2024 23:00;6,2
Stavanger - Våland;SN44640;11.04.2024 00:00;6,2
Stavanger - Våland;SN44640;11.04.2024 01:00;6,9
Stavanger - Våland;SN44640;11.04.2024 02:00;7,4
Stavanger - Våland;SN44640;11.04.2024 03:00;7,6
Stavanger - Våland;SN44640;11.04.2024 04:00;8
Stavanger - Våland;SN44640;11.04.2024 05:00;8,5
Stavanger - Våland;SN44640;11.04.2024 06:00;8,8
Stavanger - Våland;SN44640;11.04.2024 07:00;8,5
Stavanger - Våland;SN44640;11.04.2024 08:00;8,4
Stavanger - Våland;SN44640;11.04.2024 09:00;8,6
Stavanger - Våland;SN44640;11.04.2024 10:00;8,8
Stavanger - Våland;SN44640;11.04.2024 11:00;8,7
Stavanger - Våland;SN44640;11.04.2024 12:00;8,9
Stavanger - Våland;SN44640;11.04.2024 13:00;9,1
Stavanger - Våland;SN44640;11.04.2024 14:00;10,2
Stavanger - Våland;SN44640;11.04.2024 15:00;11
Stavanger - Våland;SN44640;11.04.2024 16:00;10,9
Stavanger - Våland;SN44640;11.04.2024 17:00;10
Stavanger - Våland;SN44640;11.04.2024 18:00;10,1
Stavanger - Våland;SN44640;11.04.2024 19:00;8,7
Stavanger - Våland;SN44640;11.04.2024 20:00;7,7
Stavanger - Våland;SN44640;11.04.2024 21:00;6,9
Stavanger - Våland;SN44640;11.04.2024 22:00;6,4
Stavanger - Våland;SN44640;11.04.2024 23:00;6,4
Stavanger - Våland;SN44640;12.04.2024 00:00;6,2
Stavanger - Våland;SN44640;12.04.2024 01:00;6,4
Stavanger - Våland;SN44640;12.04.2024 02:00;8,1
Stavanger - Våland;SN44640;12.04.2024 03:00;9
Stavanger - Våland;SN44640;12.04.2024 04:00;8,9
Stavanger - Våland;SN44640;12.04.2024 05:00;9
Stavanger - Våland;SN44640;12.04.2024 06:00;9,7
Stavanger - Våland;SN44640;12.04.2024 07:00;9,4
Stavanger - Våland;SN44640;12.04.2024 08:00;9,7
Stavanger - Våland;SN44640;12.04.2024 09:00;11
Stavanger - Våland;SN44640;12.04.2024 10:00;12,1
Stavanger - Våland;SN44640;12.04.2024 11:00;11,1
Stavanger - Våland;SN44640;12.04.2024 12:00;11,7
Stavanger - Våland;SN44640;12.04.2024 13:00;13,2
Stavanger - Våland;SN44640;12.04.2024 14:00;13,4
Stavanger - Våland;SN44640;12.04.2024 15:00;9,9
Stavanger - Våland;SN44640;12.04.2024 16:00;8,6
Stavanger - Våland;SN44640;12.04.2024 17:00;8,5
Stavanger - Våland;SN44640;12.04.2024 18:00;9,2
Stavanger - Våland;SN44640;12.04.2024 19:00;8
Stavanger - Våland;SN44640;12.04.2024 20:00;7,8
Stavanger - Våland;SN44640;12.04.2024 21:00;7,9
Stavanger - Våland;SN44640;12.04.2024 22:00;8
Stavanger - Våland;SN44640;12.04.2024 23:00;8,6
Stavanger - Våland;SN44640;13.04.2024 00:00;9
Stavanger - Våland;SN44640;13.04.2024 01:00;8,4
Stavanger - Våland;SN44640;13.04.2024 02:00;8,5
Stavanger - Våland;SN44640;13.04.2024 03:00;8,5
Stavanger - Våland;SN44640;13.04.2024 04:00;8,4
Stavanger - Våland;SN44640;13.04.2024 05:00;8,4
Stavanger - Våland;SN44640;13.04.2024 06:00;8
Stavanger - Våland;SN44640;13.04.2024 07:00;7,9
Stavanger - Våland;SN44640;13.04.2024 08:00;9
Stavanger - Våland;SN44640;13.04.2024 09:00;9,4
Stavanger - Våland;SN44640;13.04.2024 10:00;9,7
Stavanger - Våland;SN44640;13.04.2024 11:00;10,6
Stavanger - Våland;SN44640;13.04.2024 12:00;10,6
Stavanger - Våland;SN44640;13.04.2024 13:00;11,1
Stavanger - Våland;SN44640;13.04.2024 14:00;10,7
Stavanger - Våland;SN44640;13.04.2024 15:00;10,8
Stavanger - Våland;SN44640;13.04.2024 16:00;10,2
Stavanger - Våland;SN44640;13.04.2024 17:00;10,3
Stavanger - Våland;SN44640;13.04.2024 18:00;9,7
Stavanger - Våland;SN44640;13.04.2024 19:00;8,3
Stavanger - Våland;SN44640;13.04.2024 20:00;8,3
Stavanger - Våland;SN44640;13.04.2024 21:00;8
Stavanger - Våland;SN44640;13.04.2024 22:00;7,2
Stavanger - Våland;SN44640;13.04.2024 23:00;7
Stavanger - Våland;SN44640;14.04.2024 00:00;6,1
Stavanger - Våland;SN44640;14.04.2024 01:00;5,6
Stavanger - Våland;SN44640;14.04.2024 02:00;5,3
Stavanger - Våland;SN44640;14.04.2024 03:00;5,7
Stavanger - Våland;SN44640;14.04.2024 04:00;5,9
Stavanger - Våland;SN44640;14.04.2024 05:00;5,8
Stavanger - Våland;SN44640;14.04.2024 06:00;5,9
Stavanger - Våland;SN44640;14.04.2024 07:00;5,9
Stavanger - Våland;SN44640;14.04.2024 08:00;6,5
Stavanger - Våland;SN44640;14.04.2024 09:00;7,1
Stavanger - Våland;SN44640;14.04.2024 10:00;7,7
Stavanger - Våland;SN44640;14.04.2024 11:00;8,5
Stavanger - Våland;SN44640;14.04.2024 12:00;8,3
Stavanger - Våland;SN44640;14.04.2024 13:00;8
Stavanger - Våland;SN44640;14.04.2024 14:00;7,9
Stavanger - Våland;SN44640;14.04.2024 15:00;8,3
Stavanger - Våland;SN44640;14.04.2024 16:00;8,3
Stavanger - Våland;SN44640;14.04.2024 17:00;7,3
Stavanger - Våland;SN44640;14.04.2024 18:00;7,1
Stavanger - Våland;SN44640;14.04.2024 19:00;6,4
Stavanger - Våland;SN44640;14.04.2024 20:00;5,5
Stavanger - Våland;SN44640;14.04.2024 21:00;5,1
Stavanger - Våland;SN44640;14.04.2024 22:00;4,3
Stavanger - Våland;SN44640;14.04.2024 23:00;3,6
Stavanger - Våland;SN44640;15.04.2024 00:00;3,2
Stavanger - Våland;SN44640;15.04.2024 01:00;3,5
Stavanger - Våland;SN44640;15.04.2024 02:00;3,5
Stavanger - Våland;SN44640;15.04.2024 03:00;3,8
Stavanger - Våland;SN44640;15.04.2024 04:00;4,2
Stavanger - Våland;SN44640;15.04.2024 05:00;4,6
Stavanger - Våland;SN44640;15.04.2024 06:00;5,5
Stavanger - Våland;SN44640;15.04.2024 07:00;6
Stavanger - Våland;SN44640;15.04.2024 08:00;6,4
Stavanger - Våland;SN44640;15.04.2024 09:00;6,8
Stavanger - Våland;SN44640;15.04.2024 10:00;7,4
Stavanger - Våland;SN44640;15.04.2024 11:00;8,3
Stavanger - Våland;SN44640;15.04.2024 12:00;8,6
Stavanger - Våland;SN44640;15.04.2024 13:00;8,6
Stavanger - Våland;SN44640;15.04.2024 14:00;10
Stavanger - Våland;SN44640;15.04.2024 15:00;10
Stavanger - Våland;SN44640;15.04.2024 16:00;8,8
Stavanger - Våland;SN44640;15.04.2024 17:00;9,3
Stavanger - Våland;SN44640;15.04.2024 18:00;8,6
Stavanger - Våland;SN44640;15.04.2024 19:00;8,1
Stavanger - Våland;SN44640;15.04.2024 20:00;7,5
Stavanger - Våland;SN44640;15.04.2024 21:00;7
Stavanger - Våland;SN44640;15.04.2024 22:00;7
Stavanger - Våland;SN44640;15.04.2024 23:00;6,4
Stavanger - Våland;SN44640;16.04.2024 00:00;6,1
Stavanger - Våland;SN44640;16.04.2024 01:00;5,5
Stavanger - Våland;SN44640;16.04.2024 02:00;4,8
Stavanger - Våland;SN44640;16.04.2024 03:00;4,1
Stavanger - Våland;SN44640;16.04.2024 04:00;3,7
Stavanger - Våland;SN44640;16.04.2024 05:00;3,8
Stavanger - Våland;SN44640;16.04.2024 06:00;3,7
Stavanger - Våland;SN44640;16.04.2024 07:00;4,1
Stavanger - Våland;SN44640;16.04.2024 08:00;5,9
Stavanger - Våland;SN44640;16.04.2024 09:00;8,2
Stavanger - Våland;SN44640;16.04.2024 10:00;9,4
Stavanger - Våland;SN44640;16.04.2024 11:00;10,8
Stavanger - Våland;SN44640;16.04.2024 12:00;11,4
Stavanger - Våland;SN44640;16.04.2024 13:00;10,7
Stavanger - Våland;SN44640;16.04.2024 14:00;11,5
Stavanger - Våland;SN44640;16.04.2024 15:00;10,9
Stavanger - Våland;SN44640;16.04.2024 16:00;9,3
Stavanger - Våland;SN44640;16.04.2024 17:00;7,9
Stavanger - Våland;SN44640;16.04.2024 18:00;7
Stavanger - Våland;SN44640;16.04.2024 19:00;5,6
Stavanger - Våland;SN44640;16.04.2024 20:00;5,2
Stavanger - Våland;SN44640;16.04.2024 21:00;5,4
Stavanger - Våland;SN44640;16.04.2024 22:00;5,2
Stavanger - Våland;SN44640;16.04.2024 23:00;4,9
Stavanger - Våland;SN44640;17.04.2024 00:00;4,9
Stavanger - Våland;SN44640;17.04.2024 01:00;4,4
Stavanger - Våland;SN44640;17.04.2024 02:00;3,9
Stavanger - Våland;SN44640;17.04.2024 03:00;3,6
Stavanger - Våland;SN44640;17.04.2024 04:00;3,4
Stavanger - Våland;SN44640;17.04.2024 05:00;3,1
Stavanger - Våland;SN44640;17.04.2024 06:00;3,4
Stavanger - Våland;SN44640;17.04.2024 07:00;4,1
Stavanger - Våland;SN44640;17.04.2024 08:00;6,4
Stavanger - Våland;SN44640;17.04.2024 09:00;7,6
Stavanger - Våland;SN44640;17.04.2024 10:00;8,1
Stavanger - Våland;SN44640;17.04.2024 11:00;9,5
Stavanger - Våland;SN44640;17.04.2024 12:00;9,8
Stavanger - Våland;SN44640;17.04.2024 13:00;10,6
Stavanger - Våland;SN44640;17.04.2024 14:00;10,2
Stavanger - Våland;SN44640;17.04.2024 15:00;9,8
Stavanger - Våland;SN44640;17.04.2024 16:00;9,3
Stavanger - Våland;SN44640;17.04.2024 17:00;8,5
Stavanger - Våland;SN44640;17.04.2024 18:00;7,9
Stavanger - Våland;SN44640;17.04.2024 19:00;6,1
Stavanger - Våland;SN44640;17.04.2024 20:00;4,8
Stavanger - Våland;SN44640;17.04.2024 21:00;3,5
Stavanger - Våland;SN44640;17.04.2024 22:00;3,5
Stavanger - Våland;SN44640;17.04.2024 23:00;3,2
Stavanger - Våland;SN44640;18.04.2024 00:00;3,8
Stavanger - Våland;SN44640;18.04.2024 01:00;3,2
Stavanger - Våland;SN44640;18.04.2024 02:00;3,7
Stavanger - Våland;SN44640;18.04.2024 03:00;3,5
Stavanger - Våland;SN44640;18.04.2024 04:00;2,9
Stavanger - Våland;SN44640;18.04.2024 05:00;3,6
Stavanger - Våland;SN44640;18.04.2024 06:00;3,7
Stavanger - Våland;SN44640;18.04.2024 07:00;4,5
Stavanger - Våland;SN44640;18.04.2024 08:00;5,8
Stavanger - Våland;SN44640;18.04.2024 09:00;6,8
Stavanger - Våland;SN44640;18.04.2024 10:00;8,3
Stavanger - Våland;SN44640;18.04.2024 11:00;5
Stavanger - Våland;SN44640;18.04.2024 12:00;5,6
Stavanger - Våland;SN44640;18.04.2024 13:00;6,4
Stavanger - Våland;SN44640;18.04.2024 14:00;6,7
Stavanger - Våland;SN44640;18.04.2024 15:00;6,4
Stavanger - Våland;SN44640;18.04.2024 16:00;5,7
Stavanger - Våland;SN44640;18.04.2024 17:00;5,8
Stavanger - Våland;SN44640;18.04.2024 18:00;4,9
Stavanger - Våland;SN44640;18.04.2024 19:00;4,3
Stavanger - Våland;SN44640;18.04.2024 20:00;4,3
Stavanger - Våland;SN44640;18.04.2024 21:00;4,2
Stavanger - Våland;SN44640;18.04.2024 22:00;4,3
Stavanger - Våland;SN44640;18.04.2024 23:00;4,5
Stavanger - Våland;SN44640;19.04.2024 00:00;4,4
Stavanger - Våland;SN44640;19.04.2024 01:00;4,6
Stavanger - Våland;SN44640;19.04.2024 02:00;4,5
Stavanger - Våland;SN44640;19.04.2024 03:00;3,7
Stavanger - Våland;SN44640;19.04.2024 04:00;3,9
Stavanger - Våland;SN44640;19.04.2024 05:00;4,1
Stavanger - Våland;SN44640;19.04.2024 06:00;4,4
Stavanger - Våland;SN44640;19.04.2024 07:00;5
Stavanger - Våland;SN44640;19.04.2024 08:00;5,4
Stavanger - Våland;SN44640;19.04.2024 09:00;6,3
Stavanger - Våland;SN44640;19.04.2024 10:00;6,8
Stavanger - Våland;SN44640;19.04.2024 11:00;8,1
Stavanger - Våland;SN44640;19.04.2024 12:00;7,6
Stavanger - Våland;SN44640;19.04.2024 13:00;6,9
Stavanger - Våland;SN44640;19.04.2024 14:00;6,3
Stavanger - Våland;SN44640;19.04.2024 15:00;5,2
Stavanger - Våland;SN44640;19.04.2024 16:00;4,2
Stavanger - Våland;SN44640;19.04.2024 17:00;3,7
Stavanger - Våland;SN44640;19.04.2024 18:00;3,5
Stavanger - Våland;SN44640;19.04.2024 19:00;3,2
Stavanger - Våland;SN44640;19.04.2024 20:00;2,5
Stavanger - Våland;SN44640;19.04.2024 21:00;2,6
Stavanger - Våland;SN44640;19.04.2024 22:00;3
Stavanger - Våland;SN44640;19.04.2024 23:00;3
Stavanger - Våland;SN44640;20.04.2024 00:00;3,2
Stavanger - Våland;SN44640;20.04.2024 01:00;2,3
Stavanger - Våland;SN44640;20.04.2024 02:00;3,1
Stavanger - Våland;SN44640;20.04.2024 03:00;3,9
Stavanger - Våland;SN44640;20.04.2024 04:00;4
Stavanger - Våland;SN44640;20.04.2024 05:00;4
Stavanger - Våland;SN44640;20.04.2024 06:00;3,7
Stavanger - Våland;SN44640;20.04.2024 07:00;3,6
Stavanger - Våland;SN44640;20.04.2024 08:00;4,7
Stavanger - Våland;SN44640;20.04.2024 09:00;5,5
Stavanger - Våland;SN44640;20.04.2024 10:00;6,2
Stavanger - Våland;SN44640;20.04.2024 11:00;7
Stavanger - Våland;SN44640;20.04.2024 12:00;7,9
Stavanger - Våland;SN44640;20.04.2024 13:00;8,4
Stavanger - Våland;SN44640;20.04.2024 14:00;9,3
Stavanger - Våland;SN44640;20.04.2024 15:00;9,8
Stavanger - Våland;SN44640;20.04.2024 16:00;9,8
Stavanger - Våland;SN44640;20.04.2024 17:00;9,6
Stavanger - Våland;SN44640;20.04.2024 18:00;9,3
Stavanger - Våland;SN44640;20.04.2024 19:00;7,4
Stavanger - Våland;SN44640;20.04.2024 20:00;5,8
Stavanger - Våland;SN44640;20.04.2024 21:00;4,9
Stavanger - Våland;SN44640;20.04.2024 22:00;4
Stavanger - Våland;SN44640;20.04.2024 23:00;4,2
Stavanger - Våland;SN44640;21.04.2024 00:00;4,3
Stavanger - Våland;SN44640;21.04.2024 01:00;3,9
Stavanger - Våland;SN44640;21.04.2024 02:00;3
Stavanger - Våland;SN44640;21.04.2024 03:00;2,6
Stavanger - Våland;SN44640;21.04.2024 04:00;2,7
Stavanger - Våland;SN44640;21.04.2024 05:00;2,5
Stavanger - Våland;SN44640;21.04.2024 06:00;3,3
Stavanger - Våland;SN44640;21.04.2024 07:00;4,4
Stavanger - Våland;SN44640;21.04.2024 08:00;6,7
Stavanger - Våland;SN44640;21.04.2024 09:00;7,8
Stavanger - Våland;SN44640;21.04.2024 10:00;9,6
Stavanger - Våland;SN44640;21.04.2024 11:00;9,9
Stavanger - Våland;SN44640;21.04.2024 12:00;9,5
Stavanger - Våland;SN44640;21.04.2024 13:00;9,8
Stavanger - Våland;SN44640;21.04.2024 14:00;9,7
Stavanger - Våland;SN44640;21.04.2024 15:00;9,9
Stavanger - Våland;SN44640;21.04.2024 16:00;9,7
Stavanger - Våland;SN44640;21.04.2024 17:00;9,9
Stavanger - Våland;SN44640;21.04.2024 18:00;9,1
Stavanger - Våland;SN44640;21.04.2024 19:00;7,4
Stavanger - Våland;SN44640;21.04.2024 20:00;5,3
Stavanger - Våland;SN44640;21.04.2024 21:00;3,8
Stavanger - Våland;SN44640;21.04.2024 22:00;2,8
Stavanger - Våland;SN44640;21.04.2024 23:00;3,3
Stavanger - Våland;SN44640;22.04.2024 00:00;2,6
Stavanger - Våland;SN44640;22.04.2024 01:00;2,6
Stavanger - Våland;SN44640;22.04.2024 02:00;2,8
Stavanger - Våland;SN44640;22.04.2024 03:00;1,4
Stavanger - Våland;SN44640;22.04.2024 04:00;1,8
Stavanger - Våland;SN44640;22.04.2024 05:00;2
Stavanger - Våland;SN44640;22.04.2024 06:00;2,9
Stavanger - Våland;SN44640;22.04.2024 07:00;4,3
Stavanger - Våland;SN44640;22.04.2024 08:00;7,3
Stavanger - Våland;SN44640;22.04.2024 09:00;8,8
Stavanger - Våland;SN44640;22.04.2024 10:00;9,2
Stavanger - Våland;SN44640;22.04.2024 11:00;9,5
Stavanger - Våland;SN44640;22.04.2024 12:00;8,6
Stavanger - Våland;SN44640;22.04.2024 13:00;9,1
Stavanger - Våland;SN44640;22.04.2024 14:00;9,2
Stavanger - Våland;SN44640;22.04.2024 15:00;8,1
Stavanger - Våland;SN44640;22.04.2024 16:00;8
Stavanger - Våland;SN44640;22.04.2024 17:00;7,5
Stavanger - Våland;SN44640;22.04.2024 18:00;6,5
Stavanger - Våland;SN44640;22.04.2024 19:00;6,1
Stavanger - Våland;SN44640;22.04.2024 20:00;4,9
Stavanger - Våland;SN44640;22.04.2024 21:00;4,1
Stavanger - Våland;SN44640;22.04.2024 22:00;4,7
Stavanger - Våland;SN44640;22.04.2024 23:00;3,6
Stavanger - Våland;SN44640;23.04.2024 00:00;4,3
Stavanger - Våland;SN44640;23.04.2024 01:00;4,8
Stavanger - Våland;SN44640;23.04.2024 02:00;5
Stavanger - Våland;SN44640;23.04.2024 03:00;5,2
Stavanger - Våland;SN44640;23.04.2024 04:00;4,9
Stavanger - Våland;SN44640;23.04.2024 05:00;4,7
Stavanger - Våland;SN44640;23.04.2024 06:00;4
Stavanger - Våland;SN44640;23.04.2024 07:00;4,5
Stavanger - Våland;SN44640;23.04.2024 08:00;4,5
Stavanger - Våland;SN44640;23.04.2024 09:00;5,6
Stavanger - Våland;SN44640;23.04.2024 10:00;7,6
Stavanger - Våland;SN44640;23.04.2024 11:00;9
Stavanger - Våland;SN44640;23.04.2024 12:00;9,3
Stavanger - Våland;SN44640;23.04.2024 13:00;9,9
Stavanger - Våland;SN44640;23.04.2024 14:00;8,5
Stavanger - Våland;SN44640;23.04.2024 15:00;10,6
Stavanger - Våland;SN44640;23.04.2024 16:00;9,2
Stavanger - Våland;SN44640;23.04.2024 17:00;7,8
Stavanger - Våland;SN44640;23.04.2024 18:00;8,7
Stavanger - Våland;SN44640;23.04.2024 19:00;7,4
Stavanger - Våland;SN44640;23.04.2024 20:00;6,6
Stavanger - Våland;SN44640;23.04.2024 21:00;4,6
Stavanger - Våland;SN44640;23.04.2024 22:00;3,4
Stavanger - Våland;SN44640;23.04.2024 23:00;3,5
Stavanger - Våland;SN44640;24.04.2024 00:00;3,3
Stavanger - Våland;SN44640;24.04.2024 01:00;2,8
Stavanger - Våland;SN44640;24.04.2024 02:00;3,3
Stavanger - Våland;SN44640;24.04.2024 03:00;2,6
Stavanger - Våland;SN44640;24.04.2024 04:00;2,8
Stavanger - Våland;SN44640;24.04.2024 05:00;2,9
Stavanger - Våland;SN44640;24.04.2024 06:00;2,8
Stavanger - Våland;SN44640;24.04.2024 07:00;4,6
Stavanger - Våland;SN44640;24.04.2024 08:00;5
Stavanger - Våland;SN44640;24.04.2024 09:00;7
Stavanger - Våland;SN44640;24.04.2024 10:00;8,5
Stavanger - Våland;SN44640;24.04.2024 11:00;9,1
Stavanger - Våland;SN44640;24.04.2024 12:00;9,2
Stavanger - Våland;SN44640;24.04.2024 13:00;9,3
Stavanger - Våland;SN44640;24.04.2024 14:00;9,6
Stavanger - Våland;SN44640;24.04.2024 15:00;9,7
Stavanger - Våland;SN44640;24.04.2024 16:00;7,7
Stavanger - Våland;SN44640;24.04.2024 17:00;7,9
Stavanger - Våland;SN44640;24.04.2024 18:00;6,8
Stavanger - Våland;SN44640;24.04.2024 19:00;5,3
Stavanger - Våland;SN44640;24.04.2024 20:00;4,3
Stavanger - Våland;SN44640;24.04.2024 21:00;3,4
Stavanger - Våland;SN44640;24.04.2024 22:00;2,6
Stavanger - Våland;SN44640;24.04.2024 23:00;2,4
Stavanger - Våland;SN44640;25.04.2024 00:00;2,9
Stavanger - Våland;SN44640;25.04.2024 01:00;3,2
Stavanger - Våland;SN44640;25.04.2024 02:00;2,6
Stavanger - Våland;SN44640;25.04.2024 03:00;2,1
Stavanger - Våland;SN44640;25.04.2024 04:00;1,9
Stavanger - Våland;SN44640;25.04.2024 05:00;2,1
Stavanger - Våland;SN44640;25.04.2024 06:00;2
Stavanger - Våland;SN44640;25.04.2024 07:00;4,3
Stavanger - Våland;SN44640;25.04.2024 08:00;6
Stavanger - Våland;SN44640;25.04.2024 09:00;6,4
Stavanger - Våland;SN44640;25.04.2024 10:00;6
Stavanger - Våland;SN44640;25.04.2024 11:00;6,9
Stavanger - Våland;SN44640;25.04.2024 12:00;7,2
Stavanger - Våland;SN44640;25.04.2024 13:00;6,9
Stavanger - Våland;SN44640;25.04.2024 14:00;6,5
Stavanger - Våland;SN44640;25.04.2024 15:00;6,9
Stavanger - Våland;SN44640;25.04.2024 16:00;6,5
Stavanger - Våland;SN44640;25.04.2024 17:00;8,3
Stavanger - Våland;SN44640;25.04.2024 18:00;7,4
Stavanger - Våland;SN44640;25.04.2024 19:00;3,9
Stavanger - Våland;SN44640;25.04.2024 20:00;3,7
Stavanger - Våland;SN44640;25.04.2024 21:00;3,3
Stavanger - Våland;SN44640;25.04.2024 22:00;3,2
Stavanger - Våland;SN44640;25.04.2024 23:00;3
Stavanger - Våland;SN44640;26.04.2024 00:00;3,3
Stavanger - Våland;SN44640;26.04.2024 01:00;3,6
Stavanger - Våland;SN44640;26.04.2024 02:00;3,7
Stavanger - Våland;SN44640;26.04.2024 03:00;3
Stavanger - Våland;SN44640;26.04.2024 04:00;3,8
Stavanger - Våland;SN44640;26.04.2024 05:00;3,5
Stavanger - Våland;SN44640;26.04.2024 06:00;4,4
Stavanger - Våland;SN44640;26.04.2024 07:00;5,2
Stavanger - Våland;SN44640;26.04.2024 08:00;6,1
Stavanger - Våland;SN44640;26.04.2024 09:00;8,1
Stavanger - Våland;SN44640;26.04.2024 10:00;10
Stavanger - Våland;SN44640;26.04.2024 11:00;9,9
Stavanger - Våland;SN44640;26.04.2024 12:00;10,7
Stavanger - Våland;SN44640;26.04.2024 13:00;10,1
Stavanger - Våland;SN44640;26.04.2024 14:00;10,2
Stavanger - Våland;SN44640;26.04.2024 15:00;11,2
Stavanger - Våland;SN44640;26.04.2024 16:00;9,3
Stavanger - Våland;SN44640;26.04.2024 17:00;8,3
Stavanger - Våland;SN44640;26.04.2024 18:00;9,6
Stavanger - Våland;SN44640;26.04.2024 19:00;8,1
Stavanger - Våland;SN44640;26.04.2024 20:00;6
Stavanger - Våland;SN44640;26.04.2024 21:00;4,8
Stavanger - Våland;SN44640;26.04.2024 22:00;3,9
Stavanger - Våland;SN44640;26.04.2024 23:00;4
Stavanger - Våland;SN44640;27.04.2024 00:00;3,8
Stavanger - Våland;SN44640;27.04.2024 01:00;3,6
Stavanger - Våland;SN44640;27.04.2024 02:00;3,4
Stavanger - Våland;SN44640;27.04.2024 03:00;3,4
Stavanger - Våland;SN44640;27.04.2024 04:00;3,9
Stavanger - Våland;SN44640;27.04.2024 05:00;4,1
Stavanger - Våland;SN44640;27.04.2024 06:00;5,2
Stavanger - Våland;SN44640;27.04.2024 07:00;6,3
Stavanger - Våland;SN44640;27.04.2024 08:00;7,3
Stavanger - Våland;SN44640;27.04.2024 09:00;9,2
Stavanger - Våland;SN44640;27.04.2024 10:00;9,5
Stavanger - Våland;SN44640;27.04.2024 11:00;10,9
Stavanger - Våland;SN44640;27.04.2024 12:00;11,1
Stavanger - Våland;SN44640;27.04.2024 13:00;10,4
Stavanger - Våland;SN44640;27.04.2024 14:00;9,1
Stavanger - Våland;SN44640;27.04.2024 15:00;9,7
Stavanger - Våland;SN44640;27.04.2024 16:00;8,8
Stavanger - Våland;SN44640;27.04.2024 17:00;8,5
Stavanger - Våland;SN44640;27.04.2024 18:00;8,7
Stavanger - Våland;SN44640;27.04.2024 19:00;7,5
Stavanger - Våland;SN44640;27.04.2024 20:00;6,6
Stavanger - Våland;SN44640;27.04.2024 21:00;5,7
Stavanger - Våland;SN44640;27.04.2024 22:00;5,1
Stavanger - Våland;SN44640;27.04.2024 23:00;5,2
Stavanger - Våland;SN44640;28.04.2024 00:00;4,8
Stavanger - Våland;SN44640;28.04.2024 01:00;5,4
Stavanger - Våland;SN44640;28.04.2024 02:00;6,5
Stavanger - Våland;SN44640;28.04.2024 03:00;5
Stavanger - Våland;SN44640;28.04.2024 04:00;4,7
Stavanger - Våland;SN44640;28.04.2024 05:00;5
Stavanger - Våland;SN44640;28.04.2024 06:00;5,5
Stavanger - Våland;SN44640;28.04.2024 07:00;6,3
Stavanger - Våland;SN44640;28.04.2024 08:00;7,4
Stavanger - Våland;SN44640;28.04.2024 09:00;9
Stavanger - Våland;SN44640;28.04.2024 10:00;9,2
Stavanger - Våland;SN44640;28.04.2024 11:00;8,1
Stavanger - Våland;SN44640;28.04.2024 12:00;7,8
Stavanger - Våland;SN44640;28.04.2024 13:00;9
Stavanger - Våland;SN44640;28.04.2024 14:00;10,5
Stavanger - Våland;SN44640;28.04.2024 15:00;11,6
Stavanger - Våland;SN44640;28.04.2024 16:00;13,1
Stavanger - Våland;SN44640;28.04.2024 17:00;12,6
Stavanger - Våland;SN44640;28.04.2024 18:00;10,8
Stavanger - Våland;SN44640;28.04.2024 19:00;11,9
Stavanger - Våland;SN44640;28.04.2024 20:00;11,7
Stavanger - Våland;SN44640;28.04.2024 21:00;11,1
Stavanger - Våland;SN44640;28.04.2024 22:00;11
Stavanger - Våland;SN44640;28.04.2024 23:00;11,3
Stavanger - Våland;SN44640;29.04.2024 00:00;12,4
Stavanger - Våland;SN44640;29.04.2024 01:00;11
Stavanger - Våland;SN44640;29.04.2024 02:00;8,5
Stavanger - Våland;SN44640;29.04.2024 03:00;7,7
Stavanger - Våland;SN44640;29.04.2024 04:00;6,6
Stavanger - Våland;SN44640;29.04.2024 05:00;6,7
Stavanger - Våland;SN44640;29.04.2024 06:00;6,7
Stavanger - Våland;SN44640;29.04.2024 07:00;7,3
Stavanger - Våland;SN44640;29.04.2024 08:00;8
Stavanger - Våland;SN44640;29.04.2024 09:00;9
Stavanger - Våland;SN44640;29.04.2024 10:00;10,3
Stavanger - Våland;SN44640;29.04.2024 11:00;10,3
Stavanger - Våland;SN44640;29.04.2024 12:00;10,4
Stavanger - Våland;SN44640;29.04.2024 13:00;11,7
Stavanger - Våland;SN44640;29.04.2024 14:00;12,4
Stavanger - Våland;SN44640;29.04.2024 15:00;12,2
Stavanger - Våland;SN44640;29.04.2024 16:00;11,4
Stavanger - Våland;SN44640;29.04.2024 17:00;10,5
Stavanger - Våland;SN44640;29.04.2024 18:00;10,6
Stavanger - Våland;SN44640;29.04.2024 19:00;10,5
Stavanger - Våland;SN44640;29.04.2024 20:00;9,4
Stavanger - Våland;SN44640;29.04.2024 21:00;8,8
Stavanger - Våland;SN44640;29.04.2024 22:00;8,8
Stavanger - Våland;SN44640;29.04.2024 23:00;8,5
Stavanger - Våland;SN44640;30.04.2024 00:00;8,4
Stavanger - Våland;SN44640;30.04.2024 01:00;9
Stavanger - Våland;SN44640;30.04.2024 02:00;9,3
Stavanger - Våland;SN44640;30.04.2024 03:00;9,9
Stavanger - Våland;SN44640;30.04.2024 04:00;10,3
Stavanger - Våland;SN44640;30.04.2024 05:00;10,7
Stavanger - Våland;SN44640;30.04.2024 06:00;11,1
Stavanger - Våland;SN44640;30.04.2024 07:00;13,4
Stavanger - Våland;SN44640;30.04.2024 08:00;14,7
Stavanger - Våland;SN44640;30.04.2024 09:00;14,9
Stavanger - Våland;SN44640;30.04.2024 10:00;12,7
Stavanger - Våland;SN44640;30.04.2024 11:00;17
Stavanger - Våland;SN44640;30.04.2024 12:00;17,5
Stavanger - Våland;SN44640;30.04.2024 13:00;17,9
Stavanger - Våland;SN44640;30.04.2024 14:00;18,6
Stavanger - Våland;SN44640;30.04.2024 15:00;19,2
Stavanger - Våland;SN44640;30.04.2024 16:00;16,1
Stavanger - Våland;SN44640;30.04.2024 17:00;14,3
Stavanger - Våland;SN44640;30.04.2024 18:00;12,5
Stavanger - Våland;SN44640;30.04.2024 19:00;12,3
Stavanger - Våland;SN44640;30.04.2024 20:00;12
Stavanger - Våland;SN44640;30.04.2024 21:00;12,7
Stavanger - Våland;SN44640;30.04.2024 22:00;13,3
Stavanger - Våland;SN44640;30.04.2024 23:00;13,5
Stavanger - Våland;SN44640;01.05.2024 00:00;13,1
Stavanger - Våland;SN44640;01.05.2024 01:00;12,8
Stavanger - Våland;SN44640;01.05.2024 02:00;12
Stavanger - Våland;SN44640;01.05.2024 03:00;12,6
Stavanger - Våland;SN44640;01.05.2024 04:00;13,1
Stavanger - Våland;SN44640;01.05.2024 05:00;13,4
Stavanger - Våland;SN44640;01.05.2024 06:00;12,2
Stavanger - Våland;SN44640;01.05.2024 07:00;14,7
Stavanger - Våland;SN44640;01.05.2024 08:00;17
Stavanger - Våland;SN44640;01.05.2024 09:00;18,2
Stavanger - Våland;SN44640;01.05.2024 10:00;18,8
Stavanger - Våland;SN44640;01.05.2024 11:00;19
Stavanger - Våland;SN44640;01.05.2024 12:00;20,1
Stavanger - Våland;SN44640;01.05.2024 13:00;21,1
Stavanger - Våland;SN44640;01.05.2024 14:00;21,4
Stavanger - Våland;SN44640;01.05.2024 15:00;21,4
Stavanger - Våland;SN44640;01.05.2024 16:00;21,7
Stavanger - Våland;SN44640;01.05.2024 17:00;20,5
Stavanger - Våland;SN44640;01.05.2024 18:00;19,9
Stavanger - Våland;SN44640;01.05.2024 19:00;18,8
Stavanger - Våland;SN44640;01.05.2024 20:00;18,1
Stavanger - Våland;SN44640;01.05.2024 21:00;17,7
Stavanger - Våland;SN44640;01.05.2024 22:00;17,4
Stavanger - Våland;SN44640;01.05.2024 23:00;16,7
Stavanger - Våland;SN44640;02.05.2024 00:00;14,6
Stavanger - Våland;SN44640;02.05.2024 01:00;15,4
Stavanger - Våland;SN44640;02.05.2024 02:00;15,6
Stavanger - Våland;SN44640;02.05.2024 03:00;14,7
Stavanger - Våland;SN44640;02.05.2024 04:00;13,6
Stavanger - Våland;SN44640;02.05.2024 05:00;15
Stavanger - Våland;SN44640;02.05.2024 06:00;14
Stavanger - Våland;SN44640;02.05.2024 07:00;15,6
Stavanger - Våland;SN44640;02.05.2024 08:00;17,1
Stavanger - Våland;SN44640;02.05.2024 09:00;17,9
Stavanger - Våland;SN44640;02.05.2024 10:00;18,7
Stavanger - Våland;SN44640;02.05.2024 11:00;19,3
Stavanger - Våland;SN44640;02.05.2024 12:00;19,3
Stavanger - Våland;SN44640;02.05.2024 13:00;19,6
Stavanger - Våland;SN44640;02.05.2024 14:00;20,6
Stavanger - Våland;SN44640;02.05.2024 15:00;20,4
Stavanger - Våland;SN44640;02.05.2024 16:00;20,6
Stavanger - Våland;SN44640;02.05.2024 17:00;20,5
Stavanger - Våland;SN44640;02.05.2024 18:00;19,8
Stavanger - Våland;SN44640;02.05.2024 19:00;18,9
Stavanger - Våland;SN44640;02.05.2024 20:00;17,9
Stavanger - Våland;SN44640;02.05.2024 21:00;17,4
Stavanger - Våland;SN44640;02.05.2024 22:00;16,5
Stavanger - Våland;SN44640;02.05.2024 23:00;16,1
Stavanger - Våland;SN44640;03.05.2024 00:00;16
Stavanger - Våland;SN44640;03.05.2024 01:00;14,8
Stavanger - Våland;SN44640;03.05.2024 02:00;14,8
Stavanger - Våland;SN44640;03.05.2024 03:00;14,5
Stavanger - Våland;SN44640;03.05.2024 04:00;14,1
Stavanger - Våland;SN44640;03.05.2024 05:00;13,4
Stavanger - Våland;SN44640;03.05.2024 06:00;15
Stavanger - Våland;SN44640;03.05.2024 07:00;15,2
Stavanger - Våland;SN44640;03.05.2024 08:00;18,3
Stavanger - Våland;SN44640;03.05.2024 09:00;19,8
Stavanger - Våland;SN44640;03.05.2024 10:00;20,4
Stavanger - Våland;SN44640;03.05.2024 11:00;21,6
Stavanger - Våland;SN44640;03.05.2024 12:00;21,8
Stavanger - Våland;SN44640;03.05.2024 13:00;21,2
Stavanger - Våland;SN44640;03.05.2024 14:00;22,4
Stavanger - Våland;SN44640;03.05.2024 15:00;21,2
Stavanger - Våland;SN44640;03.05.2024 16:00;21,5
Stavanger - Våland;SN44640;03.05.2024 17:00;20,5
Stavanger - Våland;SN44640;03.05.2024 18:00;19,5
Stavanger - Våland;SN44640;03.05.2024 19:00;19,1
Stavanger - Våland;SN44640;03.05.2024 20:00;17,5
Stavanger - Våland;SN44640;03.05.2024 21:00;16,1
Stavanger - Våland;SN44640;03.05.2024 22:00;16,2
Stavanger - Våland;SN44640;03.05.2024 23:00;15,6
Stavanger - Våland;SN44640;04.05.2024 00:00;16,3
Stavanger - Våland;SN44640;04.05.2024 01:00;15,3
Stavanger - Våland;SN44640;04.05.2024 02:00;15,5
Stavanger - Våland;SN44640;04.05.2024 03:00;15,2
Stavanger - Våland;SN44640;04.05.2024 04:00;15,1
Stavanger - Våland;SN44640;04.05.2024 05:00;15,6
Stavanger - Våland;SN44640;04.05.2024 06:00;11,8
Stavanger - Våland;SN44640;04.05.2024 07:00;12,3
Stavanger - Våland;SN44640;04.05.2024 08:00;13,5
Stavanger - Våland;SN44640;04.05.2024 09:00;16,5
Stavanger - Våland;SN44640;04.05.2024 10:00;16,1
Stavanger - Våland;SN44640;04.05.2024 11:00;15,7
Stavanger - Våland;SN44640;04.05.2024 12:00;16
Stavanger - Våland;SN44640;04.05.2024 13:00;14,8
Stavanger - Våland;SN44640;04.05.2024 14:00;16
Stavanger - Våland;SN44640;04.05.2024 15:00;15,2
Stavanger - Våland;SN44640;04.05.2024 16:00;15,9
Stavanger - Våland;SN44640;04.05.2024 17:00;14,2
Stavanger - Våland;SN44640;04.05.2024 18:00;14,2
Stavanger - Våland;SN44640;04.05.2024 19:00;13,5
Stavanger - Våland;SN44640;04.05.2024 20:00;12,2
Stavanger - Våland;SN44640;04.05.2024 21:00;11,4
Stavanger - Våland;SN44640;04.05.2024 22:00;10,8
Stavanger - Våland;SN44640;04.05.2024 23:00;10,3
Stavanger - Våland;SN44640;05.05.2024 00:00;10,2
Stavanger - Våland;SN44640;05.05.2024 01:00;9,4
Stavanger - Våland;SN44640;05.05.2024 02:00;9,6
Stavanger - Våland;SN44640;05.05.2024 03:00;9,4
Stavanger - Våland;SN44640;05.05.2024 04:00;9
Stavanger - Våland;SN44640;05.05.2024 05:00;8,9
Stavanger - Våland;SN44640;05.05.2024 06:00;8,8
Stavanger - Våland;SN44640;05.05.2024 07:00;8,8
Stavanger - Våland;SN44640;05.05.2024 08:00;10,2
Stavanger - Våland;SN44640;05.05.2024 09:00;10,2
Stavanger - Våland;SN44640;05.05.2024 10:00;9,7
Stavanger - Våland;SN44640;05.05.2024 11:00;10
Stavanger - Våland;SN44640;05.05.2024 12:00;10,3
Stavanger - Våland;SN44640;05.05.2024 13:00;10,6
Stavanger - Våland;SN44640;05.05.2024 14:00;11,8
Stavanger - Våland;SN44640;05.05.2024 15:00;11,8
Stavanger - Våland;SN44640;05.05.2024 16:00;11,2
Stavanger - Våland;SN44640;05.05.2024 17:00;10,5
Stavanger - Våland;SN44640;05.05.2024 18:00;10,2
Stavanger - Våland;SN44640;05.05.2024 19:00;9,9
Stavanger - Våland;SN44640;05.05.2024 20:00;9,8
Stavanger - Våland;SN44640;05.05.2024 21:00;9,8
Stavanger - Våland;SN44640;05.05.2024 22:00;9,6
Stavanger - Våland;SN44640;05.05.2024 23:00;9,7
Stavanger - Våland;SN44640;06.05.2024 00:00;9,5
Stavanger - Våland;SN44640;06.05.2024 01:00;9,5
Stavanger - Våland;SN44640;06.05.2024 02:00;9,3
Stavanger - Våland;SN44640;06.05.2024 03:00;9,3
Stavanger - Våland;SN44640;06.05.2024 04:00;8,7
Stavanger - Våland;SN44640;06.05.2024 05:00;8,9
Stavanger - Våland;SN44640;06.05.2024 06:00;10,2
Stavanger - Våland;SN44640;06.05.2024 07:00;9,8
Stavanger - Våland;SN44640;06.05.2024 08:00;10,3
Stavanger - Våland;SN44640;06.05.2024 09:00;10,6
Stavanger - Våland;SN44640;06.05.2024 10:00;10,9
Stavanger - Våland;SN44640;06.05.2024 11:00;12,1
Stavanger - Våland;SN44640;06.05.2024 12:00;12,3
Stavanger - Våland;SN44640;06.05.2024 13:00;12,5
Stavanger - Våland;SN44640;06.05.2024 14:00;11,9
Stavanger - Våland;SN44640;06.05.2024 15:00;11,7
Stavanger - Våland;SN44640;06.05.2024 16:00;11,4
Stavanger - Våland;SN44640;06.05.2024 17:00;11
Stavanger - Våland;SN44640;06.05.2024 18:00;11,1
Stavanger - Våland;SN44640;06.05.2024 19:00;10,6
Stavanger - Våland;SN44640;06.05.2024 20:00;10,1
Stavanger - Våland;SN44640;06.05.2024 21:00;9,6
Stavanger - Våland;SN44640;06.05.2024 22:00;9,4
Stavanger - Våland;SN44640;06.05.2024 23:00;9,4
Stavanger - Våland;SN44640;07.05.2024 00:00;9,5
Stavanger - Våland;SN44640;07.05.2024 01:00;9,6
Stavanger - Våland;SN44640;07.05.2024 02:00;9,5
Stavanger - Våland;SN44640;07.05.2024 03:00;8,9
Stavanger - Våland;SN44640;07.05.2024 04:00;8,6
Stavanger - Våland;SN44640;07.05.2024 05:00;8,8
Stavanger - Våland;SN44640;07.05.2024 06:00;9,6
Stavanger - Våland;SN44640;07.05.2024 07:00;9,9
Stavanger - Våland;SN44640;07.05.2024 08:00;11,7
Stavanger - Våland;SN44640;07.05.2024 09:00;12,4
Stavanger - Våland;SN44640;07.05.2024 10:00;14,2
Stavanger - Våland;SN44640;07.05.2024 11:00;14,1
Stavanger - Våland;SN44640;07.05.2024 12:00;13,6
Stavanger - Våland;SN44640;07.05.2024 13:00;12,8
Stavanger - Våland;SN44640;07.05.2024 14:00;13
Stavanger - Våland;SN44640;07.05.2024 15:00;12,5
Stavanger - Våland;SN44640;07.05.2024 16:00;12,5
Stavanger - Våland;SN44640;07.05.2024 17:00;11,8
Stavanger - Våland;SN44640;07.05.2024 18:00;11,6
Stavanger - Våland;SN44640;07.05.2024 19:00;10,6
Stavanger - Våland;SN44640;07.05.2024 20:00;10,2
Stavanger - Våland;SN44640;07.05.2024 21:00;9,8
Stavanger - Våland;SN44640;07.05.2024 22:00;9,8
Stavanger - Våland;SN44640;07.05.2024 23:00;9,5
Stavanger - Våland;SN44640;08.05.2024 00:00;9,4
Stavanger - Våland;SN44640;08.05.2024 01:00;9,4
Stavanger - Våland;SN44640;08.05.2024 02:00;9,4
Stavanger - Våland;SN44640;08.05.2024 03:00;9,2
Stavanger - Våland;SN44640;08.05.2024 04:00;9
Stavanger - Våland;SN44640;08.05.2024 05:00;8,8
Stavanger - Våland;SN44640;08.05.2024 06:00;8,8
Stavanger - Våland;SN44640;08.05.2024 07:00;8,7
Stavanger - Våland;SN44640;08.05.2024 08:00;9
Stavanger - Våland;SN44640;08.05.2024 09:00;9,3
Stavanger - Våland;SN44640;08.05.2024 10:00;9,7
Stavanger - Våland;SN44640;08.05.2024 11:00;10
Stavanger - Våland;SN44640;08.05.2024 12:00;9,9
Stavanger - Våland;SN44640;08.05.2024 13:00;10,4
Stavanger - Våland;SN44640;08.05.2024 14:00;10,3
Stavanger - Våland;SN44640;08.05.2024 15:00;10,9
Stavanger - Våland;SN44640;08.05.2024 16:00;10,5
Stavanger - Våland;SN44640;08.05.2024 17:00;10,1
Stavanger - Våland;SN44640;08.05.2024 18:00;9,9
Stavanger - Våland;SN44640;08.05.2024 19:00;9,4
Stavanger - Våland;SN44640;08.05.2024 20:00;8,4
Stavanger - Våland;SN44640;08.05.2024 21:00;7,6
Stavanger - Våland;SN44640;08.05.2024 22:00;7,8
Stavanger - Våland;SN44640;08.05.2024 23:00;7,8
Stavanger - Våland;SN44640;09.05.2024 00:00;8,1
Stavanger - Våland;SN44640;09.05.2024 01:00;8,2
Stavanger - Våland;SN44640;09.05.2024 02:00;8,5
Stavanger - Våland;SN44640;09.05.2024 03:00;8,7
Stavanger - Våland;SN44640;09.05.2024 04:00;8,8
Stavanger - Våland;SN44640;09.05.2024 05:00;8,7
Stavanger - Våland;SN44640;09.05.2024 06:00;8,9
Stavanger - Våland;SN44640;09.05.2024 07:00;9
Stavanger - Våland;SN44640;09.05.2024 08:00;9,4
Stavanger - Våland;SN44640;09.05.2024 09:00;9,8
Stavanger - Våland;SN44640;09.05.2024 10:00;9,9
Stavanger - Våland;SN44640;09.05.2024 11:00;10,2
Stavanger - Våland;SN44640;09.05.2024 12:00;10,3
Stavanger - Våland;SN44640;09.05.2024 13:00;10,5
Stavanger - Våland;SN44640;09.05.2024 14:00;10,4
Stavanger - Våland;SN44640;09.05.2024 15:00;10,2
Stavanger - Våland;SN44640;09.05.2024 16:00;10,2
Stavanger - Våland;SN44640;09.05.2024 17:00;10
Stavanger - Våland;SN44640;09.05.2024 18:00;10
Stavanger - Våland;SN44640;09.05.2024 19:00;10
Stavanger - Våland;SN44640;09.05.2024 20:00;9,8
Stavanger - Våland;SN44640;09.05.2024 21:00;9,5
Stavanger - Våland;SN44640;09.05.2024 22:00;8,8
Stavanger - Våland;SN44640;09.05.2024 23:00;8,6
Stavanger - Våland;SN44640;10.05.2024 00:00;8,5
Stavanger - Våland;SN44640;10.05.2024 01:00;8
Stavanger - Våland;SN44640;10.05.2024 02:00;6,6
Stavanger - Våland;SN44640;10.05.2024 03:00;6,1
Stavanger - Våland;SN44640;10.05.2024 04:00;6
Stavanger - Våland;SN44640;10.05.2024 05:00;5,8
Stavanger - Våland;SN44640;10.05.2024 06:00;6,7
Stavanger - Våland;SN44640;10.05.2024 07:00;7,2
Stavanger - Våland;SN44640;10.05.2024 08:00;7,6
Stavanger - Våland;SN44640;10.05.2024 09:00;8,5
Stavanger - Våland;SN44640;10.05.2024 10:00;9,2
Stavanger - Våland;SN44640;10.05.2024 11:00;10,3
Stavanger - Våland;SN44640;10.05.2024 12:00;10,5
Stavanger - Våland;SN44640;10.05.2024 13:00;10
Stavanger - Våland;SN44640;10.05.2024 14:00;11,5
Stavanger - Våland;SN44640;10.05.2024 15:00;11,6
Stavanger - Våland;SN44640;10.05.2024 16:00;11,2
Stavanger - Våland;SN44640;10.05.2024 17:00;11,2
Stavanger - Våland;SN44640;10.05.2024 18:00;11,5
Stavanger - Våland;SN44640;10.05.2024 19:00;11,5
Stavanger - Våland;SN44640;10.05.2024 20:00;10,1
Stavanger - Våland;SN44640;10.05.2024 21:00;8,6
Stavanger - Våland;SN44640;10.05.2024 22:00;8,2
Stavanger - Våland;SN44640;10.05.2024 23:00;8
Stavanger - Våland;SN44640;11.05.2024 00:00;8,3
Stavanger - Våland;SN44640;11.05.2024 01:00;8,4
Stavanger - Våland;SN44640;11.05.2024 02:00;8,4
Stavanger - Våland;SN44640;11.05.2024 03:00;8,8
Stavanger - Våland;SN44640;11.05.2024 04:00;9,2
Stavanger - Våland;SN44640;11.05.2024 05:00;9,5
Stavanger - Våland;SN44640;11.05.2024 06:00;9,9
Stavanger - Våland;SN44640;11.05.2024 07:00;11,1
Stavanger - Våland;SN44640;11.05.2024 08:00;13,1
Stavanger - Våland;SN44640;11.05.2024 09:00;14,7
Stavanger - Våland;SN44640;11.05.2024 10:00;15,8
Stavanger - Våland;SN44640;11.05.2024 11:00;16,2
Stavanger - Våland;SN44640;11.05.2024 12:00;15,5
Stavanger - Våland;SN44640;11.05.2024 13:00;17,6
Stavanger - Våland;SN44640;11.05.2024 14:00;18,3
Stavanger - Våland;SN44640;11.05.2024 15:00;19,1
Stavanger - Våland;SN44640;11.05.2024 16:00;17,7
Stavanger - Våland;SN44640;11.05.2024 17:00;17,5
Stavanger - Våland;SN44640;11.05.2024 18:00;17,1
Stavanger - Våland;SN44640;11.05.2024 19:00;15,6
Stavanger - Våland;SN44640;11.05.2024 20:00;13,8
Stavanger - Våland;SN44640;11.05.2024 21:00;12,3
Stavanger - Våland;SN44640;11.05.2024 22:00;11,6
Stavanger - Våland;SN44640;11.05.2024 23:00;10,6
Stavanger - Våland;SN44640;12.05.2024 00:00;10,2
Stavanger - Våland;SN44640;12.05.2024 01:00;9,6
Stavanger - Våland;SN44640;12.05.2024 02:00;9,5
Stavanger - Våland;SN44640;12.05.2024 03:00;9,8
Stavanger - Våland;SN44640;12.05.2024 04:00;9
Stavanger - Våland;SN44640;12.05.2024 05:00;10,1
Stavanger - Våland;SN44640;12.05.2024 06:00;11
Stavanger - Våland;SN44640;12.05.2024 07:00;12,1
Stavanger - Våland;SN44640;12.05.2024 08:00;13,5
Stavanger - Våland;SN44640;12.05.2024 09:00;15,8
Stavanger - Våland;SN44640;12.05.2024 10:00;16,3
Stavanger - Våland;SN44640;12.05.2024 11:00;17,3
Stavanger - Våland;SN44640;12.05.2024 12:00;18,4
Stavanger - Våland;SN44640;12.05.2024 13:00;18,9
Stavanger - Våland;SN44640;12.05.2024 14:00;18,2
Stavanger - Våland;SN44640;12.05.2024 15:00;19,4
Stavanger - Våland;SN44640;12.05.2024 16:00;19,4
Stavanger - Våland;SN44640;12.05.2024 17:00;19,2
Stavanger - Våland;SN44640;12.05.2024 18:00;18,8
Stavanger - Våland;SN44640;12.05.2024 19:00;17,1
Stavanger - Våland;SN44640;12.05.2024 20:00;15,7
Stavanger - Våland;SN44640;12.05.2024 21:00;13,7
Stavanger - Våland;SN44640;12.05.2024 22:00;12,2
Stavanger - Våland;SN44640;12.05.2024 23:00;12,1
Stavanger - Våland;SN44640;13.05.2024 00:00;11,9
Stavanger - Våland;SN44640;13.05.2024 01:00;12,1
Stavanger - Våland;SN44640;13.05.2024 02:00;11,8
Stavanger - Våland;SN44640;13.05.2024 03:00;11,6
Stavanger - Våland;SN44640;13.05.2024 04:00;11,5
Stavanger - Våland;SN44640;13.05.2024 05:00;11,9
Stavanger - Våland;SN44640;13.05.2024 06:00;13,9
Stavanger - Våland;SN44640;13.05.2024 07:00;15,9
Stavanger - Våland;SN44640;13.05.2024 08:00;17,6
Stavanger - Våland;SN44640;13.05.2024 09:00;18,5
Stavanger - Våland;SN44640;13.05.2024 10:00;19,3
Stavanger - Våland;SN44640;13.05.2024 11:00;20,1
Stavanger - Våland;SN44640;13.05.2024 12:00;21
Stavanger - Våland;SN44640;13.05.2024 13:00;21,6
Stavanger - Våland;SN44640;13.05.2024 14:00;22,1
Stavanger - Våland;SN44640;13.05.2024 15:00;21,3
Stavanger - Våland;SN44640;13.05.2024 16:00;21,6
Stavanger - Våland;SN44640;13.05.2024 17:00;21,2
Stavanger - Våland;SN44640;13.05.2024 18:00;20
Stavanger - Våland;SN44640;13.05.2024 19:00;19,5
Stavanger - Våland;SN44640;13.05.2024 20:00;17,8
Stavanger - Våland;SN44640;13.05.2024 21:00;16,3
Stavanger - Våland;SN44640;13.05.2024 22:00;16,1
Stavanger - Våland;SN44640;13.05.2024 23:00;14,8
Stavanger - Våland;SN44640;14.05.2024 00:00;15,2
Stavanger - Våland;SN44640;14.05.2024 01:00;15,2
Stavanger - Våland;SN44640;14.05.2024 02:00;14,9
Stavanger - Våland;SN44640;14.05.2024 03:00;15
Stavanger - Våland;SN44640;14.05.2024 04:00;14,2
Stavanger - Våland;SN44640;14.05.2024 05:00;14,2
Stavanger - Våland;SN44640;14.05.2024 06:00;15,2
Stavanger - Våland;SN44640;14.05.2024 07:00;15,7
Stavanger - Våland;SN44640;14.05.2024 08:00;17,9
Stavanger - Våland;SN44640;14.05.2024 09:00;19,6
Stavanger - Våland;SN44640;14.05.2024 10:00;20,8
Stavanger - Våland;SN44640;14.05.2024 11:00;22,6
Stavanger - Våland;SN44640;14.05.2024 12:00;23,1
Stavanger - Våland;SN44640;14.05.2024 13:00;23,8
Stavanger - Våland;SN44640;14.05.2024 14:00;24,2
Stavanger - Våland;SN44640;14.05.2024 15:00;24,2
Stavanger - Våland;SN44640;14.05.2024 16:00;24,3
Stavanger - Våland;SN44640;14.05.2024 17:00;24
Stavanger - Våland;SN44640;14.05.2024 18:00;23,4
Stavanger - Våland;SN44640;14.05.2024 19:00;21,7
Stavanger - Våland;SN44640;14.05.2024 20:00;20,2
Stavanger - Våland;SN44640;14.05.2024 21:00;17,2
Stavanger - Våland;SN44640;14.05.2024 22:00;16,7
Stavanger - Våland;SN44640;14.05.2024 23:00;15,6
Stavanger - Våland;SN44640;15.05.2024 00:00;15,4
Stavanger - Våland;SN44640;15.05.2024 01:00;14,9
Stavanger - Våland;SN44640;15.05.2024 02:00;14,5
Stavanger - Våland;SN44640;15.05.2024 03:00;14,6
Stavanger - Våland;SN44640;15.05.2024 04:00;14,3
Stavanger - Våland;SN44640;15.05.2024 05:00;14,4
Stavanger - Våland;SN44640;15.05.2024 06:00;16,3
Stavanger - Våland;SN44640;15.05.2024 07:00;17,4
Stavanger - Våland;SN44640;15.05.2024 08:00;18,8
Stavanger - Våland;SN44640;15.05.2024 09:00;20,1
Stavanger - Våland;SN44640;15.05.2024 10:00;21,8
Stavanger - Våland;SN44640;15.05.2024 11:00;23,3
Stavanger - Våland;SN44640;15.05.2024 12:00;24,3
Stavanger - Våland;SN44640;15.05.2024 13:00;24,8
Stavanger - Våland;SN44640;15.05.2024 14:00;25,3
Stavanger - Våland;SN44640;15.05.2024 15:00;25,7
Stavanger - Våland;SN44640;15.05.2024 16:00;25,7
Stavanger - Våland;SN44640;15.05.2024 17:00;25,3
Stavanger - Våland;SN44640;15.05.2024 18:00;24
Stavanger - Våland;SN44640;15.05.2024 19:00;22,5
Stavanger - Våland;SN44640;15.05.2024 20:00;21,2
Stavanger - Våland;SN44640;15.05.2024 21:00;19,1
Stavanger - Våland;SN44640;15.05.2024 22:00;18,5
Stavanger - Våland;SN44640;15.05.2024 23:00;17,1
Stavanger - Våland;SN44640;16.05.2024 00:00;16,3
Stavanger - Våland;SN44640;16.05.2024 01:00;16,2
Stavanger - Våland;SN44640;16.05.2024 02:00;15,5
Stavanger - Våland;SN44640;16.05.2024 03:00;15,4
Stavanger - Våland;SN44640;16.05.2024 04:00;14
Stavanger - Våland;SN44640;16.05.2024 05:00;14,3
Stavanger - Våland;SN44640;16.05.2024 06:00;15,1
Stavanger - Våland;SN44640;16.05.2024 07:00;16,5
Stavanger - Våland;SN44640;16.05.2024 08:00;18,2
Stavanger - Våland;SN44640;16.05.2024 09:00;19,6
Stavanger - Våland;SN44640;16.05.2024 10:00;21,1
Stavanger - Våland;SN44640;16.05.2024 11:00;22,9
Stavanger - Våland;SN44640;16.05.2024 12:00;23
Stavanger - Våland;SN44640;16.05.2024 13:00;23,5
Stavanger - Våland;SN44640;16.05.2024 14:00;23,7
Stavanger - Våland;SN44640;16.05.2024 15:00;23,6
Stavanger - Våland;SN44640;16.05.2024 16:00;23,3
Stavanger - Våland;SN44640;16.05.2024 17:00;22,4
Stavanger - Våland;SN44640;16.05.2024 18:00;21,4
Stavanger - Våland;SN44640;16.05.2024 19:00;20,3
Stavanger - Våland;SN44640;16.05.2024 20:00;18,5
Stavanger - Våland;SN44640;16.05.2024 21:00;17,3
Stavanger - Våland;SN44640;16.05.2024 22:00;16,8
Stavanger - Våland;SN44640;16.05.2024 23:00;15,3
Stavanger - Våland;SN44640;17.05.2024 00:00;15,4
Stavanger - Våland;SN44640;17.05.2024 01:00;14,6
Stavanger - Våland;SN44640;17.05.2024 02:00;13,8
Stavanger - Våland;SN44640;17.05.2024 03:00;14,1
Stavanger - Våland;SN44640;17.05.2024 04:00;12,8
Stavanger - Våland;SN44640;17.05.2024 05:00;12,3
Stavanger - Våland;SN44640;17.05.2024 06:00;14,6
Stavanger - Våland;SN44640;17.05.2024 07:00;17,4
Stavanger - Våland;SN44640;17.05.2024 08:00;18,5
Stavanger - Våland;SN44640;17.05.2024 09:00;19,8
Stavanger - Våland;SN44640;17.05.2024 10:00;20,5
Stavanger - Våland;SN44640;17.05.2024 11:00;21,4
Stavanger - Våland;SN44640;17.05.2024 12:00;22,7
Stavanger - Våland;SN44640;17.05.2024 13:00;23,9
Stavanger - Våland;SN44640;17.05.2024 14:00;24,7
Stavanger - Våland;SN44640;17.05.2024 15:00;23,7
Stavanger - Våland;SN44640;17.05.2024 16:00;23,5
Stavanger - Våland;SN44640;17.05.2024 17:00;18,7
Stavanger - Våland;SN44640;17.05.2024 18:00;19,2
Stavanger - Våland;SN44640;17.05.2024 19:00;17,9
Stavanger - Våland;SN44640;17.05.2024 20:00;15,7
Stavanger - Våland;SN44640;17.05.2024 21:00;14,8
Stavanger - Våland;SN44640;17.05.2024 22:00;13,7
Stavanger - Våland;SN44640;17.05.2024 23:00;14,8
Stavanger - Våland;SN44640;18.05.2024 00:00;14,5
Stavanger - Våland;SN44640;18.05.2024 01:00;14,1
Stavanger - Våland;SN44640;18.05.2024 02:00;13,1
Stavanger - Våland;SN44640;18.05.2024 03:00;13,8
Stavanger - Våland;SN44640;18.05.2024 04:00;13,5
Stavanger - Våland;SN44640;18.05.2024 05:00;13,9
Stavanger - Våland;SN44640;18.05.2024 06:00;13,8
Stavanger - Våland;SN44640;18.05.2024 07:00;16,7
Stavanger - Våland;SN44640;18.05.2024 08:00;17,9
Stavanger - Våland;SN44640;18.05.2024 09:00;19,3
Stavanger - Våland;SN44640;18.05.2024 10:00;21
Stavanger - Våland;SN44640;18.05.2024 11:00;20,3
Stavanger - Våland;SN44640;18.05.2024 12:00;19,6
Stavanger - Våland;SN44640;18.05.2024 13:00;19,7
Stavanger - Våland;SN44640;18.05.2024 14:00;19,6
Stavanger - Våland;SN44640;18.05.2024 15:00;18,9
Stavanger - Våland;SN44640;18.05.2024 16:00;18,8
Stavanger - Våland;SN44640;18.05.2024 17:00;18,4
Stavanger - Våland;SN44640;18.05.2024 18:00;18,6
Stavanger - Våland;SN44640;18.05.2024 19:00;17,4
Stavanger - Våland;SN44640;18.05.2024 20:00;14,7
Stavanger - Våland;SN44640;18.05.2024 21:00;13,1
Stavanger - Våland;SN44640;18.05.2024 22:00;11,9
Stavanger - Våland;SN44640;18.05.2024 23:00;11,4
Stavanger - Våland;SN44640;19.05.2024 00:00;11,4
Stavanger - Våland;SN44640;19.05.2024 01:00;10,8
Stavanger - Våland;SN44640;19.05.2024 02:00;10,3
Stavanger - Våland;SN44640;19.05.2024 03:00;10,1
Stavanger - Våland;SN44640;19.05.2024 04:00;10,1
Stavanger - Våland;SN44640;19.05.2024 05:00;10,8
Stavanger - Våland;SN44640;19.05.2024 06:00;11,3
Stavanger - Våland;SN44640;19.05.2024 07:00;11,8
Stavanger - Våland;SN44640;19.05.2024 08:00;13,4
Stavanger - Våland;SN44640;19.05.2024 09:00;14,1
Stavanger - Våland;SN44640;19.05.2024 10:00;16,1
Stavanger - Våland;SN44640;19.05.2024 11:00;17,4
Stavanger - Våland;SN44640;19.05.2024 12:00;17,5
Stavanger - Våland;SN44640;19.05.2024 13:00;18,1
Stavanger - Våland;SN44640;19.05.2024 14:00;18,7
Stavanger - Våland;SN44640;19.05.2024 15:00;18,3
Stavanger - Våland;SN44640;19.05.2024 16:00;17,7
Stavanger - Våland;SN44640;19.05.2024 17:00;17,1
Stavanger - Våland;SN44640;19.05.2024 18:00;16,2
Stavanger - Våland;SN44640;19.05.2024 19:00;15,4
Stavanger - Våland;SN44640;19.05.2024 20:00;13,7
Stavanger - Våland;SN44640;19.05.2024 21:00;12,8
Stavanger - Våland;SN44640;19.05.2024 22:00;12,3
Stavanger - Våland;SN44640;19.05.2024 23:00;11,7
Stavanger - Våland;SN44640;20.05.2024 00:00;11
Stavanger - Våland;SN44640;20.05.2024 01:00;10,4
Stavanger - Våland;SN44640;20.05.2024 02:00;9,8
Stavanger - Våland;SN44640;20.05.2024 03:00;9,7
Stavanger - Våland;SN44640;20.05.2024 04:00;10,2
Stavanger - Våland;SN44640;20.05.2024 05:00;10,4
Stavanger - Våland;SN44640;20.05.2024 06:00;12,5
Stavanger - Våland;SN44640;20.05.2024 07:00;15,2
Stavanger - Våland;SN44640;20.05.2024 08:00;16,7
Stavanger - Våland;SN44640;20.05.2024 09:00;18,3
Stavanger - Våland;SN44640;20.05.2024 10:00;20,3
Stavanger - Våland;SN44640;20.05.2024 11:00;21,6
Stavanger - Våland;SN44640;20.05.2024 12:00;21,4
Stavanger - Våland;SN44640;20.05.2024 13:00;20,8
Stavanger - Våland;SN44640;20.05.2024 14:00;20,5
Stavanger - Våland;SN44640;20.05.2024 15:00;20,7
Stavanger - Våland;SN44640;20.05.2024 16:00;20,2
Stavanger - Våland;SN44640;20.05.2024 17:00;19,9
Stavanger - Våland;SN44640;20.05.2024 18:00;20,1
Stavanger - Våland;SN44640;20.05.2024 19:00;18,7
Stavanger - Våland;SN44640;20.05.2024 20:00;15,6
Stavanger - Våland;SN44640;20.05.2024 21:00;13,4
Stavanger - Våland;SN44640;20.05.2024 22:00;13,3
Stavanger - Våland;SN44640;20.05.2024 23:00;13,6
Stavanger - Våland;SN44640;21.05.2024 00:00;13
Stavanger - Våland;SN44640;21.05.2024 01:00;13,3
Stavanger - Våland;SN44640;21.05.2024 02:00;12,8
Stavanger - Våland;SN44640;21.05.2024 03:00;13,8
Stavanger - Våland;SN44640;21.05.2024 04:00;13,1
Stavanger - Våland;SN44640;21.05.2024 05:00;14
Stavanger - Våland;SN44640;21.05.2024 06:00;16,7
Stavanger - Våland;SN44640;21.05.2024 07:00;16,4
Stavanger - Våland;SN44640;21.05.2024 08:00;18,6
Stavanger - Våland;SN44640;21.05.2024 09:00;21,2
Stavanger - Våland;SN44640;21.05.2024 10:00;23
Stavanger - Våland;SN44640;21.05.2024 11:00;24,8
Stavanger - Våland;SN44640;21.05.2024 12:00;22,5
Stavanger - Våland;SN44640;21.05.2024 13:00;22,5
Stavanger - Våland;SN44640;21.05.2024 14:00;20,7
Stavanger - Våland;SN44640;21.05.2024 15:00;19,6
Stavanger - Våland;SN44640;21.05.2024 16:00;18,4
Stavanger - Våland;SN44640;21.05.2024 17:00;19,1
Stavanger - Våland;SN44640;21.05.2024 18:00;19,3
Stavanger - Våland;SN44640;21.05.2024 19:00;18,2
Stavanger - Våland;SN44640;21.05.2024 20:00;17,2
Stavanger - Våland;SN44640;21.05.2024 21:00;15,4
Stavanger - Våland;SN44640;21.05.2024 22:00;14,5
Stavanger - Våland;SN44640;21.05.2024 23:00;15,9
Stavanger - Våland;SN44640;22.05.2024 00:00;14,8
Stavanger - Våland;SN44640;22.05.2024 01:00;15,3
Stavanger - Våland;SN44640;22.05.2024 02:00;14,8
Stavanger - Våland;SN44640;22.05.2024 03:00;15,2
Stavanger - Våland;SN44640;22.05.2024 04:00;15,6
Stavanger - Våland;SN44640;22.05.2024 05:00;15,2
Stavanger - Våland;SN44640;22.05.2024 06:00;15,6
Stavanger - Våland;SN44640;22.05.2024 07:00;18,5
Stavanger - Våland;SN44640;22.05.2024 08:00;19,6
Stavanger - Våland;SN44640;22.05.2024 09:00;20,6
Stavanger - Våland;SN44640;22.05.2024 10:00;21,2
Stavanger - Våland;SN44640;22.05.2024 11:00;22,1
Stavanger - Våland;SN44640;22.05.2024 12:00;23
Stavanger - Våland;SN44640;22.05.2024 13:00;23,8
Stavanger - Våland;SN44640;22.05.2024 14:00;22,9
Stavanger - Våland;SN44640;22.05.2024 15:00;23,8
Stavanger - Våland;SN44640;22.05.2024 16:00;24,5
Stavanger - Våland;SN44640;22.05.2024 17:00;24
Stavanger - Våland;SN44640;22.05.2024 18:00;23,3
Stavanger - Våland;SN44640;22.05.2024 19:00;22,5
Stavanger - Våland;SN44640;22.05.2024 20:00;21,5
Stavanger - Våland;SN44640;22.05.2024 21:00;20,7
Stavanger - Våland;SN44640;22.05.2024 22:00;20
Stavanger - Våland;SN44640;22.05.2024 23:00;19,9
Stavanger - Våland;SN44640;23.05.2024 00:00;19,2
Stavanger - Våland;SN44640;23.05.2024 01:00;18,7
Stavanger - Våland;SN44640;23.05.2024 02:00;18,9
Stavanger - Våland;SN44640;23.05.2024 03:00;19
Stavanger - Våland;SN44640;23.05.2024 04:00;18,5
Stavanger - Våland;SN44640;23.05.2024 05:00;17,9
Stavanger - Våland;SN44640;23.05.2024 06:00;18,5
Stavanger - Våland;SN44640;23.05.2024 07:00;19,2
Stavanger - Våland;SN44640;23.05.2024 08:00;20,9
Stavanger - Våland;SN44640;23.05.2024 09:00;21,5
Stavanger - Våland;SN44640;23.05.2024 10:00;23,5
Stavanger - Våland;SN44640;23.05.2024 11:00;24,4
Stavanger - Våland;SN44640;23.05.2024 12:00;19,3
Stavanger - Våland;SN44640;23.05.2024 13:00;18,3
Stavanger - Våland;SN44640;23.05.2024 14:00;18,1
Stavanger - Våland;SN44640;23.05.2024 15:00;17,8
Stavanger - Våland;SN44640;23.05.2024 16:00;15,5
Stavanger - Våland;SN44640;23.05.2024 17:00;14,8
Stavanger - Våland;SN44640;23.05.2024 18:00;15
Stavanger - Våland;SN44640;23.05.2024 19:00;14,9
Stavanger - Våland;SN44640;23.05.2024 20:00;14,8
Stavanger - Våland;SN44640;23.05.2024 21:00;14,5
Stavanger - Våland;SN44640;23.05.2024 22:00;14,3
Stavanger - Våland;SN44640;23.05.2024 23:00;14,2
Stavanger - Våland;SN44640;24.05.2024 00:00;14,1
Stavanger - Våland;SN44640;24.05.2024 01:00;14,4
Stavanger - Våland;SN44640;24.05.2024 02:00;13,6
Stavanger - Våland;SN44640;24.05.2024 03:00;12,7
Stavanger - Våland;SN44640;24.05.2024 04:00;12,6
Stavanger - Våland;SN44640;24.05.2024 05:00;12,4
Stavanger - Våland;SN44640;24.05.2024 06:00;12,4
Stavanger - Våland;SN44640;24.05.2024 07:00;12,3
Stavanger - Våland;SN44640;24.05.2024 08:00;12,9
Stavanger - Våland;SN44640;24.05.2024 09:00;13,8
Stavanger - Våland;SN44640;24.05.2024 10:00;14,8
Stavanger - Våland;SN44640;24.05.2024 11:00;14,5
Stavanger - Våland;SN44640;24.05.2024 12:00;15,1
Stavanger - Våland;SN44640;24.05.2024 13:00;15,6
Stavanger - Våland;SN44640;24.05.2024 14:00;16,1
Stavanger - Våland;SN44640;24.05.2024 15:00;16,2
Stavanger - Våland;SN44640;24.05.2024 16:00;16,1
Stavanger - Våland;SN44640;24.05.2024 17:00;15,9
Stavanger - Våland;SN44640;24.05.2024 18:00;15,4
Stavanger - Våland;SN44640;24.05.2024 19:00;15,4
Stavanger - Våland;SN44640;24.05.2024 20:00;14,7
Stavanger - Våland;SN44640;24.05.2024 21:00;14,1
Stavanger - Våland;SN44640;24.05.2024 22:00;12,8
Stavanger - Våland;SN44640;24.05.2024 23:00;12,3
Stavanger - Våland;SN44640;25.05.2024 00:00;12,1
Stavanger - Våland;SN44640;25.05.2024 01:00;11,5
Stavanger - Våland;SN44640;25.05.2024 02:00;11,6
Stavanger - Våland;SN44640;25.05.2024 03:00;11,5
Stavanger - Våland;SN44640;25.05.2024 04:00;11,9
Stavanger - Våland;SN44640;25.05.2024 05:00;13
Stavanger - Våland;SN44640;25.05.2024 06:00;13,5
Stavanger - Våland;SN44640;25.05.2024 07:00;14,1
Stavanger - Våland;SN44640;25.05.2024 08:00;15
Stavanger - Våland;SN44640;25.05.2024 09:00;17,4
Stavanger - Våland;SN44640;25.05.2024 10:00;16,9
Stavanger - Våland;SN44640;25.05.2024 11:00;17,9
Stavanger - Våland;SN44640;25.05.2024 12:00;19
Stavanger - Våland;SN44640;25.05.2024 13:00;19,5
Stavanger - Våland;SN44640;25.05.2024 14:00;19,8
Stavanger - Våland;SN44640;25.05.2024 15:00;17,9
Stavanger - Våland;SN44640;25.05.2024 16:00;19,8
Stavanger - Våland;SN44640;25.05.2024 17:00;18,2
Stavanger - Våland;SN44640;25.05.2024 18:00;17,5
Stavanger - Våland;SN44640;25.05.2024 19:00;16,2
Stavanger - Våland;SN44640;25.05.2024 20:00;15,5
Stavanger - Våland;SN44640;25.05.2024 21:00;15,3
Stavanger - Våland;SN44640;25.05.2024 22:00;14,6
Stavanger - Våland;SN44640;25.05.2024 23:00;14,1
Stavanger - Våland;SN44640;26.05.2024 00:00;13,6
Stavanger - Våland;SN44640;26.05.2024 01:00;13,7
Stavanger - Våland;SN44640;26.05.2024 02:00;14
Stavanger - Våland;SN44640;26.05.2024 03:00;13,7
Stavanger - Våland;SN44640;26.05.2024 04:00;14
Stavanger - Våland;SN44640;26.05.2024 05:00;14,2
Stavanger - Våland;SN44640;26.05.2024 06:00;14,4
Stavanger - Våland;SN44640;26.05.2024 07:00;15,3
Stavanger - Våland;SN44640;26.05.2024 08:00;16
Stavanger - Våland;SN44640;26.05.2024 09:00;17,2
Stavanger - Våland;SN44640;26.05.2024 10:00;17,3
Stavanger - Våland;SN44640;26.05.2024 11:00;21,1
Stavanger - Våland;SN44640;26.05.2024 12:00;21,9
Stavanger - Våland;SN44640;26.05.2024 13:00;21,6
Stavanger - Våland;SN44640;26.05.2024 14:00;22,2
Stavanger - Våland;SN44640;26.05.2024 15:00;22,9
Stavanger - Våland;SN44640;26.05.2024 16:00;21,3
Stavanger - Våland;SN44640;26.05.2024 17:00;18,1
Stavanger - Våland;SN44640;26.05.2024 18:00;17,2
Stavanger - Våland;SN44640;26.05.2024 19:00;16,1
Stavanger - Våland;SN44640;26.05.2024 20:00;15,7
Stavanger - Våland;SN44640;26.05.2024 21:00;15,2
Stavanger - Våland;SN44640;26.05.2024 22:00;15,2
Stavanger - Våland;SN44640;26.05.2024 23:00;14,8
Stavanger - Våland;SN44640;27.05.2024 00:00;15
Stavanger - Våland;SN44640;27.05.2024 01:00;14,1
Stavanger - Våland;SN44640;27.05.2024 02:00;14
Stavanger - Våland;SN44640;27.05.2024 03:00;13,7
Stavanger - Våland;SN44640;27.05.2024 04:00;13,4
Stavanger - Våland;SN44640;27.05.2024 05:00;13,6
Stavanger - Våland;SN44640;27.05.2024 06:00;14,6
Stavanger - Våland;SN44640;27.05.2024 07:00;14,1
Stavanger - Våland;SN44640;27.05.2024 08:00;14,6
Stavanger - Våland;SN44640;27.05.2024 09:00;15,4
Stavanger - Våland;SN44640;27.05.2024 10:00;17,2
Stavanger - Våland;SN44640;27.05.2024 11:00;15,3
Stavanger - Våland;SN44640;27.05.2024 12:00;15,1
Stavanger - Våland;SN44640;27.05.2024 13:00;15,2
Stavanger - Våland;SN44640;27.05.2024 14:00;17,5
Stavanger - Våland;SN44640;27.05.2024 15:00;16,6
Stavanger - Våland;SN44640;27.05.2024 16:00;17
Stavanger - Våland;SN44640;27.05.2024 17:00;17,1
Stavanger - Våland;SN44640;27.05.2024 18:00;17,2
Stavanger - Våland;SN44640;27.05.2024 19:00;16
Stavanger - Våland;SN44640;27.05.2024 20:00;14,5
Stavanger - Våland;SN44640;27.05.2024 21:00;13,5
Stavanger - Våland;SN44640;27.05.2024 22:00;12,4
Stavanger - Våland;SN44640;27.05.2024 23:00;12,3
Stavanger - Våland;SN44640;28.05.2024 00:00;12
Stavanger - Våland;SN44640;28.05.2024 01:00;11,1
Stavanger - Våland;SN44640;28.05.2024 02:00;10,9
Stavanger - Våland;SN44640;28.05.2024 03:00;11,6
Stavanger - Våland;SN44640;28.05.2024 04:00;11,8
Stavanger - Våland;SN44640;28.05.2024 05:00;11,5
Stavanger - Våland;SN44640;28.05.2024 06:00;11,5
Stavanger - Våland;SN44640;28.05.2024 07:00;12,4
Stavanger - Våland;SN44640;28.05.2024 08:00;13,4
Stavanger - Våland;SN44640;28.05.2024 09:00;14,4
Stavanger - Våland;SN44640;28.05.2024 10:00;14,4
Stavanger - Våland;SN44640;28.05.2024 11:00;15,9
Stavanger - Våland;SN44640;28.05.2024 12:00;16
Stavanger - Våland;SN44640;28.05.2024 13:00;15,8
Stavanger - Våland;SN44640;28.05.2024 14:00;15,5
Stavanger - Våland;SN44640;28.05.2024 15:00;15,2
Stavanger - Våland;SN44640;28.05.2024 16:00;14,3
Stavanger - Våland;SN44640;28.05.2024 17:00;13,5
Stavanger - Våland;SN44640;28.05.2024 18:00;13
Stavanger - Våland;SN44640;28.05.2024 19:00;12,5
Stavanger - Våland;SN44640;28.05.2024 20:00;12,1
Stavanger - Våland;SN44640;28.05.2024 21:00;11,6
Stavanger - Våland;SN44640;28.05.2024 22:00;11,6
Stavanger - Våland;SN44640;28.05.2024 23:00;11,4
Stavanger - Våland;SN44640;29.05.2024 00:00;11,4
Stavanger - Våland;SN44640;29.05.2024 01:00;11,1
Stavanger - Våland;SN44640;29.05.2024 02:00;11,3
Stavanger - Våland;SN44640;29.05.2024 03:00;11,5
Stavanger - Våland;SN44640;29.05.2024 04:00;11,1
Stavanger - Våland;SN44640;29.05.2024 05:00;11,1
Stavanger - Våland;SN44640;29.05.2024 06:00;12,7
Stavanger - Våland;SN44640;29.05.2024 07:00;13,2
Stavanger - Våland;SN44640;29.05.2024 08:00;14
Stavanger - Våland;SN44640;29.05.2024 09:00;13
Stavanger - Våland;SN44640;29.05.2024 10:00;13,4
Stavanger - Våland;SN44640;29.05.2024 11:00;14,9
Stavanger - Våland;SN44640;29.05.2024 12:00;15,6
Stavanger - Våland;SN44640;29.05.2024 13:00;16,6
Stavanger - Våland;SN44640;29.05.2024 14:00;17
Stavanger - Våland;SN44640;29.05.2024 15:00;17,7
Stavanger - Våland;SN44640;29.05.2024 16:00;18,4
Stavanger - Våland;SN44640;29.05.2024 17:00;16,1
Stavanger - Våland;SN44640;29.05.2024 18:00;17,1
Stavanger - Våland;SN44640;29.05.2024 19:00;16,5
Stavanger - Våland;SN44640;29.05.2024 20:00;16
Stavanger - Våland;SN44640;29.05.2024 21:00;15,5
Stavanger - Våland;SN44640;29.05.2024 22:00;14,8
Stavanger - Våland;SN44640;29.05.2024 23:00;14,9
Stavanger - Våland;SN44640;30.05.2024 00:00;14,7
Stavanger - Våland;SN44640;30.05.2024 01:00;15,2
Stavanger - Våland;SN44640;30.05.2024 02:00;14,2
Stavanger - Våland;SN44640;30.05.2024 03:00;13,2
Stavanger - Våland;SN44640;30.05.2024 04:00;12,8
Stavanger - Våland;SN44640;30.05.2024 05:00;13,1
Stavanger - Våland;SN44640;30.05.2024 06:00;13,3
Stavanger - Våland;SN44640;30.05.2024 07:00;14,3
Stavanger - Våland;SN44640;30.05.2024 08:00;16,2
Stavanger - Våland;SN44640;30.05.2024 09:00;16,6
Stavanger - Våland;SN44640;30.05.2024 10:00;18,4
Stavanger - Våland;SN44640;30.05.2024 11:00;19,9
Stavanger - Våland;SN44640;30.05.2024 12:00;17,6
Stavanger - Våland;SN44640;30.05.2024 13:00;16,1
Stavanger - Våland;SN44640;30.05.2024 14:00;19,5
Stavanger - Våland;SN44640;30.05.2024 15:00;15,1
Stavanger - Våland;SN44640;30.05.2024 16:00;13,9
Stavanger - Våland;SN44640;30.05.2024 17:00;15,3
Stavanger - Våland;SN44640;30.05.2024 18:00;13,7
Stavanger - Våland;SN44640;30.05.2024 19:00;14,2
Stavanger - Våland;SN44640;30.05.2024 20:00;13,6
Stavanger - Våland;SN44640;30.05.2024 21:00;12,9
Stavanger - Våland;SN44640;30.05.2024 22:00;12,5
Stavanger - Våland;SN44640;30.05.2024 23:00;12,4
Stavanger - Våland;SN44640;31.05.2024 00:00;12,3
Stavanger - Våland;SN44640;31.05.2024 01:00;12
Stavanger - Våland;SN44640;31.05.2024 02:00;11,9
Stavanger - Våland;SN44640;31.05.2024 03:00;12,2
Stavanger - Våland;SN44640;31.05.2024 04:00;12,3
Stavanger - Våland;SN44640;31.05.2024 05:00;12,7
Stavanger - Våland;SN44640;31.05.2024 06:00;13,6
Stavanger - Våland;SN44640;31.05.2024 07:00;13,4
Stavanger - Våland;SN44640;31.05.2024 08:00;13,3
Stavanger - Våland;SN44640;31.05.2024 09:00;13,6
Stavanger - Våland;SN44640;31.05.2024 10:00;17,2
Stavanger - Våland;SN44640;31.05.2024 11:00;18,5
Stavanger - Våland;SN44640;31.05.2024 12:00;19,6
Stavanger - Våland;SN44640;31.05.2024 13:00;18,7
Stavanger - Våland;SN44640;31.05.2024 14:00;19,1
Stavanger - Våland;SN44640;31.05.2024 15:00;19,6
Stavanger - Våland;SN44640;31.05.2024 16:00;18,7
Stavanger - Våland;SN44640;31.05.2024 17:00;18,5
Stavanger - Våland;SN44640;31.05.2024 18:00;17,4
Stavanger - Våland;SN44640;31.05.2024 19:00;17,1
Stavanger - Våland;SN44640;31.05.2024 20:00;15
Stavanger - Våland;SN44640;31.05.2024 21:00;13,9
Stavanger - Våland;SN44640;31.05.2024 22:00;13
Stavanger - Våland;SN44640;31.05.2024 23:00;12,5
Stavanger - Våland;SN44640;01.06.2024 00:00;12,2
Stavanger - Våland;SN44640;01.06.2024 01:00;12
Stavanger - Våland;SN44640;01.06.2024 02:00;12,1
Stavanger - Våland;SN44640;01.06.2024 03:00;12,3
Stavanger - Våland;SN44640;01.06.2024 04:00;12,6
Stavanger - Våland;SN44640;01.06.2024 05:00;12,8
Stavanger - Våland;SN44640;01.06.2024 06:00;13
Stavanger - Våland;SN44640;01.06.2024 07:00;13,1
Stavanger - Våland;SN44640;01.06.2024 08:00;13,3
Stavanger - Våland;SN44640;01.06.2024 09:00;14
Stavanger - Våland;SN44640;01.06.2024 10:00;14,8
Stavanger - Våland;SN44640;01.06.2024 11:00;15,5
Stavanger - Våland;SN44640;01.06.2024 12:00;15,6
Stavanger - Våland;SN44640;01.06.2024 13:00;15,5
Stavanger - Våland;SN44640;01.06.2024 14:00;16,3
Stavanger - Våland;SN44640;01.06.2024 15:00;17,5
Stavanger - Våland;SN44640;01.06.2024 16:00;16,9
Stavanger - Våland;SN44640;01.06.2024 17:00;17,3
Stavanger - Våland;SN44640;01.06.2024 18:00;15,6
Stavanger - Våland;SN44640;01.06.2024 19:00;14,9
Stavanger - Våland;SN44640;01.06.2024 20:00;13,5
Stavanger - Våland;SN44640;01.06.2024 21:00;12,7
Stavanger - Våland;SN44640;01.06.2024 22:00;12,2
Stavanger - Våland;SN44640;01.06.2024 23:00;11,8
Stavanger - Våland;SN44640;02.06.2024 00:00;11,5
Stavanger - Våland;SN44640;02.06.2024 01:00;11
Stavanger - Våland;SN44640;02.06.2024 02:00;10,9
Stavanger - Våland;SN44640;02.06.2024 03:00;10,9
Stavanger - Våland;SN44640;02.06.2024 04:00;11
Stavanger - Våland;SN44640;02.06.2024 05:00;11,5
Stavanger - Våland;SN44640;02.06.2024 06:00;11,8
Stavanger - Våland;SN44640;02.06.2024 07:00;12,5
Stavanger - Våland;SN44640;02.06.2024 08:00;12,5
Stavanger - Våland;SN44640;02.06.2024 09:00;13,7
Stavanger - Våland;SN44640;02.06.2024 10:00;14,6
Stavanger - Våland;SN44640;02.06.2024 11:00;16,5
Stavanger - Våland;SN44640;02.06.2024 12:00;16,8
Stavanger - Våland;SN44640;02.06.2024 13:00;16,3
Stavanger - Våland;SN44640;02.06.2024 14:00;16,4
Stavanger - Våland;SN44640;02.06.2024 15:00;16,8
Stavanger - Våland;SN44640;02.06.2024 16:00;16,2
Stavanger - Våland;SN44640;02.06.2024 17:00;15,1
Stavanger - Våland;SN44640;02.06.2024 18:00;13,9
Stavanger - Våland;SN44640;02.06.2024 19:00;13,4
Stavanger - Våland;SN44640;02.06.2024 20:00;12,5
Stavanger - Våland;SN44640;02.06.2024 21:00;12,2
Stavanger - Våland;SN44640;02.06.2024 22:00;11,5
Stavanger - Våland;SN44640;02.06.2024 23:00;11,4
Stavanger - Våland;SN44640;03.06.2024 00:00;11,5
Stavanger - Våland;SN44640;03.06.2024 01:00;11,3
Stavanger - Våland;SN44640;03.06.2024 02:00;11,5
Stavanger - Våland;SN44640;03.06.2024 03:00;11,7
Stavanger - Våland;SN44640;03.06.2024 04:00;11,5
Stavanger - Våland;SN44640;03.06.2024 05:00;11,7
Stavanger - Våland;SN44640;03.06.2024 06:00;12,3
Stavanger - Våland;SN44640;03.06.2024 07:00;11,6
Stavanger - Våland;SN44640;03.06.2024 08:00;12,2
Stavanger - Våland;SN44640;03.06.2024 09:00;13,3
Stavanger - Våland;SN44640;03.06.2024 10:00;13,8
Stavanger - Våland;SN44640;03.06.2024 11:00;13,7
Stavanger - Våland;SN44640;03.06.2024 12:00;14,2
Stavanger - Våland;SN44640;03.06.2024 13:00;14,2
Stavanger - Våland;SN44640;03.06.2024 14:00;13,7
Stavanger - Våland;SN44640;03.06.2024 15:00;12,7
Stavanger - Våland;SN44640;03.06.2024 16:00;12,8
Stavanger - Våland;SN44640;03.06.2024 17:00;13,3
Stavanger - Våland;SN44640;03.06.2024 18:00;11,7
Stavanger - Våland;SN44640;03.06.2024 19:00;10,9
Stavanger - Våland;SN44640;03.06.2024 20:00;11,4
Stavanger - Våland;SN44640;03.06.2024 21:00;11,7
Stavanger - Våland;SN44640;03.06.2024 22:00;11,5
Stavanger - Våland;SN44640;03.06.2024 23:00;11,5
Stavanger - Våland;SN44640;04.06.2024 00:00;10,9
Stavanger - Våland;SN44640;04.06.2024 01:00;10,2
Stavanger - Våland;SN44640;04.06.2024 02:00;10,3
Stavanger - Våland;SN44640;04.06.2024 03:00;10,2
Stavanger - Våland;SN44640;04.06.2024 04:00;10,2
Stavanger - Våland;SN44640;04.06.2024 05:00;10,7
Stavanger - Våland;SN44640;04.06.2024 06:00;11,9
Stavanger - Våland;SN44640;04.06.2024 07:00;12,2
Stavanger - Våland;SN44640;04.06.2024 08:00;13,7
Stavanger - Våland;SN44640;04.06.2024 09:00;15,7
Stavanger - Våland;SN44640;04.06.2024 10:00;15,3
Stavanger - Våland;SN44640;04.06.2024 11:00;14,4
Stavanger - Våland;SN44640;04.06.2024 12:00;12,7
Stavanger - Våland;SN44640;04.06.2024 13:00;13,2
Stavanger - Våland;SN44640;04.06.2024 14:00;14,1
Stavanger - Våland;SN44640;04.06.2024 15:00;14
Stavanger - Våland;SN44640;04.06.2024 16:00;14,2
Stavanger - Våland;SN44640;04.06.2024 17:00;12,9
Stavanger - Våland;SN44640;04.06.2024 18:00;12,5
Stavanger - Våland;SN44640;04.06.2024 19:00;12,4
Stavanger - Våland;SN44640;04.06.2024 20:00;12,3
Stavanger - Våland;SN44640;04.06.2024 21:00;9,3
Stavanger - Våland;SN44640;04.06.2024 22:00;9,4
Stavanger - Våland;SN44640;04.06.2024 23:00;9
Stavanger - Våland;SN44640;05.06.2024 00:00;8,8
Stavanger - Våland;SN44640;05.06.2024 01:00;8,7
Stavanger - Våland;SN44640;05.06.2024 02:00;7,9
Stavanger - Våland;SN44640;05.06.2024 03:00;8,3
Stavanger - Våland;SN44640;05.06.2024 04:00;8,4
Stavanger - Våland;SN44640;05.06.2024 05:00;8,2
Stavanger - Våland;SN44640;05.06.2024 06:00;8
Stavanger - Våland;SN44640;05.06.2024 07:00;8,6
Stavanger - Våland;SN44640;05.06.2024 08:00;10
Stavanger - Våland;SN44640;05.06.2024 09:00;10,3
Stavanger - Våland;SN44640;05.06.2024 10:00;11
Stavanger - Våland;SN44640;05.06.2024 11:00;11,8
Stavanger - Våland;SN44640;05.06.2024 12:00;11,9
Stavanger - Våland;SN44640;05.06.2024 13:00;12,3
Stavanger - Våland;SN44640;05.06.2024 14:00;10,8
Stavanger - Våland;SN44640;05.06.2024 15:00;8,4
Stavanger - Våland;SN44640;05.06.2024 16:00;10,3
Stavanger - Våland;SN44640;05.06.2024 17:00;9,4
Stavanger - Våland;SN44640;05.06.2024 18:00;9
Stavanger - Våland;SN44640;05.06.2024 19:00;9,2
Stavanger - Våland;SN44640;05.06.2024 20:00;8,6
Stavanger - Våland;SN44640;05.06.2024 21:00;7,5
Stavanger - Våland;SN44640;05.06.2024 22:00;7,1
Stavanger - Våland;SN44640;05.06.2024 23:00;6,6
Stavanger - Våland;SN44640;06.06.2024 00:00;6,6
Stavanger - Våland;SN44640;06.06.2024 01:00;6,6
Stavanger - Våland;SN44640;06.06.2024 02:00;6,7
Stavanger - Våland;SN44640;06.06.2024 03:00;6,6
Stavanger - Våland;SN44640;06.06.2024 04:00;6,8
Stavanger - Våland;SN44640;06.06.2024 05:00;7,1
Stavanger - Våland;SN44640;06.06.2024 06:00;8,3
Stavanger - Våland;SN44640;06.06.2024 07:00;8,5
Stavanger - Våland;SN44640;06.06.2024 08:00;8,5
Stavanger - Våland;SN44640;06.06.2024 09:00;8,7
Stavanger - Våland;SN44640;06.06.2024 10:00;10,7
Stavanger - Våland;SN44640;06.06.2024 11:00;8,8
Stavanger - Våland;SN44640;06.06.2024 12:00;7,7
Stavanger - Våland;SN44640;06.06.2024 13:00;10,7
Stavanger - Våland;SN44640;06.06.2024 14:00;11,8
Stavanger - Våland;SN44640;06.06.2024 15:00;12,2
Stavanger - Våland;SN44640;06.06.2024 16:00;12,1
Stavanger - Våland;SN44640;06.06.2024 17:00;11,4
Stavanger - Våland;SN44640;06.06.2024 18:00;11,4
Stavanger - Våland;SN44640;06.06.2024 19:00;10,6
Stavanger - Våland;SN44640;06.06.2024 20:00;9,3
Stavanger - Våland;SN44640;06.06.2024 21:00;6,8
Stavanger - Våland;SN44640;06.06.2024 22:00;6,8
Stavanger - Våland;SN44640;06.06.2024 23:00;7,1
Stavanger - Våland;SN44640;07.06.2024 00:00;6,7
Stavanger - Våland;SN44640;07.06.2024 01:00;7
Stavanger - Våland;SN44640;07.06.2024 02:00;6,7
Stavanger - Våland;SN44640;07.06.2024 03:00;6,3
Stavanger - Våland;SN44640;07.06.2024 04:00;6,6
Stavanger - Våland;SN44640;07.06.2024 05:00;7
Stavanger - Våland;SN44640;07.06.2024 06:00;8,5
Stavanger - Våland;SN44640;07.06.2024 07:00;10,3
Stavanger - Våland;SN44640;07.06.2024 08:00;11,1
Stavanger - Våland;SN44640;07.06.2024 09:00;11,7
Stavanger - Våland;SN44640;07.06.2024 10:00;13,9
Stavanger - Våland;SN44640;07.06.2024 11:00;12,1
Stavanger - Våland;SN44640;07.06.2024 12:00;12
Stavanger - Våland;SN44640;07.06.2024 13:00;13,1
Stavanger - Våland;SN44640;07.06.2024 14:00;14,2
Stavanger - Våland;SN44640;07.06.2024 15:00;13
Stavanger - Våland;SN44640;07.06.2024 16:00;13,6
Stavanger - Våland;SN44640;07.06.2024 17:00;12,6
Stavanger - Våland;SN44640;07.06.2024 18:00;13,6
Stavanger - Våland;SN44640;07.06.2024 19:00;12,8
Stavanger - Våland;SN44640;07.06.2024 20:00;11,3
Stavanger - Våland;SN44640;07.06.2024 21:00;9,6
Stavanger - Våland;SN44640;07.06.2024 22:00;8,4
Stavanger - Våland;SN44640;07.06.2024 23:00;9
Stavanger - Våland;SN44640;08.06.2024 00:00;8,9
Stavanger - Våland;SN44640;08.06.2024 01:00;8,9
Stavanger - Våland;SN44640;08.06.2024 02:00;9,6
Stavanger - Våland;SN44640;08.06.2024 03:00;8,9
Stavanger - Våland;SN44640;08.06.2024 04:00;8,9
Stavanger - Våland;SN44640;08.06.2024 05:00;8,8
Stavanger - Våland;SN44640;08.06.2024 06:00;9,8
Stavanger - Våland;SN44640;08.06.2024 07:00;7,8
Stavanger - Våland;SN44640;08.06.2024 08:00;8,1
Stavanger - Våland;SN44640;08.06.2024 09:00;9,7
Stavanger - Våland;SN44640;08.06.2024 10:00;10,6
Stavanger - Våland;SN44640;08.06.2024 11:00;11,4
Stavanger - Våland;SN44640;08.06.2024 12:00;11,4
Stavanger - Våland;SN44640;08.06.2024 13:00;11,2
Stavanger - Våland;SN44640;08.06.2024 14:00;12,1
Stavanger - Våland;SN44640;08.06.2024 15:00;11,4
Stavanger - Våland;SN44640;08.06.2024 16:00;10,7
Stavanger - Våland;SN44640;08.06.2024 17:00;10,2
Stavanger - Våland;SN44640;08.06.2024 18:00;10,4
Stavanger - Våland;SN44640;08.06.2024 19:00;8,9
Stavanger - Våland;SN44640;08.06.2024 20:00;8,2
Stavanger - Våland;SN44640;08.06.2024 21:00;7,8
Stavanger - Våland;SN44640;08.06.2024 22:00;8,2
Stavanger - Våland;SN44640;08.06.2024 23:00;8,3
Stavanger - Våland;SN44640;09.06.2024 00:00;7,1
Stavanger - Våland;SN44640;09.06.2024 01:00;6,9
Stavanger - Våland;SN44640;09.06.2024 02:00;6,8
Stavanger - Våland;SN44640;09.06.2024 03:00;6,7
Stavanger - Våland;SN44640;09.06.2024 04:00;6,4
Stavanger - Våland;SN44640;09.06.2024 05:00;7,1
Stavanger - Våland;SN44640;09.06.2024 06:00;7,6
Stavanger - Våland;SN44640;09.06.2024 07:00;9,9
Stavanger - Våland;SN44640;09.06.2024 08:00;11
Stavanger - Våland;SN44640;09.06.2024 09:00;11,7
Stavanger - Våland;SN44640;09.06.2024 10:00;10
Stavanger - Våland;SN44640;09.06.2024 11:00;9,8
Stavanger - Våland;SN44640;09.06.2024 12:00;11,3
Stavanger - Våland;SN44640;09.06.2024 13:00;12,7
Stavanger - Våland;SN44640;09.06.2024 14:00;11,2
Stavanger - Våland;SN44640;09.06.2024 15:00;12,4
Stavanger - Våland;SN44640;09.06.2024 16:00;10,6
Stavanger - Våland;SN44640;09.06.2024 17:00;11,4
Stavanger - Våland;SN44640;09.06.2024 18:00;9,9
Stavanger - Våland;SN44640;09.06.2024 19:00;9,5
Stavanger - Våland;SN44640;09.06.2024 20:00;10,2
Stavanger - Våland;SN44640;09.06.2024 21:00;9,8
Stavanger - Våland;SN44640;09.06.2024 22:00;9,8
Stavanger - Våland;SN44640;09.06.2024 23:00;9,6
Stavanger - Våland;SN44640;10.06.2024 00:00;9,2
Stavanger - Våland;SN44640;10.06.2024 01:00;9,5
Stavanger - Våland;SN44640;10.06.2024 02:00;10
Stavanger - Våland;SN44640;10.06.2024 03:00;10,3
Stavanger - Våland;SN44640;10.06.2024 04:00;10,2
Stavanger - Våland;SN44640;10.06.2024 05:00;10,3
Stavanger - Våland;SN44640;10.06.2024 06:00;10,8
Stavanger - Våland;SN44640;10.06.2024 07:00;10,9
Stavanger - Våland;SN44640;10.06.2024 08:00;11
Stavanger - Våland;SN44640;10.06.2024 09:00;11,5
Stavanger - Våland;SN44640;10.06.2024 10:00;11,6
Stavanger - Våland;SN44640;10.06.2024 11:00;11,2
Stavanger - Våland;SN44640;10.06.2024 12:00;12,3
Stavanger - Våland;SN44640;10.06.2024 13:00;12,5
Stavanger - Våland;SN44640;10.06.2024 14:00;13,3
Stavanger - Våland;SN44640;10.06.2024 15:00;13,5
Stavanger - Våland;SN44640;10.06.2024 16:00;13,3
Stavanger - Våland;SN44640;10.06.2024 17:00;13,7
Stavanger - Våland;SN44640;10.06.2024 18:00;13
Stavanger - Våland;SN44640;10.06.2024 19:00;12,7
Stavanger - Våland;SN44640;10.06.2024 20:00;11,3
Stavanger - Våland;SN44640;10.06.2024 21:00;10,4
Stavanger - Våland;SN44640;10.06.2024 22:00;9,8
Stavanger - Våland;SN44640;10.06.2024 23:00;9,4
Stavanger - Våland;SN44640;11.06.2024 00:00;9,3
Stavanger - Våland;SN44640;11.06.2024 01:00;9,1
Stavanger - Våland;SN44640;11.06.2024 02:00;8,8
Stavanger - Våland;SN44640;11.06.2024 03:00;8,3
Stavanger - Våland;SN44640;11.06.2024 04:00;8,1
Stavanger - Våland;SN44640;11.06.2024 05:00;8,6
Stavanger - Våland;SN44640;11.06.2024 06:00;9,2
Stavanger - Våland;SN44640;11.06.2024 07:00;10,6
Stavanger - Våland;SN44640;11.06.2024 08:00;11,3
Stavanger - Våland;SN44640;11.06.2024 09:00;12,1
Stavanger - Våland;SN44640;11.06.2024 10:00;13,3
Stavanger - Våland;SN44640;11.06.2024 11:00;13,8
Stavanger - Våland;SN44640;11.06.2024 12:00;15,2
Stavanger - Våland;SN44640;11.06.2024 13:00;15,4
Stavanger - Våland;SN44640;11.06.2024 14:00;14,7
Stavanger - Våland;SN44640;11.06.2024 15:00;14,6
Stavanger - Våland;SN44640;11.06.2024 16:00;13,8
Stavanger - Våland;SN44640;11.06.2024 17:00;13,3
Stavanger - Våland;SN44640;11.06.2024 18:00;12,1
Stavanger - Våland;SN44640;11.06.2024 19:00;11,3
Stavanger - Våland;SN44640;11.06.2024 20:00;10,1
Stavanger - Våland;SN44640;11.06.2024 21:00;9,4
Stavanger - Våland;SN44640;11.06.2024 22:00;8,9
Stavanger - Våland;SN44640;11.06.2024 23:00;9,1
Stavanger - Våland;SN44640;12.06.2024 00:00;9
Stavanger - Våland;SN44640;12.06.2024 01:00;9,2
Stavanger - Våland;SN44640;12.06.2024 02:00;9,3
Stavanger - Våland;SN44640;12.06.2024 03:00;9,1
Stavanger - Våland;SN44640;12.06.2024 04:00;9,2
Stavanger - Våland;SN44640;12.06.2024 05:00;9,3
Stavanger - Våland;SN44640;12.06.2024 06:00;9,6
Stavanger - Våland;SN44640;12.06.2024 07:00;10,5
Stavanger - Våland;SN44640;12.06.2024 08:00;10,9
Stavanger - Våland;SN44640;12.06.2024 09:00;11,6
Stavanger - Våland;SN44640;12.06.2024 10:00;12,3
Stavanger - Våland;SN44640;12.06.2024 11:00;12,6
Stavanger - Våland;SN44640;12.06.2024 12:00;13,3
Stavanger - Våland;SN44640;12.06.2024 13:00;12,6
Stavanger - Våland;SN44640;12.06.2024 14:00;13
Stavanger - Våland;SN44640;12.06.2024 15:00;13,5
Stavanger - Våland;SN44640;12.06.2024 16:00;13,2
Stavanger - Våland;SN44640;12.06.2024 17:00;12,6
Stavanger - Våland;SN44640;12.06.2024 18:00;12,1
Stavanger - Våland;SN44640;12.06.2024 19:00;10,9
Stavanger - Våland;SN44640;12.06.2024 20:00;9,5
Stavanger - Våland;SN44640;12.06.2024 21:00;8,5
Stavanger - Våland;SN44640;12.06.2024 22:00;7,7
Stavanger - Våland;SN44640;12.06.2024 23:00;7,3
Stavanger - Våland;SN44640;13.06.2024 00:00;6,8
Stavanger - Våland;SN44640;13.06.2024 01:00;6,5
Stavanger - Våland;SN44640;13.06.2024 02:00;5,5
Stavanger - Våland;SN44640;13.06.2024 03:00;5
Stavanger - Våland;SN44640;13.06.2024 04:00;6,3
Stavanger - Våland;SN44640;13.06.2024 05:00;6,4
Stavanger - Våland;SN44640;13.06.2024 06:00;8,5
Stavanger - Våland;SN44640;13.06.2024 07:00;9,4
Stavanger - Våland;SN44640;13.06.2024 08:00;11
Stavanger - Våland;SN44640;13.06.2024 09:00;11,2
Stavanger - Våland;SN44640;13.06.2024 10:00;11,4
Stavanger - Våland;SN44640;13.06.2024 11:00;11,8
Stavanger - Våland;SN44640;13.06.2024 12:00;12,6
Stavanger - Våland;SN44640;13.06.2024 13:00;12,6
Stavanger - Våland;SN44640;13.06.2024 14:00;13,6
Stavanger - Våland;SN44640;13.06.2024 15:00;13,5
Stavanger - Våland;SN44640;13.06.2024 16:00;13
Stavanger - Våland;SN44640;13.06.2024 17:00;13,3
Stavanger - Våland;SN44640;13.06.2024 18:00;13
Stavanger - Våland;SN44640;13.06.2024 19:00;11,2
Stavanger - Våland;SN44640;13.06.2024 20:00;10
Stavanger - Våland;SN44640;13.06.2024 21:00;9,3
Stavanger - Våland;SN44640;13.06.2024 22:00;8,8
Stavanger - Våland;SN44640;13.06.2024 23:00;8,3
Stavanger - Våland;SN44640;14.06.2024 00:00;9
Stavanger - Våland;SN44640;14.06.2024 01:00;9,1
Stavanger - Våland;SN44640;14.06.2024 02:00;9,1
Stavanger - Våland;SN44640;14.06.2024 03:00;9,2
Stavanger - Våland;SN44640;14.06.2024 04:00;9,7
Stavanger - Våland;SN44640;14.06.2024 05:00;10
Stavanger - Våland;SN44640;14.06.2024 06:00;10,7
Stavanger - Våland;SN44640;14.06.2024 07:00;11,9
Stavanger - Våland;SN44640;14.06.2024 08:00;13,5
Stavanger - Våland;SN44640;14.06.2024 09:00;14,6
Stavanger - Våland;SN44640;14.06.2024 10:00;16,7
Stavanger - Våland;SN44640;14.06.2024 11:00;17,1
Stavanger - Våland;SN44640;14.06.2024 12:00;16,8
Stavanger - Våland;SN44640;14.06.2024 13:00;19,2
Stavanger - Våland;SN44640;14.06.2024 14:00;16,9
Stavanger - Våland;SN44640;14.06.2024 15:00;15,4
Stavanger - Våland;SN44640;14.06.2024 16:00;15,7
Stavanger - Våland;SN44640;14.06.2024 17:00;15,4
Stavanger - Våland;SN44640;14.06.2024 18:00;14,7
Stavanger - Våland;SN44640;14.06.2024 19:00;14,6
Stavanger - Våland;SN44640;14.06.2024 20:00;14,4
Stavanger - Våland;SN44640;14.06.2024 21:00;13,5
Stavanger - Våland;SN44640;14.06.2024 22:00;13,8
Stavanger - Våland;SN44640;14.06.2024 23:00;13,7
Stavanger - Våland;SN44640;15.06.2024 00:00;13,1
Stavanger - Våland;SN44640;15.06.2024 01:00;13,8
Stavanger - Våland;SN44640;15.06.2024 02:00;14,2
Stavanger - Våland;SN44640;15.06.2024 03:00;14,1
Stavanger - Våland;SN44640;15.06.2024 04:00;13,6
Stavanger - Våland;SN44640;15.06.2024 05:00;12,9
Stavanger - Våland;SN44640;15.06.2024 06:00;13
Stavanger - Våland;SN44640;15.06.2024 07:00;13,1
Stavanger - Våland;SN44640;15.06.2024 08:00;13,6
Stavanger - Våland;SN44640;15.06.2024 09:00;13,4
Stavanger - Våland;SN44640;15.06.2024 10:00;15,6
Stavanger - Våland;SN44640;15.06.2024 11:00;18,1
Stavanger - Våland;SN44640;15.06.2024 12:00;18,2
Stavanger - Våland;SN44640;15.06.2024 13:00;17,7
Stavanger - Våland;SN44640;15.06.2024 14:00;17
Stavanger - Våland;SN44640;15.06.2024 15:00;17,4
Stavanger - Våland;SN44640;15.06.2024 16:00;17,2
Stavanger - Våland;SN44640;15.06.2024 17:00;15,4
Stavanger - Våland;SN44640;15.06.2024 18:00;15,5
Stavanger - Våland;SN44640;15.06.2024 19:00;15,5
Stavanger - Våland;SN44640;15.06.2024 20:00;15
Stavanger - Våland;SN44640;15.06.2024 21:00;14,3
Stavanger - Våland;SN44640;15.06.2024 22:00;11,8
Stavanger - Våland;SN44640;15.06.2024 23:00;11,9
Stavanger - Våland;SN44640;16.06.2024 00:00;12
Stavanger - Våland;SN44640;16.06.2024 01:00;12,3
Stavanger - Våland;SN44640;16.06.2024 02:00;12,6
Stavanger - Våland;SN44640;16.06.2024 03:00;11,9
Stavanger - Våland;SN44640;16.06.2024 04:00;11,2
Stavanger - Våland;SN44640;16.06.2024 05:00;12,2
Stavanger - Våland;SN44640;16.06.2024 06:00;13,5
Stavanger - Våland;SN44640;16.06.2024 07:00;13,9
Stavanger - Våland;SN44640;16.06.2024 08:00;13,1
Stavanger - Våland;SN44640;16.06.2024 09:00;14,8
Stavanger - Våland;SN44640;16.06.2024 10:00;15,5
Stavanger - Våland;SN44640;16.06.2024 11:00;17
Stavanger - Våland;SN44640;16.06.2024 12:00;17,9
Stavanger - Våland;SN44640;16.06.2024 13:00;18,1
Stavanger - Våland;SN44640;16.06.2024 14:00;16,4
Stavanger - Våland;SN44640;16.06.2024 15:00;16,2
Stavanger - Våland;SN44640;16.06.2024 16:00;12,9
Stavanger - Våland;SN44640;16.06.2024 17:00;14,2
Stavanger - Våland;SN44640;16.06.2024 18:00;13,9
Stavanger - Våland;SN44640;16.06.2024 19:00;13,9
Stavanger - Våland;SN44640;16.06.2024 20:00;14,1
Stavanger - Våland;SN44640;16.06.2024 21:00;12,4
Stavanger - Våland;SN44640;16.06.2024 22:00;12,4
Stavanger - Våland;SN44640;16.06.2024 23:00;11,9
Stavanger - Våland;SN44640;17.06.2024 00:00;11,9
Stavanger - Våland;SN44640;17.06.2024 01:00;11,5
Stavanger - Våland;SN44640;17.06.2024 02:00;11,7
Stavanger - Våland;SN44640;17.06.2024 03:00;11,1
Stavanger - Våland;SN44640;17.06.2024 04:00;10,3
Stavanger - Våland;SN44640;17.06.2024 05:00;10,5
Stavanger - Våland;SN44640;17.06.2024 06:00;11,1
Stavanger - Våland;SN44640;17.06.2024 07:00;11,9
Stavanger - Våland;SN44640;17.06.2024 08:00;12,4
Stavanger - Våland;SN44640;17.06.2024 09:00;14,1
Stavanger - Våland;SN44640;17.06.2024 10:00;15,7
Stavanger - Våland;SN44640;17.06.2024 11:00;16
Stavanger - Våland;SN44640;17.06.2024 12:00;11,8
Stavanger - Våland;SN44640;17.06.2024 13:00;14
Stavanger - Våland;SN44640;17.06.2024 14:00;14,6
Stavanger - Våland;SN44640;17.06.2024 15:00;14,2
Stavanger - Våland;SN44640;17.06.2024 16:00;15,3
Stavanger - Våland;SN44640;17.06.2024 17:00;14,7
Stavanger - Våland;SN44640;17.06.2024 18:00;12,5
Stavanger - Våland;SN44640;17.06.2024 19:00;12,3
Stavanger - Våland;SN44640;17.06.2024 20:00;12,4
Stavanger - Våland;SN44640;17.06.2024 21:00;12,1
Stavanger - Våland;SN44640;17.06.2024 22:00;11,4
Stavanger - Våland;SN44640;17.06.2024 23:00;10,7
Stavanger - Våland;SN44640;18.06.2024 00:00;10
Stavanger - Våland;SN44640;18.06.2024 01:00;9,9
Stavanger - Våland;SN44640;18.06.2024 02:00;10,4
Stavanger - Våland;SN44640;18.06.2024 03:00;9,9
Stavanger - Våland;SN44640;18.06.2024 04:00;9,9
Stavanger - Våland;SN44640;18.06.2024 05:00;10,5
Stavanger - Våland;SN44640;18.06.2024 06:00;11,4
Stavanger - Våland;SN44640;18.06.2024 07:00;11,9
Stavanger - Våland;SN44640;18.06.2024 08:00;12,4
Stavanger - Våland;SN44640;18.06.2024 09:00;13,3
Stavanger - Våland;SN44640;18.06.2024 10:00;14,4
Stavanger - Våland;SN44640;18.06.2024 11:00;13,8
Stavanger - Våland;SN44640;18.06.2024 12:00;13,6
Stavanger - Våland;SN44640;18.06.2024 13:00;13,2
Stavanger - Våland;SN44640;18.06.2024 14:00;13
Stavanger - Våland;SN44640;18.06.2024 15:00;13,5
Stavanger - Våland;SN44640;18.06.2024 16:00;13,5
Stavanger - Våland;SN44640;18.06.2024 17:00;13,7
Stavanger - Våland;SN44640;18.06.2024 18:00;13
Stavanger - Våland;SN44640;18.06.2024 19:00;12,7
Stavanger - Våland;SN44640;18.06.2024 20:00;11,6
Stavanger - Våland;SN44640;18.06.2024 21:00;11,5
Stavanger - Våland;SN44640;18.06.2024 22:00;11
Stavanger - Våland;SN44640;18.06.2024 23:00;11,1
Stavanger - Våland;SN44640;19.06.2024 00:00;11,2
Stavanger - Våland;SN44640;19.06.2024 01:00;11,2
Stavanger - Våland;SN44640;19.06.2024 02:00;11,2
Stavanger - Våland;SN44640;19.06.2024 03:00;11,3
Stavanger - Våland;SN44640;19.06.2024 04:00;11,3
Stavanger - Våland;SN44640;19.06.2024 05:00;11,2
Stavanger - Våland;SN44640;19.06.2024 06:00;11
Stavanger - Våland;SN44640;19.06.2024 07:00;11,1
Stavanger - Våland;SN44640;19.06.2024 08:00;11,2
Stavanger - Våland;SN44640;19.06.2024 09:00;10,8
Stavanger - Våland;SN44640;19.06.2024 10:00;11,4
Stavanger - Våland;SN44640;19.06.2024 11:00;13,3
Stavanger - Våland;SN44640;19.06.2024 12:00;13,4
Stavanger - Våland;SN44640;19.06.2024 13:00;13,1
Stavanger - Våland;SN44640;19.06.2024 14:00;14,1
Stavanger - Våland;SN44640;19.06.2024 15:00;14,7
Stavanger - Våland;SN44640;19.06.2024 16:00;14,3
Stavanger - Våland;SN44640;19.06.2024 17:00;13,9
Stavanger - Våland;SN44640;19.06.2024 18:00;13,4
Stavanger - Våland;SN44640;19.06.2024 19:00;12,2
Stavanger - Våland;SN44640;19.06.2024 20:00;11,6
Stavanger - Våland;SN44640;19.06.2024 21:00;10,3
Stavanger - Våland;SN44640;19.06.2024 22:00;9,9
Stavanger - Våland;SN44640;19.06.2024 23:00;10
Stavanger - Våland;SN44640;20.06.2024 00:00;9,8
Stavanger - Våland;SN44640;20.06.2024 01:00;9,7
Stavanger - Våland;SN44640;20.06.2024 02:00;9,9
Stavanger - Våland;SN44640;20.06.2024 03:00;10
Stavanger - Våland;SN44640;20.06.2024 04:00;10,5
Stavanger - Våland;SN44640;20.06.2024 05:00;10,9
Stavanger - Våland;SN44640;20.06.2024 06:00;11,4
Stavanger - Våland;SN44640;20.06.2024 07:00;12,5
Stavanger - Våland;SN44640;20.06.2024 08:00;12,8
Stavanger - Våland;SN44640;20.06.2024 09:00;12,9
Stavanger - Våland;SN44640;20.06.2024 10:00;13,4
Stavanger - Våland;SN44640;20.06.2024 11:00;14,5
Stavanger - Våland;SN44640;20.06.2024 12:00;14,4
Stavanger - Våland;SN44640;20.06.2024 13:00;14,3
Stavanger - Våland;SN44640;20.06.2024 14:00;14,5
Stavanger - Våland;SN44640;20.06.2024 15:00;15,2
Stavanger - Våland;SN44640;20.06.2024 16:00;15,4
Stavanger - Våland;SN44640;20.06.2024 17:00;15,4
Stavanger - Våland;SN44640;20.06.2024 18:00;13,7
Stavanger - Våland;SN44640;20.06.2024 19:00;13,5
Stavanger - Våland;SN44640;20.06.2024 20:00;13
Stavanger - Våland;SN44640;20.06.2024 21:00;11,6
Stavanger - Våland;SN44640;20.06.2024 22:00;10,2
Stavanger - Våland;SN44640;20.06.2024 23:00;9,8
Stavanger - Våland;SN44640;21.06.2024 00:00;9,9
Stavanger - Våland;SN44640;21.06.2024 01:00;9,6
Stavanger - Våland;SN44640;21.06.2024 02:00;9,6
Stavanger - Våland;SN44640;21.06.2024 03:00;10
Stavanger - Våland;SN44640;21.06.2024 04:00;10,2
Stavanger - Våland;SN44640;21.06.2024 05:00;10,8
Stavanger - Våland;SN44640;21.06.2024 06:00;11,8
Stavanger - Våland;SN44640;21.06.2024 07:00;13,9
Stavanger - Våland;SN44640;21.06.2024 08:00;14,2
Stavanger - Våland;SN44640;21.06.2024 09:00;14,2
Stavanger - Våland;SN44640;21.06.2024 10:00;14,6
Stavanger - Våland;SN44640;21.06.2024 11:00;17,4
Stavanger - Våland;SN44640;21.06.2024 12:00;18,3
Stavanger - Våland;SN44640;21.06.2024 13:00;18,4
Stavanger - Våland;SN44640;21.06.2024 14:00;18
Stavanger - Våland;SN44640;21.06.2024 15:00;17,3
Stavanger - Våland;SN44640;21.06.2024 16:00;17,8
Stavanger - Våland;SN44640;21.06.2024 17:00;17,5
Stavanger - Våland;SN44640;21.06.2024 18:00;17
Stavanger - Våland;SN44640;21.06.2024 19:00;16,1
Stavanger - Våland;SN44640;21.06.2024 20:00;15
Stavanger - Våland;SN44640;21.06.2024 21:00;14,3
Stavanger - Våland;SN44640;21.06.2024 22:00;14,1
Stavanger - Våland;SN44640;21.06.2024 23:00;13,4
Stavanger - Våland;SN44640;22.06.2024 00:00;13,1
Stavanger - Våland;SN44640;22.06.2024 01:00;13
Stavanger - Våland;SN44640;22.06.2024 02:00;12,5
Stavanger - Våland;SN44640;22.06.2024 03:00;12,5
Stavanger - Våland;SN44640;22.06.2024 04:00;12,3
Stavanger - Våland;SN44640;22.06.2024 05:00;12,3
Stavanger - Våland;SN44640;22.06.2024 06:00;12,3
Stavanger - Våland;SN44640;22.06.2024 07:00;12,8
Stavanger - Våland;SN44640;22.06.2024 08:00;13,2
Stavanger - Våland;SN44640;22.06.2024 09:00;13,9
Stavanger - Våland;SN44640;22.06.2024 10:00;14,9
Stavanger - Våland;SN44640;22.06.2024 11:00;15
Stavanger - Våland;SN44640;22.06.2024 12:00;15,3
Stavanger - Våland;SN44640;22.06.2024 13:00;14,8
Stavanger - Våland;SN44640;22.06.2024 14:00;14,8
Stavanger - Våland;SN44640;22.06.2024 15:00;15,5
Stavanger - Våland;SN44640;22.06.2024 16:00;14,3
Stavanger - Våland;SN44640;22.06.2024 17:00;14,9
Stavanger - Våland;SN44640;22.06.2024 18:00;15,7
Stavanger - Våland;SN44640;22.06.2024 19:00;14,7
Stavanger - Våland;SN44640;22.06.2024 20:00;14,3
Stavanger - Våland;SN44640;22.06.2024 21:00;13,8
Stavanger - Våland;SN44640;22.06.2024 22:00;12,4
Stavanger - Våland;SN44640;22.06.2024 23:00;12
Stavanger - Våland;SN44640;23.06.2024 00:00;11,4
Stavanger - Våland;SN44640;23.06.2024 01:00;11,4
Stavanger - Våland;SN44640;23.06.2024 02:00;11,4
Stavanger - Våland;SN44640;23.06.2024 03:00;11,6
Stavanger - Våland;SN44640;23.06.2024 04:00;12,2
Stavanger - Våland;SN44640;23.06.2024 05:00;12,7
Stavanger - Våland;SN44640;23.06.2024 06:00;12,7
Stavanger - Våland;SN44640;23.06.2024 07:00;14,4
Stavanger - Våland;SN44640;23.06.2024 08:00;15
Stavanger - Våland;SN44640;23.06.2024 09:00;16,1
Stavanger - Våland;SN44640;23.06.2024 10:00;16,1
Stavanger - Våland;SN44640;23.06.2024 11:00;16,3
Stavanger - Våland;SN44640;23.06.2024 12:00;15,6
Stavanger - Våland;SN44640;23.06.2024 13:00;16,4
Stavanger - Våland;SN44640;23.06.2024 14:00;15,7
Stavanger - Våland;SN44640;23.06.2024 15:00;15,5
Stavanger - Våland;SN44640;23.06.2024 16:00;13,7
Stavanger - Våland;SN44640;23.06.2024 17:00;14,4
Stavanger - Våland;SN44640;23.06.2024 18:00;15,5
Stavanger - Våland;SN44640;23.06.2024 19:00;15,5
Stavanger - Våland;SN44640;23.06.2024 20:00;13,7
Stavanger - Våland;SN44640;23.06.2024 21:00;12,4
Stavanger - Våland;SN44640;23.06.2024 22:00;11,2
Stavanger - Våland;SN44640;23.06.2024 23:00;10,3
Stavanger - Våland;SN44640;24.06.2024 00:00;10,1
Stavanger - Våland;SN44640;24.06.2024 01:00;9,6
Stavanger - Våland;SN44640;24.06.2024 02:00;9,1
Stavanger - Våland;SN44640;24.06.2024 03:00;9
Stavanger - Våland;SN44640;24.06.2024 04:00;8,8
Stavanger - Våland;SN44640;24.06.2024 05:00;9,9
Stavanger - Våland;SN44640;24.06.2024 06:00;11,6
Stavanger - Våland;SN44640;24.06.2024 07:00;13,8
Stavanger - Våland;SN44640;24.06.2024 08:00;14,7
Stavanger - Våland;SN44640;24.06.2024 09:00;15,1
Stavanger - Våland;SN44640;24.06.2024 10:00;16,4
Stavanger - Våland;SN44640;24.06.2024 11:00;16,6
Stavanger - Våland;SN44640;24.06.2024 12:00;17,3
Stavanger - Våland;SN44640;24.06.2024 13:00;18,6
Stavanger - Våland;SN44640;24.06.2024 14:00;18,1
Stavanger - Våland;SN44640;24.06.2024 15:00;17,6
Stavanger - Våland;SN44640;24.06.2024 16:00;18,1
Stavanger - Våland;SN44640;24.06.2024 17:00;18,6
Stavanger - Våland;SN44640;24.06.2024 18:00;18,1
Stavanger - Våland;SN44640;24.06.2024 19:00;17,3
Stavanger - Våland;SN44640;24.06.2024 20:00;15,1
Stavanger - Våland;SN44640;24.06.2024 21:00;14,5
Stavanger - Våland;SN44640;24.06.2024 22:00;13,2
Stavanger - Våland;SN44640;24.06.2024 23:00;12,5
Stavanger - Våland;SN44640;25.06.2024 00:00;11,7
Stavanger - Våland;SN44640;25.06.2024 01:00;11,7
Stavanger - Våland;SN44640;25.06.2024 02:00;11,8
Stavanger - Våland;SN44640;25.06.2024 03:00;12,3
Stavanger - Våland;SN44640;25.06.2024 04:00;12,1
Stavanger - Våland;SN44640;25.06.2024 05:00;13,9
Stavanger - Våland;SN44640;25.06.2024 06:00;14,7
Stavanger - Våland;SN44640;25.06.2024 07:00;17
Stavanger - Våland;SN44640;25.06.2024 08:00;18,1
Stavanger - Våland;SN44640;25.06.2024 09:00;20
Stavanger - Våland;SN44640;25.06.2024 10:00;20,3
Stavanger - Våland;SN44640;25.06.2024 11:00;22,4
Stavanger - Våland;SN44640;25.06.2024 12:00;23
Stavanger - Våland;SN44640;25.06.2024 13:00;21,1
Stavanger - Våland;SN44640;25.06.2024 14:00;19,3
Stavanger - Våland;SN44640;25.06.2024 15:00;20,4
Stavanger - Våland;SN44640;25.06.2024 16:00;20
Stavanger - Våland;SN44640;25.06.2024 17:00;21,9
Stavanger - Våland;SN44640;25.06.2024 18:00;20,9
Stavanger - Våland;SN44640;25.06.2024 19:00;19,9
Stavanger - Våland;SN44640;25.06.2024 20:00;17,1
Stavanger - Våland;SN44640;25.06.2024 21:00;15,5
Stavanger - Våland;SN44640;25.06.2024 22:00;15,1
Stavanger - Våland;SN44640;25.06.2024 23:00;15
Stavanger - Våland;SN44640;26.06.2024 00:00;14,8
Stavanger - Våland;SN44640;26.06.2024 01:00;14,9
Stavanger - Våland;SN44640;26.06.2024 02:00;14,5
Stavanger - Våland;SN44640;26.06.2024 03:00;14,8
Stavanger - Våland;SN44640;26.06.2024 04:00;14,2
Stavanger - Våland;SN44640;26.06.2024 05:00;14,8
Stavanger - Våland;SN44640;26.06.2024 06:00;16,2
Stavanger - Våland;SN44640;26.06.2024 07:00;17,7
Stavanger - Våland;SN44640;26.06.2024 08:00;19,2
Stavanger - Våland;SN44640;26.06.2024 09:00;19,7
Stavanger - Våland;SN44640;26.06.2024 10:00;20,2
Stavanger - Våland;SN44640;26.06.2024 11:00;21,4
Stavanger - Våland;SN44640;26.06.2024 12:00;20,1
Stavanger - Våland;SN44640;26.06.2024 13:00;20,4
Stavanger - Våland;SN44640;26.06.2024 14:00;21,5
Stavanger - Våland;SN44640;26.06.2024 15:00;21,9
Stavanger - Våland;SN44640;26.06.2024 16:00;21,9
Stavanger - Våland;SN44640;26.06.2024 17:00;21
Stavanger - Våland;SN44640;26.06.2024 18:00;20,4
Stavanger - Våland;SN44640;26.06.2024 19:00;20,6
Stavanger - Våland;SN44640;26.06.2024 20:00;19,9
Stavanger - Våland;SN44640;26.06.2024 21:00;18,5
Stavanger - Våland;SN44640;26.06.2024 22:00;16,9
Stavanger - Våland;SN44640;26.06.2024 23:00;16,1
Stavanger - Våland;SN44640;27.06.2024 00:00;15,9
Stavanger - Våland;SN44640;27.06.2024 01:00;15,9
Stavanger - Våland;SN44640;27.06.2024 02:00;16
Stavanger - Våland;SN44640;27.06.2024 03:00;17
Stavanger - Våland;SN44640;27.06.2024 04:00;17,7
Stavanger - Våland;SN44640;27.06.2024 05:00;18,7
Stavanger - Våland;SN44640;27.06.2024 06:00;19,5
Stavanger - Våland;SN44640;27.06.2024 07:00;22
Stavanger - Våland;SN44640;27.06.2024 08:00;22,2
Stavanger - Våland;SN44640;27.06.2024 09:00;23,8
Stavanger - Våland;SN44640;27.06.2024 10:00;25,2
Stavanger - Våland;SN44640;27.06.2024 11:00;25,4
Stavanger - Våland;SN44640;27.06.2024 12:00;26
Stavanger - Våland;SN44640;27.06.2024 13:00;25,3
Stavanger - Våland;SN44640;27.06.2024 14:00;27,1
Stavanger - Våland;SN44640;27.06.2024 15:00;27,2
Stavanger - Våland;SN44640;27.06.2024 16:00;27,2
Stavanger - Våland;SN44640;27.06.2024 17:00;25,3
Stavanger - Våland;SN44640;27.06.2024 18:00;25
Stavanger - Våland;SN44640;27.06.2024 19:00;24,3
Stavanger - Våland;SN44640;27.06.2024 20:00;23,7
Stavanger - Våland;SN44640;27.06.2024 21:00;22,9
Stavanger - Våland;SN44640;27.06.2024 22:00;22,2
Stavanger - Våland;SN44640;27.06.2024 23:00;18,2
Stavanger - Våland;SN44640;28.06.2024 00:00;16,5
Stavanger - Våland;SN44640;28.06.2024 01:00;16
Stavanger - Våland;SN44640;28.06.2024 02:00;15,7
Stavanger - Våland;SN44640;28.06.2024 03:00;15,3
Stavanger - Våland;SN44640;28.06.2024 04:00;14,5
Stavanger - Våland;SN44640;28.06.2024 05:00;14,7
Stavanger - Våland;SN44640;28.06.2024 06:00;16,4
Stavanger - Våland;SN44640;28.06.2024 07:00;17,6
Stavanger - Våland;SN44640;28.06.2024 08:00;17,8
Stavanger - Våland;SN44640;28.06.2024 09:00;17,6
Stavanger - Våland;SN44640;28.06.2024 10:00;19
Stavanger - Våland;SN44640;28.06.2024 11:00;18
Stavanger - Våland;SN44640;28.06.2024 12:00;18,1
Stavanger - Våland;SN44640;28.06.2024 13:00;14,6
Stavanger - Våland;SN44640;28.06.2024 14:00;16,2
Stavanger - Våland;SN44640;28.06.2024 15:00;15,7
Stavanger - Våland;SN44640;28.06.2024 16:00;14
Stavanger - Våland;SN44640;28.06.2024 17:00;12,3
Stavanger - Våland;SN44640;28.06.2024 18:00;12,1
Stavanger - Våland;SN44640;28.06.2024 19:00;12,1
Stavanger - Våland;SN44640;28.06.2024 20:00;11,4
Stavanger - Våland;SN44640;28.06.2024 21:00;11,8
Stavanger - Våland;SN44640;28.06.2024 22:00;11,2
Stavanger - Våland;SN44640;28.06.2024 23:00;11,6
Stavanger - Våland;SN44640;29.06.2024 00:00;11,8
Stavanger - Våland;SN44640;29.06.2024 01:00;12,2
Stavanger - Våland;SN44640;29.06.2024 02:00;12,4
Stavanger - Våland;SN44640;29.06.2024 03:00;12
Stavanger - Våland;SN44640;29.06.2024 04:00;11,3
Stavanger - Våland;SN44640;29.06.2024 05:00;11,6
Stavanger - Våland;SN44640;29.06.2024 06:00;11,8
Stavanger - Våland;SN44640;29.06.2024 07:00;10
Stavanger - Våland;SN44640;29.06.2024 08:00;10,9
Stavanger - Våland;SN44640;29.06.2024 09:00;13,9
Stavanger - Våland;SN44640;29.06.2024 10:00;14,3
Stavanger - Våland;SN44640;29.06.2024 11:00;14,4
Stavanger - Våland;SN44640;29.06.2024 12:00;14,1
Stavanger - Våland;SN44640;29.06.2024 13:00;14,6
Stavanger - Våland;SN44640;29.06.2024 14:00;14,2
Stavanger - Våland;SN44640;29.06.2024 15:00;14,5
Stavanger - Våland;SN44640;29.06.2024 16:00;14,2
Stavanger - Våland;SN44640;29.06.2024 17:00;14,2
Stavanger - Våland;SN44640;29.06.2024 18:00;12,5
Stavanger - Våland;SN44640;29.06.2024 19:00;13,1
Stavanger - Våland;SN44640;29.06.2024 20:00;12,7
Stavanger - Våland;SN44640;29.06.2024 21:00;12,3
Stavanger - Våland;SN44640;29.06.2024 22:00;12,2
Stavanger - Våland;SN44640;29.06.2024 23:00;11,8
Stavanger - Våland;SN44640;30.06.2024 00:00;11,7
Stavanger - Våland;SN44640;30.06.2024 01:00;11,5
Stavanger - Våland;SN44640;30.06.2024 02:00;11,1
Stavanger - Våland;SN44640;30.06.2024 03:00;11
Stavanger - Våland;SN44640;30.06.2024 04:00;10,9
Stavanger - Våland;SN44640;30.06.2024 05:00;11
Stavanger - Våland;SN44640;30.06.2024 06:00;10,8
Stavanger - Våland;SN44640;30.06.2024 07:00;11,7
Stavanger - Våland;SN44640;30.06.2024 08:00;14,4
Stavanger - Våland;SN44640;30.06.2024 09:00;14,2
Stavanger - Våland;SN44640;30.06.2024 10:00;13,9
Stavanger - Våland;SN44640;30.06.2024 11:00;16,5
Stavanger - Våland;SN44640;30.06.2024 12:00;14,4
Stavanger - Våland;SN44640;30.06.2024 13:00;15,1
Stavanger - Våland;SN44640;30.06.2024 14:00;14,1
Stavanger - Våland;SN44640;30.06.2024 15:00;14,2
Stavanger - Våland;SN44640;30.06.2024 16:00;16,5
Stavanger - Våland;SN44640;30.06.2024 17:00;16,4
Stavanger - Våland;SN44640;30.06.2024 18:00;15,7
Stavanger - Våland;SN44640;30.06.2024 19:00;15,1
Stavanger - Våland;SN44640;30.06.2024 20:00;12,5
Stavanger - Våland;SN44640;30.06.2024 21:00;11,8
Stavanger - Våland;SN44640;30.06.2024 22:00;11,6
Stavanger - Våland;SN44640;30.06.2024 23:00;12,1
Stavanger - Våland;SN44640;01.07.2024 00:00;12,5
Stavanger - Våland;SN44640;01.07.2024 01:00;12,4
Stavanger - Våland;SN44640;01.07.2024 02:00;12,2
Stavanger - Våland;SN44640;01.07.2024 03:00;12
Stavanger - Våland;SN44640;01.07.2024 04:00;11,9
Stavanger - Våland;SN44640;01.07.2024 05:00;11,7
Stavanger - Våland;SN44640;01.07.2024 06:00;12,1
Stavanger - Våland;SN44640;01.07.2024 07:00;11,8
Stavanger - Våland;SN44640;01.07.2024 08:00;12
Stavanger - Våland;SN44640;01.07.2024 09:00;12,1
Stavanger - Våland;SN44640;01.07.2024 10:00;12,6
Stavanger - Våland;SN44640;01.07.2024 11:00;12,1
Stavanger - Våland;SN44640;01.07.2024 12:00;12,6
Stavanger - Våland;SN44640;01.07.2024 13:00;12,7
Stavanger - Våland;SN44640;01.07.2024 14:00;13,2
Stavanger - Våland;SN44640;01.07.2024 15:00;13,4
Stavanger - Våland;SN44640;01.07.2024 16:00;13
Stavanger - Våland;SN44640;01.07.2024 17:00;12,5
Stavanger - Våland;SN44640;01.07.2024 18:00;13
Stavanger - Våland;SN44640;01.07.2024 19:00;12,1
Stavanger - Våland;SN44640;01.07.2024 20:00;11,6
Stavanger - Våland;SN44640;01.07.2024 21:00;11,3
Stavanger - Våland;SN44640;01.07.2024 22:00;11,4
Stavanger - Våland;SN44640;01.07.2024 23:00;11,4
Stavanger - Våland;SN44640;02.07.2024 00:00;11,3
Stavanger - Våland;SN44640;02.07.2024 01:00;11,4
Stavanger - Våland;SN44640;02.07.2024 02:00;11,3
Stavanger - Våland;SN44640;02.07.2024 03:00;11,4
Stavanger - Våland;SN44640;02.07.2024 04:00;11,6
Stavanger - Våland;SN44640;02.07.2024 05:00;11,4
Stavanger - Våland;SN44640;02.07.2024 06:00;11,1
Stavanger - Våland;SN44640;02.07.2024 07:00;10,9
Stavanger - Våland;SN44640;02.07.2024 08:00;10,8
Stavanger - Våland;SN44640;02.07.2024 09:00;11,2
Stavanger - Våland;SN44640;02.07.2024 10:00;11,7
Stavanger - Våland;SN44640;02.07.2024 11:00;13,4
Stavanger - Våland;SN44640;02.07.2024 12:00;14,3
Stavanger - Våland;SN44640;02.07.2024 13:00;15,2
Stavanger - Våland;SN44640;02.07.2024 14:00;13,6
Stavanger - Våland;SN44640;02.07.2024 15:00;14,2
Stavanger - Våland;SN44640;02.07.2024 16:00;15,5
Stavanger - Våland;SN44640;02.07.2024 17:00;14
Stavanger - Våland;SN44640;02.07.2024 18:00;13,4
Stavanger - Våland;SN44640;02.07.2024 19:00;13,1
Stavanger - Våland;SN44640;02.07.2024 20:00;12,5
Stavanger - Våland;SN44640;02.07.2024 21:00;12,2
Stavanger - Våland;SN44640;02.07.2024 22:00;11,5
Stavanger - Våland;SN44640;02.07.2024 23:00;11,4
Stavanger - Våland;SN44640;03.07.2024 00:00;11,3
Stavanger - Våland;SN44640;03.07.2024 01:00;11,3
Stavanger - Våland;SN44640;03.07.2024 02:00;11,2
Stavanger - Våland;SN44640;03.07.2024 03:00;11
Stavanger - Våland;SN44640;03.07.2024 04:00;10,3
Stavanger - Våland;SN44640;03.07.2024 05:00;10,9
Stavanger - Våland;SN44640;03.07.2024 06:00;11,2
Stavanger - Våland;SN44640;03.07.2024 07:00;12
Stavanger - Våland;SN44640;03.07.2024 08:00;13
Stavanger - Våland;SN44640;03.07.2024 09:00;12,7
Stavanger - Våland;SN44640;03.07.2024 10:00;13,2
Stavanger - Våland;SN44640;03.07.2024 11:00;13,5
Stavanger - Våland;SN44640;03.07.2024 12:00;13,9
Stavanger - Våland;SN44640;03.07.2024 13:00;13,5
Stavanger - Våland;SN44640;03.07.2024 14:00;13,4
Stavanger - Våland;SN44640;03.07.2024 15:00;13,8
Stavanger - Våland;SN44640;03.07.2024 16:00;14,8
Stavanger - Våland;SN44640;03.07.2024 17:00;15,5
Stavanger - Våland;SN44640;03.07.2024 18:00;15
Stavanger - Våland;SN44640;03.07.2024 19:00;14,6
Stavanger - Våland;SN44640;03.07.2024 20:00;12,6
Stavanger - Våland;SN44640;03.07.2024 21:00;12,3
Stavanger - Våland;SN44640;03.07.2024 22:00;12,2
Stavanger - Våland;SN44640;03.07.2024 23:00;11,8
Stavanger - Våland;SN44640;04.07.2024 00:00;11,3
Stavanger - Våland;SN44640;04.07.2024 01:00;11,4
Stavanger - Våland;SN44640;04.07.2024 02:00;10,8
Stavanger - Våland;SN44640;04.07.2024 03:00;11
Stavanger - Våland;SN44640;04.07.2024 04:00;11,4
Stavanger - Våland;SN44640;04.07.2024 05:00;11,9
Stavanger - Våland;SN44640;04.07.2024 06:00;11,6
Stavanger - Våland;SN44640;04.07.2024 07:00;12,2
Stavanger - Våland;SN44640;04.07.2024 08:00;12,2
Stavanger - Våland;SN44640;04.07.2024 09:00;11,3
Stavanger - Våland;SN44640;04.07.2024 10:00;11,9
Stavanger - Våland;SN44640;04.07.2024 11:00;10,1
Stavanger - Våland;SN44640;04.07.2024 12:00;10,4
Stavanger - Våland;SN44640;04.07.2024 13:00;10,8
Stavanger - Våland;SN44640;04.07.2024 14:00;10,8
Stavanger - Våland;SN44640;04.07.2024 15:00;10,9
Stavanger - Våland;SN44640;04.07.2024 16:00;11,1
Stavanger - Våland;SN44640;04.07.2024 17:00;13,1
Stavanger - Våland;SN44640;04.07.2024 18:00;12,2
Stavanger - Våland;SN44640;04.07.2024 19:00;13,2
Stavanger - Våland;SN44640;04.07.2024 20:00;11
Stavanger - Våland;SN44640;04.07.2024 21:00;10,9
Stavanger - Våland;SN44640;04.07.2024 22:00;9,5
Stavanger - Våland;SN44640;04.07.2024 23:00;9,6
Stavanger - Våland;SN44640;05.07.2024 00:00;9,4
Stavanger - Våland;SN44640;05.07.2024 01:00;9,2
Stavanger - Våland;SN44640;05.07.2024 02:00;9
Stavanger - Våland;SN44640;05.07.2024 03:00;8,5
Stavanger - Våland;SN44640;05.07.2024 04:00;9
Stavanger - Våland;SN44640;05.07.2024 05:00;10
Stavanger - Våland;SN44640;05.07.2024 06:00;9,7
Stavanger - Våland;SN44640;05.07.2024 07:00;9,7
Stavanger - Våland;SN44640;05.07.2024 08:00;10
Stavanger - Våland;SN44640;05.07.2024 09:00;11
Stavanger - Våland;SN44640;05.07.2024 10:00;11,3
Stavanger - Våland;SN44640;05.07.2024 11:00;12,2
Stavanger - Våland;SN44640;05.07.2024 12:00;12,6
Stavanger - Våland;SN44640;05.07.2024 13:00;13,5
Stavanger - Våland;SN44640;05.07.2024 14:00;11,7
Stavanger - Våland;SN44640;05.07.2024 15:00;12,8
Stavanger - Våland;SN44640;05.07.2024 16:00;11,9
Stavanger - Våland;SN44640;05.07.2024 17:00;12,5
Stavanger - Våland;SN44640;05.07.2024 18:00;13,3
Stavanger - Våland;SN44640;05.07.2024 19:00;12,8
Stavanger - Våland;SN44640;05.07.2024 20:00;12,4
Stavanger - Våland;SN44640;05.07.2024 21:00;11,5
Stavanger - Våland;SN44640;05.07.2024 22:00;10,3
Stavanger - Våland;SN44640;05.07.2024 23:00;9,7
Stavanger - Våland;SN44640;06.07.2024 00:00;9,7
Stavanger - Våland;SN44640;06.07.2024 01:00;9,7
Stavanger - Våland;SN44640;06.07.2024 02:00;9,6
Stavanger - Våland;SN44640;06.07.2024 03:00;9,6
Stavanger - Våland;SN44640;06.07.2024 04:00;9,7
Stavanger - Våland;SN44640;06.07.2024 05:00;9,7
Stavanger - Våland;SN44640;06.07.2024 06:00;10,6
Stavanger - Våland;SN44640;06.07.2024 07:00;11,8
Stavanger - Våland;SN44640;06.07.2024 08:00;12,9
Stavanger - Våland;SN44640;06.07.2024 09:00;13,7
Stavanger - Våland;SN44640;06.07.2024 10:00;13,9
Stavanger - Våland;SN44640;06.07.2024 11:00;14,4
Stavanger - Våland;SN44640;06.07.2024 12:00;14,4
Stavanger - Våland;SN44640;06.07.2024 13:00;13
Stavanger - Våland;SN44640;06.07.2024 14:00;13,3
Stavanger - Våland;SN44640;06.07.2024 15:00;14,2
Stavanger - Våland;SN44640;06.07.2024 16:00;14,3
Stavanger - Våland;SN44640;06.07.2024 17:00;14,3
Stavanger - Våland;SN44640;06.07.2024 18:00;13,8
Stavanger - Våland;SN44640;06.07.2024 19:00;13,4
Stavanger - Våland;SN44640;06.07.2024 20:00;13,1
Stavanger - Våland;SN44640;06.07.2024 21:00;12,6
Stavanger - Våland;SN44640;06.07.2024 22:00;12,3
Stavanger - Våland;SN44640;06.07.2024 23:00;12
Stavanger - Våland;SN44640;07.07.2024 00:00;11,9
Stavanger - Våland;SN44640;07.07.2024 01:00;12,2
Stavanger - Våland;SN44640;07.07.2024 02:00;12
Stavanger - Våland;SN44640;07.07.2024 03:00;11,8
Stavanger - Våland;SN44640;07.07.2024 04:00;11,6
Stavanger - Våland;SN44640;07.07.2024 05:00;11,4
Stavanger - Våland;SN44640;07.07.2024 06:00;11,1
Stavanger - Våland;SN44640;07.07.2024 07:00;11
Stavanger - Våland;SN44640;07.07.2024 08:00;11,1
Stavanger - Våland;SN44640;07.07.2024 09:00;11,4
Stavanger - Våland;SN44640;07.07.2024 10:00;12,4
Stavanger - Våland;SN44640;07.07.2024 11:00;12,4
Stavanger - Våland;SN44640;07.07.2024 12:00;12,2
Stavanger - Våland;SN44640;07.07.2024 13:00;11,3
Stavanger - Våland;SN44640;07.07.2024 14:00;12,6
Stavanger - Våland;SN44640;07.07.2024 15:00;12,2
Stavanger - Våland;SN44640;07.07.2024 16:00;13,3
Stavanger - Våland;SN44640;07.07.2024 17:00;12,9
Stavanger - Våland;SN44640;07.07.2024 18:00;12,1
Stavanger - Våland;SN44640;07.07.2024 19:00;11,2
Stavanger - Våland;SN44640;07.07.2024 20:00;11,1
Stavanger - Våland;SN44640;07.07.2024 21:00;11,1
Stavanger - Våland;SN44640;07.07.2024 22:00;11,5
Stavanger - Våland;SN44640;07.07.2024 23:00;11,4
Stavanger - Våland;SN44640;08.07.2024 00:00;11
Stavanger - Våland;SN44640;08.07.2024 01:00;10,6
Stavanger - Våland;SN44640;08.07.2024 02:00;10,6
Stavanger - Våland;SN44640;08.07.2024 03:00;10,5
Stavanger - Våland;SN44640;08.07.2024 04:00;10,5
Stavanger - Våland;SN44640;08.07.2024 05:00;10,6
Stavanger - Våland;SN44640;08.07.2024 06:00;11
Stavanger - Våland;SN44640;08.07.2024 07:00;11,4
Stavanger - Våland;SN44640;08.07.2024 08:00;12,6
Stavanger - Våland;SN44640;08.07.2024 09:00;14,3
Stavanger - Våland;SN44640;08.07.2024 10:00;13,9
Stavanger - Våland;SN44640;08.07.2024 11:00;13,6
Stavanger - Våland;SN44640;08.07.2024 12:00;15,7
Stavanger - Våland;SN44640;08.07.2024 13:00;15,2
Stavanger - Våland;SN44640;08.07.2024 14:00;16,3
Stavanger - Våland;SN44640;08.07.2024 15:00;14,5
Stavanger - Våland;SN44640;08.07.2024 16:00;15,2
Stavanger - Våland;SN44640;08.07.2024 17:00;14,6
Stavanger - Våland;SN44640;08.07.2024 18:00;15,1
Stavanger - Våland;SN44640;08.07.2024 19:00;15,3
Stavanger - Våland;SN44640;08.07.2024 20:00;13,8
Stavanger - Våland;SN44640;08.07.2024 21:00;13
Stavanger - Våland;SN44640;08.07.2024 22:00;11,6
Stavanger - Våland;SN44640;08.07.2024 23:00;11
Stavanger - Våland;SN44640;09.07.2024 00:00;10,8
Stavanger - Våland;SN44640;09.07.2024 01:00;10,4
Stavanger - Våland;SN44640;09.07.2024 02:00;10,3
Stavanger - Våland;SN44640;09.07.2024 03:00;9,8
Stavanger - Våland;SN44640;09.07.2024 04:00;10
Stavanger - Våland;SN44640;09.07.2024 05:00;10
Stavanger - Våland;SN44640;09.07.2024 06:00;11,8
Stavanger - Våland;SN44640;09.07.2024 07:00;13,8
Stavanger - Våland;SN44640;09.07.2024 08:00;14,8
Stavanger - Våland;SN44640;09.07.2024 09:00;15,4
Stavanger - Våland;SN44640;09.07.2024 10:00;17,5
Stavanger - Våland;SN44640;09.07.2024 11:00;18,5
Stavanger - Våland;SN44640;09.07.2024 12:00;18,3
Stavanger - Våland;SN44640;09.07.2024 13:00;18
Stavanger - Våland;SN44640;09.07.2024 14:00;17,8
Stavanger - Våland;SN44640;09.07.2024 15:00;17,9
Stavanger - Våland;SN44640;09.07.2024 16:00;16,5
Stavanger - Våland;SN44640;09.07.2024 17:00;17,2
Stavanger - Våland;SN44640;09.07.2024 18:00;17,5
Stavanger - Våland;SN44640;09.07.2024 19:00;16,1
Stavanger - Våland;SN44640;09.07.2024 20:00;15,9
Stavanger - Våland;SN44640;09.07.2024 21:00;14,6
Stavanger - Våland;SN44640;09.07.2024 22:00;14,2
Stavanger - Våland;SN44640;09.07.2024 23:00;14,4
Stavanger - Våland;SN44640;10.07.2024 00:00;14
Stavanger - Våland;SN44640;10.07.2024 01:00;13,6
Stavanger - Våland;SN44640;10.07.2024 02:00;13,5
Stavanger - Våland;SN44640;10.07.2024 03:00;13,2
Stavanger - Våland;SN44640;10.07.2024 04:00;12,9
Stavanger - Våland;SN44640;10.07.2024 05:00;12,9
Stavanger - Våland;SN44640;10.07.2024 06:00;13,2
Stavanger - Våland;SN44640;10.07.2024 07:00;13,4
Stavanger - Våland;SN44640;10.07.2024 08:00;13,6
Stavanger - Våland;SN44640;10.07.2024 09:00;13,9
Stavanger - Våland;SN44640;10.07.2024 10:00;14,2
Stavanger - Våland;SN44640;10.07.2024 11:00;14,1
Stavanger - Våland;SN44640;10.07.2024 12:00;14,4
Stavanger - Våland;SN44640;10.07.2024 13:00;14,8
Stavanger - Våland;SN44640;10.07.2024 14:00;14,5
Stavanger - Våland;SN44640;10.07.2024 15:00;14,5
Stavanger - Våland;SN44640;10.07.2024 16:00;14,9
Stavanger - Våland;SN44640;10.07.2024 17:00;16
Stavanger - Våland;SN44640;10.07.2024 18:00;16,7
Stavanger - Våland;SN44640;10.07.2024 19:00;16,6
Stavanger - Våland;SN44640;10.07.2024 20:00;16,3
Stavanger - Våland;SN44640;10.07.2024 21:00;15,8
Stavanger - Våland;SN44640;10.07.2024 22:00;15,7
Stavanger - Våland;SN44640;10.07.2024 23:00;15,5
Stavanger - Våland;SN44640;11.07.2024 00:00;15,1
Stavanger - Våland;SN44640;11.07.2024 01:00;14,8
Stavanger - Våland;SN44640;11.07.2024 02:00;15
Stavanger - Våland;SN44640;11.07.2024 03:00;15,1
Stavanger - Våland;SN44640;11.07.2024 04:00;15
Stavanger - Våland;SN44640;11.07.2024 05:00;15,4
Stavanger - Våland;SN44640;11.07.2024 06:00;15,7
Stavanger - Våland;SN44640;11.07.2024 07:00;16,2
Stavanger - Våland;SN44640;11.07.2024 08:00;15,9
Stavanger - Våland;SN44640;11.07.2024 09:00;17,8
Stavanger - Våland;SN44640;11.07.2024 10:00;19,1
Stavanger - Våland;SN44640;11.07.2024 11:00;18,1
Stavanger - Våland;SN44640;11.07.2024 12:00;18,2
Stavanger - Våland;SN44640;11.07.2024 13:00;16,7
Stavanger - Våland;SN44640;11.07.2024 14:00;16,3
Stavanger - Våland;SN44640;11.07.2024 15:00;17,4
Stavanger - Våland;SN44640;11.07.2024 16:00;19
Stavanger - Våland;SN44640;11.07.2024 17:00;17,1
Stavanger - Våland;SN44640;11.07.2024 18:00;17
Stavanger - Våland;SN44640;11.07.2024 19:00;16
Stavanger - Våland;SN44640;11.07.2024 20:00;15
Stavanger - Våland;SN44640;11.07.2024 21:00;14,6
Stavanger - Våland;SN44640;11.07.2024 22:00;14,2
Stavanger - Våland;SN44640;11.07.2024 23:00;14
Stavanger - Våland;SN44640;12.07.2024 00:00;13,8
Stavanger - Våland;SN44640;12.07.2024 01:00;13,9
Stavanger - Våland;SN44640;12.07.2024 02:00;13,8
Stavanger - Våland;SN44640;12.07.2024 03:00;13,6
Stavanger - Våland;SN44640;12.07.2024 04:00;13,5
Stavanger - Våland;SN44640;12.07.2024 05:00;13,3
Stavanger - Våland;SN44640;12.07.2024 06:00;13,4
Stavanger - Våland;SN44640;12.07.2024 07:00;13,7
Stavanger - Våland;SN44640;12.07.2024 08:00;14,4
Stavanger - Våland;SN44640;12.07.2024 09:00;16,2
Stavanger - Våland;SN44640;12.07.2024 10:00;16,3
Stavanger - Våland;SN44640;12.07.2024 11:00;17,3
Stavanger - Våland;SN44640;12.07.2024 12:00;18,1
Stavanger - Våland;SN44640;12.07.2024 13:00;16,7
Stavanger - Våland;SN44640;12.07.2024 14:00;17,7
Stavanger - Våland;SN44640;12.07.2024 15:00;15,9
Stavanger - Våland;SN44640;12.07.2024 16:00;16,8
Stavanger - Våland;SN44640;12.07.2024 17:00;16,4
Stavanger - Våland;SN44640;12.07.2024 18:00;16,6
Stavanger - Våland;SN44640;12.07.2024 19:00;16,7
Stavanger - Våland;SN44640;12.07.2024 20:00;16
Stavanger - Våland;SN44640;12.07.2024 21:00;14,4
Stavanger - Våland;SN44640;12.07.2024 22:00;13,6
Stavanger - Våland;SN44640;12.07.2024 23:00;13
Stavanger - Våland;SN44640;13.07.2024 00:00;12,9
Stavanger - Våland;SN44640;13.07.2024 01:00;12,5
Stavanger - Våland;SN44640;13.07.2024 02:00;12,9
Stavanger - Våland;SN44640;13.07.2024 03:00;12,6
Stavanger - Våland;SN44640;13.07.2024 04:00;12,5
Stavanger - Våland;SN44640;13.07.2024 05:00;13,2
Stavanger - Våland;SN44640;13.07.2024 06:00;13,8
Stavanger - Våland;SN44640;13.07.2024 07:00;14,2
Stavanger - Våland;SN44640;13.07.2024 08:00;17
Stavanger - Våland;SN44640;13.07.2024 09:00;20
Stavanger - Våland;SN44640;13.07.2024 10:00;20,1
Stavanger - Våland;SN44640;13.07.2024 11:00;20,3
Stavanger - Våland;SN44640;13.07.2024 12:00;23,8
Stavanger - Våland;SN44640;13.07.2024 13:00;23,9
Stavanger - Våland;SN44640;13.07.2024 14:00;24,1
Stavanger - Våland;SN44640;13.07.2024 15:00;24,4
Stavanger - Våland;SN44640;13.07.2024 16:00;24,9
Stavanger - Våland;SN44640;13.07.2024 17:00;20,6
Stavanger - Våland;SN44640;13.07.2024 18:00;20,1
Stavanger - Våland;SN44640;13.07.2024 19:00;19,5
Stavanger - Våland;SN44640;13.07.2024 20:00;19,6
Stavanger - Våland;SN44640;13.07.2024 21:00;18,8
Stavanger - Våland;SN44640;13.07.2024 22:00;17,8
Stavanger - Våland;SN44640;13.07.2024 23:00;16,4
Stavanger - Våland;SN44640;14.07.2024 00:00;15,7
Stavanger - Våland;SN44640;14.07.2024 01:00;15,5
Stavanger - Våland;SN44640;14.07.2024 02:00;15,3
Stavanger - Våland;SN44640;14.07.2024 03:00;15,2
Stavanger - Våland;SN44640;14.07.2024 04:00;14,3
Stavanger - Våland;SN44640;14.07.2024 05:00;14,8
Stavanger - Våland;SN44640;14.07.2024 06:00;15,1
Stavanger - Våland;SN44640;14.07.2024 07:00;15,7
Stavanger - Våland;SN44640;14.07.2024 08:00;16,2
Stavanger - Våland;SN44640;14.07.2024 09:00;16,3
Stavanger - Våland;SN44640;14.07.2024 10:00;16,7
Stavanger - Våland;SN44640;14.07.2024 11:00;17,6
Stavanger - Våland;SN44640;14.07.2024 12:00;18,6
Stavanger - Våland;SN44640;14.07.2024 13:00;17,5
Stavanger - Våland;SN44640;14.07.2024 14:00;18,3
Stavanger - Våland;SN44640;14.07.2024 15:00;18,4
Stavanger - Våland;SN44640;14.07.2024 16:00;17,3
Stavanger - Våland;SN44640;14.07.2024 17:00;16,2
Stavanger - Våland;SN44640;14.07.2024 18:00;15,9
Stavanger - Våland;SN44640;14.07.2024 19:00;15,9
Stavanger - Våland;SN44640;14.07.2024 20:00;15,9
Stavanger - Våland;SN44640;14.07.2024 21:00;14,9
Stavanger - Våland;SN44640;14.07.2024 22:00;13,9
Stavanger - Våland;SN44640;14.07.2024 23:00;13,5
Stavanger - Våland;SN44640;15.07.2024 00:00;13,1
Stavanger - Våland;SN44640;15.07.2024 01:00;12,5
Stavanger - Våland;SN44640;15.07.2024 02:00;13
Stavanger - Våland;SN44640;15.07.2024 03:00;11,9
Stavanger - Våland;SN44640;15.07.2024 04:00;12,7
Stavanger - Våland;SN44640;15.07.2024 05:00;12,7
Stavanger - Våland;SN44640;15.07.2024 06:00;13,6
Stavanger - Våland;SN44640;15.07.2024 07:00;14,3
Stavanger - Våland;SN44640;15.07.2024 08:00;14,5
Stavanger - Våland;SN44640;15.07.2024 09:00;15,4
Stavanger - Våland;SN44640;15.07.2024 10:00;18
Stavanger - Våland;SN44640;15.07.2024 11:00;18,4
Stavanger - Våland;SN44640;15.07.2024 12:00;18,1
Stavanger - Våland;SN44640;15.07.2024 13:00;18,8
Stavanger - Våland;SN44640;15.07.2024 14:00;18
Stavanger - Våland;SN44640;15.07.2024 15:00;17,2
Stavanger - Våland;SN44640;15.07.2024 16:00;17,3
Stavanger - Våland;SN44640;15.07.2024 17:00;16,9
Stavanger - Våland;SN44640;15.07.2024 18:00;17,1
Stavanger - Våland;SN44640;15.07.2024 19:00;17
Stavanger - Våland;SN44640;15.07.2024 20:00;15,6
Stavanger - Våland;SN44640;15.07.2024 21:00;15,3
Stavanger - Våland;SN44640;15.07.2024 22:00;14,5
Stavanger - Våland;SN44640;15.07.2024 23:00;13,8
Stavanger - Våland;SN44640;16.07.2024 00:00;14,8
Stavanger - Våland;SN44640;16.07.2024 01:00;15,1
Stavanger - Våland;SN44640;16.07.2024 02:00;15
Stavanger - Våland;SN44640;16.07.2024 03:00;14,6
Stavanger - Våland;SN44640;16.07.2024 04:00;13,7
Stavanger - Våland;SN44640;16.07.2024 05:00;13,3
Stavanger - Våland;SN44640;16.07.2024 06:00;13,3
Stavanger - Våland;SN44640;16.07.2024 07:00;14
Stavanger - Våland;SN44640;16.07.2024 08:00;14,6
Stavanger - Våland;SN44640;16.07.2024 09:00;16
Stavanger - Våland;SN44640;16.07.2024 10:00;16,6
Stavanger - Våland;SN44640;16.07.2024 11:00;17,3
Stavanger - Våland;SN44640;16.07.2024 12:00;17,1
Stavanger - Våland;SN44640;16.07.2024 13:00;17,3
Stavanger - Våland;SN44640;16.07.2024 14:00;18
Stavanger - Våland;SN44640;16.07.2024 15:00;18,2
Stavanger - Våland;SN44640;16.07.2024 16:00;18,1
Stavanger - Våland;SN44640;16.07.2024 17:00;17,4
Stavanger - Våland;SN44640;16.07.2024 18:00;17,1
Stavanger - Våland;SN44640;16.07.2024 19:00;16,4
Stavanger - Våland;SN44640;16.07.2024 20:00;15,7
Stavanger - Våland;SN44640;16.07.2024 21:00;15,2
Stavanger - Våland;SN44640;16.07.2024 22:00;15,2
Stavanger - Våland;SN44640;16.07.2024 23:00;15,2
Stavanger - Våland;SN44640;17.07.2024 00:00;15
Stavanger - Våland;SN44640;17.07.2024 01:00;14,8
Stavanger - Våland;SN44640;17.07.2024 02:00;14,6
Stavanger - Våland;SN44640;17.07.2024 03:00;14,6
Stavanger - Våland;SN44640;17.07.2024 04:00;14,6
Stavanger - Våland;SN44640;17.07.2024 05:00;14,7
Stavanger - Våland;SN44640;17.07.2024 06:00;15
Stavanger - Våland;SN44640;17.07.2024 07:00;15,6
Stavanger - Våland;SN44640;17.07.2024 08:00;16,1
Stavanger - Våland;SN44640;17.07.2024 09:00;16,1
Stavanger - Våland;SN44640;17.07.2024 10:00;17,8
Stavanger - Våland;SN44640;17.07.2024 11:00;17
Stavanger - Våland;SN44640;17.07.2024 12:00;17,9
Stavanger - Våland;SN44640;17.07.2024 13:00;18
Stavanger - Våland;SN44640;17.07.2024 14:00;16,9
Stavanger - Våland;SN44640;17.07.2024 15:00;16,4
Stavanger - Våland;SN44640;17.07.2024 16:00;16,6
Stavanger - Våland;SN44640;17.07.2024 17:00;15
Stavanger - Våland;SN44640;17.07.2024 18:00;14,4
Stavanger - Våland;SN44640;17.07.2024 19:00;14,5
Stavanger - Våland;SN44640;17.07.2024 20:00;14,4
Stavanger - Våland;SN44640;17.07.2024 21:00;14,3
Stavanger - Våland;SN44640;17.07.2024 22:00;14
Stavanger - Våland;SN44640;17.07.2024 23:00;13,5
Stavanger - Våland;SN44640;18.07.2024 00:00;13,7
Stavanger - Våland;SN44640;18.07.2024 01:00;13,8
Stavanger - Våland;SN44640;18.07.2024 02:00;13,8
Stavanger - Våland;SN44640;18.07.2024 03:00;13,6
Stavanger - Våland;SN44640;18.07.2024 04:00;13,3
Stavanger - Våland;SN44640;18.07.2024 05:00;12,8
Stavanger - Våland;SN44640;18.07.2024 06:00;13,4
Stavanger - Våland;SN44640;18.07.2024 07:00;14,1
Stavanger - Våland;SN44640;18.07.2024 08:00;14,9
Stavanger - Våland;SN44640;18.07.2024 09:00;16,8
Stavanger - Våland;SN44640;18.07.2024 10:00;17,9
Stavanger - Våland;SN44640;18.07.2024 11:00;17,5
Stavanger - Våland;SN44640;18.07.2024 12:00;17,4
Stavanger - Våland;SN44640;18.07.2024 13:00;18,7
Stavanger - Våland;SN44640;18.07.2024 14:00;18,3
Stavanger - Våland;SN44640;18.07.2024 15:00;18,2
Stavanger - Våland;SN44640;18.07.2024 16:00;19,3
Stavanger - Våland;SN44640;18.07.2024 17:00;18,2
Stavanger - Våland;SN44640;18.07.2024 18:00;18,8
Stavanger - Våland;SN44640;18.07.2024 19:00;18,8
Stavanger - Våland;SN44640;18.07.2024 20:00;17
Stavanger - Våland;SN44640;18.07.2024 21:00;15,9
Stavanger - Våland;SN44640;18.07.2024 22:00;14,5
Stavanger - Våland;SN44640;18.07.2024 23:00;13,9
Stavanger - Våland;SN44640;19.07.2024 00:00;14,6
Stavanger - Våland;SN44640;19.07.2024 01:00;14,6
Stavanger - Våland;SN44640;19.07.2024 02:00;14,7
Stavanger - Våland;SN44640;19.07.2024 03:00;14,2
Stavanger - Våland;SN44640;19.07.2024 04:00;14,5
Stavanger - Våland;SN44640;19.07.2024 05:00;14,6
Stavanger - Våland;SN44640;19.07.2024 06:00;15,1
Stavanger - Våland;SN44640;19.07.2024 07:00;16,5
Stavanger - Våland;SN44640;19.07.2024 08:00;19,2
Stavanger - Våland;SN44640;19.07.2024 09:00;19,1
Stavanger - Våland;SN44640;19.07.2024 10:00;19,1
Stavanger - Våland;SN44640;19.07.2024 11:00;19,9
Stavanger - Våland;SN44640;19.07.2024 12:00;20,8
Stavanger - Våland;SN44640;19.07.2024 13:00;21,5
Stavanger - Våland;SN44640;19.07.2024 14:00;20,3
Stavanger - Våland;SN44640;19.07.2024 15:00;20,8
Stavanger - Våland;SN44640;19.07.2024 16:00;22,1
Stavanger - Våland;SN44640;19.07.2024 17:00;21,9
Stavanger - Våland;SN44640;19.07.2024 18:00;21,9
Stavanger - Våland;SN44640;19.07.2024 19:00;21,1
Stavanger - Våland;SN44640;19.07.2024 20:00;20
Stavanger - Våland;SN44640;19.07.2024 21:00;18,6
Stavanger - Våland;SN44640;19.07.2024 22:00;18,1
Stavanger - Våland;SN44640;19.07.2024 23:00;17,1
Stavanger - Våland;SN44640;20.07.2024 00:00;16,8
Stavanger - Våland;SN44640;20.07.2024 01:00;16,9
Stavanger - Våland;SN44640;20.07.2024 02:00;16,6
Stavanger - Våland;SN44640;20.07.2024 03:00;16,1
Stavanger - Våland;SN44640;20.07.2024 04:00;15,8
Stavanger - Våland;SN44640;20.07.2024 05:00;15,8
Stavanger - Våland;SN44640;20.07.2024 06:00;17,5
Stavanger - Våland;SN44640;20.07.2024 07:00;20,4
Stavanger - Våland;SN44640;20.07.2024 08:00;22
Stavanger - Våland;SN44640;20.07.2024 09:00;23,3
Stavanger - Våland;SN44640;20.07.2024 10:00;24,8
Stavanger - Våland;SN44640;20.07.2024 11:00;25,7
Stavanger - Våland;SN44640;20.07.2024 12:00;26,4
Stavanger - Våland;SN44640;20.07.2024 13:00;26,7
Stavanger - Våland;SN44640;20.07.2024 14:00;26,9
Stavanger - Våland;SN44640;20.07.2024 15:00;27,1
Stavanger - Våland;SN44640;20.07.2024 16:00;26,6
Stavanger - Våland;SN44640;20.07.2024 17:00;26,3
Stavanger - Våland;SN44640;20.07.2024 18:00;25,4
Stavanger - Våland;SN44640;20.07.2024 19:00;24,6
Stavanger - Våland;SN44640;20.07.2024 20:00;22,6
Stavanger - Våland;SN44640;20.07.2024 21:00;20,8
Stavanger - Våland;SN44640;20.07.2024 22:00;19,8
Stavanger - Våland;SN44640;20.07.2024 23:00;19,3
Stavanger - Våland;SN44640;21.07.2024 00:00;19,1
Stavanger - Våland;SN44640;21.07.2024 01:00;18,4
Stavanger - Våland;SN44640;21.07.2024 02:00;18,1
Stavanger - Våland;SN44640;21.07.2024 03:00;18,5
Stavanger - Våland;SN44640;21.07.2024 04:00;19
Stavanger - Våland;SN44640;21.07.2024 05:00;19,2
Stavanger - Våland;SN44640;21.07.2024 06:00;19,9
Stavanger - Våland;SN44640;21.07.2024 07:00;20,2
Stavanger - Våland;SN44640;21.07.2024 08:00;21,5
Stavanger - Våland;SN44640;21.07.2024 09:00;23,1
Stavanger - Våland;SN44640;21.07.2024 10:00;22,3
Stavanger - Våland;SN44640;21.07.2024 11:00;22
Stavanger - Våland;SN44640;21.07.2024 12:00;22,3
Stavanger - Våland;SN44640;21.07.2024 13:00;23,6
Stavanger - Våland;SN44640;21.07.2024 14:00;23,9
Stavanger - Våland;SN44640;21.07.2024 15:00;24,5
Stavanger - Våland;SN44640;21.07.2024 16:00;22
Stavanger - Våland;SN44640;21.07.2024 17:00;21,2
Stavanger - Våland;SN44640;21.07.2024 18:00;18,1
Stavanger - Våland;SN44640;21.07.2024 19:00;15,7
Stavanger - Våland;SN44640;21.07.2024 20:00;15,1
Stavanger - Våland;SN44640;21.07.2024 21:00;14,5
Stavanger - Våland;SN44640;21.07.2024 22:00;14,1
Stavanger - Våland;SN44640;21.07.2024 23:00;13,8
Stavanger - Våland;SN44640;22.07.2024 00:00;13,5
Stavanger - Våland;SN44640;22.07.2024 01:00;13,4
Stavanger - Våland;SN44640;22.07.2024 02:00;13,2
Stavanger - Våland;SN44640;22.07.2024 03:00;12,9
Stavanger - Våland;SN44640;22.07.2024 04:00;12,9
Stavanger - Våland;SN44640;22.07.2024 05:00;12,2
Stavanger - Våland;SN44640;22.07.2024 06:00;13,5
Stavanger - Våland;SN44640;22.07.2024 07:00;13,5
Stavanger - Våland;SN44640;22.07.2024 08:00;14,2
Stavanger - Våland;SN44640;22.07.2024 09:00;16,5
Stavanger - Våland;SN44640;22.07.2024 10:00;16,9
Stavanger - Våland;SN44640;22.07.2024 11:00;18,1
Stavanger - Våland;SN44640;22.07.2024 12:00;19,1
Stavanger - Våland;SN44640;22.07.2024 13:00;18,3
Stavanger - Våland;SN44640;22.07.2024 14:00;18,2
Stavanger - Våland;SN44640;22.07.2024 15:00;18,5
Stavanger - Våland;SN44640;22.07.2024 16:00;18,4
Stavanger - Våland;SN44640;22.07.2024 17:00;17,7
Stavanger - Våland;SN44640;22.07.2024 18:00;17,6
Stavanger - Våland;SN44640;22.07.2024 19:00;17,1
Stavanger - Våland;SN44640;22.07.2024 20:00;15,1
Stavanger - Våland;SN44640;22.07.2024 21:00;13,6
Stavanger - Våland;SN44640;22.07.2024 22:00;12,8
Stavanger - Våland;SN44640;22.07.2024 23:00;13
Stavanger - Våland;SN44640;23.07.2024 00:00;13,1
Stavanger - Våland;SN44640;23.07.2024 01:00;13,3
Stavanger - Våland;SN44640;23.07.2024 02:00;13
Stavanger - Våland;SN44640;23.07.2024 03:00;12,5
Stavanger - Våland;SN44640;23.07.2024 04:00;12,9
Stavanger - Våland;SN44640;23.07.2024 05:00;12,6
Stavanger - Våland;SN44640;23.07.2024 06:00;14,2
Stavanger - Våland;SN44640;23.07.2024 07:00;15
Stavanger - Våland;SN44640;23.07.2024 08:00;16,5
Stavanger - Våland;SN44640;23.07.2024 09:00;16,9
Stavanger - Våland;SN44640;23.07.2024 10:00;17,8
Stavanger - Våland;SN44640;23.07.2024 11:00;19,1
Stavanger - Våland;SN44640;23.07.2024 12:00;19,3
Stavanger - Våland;SN44640;23.07.2024 13:00;19,3
Stavanger - Våland;SN44640;23.07.2024 14:00;20
Stavanger - Våland;SN44640;23.07.2024 15:00;19,2
Stavanger - Våland;SN44640;23.07.2024 16:00;19,4
Stavanger - Våland;SN44640;23.07.2024 17:00;19,2
Stavanger - Våland;SN44640;23.07.2024 18:00;18,6
Stavanger - Våland;SN44640;23.07.2024 19:00;17,1
Stavanger - Våland;SN44640;23.07.2024 20:00;15,3
Stavanger - Våland;SN44640;23.07.2024 21:00;14,6
Stavanger - Våland;SN44640;23.07.2024 22:00;14,1
Stavanger - Våland;SN44640;23.07.2024 23:00;13,7
Stavanger - Våland;SN44640;24.07.2024 00:00;13,3
Stavanger - Våland;SN44640;24.07.2024 01:00;13,1
Stavanger - Våland;SN44640;24.07.2024 02:00;12,8
Stavanger - Våland;SN44640;24.07.2024 03:00;12,7
Stavanger - Våland;SN44640;24.07.2024 04:00;12,3
Stavanger - Våland;SN44640;24.07.2024 05:00;12,5
Stavanger - Våland;SN44640;24.07.2024 06:00;13,8
Stavanger - Våland;SN44640;24.07.2024 07:00;14,8
Stavanger - Våland;SN44640;24.07.2024 08:00;15,2
Stavanger - Våland;SN44640;24.07.2024 09:00;15,7
Stavanger - Våland;SN44640;24.07.2024 10:00;17,7
Stavanger - Våland;SN44640;24.07.2024 11:00;17,5
Stavanger - Våland;SN44640;24.07.2024 12:00;17,4
Stavanger - Våland;SN44640;24.07.2024 13:00;18,3
Stavanger - Våland;SN44640;24.07.2024 14:00;19,1
Stavanger - Våland;SN44640;24.07.2024 15:00;18,9
Stavanger - Våland;SN44640;24.07.2024 16:00;18,3
Stavanger - Våland;SN44640;24.07.2024 17:00;18,1
Stavanger - Våland;SN44640;24.07.2024 18:00;17,4
Stavanger - Våland;SN44640;24.07.2024 19:00;16,7
Stavanger - Våland;SN44640;24.07.2024 20:00;14,7
Stavanger - Våland;SN44640;24.07.2024 21:00;13,4
Stavanger - Våland;SN44640;24.07.2024 22:00;12,4
Stavanger - Våland;SN44640;24.07.2024 23:00;11,7
Stavanger - Våland;SN44640;25.07.2024 00:00;11,2
Stavanger - Våland;SN44640;25.07.2024 01:00;11,3
Stavanger - Våland;SN44640;25.07.2024 02:00;11,4
Stavanger - Våland;SN44640;25.07.2024 03:00;11,4
Stavanger - Våland;SN44640;25.07.2024 04:00;11,1
Stavanger - Våland;SN44640;25.07.2024 05:00;11
Stavanger - Våland;SN44640;25.07.2024 06:00;11,9
Stavanger - Våland;SN44640;25.07.2024 07:00;14
Stavanger - Våland;SN44640;25.07.2024 08:00;14,2
Stavanger - Våland;SN44640;25.07.2024 09:00;15,6
Stavanger - Våland;SN44640;25.07.2024 10:00;16,3
Stavanger - Våland;SN44640;25.07.2024 11:00;15,9
Stavanger - Våland;SN44640;25.07.2024 12:00;15,9
Stavanger - Våland;SN44640;25.07.2024 13:00;16,9
Stavanger - Våland;SN44640;25.07.2024 14:00;17,3
Stavanger - Våland;SN44640;25.07.2024 15:00;17,6
Stavanger - Våland;SN44640;25.07.2024 16:00;17,5
Stavanger - Våland;SN44640;25.07.2024 17:00;17,8
Stavanger - Våland;SN44640;25.07.2024 18:00;17,7
Stavanger - Våland;SN44640;25.07.2024 19:00;16,2
Stavanger - Våland;SN44640;25.07.2024 20:00;15,6
Stavanger - Våland;SN44640;25.07.2024 21:00;15,8
Stavanger - Våland;SN44640;25.07.2024 22:00;15,8
Stavanger - Våland;SN44640;25.07.2024 23:00;15,5
Stavanger - Våland;SN44640;26.07.2024 00:00;15,5
Stavanger - Våland;SN44640;26.07.2024 01:00;15,6
Stavanger - Våland;SN44640;26.07.2024 02:00;15,4
Stavanger - Våland;SN44640;26.07.2024 03:00;15,5
Stavanger - Våland;SN44640;26.07.2024 04:00;15,4
Stavanger - Våland;SN44640;26.07.2024 05:00;15,4
Stavanger - Våland;SN44640;26.07.2024 06:00;15,7
Stavanger - Våland;SN44640;26.07.2024 07:00;15,5
Stavanger - Våland;SN44640;26.07.2024 08:00;15,8
Stavanger - Våland;SN44640;26.07.2024 09:00;16,3
Stavanger - Våland;SN44640;26.07.2024 10:00;18,3
Stavanger - Våland;SN44640;26.07.2024 11:00;18,7
Stavanger - Våland;SN44640;26.07.2024 12:00;18,5
Stavanger - Våland;SN44640;26.07.2024 13:00;18,9
Stavanger - Våland;SN44640;26.07.2024 14:00;18,6
Stavanger - Våland;SN44640;26.07.2024 15:00;18,7
Stavanger - Våland;SN44640;26.07.2024 16:00;18,4
Stavanger - Våland;SN44640;26.07.2024 17:00;17,2
Stavanger - Våland;SN44640;26.07.2024 18:00;17,4
Stavanger - Våland;SN44640;26.07.2024 19:00;17,4
Stavanger - Våland;SN44640;26.07.2024 20:00;15,4
Stavanger - Våland;SN44640;26.07.2024 21:00;14,2
Stavanger - Våland;SN44640;26.07.2024 22:00;13,3
Stavanger - Våland;SN44640;26.07.2024 23:00;13,2
Stavanger - Våland;SN44640;27.07.2024 00:00;13,5
Stavanger - Våland;SN44640;27.07.2024 01:00;12,6
Stavanger - Våland;SN44640;27.07.2024 02:00;12,6
Stavanger - Våland;SN44640;27.07.2024 03:00;12,2
Stavanger - Våland;SN44640;27.07.2024 04:00;11,7
Stavanger - Våland;SN44640;27.07.2024 05:00;11,8
Stavanger - Våland;SN44640;27.07.2024 06:00;12,2
Stavanger - Våland;SN44640;27.07.2024 07:00;15,5
Stavanger - Våland;SN44640;27.07.2024 08:00;13,8
Stavanger - Våland;SN44640;27.07.2024 09:00;15,4
Stavanger - Våland;SN44640;27.07.2024 10:00;17,1
Stavanger - Våland;SN44640;27.07.2024 11:00;17,9
Stavanger - Våland;SN44640;27.07.2024 12:00;18
Stavanger - Våland;SN44640;27.07.2024 13:00;18,3
Stavanger - Våland;SN44640;27.07.2024 14:00;17,3
Stavanger - Våland;SN44640;27.07.2024 15:00;17,3
Stavanger - Våland;SN44640;27.07.2024 16:00;17,3
Stavanger - Våland;SN44640;27.07.2024 17:00;17,2
Stavanger - Våland;SN44640;27.07.2024 18:00;17,9
Stavanger - Våland;SN44640;27.07.2024 19:00;17
Stavanger - Våland;SN44640;27.07.2024 20:00;15,9
Stavanger - Våland;SN44640;27.07.2024 21:00;15
Stavanger - Våland;SN44640;27.07.2024 22:00;13,9
Stavanger - Våland;SN44640;27.07.2024 23:00;13,4
Stavanger - Våland;SN44640;28.07.2024 00:00;12,8
Stavanger - Våland;SN44640;28.07.2024 01:00;12,4
Stavanger - Våland;SN44640;28.07.2024 02:00;12
Stavanger - Våland;SN44640;28.07.2024 03:00;11,4
Stavanger - Våland;SN44640;28.07.2024 04:00;11,4
Stavanger - Våland;SN44640;28.07.2024 05:00;11,7
Stavanger - Våland;SN44640;28.07.2024 06:00;13,2
Stavanger - Våland;SN44640;28.07.2024 07:00;15
Stavanger - Våland;SN44640;28.07.2024 08:00;15,6
Stavanger - Våland;SN44640;28.07.2024 09:00;15,6
Stavanger - Våland;SN44640;28.07.2024 10:00;17,6
Stavanger - Våland;SN44640;28.07.2024 11:00;17,3
Stavanger - Våland;SN44640;28.07.2024 12:00;18,2
Stavanger - Våland;SN44640;28.07.2024 13:00;17,9
Stavanger - Våland;SN44640;28.07.2024 14:00;18
Stavanger - Våland;SN44640;28.07.2024 15:00;17,1
Stavanger - Våland;SN44640;28.07.2024 16:00;17,8
Stavanger - Våland;SN44640;28.07.2024 17:00;16,7
Stavanger - Våland;SN44640;28.07.2024 18:00;16,4
Stavanger - Våland;SN44640;28.07.2024 19:00;15,9
Stavanger - Våland;SN44640;28.07.2024 20:00;14,6
Stavanger - Våland;SN44640;28.07.2024 21:00;13,6
Stavanger - Våland;SN44640;28.07.2024 22:00;12,2
Stavanger - Våland;SN44640;28.07.2024 23:00;11,4
Stavanger - Våland;SN44640;29.07.2024 00:00;11,2
Stavanger - Våland;SN44640;29.07.2024 01:00;10,9
Stavanger - Våland;SN44640;29.07.2024 02:00;11,2
Stavanger - Våland;SN44640;29.07.2024 03:00;11,4
Stavanger - Våland;SN44640;29.07.2024 04:00;11,5
Stavanger - Våland;SN44640;29.07.2024 05:00;11,8
Stavanger - Våland;SN44640;29.07.2024 06:00;12,3
Stavanger - Våland;SN44640;29.07.2024 07:00;13,3
Stavanger - Våland;SN44640;29.07.2024 08:00;14,9
Stavanger - Våland;SN44640;29.07.2024 09:00;15,7
Stavanger - Våland;SN44640;29.07.2024 10:00;17
Stavanger - Våland;SN44640;29.07.2024 11:00;18,4
Stavanger - Våland;SN44640;29.07.2024 12:00;17,7
Stavanger - Våland;SN44640;29.07.2024 13:00;19,2
Stavanger - Våland;SN44640;29.07.2024 14:00;19,4
Stavanger - Våland;SN44640;29.07.2024 15:00;20
Stavanger - Våland;SN44640;29.07.2024 16:00;20,2
Stavanger - Våland;SN44640;29.07.2024 17:00;20,8
Stavanger - Våland;SN44640;29.07.2024 18:00;19,7
Stavanger - Våland;SN44640;29.07.2024 19:00;18,5
Stavanger - Våland;SN44640;29.07.2024 20:00;17,5
Stavanger - Våland;SN44640;29.07.2024 21:00;16,5
Stavanger - Våland;SN44640;29.07.2024 22:00;16
Stavanger - Våland;SN44640;29.07.2024 23:00;15,5
Stavanger - Våland;SN44640;30.07.2024 00:00;15,1
Stavanger - Våland;SN44640;30.07.2024 01:00;15,4
Stavanger - Våland;SN44640;30.07.2024 02:00;15,1
Stavanger - Våland;SN44640;30.07.2024 03:00;15,3
Stavanger - Våland;SN44640;30.07.2024 04:00;15,9
Stavanger - Våland;SN44640;30.07.2024 05:00;15,9
Stavanger - Våland;SN44640;30.07.2024 06:00;16,4
Stavanger - Våland;SN44640;30.07.2024 07:00;16,8
Stavanger - Våland;SN44640;30.07.2024 08:00;18,4
Stavanger - Våland;SN44640;30.07.2024 09:00;18,5
Stavanger - Våland;SN44640;30.07.2024 10:00;18,8
Stavanger - Våland;SN44640;30.07.2024 11:00;18
Stavanger - Våland;SN44640;30.07.2024 12:00;18,7
Stavanger - Våland;SN44640;30.07.2024 13:00;19,7
Stavanger - Våland;SN44640;30.07.2024 14:00;20,6
Stavanger - Våland;SN44640;30.07.2024 15:00;19,2
Stavanger - Våland;SN44640;30.07.2024 16:00;18,7
Stavanger - Våland;SN44640;30.07.2024 17:00;17
Stavanger - Våland;SN44640;30.07.2024 18:00;16,6
Stavanger - Våland;SN44640;30.07.2024 19:00;16,2
Stavanger - Våland;SN44640;30.07.2024 20:00;15,8
Stavanger - Våland;SN44640;30.07.2024 21:00;14,9
Stavanger - Våland;SN44640;30.07.2024 22:00;14
Stavanger - Våland;SN44640;30.07.2024 23:00;12,2
Stavanger - Våland;SN44640;31.07.2024 00:00;11,4
Stavanger - Våland;SN44640;31.07.2024 01:00;12,6
Stavanger - Våland;SN44640;31.07.2024 02:00;12,8
Stavanger - Våland;SN44640;31.07.2024 03:00;13,2
Stavanger - Våland;SN44640;31.07.2024 04:00;12,2
Stavanger - Våland;SN44640;31.07.2024 05:00;13,3
Stavanger - Våland;SN44640;31.07.2024 06:00;13,5
Stavanger - Våland;SN44640;31.07.2024 07:00;14,1
Stavanger - Våland;SN44640;31.07.2024 08:00;16,2
Stavanger - Våland;SN44640;31.07.2024 09:00;15,8
Stavanger - Våland;SN44640;31.07.2024 10:00;16,4
Stavanger - Våland;SN44640;31.07.2024 11:00;17,2
Stavanger - Våland;SN44640;31.07.2024 12:00;17,1
Stavanger - Våland;SN44640;31.07.2024 13:00;17,6
Stavanger - Våland;SN44640;31.07.2024 14:00;17,5
Stavanger - Våland;SN44640;31.07.2024 15:00;16,6
Stavanger - Våland;SN44640;31.07.2024 16:00;16,8
Stavanger - Våland;SN44640;31.07.2024 17:00;16,9
Stavanger - Våland;SN44640;31.07.2024 18:00;16,6
Stavanger - Våland;SN44640;31.07.2024 19:00;15,6
Stavanger - Våland;SN44640;31.07.2024 20:00;14,6
Stavanger - Våland;SN44640;31.07.2024 21:00;12,9
Stavanger - Våland;SN44640;31.07.2024 22:00;11,8
Stavanger - Våland;SN44640;31.07.2024 23:00;11,1
Stavanger - Våland;SN44640;01.08.2024 00:00;11,9
Stavanger - Våland;SN44640;01.08.2024 01:00;11,9
Stavanger - Våland;SN44640;01.08.2024 02:00;11,8
Stavanger - Våland;SN44640;01.08.2024 03:00;11,8
Stavanger - Våland;SN44640;01.08.2024 04:00;11,1
Stavanger - Våland;SN44640;01.08.2024 05:00;11,1
Stavanger - Våland;SN44640;01.08.2024 06:00;11,9
Stavanger - Våland;SN44640;01.08.2024 07:00;14,4
Stavanger - Våland;SN44640;01.08.2024 08:00;15,4
Stavanger - Våland;SN44640;01.08.2024 09:00;15,9
Stavanger - Våland;SN44640;01.08.2024 10:00;16,2
Stavanger - Våland;SN44640;01.08.2024 11:00;17,9
Stavanger - Våland;SN44640;01.08.2024 12:00;17,4
Stavanger - Våland;SN44640;01.08.2024 13:00;18,4
Stavanger - Våland;SN44640;01.08.2024 14:00;19,2
Stavanger - Våland;SN44640;01.08.2024 15:00;18,1
Stavanger - Våland;SN44640;01.08.2024 16:00;18,2
Stavanger - Våland;SN44640;01.08.2024 17:00;17,4
Stavanger - Våland;SN44640;01.08.2024 18:00;18,1
Stavanger - Våland;SN44640;01.08.2024 19:00;16,9
Stavanger - Våland;SN44640;01.08.2024 20:00;14,5
Stavanger - Våland;SN44640;01.08.2024 21:00;13,1
Stavanger - Våland;SN44640;01.08.2024 22:00;12
Stavanger - Våland;SN44640;01.08.2024 23:00;11,5
Stavanger - Våland;SN44640;02.08.2024 00:00;11,8
Stavanger - Våland;SN44640;02.08.2024 01:00;11,4
Stavanger - Våland;SN44640;02.08.2024 02:00;11,5
Stavanger - Våland;SN44640;02.08.2024 03:00;11
Stavanger - Våland;SN44640;02.08.2024 04:00;11,4
Stavanger - Våland;SN44640;02.08.2024 05:00;11,3
Stavanger - Våland;SN44640;02.08.2024 06:00;12,6
Stavanger - Våland;SN44640;02.08.2024 07:00;15
Stavanger - Våland;SN44640;02.08.2024 08:00;16,8
Stavanger - Våland;SN44640;02.08.2024 09:00;18,2
Stavanger - Våland;SN44640;02.08.2024 10:00;19,3
Stavanger - Våland;SN44640;02.08.2024 11:00;20,1
Stavanger - Våland;SN44640;02.08.2024 12:00;19,6
Stavanger - Våland;SN44640;02.08.2024 13:00;20,4
Stavanger - Våland;SN44640;02.08.2024 14:00;20,4
Stavanger - Våland;SN44640;02.08.2024 15:00;19,5
Stavanger - Våland;SN44640;02.08.2024 16:00;18,8
Stavanger - Våland;SN44640;02.08.2024 17:00;19,3
Stavanger - Våland;SN44640;02.08.2024 18:00;18,5
Stavanger - Våland;SN44640;02.08.2024 19:00;17
Stavanger - Våland;SN44640;02.08.2024 20:00;16,4
Stavanger - Våland;SN44640;02.08.2024 21:00;15,5
Stavanger - Våland;SN44640;02.08.2024 22:00;14,7
Stavanger - Våland;SN44640;02.08.2024 23:00;13,9
Stavanger - Våland;SN44640;03.08.2024 00:00;13,6
Stavanger - Våland;SN44640;03.08.2024 01:00;13,6
Stavanger - Våland;SN44640;03.08.2024 02:00;13,7
Stavanger - Våland;SN44640;03.08.2024 03:00;13,8
Stavanger - Våland;SN44640;03.08.2024 04:00;13,4
Stavanger - Våland;SN44640;03.08.2024 05:00;13,4
Stavanger - Våland;SN44640;03.08.2024 06:00;14,3
Stavanger - Våland;SN44640;03.08.2024 07:00;15,3
Stavanger - Våland;SN44640;03.08.2024 08:00;16,3
Stavanger - Våland;SN44640;03.08.2024 09:00;17,1
Stavanger - Våland;SN44640;03.08.2024 10:00;17,6
Stavanger - Våland;SN44640;03.08.2024 11:00;18,6
Stavanger - Våland;SN44640;03.08.2024 12:00;19
Stavanger - Våland;SN44640;03.08.2024 13:00;18,6
Stavanger - Våland;SN44640;03.08.2024 14:00;19
Stavanger - Våland;SN44640;03.08.2024 15:00;19,7
Stavanger - Våland;SN44640;03.08.2024 16:00;19,2
Stavanger - Våland;SN44640;03.08.2024 17:00;16,7
Stavanger - Våland;SN44640;03.08.2024 18:00;16,6
Stavanger - Våland;SN44640;03.08.2024 19:00;16,5
Stavanger - Våland;SN44640;03.08.2024 20:00;16
Stavanger - Våland;SN44640;03.08.2024 21:00;15,8
Stavanger - Våland;SN44640;03.08.2024 22:00;15,8
Stavanger - Våland;SN44640;03.08.2024 23:00;15,6
Stavanger - Våland;SN44640;04.08.2024 00:00;15,5
Stavanger - Våland;SN44640;04.08.2024 01:00;15,2
Stavanger - Våland;SN44640;04.08.2024 02:00;13,9
Stavanger - Våland;SN44640;04.08.2024 03:00;13,4
Stavanger - Våland;SN44640;04.08.2024 04:00;13,4
Stavanger - Våland;SN44640;04.08.2024 05:00;13,3
Stavanger - Våland;SN44640;04.08.2024 06:00;13,2
Stavanger - Våland;SN44640;04.08.2024 07:00;13,4
Stavanger - Våland;SN44640;04.08.2024 08:00;13,5
Stavanger - Våland;SN44640;04.08.2024 09:00;13,7
Stavanger - Våland;SN44640;04.08.2024 10:00;14,2
Stavanger - Våland;SN44640;04.08.2024 11:00;15,6
Stavanger - Våland;SN44640;04.08.2024 12:00;16,6
Stavanger - Våland;SN44640;04.08.2024 13:00;17,2
Stavanger - Våland;SN44640;04.08.2024 14:00;17,4
Stavanger - Våland;SN44640;04.08.2024 15:00;17,6
Stavanger - Våland;SN44640;04.08.2024 16:00;16,5
Stavanger - Våland;SN44640;04.08.2024 17:00;16,9
Stavanger - Våland;SN44640;04.08.2024 18:00;16,2
Stavanger - Våland;SN44640;04.08.2024 19:00;15,8
Stavanger - Våland;SN44640;04.08.2024 20:00;14,3
Stavanger - Våland;SN44640;04.08.2024 21:00;12,9
Stavanger - Våland;SN44640;04.08.2024 22:00;11,8
Stavanger - Våland;SN44640;04.08.2024 23:00;11,1
Stavanger - Våland;SN44640;05.08.2024 00:00;11,1
Stavanger - Våland;SN44640;05.08.2024 01:00;11,5
Stavanger - Våland;SN44640;05.08.2024 02:00;11,4
Stavanger - Våland;SN44640;05.08.2024 03:00;11,1
Stavanger - Våland;SN44640;05.08.2024 04:00;11,3
Stavanger - Våland;SN44640;05.08.2024 05:00;11,3
Stavanger - Våland;SN44640;05.08.2024 06:00;12,3
Stavanger - Våland;SN44640;05.08.2024 07:00;13,2
Stavanger - Våland;SN44640;05.08.2024 08:00;15,1
Stavanger - Våland;SN44640;05.08.2024 09:00;17,6
Stavanger - Våland;SN44640;05.08.2024 10:00;18
Stavanger - Våland;SN44640;05.08.2024 11:00;18
Stavanger - Våland;SN44640;05.08.2024 12:00;18,2
Stavanger - Våland;SN44640;05.08.2024 13:00;17,9
Stavanger - Våland;SN44640;05.08.2024 14:00;18,7
Stavanger - Våland;SN44640;05.08.2024 15:00;17,8
Stavanger - Våland;SN44640;05.08.2024 16:00;17,1
Stavanger - Våland;SN44640;05.08.2024 17:00;18
Stavanger - Våland;SN44640;05.08.2024 18:00;17,8
Stavanger - Våland;SN44640;05.08.2024 19:00;17,5
Stavanger - Våland;SN44640;05.08.2024 20:00;17,1
Stavanger - Våland;SN44640;05.08.2024 21:00;17,1
Stavanger - Våland;SN44640;05.08.2024 22:00;17,5
Stavanger - Våland;SN44640;05.08.2024 23:00;17,7
Stavanger - Våland;SN44640;06.08.2024 00:00;17,7
Stavanger - Våland;SN44640;06.08.2024 01:00;17,8
Stavanger - Våland;SN44640;06.08.2024 02:00;17,8
Stavanger - Våland;SN44640;06.08.2024 03:00;17,8
Stavanger - Våland;SN44640;06.08.2024 04:00;17,6
Stavanger - Våland;SN44640;06.08.2024 05:00;17,5
Stavanger - Våland;SN44640;06.08.2024 06:00;17,7
Stavanger - Våland;SN44640;06.08.2024 07:00;18,1
Stavanger - Våland;SN44640;06.08.2024 08:00;18,5
Stavanger - Våland;SN44640;06.08.2024 09:00;19,1
Stavanger - Våland;SN44640;06.08.2024 10:00;19,6
Stavanger - Våland;SN44640;06.08.2024 11:00;20,8
Stavanger - Våland;SN44640;06.08.2024 12:00;21
Stavanger - Våland;SN44640;06.08.2024 13:00;23,5
Stavanger - Våland;SN44640;06.08.2024 14:00;22
Stavanger - Våland;SN44640;06.08.2024 15:00;21,4
Stavanger - Våland;SN44640;06.08.2024 16:00;20,9
Stavanger - Våland;SN44640;06.08.2024 17:00;20,2
Stavanger - Våland;SN44640;06.08.2024 18:00;19,5
Stavanger - Våland;SN44640;06.08.2024 19:00;19,6
Stavanger - Våland;SN44640;06.08.2024 20:00;19,9
Stavanger - Våland;SN44640;06.08.2024 21:00;19,7
Stavanger - Våland;SN44640;06.08.2024 22:00;19,5
Stavanger - Våland;SN44640;06.08.2024 23:00;19,2
Stavanger - Våland;SN44640;07.08.2024 00:00;19,4
Stavanger - Våland;SN44640;07.08.2024 01:00;18,8
Stavanger - Våland;SN44640;07.08.2024 02:00;16,8
Stavanger - Våland;SN44640;07.08.2024 03:00;16,7
Stavanger - Våland;SN44640;07.08.2024 04:00;17,4
Stavanger - Våland;SN44640;07.08.2024 05:00;17,8
Stavanger - Våland;SN44640;07.08.2024 06:00;17,5
Stavanger - Våland;SN44640;07.08.2024 07:00;14,7
Stavanger - Våland;SN44640;07.08.2024 08:00;13,9
Stavanger - Våland;SN44640;07.08.2024 09:00;13,9
Stavanger - Våland;SN44640;07.08.2024 10:00;14,1
Stavanger - Våland;SN44640;07.08.2024 11:00;15,4
Stavanger - Våland;SN44640;07.08.2024 12:00;17,6
Stavanger - Våland;SN44640;07.08.2024 13:00;19,1
Stavanger - Våland;SN44640;07.08.2024 14:00;19,8
Stavanger - Våland;SN44640;07.08.2024 15:00;20,2
Stavanger - Våland;SN44640;07.08.2024 16:00;20,8
Stavanger - Våland;SN44640;07.08.2024 17:00;19,8
Stavanger - Våland;SN44640;07.08.2024 18:00;18,5
Stavanger - Våland;SN44640;07.08.2024 19:00;17,9
Stavanger - Våland;SN44640;07.08.2024 20:00;17,3
Stavanger - Våland;SN44640;07.08.2024 21:00;15,8
Stavanger - Våland;SN44640;07.08.2024 22:00;15,4
Stavanger - Våland;SN44640;07.08.2024 23:00;15,3
Stavanger - Våland;SN44640;08.08.2024 00:00;15,6
Stavanger - Våland;SN44640;08.08.2024 01:00;15,4
Stavanger - Våland;SN44640;08.08.2024 02:00;15,5
Stavanger - Våland;SN44640;08.08.2024 03:00;14,5
Stavanger - Våland;SN44640;08.08.2024 04:00;14,6
Stavanger - Våland;SN44640;08.08.2024 05:00;14,8
Stavanger - Våland;SN44640;08.08.2024 06:00;14,8
Stavanger - Våland;SN44640;08.08.2024 07:00;15,1
Stavanger - Våland;SN44640;08.08.2024 08:00;14,9
Stavanger - Våland;SN44640;08.08.2024 09:00;18,1
Stavanger - Våland;SN44640;08.08.2024 10:00;16,5
Stavanger - Våland;SN44640;08.08.2024 11:00;16,7
Stavanger - Våland;SN44640;08.08.2024 12:00;17,5
Stavanger - Våland;SN44640;08.08.2024 13:00;18,4
Stavanger - Våland;SN44640;08.08.2024 14:00;17,6
Stavanger - Våland;SN44640;08.08.2024 15:00;17,1
Stavanger - Våland;SN44640;08.08.2024 16:00;17
Stavanger - Våland;SN44640;08.08.2024 17:00;17,5
Stavanger - Våland;SN44640;08.08.2024 18:00;16,6
Stavanger - Våland;SN44640;08.08.2024 19:00;15,6
Stavanger - Våland;SN44640;08.08.2024 20:00;15,3
Stavanger - Våland;SN44640;08.08.2024 21:00;14,2
Stavanger - Våland;SN44640;08.08.2024 22:00;13,6
Stavanger - Våland;SN44640;08.08.2024 23:00;14,6
Stavanger - Våland;SN44640;09.08.2024 00:00;15,3
Stavanger - Våland;SN44640;09.08.2024 01:00;15,1
Stavanger - Våland;SN44640;09.08.2024 02:00;14,6
Stavanger - Våland;SN44640;09.08.2024 03:00;14,6
Stavanger - Våland;SN44640;09.08.2024 04:00;14,6
Stavanger - Våland;SN44640;09.08.2024 05:00;14,1
Stavanger - Våland;SN44640;09.08.2024 06:00;14,7
Stavanger - Våland;SN44640;09.08.2024 07:00;15,7
Stavanger - Våland;SN44640;09.08.2024 08:00;15,4
Stavanger - Våland;SN44640;09.08.2024 09:00;16,4
Stavanger - Våland;SN44640;09.08.2024 10:00;16,4
Stavanger - Våland;SN44640;09.08.2024 11:00;16
Stavanger - Våland;SN44640;09.08.2024 12:00;15,2
Stavanger - Våland;SN44640;09.08.2024 13:00;16
Stavanger - Våland;SN44640;09.08.2024 14:00;15,8
Stavanger - Våland;SN44640;09.08.2024 15:00;14,8
Stavanger - Våland;SN44640;09.08.2024 16:00;15,5
Stavanger - Våland;SN44640;09.08.2024 17:00;16,4
Stavanger - Våland;SN44640;09.08.2024 18:00;14,3
Stavanger - Våland;SN44640;09.08.2024 19:00;14,2
Stavanger - Våland;SN44640;09.08.2024 20:00;14,6
Stavanger - Våland;SN44640;09.08.2024 21:00;13,5
Stavanger - Våland;SN44640;09.08.2024 22:00;13,1
Stavanger - Våland;SN44640;09.08.2024 23:00;13,2
Stavanger - Våland;SN44640;10.08.2024 00:00;14,1
Stavanger - Våland;SN44640;10.08.2024 01:00;14,3
Stavanger - Våland;SN44640;10.08.2024 02:00;14,6
Stavanger - Våland;SN44640;10.08.2024 03:00;12,8
Stavanger - Våland;SN44640;10.08.2024 04:00;14,3
Stavanger - Våland;SN44640;10.08.2024 05:00;13,5
Stavanger - Våland;SN44640;10.08.2024 06:00;14,2
Stavanger - Våland;SN44640;10.08.2024 07:00;14,8
Stavanger - Våland;SN44640;10.08.2024 08:00;14,5
Stavanger - Våland;SN44640;10.08.2024 09:00;14,3
Stavanger - Våland;SN44640;10.08.2024 10:00;15,9
Stavanger - Våland;SN44640;10.08.2024 11:00;15,4
Stavanger - Våland;SN44640;10.08.2024 12:00;15,7
Stavanger - Våland;SN44640;10.08.2024 13:00;15,2
Stavanger - Våland;SN44640;10.08.2024 14:00;14,7
Stavanger - Våland;SN44640;10.08.2024 15:00;16,7
Stavanger - Våland;SN44640;10.08.2024 16:00;15,8
Stavanger - Våland;SN44640;10.08.2024 17:00;15,3
Stavanger - Våland;SN44640;10.08.2024 18:00;15,5
Stavanger - Våland;SN44640;10.08.2024 19:00;14,8
Stavanger - Våland;SN44640;10.08.2024 20:00;13,6
Stavanger - Våland;SN44640;10.08.2024 21:00;13,3
Stavanger - Våland;SN44640;10.08.2024 22:00;13,7
Stavanger - Våland;SN44640;10.08.2024 23:00;13,8
Stavanger - Våland;SN44640;11.08.2024 00:00;13,3
Stavanger - Våland;SN44640;11.08.2024 01:00;12,9
Stavanger - Våland;SN44640;11.08.2024 02:00;11,3
Stavanger - Våland;SN44640;11.08.2024 03:00;11,7
Stavanger - Våland;SN44640;11.08.2024 04:00;12,1
Stavanger - Våland;SN44640;11.08.2024 05:00;11,9
Stavanger - Våland;SN44640;11.08.2024 06:00;11,9
Stavanger - Våland;SN44640;11.08.2024 07:00;13,9
Stavanger - Våland;SN44640;11.08.2024 08:00;15,1
Stavanger - Våland;SN44640;11.08.2024 09:00;14,5
Stavanger - Våland;SN44640;11.08.2024 10:00;16,5
Stavanger - Våland;SN44640;11.08.2024 11:00;16,7
Stavanger - Våland;SN44640;11.08.2024 12:00;17,3
Stavanger - Våland;SN44640;11.08.2024 13:00;16,4
Stavanger - Våland;SN44640;11.08.2024 14:00;16,6
Stavanger - Våland;SN44640;11.08.2024 15:00;16
Stavanger - Våland;SN44640;11.08.2024 16:00;16,7
Stavanger - Våland;SN44640;11.08.2024 17:00;16,9
Stavanger - Våland;SN44640;11.08.2024 18:00;15,2
Stavanger - Våland;SN44640;11.08.2024 19:00;14,6
Stavanger - Våland;SN44640;11.08.2024 20:00;13,3
Stavanger - Våland;SN44640;11.08.2024 21:00;12,3
Stavanger - Våland;SN44640;11.08.2024 22:00;10,9
Stavanger - Våland;SN44640;11.08.2024 23:00;10,6
Stavanger - Våland;SN44640;12.08.2024 00:00;10,8
Stavanger - Våland;SN44640;12.08.2024 01:00;10,5
Stavanger - Våland;SN44640;12.08.2024 02:00;10,6
Stavanger - Våland;SN44640;12.08.2024 03:00;10,5
Stavanger - Våland;SN44640;12.08.2024 04:00;10,5
Stavanger - Våland;SN44640;12.08.2024 05:00;10,3
Stavanger - Våland;SN44640;12.08.2024 06:00;11,9
Stavanger - Våland;SN44640;12.08.2024 07:00;12,9
Stavanger - Våland;SN44640;12.08.2024 08:00;14,1
Stavanger - Våland;SN44640;12.08.2024 09:00;15,4
Stavanger - Våland;SN44640;12.08.2024 10:00;16,3
Stavanger - Våland;SN44640;12.08.2024 11:00;18,6
Stavanger - Våland;SN44640;12.08.2024 12:00;19,4
Stavanger - Våland;SN44640;12.08.2024 13:00;19,5
Stavanger - Våland;SN44640;12.08.2024 14:00;19,3
Stavanger - Våland;SN44640;12.08.2024 15:00;19,7
Stavanger - Våland;SN44640;12.08.2024 16:00;20,2
Stavanger - Våland;SN44640;12.08.2024 17:00;19,6
Stavanger - Våland;SN44640;12.08.2024 18:00;18,3
Stavanger - Våland;SN44640;12.08.2024 19:00;17,1
Stavanger - Våland;SN44640;12.08.2024 20:00;16,2
Stavanger - Våland;SN44640;12.08.2024 21:00;16
Stavanger - Våland;SN44640;12.08.2024 22:00;15,8
Stavanger - Våland;SN44640;12.08.2024 23:00;15,9
Stavanger - Våland;SN44640;13.08.2024 00:00;15,6
Stavanger - Våland;SN44640;13.08.2024 01:00;15,2
Stavanger - Våland;SN44640;13.08.2024 02:00;15,9
Stavanger - Våland;SN44640;13.08.2024 03:00;17,3
Stavanger - Våland;SN44640;13.08.2024 04:00;17,6
Stavanger - Våland;SN44640;13.08.2024 05:00;17,3
Stavanger - Våland;SN44640;13.08.2024 06:00;17,7
Stavanger - Våland;SN44640;13.08.2024 07:00;18
Stavanger - Våland;SN44640;13.08.2024 08:00;20,1
Stavanger - Våland;SN44640;13.08.2024 09:00;22,1
Stavanger - Våland;SN44640;13.08.2024 10:00;23,2
Stavanger - Våland;SN44640;13.08.2024 11:00;21,7
Stavanger - Våland;SN44640;13.08.2024 12:00;23,4
Stavanger - Våland;SN44640;13.08.2024 13:00;23,1
Stavanger - Våland;SN44640;13.08.2024 14:00;23,5
Stavanger - Våland;SN44640;13.08.2024 15:00;23,9
Stavanger - Våland;SN44640;13.08.2024 16:00;23,9
Stavanger - Våland;SN44640;13.08.2024 17:00;22,8
Stavanger - Våland;SN44640;13.08.2024 18:00;22,3
Stavanger - Våland;SN44640;13.08.2024 19:00;22
Stavanger - Våland;SN44640;13.08.2024 20:00;21,5
Stavanger - Våland;SN44640;13.08.2024 21:00;21
Stavanger - Våland;SN44640;13.08.2024 22:00;20,9
Stavanger - Våland;SN44640;13.08.2024 23:00;20,5
Stavanger - Våland;SN44640;14.08.2024 00:00;20,5
Stavanger - Våland;SN44640;14.08.2024 01:00;20,2
Stavanger - Våland;SN44640;14.08.2024 02:00;20,1
Stavanger - Våland;SN44640;14.08.2024 03:00;19,4
Stavanger - Våland;SN44640;14.08.2024 04:00;18,5
Stavanger - Våland;SN44640;14.08.2024 05:00;17,4
Stavanger - Våland;SN44640;14.08.2024 06:00;17
Stavanger - Våland;SN44640;14.08.2024 07:00;17,1
Stavanger - Våland;SN44640;14.08.2024 08:00;17
Stavanger - Våland;SN44640;14.08.2024 09:00;17,2
Stavanger - Våland;SN44640;14.08.2024 10:00;16,5
Stavanger - Våland;SN44640;14.08.2024 11:00;16,9
Stavanger - Våland;SN44640;14.08.2024 12:00;17
Stavanger - Våland;SN44640;14.08.2024 13:00;16,8
Stavanger - Våland;SN44640;14.08.2024 14:00;16,5
Stavanger - Våland;SN44640;14.08.2024 15:00;16,7
Stavanger - Våland;SN44640;14.08.2024 16:00;16,7
Stavanger - Våland;SN44640;14.08.2024 17:00;16,9
Stavanger - Våland;SN44640;14.08.2024 18:00;16,7
Stavanger - Våland;SN44640;14.08.2024 19:00;15,9
Stavanger - Våland;SN44640;14.08.2024 20:00;15,6
Stavanger - Våland;SN44640;14.08.2024 21:00;15,3
Stavanger - Våland;SN44640;14.08.2024 22:00;15,1
Stavanger - Våland;SN44640;14.08.2024 23:00;15
Stavanger - Våland;SN44640;15.08.2024 00:00;14,8
Stavanger - Våland;SN44640;15.08.2024 01:00;14,7
Stavanger - Våland;SN44640;15.08.2024 02:00;13,7
Stavanger - Våland;SN44640;15.08.2024 03:00;12,7
Stavanger - Våland;SN44640;15.08.2024 04:00;12,9
Stavanger - Våland;SN44640;15.08.2024 05:00;13,6
Stavanger - Våland;SN44640;15.08.2024 06:00;14
Stavanger - Våland;SN44640;15.08.2024 07:00;14,2
Stavanger - Våland;SN44640;15.08.2024 08:00;15,5
Stavanger - Våland;SN44640;15.08.2024 09:00;16,6
Stavanger - Våland;SN44640;15.08.2024 10:00;17,1
Stavanger - Våland;SN44640;15.08.2024 11:00;16,6
Stavanger - Våland;SN44640;15.08.2024 12:00;16,6
Stavanger - Våland;SN44640;15.08.2024 13:00;15,9
Stavanger - Våland;SN44640;15.08.2024 14:00;16,8
Stavanger - Våland;SN44640;15.08.2024 15:00;15,1
Stavanger - Våland;SN44640;15.08.2024 16:00;15,1
Stavanger - Våland;SN44640;15.08.2024 17:00;14,6
Stavanger - Våland;SN44640;15.08.2024 18:00;14,4
Stavanger - Våland;SN44640;15.08.2024 19:00;14,7
Stavanger - Våland;SN44640;15.08.2024 20:00;15,3
Stavanger - Våland;SN44640;15.08.2024 21:00;13,1
Stavanger - Våland;SN44640;15.08.2024 22:00;13,1
Stavanger - Våland;SN44640;15.08.2024 23:00;12,6
Stavanger - Våland;SN44640;16.08.2024 00:00;12,1
Stavanger - Våland;SN44640;16.08.2024 01:00;11,9
Stavanger - Våland;SN44640;16.08.2024 02:00;11,8
Stavanger - Våland;SN44640;16.08.2024 03:00;10,7
Stavanger - Våland;SN44640;16.08.2024 04:00;11
Stavanger - Våland;SN44640;16.08.2024 05:00;10,9
Stavanger - Våland;SN44640;16.08.2024 06:00;11,3
Stavanger - Våland;SN44640;16.08.2024 07:00;12,2
Stavanger - Våland;SN44640;16.08.2024 08:00;15,2
Stavanger - Våland;SN44640;16.08.2024 09:00;15,4
Stavanger - Våland;SN44640;16.08.2024 10:00;16,8
Stavanger - Våland;SN44640;16.08.2024 11:00;16,2
Stavanger - Våland;SN44640;16.08.2024 12:00;17,2
Stavanger - Våland;SN44640;16.08.2024 13:00;17,5
Stavanger - Våland;SN44640;16.08.2024 14:00;17,9
Stavanger - Våland;SN44640;16.08.2024 15:00;17
Stavanger - Våland;SN44640;16.08.2024 16:00;16,9
Stavanger - Våland;SN44640;16.08.2024 17:00;16,3
Stavanger - Våland;SN44640;16.08.2024 18:00;15,4
Stavanger - Våland;SN44640;16.08.2024 19:00;14,6
Stavanger - Våland;SN44640;16.08.2024 20:00;14,1
Stavanger - Våland;SN44640;16.08.2024 21:00;13,5
Stavanger - Våland;SN44640;16.08.2024 22:00;13,1
Stavanger - Våland;SN44640;16.08.2024 23:00;12,8
Stavanger - Våland;SN44640;17.08.2024 00:00;13,2
Stavanger - Våland;SN44640;17.08.2024 01:00;13,5
Stavanger - Våland;SN44640;17.08.2024 02:00;13,6
Stavanger - Våland;SN44640;17.08.2024 03:00;14
Stavanger - Våland;SN44640;17.08.2024 04:00;14,5
Stavanger - Våland;SN44640;17.08.2024 05:00;14,8
Stavanger - Våland;SN44640;17.08.2024 06:00;12,8
Stavanger - Våland;SN44640;17.08.2024 07:00;14,2
Stavanger - Våland;SN44640;17.08.2024 08:00;14,8
Stavanger - Våland;SN44640;17.08.2024 09:00;15,2
Stavanger - Våland;SN44640;17.08.2024 10:00;15,5
Stavanger - Våland;SN44640;17.08.2024 11:00;15,6
Stavanger - Våland;SN44640;17.08.2024 12:00;16,7
Stavanger - Våland;SN44640;17.08.2024 13:00;16,6
Stavanger - Våland;SN44640;17.08.2024 14:00;16
Stavanger - Våland;SN44640;17.08.2024 15:00;16,1
Stavanger - Våland;SN44640;17.08.2024 16:00;16,3
Stavanger - Våland;SN44640;17.08.2024 17:00;15,5
Stavanger - Våland;SN44640;17.08.2024 18:00;15,5
Stavanger - Våland;SN44640;17.08.2024 19:00;15,1
Stavanger - Våland;SN44640;17.08.2024 20:00;14,5
Stavanger - Våland;SN44640;17.08.2024 21:00;13,8
Stavanger - Våland;SN44640;17.08.2024 22:00;13,9
Stavanger - Våland;SN44640;17.08.2024 23:00;13,9
Stavanger - Våland;SN44640;18.08.2024 00:00;13,3
Stavanger - Våland;SN44640;18.08.2024 01:00;13,5
Stavanger - Våland;SN44640;18.08.2024 02:00;13,9
Stavanger - Våland;SN44640;18.08.2024 03:00;14,2
Stavanger - Våland;SN44640;18.08.2024 04:00;14,2
Stavanger - Våland;SN44640;18.08.2024 05:00;14,4
Stavanger - Våland;SN44640;18.08.2024 06:00;14,5
Stavanger - Våland;SN44640;18.08.2024 07:00;15,1
Stavanger - Våland;SN44640;18.08.2024 08:00;14
Stavanger - Våland;SN44640;18.08.2024 09:00;14,6
Stavanger - Våland;SN44640;18.08.2024 10:00;13,1
Stavanger - Våland;SN44640;18.08.2024 11:00;13,5
Stavanger - Våland;SN44640;18.08.2024 12:00;14,2
Stavanger - Våland;SN44640;18.08.2024 13:00;14,5
Stavanger - Våland;SN44640;18.08.2024 14:00;14,8
Stavanger - Våland;SN44640;18.08.2024 15:00;14,4
Stavanger - Våland;SN44640;18.08.2024 16:00;15,2
Stavanger - Våland;SN44640;18.08.2024 17:00;13,8
Stavanger - Våland;SN44640;18.08.2024 18:00;13,7
Stavanger - Våland;SN44640;18.08.2024 19:00;13,5
Stavanger - Våland;SN44640;18.08.2024 20:00;13,1
Stavanger - Våland;SN44640;18.08.2024 21:00;12,5
Stavanger - Våland;SN44640;18.08.2024 22:00;11,2
Stavanger - Våland;SN44640;18.08.2024 23:00;11,5
Stavanger - Våland;SN44640;19.08.2024 00:00;12,3
Stavanger - Våland;SN44640;19.08.2024 01:00;12,3
Stavanger - Våland;SN44640;19.08.2024 02:00;13,3
Stavanger - Våland;SN44640;19.08.2024 03:00;13,1
Stavanger - Våland;SN44640;19.08.2024 04:00;11,9
Stavanger - Våland;SN44640;19.08.2024 05:00;10,4
Stavanger - Våland;SN44640;19.08.2024 06:00;11,3
Stavanger - Våland;SN44640;19.08.2024 07:00;12,1
Stavanger - Våland;SN44640;19.08.2024 08:00;13,8
Stavanger - Våland;SN44640;19.08.2024 09:00;16,2
Stavanger - Våland;SN44640;19.08.2024 10:00;16,5
Stavanger - Våland;SN44640;19.08.2024 11:00;17,8
Stavanger - Våland;SN44640;19.08.2024 12:00;18,3
Stavanger - Våland;SN44640;19.08.2024 13:00;18,2
Stavanger - Våland;SN44640;19.08.2024 14:00;18,3
Stavanger - Våland;SN44640;19.08.2024 15:00;17,5
Stavanger - Våland;SN44640;19.08.2024 16:00;16,7
Stavanger - Våland;SN44640;19.08.2024 17:00;15,8
Stavanger - Våland;SN44640;19.08.2024 18:00;15,9
Stavanger - Våland;SN44640;19.08.2024 19:00;15,2
Stavanger - Våland;SN44640;19.08.2024 20:00;14,8
Stavanger - Våland;SN44640;19.08.2024 21:00;14,7
Stavanger - Våland;SN44640;19.08.2024 22:00;14,8
Stavanger - Våland;SN44640;19.08.2024 23:00;15,2
Stavanger - Våland;SN44640;20.08.2024 00:00;15,5
Stavanger - Våland;SN44640;20.08.2024 01:00;16,1
Stavanger - Våland;SN44640;20.08.2024 02:00;16,9
Stavanger - Våland;SN44640;20.08.2024 03:00;16,8
Stavanger - Våland;SN44640;20.08.2024 04:00;16,8
Stavanger - Våland;SN44640;20.08.2024 05:00;16,5
Stavanger - Våland;SN44640;20.08.2024 06:00;16,2
Stavanger - Våland;SN44640;20.08.2024 07:00;15,6
Stavanger - Våland;SN44640;20.08.2024 08:00;16
Stavanger - Våland;SN44640;20.08.2024 09:00;16,1
Stavanger - Våland;SN44640;20.08.2024 10:00;16,2
Stavanger - Våland;SN44640;20.08.2024 11:00;16,4
Stavanger - Våland;SN44640;20.08.2024 12:00;17,1
Stavanger - Våland;SN44640;20.08.2024 13:00;16,8
Stavanger - Våland;SN44640;20.08.2024 14:00;17
Stavanger - Våland;SN44640;20.08.2024 15:00;17,8
Stavanger - Våland;SN44640;20.08.2024 16:00;18,1
Stavanger - Våland;SN44640;20.08.2024 17:00;17,2
Stavanger - Våland;SN44640;20.08.2024 18:00;16
Stavanger - Våland;SN44640;20.08.2024 19:00;15,8
Stavanger - Våland;SN44640;20.08.2024 20:00;15,5
Stavanger - Våland;SN44640;20.08.2024 21:00;15,3
Stavanger - Våland;SN44640;20.08.2024 22:00;15,1
Stavanger - Våland;SN44640;20.08.2024 23:00;14,1
Stavanger - Våland;SN44640;21.08.2024 00:00;13,6
Stavanger - Våland;SN44640;21.08.2024 01:00;13,3
Stavanger - Våland;SN44640;21.08.2024 02:00;12,3
Stavanger - Våland;SN44640;21.08.2024 03:00;12,1
Stavanger - Våland;SN44640;21.08.2024 04:00;11,9
Stavanger - Våland;SN44640;21.08.2024 05:00;11,7
Stavanger - Våland;SN44640;21.08.2024 06:00;11,4
Stavanger - Våland;SN44640;21.08.2024 07:00;11,6
Stavanger - Våland;SN44640;21.08.2024 08:00;14,9
Stavanger - Våland;SN44640;21.08.2024 09:00;16,6
Stavanger - Våland;SN44640;21.08.2024 10:00;17,2
Stavanger - Våland;SN44640;21.08.2024 11:00;15,5
Stavanger - Våland;SN44640;21.08.2024 12:00;16,1
Stavanger - Våland;SN44640;21.08.2024 13:00;17,6
Stavanger - Våland;SN44640;21.08.2024 14:00;18
Stavanger - Våland;SN44640;21.08.2024 15:00;17,2
Stavanger - Våland;SN44640;21.08.2024 16:00;16,3
Stavanger - Våland;SN44640;21.08.2024 17:00;16,3
Stavanger - Våland;SN44640;21.08.2024 18:00;15,4
Stavanger - Våland;SN44640;21.08.2024 19:00;14,3
Stavanger - Våland;SN44640;21.08.2024 20:00;13,1
Stavanger - Våland;SN44640;21.08.2024 21:00;13
Stavanger - Våland;SN44640;21.08.2024 22:00;12,7
Stavanger - Våland;SN44640;21.08.2024 23:00;12,9
Stavanger - Våland;SN44640;22.08.2024 00:00;13,5
Stavanger - Våland;SN44640;22.08.2024 01:00;12,6
Stavanger - Våland;SN44640;22.08.2024 02:00;12,6
Stavanger - Våland;SN44640;22.08.2024 03:00;13,2
Stavanger - Våland;SN44640;22.08.2024 04:00;14,3
Stavanger - Våland;SN44640;22.08.2024 05:00;14,5
Stavanger - Våland;SN44640;22.08.2024 06:00;14,5
Stavanger - Våland;SN44640;22.08.2024 07:00;14,5
Stavanger - Våland;SN44640;22.08.2024 08:00;14,1
Stavanger - Våland;SN44640;22.08.2024 09:00;14,5
Stavanger - Våland;SN44640;22.08.2024 10:00;14,5
Stavanger - Våland;SN44640;22.08.2024 11:00;14,9
Stavanger - Våland;SN44640;22.08.2024 12:00;15,1
Stavanger - Våland;SN44640;22.08.2024 13:00;15,1
Stavanger - Våland;SN44640;22.08.2024 14:00;15
Stavanger - Våland;SN44640;22.08.2024 15:00;15,3
Stavanger - Våland;SN44640;22.08.2024 16:00;15,6
Stavanger - Våland;SN44640;22.08.2024 17:00;15,6
Stavanger - Våland;SN44640;22.08.2024 18:00;13,9
Stavanger - Våland;SN44640;22.08.2024 19:00;12,9
Stavanger - Våland;SN44640;22.08.2024 20:00;12,7
Stavanger - Våland;SN44640;22.08.2024 21:00;12,3
Stavanger - Våland;SN44640;22.08.2024 22:00;11,5
Stavanger - Våland;SN44640;22.08.2024 23:00;11,5
Stavanger - Våland;SN44640;23.08.2024 00:00;11,5
Stavanger - Våland;SN44640;23.08.2024 01:00;11,5
Stavanger - Våland;SN44640;23.08.2024 02:00;11,7
Stavanger - Våland;SN44640;23.08.2024 03:00;11,9
Stavanger - Våland;SN44640;23.08.2024 04:00;12,3
Stavanger - Våland;SN44640;23.08.2024 05:00;12,7
Stavanger - Våland;SN44640;23.08.2024 06:00;12,8
Stavanger - Våland;SN44640;23.08.2024 07:00;12,9
Stavanger - Våland;SN44640;23.08.2024 08:00;13,8
Stavanger - Våland;SN44640;23.08.2024 09:00;13
Stavanger - Våland;SN44640;23.08.2024 10:00;12,9
Stavanger - Våland;SN44640;23.08.2024 11:00;13,7
Stavanger - Våland;SN44640;23.08.2024 12:00;13,9
Stavanger - Våland;SN44640;23.08.2024 13:00;13,6
Stavanger - Våland;SN44640;23.08.2024 14:00;12,9
Stavanger - Våland;SN44640;23.08.2024 15:00;13,1
Stavanger - Våland;SN44640;23.08.2024 16:00;13,2
Stavanger - Våland;SN44640;23.08.2024 17:00;12,9
Stavanger - Våland;SN44640;23.08.2024 18:00;12,1
Stavanger - Våland;SN44640;23.08.2024 19:00;12,2
Stavanger - Våland;SN44640;23.08.2024 20:00;12,8
Stavanger - Våland;SN44640;23.08.2024 21:00;12,8
Stavanger - Våland;SN44640;23.08.2024 22:00;12
Stavanger - Våland;SN44640;23.08.2024 23:00;12,4
Stavanger - Våland;SN44640;24.08.2024 00:00;12,4
Stavanger - Våland;SN44640;24.08.2024 01:00;11,1
Stavanger - Våland;SN44640;24.08.2024 02:00;10,5
Stavanger - Våland;SN44640;24.08.2024 03:00;11,2
Stavanger - Våland;SN44640;24.08.2024 04:00;11,8
Stavanger - Våland;SN44640;24.08.2024 05:00;12,6
Stavanger - Våland;SN44640;24.08.2024 06:00;12,9
Stavanger - Våland;SN44640;24.08.2024 07:00;13,6
Stavanger - Våland;SN44640;24.08.2024 08:00;14,8
Stavanger - Våland;SN44640;24.08.2024 09:00;15,2
Stavanger - Våland;SN44640;24.08.2024 10:00;17,4
Stavanger - Våland;SN44640;24.08.2024 11:00;16,1
Stavanger - Våland;SN44640;24.08.2024 12:00;15,7
Stavanger - Våland;SN44640;24.08.2024 13:00;14,6
Stavanger - Våland;SN44640;24.08.2024 14:00;15,7
Stavanger - Våland;SN44640;24.08.2024 15:00;16,4
Stavanger - Våland;SN44640;24.08.2024 16:00;16,3
Stavanger - Våland;SN44640;24.08.2024 17:00;15
Stavanger - Våland;SN44640;24.08.2024 18:00;15
Stavanger - Våland;SN44640;24.08.2024 19:00;13,9
Stavanger - Våland;SN44640;24.08.2024 20:00;13,1
Stavanger - Våland;SN44640;24.08.2024 21:00;13,1
Stavanger - Våland;SN44640;24.08.2024 22:00;12,9
Stavanger - Våland;SN44640;24.08.2024 23:00;12,7
Stavanger - Våland;SN44640;25.08.2024 00:00;12,5
Stavanger - Våland;SN44640;25.08.2024 01:00;12,7
Stavanger - Våland;SN44640;25.08.2024 02:00;11,9
Stavanger - Våland;SN44640;25.08.2024 03:00;11,2
Stavanger - Våland;SN44640;25.08.2024 04:00;11,3
Stavanger - Våland;SN44640;25.08.2024 05:00;11,1
Stavanger - Våland;SN44640;25.08.2024 06:00;11,6
Stavanger - Våland;SN44640;25.08.2024 07:00;13
Stavanger - Våland;SN44640;25.08.2024 08:00;12,4
Stavanger - Våland;SN44640;25.08.2024 09:00;12,6
Stavanger - Våland;SN44640;25.08.2024 10:00;12,2
Stavanger - Våland;SN44640;25.08.2024 11:00;13,6
Stavanger - Våland;SN44640;25.08.2024 12:00;15,1
Stavanger - Våland;SN44640;25.08.2024 13:00;15,6
Stavanger - Våland;SN44640;25.08.2024 14:00;15,6
Stavanger - Våland;SN44640;25.08.2024 15:00;15,7
Stavanger - Våland;SN44640;25.08.2024 16:00;14,8
Stavanger - Våland;SN44640;25.08.2024 17:00;15,4
Stavanger - Våland;SN44640;25.08.2024 18:00;14,3
Stavanger - Våland;SN44640;25.08.2024 19:00;13,5
Stavanger - Våland;SN44640;25.08.2024 20:00;13,2
Stavanger - Våland;SN44640;25.08.2024 21:00;13,2
Stavanger - Våland;SN44640;25.08.2024 22:00;13,4
Stavanger - Våland;SN44640;25.08.2024 23:00;12,4
Stavanger - Våland;SN44640;26.08.2024 00:00;12,8
Stavanger - Våland;SN44640;26.08.2024 01:00;13,2
Stavanger - Våland;SN44640;26.08.2024 02:00;13,7
Stavanger - Våland;SN44640;26.08.2024 03:00;13,8
Stavanger - Våland;SN44640;26.08.2024 04:00;13,9
Stavanger - Våland;SN44640;26.08.2024 05:00;14
Stavanger - Våland;SN44640;26.08.2024 06:00;13,5
Stavanger - Våland;SN44640;26.08.2024 07:00;13,6
Stavanger - Våland;SN44640;26.08.2024 08:00;13,7
Stavanger - Våland;SN44640;26.08.2024 09:00;14,3
Stavanger - Våland;SN44640;26.08.2024 10:00;15,3
Stavanger - Våland;SN44640;26.08.2024 11:00;14,7
Stavanger - Våland;SN44640;26.08.2024 12:00;12,8
Stavanger - Våland;SN44640;26.08.2024 13:00;14
Stavanger - Våland;SN44640;26.08.2024 14:00;13,2
Stavanger - Våland;SN44640;26.08.2024 15:00;15
Stavanger - Våland;SN44640;26.08.2024 16:00;15,2
Stavanger - Våland;SN44640;26.08.2024 17:00;14,9
Stavanger - Våland;SN44640;26.08.2024 18:00;14,1
Stavanger - Våland;SN44640;26.08.2024 19:00;14
Stavanger - Våland;SN44640;26.08.2024 20:00;13,2
Stavanger - Våland;SN44640;26.08.2024 21:00;12,1
Stavanger - Våland;SN44640;26.08.2024 22:00;10,7
Stavanger - Våland;SN44640;26.08.2024 23:00;10,1
Stavanger - Våland;SN44640;27.08.2024 00:00;10
Stavanger - Våland;SN44640;27.08.2024 01:00;10,2
Stavanger - Våland;SN44640;27.08.2024 02:00;9,7
Stavanger - Våland;SN44640;27.08.2024 03:00;10,4
Stavanger - Våland;SN44640;27.08.2024 04:00;11,2
Stavanger - Våland;SN44640;27.08.2024 05:00;11,3
Stavanger - Våland;SN44640;27.08.2024 06:00;12,6
Stavanger - Våland;SN44640;27.08.2024 07:00;13,3
Stavanger - Våland;SN44640;27.08.2024 08:00;14,3
Stavanger - Våland;SN44640;27.08.2024 09:00;14,9
Stavanger - Våland;SN44640;27.08.2024 10:00;15,1
Stavanger - Våland;SN44640;27.08.2024 11:00;15,6
Stavanger - Våland;SN44640;27.08.2024 12:00;16,5
Stavanger - Våland;SN44640;27.08.2024 13:00;17,4
Stavanger - Våland;SN44640;27.08.2024 14:00;17,1
Stavanger - Våland;SN44640;27.08.2024 15:00;16,4
Stavanger - Våland;SN44640;27.08.2024 16:00;16,5
Stavanger - Våland;SN44640;27.08.2024 17:00;16,6
Stavanger - Våland;SN44640;27.08.2024 18:00;16,8
Stavanger - Våland;SN44640;27.08.2024 19:00;16,6
Stavanger - Våland;SN44640;27.08.2024 20:00;16,4
Stavanger - Våland;SN44640;27.08.2024 21:00;16,2
Stavanger - Våland;SN44640;27.08.2024 22:00;16,1
Stavanger - Våland;SN44640;27.08.2024 23:00;15,8
Stavanger - Våland;SN44640;28.08.2024 00:00;15,7
Stavanger - Våland;SN44640;28.08.2024 01:00;15,7
Stavanger - Våland;SN44640;28.08.2024 02:00;15,6
Stavanger - Våland;SN44640;28.08.2024 03:00;15,5
Stavanger - Våland;SN44640;28.08.2024 04:00;15,5
Stavanger - Våland;SN44640;28.08.2024 05:00;15,5
Stavanger - Våland;SN44640;28.08.2024 06:00;15,3
Stavanger - Våland;SN44640;28.08.2024 07:00;15,4
Stavanger - Våland;SN44640;28.08.2024 08:00;15,4
Stavanger - Våland;SN44640;28.08.2024 09:00;16,1
Stavanger - Våland;SN44640;28.08.2024 10:00;19,5
Stavanger - Våland;SN44640;28.08.2024 11:00;20
Stavanger - Våland;SN44640;28.08.2024 12:00;22
Stavanger - Våland;SN44640;28.08.2024 13:00;22,9
Stavanger - Våland;SN44640;28.08.2024 14:00;22,5
Stavanger - Våland;SN44640;28.08.2024 15:00;21,2
Stavanger - Våland;SN44640;28.08.2024 16:00;21,1
Stavanger - Våland;SN44640;28.08.2024 17:00;20,9
Stavanger - Våland;SN44640;28.08.2024 18:00;20,3
Stavanger - Våland;SN44640;28.08.2024 19:00;19,6
Stavanger - Våland;SN44640;28.08.2024 20:00;18,8
Stavanger - Våland;SN44640;28.08.2024 21:00;19,4
Stavanger - Våland;SN44640;28.08.2024 22:00;19,7
Stavanger - Våland;SN44640;28.08.2024 23:00;18,6
Stavanger - Våland;SN44640;29.08.2024 00:00;18,9
Stavanger - Våland;SN44640;29.08.2024 01:00;19,8
Stavanger - Våland;SN44640;29.08.2024 02:00;19,9
Stavanger - Våland;SN44640;29.08.2024 03:00;19,4
Stavanger - Våland;SN44640;29.08.2024 04:00;19,3
Stavanger - Våland;SN44640;29.08.2024 05:00;18,6
Stavanger - Våland;SN44640;29.08.2024 06:00;20,1
Stavanger - Våland;SN44640;29.08.2024 07:00;20,1
Stavanger - Våland;SN44640;29.08.2024 08:00;19,5
Stavanger - Våland;SN44640;29.08.2024 09:00;18,1
Stavanger - Våland;SN44640;29.08.2024 10:00;18,4
Stavanger - Våland;SN44640;29.08.2024 11:00;18,6
Stavanger - Våland;SN44640;29.08.2024 12:00;19,5
Stavanger - Våland;SN44640;29.08.2024 13:00;16,6
Stavanger - Våland;SN44640;29.08.2024 14:00;15,4
Stavanger - Våland;SN44640;29.08.2024 15:00;15,4
Stavanger - Våland;SN44640;29.08.2024 16:00;15,3
Stavanger - Våland;SN44640;29.08.2024 17:00;15,2
Stavanger - Våland;SN44640;29.08.2024 18:00;16,1
Stavanger - Våland;SN44640;29.08.2024 19:00;14,5
Stavanger - Våland;SN44640;29.08.2024 20:00;13,9
Stavanger - Våland;SN44640;29.08.2024 21:00;13,2
Stavanger - Våland;SN44640;29.08.2024 22:00;12,7
Stavanger - Våland;SN44640;29.08.2024 23:00;12
Stavanger - Våland;SN44640;30.08.2024 00:00;12,1
Stavanger - Våland;SN44640;30.08.2024 01:00;12,4
Stavanger - Våland;SN44640;30.08.2024 02:00;12,5
Stavanger - Våland;SN44640;30.08.2024 03:00;12,4
Stavanger - Våland;SN44640;30.08.2024 04:00;12,8
Stavanger - Våland;SN44640;30.08.2024 05:00;13
Stavanger - Våland;SN44640;30.08.2024 06:00;13,4
Stavanger - Våland;SN44640;30.08.2024 07:00;13,7
Stavanger - Våland;SN44640;30.08.2024 08:00;14
Stavanger - Våland;SN44640;30.08.2024 09:00;13,7
Stavanger - Våland;SN44640;30.08.2024 10:00;14,7
Stavanger - Våland;SN44640;30.08.2024 11:00;14,9
Stavanger - Våland;SN44640;30.08.2024 12:00;13,6
Stavanger - Våland;SN44640;30.08.2024 13:00;14,7
Stavanger - Våland;SN44640;30.08.2024 14:00;15
Stavanger - Våland;SN44640;30.08.2024 15:00;14,5
Stavanger - Våland;SN44640;30.08.2024 16:00;14,6
Stavanger - Våland;SN44640;30.08.2024 17:00;14,1
Stavanger - Våland;SN44640;30.08.2024 18:00;13,9
Stavanger - Våland;SN44640;30.08.2024 19:00;13,5
Stavanger - Våland;SN44640;30.08.2024 20:00;12,2
Stavanger - Våland;SN44640;30.08.2024 21:00;11,5
Stavanger - Våland;SN44640;30.08.2024 22:00;12,5
Stavanger - Våland;SN44640;30.08.2024 23:00;11,7
Stavanger - Våland;SN44640;31.08.2024 00:00;11
Stavanger - Våland;SN44640;31.08.2024 01:00;10,7
Stavanger - Våland;SN44640;31.08.2024 02:00;10,7
Stavanger - Våland;SN44640;31.08.2024 03:00;11,1
Stavanger - Våland;SN44640;31.08.2024 04:00;11,1
Stavanger - Våland;SN44640;31.08.2024 05:00;11,4
Stavanger - Våland;SN44640;31.08.2024 06:00;10,3
Stavanger - Våland;SN44640;31.08.2024 07:00;11,2
Stavanger - Våland;SN44640;31.08.2024 08:00;13,1
Stavanger - Våland;SN44640;31.08.2024 09:00;15,1
Stavanger - Våland;SN44640;31.08.2024 10:00;16
Stavanger - Våland;SN44640;31.08.2024 11:00;16,6
Stavanger - Våland;SN44640;31.08.2024 12:00;16,5
Stavanger - Våland;SN44640;31.08.2024 13:00;17,1
Stavanger - Våland;SN44640;31.08.2024 14:00;17,9
Stavanger - Våland;SN44640;31.08.2024 15:00;18
Stavanger - Våland;SN44640;31.08.2024 16:00;17,5
Stavanger - Våland;SN44640;31.08.2024 17:00;16,7
Stavanger - Våland;SN44640;31.08.2024 18:00;16,2
Stavanger - Våland;SN44640;31.08.2024 19:00;14
Stavanger - Våland;SN44640;31.08.2024 20:00;12,4
Stavanger - Våland;SN44640;31.08.2024 21:00;11,6
Stavanger - Våland;SN44640;31.08.2024 22:00;11,4
Stavanger - Våland;SN44640;31.08.2024 23:00;11,6
Stavanger - Våland;SN44640;01.09.2024 00:00;11,5
Stavanger - Våland;SN44640;01.09.2024 01:00;11,5
Stavanger - Våland;SN44640;01.09.2024 02:00;11,2
Stavanger - Våland;SN44640;01.09.2024 03:00;11,1
Stavanger - Våland;SN44640;01.09.2024 04:00;11,4
Stavanger - Våland;SN44640;01.09.2024 05:00;11,7
Stavanger - Våland;SN44640;01.09.2024 06:00;11,7
Stavanger - Våland;SN44640;01.09.2024 07:00;12,2
Stavanger - Våland;SN44640;01.09.2024 08:00;13,3
Stavanger - Våland;SN44640;01.09.2024 09:00;16,7
Stavanger - Våland;SN44640;01.09.2024 10:00;17,4
Stavanger - Våland;SN44640;01.09.2024 11:00;17,5
Stavanger - Våland;SN44640;01.09.2024 12:00;18,7
Stavanger - Våland;SN44640;01.09.2024 13:00;19,1
Stavanger - Våland;SN44640;01.09.2024 14:00;20,3
Stavanger - Våland;SN44640;01.09.2024 15:00;19,3
Stavanger - Våland;SN44640;01.09.2024 16:00;19,2
Stavanger - Våland;SN44640;01.09.2024 17:00;19,2
Stavanger - Våland;SN44640;01.09.2024 18:00;18
Stavanger - Våland;SN44640;01.09.2024 19:00;15,9
Stavanger - Våland;SN44640;01.09.2024 20:00;14,3
Stavanger - Våland;SN44640;01.09.2024 21:00;14,1
Stavanger - Våland;SN44640;01.09.2024 22:00;13,2
Stavanger - Våland;SN44640;01.09.2024 23:00;12,7
Stavanger - Våland;SN44640;02.09.2024 00:00;12,6
Stavanger - Våland;SN44640;02.09.2024 01:00;12,6
Stavanger - Våland;SN44640;02.09.2024 02:00;11,6
Stavanger - Våland;SN44640;02.09.2024 03:00;12
Stavanger - Våland;SN44640;02.09.2024 04:00;11,8
Stavanger - Våland;SN44640;02.09.2024 05:00;12
Stavanger - Våland;SN44640;02.09.2024 06:00;12
Stavanger - Våland;SN44640;02.09.2024 07:00;12,5
Stavanger - Våland;SN44640;02.09.2024 08:00;13,4
Stavanger - Våland;SN44640;02.09.2024 09:00;14,4
Stavanger - Våland;SN44640;02.09.2024 10:00;15,1
Stavanger - Våland;SN44640;02.09.2024 11:00;16,4
Stavanger - Våland;SN44640;02.09.2024 12:00;17,5
Stavanger - Våland;SN44640;02.09.2024 13:00;20,5
Stavanger - Våland;SN44640;02.09.2024 14:00;19,6
Stavanger - Våland;SN44640;02.09.2024 15:00;18,3
Stavanger - Våland;SN44640;02.09.2024 16:00;18,5
Stavanger - Våland;SN44640;02.09.2024 17:00;17,8
Stavanger - Våland;SN44640;02.09.2024 18:00;17,7
Stavanger - Våland;SN44640;02.09.2024 19:00;17,5
Stavanger - Våland;SN44640;02.09.2024 20:00;17,3
Stavanger - Våland;SN44640;02.09.2024 21:00;16,7
Stavanger - Våland;SN44640;02.09.2024 22:00;16,6
Stavanger - Våland;SN44640;02.09.2024 23:00;16,8
Stavanger - Våland;SN44640;03.09.2024 00:00;16,9
Stavanger - Våland;SN44640;03.09.2024 01:00;15,2
Stavanger - Våland;SN44640;03.09.2024 02:00;15,4
Stavanger - Våland;SN44640;03.09.2024 03:00;15
Stavanger - Våland;SN44640;03.09.2024 04:00;15,9
Stavanger - Våland;SN44640;03.09.2024 05:00;17,2
Stavanger - Våland;SN44640;03.09.2024 06:00;17,9
Stavanger - Våland;SN44640;03.09.2024 07:00;18,1
Stavanger - Våland;SN44640;03.09.2024 08:00;17,8
Stavanger - Våland;SN44640;03.09.2024 09:00;17,6
Stavanger - Våland;SN44640;03.09.2024 10:00;17,1
Stavanger - Våland;SN44640;03.09.2024 11:00;16,3
Stavanger - Våland;SN44640;03.09.2024 12:00;16,6
Stavanger - Våland;SN44640;03.09.2024 13:00;15,7
Stavanger - Våland;SN44640;03.09.2024 14:00;15,3
Stavanger - Våland;SN44640;03.09.2024 15:00;15,2
Stavanger - Våland;SN44640;03.09.2024 16:00;14,9
Stavanger - Våland;SN44640;03.09.2024 17:00;15,2
Stavanger - Våland;SN44640;03.09.2024 18:00;15,3
Stavanger - Våland;SN44640;03.09.2024 19:00;15,1
Stavanger - Våland;SN44640;03.09.2024 20:00;15,1
Stavanger - Våland;SN44640;03.09.2024 21:00;15,1
Stavanger - Våland;SN44640;03.09.2024 22:00;15,3
Stavanger - Våland;SN44640;03.09.2024 23:00;15,3
Stavanger - Våland;SN44640;04.09.2024 00:00;15,3
Stavanger - Våland;SN44640;04.09.2024 01:00;15,3
Stavanger - Våland;SN44640;04.09.2024 02:00;16
Stavanger - Våland;SN44640;04.09.2024 03:00;16,6
Stavanger - Våland;SN44640;04.09.2024 04:00;16,7
Stavanger - Våland;SN44640;04.09.2024 05:00;16,8
Stavanger - Våland;SN44640;04.09.2024 06:00;16,8
Stavanger - Våland;SN44640;04.09.2024 07:00;16,8
Stavanger - Våland;SN44640;04.09.2024 08:00;17,1
Stavanger - Våland;SN44640;04.09.2024 09:00;17,5
Stavanger - Våland;SN44640;04.09.2024 10:00;17,6
Stavanger - Våland;SN44640;04.09.2024 11:00;18,4
Stavanger - Våland;SN44640;04.09.2024 12:00;18,5
Stavanger - Våland;SN44640;04.09.2024 13:00;19,2
Stavanger - Våland;SN44640;04.09.2024 14:00;20,7
Stavanger - Våland;SN44640;04.09.2024 15:00;19,9
Stavanger - Våland;SN44640;04.09.2024 16:00;19,5
Stavanger - Våland;SN44640;04.09.2024 17:00;18,4
Stavanger - Våland;SN44640;04.09.2024 18:00;18
Stavanger - Våland;SN44640;04.09.2024 19:00;17,4
Stavanger - Våland;SN44640;04.09.2024 20:00;16,9
Stavanger - Våland;SN44640;04.09.2024 21:00;16,9
Stavanger - Våland;SN44640;04.09.2024 22:00;16,5
Stavanger - Våland;SN44640;04.09.2024 23:00;16,6
Stavanger - Våland;SN44640;05.09.2024 00:00;16,7
Stavanger - Våland;SN44640;05.09.2024 01:00;16,6
Stavanger - Våland;SN44640;05.09.2024 02:00;16,6
Stavanger - Våland;SN44640;05.09.2024 03:00;16,7
Stavanger - Våland;SN44640;05.09.2024 04:00;16,5
Stavanger - Våland;SN44640;05.09.2024 05:00;16,3
Stavanger - Våland;SN44640;05.09.2024 06:00;16,3
Stavanger - Våland;SN44640;05.09.2024 07:00;16,7
Stavanger - Våland;SN44640;05.09.2024 08:00;17,8
Stavanger - Våland;SN44640;05.09.2024 09:00;20,4
Stavanger - Våland;SN44640;05.09.2024 10:00;22,4
Stavanger - Våland;SN44640;05.09.2024 11:00;24,2
Stavanger - Våland;SN44640;05.09.2024 12:00;25,2
Stavanger - Våland;SN44640;05.09.2024 13:00;27,8
Stavanger - Våland;SN44640;05.09.2024 14:00;28,3
Stavanger - Våland;SN44640;05.09.2024 15:00;28,6
Stavanger - Våland;SN44640;05.09.2024 16:00;27,8
Stavanger - Våland;SN44640;05.09.2024 17:00;27,1
Stavanger - Våland;SN44640;05.09.2024 18:00;25,6
Stavanger - Våland;SN44640;05.09.2024 19:00;23,1
Stavanger - Våland;SN44640;05.09.2024 20:00;22,2
Stavanger - Våland;SN44640;05.09.2024 21:00;21,8
Stavanger - Våland;SN44640;05.09.2024 22:00;21,3
Stavanger - Våland;SN44640;05.09.2024 23:00;21,5
Stavanger - Våland;SN44640;06.09.2024 00:00;21,3
Stavanger - Våland;SN44640;06.09.2024 01:00;19,7
Stavanger - Våland;SN44640;06.09.2024 02:00;19,7
Stavanger - Våland;SN44640;06.09.2024 03:00;19,3
Stavanger - Våland;SN44640;06.09.2024 04:00;18,5
Stavanger - Våland;SN44640;06.09.2024 05:00;17,8
Stavanger - Våland;SN44640;06.09.2024 06:00;19,1
Stavanger - Våland;SN44640;06.09.2024 07:00;19
Stavanger - Våland;SN44640;06.09.2024 08:00;19,9
Stavanger - Våland;SN44640;06.09.2024 09:00;22,1
Stavanger - Våland;SN44640;06.09.2024 10:00;23,4
Stavanger - Våland;SN44640;06.09.2024 11:00;25
Stavanger - Våland;SN44640;06.09.2024 12:00;25,7
Stavanger - Våland;SN44640;06.09.2024 13:00;26
Stavanger - Våland;SN44640;06.09.2024 14:00;26,5
Stavanger - Våland;SN44640;06.09.2024 15:00;26,7
Stavanger - Våland;SN44640;06.09.2024 16:00;26,8
Stavanger - Våland;SN44640;06.09.2024 17:00;25,7
Stavanger - Våland;SN44640;06.09.2024 18:00;24,4
Stavanger - Våland;SN44640;06.09.2024 19:00;22,4
Stavanger - Våland;SN44640;06.09.2024 20:00;20,7
Stavanger - Våland;SN44640;06.09.2024 21:00;19,9
Stavanger - Våland;SN44640;06.09.2024 22:00;19,8
Stavanger - Våland;SN44640;06.09.2024 23:00;19,3
Stavanger - Våland;SN44640;07.09.2024 00:00;19,5
Stavanger - Våland;SN44640;07.09.2024 01:00;17,8
Stavanger - Våland;SN44640;07.09.2024 02:00;18
Stavanger - Våland;SN44640;07.09.2024 03:00;17,8
Stavanger - Våland;SN44640;07.09.2024 04:00;17,8
Stavanger - Våland;SN44640;07.09.2024 05:00;16,5
Stavanger - Våland;SN44640;07.09.2024 06:00;16,2
Stavanger - Våland;SN44640;07.09.2024 07:00;17
Stavanger - Våland;SN44640;07.09.2024 08:00;18,2
Stavanger - Våland;SN44640;07.09.2024 09:00;20,3
Stavanger - Våland;SN44640;07.09.2024 10:00;22,4
Stavanger - Våland;SN44640;07.09.2024 11:00;23,4
Stavanger - Våland;SN44640;07.09.2024 12:00;24,7
Stavanger - Våland;SN44640;07.09.2024 13:00;25
Stavanger - Våland;SN44640;07.09.2024 14:00;25,3
Stavanger - Våland;SN44640;07.09.2024 15:00;25,3
Stavanger - Våland;SN44640;07.09.2024 16:00;25,4
Stavanger - Våland;SN44640;07.09.2024 17:00;25,1
Stavanger - Våland;SN44640;07.09.2024 18:00;23,3
Stavanger - Våland;SN44640;07.09.2024 19:00;21
Stavanger - Våland;SN44640;07.09.2024 20:00;20
Stavanger - Våland;SN44640;07.09.2024 21:00;20,4
Stavanger - Våland;SN44640;07.09.2024 22:00;20,4
Stavanger - Våland;SN44640;07.09.2024 23:00;19,1
Stavanger - Våland;SN44640;08.09.2024 00:00;19,9
Stavanger - Våland;SN44640;08.09.2024 01:00;19,5
Stavanger - Våland;SN44640;08.09.2024 02:00;18,9
Stavanger - Våland;SN44640;08.09.2024 03:00;19,5
Stavanger - Våland;SN44640;08.09.2024 04:00;19
Stavanger - Våland;SN44640;08.09.2024 05:00;18,9
Stavanger - Våland;SN44640;08.09.2024 06:00;19,4
Stavanger - Våland;SN44640;08.09.2024 07:00;19,8
Stavanger - Våland;SN44640;08.09.2024 08:00;20,4
Stavanger - Våland;SN44640;08.09.2024 09:00;20,7
Stavanger - Våland;SN44640;08.09.2024 10:00;20,7
Stavanger - Våland;SN44640;08.09.2024 11:00;21,4
Stavanger - Våland;SN44640;08.09.2024 12:00;21,2
Stavanger - Våland;SN44640;08.09.2024 13:00;21,9
Stavanger - Våland;SN44640;08.09.2024 14:00;20,5
Stavanger - Våland;SN44640;08.09.2024 15:00;20,3
Stavanger - Våland;SN44640;08.09.2024 16:00;19,4
Stavanger - Våland;SN44640;08.09.2024 17:00;19
Stavanger - Våland;SN44640;08.09.2024 18:00;18,7
Stavanger - Våland;SN44640;08.09.2024 19:00;18,1
Stavanger - Våland;SN44640;08.09.2024 20:00;17,7
Stavanger - Våland;SN44640;08.09.2024 21:00;17,6
Stavanger - Våland;SN44640;08.09.2024 22:00;17,7
Stavanger - Våland;SN44640;08.09.2024 23:00;17,3
Stavanger - Våland;SN44640;09.09.2024 00:00;17,4
Stavanger - Våland;SN44640;09.09.2024 01:00;16,8
Stavanger - Våland;SN44640;09.09.2024 02:00;17
Stavanger - Våland;SN44640;09.09.2024 03:00;17
Stavanger - Våland;SN44640;09.09.2024 04:00;17
Stavanger - Våland;SN44640;09.09.2024 05:00;16,9
Stavanger - Våland;SN44640;09.09.2024 06:00;16,5
Stavanger - Våland;SN44640;09.09.2024 07:00;16,1
Stavanger - Våland;SN44640;09.09.2024 08:00;16,2
Stavanger - Våland;SN44640;09.09.2024 09:00;16,1
Stavanger - Våland;SN44640;09.09.2024 10:00;16,3
Stavanger - Våland;SN44640;09.09.2024 11:00;17,2
Stavanger - Våland;SN44640;09.09.2024 12:00;14,9
Stavanger - Våland;SN44640;09.09.2024 13:00;14,2
Stavanger - Våland;SN44640;09.09.2024 14:00;13,7
Stavanger - Våland;SN44640;09.09.2024 15:00;12,1
Stavanger - Våland;SN44640;09.09.2024 16:00;11,8
Stavanger - Våland;SN44640;09.09.2024 17:00;11,9
Stavanger - Våland;SN44640;09.09.2024 18:00;11
Stavanger - Våland;SN44640;09.09.2024 19:00;11
Stavanger - Våland;SN44640;09.09.2024 20:00;11
Stavanger - Våland;SN44640;09.09.2024 21:00;11
Stavanger - Våland;SN44640;09.09.2024 22:00;10,8
Stavanger - Våland;SN44640;09.09.2024 23:00;10,6
Stavanger - Våland;SN44640;10.09.2024 00:00;10
Stavanger - Våland;SN44640;10.09.2024 01:00;8,9
Stavanger - Våland;SN44640;10.09.2024 02:00;9,6
Stavanger - Våland;SN44640;10.09.2024 03:00;9,1
Stavanger - Våland;SN44640;10.09.2024 04:00;8,9
Stavanger - Våland;SN44640;10.09.2024 05:00;9,1
Stavanger - Våland;SN44640;10.09.2024 06:00;8,3
Stavanger - Våland;SN44640;10.09.2024 07:00;8,9
Stavanger - Våland;SN44640;10.09.2024 08:00;11,3
Stavanger - Våland;SN44640;10.09.2024 09:00;12,3
Stavanger - Våland;SN44640;10.09.2024 10:00;12,4
Stavanger - Våland;SN44640;10.09.2024 11:00;12,4
Stavanger - Våland;SN44640;10.09.2024 12:00;12,7
Stavanger - Våland;SN44640;10.09.2024 13:00;12,5
Stavanger - Våland;SN44640;10.09.2024 14:00;11,3
Stavanger - Våland;SN44640;10.09.2024 15:00;11,3
Stavanger - Våland;SN44640;10.09.2024 16:00;11,9
Stavanger - Våland;SN44640;10.09.2024 17:00;11,6
Stavanger - Våland;SN44640;10.09.2024 18:00;10,4
Stavanger - Våland;SN44640;10.09.2024 19:00;10,9
Stavanger - Våland;SN44640;10.09.2024 20:00;10,2
Stavanger - Våland;SN44640;10.09.2024 21:00;10,2
Stavanger - Våland;SN44640;10.09.2024 22:00;9,9
Stavanger - Våland;SN44640;10.09.2024 23:00;9,4
Stavanger - Våland;SN44640;11.09.2024 00:00;9
Stavanger - Våland;SN44640;11.09.2024 01:00;10,6
Stavanger - Våland;SN44640;11.09.2024 02:00;10,4
Stavanger - Våland;SN44640;11.09.2024 03:00;9,3
Stavanger - Våland;SN44640;11.09.2024 04:00;10,1
Stavanger - Våland;SN44640;11.09.2024 05:00;10,1
Stavanger - Våland;SN44640;11.09.2024 06:00;10,4
Stavanger - Våland;SN44640;11.09.2024 07:00;10,8
Stavanger - Våland;SN44640;11.09.2024 08:00;10,6
Stavanger - Våland;SN44640;11.09.2024 09:00;11
Stavanger - Våland;SN44640;11.09.2024 10:00;10,6
Stavanger - Våland;SN44640;11.09.2024 11:00;11,9
Stavanger - Våland;SN44640;11.09.2024 12:00;10,5
Stavanger - Våland;SN44640;11.09.2024 13:00;10,5
Stavanger - Våland;SN44640;11.09.2024 14:00;9,6
Stavanger - Våland;SN44640;11.09.2024 15:00;11,2
Stavanger - Våland;SN44640;11.09.2024 16:00;11,6
Stavanger - Våland;SN44640;11.09.2024 17:00;9,5
Stavanger - Våland;SN44640;11.09.2024 18:00;9,2
Stavanger - Våland;SN44640;11.09.2024 19:00;8,9
Stavanger - Våland;SN44640;11.09.2024 20:00;8,7
Stavanger - Våland;SN44640;11.09.2024 21:00;9,6
Stavanger - Våland;SN44640;11.09.2024 22:00;9,7
Stavanger - Våland;SN44640;11.09.2024 23:00;9,8
Stavanger - Våland;SN44640;12.09.2024 00:00;9,5
Stavanger - Våland;SN44640;12.09.2024 01:00;9,7
Stavanger - Våland;SN44640;12.09.2024 02:00;9,8
Stavanger - Våland;SN44640;12.09.2024 03:00;9,5
Stavanger - Våland;SN44640;12.09.2024 04:00;9,2
Stavanger - Våland;SN44640;12.09.2024 05:00;9,4
Stavanger - Våland;SN44640;12.09.2024 06:00;8,8
Stavanger - Våland;SN44640;12.09.2024 07:00;8,8
Stavanger - Våland;SN44640;12.09.2024 08:00;9,5
Stavanger - Våland;SN44640;12.09.2024 09:00;9,5
Stavanger - Våland;SN44640;12.09.2024 10:00;10,4
Stavanger - Våland;SN44640;12.09.2024 11:00;11
Stavanger - Våland;SN44640;12.09.2024 12:00;12,2
Stavanger - Våland;SN44640;12.09.2024 13:00;12,4
Stavanger - Våland;SN44640;12.09.2024 14:00;12,1
Stavanger - Våland;SN44640;12.09.2024 15:00;12,9
Stavanger - Våland;SN44640;12.09.2024 16:00;12,4
Stavanger - Våland;SN44640;12.09.2024 17:00;12
Stavanger - Våland;SN44640;12.09.2024 18:00;10,3
Stavanger - Våland;SN44640;12.09.2024 19:00;9,6
Stavanger - Våland;SN44640;12.09.2024 20:00;9,4
Stavanger - Våland;SN44640;12.09.2024 21:00;8,8
Stavanger - Våland;SN44640;12.09.2024 22:00;8,1
Stavanger - Våland;SN44640;12.09.2024 23:00;8,3
Stavanger - Våland;SN44640;13.09.2024 00:00;7,5
Stavanger - Våland;SN44640;13.09.2024 01:00;7
Stavanger - Våland;SN44640;13.09.2024 02:00;7,2
Stavanger - Våland;SN44640;13.09.2024 03:00;7,1
Stavanger - Våland;SN44640;13.09.2024 04:00;6,6
Stavanger - Våland;SN44640;13.09.2024 05:00;6,4
Stavanger - Våland;SN44640;13.09.2024 06:00;6
Stavanger - Våland;SN44640;13.09.2024 07:00;6,4
Stavanger - Våland;SN44640;13.09.2024 08:00;7,8
Stavanger - Våland;SN44640;13.09.2024 09:00;9,8
Stavanger - Våland;SN44640;13.09.2024 10:00;9,5
Stavanger - Våland;SN44640;13.09.2024 11:00;11,1
Stavanger - Våland;SN44640;13.09.2024 12:00;11,1
Stavanger - Våland;SN44640;13.09.2024 13:00;13
Stavanger - Våland;SN44640;13.09.2024 14:00;12,5
Stavanger - Våland;SN44640;13.09.2024 15:00;13,2
Stavanger - Våland;SN44640;13.09.2024 16:00;11,6
Stavanger - Våland;SN44640;13.09.2024 17:00;11,8
Stavanger - Våland;SN44640;13.09.2024 18:00;11
Stavanger - Våland;SN44640;13.09.2024 19:00;9,6
Stavanger - Våland;SN44640;13.09.2024 20:00;8,5
Stavanger - Våland;SN44640;13.09.2024 21:00;8,5
Stavanger - Våland;SN44640;13.09.2024 22:00;7,7
Stavanger - Våland;SN44640;13.09.2024 23:00;7,5
Stavanger - Våland;SN44640;14.09.2024 00:00;7,9
Stavanger - Våland;SN44640;14.09.2024 01:00;7,8
Stavanger - Våland;SN44640;14.09.2024 02:00;8,3
Stavanger - Våland;SN44640;14.09.2024 03:00;8,1
Stavanger - Våland;SN44640;14.09.2024 04:00;8
Stavanger - Våland;SN44640;14.09.2024 05:00;8,4
Stavanger - Våland;SN44640;14.09.2024 06:00;8,5
Stavanger - Våland;SN44640;14.09.2024 07:00;8,5
Stavanger - Våland;SN44640;14.09.2024 08:00;9,7
Stavanger - Våland;SN44640;14.09.2024 09:00;11,2
Stavanger - Våland;SN44640;14.09.2024 10:00;13,4
Stavanger - Våland;SN44640;14.09.2024 11:00;13,4
Stavanger - Våland;SN44640;14.09.2024 12:00;13,6
Stavanger - Våland;SN44640;14.09.2024 13:00;15
Stavanger - Våland;SN44640;14.09.2024 14:00;14,7
Stavanger - Våland;SN44640;14.09.2024 15:00;14,3
Stavanger - Våland;SN44640;14.09.2024 16:00;13,6
Stavanger - Våland;SN44640;14.09.2024 17:00;13,6
Stavanger - Våland;SN44640;14.09.2024 18:00;13,2
Stavanger - Våland;SN44640;14.09.2024 19:00;12,3
Stavanger - Våland;SN44640;14.09.2024 20:00;12,4
Stavanger - Våland;SN44640;14.09.2024 21:00;12,6
Stavanger - Våland;SN44640;14.09.2024 22:00;12,5
Stavanger - Våland;SN44640;14.09.2024 23:00;12,4
Stavanger - Våland;SN44640;15.09.2024 00:00;12,3
Stavanger - Våland;SN44640;15.09.2024 01:00;12,8
Stavanger - Våland;SN44640;15.09.2024 02:00;12,5
Stavanger - Våland;SN44640;15.09.2024 03:00;12,3
Stavanger - Våland;SN44640;15.09.2024 04:00;12,5
Stavanger - Våland;SN44640;15.09.2024 05:00;12,8
Stavanger - Våland;SN44640;15.09.2024 06:00;13,4
Stavanger - Våland;SN44640;15.09.2024 07:00;13,7
Stavanger - Våland;SN44640;15.09.2024 08:00;14,2
Stavanger - Våland;SN44640;15.09.2024 09:00;14,6
Stavanger - Våland;SN44640;15.09.2024 10:00;14,9
Stavanger - Våland;SN44640;15.09.2024 11:00;15,7
Stavanger - Våland;SN44640;15.09.2024 12:00;15,7
Stavanger - Våland;SN44640;15.09.2024 13:00;15,1
Stavanger - Våland;SN44640;15.09.2024 14:00;14,3
Stavanger - Våland;SN44640;15.09.2024 15:00;14,2
Stavanger - Våland;SN44640;15.09.2024 16:00;14
Stavanger - Våland;SN44640;15.09.2024 17:00;13,8
Stavanger - Våland;SN44640;15.09.2024 18:00;13,3
Stavanger - Våland;SN44640;15.09.2024 19:00;12,7
Stavanger - Våland;SN44640;15.09.2024 20:00;12,7
Stavanger - Våland;SN44640;15.09.2024 21:00;12,7
Stavanger - Våland;SN44640;15.09.2024 22:00;12,7
Stavanger - Våland;SN44640;15.09.2024 23:00;12,9
Stavanger - Våland;SN44640;16.09.2024 00:00;12,6
Stavanger - Våland;SN44640;16.09.2024 01:00;12,7
Stavanger - Våland;SN44640;16.09.2024 02:00;12,6
Stavanger - Våland;SN44640;16.09.2024 03:00;12,5
Stavanger - Våland;SN44640;16.09.2024 04:00;11,9
Stavanger - Våland;SN44640;16.09.2024 05:00;12
Stavanger - Våland;SN44640;16.09.2024 06:00;12
Stavanger - Våland;SN44640;16.09.2024 07:00;12
Stavanger - Våland;SN44640;16.09.2024 08:00;12,3
Stavanger - Våland;SN44640;16.09.2024 09:00;13,9
Stavanger - Våland;SN44640;16.09.2024 10:00;13,7
Stavanger - Våland;SN44640;16.09.2024 11:00;15
Stavanger - Våland;SN44640;16.09.2024 12:00;15,8
Stavanger - Våland;SN44640;16.09.2024 13:00;15,5
Stavanger - Våland;SN44640;16.09.2024 14:00;16,8
Stavanger - Våland;SN44640;16.09.2024 15:00;17
Stavanger - Våland;SN44640;16.09.2024 16:00;14,8
Stavanger - Våland;SN44640;16.09.2024 17:00;15,3
Stavanger - Våland;SN44640;16.09.2024 18:00;13,2
Stavanger - Våland;SN44640;16.09.2024 19:00;11,3
Stavanger - Våland;SN44640;16.09.2024 20:00;10,2
Stavanger - Våland;SN44640;16.09.2024 21:00;10,1
Stavanger - Våland;SN44640;16.09.2024 22:00;9,2
Stavanger - Våland;SN44640;16.09.2024 23:00;8,8
Stavanger - Våland;SN44640;17.09.2024 00:00;9,1
Stavanger - Våland;SN44640;17.09.2024 01:00;8,6
Stavanger - Våland;SN44640;17.09.2024 02:00;9
Stavanger - Våland;SN44640;17.09.2024 03:00;9,4
Stavanger - Våland;SN44640;17.09.2024 04:00;9,5
Stavanger - Våland;SN44640;17.09.2024 05:00;9,6
Stavanger - Våland;SN44640;17.09.2024 06:00;9,7
Stavanger - Våland;SN44640;17.09.2024 07:00;9,6
Stavanger - Våland;SN44640;17.09.2024 08:00;10,4
Stavanger - Våland;SN44640;17.09.2024 09:00;11,7
Stavanger - Våland;SN44640;17.09.2024 10:00;12,4
Stavanger - Våland;SN44640;17.09.2024 11:00;13,9
Stavanger - Våland;SN44640;17.09.2024 12:00;14,8
Stavanger - Våland;SN44640;17.09.2024 13:00;16,1
Stavanger - Våland;SN44640;17.09.2024 14:00;16,6
Stavanger - Våland;SN44640;17.09.2024 15:00;15,9
Stavanger - Våland;SN44640;17.09.2024 16:00;16,4
Stavanger - Våland;SN44640;17.09.2024 17:00;15,1
Stavanger - Våland;SN44640;17.09.2024 18:00;12,8
Stavanger - Våland;SN44640;17.09.2024 19:00;11,4
Stavanger - Våland;SN44640;17.09.2024 20:00;10,6
Stavanger - Våland;SN44640;17.09.2024 21:00;10,7
Stavanger - Våland;SN44640;17.09.2024 22:00;11
Stavanger - Våland;SN44640;17.09.2024 23:00;11
Stavanger - Våland;SN44640;18.09.2024 00:00;10,9
Stavanger - Våland;SN44640;18.09.2024 01:00;11
Stavanger - Våland;SN44640;18.09.2024 02:00;10,9
Stavanger - Våland;SN44640;18.09.2024 03:00;11
Stavanger - Våland;SN44640;18.09.2024 04:00;10,8
Stavanger - Våland;SN44640;18.09.2024 05:00;10,9
Stavanger - Våland;SN44640;18.09.2024 06:00;10,9
Stavanger - Våland;SN44640;18.09.2024 07:00;11,1
Stavanger - Våland;SN44640;18.09.2024 08:00;12
Stavanger - Våland;SN44640;18.09.2024 09:00;14,3
Stavanger - Våland;SN44640;18.09.2024 10:00;16,7
Stavanger - Våland;SN44640;18.09.2024 11:00;18
Stavanger - Våland;SN44640;18.09.2024 12:00;18,7
Stavanger - Våland;SN44640;18.09.2024 13:00;19
Stavanger - Våland;SN44640;18.09.2024 14:00;19,1
Stavanger - Våland;SN44640;18.09.2024 15:00;18,7
Stavanger - Våland;SN44640;18.09.2024 16:00;18,2
Stavanger - Våland;SN44640;18.09.2024 17:00;18,2
Stavanger - Våland;SN44640;18.09.2024 18:00;16,1
Stavanger - Våland;SN44640;18.09.2024 19:00;14,1
Stavanger - Våland;SN44640;18.09.2024 20:00;13,7
Stavanger - Våland;SN44640;18.09.2024 21:00;13,2
Stavanger - Våland;SN44640;18.09.2024 22:00;13,1
Stavanger - Våland;SN44640;18.09.2024 23:00;12,5
Stavanger - Våland;SN44640;19.09.2024 00:00;12,8
Stavanger - Våland;SN44640;19.09.2024 01:00;12,4
Stavanger - Våland;SN44640;19.09.2024 02:00;12,2
Stavanger - Våland;SN44640;19.09.2024 03:00;12,4
Stavanger - Våland;SN44640;19.09.2024 04:00;12,2
Stavanger - Våland;SN44640;19.09.2024 05:00;12,2
Stavanger - Våland;SN44640;19.09.2024 06:00;12,4
Stavanger - Våland;SN44640;19.09.2024 07:00;12,4
Stavanger - Våland;SN44640;19.09.2024 08:00;13,2
Stavanger - Våland;SN44640;19.09.2024 09:00;14,9
Stavanger - Våland;SN44640;19.09.2024 10:00;16,5
Stavanger - Våland;SN44640;19.09.2024 11:00;18,3
Stavanger - Våland;SN44640;19.09.2024 12:00;19,3
Stavanger - Våland;SN44640;19.09.2024 13:00;19,9
Stavanger - Våland;SN44640;19.09.2024 14:00;19,9
Stavanger - Våland;SN44640;19.09.2024 15:00;19,2
Stavanger - Våland;SN44640;19.09.2024 16:00;18,9
Stavanger - Våland;SN44640;19.09.2024 17:00;18,3
Stavanger - Våland;SN44640;19.09.2024 18:00;15,8
Stavanger - Våland;SN44640;19.09.2024 19:00;13,8
Stavanger - Våland;SN44640;19.09.2024 20:00;13,2
Stavanger - Våland;SN44640;19.09.2024 21:00;12,8
Stavanger - Våland;SN44640;19.09.2024 22:00;12,8
Stavanger - Våland;SN44640;19.09.2024 23:00;12,5
Stavanger - Våland;SN44640;20.09.2024 00:00;12,4
Stavanger - Våland;SN44640;20.09.2024 01:00;11,6
Stavanger - Våland;SN44640;20.09.2024 02:00;11,6
Stavanger - Våland;SN44640;20.09.2024 03:00;11,5
Stavanger - Våland;SN44640;20.09.2024 04:00;11,8
Stavanger - Våland;SN44640;20.09.2024 05:00;11,1
Stavanger - Våland;SN44640;20.09.2024 06:00;11,1
Stavanger - Våland;SN44640;20.09.2024 07:00;11,6
Stavanger - Våland;SN44640;20.09.2024 08:00;12,6
Stavanger - Våland;SN44640;20.09.2024 09:00;15,3
Stavanger - Våland;SN44640;20.09.2024 10:00;17,7
Stavanger - Våland;SN44640;20.09.2024 11:00;18,3
Stavanger - Våland;SN44640;20.09.2024 12:00;19,2
Stavanger - Våland;SN44640;20.09.2024 13:00;20,2
Stavanger - Våland;SN44640;20.09.2024 14:00;20,1
Stavanger - Våland;SN44640;20.09.2024 15:00;20,2
Stavanger - Våland;SN44640;20.09.2024 16:00;19,4
Stavanger - Våland;SN44640;20.09.2024 17:00;18,4
Stavanger - Våland;SN44640;20.09.2024 18:00;15,7
Stavanger - Våland;SN44640;20.09.2024 19:00;13,7
Stavanger - Våland;SN44640;20.09.2024 20:00;14
Stavanger - Våland;SN44640;20.09.2024 21:00;13,2
Stavanger - Våland;SN44640;20.09.2024 22:00;12,8
Stavanger - Våland;SN44640;20.09.2024 23:00;12,5
Stavanger - Våland;SN44640;21.09.2024 00:00;12,4
Stavanger - Våland;SN44640;21.09.2024 01:00;12
Stavanger - Våland;SN44640;21.09.2024 02:00;12
Stavanger - Våland;SN44640;21.09.2024 03:00;11,5
Stavanger - Våland;SN44640;21.09.2024 04:00;11,2
Stavanger - Våland;SN44640;21.09.2024 05:00;11,4
Stavanger - Våland;SN44640;21.09.2024 06:00;11,5
Stavanger - Våland;SN44640;21.09.2024 07:00;11,2
Stavanger - Våland;SN44640;21.09.2024 08:00;12,1
Stavanger - Våland;SN44640;21.09.2024 09:00;14,1
Stavanger - Våland;SN44640;21.09.2024 10:00;16,2
Stavanger - Våland;SN44640;21.09.2024 11:00;17,5
Stavanger - Våland;SN44640;21.09.2024 12:00;19,4
Stavanger - Våland;SN44640;21.09.2024 13:00;19,7
Stavanger - Våland;SN44640;21.09.2024 14:00;18,3
Stavanger - Våland;SN44640;21.09.2024 15:00;18,1
Stavanger - Våland;SN44640;21.09.2024 16:00;18,1
Stavanger - Våland;SN44640;21.09.2024 17:00;15,5
Stavanger - Våland;SN44640;21.09.2024 18:00;13,5
Stavanger - Våland;SN44640;21.09.2024 19:00;12,5
Stavanger - Våland;SN44640;21.09.2024 20:00;12,6
Stavanger - Våland;SN44640;21.09.2024 21:00;12,3
Stavanger - Våland;SN44640;21.09.2024 22:00;12,1
Stavanger - Våland;SN44640;21.09.2024 23:00;12
Stavanger - Våland;SN44640;22.09.2024 00:00;11,5
Stavanger - Våland;SN44640;22.09.2024 01:00;11,6
Stavanger - Våland;SN44640;22.09.2024 02:00;11,1
Stavanger - Våland;SN44640;22.09.2024 03:00;10,5
Stavanger - Våland;SN44640;22.09.2024 04:00;9,6
Stavanger - Våland;SN44640;22.09.2024 05:00;9,2
Stavanger - Våland;SN44640;22.09.2024 06:00;9
Stavanger - Våland;SN44640;22.09.2024 07:00;9,8
Stavanger - Våland;SN44640;22.09.2024 08:00;10,7
Stavanger - Våland;SN44640;22.09.2024 09:00;11,5
Stavanger - Våland;SN44640;22.09.2024 10:00;11,9
Stavanger - Våland;SN44640;22.09.2024 11:00;12,6
Stavanger - Våland;SN44640;22.09.2024 12:00;13,6
Stavanger - Våland;SN44640;22.09.2024 13:00;15,6
Stavanger - Våland;SN44640;22.09.2024 14:00;17
Stavanger - Våland;SN44640;22.09.2024 15:00;16,9
Stavanger - Våland;SN44640;22.09.2024 16:00;16,2
Stavanger - Våland;SN44640;22.09.2024 17:00;15,2
Stavanger - Våland;SN44640;22.09.2024 18:00;12,9
Stavanger - Våland;SN44640;22.09.2024 19:00;11,6
Stavanger - Våland;SN44640;22.09.2024 20:00;11,1
Stavanger - Våland;SN44640;22.09.2024 21:00;10,8
Stavanger - Våland;SN44640;22.09.2024 22:00;11
Stavanger - Våland;SN44640;22.09.2024 23:00;11
Stavanger - Våland;SN44640;23.09.2024 00:00;10,6
Stavanger - Våland;SN44640;23.09.2024 01:00;11,1
Stavanger - Våland;SN44640;23.09.2024 02:00;11,9
Stavanger - Våland;SN44640;23.09.2024 03:00;11,5
Stavanger - Våland;SN44640;23.09.2024 04:00;12
Stavanger - Våland;SN44640;23.09.2024 05:00;12
Stavanger - Våland;SN44640;23.09.2024 06:00;12
Stavanger - Våland;SN44640;23.09.2024 07:00;11,8
Stavanger - Våland;SN44640;23.09.2024 08:00;12,1
Stavanger - Våland;SN44640;23.09.2024 09:00;12,3
Stavanger - Våland;SN44640;23.09.2024 10:00;13,5
Stavanger - Våland;SN44640;23.09.2024 11:00;14,9
Stavanger - Våland;SN44640;23.09.2024 12:00;14,7
Stavanger - Våland;SN44640;23.09.2024 13:00;15,1
Stavanger - Våland;SN44640;23.09.2024 14:00;15,2
Stavanger - Våland;SN44640;23.09.2024 15:00;16,5
Stavanger - Våland;SN44640;23.09.2024 16:00;14,9
Stavanger - Våland;SN44640;23.09.2024 17:00;14,3
Stavanger - Våland;SN44640;23.09.2024 18:00;13,4
Stavanger - Våland;SN44640;23.09.2024 19:00;13
Stavanger - Våland;SN44640;23.09.2024 20:00;12,8
Stavanger - Våland;SN44640;23.09.2024 21:00;13,2
Stavanger - Våland;SN44640;23.09.2024 22:00;12,8
Stavanger - Våland;SN44640;23.09.2024 23:00;13,1
Stavanger - Våland;SN44640;24.09.2024 00:00;12,1
Stavanger - Våland;SN44640;24.09.2024 01:00;12
Stavanger - Våland;SN44640;24.09.2024 02:00;11,9
Stavanger - Våland;SN44640;24.09.2024 03:00;12,1
Stavanger - Våland;SN44640;24.09.2024 04:00;11,2
Stavanger - Våland;SN44640;24.09.2024 05:00;11
Stavanger - Våland;SN44640;24.09.2024 06:00;11,2
Stavanger - Våland;SN44640;24.09.2024 07:00;11,2
Stavanger - Våland;SN44640;24.09.2024 08:00;11,4
Stavanger - Våland;SN44640;24.09.2024 09:00;11,3
Stavanger - Våland;SN44640;24.09.2024 10:00;11,5
Stavanger - Våland;SN44640;24.09.2024 11:00;11,1
Stavanger - Våland;SN44640;24.09.2024 12:00;11,9
Stavanger - Våland;SN44640;24.09.2024 13:00;11,5
Stavanger - Våland;SN44640;24.09.2024 14:00;12
Stavanger - Våland;SN44640;24.09.2024 15:00;11,8
Stavanger - Våland;SN44640;24.09.2024 16:00;12,2
Stavanger - Våland;SN44640;24.09.2024 17:00;12,5
Stavanger - Våland;SN44640;24.09.2024 18:00;11,6
Stavanger - Våland;SN44640;24.09.2024 19:00;11,2
Stavanger - Våland;SN44640;24.09.2024 20:00;11
Stavanger - Våland;SN44640;24.09.2024 21:00;11,2
Stavanger - Våland;SN44640;24.09.2024 22:00;11,1
Stavanger - Våland;SN44640;24.09.2024 23:00;10,7
Stavanger - Våland;SN44640;25.09.2024 00:00;10,1
Stavanger - Våland;SN44640;25.09.2024 01:00;10
Stavanger - Våland;SN44640;25.09.2024 02:00;9,4
Stavanger - Våland;SN44640;25.09.2024 03:00;8,7
Stavanger - Våland;SN44640;25.09.2024 04:00;8,2
Stavanger - Våland;SN44640;25.09.2024 05:00;8,3
Stavanger - Våland;SN44640;25.09.2024 06:00;8,6
Stavanger - Våland;SN44640;25.09.2024 07:00;9,4
Stavanger - Våland;SN44640;25.09.2024 08:00;9,7
Stavanger - Våland;SN44640;25.09.2024 09:00;10,4
Stavanger - Våland;SN44640;25.09.2024 10:00;11,7
Stavanger - Våland;SN44640;25.09.2024 11:00;11,8
Stavanger - Våland;SN44640;25.09.2024 12:00;12,6
Stavanger - Våland;SN44640;25.09.2024 13:00;12,7
Stavanger - Våland;SN44640;25.09.2024 14:00;12,4
Stavanger - Våland;SN44640;25.09.2024 15:00;11,9
Stavanger - Våland;SN44640;25.09.2024 16:00;11,2
Stavanger - Våland;SN44640;25.09.2024 17:00;10,4
Stavanger - Våland;SN44640;25.09.2024 18:00;9,6
Stavanger - Våland;SN44640;25.09.2024 19:00;9,7
Stavanger - Våland;SN44640;25.09.2024 20:00;9,4
Stavanger - Våland;SN44640;25.09.2024 21:00;8,8
Stavanger - Våland;SN44640;25.09.2024 22:00;7
Stavanger - Våland;SN44640;25.09.2024 23:00;6,4
Stavanger - Våland;SN44640;26.09.2024 00:00;7,1
Stavanger - Våland;SN44640;26.09.2024 01:00;8,1
Stavanger - Våland;SN44640;26.09.2024 02:00;7,7
Stavanger - Våland;SN44640;26.09.2024 03:00;7,9
Stavanger - Våland;SN44640;26.09.2024 04:00;6,9
Stavanger - Våland;SN44640;26.09.2024 05:00;6,7
Stavanger - Våland;SN44640;26.09.2024 06:00;7,1
Stavanger - Våland;SN44640;26.09.2024 07:00;6,8
Stavanger - Våland;SN44640;26.09.2024 08:00;7,5
Stavanger - Våland;SN44640;26.09.2024 09:00;9,4
Stavanger - Våland;SN44640;26.09.2024 10:00;10
Stavanger - Våland;SN44640;26.09.2024 11:00;10,2
Stavanger - Våland;SN44640;26.09.2024 12:00;10,5
Stavanger - Våland;SN44640;26.09.2024 13:00;12,8
Stavanger - Våland;SN44640;26.09.2024 14:00;13,5
Stavanger - Våland;SN44640;26.09.2024 15:00;13,6
Stavanger - Våland;SN44640;26.09.2024 16:00;13,4
Stavanger - Våland;SN44640;26.09.2024 17:00;12,4
Stavanger - Våland;SN44640;26.09.2024 18:00;10,5
Stavanger - Våland;SN44640;26.09.2024 19:00;9,2
Stavanger - Våland;SN44640;26.09.2024 20:00;9,5
Stavanger - Våland;SN44640;26.09.2024 21:00;9,3
Stavanger - Våland;SN44640;26.09.2024 22:00;8,1
Stavanger - Våland;SN44640;26.09.2024 23:00;7,6
Stavanger - Våland;SN44640;27.09.2024 00:00;7,4
Stavanger - Våland;SN44640;27.09.2024 01:00;8,1
Stavanger - Våland;SN44640;27.09.2024 02:00;7,2
Stavanger - Våland;SN44640;27.09.2024 03:00;7,2
Stavanger - Våland;SN44640;27.09.2024 04:00;7,1
Stavanger - Våland;SN44640;27.09.2024 05:00;6,8
Stavanger - Våland;SN44640;27.09.2024 06:00;6,5
Stavanger - Våland;SN44640;27.09.2024 07:00;5,9
Stavanger - Våland;SN44640;27.09.2024 08:00;7,8
Stavanger - Våland;SN44640;27.09.2024 09:00;7,3
Stavanger - Våland;SN44640;27.09.2024 10:00;10,8
Stavanger - Våland;SN44640;27.09.2024 11:00;11,7
Stavanger - Våland;SN44640;27.09.2024 12:00;12,6
Stavanger - Våland;SN44640;27.09.2024 13:00;12,7
Stavanger - Våland;SN44640;27.09.2024 14:00;13,1
Stavanger - Våland;SN44640;27.09.2024 15:00;12,8
Stavanger - Våland;SN44640;27.09.2024 16:00;11,2
Stavanger - Våland;SN44640;27.09.2024 17:00;10,8
Stavanger - Våland;SN44640;27.09.2024 18:00;9,4
Stavanger - Våland;SN44640;27.09.2024 19:00;8,9
Stavanger - Våland;SN44640;27.09.2024 20:00;8,5
Stavanger - Våland;SN44640;27.09.2024 21:00;8,4
Stavanger - Våland;SN44640;27.09.2024 22:00;7,4
Stavanger - Våland;SN44640;27.09.2024 23:00;6,9
Stavanger - Våland;SN44640;28.09.2024 00:00;6,5
Stavanger - Våland;SN44640;28.09.2024 01:00;5,3
Stavanger - Våland;SN44640;28.09.2024 02:00;5,3
Stavanger - Våland;SN44640;28.09.2024 03:00;4,9
Stavanger - Våland;SN44640;28.09.2024 04:00;5,2
Stavanger - Våland;SN44640;28.09.2024 05:00;4,8
Stavanger - Våland;SN44640;28.09.2024 06:00;4,8
Stavanger - Våland;SN44640;28.09.2024 07:00;4,6
Stavanger - Våland;SN44640;28.09.2024 08:00;5,4
Stavanger - Våland;SN44640;28.09.2024 09:00;7,1
Stavanger - Våland;SN44640;28.09.2024 10:00;8,6
Stavanger - Våland;SN44640;28.09.2024 11:00;8,3
Stavanger - Våland;SN44640;28.09.2024 12:00;9,7
Stavanger - Våland;SN44640;28.09.2024 13:00;8
Stavanger - Våland;SN44640;28.09.2024 14:00;7,7
Stavanger - Våland;SN44640;28.09.2024 15:00;9,2
Stavanger - Våland;SN44640;28.09.2024 16:00;8,2
Stavanger - Våland;SN44640;28.09.2024 17:00;6,6
Stavanger - Våland;SN44640;28.09.2024 18:00;7,1
Stavanger - Våland;SN44640;28.09.2024 19:00;5,6
Stavanger - Våland;SN44640;28.09.2024 20:00;6,1
Stavanger - Våland;SN44640;28.09.2024 21:00;5
Stavanger - Våland;SN44640;28.09.2024 22:00;4,4
Stavanger - Våland;SN44640;28.09.2024 23:00;4,8
Stavanger - Våland;SN44640;29.09.2024 00:00;5,4
Stavanger - Våland;SN44640;29.09.2024 01:00;4,2
Stavanger - Våland;SN44640;29.09.2024 02:00;4,8
Stavanger - Våland;SN44640;29.09.2024 03:00;4,4
Stavanger - Våland;SN44640;29.09.2024 04:00;4,3
Stavanger - Våland;SN44640;29.09.2024 05:00;4,1
Stavanger - Våland;SN44640;29.09.2024 06:00;4,5
Stavanger - Våland;SN44640;29.09.2024 07:00;4,8
Stavanger - Våland;SN44640;29.09.2024 08:00;5,9
Stavanger - Våland;SN44640;29.09.2024 09:00;7
Stavanger - Våland;SN44640;29.09.2024 10:00;7,4
Stavanger - Våland;SN44640;29.09.2024 11:00;7,8
Stavanger - Våland;SN44640;29.09.2024 12:00;7,8
Stavanger - Våland;SN44640;29.09.2024 13:00;7,7
Stavanger - Våland;SN44640;29.09.2024 14:00;9,1
Stavanger - Våland;SN44640;29.09.2024 15:00;9,3
Stavanger - Våland;SN44640;29.09.2024 16:00;9,7
Stavanger - Våland;SN44640;29.09.2024 17:00;10,6
Stavanger - Våland;SN44640;29.09.2024 18:00;10,4
Stavanger - Våland;SN44640;29.09.2024 19:00;9,5
Stavanger - Våland;SN44640;29.09.2024 20:00;9,2
Stavanger - Våland;SN44640;29.09.2024 21:00;8,6
Stavanger - Våland;SN44640;29.09.2024 22:00;8,5
Stavanger - Våland;SN44640;29.09.2024 23:00;8,4
Stavanger - Våland;SN44640;30.09.2024 00:00;8,6
Stavanger - Våland;SN44640;30.09.2024 01:00;9
Stavanger - Våland;SN44640;30.09.2024 02:00;9,6
Stavanger - Våland;SN44640;30.09.2024 03:00;9,4
Stavanger - Våland;SN44640;30.09.2024 04:00;9,8
Stavanger - Våland;SN44640;30.09.2024 05:00;10,1
Stavanger - Våland;SN44640;30.09.2024 06:00;9,5
Stavanger - Våland;SN44640;30.09.2024 07:00;10,9
Stavanger - Våland;SN44640;30.09.2024 08:00;11
Stavanger - Våland;SN44640;30.09.2024 09:00;11,5
Stavanger - Våland;SN44640;30.09.2024 10:00;11,9
Stavanger - Våland;SN44640;30.09.2024 11:00;13,3
Stavanger - Våland;SN44640;30.09.2024 12:00;13,9
Stavanger - Våland;SN44640;30.09.2024 13:00;14,7
Stavanger - Våland;SN44640;30.09.2024 14:00;14
Stavanger - Våland;SN44640;30.09.2024 15:00;14,2
Stavanger - Våland;SN44640;30.09.2024 16:00;14
Stavanger - Våland;SN44640;30.09.2024 17:00;13,6
Stavanger - Våland;SN44640;30.09.2024 18:00;11,8
Stavanger - Våland;SN44640;30.09.2024 19:00;11,4
Stavanger - Våland;SN44640;30.09.2024 20:00;11,1
Stavanger - Våland;SN44640;30.09.2024 21:00;11,4
Stavanger - Våland;SN44640;30.09.2024 22:00;11,5
Stavanger - Våland;SN44640;30.09.2024 23:00;12
Stavanger - Våland;SN44640;01.10.2024 00:00;11,7
Stavanger - Våland;SN44640;01.10.2024 01:00;11,8
Stavanger - Våland;SN44640;01.10.2024 02:00;11,5
Stavanger - Våland;SN44640;01.10.2024 03:00;11,3
Stavanger - Våland;SN44640;01.10.2024 04:00;10,2
Stavanger - Våland;SN44640;01.10.2024 05:00;10,6
Stavanger - Våland;SN44640;01.10.2024 06:00;10,8
Stavanger - Våland;SN44640;01.10.2024 07:00;10,8
Stavanger - Våland;SN44640;01.10.2024 08:00;11,4
Stavanger - Våland;SN44640;01.10.2024 09:00;11,9
Stavanger - Våland;SN44640;01.10.2024 10:00;13,6
Stavanger - Våland;SN44640;01.10.2024 11:00;13,5
Stavanger - Våland;SN44640;01.10.2024 12:00;13,3
Stavanger - Våland;SN44640;01.10.2024 13:00;14,1
Stavanger - Våland;SN44640;01.10.2024 14:00;14,5
Stavanger - Våland;SN44640;01.10.2024 15:00;14,1
Stavanger - Våland;SN44640;01.10.2024 16:00;13,3
Stavanger - Våland;SN44640;01.10.2024 17:00;13,3
Stavanger - Våland;SN44640;01.10.2024 18:00;11,3
Stavanger - Våland;SN44640;01.10.2024 19:00;10
Stavanger - Våland;SN44640;01.10.2024 20:00;9,3
Stavanger - Våland;SN44640;01.10.2024 21:00;8,7
Stavanger - Våland;SN44640;01.10.2024 22:00;9,3
Stavanger - Våland;SN44640;01.10.2024 23:00;8,9
Stavanger - Våland;SN44640;02.10.2024 00:00;8,7
Stavanger - Våland;SN44640;02.10.2024 01:00;7,9
Stavanger - Våland;SN44640;02.10.2024 02:00;7,9
Stavanger - Våland;SN44640;02.10.2024 03:00;7,9
Stavanger - Våland;SN44640;02.10.2024 04:00;7,7
Stavanger - Våland;SN44640;02.10.2024 05:00;7,1
Stavanger - Våland;SN44640;02.10.2024 06:00;6,7
Stavanger - Våland;SN44640;02.10.2024 07:00;6,9
Stavanger - Våland;SN44640;02.10.2024 08:00;8,4
Stavanger - Våland;SN44640;02.10.2024 09:00;9,6
Stavanger - Våland;SN44640;02.10.2024 10:00;11,1
Stavanger - Våland;SN44640;02.10.2024 11:00;12,5
Stavanger - Våland;SN44640;02.10.2024 12:00;13,7
Stavanger - Våland;SN44640;02.10.2024 13:00;14,4
Stavanger - Våland;SN44640;02.10.2024 14:00;14,5
Stavanger - Våland;SN44640;02.10.2024 15:00;14,1
Stavanger - Våland;SN44640;02.10.2024 16:00;13,9
Stavanger - Våland;SN44640;02.10.2024 17:00;13,2
Stavanger - Våland;SN44640;02.10.2024 18:00;10,7
Stavanger - Våland;SN44640;02.10.2024 19:00;9,2
Stavanger - Våland;SN44640;02.10.2024 20:00;8,8
Stavanger - Våland;SN44640;02.10.2024 21:00;8,2
Stavanger - Våland;SN44640;02.10.2024 22:00;8,2
Stavanger - Våland;SN44640;02.10.2024 23:00;8,5
Stavanger - Våland;SN44640;03.10.2024 00:00;7,9
Stavanger - Våland;SN44640;03.10.2024 01:00;8
Stavanger - Våland;SN44640;03.10.2024 02:00;7,3
Stavanger - Våland;SN44640;03.10.2024 03:00;7,3
Stavanger - Våland;SN44640;03.10.2024 04:00;6,9
Stavanger - Våland;SN44640;03.10.2024 05:00;6,8
Stavanger - Våland;SN44640;03.10.2024 06:00;7
Stavanger - Våland;SN44640;03.10.2024 07:00;6,7
Stavanger - Våland;SN44640;03.10.2024 08:00;7,1
Stavanger - Våland;SN44640;03.10.2024 09:00;8,8
Stavanger - Våland;SN44640;03.10.2024 10:00;10
Stavanger - Våland;SN44640;03.10.2024 11:00;11,2
Stavanger - Våland;SN44640;03.10.2024 12:00;12
Stavanger - Våland;SN44640;03.10.2024 13:00;13,6
Stavanger - Våland;SN44640;03.10.2024 14:00;14,2
Stavanger - Våland;SN44640;03.10.2024 15:00;13,7
Stavanger - Våland;SN44640;03.10.2024 16:00;13,6
Stavanger - Våland;SN44640;03.10.2024 17:00;11,8
Stavanger - Våland;SN44640;03.10.2024 18:00;9,5
Stavanger - Våland;SN44640;03.10.2024 19:00;9,3
Stavanger - Våland;SN44640;03.10.2024 20:00;9,3
Stavanger - Våland;SN44640;03.10.2024 21:00;8,4
Stavanger - Våland;SN44640;03.10.2024 22:00;8,1
Stavanger - Våland;SN44640;03.10.2024 23:00;7,1
Stavanger - Våland;SN44640;04.10.2024 00:00;7,2
Stavanger - Våland;SN44640;04.10.2024 01:00;7,2
Stavanger - Våland;SN44640;04.10.2024 02:00;7,2
Stavanger - Våland;SN44640;04.10.2024 03:00;6,9
Stavanger - Våland;SN44640;04.10.2024 04:00;6,6
Stavanger - Våland;SN44640;04.10.2024 05:00;6,2
Stavanger - Våland;SN44640;04.10.2024 06:00;6,5
Stavanger - Våland;SN44640;04.10.2024 07:00;5,9
Stavanger - Våland;SN44640;04.10.2024 08:00;6,3
Stavanger - Våland;SN44640;04.10.2024 09:00;7,8
Stavanger - Våland;SN44640;04.10.2024 10:00;10,2
Stavanger - Våland;SN44640;04.10.2024 11:00;11,5
Stavanger - Våland;SN44640;04.10.2024 12:00;12,6
Stavanger - Våland;SN44640;04.10.2024 13:00;13
Stavanger - Våland;SN44640;04.10.2024 14:00;12,5
Stavanger - Våland;SN44640;04.10.2024 15:00;13,4
Stavanger - Våland;SN44640;04.10.2024 16:00;12,3
Stavanger - Våland;SN44640;04.10.2024 17:00;11,5
Stavanger - Våland;SN44640;04.10.2024 18:00;9,8
Stavanger - Våland;SN44640;04.10.2024 19:00;10,1
Stavanger - Våland;SN44640;04.10.2024 20:00;9
Stavanger - Våland;SN44640;04.10.2024 21:00;8,4
Stavanger - Våland;SN44640;04.10.2024 22:00;8,6
Stavanger - Våland;SN44640;04.10.2024 23:00;8,4
Stavanger - Våland;SN44640;05.10.2024 00:00;8,4
Stavanger - Våland;SN44640;05.10.2024 01:00;9,1
Stavanger - Våland;SN44640;05.10.2024 02:00;9,2
Stavanger - Våland;SN44640;05.10.2024 03:00;9,7
Stavanger - Våland;SN44640;05.10.2024 04:00;10,2
Stavanger - Våland;SN44640;05.10.2024 05:00;10,5
Stavanger - Våland;SN44640;05.10.2024 06:00;10,7
Stavanger - Våland;SN44640;05.10.2024 07:00;10,8
Stavanger - Våland;SN44640;05.10.2024 08:00;11,1
Stavanger - Våland;SN44640;05.10.2024 09:00;11,8
Stavanger - Våland;SN44640;05.10.2024 10:00;12,8
Stavanger - Våland;SN44640;05.10.2024 11:00;13,3
Stavanger - Våland;SN44640;05.10.2024 12:00;13,7
Stavanger - Våland;SN44640;05.10.2024 13:00;14
Stavanger - Våland;SN44640;05.10.2024 14:00;13,6
Stavanger - Våland;SN44640;05.10.2024 15:00;13,6
Stavanger - Våland;SN44640;05.10.2024 16:00;13,1
Stavanger - Våland;SN44640;05.10.2024 17:00;12,6
Stavanger - Våland;SN44640;05.10.2024 18:00;12
Stavanger - Våland;SN44640;05.10.2024 19:00;11,8
Stavanger - Våland;SN44640;05.10.2024 20:00;11,6
Stavanger - Våland;SN44640;05.10.2024 21:00;11,6
Stavanger - Våland;SN44640;05.10.2024 22:00;11,7
Stavanger - Våland;SN44640;05.10.2024 23:00;11,5
Stavanger - Våland;SN44640;06.10.2024 00:00;11,7
Stavanger - Våland;SN44640;06.10.2024 01:00;11,6
Stavanger - Våland;SN44640;06.10.2024 02:00;11,7
Stavanger - Våland;SN44640;06.10.2024 03:00;10,8
Stavanger - Våland;SN44640;06.10.2024 04:00;10,8
Stavanger - Våland;SN44640;06.10.2024 05:00;10,7
Stavanger - Våland;SN44640;06.10.2024 06:00;11
Stavanger - Våland;SN44640;06.10.2024 07:00;11,1
Stavanger - Våland;SN44640;06.10.2024 08:00;11,5
Stavanger - Våland;SN44640;06.10.2024 09:00;11,9
Stavanger - Våland;SN44640;06.10.2024 10:00;12,4
Stavanger - Våland;SN44640;06.10.2024 11:00;13,1
Stavanger - Våland;SN44640;06.10.2024 12:00;13
Stavanger - Våland;SN44640;06.10.2024 13:00;14,2
Stavanger - Våland;SN44640;06.10.2024 14:00;13,7
Stavanger - Våland;SN44640;06.10.2024 15:00;13,5
Stavanger - Våland;SN44640;06.10.2024 16:00;13,5
Stavanger - Våland;SN44640;06.10.2024 17:00;12,8
Stavanger - Våland;SN44640;06.10.2024 18:00;12,3
Stavanger - Våland;SN44640;06.10.2024 19:00;12
Stavanger - Våland;SN44640;06.10.2024 20:00;12
Stavanger - Våland;SN44640;06.10.2024 21:00;11,9
Stavanger - Våland;SN44640;06.10.2024 22:00;11,7
Stavanger - Våland;SN44640;06.10.2024 23:00;11,8
Stavanger - Våland;SN44640;07.10.2024 00:00;11,5
Stavanger - Våland;SN44640;07.10.2024 01:00;11,5
Stavanger - Våland;SN44640;07.10.2024 02:00;11,3
Stavanger - Våland;SN44640;07.10.2024 03:00;11,2
Stavanger - Våland;SN44640;07.10.2024 04:00;11,2
Stavanger - Våland;SN44640;07.10.2024 05:00;11
Stavanger - Våland;SN44640;07.10.2024 06:00;10,7
Stavanger - Våland;SN44640;07.10.2024 07:00;10,8
Stavanger - Våland;SN44640;07.10.2024 08:00;11,3
Stavanger - Våland;SN44640;07.10.2024 09:00;11,8
Stavanger - Våland;SN44640;07.10.2024 10:00;11,7
Stavanger - Våland;SN44640;07.10.2024 11:00;12,3
Stavanger - Våland;SN44640;07.10.2024 12:00;12,4
Stavanger - Våland;SN44640;07.10.2024 13:00;13
Stavanger - Våland;SN44640;07.10.2024 14:00;12,7
Stavanger - Våland;SN44640;07.10.2024 15:00;9,9
Stavanger - Våland;SN44640;07.10.2024 16:00;10
Stavanger - Våland;SN44640;07.10.2024 17:00;10,3
Stavanger - Våland;SN44640;07.10.2024 18:00;10,8
Stavanger - Våland;SN44640;07.10.2024 19:00;11,8
Stavanger - Våland;SN44640;07.10.2024 20:00;12,3
Stavanger - Våland;SN44640;07.10.2024 21:00;12,6
Stavanger - Våland;SN44640;07.10.2024 22:00;12,3
Stavanger - Våland;SN44640;07.10.2024 23:00;11,7
Stavanger - Våland;SN44640;08.10.2024 00:00;11,8
Stavanger - Våland;SN44640;08.10.2024 01:00;11,6
Stavanger - Våland;SN44640;08.10.2024 02:00;11,8
Stavanger - Våland;SN44640;08.10.2024 03:00;12
Stavanger - Våland;SN44640;08.10.2024 04:00;12,4
Stavanger - Våland;SN44640;08.10.2024 05:00;12,5
Stavanger - Våland;SN44640;08.10.2024 06:00;12,4
Stavanger - Våland;SN44640;08.10.2024 07:00;12,8
Stavanger - Våland;SN44640;08.10.2024 08:00;12,5
Stavanger - Våland;SN44640;08.10.2024 09:00;13,7
Stavanger - Våland;SN44640;08.10.2024 10:00;14,2
Stavanger - Våland;SN44640;08.10.2024 11:00;13,6
Stavanger - Våland;SN44640;08.10.2024 12:00;15,1
Stavanger - Våland;SN44640;08.10.2024 13:00;15,7
Stavanger - Våland;SN44640;08.10.2024 14:00;15,2
Stavanger - Våland;SN44640;08.10.2024 15:00;15,3
Stavanger - Våland;SN44640;08.10.2024 16:00;14,8
Stavanger - Våland;SN44640;08.10.2024 17:00;13
Stavanger - Våland;SN44640;08.10.2024 18:00;12,2
Stavanger - Våland;SN44640;08.10.2024 19:00;12
Stavanger - Våland;SN44640;08.10.2024 20:00;11,9
Stavanger - Våland;SN44640;08.10.2024 21:00;11,6
Stavanger - Våland;SN44640;08.10.2024 22:00;11,2
Stavanger - Våland;SN44640;08.10.2024 23:00;12,2
Stavanger - Våland;SN44640;09.10.2024 00:00;12,9
Stavanger - Våland;SN44640;09.10.2024 01:00;13,4
Stavanger - Våland;SN44640;09.10.2024 02:00;13,7
Stavanger - Våland;SN44640;09.10.2024 03:00;14
Stavanger - Våland;SN44640;09.10.2024 04:00;13,6
Stavanger - Våland;SN44640;09.10.2024 05:00;12,7
Stavanger - Våland;SN44640;09.10.2024 06:00;12,3
Stavanger - Våland;SN44640;09.10.2024 07:00;11,9
Stavanger - Våland;SN44640;09.10.2024 08:00;11,8
Stavanger - Våland;SN44640;09.10.2024 09:00;12,8
Stavanger - Våland;SN44640;09.10.2024 10:00;11,8
Stavanger - Våland;SN44640;09.10.2024 11:00;11,8
Stavanger - Våland;SN44640;09.10.2024 12:00;11,8
Stavanger - Våland;SN44640;09.10.2024 13:00;12
Stavanger - Våland;SN44640;09.10.2024 14:00;11,7
Stavanger - Våland;SN44640;09.10.2024 15:00;11,6
Stavanger - Våland;SN44640;09.10.2024 16:00;11,7
Stavanger - Våland;SN44640;09.10.2024 17:00;11,6
Stavanger - Våland;SN44640;09.10.2024 18:00;11,3
Stavanger - Våland;SN44640;09.10.2024 19:00;10,6
Stavanger - Våland;SN44640;09.10.2024 20:00;11
Stavanger - Våland;SN44640;09.10.2024 21:00;11,1
Stavanger - Våland;SN44640;09.10.2024 22:00;10,3
Stavanger - Våland;SN44640;09.10.2024 23:00;9,6
Stavanger - Våland;SN44640;10.10.2024 00:00;9,2
Stavanger - Våland;SN44640;10.10.2024 01:00;9
Stavanger - Våland;SN44640;10.10.2024 02:00;8,5
Stavanger - Våland;SN44640;10.10.2024 03:00;8,3
Stavanger - Våland;SN44640;10.10.2024 04:00;7,9
Stavanger - Våland;SN44640;10.10.2024 05:00;7,7
Stavanger - Våland;SN44640;10.10.2024 06:00;7,5
Stavanger - Våland;SN44640;10.10.2024 07:00;7,3
Stavanger - Våland;SN44640;10.10.2024 08:00;6,8
Stavanger - Våland;SN44640;10.10.2024 09:00;7,1
Stavanger - Våland;SN44640;10.10.2024 10:00;7,1
Stavanger - Våland;SN44640;10.10.2024 11:00;8,1
Stavanger - Våland;SN44640;10.10.2024 12:00;9,4
Stavanger - Våland;SN44640;10.10.2024 13:00;9,8
Stavanger - Våland;SN44640;10.10.2024 14:00;10
Stavanger - Våland;SN44640;10.10.2024 15:00;9,5
Stavanger - Våland;SN44640;10.10.2024 16:00;8,8
Stavanger - Våland;SN44640;10.10.2024 17:00;8
Stavanger - Våland;SN44640;10.10.2024 18:00;7,8
Stavanger - Våland;SN44640;10.10.2024 19:00;7,3
Stavanger - Våland;SN44640;10.10.2024 20:00;7,2
Stavanger - Våland;SN44640;10.10.2024 21:00;7,2
Stavanger - Våland;SN44640;10.10.2024 22:00;6,8
Stavanger - Våland;SN44640;10.10.2024 23:00;7
Stavanger - Våland;SN44640;11.10.2024 00:00;5,7
Stavanger - Våland;SN44640;11.10.2024 01:00;5,8
Stavanger - Våland;SN44640;11.10.2024 02:00;5,6
Stavanger - Våland;SN44640;11.10.2024 03:00;5,7
Stavanger - Våland;SN44640;11.10.2024 04:00;5,5
Stavanger - Våland;SN44640;11.10.2024 05:00;5,7
Stavanger - Våland;SN44640;11.10.2024 06:00;6,1
Stavanger - Våland;SN44640;11.10.2024 07:00;6,8
Stavanger - Våland;SN44640;11.10.2024 08:00;6,6
Stavanger - Våland;SN44640;11.10.2024 09:00;5,9
Stavanger - Våland;SN44640;11.10.2024 10:00;6,4
Stavanger - Våland;SN44640;11.10.2024 11:00;6,4
Stavanger - Våland;SN44640;11.10.2024 12:00;8,1
Stavanger - Våland;SN44640;11.10.2024 13:00;8,2
Stavanger - Våland;SN44640;11.10.2024 14:00;7,6
Stavanger - Våland;SN44640;11.10.2024 15:00;7,4
Stavanger - Våland;SN44640;11.10.2024 16:00;6,6
Stavanger - Våland;SN44640;11.10.2024 17:00;6
Stavanger - Våland;SN44640;11.10.2024 18:00;4,6
Stavanger - Våland;SN44640;11.10.2024 19:00;4,1
Stavanger - Våland;SN44640;11.10.2024 20:00;4
Stavanger - Våland;SN44640;11.10.2024 21:00;4,4
Stavanger - Våland;SN44640;11.10.2024 22:00;4,2
Stavanger - Våland;SN44640;11.10.2024 23:00;4,4
Stavanger - Våland;SN44640;12.10.2024 00:00;4,1
Stavanger - Våland;SN44640;12.10.2024 01:00;3,5
Stavanger - Våland;SN44640;12.10.2024 02:00;4,1
Stavanger - Våland;SN44640;12.10.2024 03:00;4,4
Stavanger - Våland;SN44640;12.10.2024 04:00;5,2
Stavanger - Våland;SN44640;12.10.2024 05:00;6,1
Stavanger - Våland;SN44640;12.10.2024 06:00;7
Stavanger - Våland;SN44640;12.10.2024 07:00;7,1
Stavanger - Våland;SN44640;12.10.2024 08:00;8,2
Stavanger - Våland;SN44640;12.10.2024 09:00;7,6
Stavanger - Våland;SN44640;12.10.2024 10:00;8,2
Stavanger - Våland;SN44640;12.10.2024 11:00;8,6
Stavanger - Våland;SN44640;12.10.2024 12:00;9,9
Stavanger - Våland;SN44640;12.10.2024 13:00;9,3
Stavanger - Våland;SN44640;12.10.2024 14:00;8,6
Stavanger - Våland;SN44640;12.10.2024 15:00;9,7
Stavanger - Våland;SN44640;12.10.2024 16:00;10,1
Stavanger - Våland;SN44640;12.10.2024 17:00;9,3
Stavanger - Våland;SN44640;12.10.2024 18:00;8,1
Stavanger - Våland;SN44640;12.10.2024 19:00;8,6
Stavanger - Våland;SN44640;12.10.2024 20:00;9
Stavanger - Våland;SN44640;12.10.2024 21:00;8,6
Stavanger - Våland;SN44640;12.10.2024 22:00;8,4
Stavanger - Våland;SN44640;12.10.2024 23:00;7,7
Stavanger - Våland;SN44640;13.10.2024 00:00;7,3
Stavanger - Våland;SN44640;13.10.2024 01:00;7,3
Stavanger - Våland;SN44640;13.10.2024 02:00;7,5
Stavanger - Våland;SN44640;13.10.2024 03:00;7,8
Stavanger - Våland;SN44640;13.10.2024 04:00;8,4
Stavanger - Våland;SN44640;13.10.2024 05:00;8,5
Stavanger - Våland;SN44640;13.10.2024 06:00;8
Stavanger - Våland;SN44640;13.10.2024 07:00;7,9
Stavanger - Våland;SN44640;13.10.2024 08:00;8,4
Stavanger - Våland;SN44640;13.10.2024 09:00;8,6
Stavanger - Våland;SN44640;13.10.2024 10:00;8,9
Stavanger - Våland;SN44640;13.10.2024 11:00;9
Stavanger - Våland;SN44640;13.10.2024 12:00;8,6
Stavanger - Våland;SN44640;13.10.2024 13:00;8,5
Stavanger - Våland;SN44640;13.10.2024 14:00;8,7
Stavanger - Våland;SN44640;13.10.2024 15:00;8,6
Stavanger - Våland;SN44640;13.10.2024 16:00;8,7
Stavanger - Våland;SN44640;13.10.2024 17:00;8,3
Stavanger - Våland;SN44640;13.10.2024 18:00;8
Stavanger - Våland;SN44640;13.10.2024 19:00;8
Stavanger - Våland;SN44640;13.10.2024 20:00;7,7
Stavanger - Våland;SN44640;13.10.2024 21:00;7,3
Stavanger - Våland;SN44640;13.10.2024 22:00;6,9
Stavanger - Våland;SN44640;13.10.2024 23:00;6,7
Stavanger - Våland;SN44640;14.10.2024 00:00;6,4
Stavanger - Våland;SN44640;14.10.2024 01:00;6
Stavanger - Våland;SN44640;14.10.2024 02:00;6
Stavanger - Våland;SN44640;14.10.2024 03:00;5,4
Stavanger - Våland;SN44640;14.10.2024 04:00;4,8
Stavanger - Våland;SN44640;14.10.2024 05:00;4,4
Stavanger - Våland;SN44640;14.10.2024 06:00;4,5
Stavanger - Våland;SN44640;14.10.2024 07:00;3,5
Stavanger - Våland;SN44640;14.10.2024 08:00;4,5
Stavanger - Våland;SN44640;14.10.2024 09:00;6,1
Stavanger - Våland;SN44640;14.10.2024 10:00;7,3
Stavanger - Våland;SN44640;14.10.2024 11:00;7,7
Stavanger - Våland;SN44640;14.10.2024 12:00;8,9
Stavanger - Våland;SN44640;14.10.2024 13:00;9,3
Stavanger - Våland;SN44640;14.10.2024 14:00;8,7
Stavanger - Våland;SN44640;14.10.2024 15:00;8,5
Stavanger - Våland;SN44640;14.10.2024 16:00;7,7
Stavanger - Våland;SN44640;14.10.2024 17:00;6,3
Stavanger - Våland;SN44640;14.10.2024 18:00;4,2
Stavanger - Våland;SN44640;14.10.2024 19:00;4,8
Stavanger - Våland;SN44640;14.10.2024 20:00;4,5
Stavanger - Våland;SN44640;14.10.2024 21:00;5,7
Stavanger - Våland;SN44640;14.10.2024 22:00;6,3
Stavanger - Våland;SN44640;14.10.2024 23:00;6,6
Stavanger - Våland;SN44640;15.10.2024 00:00;6
Stavanger - Våland;SN44640;15.10.2024 01:00;5,9
Stavanger - Våland;SN44640;15.10.2024 02:00;6,3
Stavanger - Våland;SN44640;15.10.2024 03:00;7
Stavanger - Våland;SN44640;15.10.2024 04:00;7,2
Stavanger - Våland;SN44640;15.10.2024 05:00;7,7
Stavanger - Våland;SN44640;15.10.2024 06:00;7,9
Stavanger - Våland;SN44640;15.10.2024 07:00;7,9
Stavanger - Våland;SN44640;15.10.2024 08:00;8,2
Stavanger - Våland;SN44640;15.10.2024 09:00;9,1
Stavanger - Våland;SN44640;15.10.2024 10:00;9,8
Stavanger - Våland;SN44640;15.10.2024 11:00;10,3
Stavanger - Våland;SN44640;15.10.2024 12:00;11,6
Stavanger - Våland;SN44640;15.10.2024 13:00;12,1
Stavanger - Våland;SN44640;15.10.2024 14:00;11,4
Stavanger - Våland;SN44640;15.10.2024 15:00;11,1
Stavanger - Våland;SN44640;15.10.2024 16:00;10,6
Stavanger - Våland;SN44640;15.10.2024 17:00;10,3
Stavanger - Våland;SN44640;15.10.2024 18:00;9,9
Stavanger - Våland;SN44640;15.10.2024 19:00;9,8
Stavanger - Våland;SN44640;15.10.2024 20:00;9,2
Stavanger - Våland;SN44640;15.10.2024 21:00;7,9
Stavanger - Våland;SN44640;15.10.2024 22:00;7,2
Stavanger - Våland;SN44640;15.10.2024 23:00;7,3
Stavanger - Våland;SN44640;16.10.2024 00:00;6,7
Stavanger - Våland;SN44640;16.10.2024 01:00;5,9
Stavanger - Våland;SN44640;16.10.2024 02:00;6,7
Stavanger - Våland;SN44640;16.10.2024 03:00;7,8
Stavanger - Våland;SN44640;16.10.2024 04:00;8,4
Stavanger - Våland;SN44640;16.10.2024 05:00;9,1
Stavanger - Våland;SN44640;16.10.2024 06:00;9,4
Stavanger - Våland;SN44640;16.10.2024 07:00;9,6
Stavanger - Våland;SN44640;16.10.2024 08:00;10,3
Stavanger - Våland;SN44640;16.10.2024 09:00;11,4
Stavanger - Våland;SN44640;16.10.2024 10:00;12
Stavanger - Våland;SN44640;16.10.2024 11:00;11,9
Stavanger - Våland;SN44640;16.10.2024 12:00;11,9
Stavanger - Våland;SN44640;16.10.2024 13:00;13,1
Stavanger - Våland;SN44640;16.10.2024 14:00;12,5
Stavanger - Våland;SN44640;16.10.2024 15:00;12
Stavanger - Våland;SN44640;16.10.2024 16:00;12,5
Stavanger - Våland;SN44640;16.10.2024 17:00;12,4
Stavanger - Våland;SN44640;16.10.2024 18:00;12,7
Stavanger - Våland;SN44640;16.10.2024 19:00;12,8
Stavanger - Våland;SN44640;16.10.2024 20:00;12,6
Stavanger - Våland;SN44640;16.10.2024 21:00;12,7
Stavanger - Våland;SN44640;16.10.2024 22:00;12,5
Stavanger - Våland;SN44640;16.10.2024 23:00;12,2
Stavanger - Våland;SN44640;17.10.2024 00:00;12,3
Stavanger - Våland;SN44640;17.10.2024 01:00;12,8
Stavanger - Våland;SN44640;17.10.2024 02:00;13
Stavanger - Våland;SN44640;17.10.2024 03:00;13,2
Stavanger - Våland;SN44640;17.10.2024 04:00;13,5
Stavanger - Våland;SN44640;17.10.2024 05:00;13,9
Stavanger - Våland;SN44640;17.10.2024 06:00;13,5
Stavanger - Våland;SN44640;17.10.2024 07:00;13,6
Stavanger - Våland;SN44640;17.10.2024 08:00;13,5
Stavanger - Våland;SN44640;17.10.2024 09:00;14,2
Stavanger - Våland;SN44640;17.10.2024 10:00;14,1
Stavanger - Våland;SN44640;17.10.2024 11:00;14,3
Stavanger - Våland;SN44640;17.10.2024 12:00;14,8
Stavanger - Våland;SN44640;17.10.2024 13:00;15,3
Stavanger - Våland;SN44640;17.10.2024 14:00;13,2
Stavanger - Våland;SN44640;17.10.2024 15:00;13,3
Stavanger - Våland;SN44640;17.10.2024 16:00;13,1
Stavanger - Våland;SN44640;17.10.2024 17:00;13,5
Stavanger - Våland;SN44640;17.10.2024 18:00;13
Stavanger - Våland;SN44640;17.10.2024 19:00;13,2
Stavanger - Våland;SN44640;17.10.2024 20:00;13,1
Stavanger - Våland;SN44640;17.10.2024 21:00;13,1
Stavanger - Våland;SN44640;17.10.2024 22:00;13,7
Stavanger - Våland;SN44640;17.10.2024 23:00;13,3
Stavanger - Våland;SN44640;18.10.2024 00:00;12,9
Stavanger - Våland;SN44640;18.10.2024 01:00;12,9
Stavanger - Våland;SN44640;18.10.2024 02:00;13,3
Stavanger - Våland;SN44640;18.10.2024 03:00;13,2
Stavanger - Våland;SN44640;18.10.2024 04:00;13,4
Stavanger - Våland;SN44640;18.10.2024 05:00;13,1
Stavanger - Våland;SN44640;18.10.2024 06:00;13
Stavanger - Våland;SN44640;18.10.2024 07:00;12,8
Stavanger - Våland;SN44640;18.10.2024 08:00;11,9
Stavanger - Våland;SN44640;18.10.2024 09:00;12,7
Stavanger - Våland;SN44640;18.10.2024 10:00;14,4
Stavanger - Våland;SN44640;18.10.2024 11:00;14,9
Stavanger - Våland;SN44640;18.10.2024 12:00;15,8
Stavanger - Våland;SN44640;18.10.2024 13:00;14,5
Stavanger - Våland;SN44640;18.10.2024 14:00;14,5
Stavanger - Våland;SN44640;18.10.2024 15:00;15
Stavanger - Våland;SN44640;18.10.2024 16:00;14,6
Stavanger - Våland;SN44640;18.10.2024 17:00;13,8
Stavanger - Våland;SN44640;18.10.2024 18:00;13,7
Stavanger - Våland;SN44640;18.10.2024 19:00;13,5
Stavanger - Våland;SN44640;18.10.2024 20:00;13,2
Stavanger - Våland;SN44640;18.10.2024 21:00;12,2
Stavanger - Våland;SN44640;18.10.2024 22:00;11,4
Stavanger - Våland;SN44640;18.10.2024 23:00;12
Stavanger - Våland;SN44640;19.10.2024 00:00;13,1
Stavanger - Våland;SN44640;19.10.2024 01:00;12,6
Stavanger - Våland;SN44640;19.10.2024 02:00;13,1
Stavanger - Våland;SN44640;19.10.2024 03:00;13,5
Stavanger - Våland;SN44640;19.10.2024 04:00;14
Stavanger - Våland;SN44640;19.10.2024 05:00;14
Stavanger - Våland;SN44640;19.10.2024 06:00;13,5
Stavanger - Våland;SN44640;19.10.2024 07:00;14,6
Stavanger - Våland;SN44640;19.10.2024 08:00;14,1
Stavanger - Våland;SN44640;19.10.2024 09:00;14,3
Stavanger - Våland;SN44640;19.10.2024 10:00;14,9
Stavanger - Våland;SN44640;19.10.2024 11:00;15,1
Stavanger - Våland;SN44640;19.10.2024 12:00;15,1
Stavanger - Våland;SN44640;19.10.2024 13:00;14,4
Stavanger - Våland;SN44640;19.10.2024 14:00;14,1
Stavanger - Våland;SN44640;19.10.2024 15:00;14,1
Stavanger - Våland;SN44640;19.10.2024 16:00;14,2
Stavanger - Våland;SN44640;19.10.2024 17:00;14
Stavanger - Våland;SN44640;19.10.2024 18:00;13,1
Stavanger - Våland;SN44640;19.10.2024 19:00;12,3
Stavanger - Våland;SN44640;19.10.2024 20:00;11,9
Stavanger - Våland;SN44640;19.10.2024 21:00;11,8
Stavanger - Våland;SN44640;19.10.2024 22:00;11,7
Stavanger - Våland;SN44640;19.10.2024 23:00;11,5
Stavanger - Våland;SN44640;20.10.2024 00:00;11,8
Stavanger - Våland;SN44640;20.10.2024 01:00;11,6
Stavanger - Våland;SN44640;20.10.2024 02:00;11,6
Stavanger - Våland;SN44640;20.10.2024 03:00;11,8
Stavanger - Våland;SN44640;20.10.2024 04:00;12
Stavanger - Våland;SN44640;20.10.2024 05:00;12,2
Stavanger - Våland;SN44640;20.10.2024 06:00;12,1
Stavanger - Våland;SN44640;20.10.2024 07:00;12,6
Stavanger - Våland;SN44640;20.10.2024 08:00;12,4
Stavanger - Våland;SN44640;20.10.2024 09:00;12,5
Stavanger - Våland;SN44640;20.10.2024 10:00;12,4
Stavanger - Våland;SN44640;20.10.2024 11:00;11,6
Stavanger - Våland;SN44640;20.10.2024 12:00;11
Stavanger - Våland;SN44640;20.10.2024 13:00;11,3
Stavanger - Våland;SN44640;20.10.2024 14:00;11,8
Stavanger - Våland;SN44640;20.10.2024 15:00;11,8
Stavanger - Våland;SN44640;20.10.2024 16:00;12,4
Stavanger - Våland;SN44640;20.10.2024 17:00;13,1
Stavanger - Våland;SN44640;20.10.2024 18:00;12,3
Stavanger - Våland;SN44640;20.10.2024 19:00;11
Stavanger - Våland;SN44640;20.10.2024 20:00;10,7
Stavanger - Våland;SN44640;20.10.2024 21:00;11,9
Stavanger - Våland;SN44640;20.10.2024 22:00;12,8
Stavanger - Våland;SN44640;20.10.2024 23:00;12,7
Stavanger - Våland;SN44640;21.10.2024 00:00;12,6
Stavanger - Våland;SN44640;21.10.2024 01:00;12,9
Stavanger - Våland;SN44640;21.10.2024 02:00;12,9
Stavanger - Våland;SN44640;21.10.2024 03:00;12,8
Stavanger - Våland;SN44640;21.10.2024 04:00;12,7
Stavanger - Våland;SN44640;21.10.2024 05:00;12,7
Stavanger - Våland;SN44640;21.10.2024 06:00;12,7
Stavanger - Våland;SN44640;21.10.2024 07:00;12,8
Stavanger - Våland;SN44640;21.10.2024 08:00;12,7
Stavanger - Våland;SN44640;21.10.2024 09:00;12,8
Stavanger - Våland;SN44640;21.10.2024 10:00;12,8
Stavanger - Våland;SN44640;21.10.2024 11:00;12,6
Stavanger - Våland;SN44640;21.10.2024 12:00;12,2
Stavanger - Våland;SN44640;21.10.2024 13:00;12,6
Stavanger - Våland;SN44640;21.10.2024 14:00;12,2
Stavanger - Våland;SN44640;21.10.2024 15:00;11,9
Stavanger - Våland;SN44640;21.10.2024 16:00;11,9
Stavanger - Våland;SN44640;21.10.2024 17:00;10,8
Stavanger - Våland;SN44640;21.10.2024 18:00;9,4
Stavanger - Våland;SN44640;21.10.2024 19:00;9,8
Stavanger - Våland;SN44640;21.10.2024 20:00;10,7
Stavanger - Våland;SN44640;21.10.2024 21:00;10,8
Stavanger - Våland;SN44640;21.10.2024 22:00;10,7
Stavanger - Våland;SN44640;21.10.2024 23:00;10,5
Stavanger - Våland;SN44640;22.10.2024 00:00;10,3
Stavanger - Våland;SN44640;22.10.2024 01:00;10,1
Stavanger - Våland;SN44640;22.10.2024 02:00;10,1
Stavanger - Våland;SN44640;22.10.2024 03:00;10,4
Stavanger - Våland;SN44640;22.10.2024 04:00;10,7
Stavanger - Våland;SN44640;22.10.2024 05:00;10,9
Stavanger - Våland;SN44640;22.10.2024 06:00;11
Stavanger - Våland;SN44640;22.10.2024 07:00;10,9
Stavanger - Våland;SN44640;22.10.2024 08:00;10,9
Stavanger - Våland;SN44640;22.10.2024 09:00;11,2
Stavanger - Våland;SN44640;22.10.2024 10:00;11,4
Stavanger - Våland;SN44640;22.10.2024 11:00;11,6
Stavanger - Våland;SN44640;22.10.2024 12:00;11,6
Stavanger - Våland;SN44640;22.10.2024 13:00;12,2
Stavanger - Våland;SN44640;22.10.2024 14:00;12
Stavanger - Våland;SN44640;22.10.2024 15:00;11,6
Stavanger - Våland;SN44640;22.10.2024 16:00;10
Stavanger - Våland;SN44640;22.10.2024 17:00;9,9
Stavanger - Våland;SN44640;22.10.2024 18:00;9
Stavanger - Våland;SN44640;22.10.2024 19:00;9,7
Stavanger - Våland;SN44640;22.10.2024 20:00;9,9
Stavanger - Våland;SN44640;22.10.2024 21:00;9,8
Stavanger - Våland;SN44640;22.10.2024 22:00;10,2
Stavanger - Våland;SN44640;22.10.2024 23:00;9,8
Stavanger - Våland;SN44640;23.10.2024 00:00;10,2
Stavanger - Våland;SN44640;23.10.2024 01:00;10,3
Stavanger - Våland;SN44640;23.10.2024 02:00;7,9
Stavanger - Våland;SN44640;23.10.2024 03:00;9,2
Stavanger - Våland;SN44640;23.10.2024 04:00;9,4
Stavanger - Våland;SN44640;23.10.2024 05:00;10,2
Stavanger - Våland;SN44640;23.10.2024 06:00;10
Stavanger - Våland;SN44640;23.10.2024 07:00;9,2
Stavanger - Våland;SN44640;23.10.2024 08:00;8,4
Stavanger - Våland;SN44640;23.10.2024 09:00;9,8
Stavanger - Våland;SN44640;23.10.2024 10:00;11
Stavanger - Våland;SN44640;23.10.2024 11:00;11,4
Stavanger - Våland;SN44640;23.10.2024 12:00;11,7
Stavanger - Våland;SN44640;23.10.2024 13:00;11,7
Stavanger - Våland;SN44640;23.10.2024 14:00;11,8
Stavanger - Våland;SN44640;23.10.2024 15:00;11,7
Stavanger - Våland;SN44640;23.10.2024 16:00;11,7
Stavanger - Våland;SN44640;23.10.2024 17:00;11,5
Stavanger - Våland;SN44640;23.10.2024 18:00;11,4
Stavanger - Våland;SN44640;23.10.2024 19:00;11,3
Stavanger - Våland;SN44640;23.10.2024 20:00;10,7
Stavanger - Våland;SN44640;23.10.2024 21:00;10,7
Stavanger - Våland;SN44640;23.10.2024 22:00;10,7
Stavanger - Våland;SN44640;23.10.2024 23:00;10,7
Stavanger - Våland;SN44640;24.10.2024 00:00;11,1
Stavanger - Våland;SN44640;24.10.2024 01:00;10,7
Stavanger - Våland;SN44640;24.10.2024 02:00;10,3
Stavanger - Våland;SN44640;24.10.2024 03:00;10,3
Stavanger - Våland;SN44640;24.10.2024 04:00;10,4
Stavanger - Våland;SN44640;24.10.2024 05:00;10
Stavanger - Våland;SN44640;24.10.2024 06:00;10,3
Stavanger - Våland;SN44640;24.10.2024 07:00;10,9
Stavanger - Våland;SN44640;24.10.2024 08:00;11,2
Stavanger - Våland;SN44640;24.10.2024 09:00;11,6
Stavanger - Våland;SN44640;24.10.2024 10:00;12,3
Stavanger - Våland;SN44640;24.10.2024 11:00;12,7
Stavanger - Våland;SN44640;24.10.2024 12:00;12,8
Stavanger - Våland;SN44640;24.10.2024 13:00;12,9
Stavanger - Våland;SN44640;24.10.2024 14:00;13
Stavanger - Våland;SN44640;24.10.2024 15:00;13
Stavanger - Våland;SN44640;24.10.2024 16:00;12,7
Stavanger - Våland;SN44640;24.10.2024 17:00;12,1
Stavanger - Våland;SN44640;24.10.2024 18:00;11,6
Stavanger - Våland;SN44640;24.10.2024 19:00;11
Stavanger - Våland;SN44640;24.10.2024 20:00;10,7
Stavanger - Våland;SN44640;24.10.2024 21:00;11,1
Stavanger - Våland;SN44640;24.10.2024 22:00;11,1
Stavanger - Våland;SN44640;24.10.2024 23:00;10,4
Stavanger - Våland;SN44640;25.10.2024 00:00;10,2
Stavanger - Våland;SN44640;25.10.2024 01:00;9,6
Stavanger - Våland;SN44640;25.10.2024 02:00;9,6
Stavanger - Våland;SN44640;25.10.2024 03:00;10,1
Stavanger - Våland;SN44640;25.10.2024 04:00;10,3
Stavanger - Våland;SN44640;25.10.2024 05:00;10,8
Stavanger - Våland;SN44640;25.10.2024 06:00;11
Stavanger - Våland;SN44640;25.10.2024 07:00;11,3
Stavanger - Våland;SN44640;25.10.2024 08:00;11,8
Stavanger - Våland;SN44640;25.10.2024 09:00;12
Stavanger - Våland;SN44640;25.10.2024 10:00;12
Stavanger - Våland;SN44640;25.10.2024 11:00;12,1
Stavanger - Våland;SN44640;25.10.2024 12:00;12,3
Stavanger - Våland;SN44640;25.10.2024 13:00;13,1
Stavanger - Våland;SN44640;25.10.2024 14:00;12,8
Stavanger - Våland;SN44640;25.10.2024 15:00;12,4
Stavanger - Våland;SN44640;25.10.2024 16:00;11,8
Stavanger - Våland;SN44640;25.10.2024 17:00;11,2
Stavanger - Våland;SN44640;25.10.2024 18:00;11,1
Stavanger - Våland;SN44640;25.10.2024 19:00;10,8
Stavanger - Våland;SN44640;25.10.2024 20:00;10,6
Stavanger - Våland;SN44640;25.10.2024 21:00;10,5
Stavanger - Våland;SN44640;25.10.2024 22:00;10,4
Stavanger - Våland;SN44640;25.10.2024 23:00;10,4
Stavanger - Våland;SN44640;26.10.2024 00:00;10,5
Stavanger - Våland;SN44640;26.10.2024 01:00;10,5
Stavanger - Våland;SN44640;26.10.2024 02:00;10,5
Stavanger - Våland;SN44640;26.10.2024 03:00;9,6
Stavanger - Våland;SN44640;26.10.2024 04:00;10,2
Stavanger - Våland;SN44640;26.10.2024 05:00;10,2
Stavanger - Våland;SN44640;26.10.2024 06:00;10,3
Stavanger - Våland;SN44640;26.10.2024 07:00;10,7
Stavanger - Våland;SN44640;26.10.2024 08:00;10,9
Stavanger - Våland;SN44640;26.10.2024 09:00;11,4
Stavanger - Våland;SN44640;26.10.2024 10:00;12
Stavanger - Våland;SN44640;26.10.2024 11:00;12,5
Stavanger - Våland;SN44640;26.10.2024 12:00;13,5
Stavanger - Våland;SN44640;26.10.2024 13:00;13,1
Stavanger - Våland;SN44640;26.10.2024 14:00;12,9
Stavanger - Våland;SN44640;26.10.2024 15:00;12,3
Stavanger - Våland;SN44640;26.10.2024 16:00;11,2
Stavanger - Våland;SN44640;26.10.2024 17:00;11,6
Stavanger - Våland;SN44640;26.10.2024 18:00;11,5
Stavanger - Våland;SN44640;26.10.2024 19:00;11,8
Stavanger - Våland;SN44640;26.10.2024 20:00;12,1
Stavanger - Våland;SN44640;26.10.2024 21:00;11,6
Stavanger - Våland;SN44640;26.10.2024 22:00;10,7
Stavanger - Våland;SN44640;26.10.2024 23:00;10,1
Stavanger - Våland;SN44640;27.10.2024 00:00;9,7
Stavanger - Våland;SN44640;27.10.2024 01:00;9,5
Stavanger - Våland;SN44640;27.10.2024 02:00;9,7
Stavanger - Våland;SN44640;27.10.2024 03:00;9,9
Stavanger - Våland;SN44640;27.10.2024 04:00;9,8
Stavanger - Våland;SN44640;27.10.2024 05:00;10,3
Stavanger - Våland;SN44640;27.10.2024 06:00;8
Stavanger - Våland;SN44640;27.10.2024 07:00;8,2
Stavanger - Våland;SN44640;27.10.2024 08:00;8,2
Stavanger - Våland;SN44640;27.10.2024 09:00;8,6
Stavanger - Våland;SN44640;27.10.2024 10:00;9,3
Stavanger - Våland;SN44640;27.10.2024 11:00;9
Stavanger - Våland;SN44640;27.10.2024 12:00;10
Stavanger - Våland;SN44640;27.10.2024 13:00;9,7
Stavanger - Våland;SN44640;27.10.2024 14:00;9,8
Stavanger - Våland;SN44640;27.10.2024 15:00;9,4
Stavanger - Våland;SN44640;27.10.2024 16:00;9
Stavanger - Våland;SN44640;27.10.2024 17:00;9,4
Stavanger - Våland;SN44640;27.10.2024 18:00;9,7
Stavanger - Våland;SN44640;27.10.2024 19:00;9,8
Stavanger - Våland;SN44640;27.10.2024 20:00;9,1
Stavanger - Våland;SN44640;27.10.2024 21:00;9,8
Stavanger - Våland;SN44640;27.10.2024 22:00;9,7
Stavanger - Våland;SN44640;27.10.2024 23:00;9,6
Stavanger - Våland;SN44640;28.10.2024 00:00;9,8
Stavanger - Våland;SN44640;28.10.2024 01:00;9,7
Stavanger - Våland;SN44640;28.10.2024 02:00;8,2
Stavanger - Våland;SN44640;28.10.2024 03:00;8,1
Stavanger - Våland;SN44640;28.10.2024 04:00;7,5
Stavanger - Våland;SN44640;28.10.2024 05:00;7,5
Stavanger - Våland;SN44640;28.10.2024 06:00;8,1
Stavanger - Våland;SN44640;28.10.2024 07:00;8
Stavanger - Våland;SN44640;28.10.2024 08:00;8,3
Stavanger - Våland;SN44640;28.10.2024 09:00;8,7
Stavanger - Våland;SN44640;28.10.2024 10:00;9
Stavanger - Våland;SN44640;28.10.2024 11:00;9,5
Stavanger - Våland;SN44640;28.10.2024 12:00;10,3
Stavanger - Våland;SN44640;28.10.2024 13:00;10,8
Stavanger - Våland;SN44640;28.10.2024 14:00;10,8
Stavanger - Våland;SN44640;28.10.2024 15:00;10,3
Stavanger - Våland;SN44640;28.10.2024 16:00;9,8
Stavanger - Våland;SN44640;28.10.2024 17:00;9,5
Stavanger - Våland;SN44640;28.10.2024 18:00;8,4
Stavanger - Våland;SN44640;28.10.2024 19:00;7,5
Stavanger - Våland;SN44640;28.10.2024 20:00;8
Stavanger - Våland;SN44640;28.10.2024 21:00;8,1
Stavanger - Våland;SN44640;28.10.2024 22:00;7,5
Stavanger - Våland;SN44640;28.10.2024 23:00;7,8
Stavanger - Våland;SN44640;29.10.2024 00:00;7,9
Stavanger - Våland;SN44640;29.10.2024 01:00;7,7
Stavanger - Våland;SN44640;29.10.2024 02:00;7,8
Stavanger - Våland;SN44640;29.10.2024 03:00;7,7
Stavanger - Våland;SN44640;29.10.2024 04:00;6,5
Stavanger - Våland;SN44640;29.10.2024 05:00;5,7
Stavanger - Våland;SN44640;29.10.2024 06:00;6,3
Stavanger - Våland;SN44640;29.10.2024 07:00;6,3
Stavanger - Våland;SN44640;29.10.2024 08:00;6,5
Stavanger - Våland;SN44640;29.10.2024 09:00;6,9
Stavanger - Våland;SN44640;29.10.2024 10:00;7,7
Stavanger - Våland;SN44640;29.10.2024 11:00;8,3
Stavanger - Våland;SN44640;29.10.2024 12:00;9
Stavanger - Våland;SN44640;29.10.2024 13:00;9,1
Stavanger - Våland;SN44640;29.10.2024 14:00;9,3
Stavanger - Våland;SN44640;29.10.2024 15:00;9,4
Stavanger - Våland;SN44640;29.10.2024 16:00;9,7
Stavanger - Våland;SN44640;29.10.2024 17:00;10
Stavanger - Våland;SN44640;29.10.2024 18:00;10,2
Stavanger - Våland;SN44640;29.10.2024 19:00;10
Stavanger - Våland;SN44640;29.10.2024 20:00;10,2
Stavanger - Våland;SN44640;29.10.2024 21:00;10,4
Stavanger - Våland;SN44640;29.10.2024 22:00;9,1
Stavanger - Våland;SN44640;29.10.2024 23:00;8,3
Stavanger - Våland;SN44640;30.10.2024 00:00;8,6
Stavanger - Våland;SN44640;30.10.2024 01:00;8,7
Stavanger - Våland;SN44640;30.10.2024 02:00;9,1
Stavanger - Våland;SN44640;30.10.2024 03:00;8,7
Stavanger - Våland;SN44640;30.10.2024 04:00;8,2
Stavanger - Våland;SN44640;30.10.2024 05:00;7,9
Stavanger - Våland;SN44640;30.10.2024 06:00;8
Stavanger - Våland;SN44640;30.10.2024 07:00;8
Stavanger - Våland;SN44640;30.10.2024 08:00;8,2
Stavanger - Våland;SN44640;30.10.2024 09:00;9,2
Stavanger - Våland;SN44640;30.10.2024 10:00;9,7
Stavanger - Våland;SN44640;30.10.2024 11:00;10
Stavanger - Våland;SN44640;30.10.2024 12:00;10,6
Stavanger - Våland;SN44640;30.10.2024 13:00;10,8
Stavanger - Våland;SN44640;30.10.2024 14:00;10,7
Stavanger - Våland;SN44640;30.10.2024 15:00;10,5
Stavanger - Våland;SN44640;30.10.2024 16:00;9,7
Stavanger - Våland;SN44640;30.10.2024 17:00;9,4
Stavanger - Våland;SN44640;30.10.2024 18:00;8,7
Stavanger - Våland;SN44640;30.10.2024 19:00;9,1
Stavanger - Våland;SN44640;30.10.2024 20:00;9,6
Stavanger - Våland;SN44640;30.10.2024 21:00;9,8
Stavanger - Våland;SN44640;30.10.2024 22:00;9,8
Stavanger - Våland;SN44640;30.10.2024 23:00;9,7
Stavanger - Våland;SN44640;31.10.2024 00:00;10,1
Stavanger - Våland;SN44640;31.10.2024 01:00;10,1
Stavanger - Våland;SN44640;31.10.2024 02:00;10
Stavanger - Våland;SN44640;31.10.2024 03:00;10,3
Stavanger - Våland;SN44640;31.10.2024 04:00;10,7
Stavanger - Våland;SN44640;31.10.2024 05:00;10,8
Stavanger - Våland;SN44640;31.10.2024 06:00;11,1
Stavanger - Våland;SN44640;31.10.2024 07:00;11,1
Stavanger - Våland;SN44640;31.10.2024 08:00;11,4
Stavanger - Våland;SN44640;31.10.2024 09:00;11,1
Stavanger - Våland;SN44640;31.10.2024 10:00;11,2
Stavanger - Våland;SN44640;31.10.2024 11:00;11,6
Stavanger - Våland;SN44640;31.10.2024 12:00;11,9
Stavanger - Våland;SN44640;31.10.2024 13:00;11,5
Stavanger - Våland;SN44640;31.10.2024 14:00;11,5
Stavanger - Våland;SN44640;31.10.2024 15:00;11,4
Stavanger - Våland;SN44640;31.10.2024 16:00;11,6
Stavanger - Våland;SN44640;31.10.2024 17:00;11,8
Stavanger - Våland;SN44640;31.10.2024 18:00;11,8
Stavanger - Våland;SN44640;31.10.2024 19:00;12,3
Stavanger - Våland;SN44640;31.10.2024 20:00;12,3
Stavanger - Våland;SN44640;31.10.2024 21:00;12,4
Stavanger - Våland;SN44640;31.10.2024 22:00;12,6
Stavanger - Våland;SN44640;31.10.2024 23:00;12,5
Stavanger - Våland;SN44640;01.11.2024 00:00;12,8
Stavanger - Våland;SN44640;01.11.2024 01:00;12,7
Stavanger - Våland;SN44640;01.11.2024 02:00;12,3
Stavanger - Våland;SN44640;01.11.2024 03:00;11,6
Stavanger - Våland;SN44640;01.11.2024 04:00;10,7
Stavanger - Våland;SN44640;01.11.2024 05:00;9,6
Stavanger - Våland;SN44640;01.11.2024 06:00;9,7
Stavanger - Våland;SN44640;01.11.2024 07:00;9
Stavanger - Våland;SN44640;01.11.2024 08:00;8,6
Stavanger - Våland;SN44640;01.11.2024 09:00;8,9
Stavanger - Våland;SN44640;01.11.2024 10:00;8,3
Stavanger - Våland;SN44640;01.11.2024 11:00;7
Stavanger - Våland;SN44640;01.11.2024 12:00;6,7
Stavanger - Våland;SN44640;01.11.2024 13:00;7,3
Stavanger - Våland;SN44640;01.11.2024 14:00;5,9
Stavanger - Våland;SN44640;01.11.2024 15:00;6,3
Stavanger - Våland;SN44640;01.11.2024 16:00;6,1
Stavanger - Våland;SN44640;01.11.2024 17:00;5,3
Stavanger - Våland;SN44640;01.11.2024 18:00;5,3
Stavanger - Våland;SN44640;01.11.2024 19:00;4,8
Stavanger - Våland;SN44640;01.11.2024 20:00;4,7
Stavanger - Våland;SN44640;01.11.2024 21:00;4,8
Stavanger - Våland;SN44640;01.11.2024 22:00;4,8
Stavanger - Våland;SN44640;01.11.2024 23:00;4,6
Stavanger - Våland;SN44640;02.11.2024 00:00;4,2
Stavanger - Våland;SN44640;02.11.2024 01:00;4
Stavanger - Våland;SN44640;02.11.2024 02:00;3,1
Stavanger - Våland;SN44640;02.11.2024 03:00;3,6
Stavanger - Våland;SN44640;02.11.2024 04:00;3,3
Stavanger - Våland;SN44640;02.11.2024 05:00;4,1
Stavanger - Våland;SN44640;02.11.2024 06:00;3,3
Stavanger - Våland;SN44640;02.11.2024 07:00;3
Stavanger - Våland;SN44640;02.11.2024 08:00;3,2
Stavanger - Våland;SN44640;02.11.2024 09:00;3,1
Stavanger - Våland;SN44640;02.11.2024 10:00;2,9
Stavanger - Våland;SN44640;02.11.2024 11:00;4,3
Stavanger - Våland;SN44640;02.11.2024 12:00;5,1
Stavanger - Våland;SN44640;02.11.2024 13:00;5,6
Stavanger - Våland;SN44640;02.11.2024 14:00;5,8
Stavanger - Våland;SN44640;02.11.2024 15:00;5,7
Stavanger - Våland;SN44640;02.11.2024 16:00;5,5
Stavanger - Våland;SN44640;02.11.2024 17:00;5,7
Stavanger - Våland;SN44640;02.11.2024 18:00;5,8
Stavanger - Våland;SN44640;02.11.2024 19:00;5,4
Stavanger - Våland;SN44640;02.11.2024 20:00;5,4
Stavanger - Våland;SN44640;02.11.2024 21:00;6
Stavanger - Våland;SN44640;02.11.2024 22:00;7,5
Stavanger - Våland;SN44640;02.11.2024 23:00;10,4
Stavanger - Våland;SN44640;03.11.2024 00:00;10,6
Stavanger - Våland;SN44640;03.11.2024 01:00;10,7
Stavanger - Våland;SN44640;03.11.2024 02:00;10,7
Stavanger - Våland;SN44640;03.11.2024 03:00;10,7
Stavanger - Våland;SN44640;03.11.2024 04:00;10,4
Stavanger - Våland;SN44640;03.11.2024 05:00;10,5
Stavanger - Våland;SN44640;03.11.2024 06:00;10,4
Stavanger - Våland;SN44640;03.11.2024 07:00;10,3
Stavanger - Våland;SN44640;03.11.2024 08:00;10,4
Stavanger - Våland;SN44640;03.11.2024 09:00;10,6
Stavanger - Våland;SN44640;03.11.2024 10:00;10,7
Stavanger - Våland;SN44640;03.11.2024 11:00;10,9
Stavanger - Våland;SN44640;03.11.2024 12:00;11
Stavanger - Våland;SN44640;03.11.2024 13:00;11
Stavanger - Våland;SN44640;03.11.2024 14:00;10,8
Stavanger - Våland;SN44640;03.11.2024 15:00;11
Stavanger - Våland;SN44640;03.11.2024 16:00;10,8
Stavanger - Våland;SN44640;03.11.2024 17:00;10,7
Stavanger - Våland;SN44640;03.11.2024 18:00;10,6
Stavanger - Våland;SN44640;03.11.2024 19:00;10,5
Stavanger - Våland;SN44640;03.11.2024 20:00;10,3
Stavanger - Våland;SN44640;03.11.2024 21:00;10,3
Stavanger - Våland;SN44640;03.11.2024 22:00;10,3
Stavanger - Våland;SN44640;03.11.2024 23:00;10,2
Stavanger - Våland;SN44640;04.11.2024 00:00;10,2
Stavanger - Våland;SN44640;04.11.2024 01:00;10,1
Stavanger - Våland;SN44640;04.11.2024 02:00;9,9
Stavanger - Våland;SN44640;04.11.2024 03:00;9,3
Stavanger - Våland;SN44640;04.11.2024 04:00;9,4
Stavanger - Våland;SN44640;04.11.2024 05:00;9,2
Stavanger - Våland;SN44640;04.11.2024 06:00;9,3
Stavanger - Våland;SN44640;04.11.2024 07:00;8,3
Stavanger - Våland;SN44640;04.11.2024 08:00;8,1
Stavanger - Våland;SN44640;04.11.2024 09:00;8,5
Stavanger - Våland;SN44640;04.11.2024 10:00;8,8
Stavanger - Våland;SN44640;04.11.2024 11:00;8,8
Stavanger - Våland;SN44640;04.11.2024 12:00;9,3
Stavanger - Våland;SN44640;04.11.2024 13:00;9
Stavanger - Våland;SN44640;04.11.2024 14:00;9,4
Stavanger - Våland;SN44640;04.11.2024 15:00;8,6
Stavanger - Våland;SN44640;04.11.2024 16:00;8,4
Stavanger - Våland;SN44640;04.11.2024 17:00;8,3
Stavanger - Våland;SN44640;04.11.2024 18:00;8,3
Stavanger - Våland;SN44640;04.11.2024 19:00;8,2
Stavanger - Våland;SN44640;04.11.2024 20:00;8,3
Stavanger - Våland;SN44640;04.11.2024 21:00;8,3
Stavanger - Våland;SN44640;04.11.2024 22:00;8,5
Stavanger - Våland;SN44640;04.11.2024 23:00;8,7
Stavanger - Våland;SN44640;05.11.2024 00:00;8,6
Stavanger - Våland;SN44640;05.11.2024 01:00;8,4
Stavanger - Våland;SN44640;05.11.2024 02:00;8,4
Stavanger - Våland;SN44640;05.11.2024 03:00;8,5
Stavanger - Våland;SN44640;05.11.2024 04:00;8,3
Stavanger - Våland;SN44640;05.11.2024 05:00;8
Stavanger - Våland;SN44640;05.11.2024 06:00;7,8
Stavanger - Våland;SN44640;05.11.2024 07:00;7,5
Stavanger - Våland;SN44640;05.11.2024 08:00;6,9
Stavanger - Våland;SN44640;05.11.2024 09:00;6,6
Stavanger - Våland;SN44640;05.11.2024 10:00;7,3
Stavanger - Våland;SN44640;05.11.2024 11:00;7,4
Stavanger - Våland;SN44640;05.11.2024 12:00;7,7
Stavanger - Våland;SN44640;05.11.2024 13:00;7,5
Stavanger - Våland;SN44640;05.11.2024 14:00;7,4
Stavanger - Våland;SN44640;05.11.2024 15:00;7,3
Stavanger - Våland;SN44640;05.11.2024 16:00;7,2
Stavanger - Våland;SN44640;05.11.2024 17:00;6,9
Stavanger - Våland;SN44640;05.11.2024 18:00;6,7
Stavanger - Våland;SN44640;05.11.2024 19:00;6,7
Stavanger - Våland;SN44640;05.11.2024 20:00;6,9
Stavanger - Våland;SN44640;05.11.2024 21:00;7
Stavanger - Våland;SN44640;05.11.2024 22:00;7,1
Stavanger - Våland;SN44640;05.11.2024 23:00;7,3
Stavanger - Våland;SN44640;06.11.2024 00:00;7,7
Stavanger - Våland;SN44640;06.11.2024 01:00;7,9
Stavanger - Våland;SN44640;06.11.2024 02:00;7,7
Stavanger - Våland;SN44640;06.11.2024 03:00;7,7
Stavanger - Våland;SN44640;06.11.2024 04:00;7,6
Stavanger - Våland;SN44640;06.11.2024 05:00;7,7
Stavanger - Våland;SN44640;06.11.2024 06:00;8,1
Stavanger - Våland;SN44640;06.11.2024 07:00;7,6
Stavanger - Våland;SN44640;06.11.2024 08:00;7,7
Stavanger - Våland;SN44640;06.11.2024 09:00;8,5
Stavanger - Våland;SN44640;06.11.2024 10:00;8,9
Stavanger - Våland;SN44640;06.11.2024 11:00;9,3
Stavanger - Våland;SN44640;06.11.2024 12:00;9,7
Stavanger - Våland;SN44640;06.11.2024 13:00;9,9
Stavanger - Våland;SN44640;06.11.2024 14:00;10,1
Stavanger - Våland;SN44640;06.11.2024 15:00;10
Stavanger - Våland;SN44640;06.11.2024 16:00;9,8
Stavanger - Våland;SN44640;06.11.2024 17:00;9,7
Stavanger - Våland;SN44640;06.11.2024 18:00;9,5
Stavanger - Våland;SN44640;06.11.2024 19:00;9,4
Stavanger - Våland;SN44640;06.11.2024 20:00;9,5
Stavanger - Våland;SN44640;06.11.2024 21:00;9,3
Stavanger - Våland;SN44640;06.11.2024 22:00;9,2
Stavanger - Våland;SN44640;06.11.2024 23:00;9,2
Stavanger - Våland;SN44640;07.11.2024 00:00;9,2
Stavanger - Våland;SN44640;07.11.2024 01:00;9
Stavanger - Våland;SN44640;07.11.2024 02:00;8,9
Stavanger - Våland;SN44640;07.11.2024 03:00;8,9
Stavanger - Våland;SN44640;07.11.2024 04:00;8,9
Stavanger - Våland;SN44640;07.11.2024 05:00;9
Stavanger - Våland;SN44640;07.11.2024 06:00;8,7
Stavanger - Våland;SN44640;07.11.2024 07:00;7,9
Stavanger - Våland;SN44640;07.11.2024 08:00;7,8
Stavanger - Våland;SN44640;07.11.2024 09:00;7,9
Stavanger - Våland;SN44640;07.11.2024 10:00;8,2
Stavanger - Våland;SN44640;07.11.2024 11:00;8,9
Stavanger - Våland;SN44640;07.11.2024 12:00;9,6
Stavanger - Våland;SN44640;07.11.2024 13:00;10,9
Stavanger - Våland;SN44640;07.11.2024 14:00;10,6
Stavanger - Våland;SN44640;07.11.2024 15:00;10,8
Stavanger - Våland;SN44640;07.11.2024 16:00;10,5
Stavanger - Våland;SN44640;07.11.2024 17:00;10,4
Stavanger - Våland;SN44640;07.11.2024 18:00;9,9
Stavanger - Våland;SN44640;07.11.2024 19:00;9,2
Stavanger - Våland;SN44640;07.11.2024 20:00;8,7
Stavanger - Våland;SN44640;07.11.2024 21:00;8,4
Stavanger - Våland;SN44640;07.11.2024 22:00;7,9
Stavanger - Våland;SN44640;07.11.2024 23:00;7,9
Stavanger - Våland;SN44640;08.11.2024 00:00;6,9
Stavanger - Våland;SN44640;08.11.2024 01:00;6,4
Stavanger - Våland;SN44640;08.11.2024 02:00;6
Stavanger - Våland;SN44640;08.11.2024 03:00;5,8
Stavanger - Våland;SN44640;08.11.2024 04:00;6
Stavanger - Våland;SN44640;08.11.2024 05:00;6,9
Stavanger - Våland;SN44640;08.11.2024 06:00;6,8
Stavanger - Våland;SN44640;08.11.2024 07:00;7
Stavanger - Våland;SN44640;08.11.2024 08:00;7,7
Stavanger - Våland;SN44640;08.11.2024 09:00;8,5
Stavanger - Våland;SN44640;08.11.2024 10:00;8,8
Stavanger - Våland;SN44640;08.11.2024 11:00;9,3
Stavanger - Våland;SN44640;08.11.2024 12:00;9,3
Stavanger - Våland;SN44640;08.11.2024 13:00;9,4
Stavanger - Våland;SN44640;08.11.2024 14:00;9,7
Stavanger - Våland;SN44640;08.11.2024 15:00;9,7
Stavanger - Våland;SN44640;08.11.2024 16:00;9,6
Stavanger - Våland;SN44640;08.11.2024 17:00;9,4
Stavanger - Våland;SN44640;08.11.2024 18:00;9,4
Stavanger - Våland;SN44640;08.11.2024 19:00;9,1
Stavanger - Våland;SN44640;08.11.2024 20:00;8,9
Stavanger - Våland;SN44640;08.11.2024 21:00;8,9
Stavanger - Våland;SN44640;08.11.2024 22:00;9,2
Stavanger - Våland;SN44640;08.11.2024 23:00;9,4
Stavanger - Våland;SN44640;09.11.2024 00:00;9,4
Stavanger - Våland;SN44640;09.11.2024 01:00;9,2
Stavanger - Våland;SN44640;09.11.2024 02:00;9,1
Stavanger - Våland;SN44640;09.11.2024 03:00;9,1
Stavanger - Våland;SN44640;09.11.2024 04:00;8,9
Stavanger - Våland;SN44640;09.11.2024 05:00;8,4
Stavanger - Våland;SN44640;09.11.2024 06:00;8
Stavanger - Våland;SN44640;09.11.2024 07:00;7,8
Stavanger - Våland;SN44640;09.11.2024 08:00;7,8
Stavanger - Våland;SN44640;09.11.2024 09:00;7,9
Stavanger - Våland;SN44640;09.11.2024 10:00;7,9
Stavanger - Våland;SN44640;09.11.2024 11:00;9,1
Stavanger - Våland;SN44640;09.11.2024 12:00;9,1
Stavanger - Våland;SN44640;09.11.2024 13:00;8,9
Stavanger - Våland;SN44640;09.11.2024 14:00;8,8
Stavanger - Våland;SN44640;09.11.2024 15:00;8,5
Stavanger - Våland;SN44640;09.11.2024 16:00;8,4
Stavanger - Våland;SN44640;09.11.2024 17:00;8,2
Stavanger - Våland;SN44640;09.11.2024 18:00;8,3
Stavanger - Våland;SN44640;09.11.2024 19:00;8,1
Stavanger - Våland;SN44640;09.11.2024 20:00;7,9
Stavanger - Våland;SN44640;09.11.2024 21:00;7,7
Stavanger - Våland;SN44640;09.11.2024 22:00;7,7
Stavanger - Våland;SN44640;09.11.2024 23:00;8
Stavanger - Våland;SN44640;10.11.2024 00:00;8
Stavanger - Våland;SN44640;10.11.2024 01:00;8,5
Stavanger - Våland;SN44640;10.11.2024 02:00;8,4
Stavanger - Våland;SN44640;10.11.2024 03:00;8,4
Stavanger - Våland;SN44640;10.11.2024 04:00;8,3
Stavanger - Våland;SN44640;10.11.2024 05:00;8,2
Stavanger - Våland;SN44640;10.11.2024 06:00;8,2
Stavanger - Våland;SN44640;10.11.2024 07:00;8,1
Stavanger - Våland;SN44640;10.11.2024 08:00;8,1
Stavanger - Våland;SN44640;10.11.2024 09:00;8
Stavanger - Våland;SN44640;10.11.2024 10:00;8,1
Stavanger - Våland;SN44640;10.11.2024 11:00;8,2
Stavanger - Våland;SN44640;10.11.2024 12:00;8,5
Stavanger - Våland;SN44640;10.11.2024 13:00;8,7
Stavanger - Våland;SN44640;10.11.2024 14:00;8,5
Stavanger - Våland;SN44640;10.11.2024 15:00;8,6
Stavanger - Våland;SN44640;10.11.2024 16:00;8,2
Stavanger - Våland;SN44640;10.11.2024 17:00;8
Stavanger - Våland;SN44640;10.11.2024 18:00;7,7
Stavanger - Våland;SN44640;10.11.2024 19:00;8,2
Stavanger - Våland;SN44640;10.11.2024 20:00;8
Stavanger - Våland;SN44640;10.11.2024 21:00;7,7
Stavanger - Våland;SN44640;10.11.2024 22:00;7,6
Stavanger - Våland;SN44640;10.11.2024 23:00;7,7
Stavanger - Våland;SN44640;11.11.2024 00:00;7,7
Stavanger - Våland;SN44640;11.11.2024 01:00;7,3
Stavanger - Våland;SN44640;11.11.2024 02:00;6,9
Stavanger - Våland;SN44640;11.11.2024 03:00;6,9
Stavanger - Våland;SN44640;11.11.2024 04:00;6,9
Stavanger - Våland;SN44640;11.11.2024 05:00;6,8
Stavanger - Våland;SN44640;11.11.2024 06:00;7,2
Stavanger - Våland;SN44640;11.11.2024 07:00;7
Stavanger - Våland;SN44640;11.11.2024 08:00;6,8
Stavanger - Våland;SN44640;11.11.2024 09:00;6,9
Stavanger - Våland;SN44640;11.11.2024 10:00;6,3
Stavanger - Våland;SN44640;11.11.2024 11:00;7,3
Stavanger - Våland;SN44640;11.11.2024 12:00;7,5
Stavanger - Våland;SN44640;11.11.2024 13:00;8,2
Stavanger - Våland;SN44640;11.11.2024 14:00;7,9
Stavanger - Våland;SN44640;11.11.2024 15:00;7,8
Stavanger - Våland;SN44640;11.11.2024 16:00;7,1
Stavanger - Våland;SN44640;11.11.2024 17:00;6,5
Stavanger - Våland;SN44640;11.11.2024 18:00;7
Stavanger - Våland;SN44640;11.11.2024 19:00;6,7
Stavanger - Våland;SN44640;11.11.2024 20:00;7
Stavanger - Våland;SN44640;11.11.2024 21:00;6,9
Stavanger - Våland;SN44640;11.11.2024 22:00;6,1
Stavanger - Våland;SN44640;11.11.2024 23:00;6,1
Stavanger - Våland;SN44640;12.11.2024 00:00;6,3
Stavanger - Våland;SN44640;12.11.2024 01:00;5,9
Stavanger - Våland;SN44640;12.11.2024 02:00;5,7
Stavanger - Våland;SN44640;12.11.2024 03:00;5,9
Stavanger - Våland;SN44640;12.11.2024 04:00;4,9
Stavanger - Våland;SN44640;12.11.2024 05:00;5
Stavanger - Våland;SN44640;12.11.2024 06:00;5
Stavanger - Våland;SN44640;12.11.2024 07:00;5,5
Stavanger - Våland;SN44640;12.11.2024 08:00;5,5
Stavanger - Våland;SN44640;12.11.2024 09:00;5,4
Stavanger - Våland;SN44640;12.11.2024 10:00;6,3
Stavanger - Våland;SN44640;12.11.2024 11:00;6,2
Stavanger - Våland;SN44640;12.11.2024 12:00;6,2
Stavanger - Våland;SN44640;12.11.2024 13:00;6,6
Stavanger - Våland;SN44640;12.11.2024 14:00;6,8
Stavanger - Våland;SN44640;12.11.2024 15:00;6,9
Stavanger - Våland;SN44640;12.11.2024 16:00;6,1
Stavanger - Våland;SN44640;12.11.2024 17:00;5,7
Stavanger - Våland;SN44640;12.11.2024 18:00;5,7
Stavanger - Våland;SN44640;12.11.2024 19:00;5,6
Stavanger - Våland;SN44640;12.11.2024 20:00;5,8
Stavanger - Våland;SN44640;12.11.2024 21:00;5,3
Stavanger - Våland;SN44640;12.11.2024 22:00;5,7
Stavanger - Våland;SN44640;12.11.2024 23:00;5,9
Stavanger - Våland;SN44640;13.11.2024 00:00;5,9
Stavanger - Våland;SN44640;13.11.2024 01:00;6,2
Stavanger - Våland;SN44640;13.11.2024 02:00;6,3
Stavanger - Våland;SN44640;13.11.2024 03:00;6,6
Stavanger - Våland;SN44640;13.11.2024 04:00;6,5
Stavanger - Våland;SN44640;13.11.2024 05:00;6,3
Stavanger - Våland;SN44640;13.11.2024 06:00;6,4
Stavanger - Våland;SN44640;13.11.2024 07:00;7,1
Stavanger - Våland;SN44640;13.11.2024 08:00;6,9
Stavanger - Våland;SN44640;13.11.2024 09:00;7,2
Stavanger - Våland;SN44640;13.11.2024 10:00;8
Stavanger - Våland;SN44640;13.11.2024 11:00;8,6
Stavanger - Våland;SN44640;13.11.2024 12:00;9,1
Stavanger - Våland;SN44640;13.11.2024 13:00;9,3
Stavanger - Våland;SN44640;13.11.2024 14:00;8,9
Stavanger - Våland;SN44640;13.11.2024 15:00;9
Stavanger - Våland;SN44640;13.11.2024 16:00;8,5
Stavanger - Våland;SN44640;13.11.2024 17:00;7,9
Stavanger - Våland;SN44640;13.11.2024 18:00;8,1
Stavanger - Våland;SN44640;13.11.2024 19:00;8
Stavanger - Våland;SN44640;13.11.2024 20:00;7,6
Stavanger - Våland;SN44640;13.11.2024 21:00;7,7
Stavanger - Våland;SN44640;13.11.2024 22:00;7,6
Stavanger - Våland;SN44640;13.11.2024 23:00;7,5
Stavanger - Våland;SN44640;14.11.2024 00:00;7,5
Stavanger - Våland;SN44640;14.11.2024 01:00;7,5
Stavanger - Våland;SN44640;14.11.2024 02:00;8,1
Stavanger - Våland;SN44640;14.11.2024 03:00;8,5
Stavanger - Våland;SN44640;14.11.2024 04:00;8,2
Stavanger - Våland;SN44640;14.11.2024 05:00;8,1
Stavanger - Våland;SN44640;14.11.2024 06:00;8,1
Stavanger - Våland;SN44640;14.11.2024 07:00;8,1
Stavanger - Våland;SN44640;14.11.2024 08:00;7,1
Stavanger - Våland;SN44640;14.11.2024 09:00;6,8
Stavanger - Våland;SN44640;14.11.2024 10:00;6,8
Stavanger - Våland;SN44640;14.11.2024 11:00;7,2
Stavanger - Våland;SN44640;14.11.2024 12:00;7
Stavanger - Våland;SN44640;14.11.2024 13:00;6,9
Stavanger - Våland;SN44640;14.11.2024 14:00;7,5
Stavanger - Våland;SN44640;14.11.2024 15:00;7,1
Stavanger - Våland;SN44640;14.11.2024 16:00;6,8
Stavanger - Våland;SN44640;14.11.2024 17:00;5,7
Stavanger - Våland;SN44640;14.11.2024 18:00;7,1
Stavanger - Våland;SN44640;14.11.2024 19:00;7,2
Stavanger - Våland;SN44640;14.11.2024 20:00;7,1
Stavanger - Våland;SN44640;14.11.2024 21:00;7,3
Stavanger - Våland;SN44640;14.11.2024 22:00;6,9
Stavanger - Våland;SN44640;14.11.2024 23:00;7
Stavanger - Våland;SN44640;15.11.2024 00:00;7,1
Stavanger - Våland;SN44640;15.11.2024 01:00;7,3
Stavanger - Våland;SN44640;15.11.2024 02:00;7,6
Stavanger - Våland;SN44640;15.11.2024 03:00;7,9
Stavanger - Våland;SN44640;15.11.2024 04:00;8,2
Stavanger - Våland;SN44640;15.11.2024 05:00;9,3
Stavanger - Våland;SN44640;15.11.2024 06:00;9,4
Stavanger - Våland;SN44640;15.11.2024 07:00;9,3
Stavanger - Våland;SN44640;15.11.2024 08:00;9,2
Stavanger - Våland;SN44640;15.11.2024 09:00;9
Stavanger - Våland;SN44640;15.11.2024 10:00;9,2
Stavanger - Våland;SN44640;15.11.2024 11:00;9,6
Stavanger - Våland;SN44640;15.11.2024 12:00;9,6
Stavanger - Våland;SN44640;15.11.2024 13:00;9,8
Stavanger - Våland;SN44640;15.11.2024 14:00;9,7
Stavanger - Våland;SN44640;15.11.2024 15:00;9,4
Stavanger - Våland;SN44640;15.11.2024 16:00;9,8
Stavanger - Våland;SN44640;15.11.2024 17:00;9,8
Stavanger - Våland;SN44640;15.11.2024 18:00;9,7
Stavanger - Våland;SN44640;15.11.2024 19:00;9,7
Stavanger - Våland;SN44640;15.11.2024 20:00;9,7
Stavanger - Våland;SN44640;15.11.2024 21:00;9,6
Stavanger - Våland;SN44640;15.11.2024 22:00;10
Stavanger - Våland;SN44640;15.11.2024 23:00;10,2
Stavanger - Våland;SN44640;16.11.2024 00:00;10,8
Stavanger - Våland;SN44640;16.11.2024 01:00;9,3
Stavanger - Våland;SN44640;16.11.2024 02:00;9
Stavanger - Våland;SN44640;16.11.2024 03:00;8,5
Stavanger - Våland;SN44640;16.11.2024 04:00;7,7
Stavanger - Våland;SN44640;16.11.2024 05:00;7,7
Stavanger - Våland;SN44640;16.11.2024 06:00;7
Stavanger - Våland;SN44640;16.11.2024 07:00;4,3
Stavanger - Våland;SN44640;16.11.2024 08:00;5,3
Stavanger - Våland;SN44640;16.11.2024 09:00;4,7
Stavanger - Våland;SN44640;16.11.2024 10:00;6,4
Stavanger - Våland;SN44640;16.11.2024 11:00;4,5
Stavanger - Våland;SN44640;16.11.2024 12:00;5,5
Stavanger - Våland;SN44640;16.11.2024 13:00;6
Stavanger - Våland;SN44640;16.11.2024 14:00;5,6
Stavanger - Våland;SN44640;16.11.2024 15:00;5,6
Stavanger - Våland;SN44640;16.11.2024 16:00;6,3
Stavanger - Våland;SN44640;16.11.2024 17:00;6,5
Stavanger - Våland;SN44640;16.11.2024 18:00;6
Stavanger - Våland;SN44640;16.11.2024 19:00;6,4
Stavanger - Våland;SN44640;16.11.2024 20:00;5,3
Stavanger - Våland;SN44640;16.11.2024 21:00;5,5
Stavanger - Våland;SN44640;16.11.2024 22:00;5,6
Stavanger - Våland;SN44640;16.11.2024 23:00;6,3
Stavanger - Våland;SN44640;17.11.2024 00:00;5,8
Stavanger - Våland;SN44640;17.11.2024 01:00;6,5
Stavanger - Våland;SN44640;17.11.2024 02:00;5,5
Stavanger - Våland;SN44640;17.11.2024 03:00;6,2
Stavanger - Våland;SN44640;17.11.2024 04:00;6,2
Stavanger - Våland;SN44640;17.11.2024 05:00;5,6
Stavanger - Våland;SN44640;17.11.2024 06:00;5,9
Stavanger - Våland;SN44640;17.11.2024 07:00;6,1
Stavanger - Våland;SN44640;17.11.2024 08:00;6,1
Stavanger - Våland;SN44640;17.11.2024 09:00;5,9
Stavanger - Våland;SN44640;17.11.2024 10:00;5,6
Stavanger - Våland;SN44640;17.11.2024 11:00;5,5
Stavanger - Våland;SN44640;17.11.2024 12:00;5,6
Stavanger - Våland;SN44640;17.11.2024 13:00;5,7
Stavanger - Våland;SN44640;17.11.2024 14:00;4,7
Stavanger - Våland;SN44640;17.11.2024 15:00;4,3
Stavanger - Våland;SN44640;17.11.2024 16:00;4
Stavanger - Våland;SN44640;17.11.2024 17:00;4,8
Stavanger - Våland;SN44640;17.11.2024 18:00;4,3
Stavanger - Våland;SN44640;17.11.2024 19:00;3,9
Stavanger - Våland;SN44640;17.11.2024 20:00;3,2
Stavanger - Våland;SN44640;17.11.2024 21:00;3,9
Stavanger - Våland;SN44640;17.11.2024 22:00;4
Stavanger - Våland;SN44640;17.11.2024 23:00;4,2
Stavanger - Våland;SN44640;18.11.2024 00:00;3,8
Stavanger - Våland;SN44640;18.11.2024 01:00;3,6
Stavanger - Våland;SN44640;18.11.2024 02:00;3,8
Stavanger - Våland;SN44640;18.11.2024 03:00;3
Stavanger - Våland;SN44640;18.11.2024 04:00;2,3
Stavanger - Våland;SN44640;18.11.2024 05:00;3,2
Stavanger - Våland;SN44640;18.11.2024 06:00;3,3
Stavanger - Våland;SN44640;18.11.2024 07:00;3
Stavanger - Våland;SN44640;18.11.2024 08:00;2,9
Stavanger - Våland;SN44640;18.11.2024 09:00;2,5
Stavanger - Våland;SN44640;18.11.2024 10:00;2,4
Stavanger - Våland;SN44640;18.11.2024 11:00;3,1
Stavanger - Våland;SN44640;18.11.2024 12:00;3,6
Stavanger - Våland;SN44640;18.11.2024 13:00;3,8
Stavanger - Våland;SN44640;18.11.2024 14:00;3,1
Stavanger - Våland;SN44640;18.11.2024 15:00;2,5
Stavanger - Våland;SN44640;18.11.2024 16:00;2,5
Stavanger - Våland;SN44640;18.11.2024 17:00;1,8
Stavanger - Våland;SN44640;18.11.2024 18:00;1,7
Stavanger - Våland;SN44640;18.11.2024 19:00;2,2
Stavanger - Våland;SN44640;18.11.2024 20:00;1,5
Stavanger - Våland;SN44640;18.11.2024 21:00;0,5
Stavanger - Våland;SN44640;18.11.2024 22:00;0,1
Stavanger - Våland;SN44640;18.11.2024 23:00;-0,3
Stavanger - Våland;SN44640;19.11.2024 00:00;-0,3
Stavanger - Våland;SN44640;19.11.2024 01:00;-0,1
Stavanger - Våland;SN44640;19.11.2024 02:00;0,4
Stavanger - Våland;SN44640;19.11.2024 03:00;-0,1
Stavanger - Våland;SN44640;19.11.2024 04:00;0,5
Stavanger - Våland;SN44640;19.11.2024 05:00;0,3
Stavanger - Våland;SN44640;19.11.2024 06:00;0
Stavanger - Våland;SN44640;19.11.2024 07:00;-0,5
Stavanger - Våland;SN44640;19.11.2024 08:00;-0,7
Stavanger - Våland;SN44640;19.11.2024 09:00;-0,7
Stavanger - Våland;SN44640;19.11.2024 10:00;0,1
Stavanger - Våland;SN44640;19.11.2024 11:00;0,9
Stavanger - Våland;SN44640;19.11.2024 12:00;1,3
Stavanger - Våland;SN44640;19.11.2024 13:00;1,8
Stavanger - Våland;SN44640;19.11.2024 14:00;1,4
Stavanger - Våland;SN44640;19.11.2024 15:00;0,8
Stavanger - Våland;SN44640;19.11.2024 16:00;0,2
Stavanger - Våland;SN44640;19.11.2024 17:00;0,2
Stavanger - Våland;SN44640;19.11.2024 18:00;0,1
Stavanger - Våland;SN44640;19.11.2024 19:00;0
Stavanger - Våland;SN44640;19.11.2024 20:00;0,1
Stavanger - Våland;SN44640;19.11.2024 21:00;-0,1
Stavanger - Våland;SN44640;19.11.2024 22:00;-0,7
Stavanger - Våland;SN44640;19.11.2024 23:00;-0,7
Stavanger - Våland;SN44640;20.11.2024 00:00;-0,2
Stavanger - Våland;SN44640;20.11.2024 01:00;-0,7
Stavanger - Våland;SN44640;20.11.2024 02:00;-0,7
Stavanger - Våland;SN44640;20.11.2024 03:00;-0,3
Stavanger - Våland;SN44640;20.11.2024 04:00;0
Stavanger - Våland;SN44640;20.11.2024 05:00;-0,7
Stavanger - Våland;SN44640;20.11.2024 06:00;-1
Stavanger - Våland;SN44640;20.11.2024 07:00;-1,2
Stavanger - Våland;SN44640;20.11.2024 08:00;-0,2
Stavanger - Våland;SN44640;20.11.2024 09:00;-1,1
Stavanger - Våland;SN44640;20.11.2024 10:00;-0,4
Stavanger - Våland;SN44640;20.11.2024 11:00;0,2
Stavanger - Våland;SN44640;20.11.2024 12:00;0,7
Stavanger - Våland;SN44640;20.11.2024 13:00;1,9
Stavanger - Våland;SN44640;20.11.2024 14:00;1,9
Stavanger - Våland;SN44640;20.11.2024 15:00;1,7
Stavanger - Våland;SN44640;20.11.2024 16:00;0,9
Stavanger - Våland;SN44640;20.11.2024 17:00;0,5
Stavanger - Våland;SN44640;20.11.2024 18:00;-0,3
Stavanger - Våland;SN44640;20.11.2024 19:00;-0,3
Stavanger - Våland;SN44640;20.11.2024 20:00;-0,8
Stavanger - Våland;SN44640;20.11.2024 21:00;-0,7
Stavanger - Våland;SN44640;20.11.2024 22:00;-1,3
Stavanger - Våland;SN44640;20.11.2024 23:00;-1,3
Stavanger - Våland;SN44640;21.11.2024 00:00;-1,6
Stavanger - Våland;SN44640;21.11.2024 01:00;-1,5
Stavanger - Våland;SN44640;21.11.2024 02:00;-1,4
Stavanger - Våland;SN44640;21.11.2024 03:00;-1,5
Stavanger - Våland;SN44640;21.11.2024 04:00;-2
Stavanger - Våland;SN44640;21.11.2024 05:00;-1,7
Stavanger - Våland;SN44640;21.11.2024 06:00;-1,6
Stavanger - Våland;SN44640;21.11.2024 07:00;-2,1
Stavanger - Våland;SN44640;21.11.2024 08:00;-1,8
Stavanger - Våland;SN44640;21.11.2024 09:00;-2,4
Stavanger - Våland;SN44640;21.11.2024 10:00;-1,5
Stavanger - Våland;SN44640;21.11.2024 11:00;-0,8
Stavanger - Våland;SN44640;21.11.2024 12:00;0,1
Stavanger - Våland;SN44640;21.11.2024 13:00;0,7
Stavanger - Våland;SN44640;21.11.2024 14:00;0,6
Stavanger - Våland;SN44640;21.11.2024 15:00;0,5
Stavanger - Våland;SN44640;21.11.2024 16:00;-0,1
Stavanger - Våland;SN44640;21.11.2024 17:00;-0,8
Stavanger - Våland;SN44640;21.11.2024 18:00;-1,1
Stavanger - Våland;SN44640;21.11.2024 19:00;-1
Stavanger - Våland;SN44640;21.11.2024 20:00;-1,2
Stavanger - Våland;SN44640;21.11.2024 21:00;-2
Stavanger - Våland;SN44640;21.11.2024 22:00;-1,8
Stavanger - Våland;SN44640;21.11.2024 23:00;-2,5
Stavanger - Våland;SN44640;22.11.2024 00:00;-2,5
Stavanger - Våland;SN44640;22.11.2024 01:00;-2,7
Stavanger - Våland;SN44640;22.11.2024 02:00;-3,8
Stavanger - Våland;SN44640;22.11.2024 03:00;-4,7
Stavanger - Våland;SN44640;22.11.2024 04:00;-3,5
Stavanger - Våland;SN44640;22.11.2024 05:00;-3,8
Stavanger - Våland;SN44640;22.11.2024 06:00;-3,7
Stavanger - Våland;SN44640;22.11.2024 07:00;-3,6
Stavanger - Våland;SN44640;22.11.2024 08:00;-3,6
Stavanger - Våland;SN44640;22.11.2024 09:00;-2,7
Stavanger - Våland;SN44640;22.11.2024 10:00;-1,9
Stavanger - Våland;SN44640;22.11.2024 11:00;-1,7
Stavanger - Våland;SN44640;22.11.2024 12:00;-1,2
Stavanger - Våland;SN44640;22.11.2024 13:00;-0,5
Stavanger - Våland;SN44640;22.11.2024 14:00;-0,5
Stavanger - Våland;SN44640;22.11.2024 15:00;-1,1
Stavanger - Våland;SN44640;22.11.2024 16:00;-2,4
Stavanger - Våland;SN44640;22.11.2024 17:00;-1,5
Stavanger - Våland;SN44640;22.11.2024 18:00;-1,4
Stavanger - Våland;SN44640;22.11.2024 19:00;-1,2
Stavanger - Våland;SN44640;22.11.2024 20:00;-0,5
Stavanger - Våland;SN44640;22.11.2024 21:00;-0,3
Stavanger - Våland;SN44640;22.11.2024 22:00;-1,3
Stavanger - Våland;SN44640;22.11.2024 23:00;-1,5
Stavanger - Våland;SN44640;23.11.2024 00:00;-1,7
Stavanger - Våland;SN44640;23.11.2024 01:00;-1,1
Stavanger - Våland;SN44640;23.11.2024 02:00;-0,3
Stavanger - Våland;SN44640;23.11.2024 03:00;-0,8
Stavanger - Våland;SN44640;23.11.2024 04:00;-0,6
Stavanger - Våland;SN44640;23.11.2024 05:00;-0,2
Stavanger - Våland;SN44640;23.11.2024 06:00;-0,5
Stavanger - Våland;SN44640;23.11.2024 07:00;-0,2
Stavanger - Våland;SN44640;23.11.2024 08:00;-0,4
Stavanger - Våland;SN44640;23.11.2024 09:00;0,3
Stavanger - Våland;SN44640;23.11.2024 10:00;0,6
Stavanger - Våland;SN44640;23.11.2024 11:00;1
Stavanger - Våland;SN44640;23.11.2024 12:00;1,6
Stavanger - Våland;SN44640;23.11.2024 13:00;1,3
Stavanger - Våland;SN44640;23.11.2024 14:00;1,5
Stavanger - Våland;SN44640;23.11.2024 15:00;1,5
Stavanger - Våland;SN44640;23.11.2024 16:00;1,7
Stavanger - Våland;SN44640;23.11.2024 17:00;1,2
Stavanger - Våland;SN44640;23.11.2024 18:00;1,5
Stavanger - Våland;SN44640;23.11.2024 19:00;2,2
Stavanger - Våland;SN44640;23.11.2024 20:00;3,5
Stavanger - Våland;SN44640;23.11.2024 21:00;3,7
Stavanger - Våland;SN44640;23.11.2024 22:00;4,1
Stavanger - Våland;SN44640;23.11.2024 23:00;4,4
Stavanger - Våland;SN44640;24.11.2024 00:00;5,1
Stavanger - Våland;SN44640;24.11.2024 01:00;5,7
Stavanger - Våland;SN44640;24.11.2024 02:00;5,8
Stavanger - Våland;SN44640;24.11.2024 03:00;6
Stavanger - Våland;SN44640;24.11.2024 04:00;6,3
Stavanger - Våland;SN44640;24.11.2024 05:00;6,1
Stavanger - Våland;SN44640;24.11.2024 06:00;6,4
Stavanger - Våland;SN44640;24.11.2024 07:00;7
Stavanger - Våland;SN44640;24.11.2024 08:00;7
Stavanger - Våland;SN44640;24.11.2024 09:00;7,7
Stavanger - Våland;SN44640;24.11.2024 10:00;9,2
Stavanger - Våland;SN44640;24.11.2024 11:00;9,4
Stavanger - Våland;SN44640;24.11.2024 12:00;10,5
Stavanger - Våland;SN44640;24.11.2024 13:00;10,2
Stavanger - Våland;SN44640;24.11.2024 14:00;10,4
Stavanger - Våland;SN44640;24.11.2024 15:00;10
Stavanger - Våland;SN44640;24.11.2024 16:00;10,2
Stavanger - Våland;SN44640;24.11.2024 17:00;9,9
Stavanger - Våland;SN44640;24.11.2024 18:00;9,9
Stavanger - Våland;SN44640;24.11.2024 19:00;10,2
Stavanger - Våland;SN44640;24.11.2024 20:00;10,1
Stavanger - Våland;SN44640;24.11.2024 21:00;9,8
Stavanger - Våland;SN44640;24.11.2024 22:00;9,4
Stavanger - Våland;SN44640;24.11.2024 23:00;9,3
Stavanger - Våland;SN44640;25.11.2024 00:00;9,3
Stavanger - Våland;SN44640;25.11.2024 01:00;9,3
Stavanger - Våland;SN44640;25.11.2024 02:00;9
Stavanger - Våland;SN44640;25.11.2024 03:00;9,2
Stavanger - Våland;SN44640;25.11.2024 04:00;9,1
Stavanger - Våland;SN44640;25.11.2024 05:00;9,4
Stavanger - Våland;SN44640;25.11.2024 06:00;9,2
Stavanger - Våland;SN44640;25.11.2024 07:00;9,5
Stavanger - Våland;SN44640;25.11.2024 08:00;9,7
Stavanger - Våland;SN44640;25.11.2024 09:00;9,4
Stavanger - Våland;SN44640;25.11.2024 10:00;9,1
Stavanger - Våland;SN44640;25.11.2024 11:00;9,3
Stavanger - Våland;SN44640;25.11.2024 12:00;9,4
Stavanger - Våland;SN44640;25.11.2024 13:00;9,5
Stavanger - Våland;SN44640;25.11.2024 14:00;8,6
Stavanger - Våland;SN44640;25.11.2024 15:00;8,9
Stavanger - Våland;SN44640;25.11.2024 16:00;8,6
Stavanger - Våland;SN44640;25.11.2024 17:00;8,1
Stavanger - Våland;SN44640;25.11.2024 18:00;7,9
Stavanger - Våland;SN44640;25.11.2024 19:00;7,7
Stavanger - Våland;SN44640;25.11.2024 20:00;7,7
Stavanger - Våland;SN44640;25.11.2024 21:00;7,4
Stavanger - Våland;SN44640;25.11.2024 22:00;7
Stavanger - Våland;SN44640;25.11.2024 23:00;7,6
Stavanger - Våland;SN44640;26.11.2024 00:00;8
Stavanger - Våland;SN44640;26.11.2024 01:00;8,3
Stavanger - Våland;SN44640;26.11.2024 02:00;8,2
Stavanger - Våland;SN44640;26.11.2024 03:00;8,2
Stavanger - Våland;SN44640;26.11.2024 04:00;8,4
Stavanger - Våland;SN44640;26.11.2024 05:00;8,2
Stavanger - Våland;SN44640;26.11.2024 06:00;8,3
Stavanger - Våland;SN44640;26.11.2024 07:00;8,2
Stavanger - Våland;SN44640;26.11.2024 08:00;7,9
Stavanger - Våland;SN44640;26.11.2024 09:00;7,5
Stavanger - Våland;SN44640;26.11.2024 10:00;8,2
Stavanger - Våland;SN44640;26.11.2024 11:00;8,2
Stavanger - Våland;SN44640;26.11.2024 12:00;8
Stavanger - Våland;SN44640;26.11.2024 13:00;8,4
Stavanger - Våland;SN44640;26.11.2024 14:00;8,2
Stavanger - Våland;SN44640;26.11.2024 15:00;7,8
Stavanger - Våland;SN44640;26.11.2024 16:00;7,2
Stavanger - Våland;SN44640;26.11.2024 17:00;6,9
Stavanger - Våland;SN44640;26.11.2024 18:00;7,1
Stavanger - Våland;SN44640;26.11.2024 19:00;7,3
Stavanger - Våland;SN44640;26.11.2024 20:00;7,1
Stavanger - Våland;SN44640;26.11.2024 21:00;6,9
Stavanger - Våland;SN44640;26.11.2024 22:00;6,5
Stavanger - Våland;SN44640;26.11.2024 23:00;6,8
Stavanger - Våland;SN44640;27.11.2024 00:00;6,6
Stavanger - Våland;SN44640;27.11.2024 01:00;6,5
Stavanger - Våland;SN44640;27.11.2024 02:00;6,5
Stavanger - Våland;SN44640;27.11.2024 03:00;6,4
Stavanger - Våland;SN44640;27.11.2024 04:00;6,3
Stavanger - Våland;SN44640;27.11.2024 05:00;6,1
Stavanger - Våland;SN44640;27.11.2024 06:00;6
Stavanger - Våland;SN44640;27.11.2024 07:00;6,1
Stavanger - Våland;SN44640;27.11.2024 08:00;5,8
Stavanger - Våland;SN44640;27.11.2024 09:00;5,6
Stavanger - Våland;SN44640;27.11.2024 10:00;5,6
Stavanger - Våland;SN44640;27.11.2024 11:00;6,3
Stavanger - Våland;SN44640;27.11.2024 12:00;6,6
Stavanger - Våland;SN44640;27.11.2024 13:00;6,4
Stavanger - Våland;SN44640;27.11.2024 14:00;6,1
Stavanger - Våland;SN44640;27.11.2024 15:00;5,3
Stavanger - Våland;SN44640;27.11.2024 16:00;4,3
Stavanger - Våland;SN44640;27.11.2024 17:00;4,2
Stavanger - Våland;SN44640;27.11.2024 18:00;3,8
Stavanger - Våland;SN44640;27.11.2024 19:00;4,7
Stavanger - Våland;SN44640;27.11.2024 20:00;4,4
Stavanger - Våland;SN44640;27.11.2024 21:00;4
Stavanger - Våland;SN44640;27.11.2024 22:00;4,3
Stavanger - Våland;SN44640;27.11.2024 23:00;4,6
Stavanger - Våland;SN44640;28.11.2024 00:00;4,1
Stavanger - Våland;SN44640;28.11.2024 01:00;3,5
Stavanger - Våland;SN44640;28.11.2024 02:00;4
Stavanger - Våland;SN44640;28.11.2024 03:00;3,9
Stavanger - Våland;SN44640;28.11.2024 04:00;3,2
Stavanger - Våland;SN44640;28.11.2024 05:00;3,8
Stavanger - Våland;SN44640;28.11.2024 06:00;3,2
Stavanger - Våland;SN44640;28.11.2024 07:00;2,4
Stavanger - Våland;SN44640;28.11.2024 08:00;3,5
Stavanger - Våland;SN44640;28.11.2024 09:00;3,5
Stavanger - Våland;SN44640;28.11.2024 10:00;3,4
Stavanger - Våland;SN44640;28.11.2024 11:00;3,9
Stavanger - Våland;SN44640;28.11.2024 12:00;4
Stavanger - Våland;SN44640;28.11.2024 13:00;4
Stavanger - Våland;SN44640;28.11.2024 14:00;4
Stavanger - Våland;SN44640;28.11.2024 15:00;4
Stavanger - Våland;SN44640;28.11.2024 16:00;3,5
Stavanger - Våland;SN44640;28.11.2024 17:00;2,5
Stavanger - Våland;SN44640;28.11.2024 18:00;2,3
Stavanger - Våland;SN44640;28.11.2024 19:00;2
Stavanger - Våland;SN44640;28.11.2024 20:00;1,9
Stavanger - Våland;SN44640;28.11.2024 21:00;1,5
Stavanger - Våland;SN44640;28.11.2024 22:00;0,9
Stavanger - Våland;SN44640;28.11.2024 23:00;1
Stavanger - Våland;SN44640;29.11.2024 00:00;1,5
Stavanger - Våland;SN44640;29.11.2024 01:00;2,3
Stavanger - Våland;SN44640;29.11.2024 02:00;2,8
Stavanger - Våland;SN44640;29.11.2024 03:00;3,4
Stavanger - Våland;SN44640;29.11.2024 04:00;4,4
Stavanger - Våland;SN44640;29.11.2024 05:00;4,8
Stavanger - Våland;SN44640;29.11.2024 06:00;4,9
Stavanger - Våland;SN44640;29.11.2024 07:00;5
Stavanger - Våland;SN44640;29.11.2024 08:00;5,2
Stavanger - Våland;SN44640;29.11.2024 09:00;5,5
Stavanger - Våland;SN44640;29.11.2024 10:00;5,8
Stavanger - Våland;SN44640;29.11.2024 11:00;6,2
Stavanger - Våland;SN44640;29.11.2024 12:00;6,7
Stavanger - Våland;SN44640;29.11.2024 13:00;6,9
Stavanger - Våland;SN44640;29.11.2024 14:00;7
Stavanger - Våland;SN44640;29.11.2024 15:00;7,6
Stavanger - Våland;SN44640;29.11.2024 16:00;7,9
Stavanger - Våland;SN44640;29.11.2024 17:00;8,2
Stavanger - Våland;SN44640;29.11.2024 18:00;8,2
Stavanger - Våland;SN44640;29.11.2024 19:00;8,1
Stavanger - Våland;SN44640;29.11.2024 20:00;7,9
Stavanger - Våland;SN44640;29.11.2024 21:00;7,5
Stavanger - Våland;SN44640;29.11.2024 22:00;7,6
Stavanger - Våland;SN44640;29.11.2024 23:00;7,8
Stavanger - Våland;SN44640;30.11.2024 00:00;8,3
Stavanger - Våland;SN44640;30.11.2024 01:00;8,4
Stavanger - Våland;SN44640;30.11.2024 02:00;8,3
Stavanger - Våland;SN44640;30.11.2024 03:00;8,4
Stavanger - Våland;SN44640;30.11.2024 04:00;8,6
Stavanger - Våland;SN44640;30.11.2024 05:00;7,7
Stavanger - Våland;SN44640;30.11.2024 06:00;7,8
Stavanger - Våland;SN44640;30.11.2024 07:00;7,8
Stavanger - Våland;SN44640;30.11.2024 08:00;8
Stavanger - Våland;SN44640;30.11.2024 09:00;8,1
Stavanger - Våland;SN44640;30.11.2024 10:00;8,5
Stavanger - Våland;SN44640;30.11.2024 11:00;8,6
Stavanger - Våland;SN44640;30.11.2024 12:00;8,8
Stavanger - Våland;SN44640;30.11.2024 13:00;8,9
Stavanger - Våland;SN44640;30.11.2024 14:00;9
Stavanger - Våland;SN44640;30.11.2024 15:00;9,2
Stavanger - Våland;SN44640;30.11.2024 16:00;9,3
Stavanger - Våland;SN44640;30.11.2024 17:00;9,5
Stavanger - Våland;SN44640;30.11.2024 18:00;9,5
Stavanger - Våland;SN44640;30.11.2024 19:00;9,5
Stavanger - Våland;SN44640;30.11.2024 20:00;9,5
Stavanger - Våland;SN44640;30.11.2024 21:00;9,2
Stavanger - Våland;SN44640;30.11.2024 22:00;9
Stavanger - Våland;SN44640;30.11.2024 23:00;8,9
Stavanger - Våland;SN44640;01.12.2024 00:00;8,7
Stavanger - Våland;SN44640;01.12.2024 01:00;8,7
Stavanger - Våland;SN44640;01.12.2024 02:00;8,7
Stavanger - Våland;SN44640;01.12.2024 03:00;9
Stavanger - Våland;SN44640;01.12.2024 04:00;9,1
Stavanger - Våland;SN44640;01.12.2024 05:00;9,8
Stavanger - Våland;SN44640;01.12.2024 06:00;10
Stavanger - Våland;SN44640;01.12.2024 07:00;10,3
Stavanger - Våland;SN44640;01.12.2024 08:00;10,9
Stavanger - Våland;SN44640;01.12.2024 09:00;10,6
Stavanger - Våland;SN44640;01.12.2024 10:00;10,3
Stavanger - Våland;SN44640;01.12.2024 11:00;10,1
Stavanger - Våland;SN44640;01.12.2024 12:00;10,2
Stavanger - Våland;SN44640;01.12.2024 13:00;10,3
Stavanger - Våland;SN44640;01.12.2024 14:00;10,7
Stavanger - Våland;SN44640;01.12.2024 15:00;10,4
Stavanger - Våland;SN44640;01.12.2024 16:00;9,6
Stavanger - Våland;SN44640;01.12.2024 17:00;9,3
Stavanger - Våland;SN44640;01.12.2024 18:00;9,2
Stavanger - Våland;SN44640;01.12.2024 19:00;9,2
Stavanger - Våland;SN44640;01.12.2024 20:00;9,4
Stavanger - Våland;SN44640;01.12.2024 21:00;9,5
Stavanger - Våland;SN44640;01.12.2024 22:00;9,5
Stavanger - Våland;SN44640;01.12.2024 23:00;9,4
Stavanger - Våland;SN44640;02.12.2024 00:00;9,3
Stavanger - Våland;SN44640;02.12.2024 01:00;9,2
Stavanger - Våland;SN44640;02.12.2024 02:00;9,2
Stavanger - Våland;SN44640;02.12.2024 03:00;9,1
Stavanger - Våland;SN44640;02.12.2024 04:00;9,1
Stavanger - Våland;SN44640;02.12.2024 05:00;9,1
Stavanger - Våland;SN44640;02.12.2024 06:00;9,3
Stavanger - Våland;SN44640;02.12.2024 07:00;9,3
Stavanger - Våland;SN44640;02.12.2024 08:00;9,3
Stavanger - Våland;SN44640;02.12.2024 09:00;9,1
Stavanger - Våland;SN44640;02.12.2024 10:00;7,4
Stavanger - Våland;SN44640;02.12.2024 11:00;5,9
Stavanger - Våland;SN44640;02.12.2024 12:00;5,7
Stavanger - Våland;SN44640;02.12.2024 13:00;6
Stavanger - Våland;SN44640;02.12.2024 14:00;6,1
Stavanger - Våland;SN44640;02.12.2024 15:00;5,8
Stavanger - Våland;SN44640;02.12.2024 16:00;4,9
Stavanger - Våland;SN44640;02.12.2024 17:00;4,5
Stavanger - Våland;SN44640;02.12.2024 18:00;4,2
Stavanger - Våland;SN44640;02.12.2024 19:00;3,8
Stavanger - Våland;SN44640;02.12.2024 20:00;3,5
Stavanger - Våland;SN44640;02.12.2024 21:00;3,3
Stavanger - Våland;SN44640;02.12.2024 22:00;3,2
Stavanger - Våland;SN44640;02.12.2024 23:00;3
Stavanger - Våland;SN44640;03.12.2024 00:00;2,7
Stavanger - Våland;SN44640;03.12.2024 01:00;2,5
Stavanger - Våland;SN44640;03.12.2024 02:00;2,3
Stavanger - Våland;SN44640;03.12.2024 03:00;2,1
Stavanger - Våland;SN44640;03.12.2024 04:00;1,7
Stavanger - Våland;SN44640;03.12.2024 05:00;1,6
Stavanger - Våland;SN44640;03.12.2024 06:00;1,2
Stavanger - Våland;SN44640;03.12.2024 07:00;1,5
Stavanger - Våland;SN44640;03.12.2024 08:00;1,6
Stavanger - Våland;SN44640;03.12.2024 09:00;2,4
Stavanger - Våland;SN44640;03.12.2024 10:00;2
Stavanger - Våland;SN44640;03.12.2024 11:00;2,6
Stavanger - Våland;SN44640;03.12.2024 12:00;3,7
Stavanger - Våland;SN44640;03.12.2024 13:00;4
Stavanger - Våland;SN44640;03.12.2024 14:00;3,9
Stavanger - Våland;SN44640;03.12.2024 15:00;3,6
Stavanger - Våland;SN44640;03.12.2024 16:00;3,4
Stavanger - Våland;SN44640;03.12.2024 17:00;3,2
Stavanger - Våland;SN44640;03.12.2024 18:00;2,8
Stavanger - Våland;SN44640;03.12.2024 19:00;2,6
Stavanger - Våland;SN44640;03.12.2024 20:00;2,5
Stavanger - Våland;SN44640;03.12.2024 21:00;2,3
Stavanger - Våland;SN44640;03.12.2024 22:00;1,9
Stavanger - Våland;SN44640;03.12.2024 23:00;2
Stavanger - Våland;SN44640;04.12.2024 00:00;1,4
Stavanger - Våland;SN44640;04.12.2024 01:00;1,3
Stavanger - Våland;SN44640;04.12.2024 02:00;0,9
Stavanger - Våland;SN44640;04.12.2024 03:00;0,4
Stavanger - Våland;SN44640;04.12.2024 04:00;0,3
Stavanger - Våland;SN44640;04.12.2024 05:00;0,3
Stavanger - Våland;SN44640;04.12.2024 06:00;0,8
Stavanger - Våland;SN44640;04.12.2024 07:00;1,2
Stavanger - Våland;SN44640;04.12.2024 08:00;1,2
Stavanger - Våland;SN44640;04.12.2024 09:00;1,4
Stavanger - Våland;SN44640;04.12.2024 10:00;1,6
Stavanger - Våland;SN44640;04.12.2024 11:00;2
Stavanger - Våland;SN44640;04.12.2024 12:00;2,5
Stavanger - Våland;SN44640;04.12.2024 13:00;2,4
Stavanger - Våland;SN44640;04.12.2024 14:00;2,8
Stavanger - Våland;SN44640;04.12.2024 15:00;2,7
Stavanger - Våland;SN44640;04.12.2024 16:00;2,9
Stavanger - Våland;SN44640;04.12.2024 17:00;3,1
Stavanger - Våland;SN44640;04.12.2024 18:00;3,2
Stavanger - Våland;SN44640;04.12.2024 19:00;3,4
Stavanger - Våland;SN44640;04.12.2024 20:00;3,3
Stavanger - Våland;SN44640;04.12.2024 21:00;3,6
Stavanger - Våland;SN44640;04.12.2024 22:00;3,9
Stavanger - Våland;SN44640;04.12.2024 23:00;4,1
Stavanger - Våland;SN44640;05.12.2024 00:00;4,4
Stavanger - Våland;SN44640;05.12.2024 01:00;4,5
Stavanger - Våland;SN44640;05.12.2024 02:00;5
Stavanger - Våland;SN44640;05.12.2024 03:00;5,5
Stavanger - Våland;SN44640;05.12.2024 04:00;5,6
Stavanger - Våland;SN44640;05.12.2024 05:00;4,7
Stavanger - Våland;SN44640;05.12.2024 06:00;5,3
Stavanger - Våland;SN44640;05.12.2024 07:00;5,1
Stavanger - Våland;SN44640;05.12.2024 08:00;5,3
Stavanger - Våland;SN44640;05.12.2024 09:00;5,9
Stavanger - Våland;SN44640;05.12.2024 10:00;6,1
Stavanger - Våland;SN44640;05.12.2024 11:00;6,4
Stavanger - Våland;SN44640;05.12.2024 12:00;6
Stavanger - Våland;SN44640;05.12.2024 13:00;5,3
Stavanger - Våland;SN44640;05.12.2024 14:00;5,4
Stavanger - Våland;SN44640;05.12.2024 15:00;5,5
Stavanger - Våland;SN44640;05.12.2024 16:00;5,8
Stavanger - Våland;SN44640;05.12.2024 17:00;5,6
Stavanger - Våland;SN44640;05.12.2024 18:00;5,6
Stavanger - Våland;SN44640;05.12.2024 19:00;6,1
Stavanger - Våland;SN44640;05.12.2024 20:00;6,7
Stavanger - Våland;SN44640;05.12.2024 21:00;6,6
Stavanger - Våland;SN44640;05.12.2024 22:00;6,5
Stavanger - Våland;SN44640;05.12.2024 23:00;6,3
Stavanger - Våland;SN44640;06.12.2024 00:00;6
Stavanger - Våland;SN44640;06.12.2024 01:00;6,3
Stavanger - Våland;SN44640;06.12.2024 02:00;6,6
Stavanger - Våland;SN44640;06.12.2024 03:00;6,7
Stavanger - Våland;SN44640;06.12.2024 04:00;6,9
Stavanger - Våland;SN44640;06.12.2024 05:00;7,1
Stavanger - Våland;SN44640;06.12.2024 06:00;6,3
Stavanger - Våland;SN44640;06.12.2024 07:00;5,6
Stavanger - Våland;SN44640;06.12.2024 08:00;5,7
Stavanger - Våland;SN44640;06.12.2024 09:00;6
Stavanger - Våland;SN44640;06.12.2024 10:00;5,4
Stavanger - Våland;SN44640;06.12.2024 11:00;5,2
Stavanger - Våland;SN44640;06.12.2024 12:00;5,2
Stavanger - Våland;SN44640;06.12.2024 13:00;5,3
Stavanger - Våland;SN44640;06.12.2024 14:00;5,2
Stavanger - Våland;SN44640;06.12.2024 15:00;5,3
Stavanger - Våland;SN44640;06.12.2024 16:00;5,1
Stavanger - Våland;SN44640;06.12.2024 17:00;5,1
Stavanger - Våland;SN44640;06.12.2024 18:00;5,5
Stavanger - Våland;SN44640;06.12.2024 19:00;5,7
Stavanger - Våland;SN44640;06.12.2024 20:00;5,7
Stavanger - Våland;SN44640;06.12.2024 21:00;5,8
Stavanger - Våland;SN44640;06.12.2024 22:00;5,5
Stavanger - Våland;SN44640;06.12.2024 23:00;5,3
Stavanger - Våland;SN44640;07.12.2024 00:00;5,5
Stavanger - Våland;SN44640;07.12.2024 01:00;5,4
Stavanger - Våland;SN44640;07.12.2024 02:00;5,5
Stavanger - Våland;SN44640;07.12.2024 03:00;5,6
Stavanger - Våland;SN44640;07.12.2024 04:00;5,7
Stavanger - Våland;SN44640;07.12.2024 05:00;5,9
Stavanger - Våland;SN44640;07.12.2024 06:00;6,1
Stavanger - Våland;SN44640;07.12.2024 07:00;6,1
Stavanger - Våland;SN44640;07.12.2024 08:00;6
Stavanger - Våland;SN44640;07.12.2024 09:00;5,2
Stavanger - Våland;SN44640;07.12.2024 10:00;4,9
Stavanger - Våland;SN44640;07.12.2024 11:00;5,5
Stavanger - Våland;SN44640;07.12.2024 12:00;6,3
Stavanger - Våland;SN44640;07.12.2024 13:00;6,7
Stavanger - Våland;SN44640;07.12.2024 14:00;6,5
Stavanger - Våland;SN44640;07.12.2024 15:00;6,3
Stavanger - Våland;SN44640;07.12.2024 16:00;5,1
Stavanger - Våland;SN44640;07.12.2024 17:00;5,7
Stavanger - Våland;SN44640;07.12.2024 18:00;5,4
Stavanger - Våland;SN44640;07.12.2024 19:00;4,2
Stavanger - Våland;SN44640;07.12.2024 20:00;3,5
Stavanger - Våland;SN44640;07.12.2024 21:00;3,4
Stavanger - Våland;SN44640;07.12.2024 22:00;3,6
Stavanger - Våland;SN44640;07.12.2024 23:00;3,7
Stavanger - Våland;SN44640;08.12.2024 00:00;3,5
Stavanger - Våland;SN44640;08.12.2024 01:00;3,4
Stavanger - Våland;SN44640;08.12.2024 02:00;3,7
Stavanger - Våland;SN44640;08.12.2024 03:00;4,6
Stavanger - Våland;SN44640;08.12.2024 04:00;4,4
Stavanger - Våland;SN44640;08.12.2024 05:00;5
Stavanger - Våland;SN44640;08.12.2024 06:00;5,3
Stavanger - Våland;SN44640;08.12.2024 07:00;5,9
Stavanger - Våland;SN44640;08.12.2024 08:00;5,8
Stavanger - Våland;SN44640;08.12.2024 09:00;5,4
Stavanger - Våland;SN44640;08.12.2024 10:00;4,8
Stavanger - Våland;SN44640;08.12.2024 11:00;6,1
Stavanger - Våland;SN44640;08.12.2024 12:00;6,2
Stavanger - Våland;SN44640;08.12.2024 13:00;6,8
Stavanger - Våland;SN44640;08.12.2024 14:00;6
Stavanger - Våland;SN44640;08.12.2024 15:00;5,5
Stavanger - Våland;SN44640;08.12.2024 16:00;4,9
Stavanger - Våland;SN44640;08.12.2024 17:00;3,9
Stavanger - Våland;SN44640;08.12.2024 18:00;4,7
Stavanger - Våland;SN44640;08.12.2024 19:00;3
Stavanger - Våland;SN44640;08.12.2024 20:00;2,9
Stavanger - Våland;SN44640;08.12.2024 21:00;2,8
Stavanger - Våland;SN44640;08.12.2024 22:00;3
Stavanger - Våland;SN44640;08.12.2024 23:00;2,2
Stavanger - Våland;SN44640;09.12.2024 00:00;2,5
Stavanger - Våland;SN44640;09.12.2024 01:00;2,4
Stavanger - Våland;SN44640;09.12.2024 02:00;2
Stavanger - Våland;SN44640;09.12.2024 03:00;2,6
Stavanger - Våland;SN44640;09.12.2024 04:00;3,3
Stavanger - Våland;SN44640;09.12.2024 05:00;1,3
Stavanger - Våland;SN44640;09.12.2024 06:00;2,6
Stavanger - Våland;SN44640;09.12.2024 07:00;1,2
Stavanger - Våland;SN44640;09.12.2024 08:00;1,5
Stavanger - Våland;SN44640;09.12.2024 09:00;2
Stavanger - Våland;SN44640;09.12.2024 10:00;1,9
Stavanger - Våland;SN44640;09.12.2024 11:00;3
Stavanger - Våland;SN44640;09.12.2024 12:00;2,8
Stavanger - Våland;SN44640;09.12.2024 13:00;4,1
Stavanger - Våland;SN44640;09.12.2024 14:00;3,7
Stavanger - Våland;SN44640;09.12.2024 15:00;3,6
Stavanger - Våland;SN44640;09.12.2024 16:00;3,2
Stavanger - Våland;SN44640;09.12.2024 17:00;1,5
Stavanger - Våland;SN44640;09.12.2024 18:00;3,2
Stavanger - Våland;SN44640;09.12.2024 19:00;1,6
Stavanger - Våland;SN44640;09.12.2024 20:00;0,8
Stavanger - Våland;SN44640;09.12.2024 21:00;2
Stavanger - Våland;SN44640;09.12.2024 22:00;1,3
Stavanger - Våland;SN44640;09.12.2024 23:00;1,5
Stavanger - Våland;SN44640;10.12.2024 00:00;1,5
Stavanger - Våland;SN44640;10.12.2024 01:00;0,5
Stavanger - Våland;SN44640;10.12.2024 02:00;0,6
Stavanger - Våland;SN44640;10.12.2024 03:00;0,1
Stavanger - Våland;SN44640;10.12.2024 04:00;0
Stavanger - Våland;SN44640;10.12.2024 05:00;0,5
Stavanger - Våland;SN44640;10.12.2024 06:00;0,1
Stavanger - Våland;SN44640;10.12.2024 07:00;-0,5
Stavanger - Våland;SN44640;10.12.2024 08:00;-0,4
Stavanger - Våland;SN44640;10.12.2024 09:00;-0,2
Stavanger - Våland;SN44640;10.12.2024 10:00;1
Stavanger - Våland;SN44640;10.12.2024 11:00;1,1
Stavanger - Våland;SN44640;10.12.2024 12:00;1,4
Stavanger - Våland;SN44640;10.12.2024 13:00;1,9
Stavanger - Våland;SN44640;10.12.2024 14:00;1,9
Stavanger - Våland;SN44640;10.12.2024 15:00;1,2
Stavanger - Våland;SN44640;10.12.2024 16:00;1
Stavanger - Våland;SN44640;10.12.2024 17:00;0,9
Stavanger - Våland;SN44640;10.12.2024 18:00;0,8
Stavanger - Våland;SN44640;10.12.2024 19:00;0,8
Stavanger - Våland;SN44640;10.12.2024 20:00;0,2
Stavanger - Våland;SN44640;10.12.2024 21:00;0,1
Stavanger - Våland;SN44640;10.12.2024 22:00;0,8
Stavanger - Våland;SN44640;10.12.2024 23:00;0,3
Stavanger - Våland;SN44640;11.12.2024 00:00;1,1
Stavanger - Våland;SN44640;11.12.2024 01:00;1,4
Stavanger - Våland;SN44640;11.12.2024 02:00;1,7
Stavanger - Våland;SN44640;11.12.2024 03:00;1,6
Stavanger - Våland;SN44640;11.12.2024 04:00;1,3
Stavanger - Våland;SN44640;11.12.2024 05:00;1,5
Stavanger - Våland;SN44640;11.12.2024 06:00;1,9
Stavanger - Våland;SN44640;11.12.2024 07:00;2,3
Stavanger - Våland;SN44640;11.12.2024 08:00;2,1
Stavanger - Våland;SN44640;11.12.2024 09:00;2,5
Stavanger - Våland;SN44640;11.12.2024 10:00;2,6
Stavanger - Våland;SN44640;11.12.2024 11:00;3,1
Stavanger - Våland;SN44640;11.12.2024 12:00;3,4
Stavanger - Våland;SN44640;11.12.2024 13:00;3,3
Stavanger - Våland;SN44640;11.12.2024 14:00;4,2
Stavanger - Våland;SN44640;11.12.2024 15:00;3
Stavanger - Våland;SN44640;11.12.2024 16:00;2,6
Stavanger - Våland;SN44640;11.12.2024 17:00;2,9
Stavanger - Våland;SN44640;11.12.2024 18:00;2,8
Stavanger - Våland;SN44640;11.12.2024 19:00;2,8
Stavanger - Våland;SN44640;11.12.2024 20:00;2,4
Stavanger - Våland;SN44640;11.12.2024 21:00;2,6
Stavanger - Våland;SN44640;11.12.2024 22:00;2,6
Stavanger - Våland;SN44640;11.12.2024 23:00;3,2
Stavanger - Våland;SN44640;12.12.2024 00:00;3,2
Stavanger - Våland;SN44640;12.12.2024 01:00;3,2
Stavanger - Våland;SN44640;12.12.2024 02:00;3,6
Stavanger - Våland;SN44640;12.12.2024 03:00;4
Stavanger - Våland;SN44640;12.12.2024 04:00;3,9
Stavanger - Våland;SN44640;12.12.2024 05:00;3,9
Stavanger - Våland;SN44640;12.12.2024 06:00;4
Stavanger - Våland;SN44640;12.12.2024 07:00;4
Stavanger - Våland;SN44640;12.12.2024 08:00;4
Stavanger - Våland;SN44640;12.12.2024 09:00;4,5
Stavanger - Våland;SN44640;12.12.2024 10:00;4,8
Stavanger - Våland;SN44640;12.12.2024 11:00;5,2
Stavanger - Våland;SN44640;12.12.2024 12:00;5,2
Stavanger - Våland;SN44640;12.12.2024 13:00;5,5
Stavanger - Våland;SN44640;12.12.2024 14:00;5,6
Stavanger - Våland;SN44640;12.12.2024 15:00;5,2
Stavanger - Våland;SN44640;12.12.2024 16:00;5,2
Stavanger - Våland;SN44640;12.12.2024 17:00;5,1
Stavanger - Våland;SN44640;12.12.2024 18:00;5,3
Stavanger - Våland;SN44640;12.12.2024 19:00;5
Stavanger - Våland;SN44640;12.12.2024 20:00;4,9
Stavanger - Våland;SN44640;12.12.2024 21:00;5
Stavanger - Våland;SN44640;12.12.2024 22:00;4,3
Stavanger - Våland;SN44640;12.12.2024 23:00;4,4
Stavanger - Våland;SN44640;13.12.2024 00:00;4
Stavanger - Våland;SN44640;13.12.2024 01:00;3,7
Stavanger - Våland;SN44640;13.12.2024 02:00;3,4
Stavanger - Våland;SN44640;13.12.2024 03:00;3,8
Stavanger - Våland;SN44640;13.12.2024 04:00;4,1
Stavanger - Våland;SN44640;13.12.2024 05:00;4,2
Stavanger - Våland;SN44640;13.12.2024 06:00;4,5
Stavanger - Våland;SN44640;13.12.2024 07:00;5
Stavanger - Våland;SN44640;13.12.2024 08:00;5,7
Stavanger - Våland;SN44640;13.12.2024 09:00;5,6
Stavanger - Våland;SN44640;13.12.2024 10:00;5,9
Stavanger - Våland;SN44640;13.12.2024 11:00;6,2
Stavanger - Våland;SN44640;13.12.2024 12:00;6,3
Stavanger - Våland;SN44640;13.12.2024 13:00;6,5
Stavanger - Våland;SN44640;13.12.2024 14:00;6,5
Stavanger - Våland;SN44640;13.12.2024 15:00;7,1
Stavanger - Våland;SN44640;13.12.2024 16:00;7,1
Stavanger - Våland;SN44640;13.12.2024 17:00;7,2
Stavanger - Våland;SN44640;13.12.2024 18:00;7,2
Stavanger - Våland;SN44640;13.12.2024 19:00;7,2
Stavanger - Våland;SN44640;13.12.2024 20:00;6,9
Stavanger - Våland;SN44640;13.12.2024 21:00;6,6
Stavanger - Våland;SN44640;13.12.2024 22:00;6,2
Stavanger - Våland;SN44640;13.12.2024 23:00;5,9
Stavanger - Våland;SN44640;14.12.2024 00:00;5,7
Stavanger - Våland;SN44640;14.12.2024 01:00;6,2
Stavanger - Våland;SN44640;14.12.2024 02:00;5,8
Stavanger - Våland;SN44640;14.12.2024 03:00;5,7
Stavanger - Våland;SN44640;14.12.2024 04:00;5,4
Stavanger - Våland;SN44640;14.12.2024 05:00;4,9
Stavanger - Våland;SN44640;14.12.2024 06:00;4,7
Stavanger - Våland;SN44640;14.12.2024 07:00;4,2
Stavanger - Våland;SN44640;14.12.2024 08:00;4
Stavanger - Våland;SN44640;14.12.2024 09:00;3,9
Stavanger - Våland;SN44640;14.12.2024 10:00;4,1
Stavanger - Våland;SN44640;14.12.2024 11:00;3,7
Stavanger - Våland;SN44640;14.12.2024 12:00;3,6
Stavanger - Våland;SN44640;14.12.2024 13:00;3,2
Stavanger - Våland;SN44640;14.12.2024 14:00;2,8
Stavanger - Våland;SN44640;14.12.2024 15:00;3,2
Stavanger - Våland;SN44640;14.12.2024 16:00;3,2
Stavanger - Våland;SN44640;14.12.2024 17:00;3,1
Stavanger - Våland;SN44640;14.12.2024 18:00;3,2
Stavanger - Våland;SN44640;14.12.2024 19:00;2,9
Stavanger - Våland;SN44640;14.12.2024 20:00;2,1
Stavanger - Våland;SN44640;14.12.2024 21:00;1,5
Stavanger - Våland;SN44640;14.12.2024 22:00;2,6
Stavanger - Våland;SN44640;14.12.2024 23:00;2,7
Stavanger - Våland;SN44640;15.12.2024 00:00;2,6
Stavanger - Våland;SN44640;15.12.2024 01:00;2,2
Stavanger - Våland;SN44640;15.12.2024 02:00;2,7
Stavanger - Våland;SN44640;15.12.2024 03:00;2,7
Stavanger - Våland;SN44640;15.12.2024 04:00;3
Stavanger - Våland;SN44640;15.12.2024 05:00;3,4
Stavanger - Våland;SN44640;15.12.2024 06:00;4
Stavanger - Våland;SN44640;15.12.2024 07:00;4,4
Stavanger - Våland;SN44640;15.12.2024 08:00;5,6
Stavanger - Våland;SN44640;15.12.2024 09:00;7,4
Stavanger - Våland;SN44640;15.12.2024 10:00;8,3
Stavanger - Våland;SN44640;15.12.2024 11:00;8,8
Stavanger - Våland;SN44640;15.12.2024 12:00;8,8
Stavanger - Våland;SN44640;15.12.2024 13:00;8,9
Stavanger - Våland;SN44640;15.12.2024 14:00;8,9
Stavanger - Våland;SN44640;15.12.2024 15:00;8,8
Stavanger - Våland;SN44640;15.12.2024 16:00;9,2
Stavanger - Våland;SN44640;15.12.2024 17:00;9,7
Stavanger - Våland;SN44640;15.12.2024 18:00;10,1
Stavanger - Våland;SN44640;15.12.2024 19:00;10,2
Stavanger - Våland;SN44640;15.12.2024 20:00;10,3
Stavanger - Våland;SN44640;15.12.2024 21:00;9,8
Stavanger - Våland;SN44640;15.12.2024 22:00;9,6
Stavanger - Våland;SN44640;15.12.2024 23:00;9,4
Stavanger - Våland;SN44640;16.12.2024 00:00;8,2
Stavanger - Våland;SN44640;16.12.2024 01:00;7,7
Stavanger - Våland;SN44640;16.12.2024 02:00;7,5
Stavanger - Våland;SN44640;16.12.2024 03:00;7,1
Stavanger - Våland;SN44640;16.12.2024 04:00;7,1
Stavanger - Våland;SN44640;16.12.2024 05:00;7,1
Stavanger - Våland;SN44640;16.12.2024 06:00;6,9
Stavanger - Våland;SN44640;16.12.2024 07:00;6,3
Stavanger - Våland;SN44640;16.12.2024 08:00;7
Stavanger - Våland;SN44640;16.12.2024 09:00;7,4
Stavanger - Våland;SN44640;16.12.2024 10:00;6,3
Stavanger - Våland;SN44640;16.12.2024 11:00;7,3
Stavanger - Våland;SN44640;16.12.2024 12:00;7,5
Stavanger - Våland;SN44640;16.12.2024 13:00;7,7
Stavanger - Våland;SN44640;16.12.2024 14:00;7,9
Stavanger - Våland;SN44640;16.12.2024 15:00;7,7
Stavanger - Våland;SN44640;16.12.2024 16:00;5,9
Stavanger - Våland;SN44640;16.12.2024 17:00;5,6
Stavanger - Våland;SN44640;16.12.2024 18:00;6,1
Stavanger - Våland;SN44640;16.12.2024 19:00;6,5
Stavanger - Våland;SN44640;16.12.2024 20:00;6,4
Stavanger - Våland;SN44640;16.12.2024 21:00;7
Stavanger - Våland;SN44640;16.12.2024 22:00;7,2
Stavanger - Våland;SN44640;16.12.2024 23:00;6,1
Stavanger - Våland;SN44640;17.12.2024 00:00;6,8
Stavanger - Våland;SN44640;17.12.2024 01:00;5,9
Stavanger - Våland;SN44640;17.12.2024 02:00;5,7
Stavanger - Våland;SN44640;17.12.2024 03:00;5,4
Stavanger - Våland;SN44640;17.12.2024 04:00;5,1
Stavanger - Våland;SN44640;17.12.2024 05:00;4,2
Stavanger - Våland;SN44640;17.12.2024 06:00;5,1
Stavanger - Våland;SN44640;17.12.2024 07:00;4,4
Stavanger - Våland;SN44640;17.12.2024 08:00;3,8
Stavanger - Våland;SN44640;17.12.2024 09:00;4,5
Stavanger - Våland;SN44640;17.12.2024 10:00;5,1
Stavanger - Våland;SN44640;17.12.2024 11:00;4,8
Stavanger - Våland;SN44640;17.12.2024 12:00;5,7
Stavanger - Våland;SN44640;17.12.2024 13:00;6,5
Stavanger - Våland;SN44640;17.12.2024 14:00;6,4
Stavanger - Våland;SN44640;17.12.2024 15:00;6,1
Stavanger - Våland;SN44640;17.12.2024 16:00;6,4
Stavanger - Våland;SN44640;17.12.2024 17:00;6,6
Stavanger - Våland;SN44640;17.12.2024 18:00;7
Stavanger - Våland;SN44640;17.12.2024 19:00;7,1
Stavanger - Våland;SN44640;17.12.2024 20:00;6,9
Stavanger - Våland;SN44640;17.12.2024 21:00;7
Stavanger - Våland;SN44640;17.12.2024 22:00;7,5
Stavanger - Våland;SN44640;17.12.2024 23:00;7,2
Stavanger - Våland;SN44640;18.12.2024 00:00;7,2
Stavanger - Våland;SN44640;18.12.2024 01:00;7,4
Stavanger - Våland;SN44640;18.12.2024 02:00;8
Stavanger - Våland;SN44640;18.12.2024 03:00;7,9
Stavanger - Våland;SN44640;18.12.2024 04:00;7,6
Stavanger - Våland;SN44640;18.12.2024 05:00;7,4
Stavanger - Våland;SN44640;18.12.2024 06:00;7,8
Stavanger - Våland;SN44640;18.12.2024 07:00;8,1
Stavanger - Våland;SN44640;18.12.2024 08:00;8,3
Stavanger - Våland;SN44640;18.12.2024 09:00;8,9
Stavanger - Våland;SN44640;18.12.2024 10:00;9
Stavanger - Våland;SN44640;18.12.2024 11:00;9,2
Stavanger - Våland;SN44640;18.12.2024 12:00;9,4
Stavanger - Våland;SN44640;18.12.2024 13:00;9,6
Stavanger - Våland;SN44640;18.12.2024 14:00;9,7
Stavanger - Våland;SN44640;18.12.2024 15:00;9,7
Stavanger - Våland;SN44640;18.12.2024 16:00;9,6
Stavanger - Våland;SN44640;18.12.2024 17:00;9,2
Stavanger - Våland;SN44640;18.12.2024 18:00;8,5
Stavanger - Våland;SN44640;18.12.2024 19:00;8,1
Stavanger - Våland;SN44640;18.12.2024 20:00;7,8
Stavanger - Våland;SN44640;18.12.2024 21:00;7,6
Stavanger - Våland;SN44640;18.12.2024 22:00;7,5
Stavanger - Våland;SN44640;18.12.2024 23:00;7,3
Stavanger - Våland;SN44640;19.12.2024 00:00;7
Stavanger - Våland;SN44640;19.12.2024 01:00;6,7
Stavanger - Våland;SN44640;19.12.2024 02:00;6,3
Stavanger - Våland;SN44640;19.12.2024 03:00;5,6
Stavanger - Våland;SN44640;19.12.2024 04:00;6,2
Stavanger - Våland;SN44640;19.12.2024 05:00;5,9
Stavanger - Våland;SN44640;19.12.2024 06:00;5
Stavanger - Våland;SN44640;19.12.2024 07:00;6,1
Stavanger - Våland;SN44640;19.12.2024 08:00;5,4
Stavanger - Våland;SN44640;19.12.2024 09:00;5,8
Stavanger - Våland;SN44640;19.12.2024 10:00;5,3
Stavanger - Våland;SN44640;19.12.2024 11:00;5,2
Stavanger - Våland;SN44640;19.12.2024 12:00;5,6
Stavanger - Våland;SN44640;19.12.2024 13:00;5
Stavanger - Våland;SN44640;19.12.2024 14:00;5,2
Stavanger - Våland;SN44640;19.12.2024 15:00;5,2
Stavanger - Våland;SN44640;19.12.2024 16:00;5,2
Stavanger - Våland;SN44640;19.12.2024 17:00;4,2
Stavanger - Våland;SN44640;19.12.2024 18:00;5
Stavanger - Våland;SN44640;19.12.2024 19:00;4,4
Stavanger - Våland;SN44640;19.12.2024 20:00;4,1
Stavanger - Våland;SN44640;19.12.2024 21:00;4,3
Stavanger - Våland;SN44640;19.12.2024 22:00;4,5
Stavanger - Våland;SN44640;19.12.2024 23:00;3,4
Stavanger - Våland;SN44640;20.12.2024 00:00;3,5
Stavanger - Våland;SN44640;20.12.2024 01:00;3,8
Stavanger - Våland;SN44640;20.12.2024 02:00;4,2
Stavanger - Våland;SN44640;20.12.2024 03:00;2,7
Stavanger - Våland;SN44640;20.12.2024 04:00;3,6
Stavanger - Våland;SN44640;20.12.2024 05:00;3,7
Stavanger - Våland;SN44640;20.12.2024 06:00;3,4
Stavanger - Våland;SN44640;20.12.2024 07:00;3,9
Stavanger - Våland;SN44640;20.12.2024 08:00;3,5
Stavanger - Våland;SN44640;20.12.2024 09:00;3,1
Stavanger - Våland;SN44640;20.12.2024 10:00;2,5
Stavanger - Våland;SN44640;20.12.2024 11:00;1,8
Stavanger - Våland;SN44640;20.12.2024 12:00;2,7
Stavanger - Våland;SN44640;20.12.2024 13:00;2,5
Stavanger - Våland;SN44640;20.12.2024 14:00;3
Stavanger - Våland;SN44640;20.12.2024 15:00;3,3
Stavanger - Våland;SN44640;20.12.2024 16:00;3,9
Stavanger - Våland;SN44640;20.12.2024 17:00;3,8
Stavanger - Våland;SN44640;20.12.2024 18:00;4,3
Stavanger - Våland;SN44640;20.12.2024 19:00;4,5
Stavanger - Våland;SN44640;20.12.2024 20:00;6,5
Stavanger - Våland;SN44640;20.12.2024 21:00;6,6
Stavanger - Våland;SN44640;20.12.2024 22:00;7,1
Stavanger - Våland;SN44640;20.12.2024 23:00;6,7
Stavanger - Våland;SN44640;21.12.2024 00:00;6,5
Stavanger - Våland;SN44640;21.12.2024 01:00;6,6
Stavanger - Våland;SN44640;21.12.2024 02:00;6,6
Stavanger - Våland;SN44640;21.12.2024 03:00;6,5
Stavanger - Våland;SN44640;21.12.2024 04:00;7
Stavanger - Våland;SN44640;21.12.2024 05:00;5,6
Stavanger - Våland;SN44640;21.12.2024 06:00;6,6
Stavanger - Våland;SN44640;21.12.2024 07:00;6,4
Stavanger - Våland;SN44640;21.12.2024 08:00;6,7
Stavanger - Våland;SN44640;21.12.2024 09:00;6,5
Stavanger - Våland;SN44640;21.12.2024 10:00;6,6
Stavanger - Våland;SN44640;21.12.2024 11:00;6,6
Stavanger - Våland;SN44640;21.12.2024 12:00;6,5
Stavanger - Våland;SN44640;21.12.2024 13:00;6,5
Stavanger - Våland;SN44640;21.12.2024 14:00;6,6
Stavanger - Våland;SN44640;21.12.2024 15:00;7,6
Stavanger - Våland;SN44640;21.12.2024 16:00;6,4
Stavanger - Våland;SN44640;21.12.2024 17:00;6,2
Stavanger - Våland;SN44640;21.12.2024 18:00;6,5
Stavanger - Våland;SN44640;21.12.2024 19:00;7,3
Stavanger - Våland;SN44640;21.12.2024 20:00;7,2
Stavanger - Våland;SN44640;21.12.2024 21:00;7,2
Stavanger - Våland;SN44640;21.12.2024 22:00;7,7
Stavanger - Våland;SN44640;21.12.2024 23:00;7,5
Stavanger - Våland;SN44640;22.12.2024 00:00;7,4
Stavanger - Våland;SN44640;22.12.2024 01:00;7
Stavanger - Våland;SN44640;22.12.2024 02:00;7,3
Stavanger - Våland;SN44640;22.12.2024 03:00;7,1
Stavanger - Våland;SN44640;22.12.2024 04:00;6,9
Stavanger - Våland;SN44640;22.12.2024 05:00;6,5
Stavanger - Våland;SN44640;22.12.2024 06:00;5,9
Stavanger - Våland;SN44640;22.12.2024 07:00;5,2
Stavanger - Våland;SN44640;22.12.2024 08:00;5,3
Stavanger - Våland;SN44640;22.12.2024 09:00;5,7
Stavanger - Våland;SN44640;22.12.2024 10:00;6,2
Stavanger - Våland;SN44640;22.12.2024 11:00;6,3
Stavanger - Våland;SN44640;22.12.2024 12:00;5,6
Stavanger - Våland;SN44640;22.12.2024 13:00;6,3
Stavanger - Våland;SN44640;22.12.2024 14:00;7
Stavanger - Våland;SN44640;22.12.2024 15:00;6,5
Stavanger - Våland;SN44640;22.12.2024 16:00;6,4
Stavanger - Våland;SN44640;22.12.2024 17:00;6,6
Stavanger - Våland;SN44640;22.12.2024 18:00;6,8
Stavanger - Våland;SN44640;22.12.2024 19:00;6,4
Stavanger - Våland;SN44640;22.12.2024 20:00;4,9
Stavanger - Våland;SN44640;22.12.2024 21:00;5,2
Stavanger - Våland;SN44640;22.12.2024 22:00;5,5
Stavanger - Våland;SN44640;22.12.2024 23:00;5,2
Stavanger - Våland;SN44640;23.12.2024 00:00;5,3
Stavanger - Våland;SN44640;23.12.2024 01:00;4,8
Stavanger - Våland;SN44640;23.12.2024 02:00;4,8
Stavanger - Våland;SN44640;23.12.2024 03:00;4,5
Stavanger - Våland;SN44640;23.12.2024 04:00;4,5
Stavanger - Våland;SN44640;23.12.2024 05:00;4,2
Stavanger - Våland;SN44640;23.12.2024 06:00;4
Stavanger - Våland;SN44640;23.12.2024 07:00;3,8
Stavanger - Våland;SN44640;23.12.2024 08:00;3,6
Stavanger - Våland;SN44640;23.12.2024 09:00;3,5
Stavanger - Våland;SN44640;23.12.2024 10:00;3,3
Stavanger - Våland;SN44640;23.12.2024 11:00;3,5
Stavanger - Våland;SN44640;23.12.2024 12:00;3,8
Stavanger - Våland;SN44640;23.12.2024 13:00;4,2
Stavanger - Våland;SN44640;23.12.2024 14:00;3,9
Stavanger - Våland;SN44640;23.12.2024 15:00;3,5
Stavanger - Våland;SN44640;23.12.2024 16:00;2,8
Stavanger - Våland;SN44640;23.12.2024 17:00;1,8
Stavanger - Våland;SN44640;23.12.2024 18:00;1,7
Stavanger - Våland;SN44640;23.12.2024 19:00;2,1
Stavanger - Våland;SN44640;23.12.2024 20:00;1,3
Stavanger - Våland;SN44640;23.12.2024 21:00;1,2
Stavanger - Våland;SN44640;23.12.2024 22:00;1,8
Stavanger - Våland;SN44640;23.12.2024 23:00;1,6
Stavanger - Våland;SN44640;24.12.2024 00:00;2,4
Stavanger - Våland;SN44640;24.12.2024 01:00;2,7
Stavanger - Våland;SN44640;24.12.2024 02:00;3,1
Stavanger - Våland;SN44640;24.12.2024 03:00;2,6
Stavanger - Våland;SN44640;24.12.2024 04:00;2,2
Stavanger - Våland;SN44640;24.12.2024 05:00;2,4
Stavanger - Våland;SN44640;24.12.2024 06:00;2,9
Stavanger - Våland;SN44640;24.12.2024 07:00;3
Stavanger - Våland;SN44640;24.12.2024 08:00;3,5
Stavanger - Våland;SN44640;24.12.2024 09:00;4,6
Stavanger - Våland;SN44640;24.12.2024 10:00;5,3
Stavanger - Våland;SN44640;24.12.2024 11:00;5,9
Stavanger - Våland;SN44640;24.12.2024 12:00;6,5
Stavanger - Våland;SN44640;24.12.2024 13:00;6,9
Stavanger - Våland;SN44640;24.12.2024 14:00;7,2
Stavanger - Våland;SN44640;24.12.2024 15:00;7,3
Stavanger - Våland;SN44640;24.12.2024 16:00;7,9
Stavanger - Våland;SN44640;24.12.2024 17:00;8,1
Stavanger - Våland;SN44640;24.12.2024 18:00;8,5
Stavanger - Våland;SN44640;24.12.2024 19:00;9
Stavanger - Våland;SN44640;24.12.2024 20:00;9
Stavanger - Våland;SN44640;24.12.2024 21:00;8,9
Stavanger - Våland;SN44640;24.12.2024 22:00;8,9
Stavanger - Våland;SN44640;24.12.2024 23:00;9
Stavanger - Våland;SN44640;25.12.2024 00:00;9,3
Stavanger - Våland;SN44640;25.12.2024 01:00;9,6
Stavanger - Våland;SN44640;25.12.2024 02:00;9,8
Stavanger - Våland;SN44640;25.12.2024 03:00;9,8
Stavanger - Våland;SN44640;25.12.2024 04:00;9,6
Stavanger - Våland;SN44640;25.12.2024 05:00;9,7
Stavanger - Våland;SN44640;25.12.2024 06:00;9,8
Stavanger - Våland;SN44640;25.12.2024 07:00;10
Stavanger - Våland;SN44640;25.12.2024 08:00;9,9
Stavanger - Våland;SN44640;25.12.2024 09:00;9,8
Stavanger - Våland;SN44640;25.12.2024 10:00;9,5
Stavanger - Våland;SN44640;25.12.2024 11:00;9,3
Stavanger - Våland;SN44640;25.12.2024 12:00;9,2
Stavanger - Våland;SN44640;25.12.2024 13:00;9,2
Stavanger - Våland;SN44640;25.12.2024 14:00;9,1
Stavanger - Våland;SN44640;25.12.2024 15:00;8,9
Stavanger - Våland;SN44640;25.12.2024 16:00;8,8
Stavanger - Våland;SN44640;25.12.2024 17:00;8,7
Stavanger - Våland;SN44640;25.12.2024 18:00;8,7
Stavanger - Våland;SN44640;25.12.2024 19:00;8,7
Stavanger - Våland;SN44640;25.12.2024 20:00;8,6
Stavanger - Våland;SN44640;25.12.2024 21:00;8,7
Stavanger - Våland;SN44640;25.12.2024 22:00;8,6
Stavanger - Våland;SN44640;25.12.2024 23:00;8,4
Stavanger - Våland;SN44640;26.12.2024 00:00;8,5
Stavanger - Våland;SN44640;26.12.2024 01:00;8,6
Stavanger - Våland;SN44640;26.12.2024 02:00;8,6
Stavanger - Våland;SN44640;26.12.2024 03:00;8,6
Stavanger - Våland;SN44640;26.12.2024 04:00;8,7
Stavanger - Våland;SN44640;26.12.2024 05:00;8,6
Stavanger - Våland;SN44640;26.12.2024 06:00;8,6
Stavanger - Våland;SN44640;26.12.2024 07:00;8,7
Stavanger - Våland;SN44640;26.12.2024 08:00;8,5
Stavanger - Våland;SN44640;26.12.2024 09:00;8,6
Stavanger - Våland;SN44640;26.12.2024 10:00;8,6
Stavanger - Våland;SN44640;26.12.2024 11:00;8,7
Stavanger - Våland;SN44640;26.12.2024 12:00;8,8
Stavanger - Våland;SN44640;26.12.2024 13:00;8,9
Stavanger - Våland;SN44640;26.12.2024 14:00;8,7
Stavanger - Våland;SN44640;26.12.2024 15:00;8,5
Stavanger - Våland;SN44640;26.12.2024 16:00;8,2
Stavanger - Våland;SN44640;26.12.2024 17:00;8,1
Stavanger - Våland;SN44640;26.12.2024 18:00;7,9
Stavanger - Våland;SN44640;26.12.2024 19:00;7,4
Stavanger - Våland;SN44640;26.12.2024 20:00;7,4
Stavanger - Våland;SN44640;26.12.2024 21:00;7,1
Stavanger - Våland;SN44640;26.12.2024 22:00;6,9
Stavanger - Våland;SN44640;26.12.2024 23:00;6,7
Stavanger - Våland;SN44640;27.12.2024 00:00;6,7
Stavanger - Våland;SN44640;27.12.2024 01:00;6,7
Stavanger - Våland;SN44640;27.12.2024 02:00;6,6
Stavanger - Våland;SN44640;27.12.2024 03:00;6,5
Stavanger - Våland;SN44640;27.12.2024 04:00;6,5
Stavanger - Våland;SN44640;27.12.2024 05:00;6,5
Stavanger - Våland;SN44640;27.12.2024 06:00;6,3
Stavanger - Våland;SN44640;27.12.2024 07:00;6,1
Stavanger - Våland;SN44640;27.12.2024 08:00;6,2
Stavanger - Våland;SN44640;27.12.2024 09:00;6,2
Stavanger - Våland;SN44640;27.12.2024 10:00;5,9
Stavanger - Våland;SN44640;27.12.2024 11:00;6
Stavanger - Våland;SN44640;27.12.2024 12:00;7,3
Stavanger - Våland;SN44640;27.12.2024 13:00;7,4
Stavanger - Våland;SN44640;27.12.2024 14:00;7,3
Stavanger - Våland;SN44640;27.12.2024 15:00;6,9
Stavanger - Våland;SN44640;27.12.2024 16:00;6,6
Stavanger - Våland;SN44640;27.12.2024 17:00;6,5
Stavanger - Våland;SN44640;27.12.2024 18:00;6,5
Stavanger - Våland;SN44640;27.12.2024 19:00;6,4
Stavanger - Våland;SN44640;27.12.2024 20:00;6,5
Stavanger - Våland;SN44640;27.12.2024 21:00;6,5
Stavanger - Våland;SN44640;27.12.2024 22:00;6,5
Stavanger - Våland;SN44640;27.12.2024 23:00;6,5
Stavanger - Våland;SN44640;28.12.2024 00:00;6,7
Stavanger - Våland;SN44640;28.12.2024 01:00;6,7
Stavanger - Våland;SN44640;28.12.2024 02:00;6,8
Stavanger - Våland;SN44640;28.12.2024 03:00;7,1
Stavanger - Våland;SN44640;28.12.2024 04:00;7,1
Stavanger - Våland;SN44640;28.12.2024 05:00;7,2
Stavanger - Våland;SN44640;28.12.2024 06:00;7,4
Stavanger - Våland;SN44640;28.12.2024 07:00;7,5
Stavanger - Våland;SN44640;28.12.2024 08:00;7,5
Stavanger - Våland;SN44640;28.12.2024 09:00;7,5
Stavanger - Våland;SN44640;28.12.2024 10:00;7,5
Stavanger - Våland;SN44640;28.12.2024 11:00;7,5
Stavanger - Våland;SN44640;28.12.2024 12:00;7,5
Stavanger - Våland;SN44640;28.12.2024 13:00;7,7
Stavanger - Våland;SN44640;28.12.2024 14:00;7,4
Stavanger - Våland;SN44640;28.12.2024 15:00;7,4
Stavanger - Våland;SN44640;28.12.2024 16:00;7,4
Stavanger - Våland;SN44640;28.12.2024 17:00;7,4
Stavanger - Våland;SN44640;28.12.2024 18:00;7,5
Stavanger - Våland;SN44640;28.12.2024 19:00;7,5
Stavanger - Våland;SN44640;28.12.2024 20:00;7,6
Stavanger - Våland;SN44640;28.12.2024 21:00;7,9
Stavanger - Våland;SN44640;28.12.2024 22:00;8,1
Stavanger - Våland;SN44640;28.12.2024 23:00;7,9
Stavanger - Våland;SN44640;29.12.2024 00:00;7,6
Stavanger - Våland;SN44640;29.12.2024 01:00;7,3
Stavanger - Våland;SN44640;29.12.2024 02:00;7,1
Stavanger - Våland;SN44640;29.12.2024 03:00;7,3
Stavanger - Våland;SN44640;29.12.2024 04:00;7,4
Stavanger - Våland;SN44640;29.12.2024 05:00;7,4
Stavanger - Våland;SN44640;29.12.2024 06:00;7,5
Stavanger - Våland;SN44640;29.12.2024 07:00;7,7
Stavanger - Våland;SN44640;29.12.2024 08:00;8,3
Stavanger - Våland;SN44640;29.12.2024 09:00;8,4
Stavanger - Våland;SN44640;29.12.2024 10:00;8,1
Stavanger - Våland;SN44640;29.12.2024 11:00;8,2
Stavanger - Våland;SN44640;29.12.2024 12:00;8,1
Stavanger - Våland;SN44640;29.12.2024 13:00;6,6
Stavanger - Våland;SN44640;29.12.2024 14:00;6,4
Stavanger - Våland;SN44640;29.12.2024 15:00;7,1
Stavanger - Våland;SN44640;29.12.2024 16:00;7,1
Stavanger - Våland;SN44640;29.12.2024 17:00;6,1
Stavanger - Våland;SN44640;29.12.2024 18:00;6,5
Stavanger - Våland;SN44640;29.12.2024 19:00;6,3
Stavanger - Våland;SN44640;29.12.2024 20:00;6,1
Stavanger - Våland;SN44640;29.12.2024 21:00;5,3
Stavanger - Våland;SN44640;29.12.2024 22:00;5,1
Stavanger - Våland;SN44640;29.12.2024 23:00;3,9
Stavanger - Våland;SN44640;30.12.2024 00:00;2,8
Stavanger - Våland;SN44640;30.12.2024 01:00;2,6
Stavanger - Våland;SN44640;30.12.2024 02:00;2,1
Stavanger - Våland;SN44640;30.12.2024 03:00;1,9
Stavanger - Våland;SN44640;30.12.2024 04:00;2,1
Stavanger - Våland;SN44640;30.12.2024 05:00;1,9
Stavanger - Våland;SN44640;30.12.2024 06:00;2,1
Stavanger - Våland;SN44640;30.12.2024 07:00;1,7
Stavanger - Våland;SN44640;30.12.2024 08:00;1,9
Stavanger - Våland;SN44640;30.12.2024 09:00;1,9
Stavanger - Våland;SN44640;30.12.2024 10:00;1,9
Stavanger - Våland;SN44640;30.12.2024 11:00;2,3
Stavanger - Våland;SN44640;30.12.2024 12:00;2,9
Stavanger - Våland;SN44640;30.12.2024 13:00;2,9
Stavanger - Våland;SN44640;30.12.2024 14:00;2,8
Stavanger - Våland;SN44640;30.12.2024 15:00;2,7
Stavanger - Våland;SN44640;30.12.2024 16:00;2,6
Stavanger - Våland;SN44640;30.12.2024 17:00;2,4
Stavanger - Våland;SN44640;30.12.2024 18:00;2,1
Stavanger - Våland;SN44640;30.12.2024 19:00;1,8
Stavanger - Våland;SN44640;30.12.2024 20:00;1,3
Stavanger - Våland;SN44640;30.12.2024 21:00;1,1
Stavanger - Våland;SN44640;30.12.2024 22:00;1,5
Stavanger - Våland;SN44640;30.12.2024 23:00;0,9
Stavanger - Våland;SN44640;31.12.2024 00:00;0,5
Stavanger - Våland;SN44640;31.12.2024 01:00;0
Stavanger - Våland;SN44640;31.12.2024 02:00;0,6
Stavanger - Våland;SN44640;31.12.2024 03:00;0,1
Stavanger - Våland;SN44640;31.12.2024 04:00;-0,2
Stavanger - Våland;SN44640;31.12.2024 05:00;0,1
Stavanger - Våland;SN44640;31.12.2024 06:00;0,1
Stavanger - Våland;SN44640;31.12.2024 07:00;0,5
Stavanger - Våland;SN44640;31.12.2024 08:00;0,8
Stavanger - Våland;SN44640;31.12.2024 09:00;1
Stavanger - Våland;SN44640;31.12.2024 10:00;1,1
Stavanger - Våland;SN44640;31.12.2024 11:00;1,1
Stavanger - Våland;SN44640;31.12.2024 12:00;1,7
Stavanger - Våland;SN44640;31.12.2024 13:00;1,4
Stavanger - Våland;SN44640;31.12.2024 14:00;0,3
Stavanger - Våland;SN44640;31.12.2024 15:00;3
Stavanger - Våland;SN44640;31.12.2024 16:00;4,4
Stavanger - Våland;SN44640;31.12.2024 17:00;5,2
Stavanger - Våland;SN44640;31.12.2024 18:00;4,5
Stavanger - Våland;SN44640;31.12.2024 19:00;5,2
Stavanger - Våland;SN44640;31.12.2024 20:00;8
Stavanger - Våland;SN44640;31.12.2024 21:00;8,2
Stavanger - Våland;SN44640;31.12.2024 22:00;8,3
Stavanger - Våland;SN44640;31.12.2024 23:00;8,4
Stavanger - Våland;SN44640;01.01.2025 00:00;8,1
Stavanger - Våland;SN44640;01.01.2025 01:00;8
Stavanger - Våland;SN44640;01.01.2025 02:00;6,7
Stavanger - Våland;SN44640;01.01.2025 03:00;6,5
Stavanger - Våland;SN44640;01.01.2025 04:00;6,1
Stavanger - Våland;SN44640;01.01.2025 05:00;4,4
Stavanger - Våland;SN44640;01.01.2025 06:00;3,6
Stavanger - Våland;SN44640;01.01.2025 07:00;3
Stavanger - Våland;SN44640;01.01.2025 08:00;2,7
Stavanger - Våland;SN44640;01.01.2025 09:00;2,3
Stavanger - Våland;SN44640;01.01.2025 10:00;2,2
Stavanger - Våland;SN44640;01.01.2025 11:00;2,1
Stavanger - Våland;SN44640;01.01.2025 12:00;1,7
Stavanger - Våland;SN44640;01.01.2025 13:00;1,7
Stavanger - Våland;SN44640;01.01.2025 14:00;1,4
Stavanger - Våland;SN44640;01.01.2025 15:00;0,9
Stavanger - Våland;SN44640;01.01.2025 16:00;0,6
Stavanger - Våland;SN44640;01.01.2025 17:00;0,3
Stavanger - Våland;SN44640;01.01.2025 18:00;0,1
Stavanger - Våland;SN44640;01.01.2025 19:00;0
Stavanger - Våland;SN44640;01.01.2025 20:00;-0,7
Stavanger - Våland;SN44640;01.01.2025 21:00;-0,8
Stavanger - Våland;SN44640;01.01.2025 22:00;-1,5
Stavanger - Våland;SN44640;01.01.2025 23:00;-1,7
Stavanger - Våland;SN44640;02.01.2025 00:00;-2
Stavanger - Våland;SN44640;02.01.2025 01:00;-2,4
Stavanger - Våland;SN44640;02.01.2025 02:00;-3,5
Stavanger - Våland;SN44640;02.01.2025 03:00;-3,9
Stavanger - Våland;SN44640;02.01.2025 04:00;-3
Stavanger - Våland;SN44640;02.01.2025 05:00;-2,4
Stavanger - Våland;SN44640;02.01.2025 06:00;-3
Stavanger - Våland;SN44640;02.01.2025 07:00;-3
Stavanger - Våland;SN44640;02.01.2025 08:00;-3,1
Stavanger - Våland;SN44640;02.01.2025 09:00;-2,1
Stavanger - Våland;SN44640;02.01.2025 10:00;-1,3
Stavanger - Våland;SN44640;02.01.2025 11:00;-1,2
Stavanger - Våland;SN44640;02.01.2025 12:00;-1,2
Stavanger - Våland;SN44640;02.01.2025 13:00;-1
Stavanger - Våland;SN44640;02.01.2025 14:00;-1,5
Stavanger - Våland;SN44640;02.01.2025 15:00;-1,7
Stavanger - Våland;SN44640;02.01.2025 16:00;-2
Stavanger - Våland;SN44640;02.01.2025 17:00;-2
Stavanger - Våland;SN44640;02.01.2025 18:00;-1,9
Stavanger - Våland;SN44640;02.01.2025 19:00;-2,4
Stavanger - Våland;SN44640;02.01.2025 20:00;-2,5
Stavanger - Våland;SN44640;02.01.2025 21:00;-3,1
Stavanger - Våland;SN44640;02.01.2025 22:00;-3,1
Stavanger - Våland;SN44640;02.01.2025 23:00;-2,2
Stavanger - Våland;SN44640;03.01.2025 00:00;0,1
Stavanger - Våland;SN44640;03.01.2025 01:00;-1,4
Stavanger - Våland;SN44640;03.01.2025 02:00;-1,8
Stavanger - Våland;SN44640;03.01.2025 03:00;-3,1
Stavanger - Våland;SN44640;03.01.2025 04:00;-3,8
Stavanger - Våland;SN44640;03.01.2025 05:00;-3,7
Stavanger - Våland;SN44640;03.01.2025 06:00;-4,1
Stavanger - Våland;SN44640;03.01.2025 07:00;-4,6
Stavanger - Våland;SN44640;03.01.2025 08:00;-4,1
Stavanger - Våland;SN44640;03.01.2025 09:00;-4,4
Stavanger - Våland;SN44640;03.01.2025 10:00;-3,3
Stavanger - Våland;SN44640;03.01.2025 11:00;-2,7
Stavanger - Våland;SN44640;03.01.2025 12:00;-2
Stavanger - Våland;SN44640;03.01.2025 13:00;-1,8
Stavanger - Våland;SN44640;03.01.2025 14:00;-2,8
Stavanger - Våland;SN44640;03.01.2025 15:00;-1,8
Stavanger - Våland;SN44640;03.01.2025 16:00;-2,8
Stavanger - Våland;SN44640;03.01.2025 17:00;-3,4
Stavanger - Våland;SN44640;03.01.2025 18:00;-4,5
Stavanger - Våland;SN44640;03.01.2025 19:00;-3,4
Stavanger - Våland;SN44640;03.01.2025 20:00;-4,3
Stavanger - Våland;SN44640;03.01.2025 21:00;-3,8
Stavanger - Våland;SN44640;03.01.2025 22:00;-4,1
Stavanger - Våland;SN44640;03.01.2025 23:00;-3,7
Stavanger - Våland;SN44640;04.01.2025 00:00;-2,9
Stavanger - Våland;SN44640;04.01.2025 01:00;-3,2
Stavanger - Våland;SN44640;04.01.2025 02:00;-3,5
Stavanger - Våland;SN44640;04.01.2025 03:00;-3,2
Stavanger - Våland;SN44640;04.01.2025 04:00;-2,8
Stavanger - Våland;SN44640;04.01.2025 05:00;-2,5
Stavanger - Våland;SN44640;04.01.2025 06:00;-2
Stavanger - Våland;SN44640;04.01.2025 07:00;-2
Stavanger - Våland;SN44640;04.01.2025 08:00;-2,4
Stavanger - Våland;SN44640;04.01.2025 09:00;-2
Stavanger - Våland;SN44640;04.01.2025 10:00;-1,9
Stavanger - Våland;SN44640;04.01.2025 11:00;-1,3
Stavanger - Våland;SN44640;04.01.2025 12:00;-0,7
Stavanger - Våland;SN44640;04.01.2025 13:00;-0,7
Stavanger - Våland;SN44640;04.01.2025 14:00;-0,5
Stavanger - Våland;SN44640;04.01.2025 15:00;-0,6
Stavanger - Våland;SN44640;04.01.2025 16:00;-1,1
Stavanger - Våland;SN44640;04.01.2025 17:00;-0,7
Stavanger - Våland;SN44640;04.01.2025 18:00;-0,9
Stavanger - Våland;SN44640;04.01.2025 19:00;-1,5
Stavanger - Våland;SN44640;04.01.2025 20:00;-1
Stavanger - Våland;SN44640;04.01.2025 21:00;-0,7
Stavanger - Våland;SN44640;04.01.2025 22:00;-0,9
Stavanger - Våland;SN44640;04.01.2025 23:00;-0,9
Stavanger - Våland;SN44640;05.01.2025 00:00;-0,9
Stavanger - Våland;SN44640;05.01.2025 01:00;-0,8
Stavanger - Våland;SN44640;05.01.2025 02:00;-0,6
Stavanger - Våland;SN44640;05.01.2025 03:00;-0,3
Stavanger - Våland;SN44640;05.01.2025 04:00;0,2
Stavanger - Våland;SN44640;05.01.2025 05:00;0,6
Stavanger - Våland;SN44640;05.01.2025 06:00;1
Stavanger - Våland;SN44640;05.01.2025 07:00;1,3
Stavanger - Våland;SN44640;05.01.2025 08:00;1,4
Stavanger - Våland;SN44640;05.01.2025 09:00;1,6
Stavanger - Våland;SN44640;05.01.2025 10:00;1,7
Stavanger - Våland;SN44640;05.01.2025 11:00;2
Stavanger - Våland;SN44640;05.01.2025 12:00;2,3
Stavanger - Våland;SN44640;05.01.2025 13:00;2,2
Stavanger - Våland;SN44640;05.01.2025 14:00;2,5
Stavanger - Våland;SN44640;05.01.2025 15:00;2,5
Stavanger - Våland;SN44640;05.01.2025 16:00;2,5
Stavanger - Våland;SN44640;05.01.2025 17:00;2,2
Stavanger - Våland;SN44640;05.01.2025 18:00;2
Stavanger - Våland;SN44640;05.01.2025 19:00;2,3
Stavanger - Våland;SN44640;05.01.2025 20:00;2,3
Stavanger - Våland;SN44640;05.01.2025 21:00;2,3
Stavanger - Våland;SN44640;05.01.2025 22:00;2
Stavanger - Våland;SN44640;05.01.2025 23:00;2,4
Stavanger - Våland;SN44640;06.01.2025 00:00;2,4
Stavanger - Våland;SN44640;06.01.2025 01:00;2,4
Stavanger - Våland;SN44640;06.01.2025 02:00;2,4
Stavanger - Våland;SN44640;06.01.2025 03:00;2,6
Stavanger - Våland;SN44640;06.01.2025 04:00;2,5
Stavanger - Våland;SN44640;06.01.2025 05:00;2,2
Stavanger - Våland;SN44640;06.01.2025 06:00;2,2
Stavanger - Våland;SN44640;06.01.2025 07:00;2,1
Stavanger - Våland;SN44640;06.01.2025 08:00;1,9
Stavanger - Våland;SN44640;06.01.2025 09:00;2
Stavanger - Våland;SN44640;06.01.2025 10:00;1,5
Stavanger - Våland;SN44640;06.01.2025 11:00;0,5
Stavanger - Våland;SN44640;06.01.2025 12:00;0,7
Stavanger - Våland;SN44640;06.01.2025 13:00;1,2
Stavanger - Våland;SN44640;06.01.2025 14:00;-0,2
Stavanger - Våland;SN44640;06.01.2025 15:00;-0,4
Stavanger - Våland;SN44640;06.01.2025 16:00;-0,7
Stavanger - Våland;SN44640;06.01.2025 17:00;-0,1
Stavanger - Våland;SN44640;06.01.2025 18:00;0,6
Stavanger - Våland;SN44640;06.01.2025 19:00;2
Stavanger - Våland;SN44640;06.01.2025 20:00;3
Stavanger - Våland;SN44640;06.01.2025 21:00;3,2
Stavanger - Våland;SN44640;06.01.2025 22:00;3,2
Stavanger - Våland;SN44640;06.01.2025 23:00;3,8
Stavanger - Våland;SN44640;07.01.2025 00:00;3,5
Stavanger - Våland;SN44640;07.01.2025 01:00;3,3
Stavanger - Våland;SN44640;07.01.2025 02:00;3,2
Stavanger - Våland;SN44640;07.01.2025 03:00;3,1
Stavanger - Våland;SN44640;07.01.2025 04:00;3,1
Stavanger - Våland;SN44640;07.01.2025 05:00;3,5
Stavanger - Våland;SN44640;07.01.2025 06:00;3,5
Stavanger - Våland;SN44640;07.01.2025 07:00;2,8
Stavanger - Våland;SN44640;07.01.2025 08:00;3,8
Stavanger - Våland;SN44640;07.01.2025 09:00;2,8
Stavanger - Våland;SN44640;07.01.2025 10:00;2,7
Stavanger - Våland;SN44640;07.01.2025 11:00;2,5
Stavanger - Våland;SN44640;07.01.2025 12:00;1,9
Stavanger - Våland;SN44640;07.01.2025 13:00;1,9
Stavanger - Våland;SN44640;07.01.2025 14:00;2
Stavanger - Våland;SN44640;07.01.2025 15:00;2,2
Stavanger - Våland;SN44640;07.01.2025 16:00;2
Stavanger - Våland;SN44640;07.01.2025 17:00;1,6
Stavanger - Våland;SN44640;07.01.2025 18:00;1,1
Stavanger - Våland;SN44640;07.01.2025 19:00;0,7
Stavanger - Våland;SN44640;07.01.2025 20:00;0,5
Stavanger - Våland;SN44640;07.01.2025 21:00;0,5
Stavanger - Våland;SN44640;07.01.2025 22:00;0,2
Stavanger - Våland;SN44640;07.01.2025 23:00;0,3
Stavanger - Våland;SN44640;08.01.2025 00:00;0,6
Stavanger - Våland;SN44640;08.01.2025 01:00;0,9
Stavanger - Våland;SN44640;08.01.2025 02:00;0
Stavanger - Våland;SN44640;08.01.2025 03:00;0,1
Stavanger - Våland;SN44640;08.01.2025 04:00;-0,1
Stavanger - Våland;SN44640;08.01.2025 05:00;-0,2
Stavanger - Våland;SN44640;08.01.2025 06:00;-1
Stavanger - Våland;SN44640;08.01.2025 07:00;-0,7
Stavanger - Våland;SN44640;08.01.2025 08:00;-0,4
Stavanger - Våland;SN44640;08.01.2025 09:00;-0,2
Stavanger - Våland;SN44640;08.01.2025 10:00;0,1
Stavanger - Våland;SN44640;08.01.2025 11:00;1,1
Stavanger - Våland;SN44640;08.01.2025 12:00;1,5
Stavanger - Våland;SN44640;08.01.2025 13:00;1,5
Stavanger - Våland;SN44640;08.01.2025 14:00;1,3
Stavanger - Våland;SN44640;08.01.2025 15:00;1,2
Stavanger - Våland;SN44640;08.01.2025 16:00;1
Stavanger - Våland;SN44640;08.01.2025 17:00;0,9
Stavanger - Våland;SN44640;08.01.2025 18:00;0,7
Stavanger - Våland;SN44640;08.01.2025 19:00;0,6
Stavanger - Våland;SN44640;08.01.2025 20:00;0,6
Stavanger - Våland;SN44640;08.01.2025 21:00;0,4
Stavanger - Våland;SN44640;08.01.2025 22:00;0,3
Stavanger - Våland;SN44640;08.01.2025 23:00;0,2
Stavanger - Våland;SN44640;09.01.2025 00:00;-0,5
Stavanger - Våland;SN44640;09.01.2025 01:00;-0,4
Stavanger - Våland;SN44640;09.01.2025 02:00;-0,3
Stavanger - Våland;SN44640;09.01.2025 03:00;0,2
Stavanger - Våland;SN44640;09.01.2025 04:00;0,2
Stavanger - Våland;SN44640;09.01.2025 05:00;0,2
Stavanger - Våland;SN44640;09.01.2025 06:00;0,1
Stavanger - Våland;SN44640;09.01.2025 07:00;-0,8
Stavanger - Våland;SN44640;09.01.2025 08:00;-0,5
Stavanger - Våland;SN44640;09.01.2025 09:00;0,1
Stavanger - Våland;SN44640;09.01.2025 10:00;0,2
Stavanger - Våland;SN44640;09.01.2025 11:00;0,4
Stavanger - Våland;SN44640;09.01.2025 12:00;0,2
Stavanger - Våland;SN44640;09.01.2025 13:00;0,9
Stavanger - Våland;SN44640;09.01.2025 14:00;1,1
Stavanger - Våland;SN44640;09.01.2025 15:00;1,2
Stavanger - Våland;SN44640;09.01.2025 16:00;0,9
Stavanger - Våland;SN44640;09.01.2025 17:00;0,9
Stavanger - Våland;SN44640;09.01.2025 18:00;0,4
Stavanger - Våland;SN44640;09.01.2025 19:00;0,5
Stavanger - Våland;SN44640;09.01.2025 20:00;0,5
Stavanger - Våland;SN44640;09.01.2025 21:00;1,1
Stavanger - Våland;SN44640;09.01.2025 22:00;0,6
Stavanger - Våland;SN44640;09.01.2025 23:00;0,3
Stavanger - Våland;SN44640;10.01.2025 00:00;0
Stavanger - Våland;SN44640;10.01.2025 01:00;-0,2
Stavanger - Våland;SN44640;10.01.2025 02:00;-0,7
Stavanger - Våland;SN44640;10.01.2025 03:00;-0,7
Stavanger - Våland;SN44640;10.01.2025 04:00;-1,1
Stavanger - Våland;SN44640;10.01.2025 05:00;-1,6
Stavanger - Våland;SN44640;10.01.2025 06:00;-0,9
Stavanger - Våland;SN44640;10.01.2025 07:00;-1,3
Stavanger - Våland;SN44640;10.01.2025 08:00;-1,7
Stavanger - Våland;SN44640;10.01.2025 09:00;-2,4
Stavanger - Våland;SN44640;10.01.2025 10:00;-1,6
Stavanger - Våland;SN44640;10.01.2025 11:00;-1,3
Stavanger - Våland;SN44640;10.01.2025 12:00;-0,5
Stavanger - Våland;SN44640;10.01.2025 13:00;0,4
Stavanger - Våland;SN44640;10.01.2025 14:00;0,2
Stavanger - Våland;SN44640;10.01.2025 15:00;0
Stavanger - Våland;SN44640;10.01.2025 16:00;-0,8
Stavanger - Våland;SN44640;10.01.2025 17:00;-1,4
Stavanger - Våland;SN44640;10.01.2025 18:00;-1,3
Stavanger - Våland;SN44640;10.01.2025 19:00;-1,4
Stavanger - Våland;SN44640;10.01.2025 20:00;-2,3
Stavanger - Våland;SN44640;10.01.2025 21:00;-2,9
Stavanger - Våland;SN44640;10.01.2025 22:00;-2,3
Stavanger - Våland;SN44640;10.01.2025 23:00;-2,8
Stavanger - Våland;SN44640;11.01.2025 00:00;-2,7
Stavanger - Våland;SN44640;11.01.2025 01:00;-2,6
Stavanger - Våland;SN44640;11.01.2025 02:00;-2,5
Stavanger - Våland;SN44640;11.01.2025 03:00;-3,7
Stavanger - Våland;SN44640;11.01.2025 04:00;-3,6
Stavanger - Våland;SN44640;11.01.2025 05:00;-3,6
Stavanger - Våland;SN44640;11.01.2025 06:00;-3,8
Stavanger - Våland;SN44640;11.01.2025 07:00;-3,7
Stavanger - Våland;SN44640;11.01.2025 08:00;-3,9
Stavanger - Våland;SN44640;11.01.2025 09:00;-4,1
Stavanger - Våland;SN44640;11.01.2025 10:00;-3,3
Stavanger - Våland;SN44640;11.01.2025 11:00;-3,2
Stavanger - Våland;SN44640;11.01.2025 12:00;-2,6
Stavanger - Våland;SN44640;11.01.2025 13:00;-1,3
Stavanger - Våland;SN44640;11.01.2025 14:00;-1,6
Stavanger - Våland;SN44640;11.01.2025 15:00;-1,9
Stavanger - Våland;SN44640;11.01.2025 16:00;-2
Stavanger - Våland;SN44640;11.01.2025 17:00;-2,9
Stavanger - Våland;SN44640;11.01.2025 18:00;-1,9
Stavanger - Våland;SN44640;11.01.2025 19:00;-2,6
Stavanger - Våland;SN44640;11.01.2025 20:00;-3,3
Stavanger - Våland;SN44640;11.01.2025 21:00;-4
Stavanger - Våland;SN44640;11.01.2025 22:00;-4
Stavanger - Våland;SN44640;11.01.2025 23:00;-3,7
Stavanger - Våland;SN44640;12.01.2025 00:00;-3,1
Stavanger - Våland;SN44640;12.01.2025 01:00;-4
Stavanger - Våland;SN44640;12.01.2025 02:00;-4,2
Stavanger - Våland;SN44640;12.01.2025 03:00;-3,7
Stavanger - Våland;SN44640;12.01.2025 04:00;-3,9
Stavanger - Våland;SN44640;12.01.2025 05:00;-3,8
Stavanger - Våland;SN44640;12.01.2025 06:00;-3,6
Stavanger - Våland;SN44640;12.01.2025 07:00;-4
Stavanger - Våland;SN44640;12.01.2025 08:00;-3,2
Stavanger - Våland;SN44640;12.01.2025 09:00;-2,5
Stavanger - Våland;SN44640;12.01.2025 10:00;-1,8
Stavanger - Våland;SN44640;12.01.2025 11:00;-1,5
Stavanger - Våland;SN44640;12.01.2025 12:00;-0,8
Stavanger - Våland;SN44640;12.01.2025 13:00;-0,3
Stavanger - Våland;SN44640;12.01.2025 14:00;0
Stavanger - Våland;SN44640;12.01.2025 15:00;0
Stavanger - Våland;SN44640;12.01.2025 16:00;-0,9
Stavanger - Våland;SN44640;12.01.2025 17:00;-1,1
Stavanger - Våland;SN44640;12.01.2025 18:00;-0,1
Stavanger - Våland;SN44640;12.01.2025 19:00;-0,5
Stavanger - Våland;SN44640;12.01.2025 20:00;0,6
Stavanger - Våland;SN44640;12.01.2025 21:00;1,3
Stavanger - Våland;SN44640;12.01.2025 22:00;1,9
Stavanger - Våland;SN44640;12.01.2025 23:00;1,6
Stavanger - Våland;SN44640;13.01.2025 00:00;1,9
Stavanger - Våland;SN44640;13.01.2025 01:00;2,3
Stavanger - Våland;SN44640;13.01.2025 02:00;2,7
Stavanger - Våland;SN44640;13.01.2025 03:00;3,3
Stavanger - Våland;SN44640;13.01.2025 04:00;3,7
Stavanger - Våland;SN44640;13.01.2025 05:00;4,3
Stavanger - Våland;SN44640;13.01.2025 06:00;4,4
Stavanger - Våland;SN44640;13.01.2025 07:00;4,5
Stavanger - Våland;SN44640;13.01.2025 08:00;4,3
Stavanger - Våland;SN44640;13.01.2025 09:00;4,6
Stavanger - Våland;SN44640;13.01.2025 10:00;4,7
Stavanger - Våland;SN44640;13.01.2025 11:00;4,9
Stavanger - Våland;SN44640;13.01.2025 12:00;5
Stavanger - Våland;SN44640;13.01.2025 13:00;5,3
Stavanger - Våland;SN44640;13.01.2025 14:00;5,4
Stavanger - Våland;SN44640;13.01.2025 15:00;5,6
Stavanger - Våland;SN44640;13.01.2025 16:00;5,8
Stavanger - Våland;SN44640;13.01.2025 17:00;6
Stavanger - Våland;SN44640;13.01.2025 18:00;5,9
Stavanger - Våland;SN44640;13.01.2025 19:00;6,1
Stavanger - Våland;SN44640;13.01.2025 20:00;6,1
Stavanger - Våland;SN44640;13.01.2025 21:00;6,3
Stavanger - Våland;SN44640;13.01.2025 22:00;6,5
Stavanger - Våland;SN44640;13.01.2025 23:00;6,8
Stavanger - Våland;SN44640;14.01.2025 00:00;6,9
Stavanger - Våland;SN44640;14.01.2025 01:00;6,9
Stavanger - Våland;SN44640;14.01.2025 02:00;7,2
Stavanger - Våland;SN44640;14.01.2025 03:00;7,4
Stavanger - Våland;SN44640;14.01.2025 04:00;7,6
Stavanger - Våland;SN44640;14.01.2025 05:00;7,6
Stavanger - Våland;SN44640;14.01.2025 06:00;7,6
Stavanger - Våland;SN44640;14.01.2025 07:00;7,5
Stavanger - Våland;SN44640;14.01.2025 08:00;7,3
Stavanger - Våland;SN44640;14.01.2025 09:00;6,8
Stavanger - Våland;SN44640;14.01.2025 10:00;7,2
Stavanger - Våland;SN44640;14.01.2025 11:00;7,3
Stavanger - Våland;SN44640;14.01.2025 12:00;7,4
Stavanger - Våland;SN44640;14.01.2025 13:00;7,6
Stavanger - Våland;SN44640;14.01.2025 14:00;7,5
Stavanger - Våland;SN44640;14.01.2025 15:00;7,5
Stavanger - Våland;SN44640;14.01.2025 16:00;7,4
Stavanger - Våland;SN44640;14.01.2025 17:00;7,3
Stavanger - Våland;SN44640;14.01.2025 18:00;7,3
Stavanger - Våland;SN44640;14.01.2025 19:00;7,3
Stavanger - Våland;SN44640;14.01.2025 20:00;7,2
Stavanger - Våland;SN44640;14.01.2025 21:00;6,9
Stavanger - Våland;SN44640;14.01.2025 22:00;6,6
Stavanger - Våland;SN44640;14.01.2025 23:00;6,6
Stavanger - Våland;SN44640;15.01.2025 00:00;6,5
Stavanger - Våland;SN44640;15.01.2025 01:00;6,4
Stavanger - Våland;SN44640;15.01.2025 02:00;6,5
Stavanger - Våland;SN44640;15.01.2025 03:00;6,4
Stavanger - Våland;SN44640;15.01.2025 04:00;6,4
Stavanger - Våland;SN44640;15.01.2025 05:00;6,6
Stavanger - Våland;SN44640;15.01.2025 06:00;6,5
Stavanger - Våland;SN44640;15.01.2025 07:00;6,7
Stavanger - Våland;SN44640;15.01.2025 08:00;6,9
Stavanger - Våland;SN44640;15.01.2025 09:00;7,3
Stavanger - Våland;SN44640;15.01.2025 10:00;7,6
Stavanger - Våland;SN44640;15.01.2025 11:00;8,1
Stavanger - Våland;SN44640;15.01.2025 12:00;8,2
Stavanger - Våland;SN44640;15.01.2025 13:00;7,9
Stavanger - Våland;SN44640;15.01.2025 14:00;7,8
Stavanger - Våland;SN44640;15.01.2025 15:00;7,8
Stavanger - Våland;SN44640;15.01.2025 16:00;7,6
Stavanger - Våland;SN44640;15.01.2025 17:00;7,4
Stavanger - Våland;SN44640;15.01.2025 18:00;7,2
Stavanger - Våland;SN44640;15.01.2025 19:00;7,2
Stavanger - Våland;SN44640;15.01.2025 20:00;7,4
Stavanger - Våland;SN44640;15.01.2025 21:00;7,6
Stavanger - Våland;SN44640;15.01.2025 22:00;7,4
Stavanger - Våland;SN44640;15.01.2025 23:00;7,4
Stavanger - Våland;SN44640;16.01.2025 00:00;7,4
Stavanger - Våland;SN44640;16.01.2025 01:00;7,3
Stavanger - Våland;SN44640;16.01.2025 02:00;7,1
Stavanger - Våland;SN44640;16.01.2025 03:00;7,2
Stavanger - Våland;SN44640;16.01.2025 04:00;7,1
Stavanger - Våland;SN44640;16.01.2025 05:00;7,1
Stavanger - Våland;SN44640;16.01.2025 06:00;6,6
Stavanger - Våland;SN44640;16.01.2025 07:00;5,8
Stavanger - Våland;SN44640;16.01.2025 08:00;5,8
Stavanger - Våland;SN44640;16.01.2025 09:00;6
Stavanger - Våland;SN44640;16.01.2025 10:00;6,2
Stavanger - Våland;SN44640;16.01.2025 11:00;7
Stavanger - Våland;SN44640;16.01.2025 12:00;7
Stavanger - Våland;SN44640;16.01.2025 13:00;7,3
Stavanger - Våland;SN44640;16.01.2025 14:00;7,1
Stavanger - Våland;SN44640;16.01.2025 15:00;7,3
Stavanger - Våland;SN44640;16.01.2025 16:00;7,4
Stavanger - Våland;SN44640;16.01.2025 17:00;6,9
Stavanger - Våland;SN44640;16.01.2025 18:00;6,2
Stavanger - Våland;SN44640;16.01.2025 19:00;6,3
Stavanger - Våland;SN44640;16.01.2025 20:00;6,8
Stavanger - Våland;SN44640;16.01.2025 21:00;6,9
Stavanger - Våland;SN44640;16.01.2025 22:00;7,2
Stavanger - Våland;SN44640;16.01.2025 23:00;7
Stavanger - Våland;SN44640;17.01.2025 00:00;6,6
Stavanger - Våland;SN44640;17.01.2025 01:00;6,9
Stavanger - Våland;SN44640;17.01.2025 02:00;7
Stavanger - Våland;SN44640;17.01.2025 03:00;7,6
Stavanger - Våland;SN44640;17.01.2025 04:00;6,9
Stavanger - Våland;SN44640;17.01.2025 05:00;7,4
Stavanger - Våland;SN44640;17.01.2025 06:00;7,1
Stavanger - Våland;SN44640;17.01.2025 07:00;7
Stavanger - Våland;SN44640;17.01.2025 08:00;7,6
Stavanger - Våland;SN44640;17.01.2025 09:00;7,5
Stavanger - Våland;SN44640;17.01.2025 10:00;7,3
Stavanger - Våland;SN44640;17.01.2025 11:00;7,9
Stavanger - Våland;SN44640;17.01.2025 12:00;8,2
Stavanger - Våland;SN44640;17.01.2025 13:00;7,3
Stavanger - Våland;SN44640;17.01.2025 14:00;7,5
Stavanger - Våland;SN44640;17.01.2025 15:00;7,7
Stavanger - Våland;SN44640;17.01.2025 16:00;7,7
Stavanger - Våland;SN44640;17.01.2025 17:00;7,7
Stavanger - Våland;SN44640;17.01.2025 18:00;7,6
Stavanger - Våland;SN44640;17.01.2025 19:00;7,5
Stavanger - Våland;SN44640;17.01.2025 20:00;7,4
Stavanger - Våland;SN44640;17.01.2025 21:00;7,3
Stavanger - Våland;SN44640;17.01.2025 22:00;7,1
Stavanger - Våland;SN44640;17.01.2025 23:00;7,2
Stavanger - Våland;SN44640;18.01.2025 00:00;7,2
Stavanger - Våland;SN44640;18.01.2025 01:00;7
Stavanger - Våland;SN44640;18.01.2025 02:00;6,7
Stavanger - Våland;SN44640;18.01.2025 03:00;6,2
Stavanger - Våland;SN44640;18.01.2025 04:00;5,6
Stavanger - Våland;SN44640;18.01.2025 05:00;6
Stavanger - Våland;SN44640;18.01.2025 06:00;6,5
Stavanger - Våland;SN44640;18.01.2025 07:00;7
Stavanger - Våland;SN44640;18.01.2025 08:00;7,4
Stavanger - Våland;SN44640;18.01.2025 09:00;7,7
Stavanger - Våland;SN44640;18.01.2025 10:00;7,5
Stavanger - Våland;SN44640;18.01.2025 11:00;7,6
Stavanger - Våland;SN44640;18.01.2025 12:00;7,2
Stavanger - Våland;SN44640;18.01.2025 13:00;6,2
Stavanger - Våland;SN44640;18.01.2025 14:00;6
Stavanger - Våland;SN44640;18.01.2025 15:00;6
Stavanger - Våland;SN44640;18.01.2025 16:00;5,7
Stavanger - Våland;SN44640;18.01.2025 17:00;5,6
Stavanger - Våland;SN44640;18.01.2025 18:00;5,5
Stavanger - Våland;SN44640;18.01.2025 19:00;5,5
Stavanger - Våland;SN44640;18.01.2025 20:00;5,6
Stavanger - Våland;SN44640;18.01.2025 21:00;5,6
Stavanger - Våland;SN44640;18.01.2025 22:00;5,4
Stavanger - Våland;SN44640;18.01.2025 23:00;4,9
Stavanger - Våland;SN44640;19.01.2025 00:00;4,7
Stavanger - Våland;SN44640;19.01.2025 01:00;4,5
Stavanger - Våland;SN44640;19.01.2025 02:00;4,6
Stavanger - Våland;SN44640;19.01.2025 03:00;4,7
Stavanger - Våland;SN44640;19.01.2025 04:00;4,7
Stavanger - Våland;SN44640;19.01.2025 05:00;4,8
Stavanger - Våland;SN44640;19.01.2025 06:00;4,7
Stavanger - Våland;SN44640;19.01.2025 07:00;4,7
Stavanger - Våland;SN44640;19.01.2025 08:00;4,7
Stavanger - Våland;SN44640;19.01.2025 09:00;4,6
Stavanger - Våland;SN44640;19.01.2025 10:00;4,6
Stavanger - Våland;SN44640;19.01.2025 11:00;4,7
Stavanger - Våland;SN44640;19.01.2025 12:00;4,8
Stavanger - Våland;SN44640;19.01.2025 13:00;4
Stavanger - Våland;SN44640;19.01.2025 14:00;4,4
Stavanger - Våland;SN44640;19.01.2025 15:00;4,3
Stavanger - Våland;SN44640;19.01.2025 16:00;3,7
Stavanger - Våland;SN44640;19.01.2025 17:00;2,7
Stavanger - Våland;SN44640;19.01.2025 18:00;2
Stavanger - Våland;SN44640;19.01.2025 19:00;2,1
Stavanger - Våland;SN44640;19.01.2025 20:00;1,5
Stavanger - Våland;SN44640;19.01.2025 21:00;1,1
Stavanger - Våland;SN44640;19.01.2025 22:00;1
Stavanger - Våland;SN44640;19.01.2025 23:00;1,1
Stavanger - Våland;SN44640;20.01.2025 00:00;0,9
Stavanger - Våland;SN44640;20.01.2025 01:00;0,4
Stavanger - Våland;SN44640;20.01.2025 02:00;0,3
Stavanger - Våland;SN44640;20.01.2025 03:00;0,4
Stavanger - Våland;SN44640;20.01.2025 04:00;0,9
Stavanger - Våland;SN44640;20.01.2025 05:00;1,2
Stavanger - Våland;SN44640;20.01.2025 06:00;1,4
Stavanger - Våland;SN44640;20.01.2025 07:00;1,1
Stavanger - Våland;SN44640;20.01.2025 08:00;0,7
Stavanger - Våland;SN44640;20.01.2025 09:00;1
Stavanger - Våland;SN44640;20.01.2025 10:00;0,7
Stavanger - Våland;SN44640;20.01.2025 11:00;1,3
Stavanger - Våland;SN44640;20.01.2025 12:00;2,1
Stavanger - Våland;SN44640;20.01.2025 13:00;2,5
Stavanger - Våland;SN44640;20.01.2025 14:00;2,5
Stavanger - Våland;SN44640;20.01.2025 15:00;2,5
Stavanger - Våland;SN44640;20.01.2025 16:00;2
Stavanger - Våland;SN44640;20.01.2025 17:00;1,6
Stavanger - Våland;SN44640;20.01.2025 18:00;2,2
Stavanger - Våland;SN44640;20.01.2025 19:00;2,3
Stavanger - Våland;SN44640;20.01.2025 20:00;2,6
Stavanger - Våland;SN44640;20.01.2025 21:00;2,7
Stavanger - Våland;SN44640;20.01.2025 22:00;2,8
Stavanger - Våland;SN44640;20.01.2025 23:00;2,8
Stavanger - Våland;SN44640;21.01.2025 00:00;2,9
Stavanger - Våland;SN44640;21.01.2025 01:00;2,7
Stavanger - Våland;SN44640;21.01.2025 02:00;2,7
Stavanger - Våland;SN44640;21.01.2025 03:00;2,7
Stavanger - Våland;SN44640;21.01.2025 04:00;2,7
Stavanger - Våland;SN44640;21.01.2025 05:00;2,9
Stavanger - Våland;SN44640;21.01.2025 06:00;3,1
Stavanger - Våland;SN44640;21.01.2025 07:00;3,1
Stavanger - Våland;SN44640;21.01.2025 08:00;2,9
Stavanger - Våland;SN44640;21.01.2025 09:00;2,7
Stavanger - Våland;SN44640;21.01.2025 10:00;2,6
Stavanger - Våland;SN44640;21.01.2025 11:00;2,9
Stavanger - Våland;SN44640;21.01.2025 12:00;3,2
Stavanger - Våland;SN44640;21.01.2025 13:00;3,5
Stavanger - Våland;SN44640;21.01.2025 14:00;3,7
Stavanger - Våland;SN44640;21.01.2025 15:00;3,9
Stavanger - Våland;SN44640;21.01.2025 16:00;3,9
Stavanger - Våland;SN44640;21.01.2025 17:00;3,2
Stavanger - Våland;SN44640;21.01.2025 18:00;2,7
Stavanger - Våland;SN44640;21.01.2025 19:00;2,3
Stavanger - Våland;SN44640;21.01.2025 20:00;2,4
Stavanger - Våland;SN44640;21.01.2025 21:00;2,4
Stavanger - Våland;SN44640;21.01.2025 22:00;2,2
Stavanger - Våland;SN44640;21.01.2025 23:00;2,3
Stavanger - Våland;SN44640;22.01.2025 00:00;2,5
Stavanger - Våland;SN44640;22.01.2025 01:00;2,5
Stavanger - Våland;SN44640;22.01.2025 02:00;2,5
Stavanger - Våland;SN44640;22.01.2025 03:00;2,6
Stavanger - Våland;SN44640;22.01.2025 04:00;2,7
Stavanger - Våland;SN44640;22.01.2025 05:00;2,8
Stavanger - Våland;SN44640;22.01.2025 06:00;2,7
Stavanger - Våland;SN44640;22.01.2025 07:00;2,5
Stavanger - Våland;SN44640;22.01.2025 08:00;2,2
Stavanger - Våland;SN44640;22.01.2025 09:00;1,7
Stavanger - Våland;SN44640;22.01.2025 10:00;2
Stavanger - Våland;SN44640;22.01.2025 11:00;2,2
Stavanger - Våland;SN44640;22.01.2025 12:00;3
Stavanger - Våland;SN44640;22.01.2025 13:00;3,8
Stavanger - Våland;SN44640;22.01.2025 14:00;3,8
Stavanger - Våland;SN44640;22.01.2025 15:00;3,6
Stavanger - Våland;SN44640;22.01.2025 16:00;3,7
Stavanger - Våland;SN44640;22.01.2025 17:00;3,7
Stavanger - Våland;SN44640;22.01.2025 18:00;3,4
Stavanger - Våland;SN44640;22.01.2025 19:00;3,4
Stavanger - Våland;SN44640;22.01.2025 20:00;3,4
Stavanger - Våland;SN44640;22.01.2025 21:00;3,2
Stavanger - Våland;SN44640;22.01.2025 22:00;3,2
Stavanger - Våland;SN44640;22.01.2025 23:00;3,4
Stavanger - Våland;SN44640;23.01.2025 00:00;3
Stavanger - Våland;SN44640;23.01.2025 01:00;3
Stavanger - Våland;SN44640;23.01.2025 02:00;3,1
Stavanger - Våland;SN44640;23.01.2025 03:00;3,1
Stavanger - Våland;SN44640;23.01.2025 04:00;3,5
Stavanger - Våland;SN44640;23.01.2025 05:00;3,6
Stavanger - Våland;SN44640;23.01.2025 06:00;3,6
Stavanger - Våland;SN44640;23.01.2025 07:00;3,1
Stavanger - Våland;SN44640;23.01.2025 08:00;2,4
Stavanger - Våland;SN44640;23.01.2025 09:00;2,3
Stavanger - Våland;SN44640;23.01.2025 10:00;2,5
Stavanger - Våland;SN44640;23.01.2025 11:00;1,7
Stavanger - Våland;SN44640;23.01.2025 12:00;2
Stavanger - Våland;SN44640;23.01.2025 13:00;2,2
Stavanger - Våland;SN44640;23.01.2025 14:00;2,4
Stavanger - Våland;SN44640;23.01.2025 15:00;2,3
Stavanger - Våland;SN44640;23.01.2025 16:00;2,3
Stavanger - Våland;SN44640;23.01.2025 17:00;1,9
Stavanger - Våland;SN44640;23.01.2025 18:00;1,7
Stavanger - Våland;SN44640;23.01.2025 19:00;1,5
Stavanger - Våland;SN44640;23.01.2025 20:00;1,6
Stavanger - Våland;SN44640;23.01.2025 21:00;1,8
Stavanger - Våland;SN44640;23.01.2025 22:00;2,1
Stavanger - Våland;SN44640;23.01.2025 23:00;2,3
Stavanger - Våland;SN44640;24.01.2025 00:00;2,5
Stavanger - Våland;SN44640;24.01.2025 01:00;1,8
Stavanger - Våland;SN44640;24.01.2025 02:00;1,7
Stavanger - Våland;SN44640;24.01.2025 03:00;2
Stavanger - Våland;SN44640;24.01.2025 04:00;2,9
Stavanger - Våland;SN44640;24.01.2025 05:00;2,9
Stavanger - Våland;SN44640;24.01.2025 06:00;2,5
Stavanger - Våland;SN44640;24.01.2025 07:00;4
Stavanger - Våland;SN44640;24.01.2025 08:00;4,4
Stavanger - Våland;SN44640;24.01.2025 09:00;5,1
Stavanger - Våland;SN44640;24.01.2025 10:00;5,5
Stavanger - Våland;SN44640;24.01.2025 11:00;4,9
Stavanger - Våland;SN44640;24.01.2025 12:00;5,6
Stavanger - Våland;SN44640;24.01.2025 13:00;4,3
Stavanger - Våland;SN44640;24.01.2025 14:00;4,9
Stavanger - Våland;SN44640;24.01.2025 15:00;5,5
Stavanger - Våland;SN44640;24.01.2025 16:00;6,6
Stavanger - Våland;SN44640;24.01.2025 17:00;7
Stavanger - Våland;SN44640;24.01.2025 18:00;6
Stavanger - Våland;SN44640;24.01.2025 19:00;5,9
Stavanger - Våland;SN44640;24.01.2025 20:00;5,5
Stavanger - Våland;SN44640;24.01.2025 21:00;5,5
Stavanger - Våland;SN44640;24.01.2025 22:00;6,7
Stavanger - Våland;SN44640;24.01.2025 23:00;6,8
Stavanger - Våland;SN44640;25.01.2025 00:00;6,5
Stavanger - Våland;SN44640;25.01.2025 01:00;6,7
Stavanger - Våland;SN44640;25.01.2025 02:00;6,5
Stavanger - Våland;SN44640;25.01.2025 03:00;6,5
Stavanger - Våland;SN44640;25.01.2025 04:00;6,4
Stavanger - Våland;SN44640;25.01.2025 05:00;6,3
Stavanger - Våland;SN44640;25.01.2025 06:00;6,4
Stavanger - Våland;SN44640;25.01.2025 07:00;6,3
Stavanger - Våland;SN44640;25.01.2025 08:00;6,1
Stavanger - Våland;SN44640;25.01.2025 09:00;6,1
Stavanger - Våland;SN44640;25.01.2025 10:00;6,1
Stavanger - Våland;SN44640;25.01.2025 11:00;6
Stavanger - Våland;SN44640;25.01.2025 12:00;6,1
Stavanger - Våland;SN44640;25.01.2025 13:00;5,7
Stavanger - Våland;SN44640;25.01.2025 14:00;6,1
Stavanger - Våland;SN44640;25.01.2025 15:00;5,6
Stavanger - Våland;SN44640;25.01.2025 16:00;5,4
Stavanger - Våland;SN44640;25.01.2025 17:00;4,4
Stavanger - Våland;SN44640;25.01.2025 18:00;5,1
Stavanger - Våland;SN44640;25.01.2025 19:00;4,8
Stavanger - Våland;SN44640;25.01.2025 20:00;5,8
Stavanger - Våland;SN44640;25.01.2025 21:00;5,6
Stavanger - Våland;SN44640;25.01.2025 22:00;5,9
Stavanger - Våland;SN44640;25.01.2025 23:00;5,4
Stavanger - Våland;SN44640;26.01.2025 00:00;5,3
Stavanger - Våland;SN44640;26.01.2025 01:00;5,4
Stavanger - Våland;SN44640;26.01.2025 02:00;5,7
Stavanger - Våland;SN44640;26.01.2025 03:00;5,4
Stavanger - Våland;SN44640;26.01.2025 04:00;4,9
Stavanger - Våland;SN44640;26.01.2025 05:00;3,8
Stavanger - Våland;SN44640;26.01.2025 06:00;3,6
Stavanger - Våland;SN44640;26.01.2025 07:00;4
Stavanger - Våland;SN44640;26.01.2025 08:00;4,3
Stavanger - Våland;SN44640;26.01.2025 09:00;4
Stavanger - Våland;SN44640;26.01.2025 10:00;4,5
Stavanger - Våland;SN44640;26.01.2025 11:00;4,8
Stavanger - Våland;SN44640;26.01.2025 12:00;5,3
Stavanger - Våland;SN44640;26.01.2025 13:00;5,6
Stavanger - Våland;SN44640;26.01.2025 14:00;5,5
Stavanger - Våland;SN44640;26.01.2025 15:00;4,9
Stavanger - Våland;SN44640;26.01.2025 16:00;5,2
Stavanger - Våland;SN44640;26.01.2025 17:00;4,5
Stavanger - Våland;SN44640;26.01.2025 18:00;2,1
Stavanger - Våland;SN44640;26.01.2025 19:00;2
Stavanger - Våland;SN44640;26.01.2025 20:00;3,8
Stavanger - Våland;SN44640;26.01.2025 21:00;4
Stavanger - Våland;SN44640;26.01.2025 22:00;4,1
Stavanger - Våland;SN44640;26.01.2025 23:00;4,2
Stavanger - Våland;SN44640;27.01.2025 00:00;3,2
Stavanger - Våland;SN44640;27.01.2025 01:00;3,9
Stavanger - Våland;SN44640;27.01.2025 02:00;3,9
Stavanger - Våland;SN44640;27.01.2025 03:00;4,2
Stavanger - Våland;SN44640;27.01.2025 04:00;3,8
Stavanger - Våland;SN44640;27.01.2025 05:00;3,7
Stavanger - Våland;SN44640;27.01.2025 06:00;4,1
Stavanger - Våland;SN44640;27.01.2025 07:00;4,3
Stavanger - Våland;SN44640;27.01.2025 08:00;4,4
Stavanger - Våland;SN44640;27.01.2025 09:00;4,5
Stavanger - Våland;SN44640;27.01.2025 10:00;4,7
Stavanger - Våland;SN44640;27.01.2025 11:00;5
Stavanger - Våland;SN44640;27.01.2025 12:00;5,3
Stavanger - Våland;SN44640;27.01.2025 13:00;5,2
Stavanger - Våland;SN44640;27.01.2025 14:00;5,5
Stavanger - Våland;SN44640;27.01.2025 15:00;4,7
Stavanger - Våland;SN44640;27.01.2025 16:00;4,9
Stavanger - Våland;SN44640;27.01.2025 17:00;4,1
Stavanger - Våland;SN44640;27.01.2025 18:00;3,7
Stavanger - Våland;SN44640;27.01.2025 19:00;3,2
Stavanger - Våland;SN44640;27.01.2025 20:00;3,7
Stavanger - Våland;SN44640;27.01.2025 21:00;3,7
Stavanger - Våland;SN44640;27.01.2025 22:00;5,5
Stavanger - Våland;SN44640;27.01.2025 23:00;5,5
Stavanger - Våland;SN44640;28.01.2025 00:00;6,1
Stavanger - Våland;SN44640;28.01.2025 01:00;6,3
Stavanger - Våland;SN44640;28.01.2025 02:00;6,2
Stavanger - Våland;SN44640;28.01.2025 03:00;5,7
Stavanger - Våland;SN44640;28.01.2025 04:00;5,9
Stavanger - Våland;SN44640;28.01.2025 05:00;6
Stavanger - Våland;SN44640;28.01.2025 06:00;6,1
Stavanger - Våland;SN44640;28.01.2025 07:00;6,4
Stavanger - Våland;SN44640;28.01.2025 08:00;6,3
Stavanger - Våland;SN44640;28.01.2025 09:00;6
Stavanger - Våland;SN44640;28.01.2025 10:00;6,3
Stavanger - Våland;SN44640;28.01.2025 11:00;6,5
Stavanger - Våland;SN44640;28.01.2025 12:00;6,9
Stavanger - Våland;SN44640;28.01.2025 13:00;7,7
Stavanger - Våland;SN44640;28.01.2025 14:00;7,5
Stavanger - Våland;SN44640;28.01.2025 15:00;7,4
Stavanger - Våland;SN44640;28.01.2025 16:00;7,3
Stavanger - Våland;SN44640;28.01.2025 17:00;6
Stavanger - Våland;SN44640;28.01.2025 18:00;5,8
Stavanger - Våland;SN44640;28.01.2025 19:00;5,7
Stavanger - Våland;SN44640;28.01.2025 20:00;5,6
Stavanger - Våland;SN44640;28.01.2025 21:00;5,7
Stavanger - Våland;SN44640;28.01.2025 22:00;6,2
Stavanger - Våland;SN44640;28.01.2025 23:00;6,2
Stavanger - Våland;SN44640;29.01.2025 00:00;6,3
Stavanger - Våland;SN44640;29.01.2025 01:00;5,8
Stavanger - Våland;SN44640;29.01.2025 02:00;6,2
Stavanger - Våland;SN44640;29.01.2025 03:00;5
Stavanger - Våland;SN44640;29.01.2025 04:00;5,9
Stavanger - Våland;SN44640;29.01.2025 05:00;6,1
Stavanger - Våland;SN44640;29.01.2025 06:00;6,4
Stavanger - Våland;SN44640;29.01.2025 07:00;6,4
Stavanger - Våland;SN44640;29.01.2025 08:00;6,7
Stavanger - Våland;SN44640;29.01.2025 09:00;6,9
Stavanger - Våland;SN44640;29.01.2025 10:00;7
Stavanger - Våland;SN44640;29.01.2025 11:00;7
Stavanger - Våland;SN44640;29.01.2025 12:00;7
Stavanger - Våland;SN44640;29.01.2025 13:00;7
Stavanger - Våland;SN44640;29.01.2025 14:00;7,3
Stavanger - Våland;SN44640;29.01.2025 15:00;7,2
Stavanger - Våland;SN44640;29.01.2025 16:00;7,4
Stavanger - Våland;SN44640;29.01.2025 17:00;6,4
Stavanger - Våland;SN44640;29.01.2025 18:00;5,9
Stavanger - Våland;SN44640;29.01.2025 19:00;5,8
Stavanger - Våland;SN44640;29.01.2025 20:00;6
Stavanger - Våland;SN44640;29.01.2025 21:00;5,5
Stavanger - Våland;SN44640;29.01.2025 22:00;5,1
Stavanger - Våland;SN44640;29.01.2025 23:00;4,7
Stavanger - Våland;SN44640;30.01.2025 00:00;4,7
Stavanger - Våland;SN44640;30.01.2025 01:00;3,8
Stavanger - Våland;SN44640;30.01.2025 02:00;4,4
Stavanger - Våland;SN44640;30.01.2025 03:00;3,4
Stavanger - Våland;SN44640;30.01.2025 04:00;3,5
Stavanger - Våland;SN44640;30.01.2025 05:00;3,2
Stavanger - Våland;SN44640;30.01.2025 06:00;3,4
Stavanger - Våland;SN44640;30.01.2025 07:00;3,1
Stavanger - Våland;SN44640;30.01.2025 08:00;3,1
Stavanger - Våland;SN44640;30.01.2025 09:00;2,6
Stavanger - Våland;SN44640;30.01.2025 10:00;2,4
Stavanger - Våland;SN44640;30.01.2025 11:00;2,6
Stavanger - Våland;SN44640;30.01.2025 12:00;2,6
Stavanger - Våland;SN44640;30.01.2025 13:00;2,9
Stavanger - Våland;SN44640;30.01.2025 14:00;3,3
Stavanger - Våland;SN44640;30.01.2025 15:00;3,4
Stavanger - Våland;SN44640;30.01.2025 16:00;3,2
Stavanger - Våland;SN44640;30.01.2025 17:00;3,1
Stavanger - Våland;SN44640;30.01.2025 18:00;2,4
Stavanger - Våland;SN44640;30.01.2025 19:00;2,7
Stavanger - Våland;SN44640;30.01.2025 20:00;2,7
Stavanger - Våland;SN44640;30.01.2025 21:00;2,6
Stavanger - Våland;SN44640;30.01.2025 22:00;2,4
Stavanger - Våland;SN44640;30.01.2025 23:00;2,2
Stavanger - Våland;SN44640;31.01.2025 00:00;1,7
Stavanger - Våland;SN44640;31.01.2025 01:00;1,6
Stavanger - Våland;SN44640;31.01.2025 02:00;1,3
Stavanger - Våland;SN44640;31.01.2025 03:00;1
Stavanger - Våland;SN44640;31.01.2025 04:00;0,6
Stavanger - Våland;SN44640;31.01.2025 05:00;1,1
Stavanger - Våland;SN44640;31.01.2025 06:00;0,6
Stavanger - Våland;SN44640;31.01.2025 07:00;0,7
Stavanger - Våland;SN44640;31.01.2025 08:00;0,6
Stavanger - Våland;SN44640;31.01.2025 09:00;0,5
Stavanger - Våland;SN44640;31.01.2025 10:00;0,9
Stavanger - Våland;SN44640;31.01.2025 11:00;1,5
Stavanger - Våland;SN44640;31.01.2025 12:00;2,4
Stavanger - Våland;SN44640;31.01.2025 13:00;2,9
Stavanger - Våland;SN44640;31.01.2025 14:00;3,1
Stavanger - Våland;SN44640;31.01.2025 15:00;3
Stavanger - Våland;SN44640;31.01.2025 16:00;2,4
Stavanger - Våland;SN44640;31.01.2025 17:00;2,5
Stavanger - Våland;SN44640;31.01.2025 18:00;2,2
Stavanger - Våland;SN44640;31.01.2025 19:00;1,8
Stavanger - Våland;SN44640;31.01.2025 20:00;1,6
Stavanger - Våland;SN44640;31.01.2025 21:00;1,5
Stavanger - Våland;SN44640;31.01.2025 22:00;1,3
Stavanger - Våland;SN44640;31.01.2025 23:00;0,9
Stavanger - Våland;SN44640;01.02.2025 00:00;0,8
Stavanger - Våland;SN44640;01.02.2025 01:00;0,4
Stavanger - Våland;SN44640;01.02.2025 02:00;0
Stavanger - Våland;SN44640;01.02.2025 03:00;0,2
Stavanger - Våland;SN44640;01.02.2025 04:00;0
Stavanger - Våland;SN44640;01.02.2025 05:00;-0,1
Stavanger - Våland;SN44640;01.02.2025 06:00;0,2
Stavanger - Våland;SN44640;01.02.2025 07:00;0,7
Stavanger - Våland;SN44640;01.02.2025 08:00;1,2
Stavanger - Våland;SN44640;01.02.2025 09:00;0,8
Stavanger - Våland;SN44640;01.02.2025 10:00;2,4
Stavanger - Våland;SN44640;01.02.2025 11:00;3,3
Stavanger - Våland;SN44640;01.02.2025 12:00;4,1
Stavanger - Våland;SN44640;01.02.2025 13:00;3,8
Stavanger - Våland;SN44640;01.02.2025 14:00;4,1
Stavanger - Våland;SN44640;01.02.2025 15:00;4
Stavanger - Våland;SN44640;01.02.2025 16:00;4,1
Stavanger - Våland;SN44640;01.02.2025 17:00;3,2
Stavanger - Våland;SN44640;01.02.2025 18:00;2,7
Stavanger - Våland;SN44640;01.02.2025 19:00;3,3
Stavanger - Våland;SN44640;01.02.2025 20:00;3,4
Stavanger - Våland;SN44640;01.02.2025 21:00;3,6
Stavanger - Våland;SN44640;01.02.2025 22:00;4,1
Stavanger - Våland;SN44640;01.02.2025 23:00;4,1
Stavanger - Våland;SN44640;02.02.2025 00:00;4,1
Stavanger - Våland;SN44640;02.02.2025 01:00;3,8
Stavanger - Våland;SN44640;02.02.2025 02:00;3,9
Stavanger - Våland;SN44640;02.02.2025 03:00;4
Stavanger - Våland;SN44640;02.02.2025 04:00;3,8
Stavanger - Våland;SN44640;02.02.2025 05:00;3,9
Stavanger - Våland;SN44640;02.02.2025 06:00;4,1
Stavanger - Våland;SN44640;02.02.2025 07:00;4,5
Stavanger - Våland;SN44640;02.02.2025 08:00;4,3
Stavanger - Våland;SN44640;02.02.2025 09:00;4,1
Stavanger - Våland;SN44640;02.02.2025 10:00;4,5
Stavanger - Våland;SN44640;02.02.2025 11:00;4,7
Stavanger - Våland;SN44640;02.02.2025 12:00;4,8
Stavanger - Våland;SN44640;02.02.2025 13:00;4,8
Stavanger - Våland;SN44640;02.02.2025 14:00;5
Stavanger - Våland;SN44640;02.02.2025 15:00;5
Stavanger - Våland;SN44640;02.02.2025 16:00;5
Stavanger - Våland;SN44640;02.02.2025 17:00;4,8
Stavanger - Våland;SN44640;02.02.2025 18:00;4,9
Stavanger - Våland;SN44640;02.02.2025 19:00;4,6
Stavanger - Våland;SN44640;02.02.2025 20:00;4,3
Stavanger - Våland;SN44640;02.02.2025 21:00;4,2
Stavanger - Våland;SN44640;02.02.2025 22:00;4,3
Stavanger - Våland;SN44640;02.02.2025 23:00;4,4
Stavanger - Våland;SN44640;03.02.2025 00:00;4,4
Stavanger - Våland;SN44640;03.02.2025 01:00;4,3
Stavanger - Våland;SN44640;03.02.2025 02:00;4
Stavanger - Våland;SN44640;03.02.2025 03:00;4,3
Stavanger - Våland;SN44640;03.02.2025 04:00;4,1
Stavanger - Våland;SN44640;03.02.2025 05:00;4,1
Stavanger - Våland;SN44640;03.02.2025 06:00;4,2
Stavanger - Våland;SN44640;03.02.2025 07:00;4,4
Stavanger - Våland;SN44640;03.02.2025 08:00;4,5
Stavanger - Våland;SN44640;03.02.2025 09:00;4,7
Stavanger - Våland;SN44640;03.02.2025 10:00;4,9
Stavanger - Våland;SN44640;03.02.2025 11:00;5,3
Stavanger - Våland;SN44640;03.02.2025 12:00;5,4
Stavanger - Våland;SN44640;03.02.2025 13:00;5,7
Stavanger - Våland;SN44640;03.02.2025 14:00;5,7
Stavanger - Våland;SN44640;03.02.2025 15:00;5,8
Stavanger - Våland;SN44640;03.02.2025 16:00;5,9
Stavanger - Våland;SN44640;03.02.2025 17:00;5,7
Stavanger - Våland;SN44640;03.02.2025 18:00;5,7
Stavanger - Våland;SN44640;03.02.2025 19:00;5,4
Stavanger - Våland;SN44640;03.02.2025 20:00;5,5
Stavanger - Våland;SN44640;03.02.2025 21:00;5,8
Stavanger - Våland;SN44640;03.02.2025 22:00;5,9
Stavanger - Våland;SN44640;03.02.2025 23:00;6,1
Stavanger - Våland;SN44640;04.02.2025 00:00;6,2
Stavanger - Våland;SN44640;04.02.2025 01:00;6
Stavanger - Våland;SN44640;04.02.2025 02:00;6
Stavanger - Våland;SN44640;04.02.2025 03:00;6
Stavanger - Våland;SN44640;04.02.2025 04:00;6,1
Stavanger - Våland;SN44640;04.02.2025 05:00;6,1
Stavanger - Våland;SN44640;04.02.2025 06:00;6
Stavanger - Våland;SN44640;04.02.2025 07:00;6
Stavanger - Våland;SN44640;04.02.2025 08:00;6,2
Stavanger - Våland;SN44640;04.02.2025 09:00;6,3
Stavanger - Våland;SN44640;04.02.2025 10:00;6,4
Stavanger - Våland;SN44640;04.02.2025 11:00;6,5
Stavanger - Våland;SN44640;04.02.2025 12:00;6,6
Stavanger - Våland;SN44640;04.02.2025 13:00;6,7
Stavanger - Våland;SN44640;04.02.2025 14:00;6,8
Stavanger - Våland;SN44640;04.02.2025 15:00;6,8
Stavanger - Våland;SN44640;04.02.2025 16:00;6,6
Stavanger - Våland;SN44640;04.02.2025 17:00;6,6
Stavanger - Våland;SN44640;04.02.2025 18:00;6,8
Stavanger - Våland;SN44640;04.02.2025 19:00;6,7
Stavanger - Våland;SN44640;04.02.2025 20:00;6,6
Stavanger - Våland;SN44640;04.02.2025 21:00;6,7
Stavanger - Våland;SN44640;04.02.2025 22:00;6,9
Stavanger - Våland;SN44640;04.02.2025 23:00;7,2
Stavanger - Våland;SN44640;05.02.2025 00:00;7,3
Stavanger - Våland;SN44640;05.02.2025 01:00;7,1
Stavanger - Våland;SN44640;05.02.2025 02:00;6,8
Stavanger - Våland;SN44640;05.02.2025 03:00;6,6
Stavanger - Våland;SN44640;05.02.2025 04:00;5,8
Stavanger - Våland;SN44640;05.02.2025 05:00;5,2
Stavanger - Våland;SN44640;05.02.2025 06:00;5,2
Stavanger - Våland;SN44640;05.02.2025 07:00;5,4
Stavanger - Våland;SN44640;05.02.2025 08:00;5,2
Stavanger - Våland;SN44640;05.02.2025 09:00;5,7
Stavanger - Våland;SN44640;05.02.2025 10:00;6,1
Stavanger - Våland;SN44640;05.02.2025 11:00;6,1
Stavanger - Våland;SN44640;05.02.2025 12:00;6,2
Stavanger - Våland;SN44640;05.02.2025 13:00;7,1
Stavanger - Våland;SN44640;05.02.2025 14:00;6,6
Stavanger - Våland;SN44640;05.02.2025 15:00;6,4
Stavanger - Våland;SN44640;05.02.2025 16:00;6,1
Stavanger - Våland;SN44640;05.02.2025 17:00;5,4
Stavanger - Våland;SN44640;05.02.2025 18:00;4,8
Stavanger - Våland;SN44640;05.02.2025 19:00;4,8
Stavanger - Våland;SN44640;05.02.2025 20:00;3,5
Stavanger - Våland;SN44640;05.02.2025 21:00;3,2
Stavanger - Våland;SN44640;05.02.2025 22:00;3,6
Stavanger - Våland;SN44640;05.02.2025 23:00;2,4
Stavanger - Våland;SN44640;06.02.2025 00:00;4,1
Stavanger - Våland;SN44640;06.02.2025 01:00;3,2
Stavanger - Våland;SN44640;06.02.2025 02:00;2,8
Stavanger - Våland;SN44640;06.02.2025 03:00;2,6
Stavanger - Våland;SN44640;06.02.2025 04:00;3,4
Stavanger - Våland;SN44640;06.02.2025 05:00;3,4
Stavanger - Våland;SN44640;06.02.2025 06:00;3,4
Stavanger - Våland;SN44640;06.02.2025 07:00;3,3
Stavanger - Våland;SN44640;06.02.2025 08:00;2,4
Stavanger - Våland;SN44640;06.02.2025 09:00;2,5
Stavanger - Våland;SN44640;06.02.2025 10:00;3,7
Stavanger - Våland;SN44640;06.02.2025 11:00;3,9
Stavanger - Våland;SN44640;06.02.2025 12:00;4,4
Stavanger - Våland;SN44640;06.02.2025 13:00;4,7
Stavanger - Våland;SN44640;06.02.2025 14:00;5,1
Stavanger - Våland;SN44640;06.02.2025 15:00;4,9
Stavanger - Våland;SN44640;06.02.2025 16:00;5,2
Stavanger - Våland;SN44640;06.02.2025 17:00;4,4
Stavanger - Våland;SN44640;06.02.2025 18:00;4
Stavanger - Våland;SN44640;06.02.2025 19:00;3,7
Stavanger - Våland;SN44640;06.02.2025 20:00;3,2
Stavanger - Våland;SN44640;06.02.2025 21:00;2,8
Stavanger - Våland;SN44640;06.02.2025 22:00;2,7
Stavanger - Våland;SN44640;06.02.2025 23:00;2,7
Stavanger - Våland;SN44640;07.02.2025 00:00;2,3
Stavanger - Våland;SN44640;07.02.2025 01:00;1,7
Stavanger - Våland;SN44640;07.02.2025 02:00;0,6
Stavanger - Våland;SN44640;07.02.2025 03:00;0,8
Stavanger - Våland;SN44640;07.02.2025 04:00;0,6
Stavanger - Våland;SN44640;07.02.2025 05:00;1,5
Stavanger - Våland;SN44640;07.02.2025 06:00;1,1
Stavanger - Våland;SN44640;07.02.2025 07:00;1,3
Stavanger - Våland;SN44640;07.02.2025 08:00;0,9
Stavanger - Våland;SN44640;07.02.2025 09:00;1,9
Stavanger - Våland;SN44640;07.02.2025 10:00;2,4
Stavanger - Våland;SN44640;07.02.2025 11:00;3,3
Stavanger - Våland;SN44640;07.02.2025 12:00;4,1
Stavanger - Våland;SN44640;07.02.2025 13:00;5
Stavanger - Våland;SN44640;07.02.2025 14:00;5,4
Stavanger - Våland;SN44640;07.02.2025 15:00;5,3
Stavanger - Våland;SN44640;07.02.2025 16:00;5,4
Stavanger - Våland;SN44640;07.02.2025 17:00;4,3
Stavanger - Våland;SN44640;07.02.2025 18:00;3,4
Stavanger - Våland;SN44640;07.02.2025 19:00;3,2
Stavanger - Våland;SN44640;07.02.2025 20:00;3,5
Stavanger - Våland;SN44640;07.02.2025 21:00;2,2
Stavanger - Våland;SN44640;07.02.2025 22:00;2
Stavanger - Våland;SN44640;07.02.2025 23:00;2,4
Stavanger - Våland;SN44640;08.02.2025 00:00;1,9
Stavanger - Våland;SN44640;08.02.2025 01:00;2
Stavanger - Våland;SN44640;08.02.2025 02:00;2
Stavanger - Våland;SN44640;08.02.2025 03:00;2,4
Stavanger - Våland;SN44640;08.02.2025 04:00;2,5
Stavanger - Våland;SN44640;08.02.2025 05:00;2,6
Stavanger - Våland;SN44640;08.02.2025 06:00;2,5
Stavanger - Våland;SN44640;08.02.2025 07:00;2,7
Stavanger - Våland;SN44640;08.02.2025 08:00;2,8
Stavanger - Våland;SN44640;08.02.2025 09:00;3,1
Stavanger - Våland;SN44640;08.02.2025 10:00;3,3
Stavanger - Våland;SN44640;08.02.2025 11:00;3,6
Stavanger - Våland;SN44640;08.02.2025 12:00;3,9
Stavanger - Våland;SN44640;08.02.2025 13:00;3,9
Stavanger - Våland;SN44640;08.02.2025 14:00;4,1
Stavanger - Våland;SN44640;08.02.2025 15:00;3,8
Stavanger - Våland;SN44640;08.02.2025 16:00;3,9
Stavanger - Våland;SN44640;08.02.2025 17:00;2,6
Stavanger - Våland;SN44640;08.02.2025 18:00;2
Stavanger - Våland;SN44640;08.02.2025 19:00;1,6
Stavanger - Våland;SN44640;08.02.2025 20:00;1,7
Stavanger - Våland;SN44640;08.02.2025 21:00;1,4
Stavanger - Våland;SN44640;08.02.2025 22:00;1
Stavanger - Våland;SN44640;08.02.2025 23:00;0,9
Stavanger - Våland;SN44640;09.02.2025 00:00;0,9
Stavanger - Våland;SN44640;09.02.2025 01:00;0,5
Stavanger - Våland;SN44640;09.02.2025 02:00;0,6
Stavanger - Våland;SN44640;09.02.2025 03:00;0,3
Stavanger - Våland;SN44640;09.02.2025 04:00;0,5
Stavanger - Våland;SN44640;09.02.2025 05:00;0,3
Stavanger - Våland;SN44640;09.02.2025 06:00;0,1
Stavanger - Våland;SN44640;09.02.2025 07:00;-0,2
Stavanger - Våland;SN44640;09.02.2025 08:00;-0,5
Stavanger - Våland;SN44640;09.02.2025 09:00;-0,6
Stavanger - Våland;SN44640;09.02.2025 10:00;0,1
Stavanger - Våland;SN44640;09.02.2025 11:00;1,1
Stavanger - Våland;SN44640;09.02.2025 12:00;2
Stavanger - Våland;SN44640;09.02.2025 13:00;2,4
Stavanger - Våland;SN44640;09.02.2025 14:00;2,3
Stavanger - Våland;SN44640;09.02.2025 15:00;2,4
Stavanger - Våland;SN44640;09.02.2025 16:00;2,9
Stavanger - Våland;SN44640;09.02.2025 17:00;1,6
Stavanger - Våland;SN44640;09.02.2025 18:00;0,2
Stavanger - Våland;SN44640;09.02.2025 19:00;0,6
Stavanger - Våland;SN44640;09.02.2025 20:00;-0,7
Stavanger - Våland;SN44640;09.02.2025 21:00;-0,1
Stavanger - Våland;SN44640;09.02.2025 22:00;-0,9
Stavanger - Våland;SN44640;09.02.2025 23:00;-1,2
Stavanger - Våland;SN44640;10.02.2025 00:00;-1,1
Stavanger - Våland;SN44640;10.02.2025 01:00;-0,3
Stavanger - Våland;SN44640;10.02.2025 02:00;-1,6
Stavanger - Våland;SN44640;10.02.2025 03:00;-0,7
Stavanger - Våland;SN44640;10.02.2025 04:00;-1,1
Stavanger - Våland;SN44640;10.02.2025 05:00;-0,8
Stavanger - Våland;SN44640;10.02.2025 06:00;-0,8
Stavanger - Våland;SN44640;10.02.2025 07:00;-1,1
Stavanger - Våland;SN44640;10.02.2025 08:00;-1,5
Stavanger - Våland;SN44640;10.02.2025 09:00;0,9
Stavanger - Våland;SN44640;10.02.2025 10:00;1,9
Stavanger - Våland;SN44640;10.02.2025 11:00;2,7
Stavanger - Våland;SN44640;10.02.2025 12:00;4,5
Stavanger - Våland;SN44640;10.02.2025 13:00;5,4
Stavanger - Våland;SN44640;10.02.2025 14:00;6,2
Stavanger - Våland;SN44640;10.02.2025 15:00;6,2
Stavanger - Våland;SN44640;10.02.2025 16:00;6,3
Stavanger - Våland;SN44640;10.02.2025 17:00;5,5
Stavanger - Våland;SN44640;10.02.2025 18:00;4,7
Stavanger - Våland;SN44640;10.02.2025 19:00;3,9
Stavanger - Våland;SN44640;10.02.2025 20:00;2,2
Stavanger - Våland;SN44640;10.02.2025 21:00;3,8
Stavanger - Våland;SN44640;10.02.2025 22:00;3
Stavanger - Våland;SN44640;10.02.2025 23:00;4
Stavanger - Våland;SN44640;11.02.2025 00:00;3,5
Stavanger - Våland;SN44640;11.02.2025 01:00;2,8
Stavanger - Våland;SN44640;11.02.2025 02:00;3,9
Stavanger - Våland;SN44640;11.02.2025 03:00;2,4
Stavanger - Våland;SN44640;11.02.2025 04:00;3,3
Stavanger - Våland;SN44640;11.02.2025 05:00;3,1
Stavanger - Våland;SN44640;11.02.2025 06:00;2,8
Stavanger - Våland;SN44640;11.02.2025 07:00;1,6
Stavanger - Våland;SN44640;11.02.2025 08:00;1,8
Stavanger - Våland;SN44640;11.02.2025 09:00;3
Stavanger - Våland;SN44640;11.02.2025 10:00;5
Stavanger - Våland;SN44640;11.02.2025 11:00;5,1
Stavanger - Våland;SN44640;11.02.2025 12:00;6,6
Stavanger - Våland;SN44640;11.02.2025 13:00;7,5
Stavanger - Våland;SN44640;11.02.2025 14:00;8
Stavanger - Våland;SN44640;11.02.2025 15:00;6,9
Stavanger - Våland;SN44640;11.02.2025 16:00;6,4
Stavanger - Våland;SN44640;11.02.2025 17:00;5,7
Stavanger - Våland;SN44640;11.02.2025 18:00;4,4
Stavanger - Våland;SN44640;11.02.2025 19:00;4,1
Stavanger - Våland;SN44640;11.02.2025 20:00;2,8
Stavanger - Våland;SN44640;11.02.2025 21:00;3
Stavanger - Våland;SN44640;11.02.2025 22:00;2,9
Stavanger - Våland;SN44640;11.02.2025 23:00;2,6
Stavanger - Våland;SN44640;12.02.2025 00:00;2,3
Stavanger - Våland;SN44640;12.02.2025 01:00;1,4
Stavanger - Våland;SN44640;12.02.2025 02:00;0,7
Stavanger - Våland;SN44640;12.02.2025 03:00;1
Stavanger - Våland;SN44640;12.02.2025 04:00;1,5
Stavanger - Våland;SN44640;12.02.2025 05:00;1,3
Stavanger - Våland;SN44640;12.02.2025 06:00;1
Stavanger - Våland;SN44640;12.02.2025 07:00;0,5
Stavanger - Våland;SN44640;12.02.2025 08:00;0,2
Stavanger - Våland;SN44640;12.02.2025 09:00;0
Stavanger - Våland;SN44640;12.02.2025 10:00;1,3
Stavanger - Våland;SN44640;12.02.2025 11:00;2,2
Stavanger - Våland;SN44640;12.02.2025 12:00;3,4
Stavanger - Våland;SN44640;12.02.2025 13:00;4,7
Stavanger - Våland;SN44640;12.02.2025 14:00;6,2
Stavanger - Våland;SN44640;12.02.2025 15:00;4,8
Stavanger - Våland;SN44640;12.02.2025 16:00;5,6
Stavanger - Våland;SN44640;12.02.2025 17:00;3,6
Stavanger - Våland;SN44640;12.02.2025 18:00;1,5
Stavanger - Våland;SN44640;12.02.2025 19:00;1,4
Stavanger - Våland;SN44640;12.02.2025 20:00;0,8
Stavanger - Våland;SN44640;12.02.2025 21:00;0,6
Stavanger - Våland;SN44640;12.02.2025 22:00;-0,2
Stavanger - Våland;SN44640;12.02.2025 23:00;-1,3
Stavanger - Våland;SN44640;13.02.2025 00:00;-1,2
Stavanger - Våland;SN44640;13.02.2025 01:00;-1,2
Stavanger - Våland;SN44640;13.02.2025 02:00;-1,7
Stavanger - Våland;SN44640;13.02.2025 03:00;-0,9
Stavanger - Våland;SN44640;13.02.2025 04:00;-1,3
Stavanger - Våland;SN44640;13.02.2025 05:00;-1,5
Stavanger - Våland;SN44640;13.02.2025 06:00;-1,3
Stavanger - Våland;SN44640;13.02.2025 07:00;-0,7
Stavanger - Våland;SN44640;13.02.2025 08:00;-1
Stavanger - Våland;SN44640;13.02.2025 09:00;-0,2
Stavanger - Våland;SN44640;13.02.2025 10:00;0,7
Stavanger - Våland;SN44640;13.02.2025 11:00;1,7
Stavanger - Våland;SN44640;13.02.2025 12:00;2,7
Stavanger - Våland;SN44640;13.02.2025 13:00;3,6
Stavanger - Våland;SN44640;13.02.2025 14:00;4
Stavanger - Våland;SN44640;13.02.2025 15:00;3,5
Stavanger - Våland;SN44640;13.02.2025 16:00;3,3
Stavanger - Våland;SN44640;13.02.2025 17:00;2,2
Stavanger - Våland;SN44640;13.02.2025 18:00;1,9
Stavanger - Våland;SN44640;13.02.2025 19:00;1,7
Stavanger - Våland;SN44640;13.02.2025 20:00;1,6
Stavanger - Våland;SN44640;13.02.2025 21:00;1,2
Stavanger - Våland;SN44640;13.02.2025 22:00;1,1
Stavanger - Våland;SN44640;13.02.2025 23:00;1
Stavanger - Våland;SN44640;14.02.2025 00:00;0,2
Stavanger - Våland;SN44640;14.02.2025 01:00;-0,9
Stavanger - Våland;SN44640;14.02.2025 02:00;-0,1
Stavanger - Våland;SN44640;14.02.2025 03:00;-0,2
Stavanger - Våland;SN44640;14.02.2025 04:00;-0,3
Stavanger - Våland;SN44640;14.02.2025 05:00;-0,3
Stavanger - Våland;SN44640;14.02.2025 06:00;-0,3
Stavanger - Våland;SN44640;14.02.2025 07:00;-0,4
Stavanger - Våland;SN44640;14.02.2025 08:00;-0,4
Stavanger - Våland;SN44640;14.02.2025 09:00;-0,3
Stavanger - Våland;SN44640;14.02.2025 10:00;0,2
Stavanger - Våland;SN44640;14.02.2025 11:00;0,9
Stavanger - Våland;SN44640;14.02.2025 12:00;1,1
Stavanger - Våland;SN44640;14.02.2025 13:00;1,4
Stavanger - Våland;SN44640;14.02.2025 14:00;1,7
Stavanger - Våland;SN44640;14.02.2025 15:00;1,9
Stavanger - Våland;SN44640;14.02.2025 16:00;1,8
Stavanger - Våland;SN44640;14.02.2025 17:00;1,5
Stavanger - Våland;SN44640;14.02.2025 18:00;1,6
Stavanger - Våland;SN44640;14.02.2025 19:00;1,6
Stavanger - Våland;SN44640;14.02.2025 20:00;1,2
Stavanger - Våland;SN44640;14.02.2025 21:00;1,2
Stavanger - Våland;SN44640;14.02.2025 22:00;1,3
Stavanger - Våland;SN44640;14.02.2025 23:00;2,6
Stavanger - Våland;SN44640;15.02.2025 00:00;2,7
Stavanger - Våland;SN44640;15.02.2025 01:00;3
Stavanger - Våland;SN44640;15.02.2025 02:00;3,1
Stavanger - Våland;SN44640;15.02.2025 03:00;3,2
Stavanger - Våland;SN44640;15.02.2025 04:00;3,2
Stavanger - Våland;SN44640;15.02.2025 05:00;3,3
Stavanger - Våland;SN44640;15.02.2025 06:00;1,4
Stavanger - Våland;SN44640;15.02.2025 07:00;1,9
Stavanger - Våland;SN44640;15.02.2025 08:00;0,4
Stavanger - Våland;SN44640;15.02.2025 09:00;0,1
Stavanger - Våland;SN44640;15.02.2025 10:00;0,9
Stavanger - Våland;SN44640;15.02.2025 11:00;1,9
Stavanger - Våland;SN44640;15.02.2025 12:00;2,5
Stavanger - Våland;SN44640;15.02.2025 13:00;2,4
Stavanger - Våland;SN44640;15.02.2025 14:00;2,3
Stavanger - Våland;SN44640;15.02.2025 15:00;1,8
Stavanger - Våland;SN44640;15.02.2025 16:00;1,3
Stavanger - Våland;SN44640;15.02.2025 17:00;0,6
Stavanger - Våland;SN44640;15.02.2025 18:00;0,2
Stavanger - Våland;SN44640;15.02.2025 19:00;-0,3
Stavanger - Våland;SN44640;15.02.2025 20:00;-0,9
Stavanger - Våland;SN44640;15.02.2025 21:00;-1,8
Stavanger - Våland;SN44640;15.02.2025 22:00;-2,2
Stavanger - Våland;SN44640;15.02.2025 23:00;-2,6
Stavanger - Våland;SN44640;16.02.2025 00:00;-3,1
Stavanger - Våland;SN44640;16.02.2025 01:00;-3,6
Stavanger - Våland;SN44640;16.02.2025 02:00;-4,5
Stavanger - Våland;SN44640;16.02.2025 03:00;-5,2
Stavanger - Våland;SN44640;16.02.2025 04:00;-5,5
Stavanger - Våland;SN44640;16.02.2025 05:00;-5,7
Stavanger - Våland;SN44640;16.02.2025 06:00;-6,8
Stavanger - Våland;SN44640;16.02.2025 07:00;-7,3
Stavanger - Våland;SN44640;16.02.2025 08:00;-6,8
Stavanger - Våland;SN44640;16.02.2025 09:00;-6,4
Stavanger - Våland;SN44640;16.02.2025 10:00;-4,6
Stavanger - Våland;SN44640;16.02.2025 11:00;-3,1
Stavanger - Våland;SN44640;16.02.2025 12:00;-2,6
Stavanger - Våland;SN44640;16.02.2025 13:00;-1
Stavanger - Våland;SN44640;16.02.2025 14:00;-0,8
Stavanger - Våland;SN44640;16.02.2025 15:00;-1,6
Stavanger - Våland;SN44640;16.02.2025 16:00;-1,3
Stavanger - Våland;SN44640;16.02.2025 17:00;-2,2
Stavanger - Våland;SN44640;16.02.2025 18:00;-3,6
Stavanger - Våland;SN44640;16.02.2025 19:00;-4,5
Stavanger - Våland;SN44640;16.02.2025 20:00;-5,2
Stavanger - Våland;SN44640;16.02.2025 21:00;-4,9
Stavanger - Våland;SN44640;16.02.2025 22:00;-4,2
Stavanger - Våland;SN44640;16.02.2025 23:00;-4,7
Stavanger - Våland;SN44640;17.02.2025 00:00;-4,7
Stavanger - Våland;SN44640;17.02.2025 01:00;-5,1
Stavanger - Våland;SN44640;17.02.2025 02:00;-5,5
Stavanger - Våland;SN44640;17.02.2025 03:00;-5,5
Stavanger - Våland;SN44640;17.02.2025 04:00;-5,3
Stavanger - Våland;SN44640;17.02.2025 05:00;-5,3
Stavanger - Våland;SN44640;17.02.2025 06:00;-5,9
Stavanger - Våland;SN44640;17.02.2025 07:00;-7
Stavanger - Våland;SN44640;17.02.2025 08:00;-6,1
Stavanger - Våland;SN44640;17.02.2025 09:00;-4,6
Stavanger - Våland;SN44640;17.02.2025 10:00;-3,1
Stavanger - Våland;SN44640;17.02.2025 11:00;-2,3
Stavanger - Våland;SN44640;17.02.2025 12:00;-1,5
Stavanger - Våland;SN44640;17.02.2025 13:00;-0,1
Stavanger - Våland;SN44640;17.02.2025 14:00;0,5
Stavanger - Våland;SN44640;17.02.2025 15:00;0,5
Stavanger - Våland;SN44640;17.02.2025 16:00;0,9
Stavanger - Våland;SN44640;17.02.2025 17:00;0,5
Stavanger - Våland;SN44640;17.02.2025 18:00;-0,3
Stavanger - Våland;SN44640;17.02.2025 19:00;-0,9
Stavanger - Våland;SN44640;17.02.2025 20:00;-1
Stavanger - Våland;SN44640;17.02.2025 21:00;-1,8
Stavanger - Våland;SN44640;17.02.2025 22:00;-2,1
Stavanger - Våland;SN44640;17.02.2025 23:00;-2,2
Stavanger - Våland;SN44640;18.02.2025 00:00;-2,5
Stavanger - Våland;SN44640;18.02.2025 01:00;-3,6
Stavanger - Våland;SN44640;18.02.2025 02:00;-2,9
Stavanger - Våland;SN44640;18.02.2025 03:00;-3,2
Stavanger - Våland;SN44640;18.02.2025 04:00;-3,1
Stavanger - Våland;SN44640;18.02.2025 05:00;-3,8
Stavanger - Våland;SN44640;18.02.2025 06:00;-3,4
Stavanger - Våland;SN44640;18.02.2025 07:00;-4,2
Stavanger - Våland;SN44640;18.02.2025 08:00;-3,8
Stavanger - Våland;SN44640;18.02.2025 09:00;-3,2
Stavanger - Våland;SN44640;18.02.2025 10:00;-1,4
Stavanger - Våland;SN44640;18.02.2025 11:00;0,6
Stavanger - Våland;SN44640;18.02.2025 12:00;0,6
Stavanger - Våland;SN44640;18.02.2025 13:00;2,1
Stavanger - Våland;SN44640;18.02.2025 14:00;3
Stavanger - Våland;SN44640;18.02.2025 15:00;2,6
Stavanger - Våland;SN44640;18.02.2025 16:00;2,5
Stavanger - Våland;SN44640;18.02.2025 17:00;1,8
Stavanger - Våland;SN44640;18.02.2025 18:00;0,3
Stavanger - Våland;SN44640;18.02.2025 19:00;-0,3
Stavanger - Våland;SN44640;18.02.2025 20:00;-1,5
Stavanger - Våland;SN44640;18.02.2025 21:00;-2,2
Stavanger - Våland;SN44640;18.02.2025 22:00;-1,3
Stavanger - Våland;SN44640;18.02.2025 23:00;-1,2
Stavanger - Våland;SN44640;19.02.2025 00:00;-0,5
Stavanger - Våland;SN44640;19.02.2025 01:00;-0,3
Stavanger - Våland;SN44640;19.02.2025 02:00;-0,7
Stavanger - Våland;SN44640;19.02.2025 03:00;-0,3
Stavanger - Våland;SN44640;19.02.2025 04:00;-1,2
Stavanger - Våland;SN44640;19.02.2025 05:00;-0,8
Stavanger - Våland;SN44640;19.02.2025 06:00;-0,2
Stavanger - Våland;SN44640;19.02.2025 07:00;0
Stavanger - Våland;SN44640;19.02.2025 08:00;0,2
Stavanger - Våland;SN44640;19.02.2025 09:00;1,2
Stavanger - Våland;SN44640;19.02.2025 10:00;1,9
Stavanger - Våland;SN44640;19.02.2025 11:00;2,8
Stavanger - Våland;SN44640;19.02.2025 12:00;2,9
Stavanger - Våland;SN44640;19.02.2025 13:00;3,1
Stavanger - Våland;SN44640;19.02.2025 14:00;3,2
Stavanger - Våland;SN44640;19.02.2025 15:00;3,4
Stavanger - Våland;SN44640;19.02.2025 16:00;3,5
Stavanger - Våland;SN44640;19.02.2025 17:00;3,4
Stavanger - Våland;SN44640;19.02.2025 18:00;2,8
Stavanger - Våland;SN44640;19.02.2025 19:00;2,3
Stavanger - Våland;SN44640;19.02.2025 20:00;2,6
Stavanger - Våland;SN44640;19.02.2025 21:00;2,3
Stavanger - Våland;SN44640;19.02.2025 22:00;2,1
Stavanger - Våland;SN44640;19.02.2025 23:00;2
Stavanger - Våland;SN44640;20.02.2025 00:00;1,8
Stavanger - Våland;SN44640;20.02.2025 01:00;1,8
Stavanger - Våland;SN44640;20.02.2025 02:00;1,7
Stavanger - Våland;SN44640;20.02.2025 03:00;1,5
Stavanger - Våland;SN44640;20.02.2025 04:00;1,6
Stavanger - Våland;SN44640;20.02.2025 05:00;1,9
Stavanger - Våland;SN44640;20.02.2025 06:00;2,5
Stavanger - Våland;SN44640;20.02.2025 07:00;2,6
Stavanger - Våland;SN44640;20.02.2025 08:00;2,7
Stavanger - Våland;SN44640;20.02.2025 09:00;3,5
Stavanger - Våland;SN44640;20.02.2025 10:00;5,1
Stavanger - Våland;SN44640;20.02.2025 11:00;5
Stavanger - Våland;SN44640;20.02.2025 12:00;5,2
Stavanger - Våland;SN44640;20.02.2025 13:00;4,4
Stavanger - Våland;SN44640;20.02.2025 14:00;5,5
Stavanger - Våland;SN44640;20.02.2025 15:00;5,8
Stavanger - Våland;SN44640;20.02.2025 16:00;6,3
Stavanger - Våland;SN44640;20.02.2025 17:00;6,1
Stavanger - Våland;SN44640;20.02.2025 18:00;7,4
Stavanger - Våland;SN44640;20.02.2025 19:00;6,9
Stavanger - Våland;SN44640;20.02.2025 20:00;5
Stavanger - Våland;SN44640;20.02.2025 21:00;5,1
Stavanger - Våland;SN44640;20.02.2025 22:00;5,6
Stavanger - Våland;SN44640;20.02.2025 23:00;5,2
Stavanger - Våland;SN44640;21.02.2025 00:00;6,2
Stavanger - Våland;SN44640;21.02.2025 01:00;6,4
Stavanger - Våland;SN44640;21.02.2025 02:00;6,5
Stavanger - Våland;SN44640;21.02.2025 03:00;6,3
Stavanger - Våland;SN44640;21.02.2025 04:00;6,5
Stavanger - Våland;SN44640;21.02.2025 05:00;6,7
Stavanger - Våland;SN44640;21.02.2025 06:00;6,9
Stavanger - Våland;SN44640;21.02.2025 07:00;6,4
Stavanger - Våland;SN44640;21.02.2025 08:00;7,4
Stavanger - Våland;SN44640;21.02.2025 09:00;8,4
Stavanger - Våland;SN44640;21.02.2025 10:00;8,4
Stavanger - Våland;SN44640;21.02.2025 11:00;9,6
Stavanger - Våland;SN44640;21.02.2025 12:00;10,5
Stavanger - Våland;SN44640;21.02.2025 13:00;10,2
Stavanger - Våland;SN44640;21.02.2025 14:00;10,6
Stavanger - Våland;SN44640;21.02.2025 15:00;9,4
Stavanger - Våland;SN44640;21.02.2025 16:00;9,8
Stavanger - Våland;SN44640;21.02.2025 17:00;8,7
Stavanger - Våland;SN44640;21.02.2025 18:00;9,8
Stavanger - Våland;SN44640;21.02.2025 19:00;8,8
Stavanger - Våland;SN44640;21.02.2025 20:00;9,6
Stavanger - Våland;SN44640;21.02.2025 21:00;9,9
Stavanger - Våland;SN44640;21.02.2025 22:00;10,3
Stavanger - Våland;SN44640;21.02.2025 23:00;10,1
Stavanger - Våland;SN44640;22.02.2025 00:00;9,9
Stavanger - Våland;SN44640;22.02.2025 01:00;9,7
Stavanger - Våland;SN44640;22.02.2025 02:00;9,4
Stavanger - Våland;SN44640;22.02.2025 03:00;8,9
Stavanger - Våland;SN44640;22.02.2025 04:00;8,7
Stavanger - Våland;SN44640;22.02.2025 05:00;8,7
Stavanger - Våland;SN44640;22.02.2025 06:00;8,7
Stavanger - Våland;SN44640;22.02.2025 07:00;8,4
Stavanger - Våland;SN44640;22.02.2025 08:00;8,1
Stavanger - Våland;SN44640;22.02.2025 09:00;8,1
Stavanger - Våland;SN44640;22.02.2025 10:00;8,5
Stavanger - Våland;SN44640;22.02.2025 11:00;8,6
Stavanger - Våland;SN44640;22.02.2025 12:00;8,4
Stavanger - Våland;SN44640;22.02.2025 13:00;8,4
Stavanger - Våland;SN44640;22.02.2025 14:00;8,3
Stavanger - Våland;SN44640;22.02.2025 15:00;8,1
Stavanger - Våland;SN44640;22.02.2025 16:00;7,8
Stavanger - Våland;SN44640;22.02.2025 17:00;7,7
Stavanger - Våland;SN44640;22.02.2025 18:00;7,7
Stavanger - Våland;SN44640;22.02.2025 19:00;7,3
Stavanger - Våland;SN44640;22.02.2025 20:00;6,9
Stavanger - Våland;SN44640;22.02.2025 21:00;7,1
Stavanger - Våland;SN44640;22.02.2025 22:00;6,8
Stavanger - Våland;SN44640;22.02.2025 23:00;6,8
Stavanger - Våland;SN44640;23.02.2025 00:00;6,6
Stavanger - Våland;SN44640;23.02.2025 01:00;6,3
Stavanger - Våland;SN44640;23.02.2025 02:00;6,5
Stavanger - Våland;SN44640;23.02.2025 03:00;6,7
Stavanger - Våland;SN44640;23.02.2025 04:00;6,8
Stavanger - Våland;SN44640;23.02.2025 05:00;6,7
Stavanger - Våland;SN44640;23.02.2025 06:00;6,4
Stavanger - Våland;SN44640;23.02.2025 07:00;6,5
Stavanger - Våland;SN44640;23.02.2025 08:00;6,6
Stavanger - Våland;SN44640;23.02.2025 09:00;6,5
Stavanger - Våland;SN44640;23.02.2025 10:00;7
Stavanger - Våland;SN44640;23.02.2025 11:00;8,4
Stavanger - Våland;SN44640;23.02.2025 12:00;9,5
Stavanger - Våland;SN44640;23.02.2025 13:00;10
Stavanger - Våland;SN44640;23.02.2025 14:00;10,2
Stavanger - Våland;SN44640;23.02.2025 15:00;9,8
Stavanger - Våland;SN44640;23.02.2025 16:00;9
Stavanger - Våland;SN44640;23.02.2025 17:00;8,8
Stavanger - Våland;SN44640;23.02.2025 18:00;8,3
Stavanger - Våland;SN44640;23.02.2025 19:00;8
Stavanger - Våland;SN44640;23.02.2025 20:00;7
Stavanger - Våland;SN44640;23.02.2025 21:00;7
Stavanger - Våland;SN44640;23.02.2025 22:00;6,7
Stavanger - Våland;SN44640;23.02.2025 23:00;6,9
Stavanger - Våland;SN44640;24.02.2025 00:00;7
Stavanger - Våland;SN44640;24.02.2025 01:00;6,9
Stavanger - Våland;SN44640;24.02.2025 02:00;6,9
Stavanger - Våland;SN44640;24.02.2025 03:00;7,3
Stavanger - Våland;SN44640;24.02.2025 04:00;7,4
Stavanger - Våland;SN44640;24.02.2025 05:00;7,4
Stavanger - Våland;SN44640;24.02.2025 06:00;7,5
Stavanger - Våland;SN44640;24.02.2025 07:00;7,4
Stavanger - Våland;SN44640;24.02.2025 08:00;7,4
Stavanger - Våland;SN44640;24.02.2025 09:00;7,5
Stavanger - Våland;SN44640;24.02.2025 10:00;7,4
Stavanger - Våland;SN44640;24.02.2025 11:00;7,5
Stavanger - Våland;SN44640;24.02.2025 12:00;7,6
Stavanger - Våland;SN44640;24.02.2025 13:00;7,8
Stavanger - Våland;SN44640;24.02.2025 14:00;8
Stavanger - Våland;SN44640;24.02.2025 15:00;8
Stavanger - Våland;SN44640;24.02.2025 16:00;7,9
Stavanger - Våland;SN44640;24.02.2025 17:00;7,6
Stavanger - Våland;SN44640;24.02.2025 18:00;7,4
Stavanger - Våland;SN44640;24.02.2025 19:00;7,1
Stavanger - Våland;SN44640;24.02.2025 20:00;6,9
Stavanger - Våland;SN44640;24.02.2025 21:00;6,8
Stavanger - Våland;SN44640;24.02.2025 22:00;6,7
Stavanger - Våland;SN44640;24.02.2025 23:00;6,5
Stavanger - Våland;SN44640;25.02.2025 00:00;5,6
Stavanger - Våland;SN44640;25.02.2025 01:00;5,5
Stavanger - Våland;SN44640;25.02.2025 02:00;5,8
Stavanger - Våland;SN44640;25.02.2025 03:00;5,6
Stavanger - Våland;SN44640;25.02.2025 04:00;5,2
Stavanger - Våland;SN44640;25.02.2025 05:00;5
Stavanger - Våland;SN44640;25.02.2025 06:00;5,2
Stavanger - Våland;SN44640;25.02.2025 07:00;4,9
Stavanger - Våland;SN44640;25.02.2025 08:00;5
Stavanger - Våland;SN44640;25.02.2025 09:00;6,3
Stavanger - Våland;SN44640;25.02.2025 10:00;6,3
Stavanger - Våland;SN44640;25.02.2025 11:00;5,8
Stavanger - Våland;SN44640;25.02.2025 12:00;6,6
Stavanger - Våland;SN44640;25.02.2025 13:00;7
Stavanger - Våland;SN44640;25.02.2025 14:00;7,4
Stavanger - Våland;SN44640;25.02.2025 15:00;7,1
Stavanger - Våland;SN44640;25.02.2025 16:00;7,3
Stavanger - Våland;SN44640;25.02.2025 17:00;6,8
Stavanger - Våland;SN44640;25.02.2025 18:00;5,8
Stavanger - Våland;SN44640;25.02.2025 19:00;5,2
Stavanger - Våland;SN44640;25.02.2025 20:00;5,1
Stavanger - Våland;SN44640;25.02.2025 21:00;5,1
Stavanger - Våland;SN44640;25.02.2025 22:00;5,3
Stavanger - Våland;SN44640;25.02.2025 23:00;5,4
Stavanger - Våland;SN44640;26.02.2025 00:00;5,3
Stavanger - Våland;SN44640;26.02.2025 01:00;5,3
Stavanger - Våland;SN44640;26.02.2025 02:00;5,2
Stavanger - Våland;SN44640;26.02.2025 03:00;5,3
Stavanger - Våland;SN44640;26.02.2025 04:00;5,2
Stavanger - Våland;SN44640;26.02.2025 05:00;5,2
Stavanger - Våland;SN44640;26.02.2025 06:00;5,2
Stavanger - Våland;SN44640;26.02.2025 07:00;5,3
Stavanger - Våland;SN44640;26.02.2025 08:00;5,1
Stavanger - Våland;SN44640;26.02.2025 09:00;5,3
Stavanger - Våland;SN44640;26.02.2025 10:00;6,1
Stavanger - Våland;SN44640;26.02.2025 11:00;6,9
Stavanger - Våland;SN44640;26.02.2025 12:00;7,1
Stavanger - Våland;SN44640;26.02.2025 13:00;8
Stavanger - Våland;SN44640;26.02.2025 14:00;4,2
Stavanger - Våland;SN44640;26.02.2025 15:00;5,8
Stavanger - Våland;SN44640;26.02.2025 16:00;6
Stavanger - Våland;SN44640;26.02.2025 17:00;6,4
Stavanger - Våland;SN44640;26.02.2025 18:00;5,4
Stavanger - Våland;SN44640;26.02.2025 19:00;4,5
Stavanger - Våland;SN44640;26.02.2025 20:00;3,7
Stavanger - Våland;SN44640;26.02.2025 21:00;3,8
Stavanger - Våland;SN44640;26.02.2025 22:00;3,4
Stavanger - Våland;SN44640;26.02.2025 23:00;3,4
Stavanger - Våland;SN44640;27.02.2025 00:00;3,5
Stavanger - Våland;SN44640;27.02.2025 01:00;3,2
Stavanger - Våland;SN44640;27.02.2025 02:00;3,4
Stavanger - Våland;SN44640;27.02.2025 03:00;3,1
Stavanger - Våland;SN44640;27.02.2025 04:00;3,4
Stavanger - Våland;SN44640;27.02.2025 05:00;3,5
Stavanger - Våland;SN44640;27.02.2025 06:00;3,5
Stavanger - Våland;SN44640;27.02.2025 07:00;3,3
Stavanger - Våland;SN44640;27.02.2025 08:00;3,2
Stavanger - Våland;SN44640;27.02.2025 09:00;3,5
Stavanger - Våland;SN44640;27.02.2025 10:00;4,3
Stavanger - Våland;SN44640;27.02.2025 11:00;5,2
Stavanger - Våland;SN44640;27.02.2025 12:00;6,3
Stavanger - Våland;SN44640;27.02.2025 13:00;5,5
Stavanger - Våland;SN44640;27.02.2025 14:00;7,2
Stavanger - Våland;SN44640;27.02.2025 15:00;7,4
Stavanger - Våland;SN44640;27.02.2025 16:00;7,2
Stavanger - Våland;SN44640;27.02.2025 17:00;5,3
Stavanger - Våland;SN44640;27.02.2025 18:00;4,9
Stavanger - Våland;SN44640;27.02.2025 19:00;4,5
Stavanger - Våland;SN44640;27.02.2025 20:00;4,1
Stavanger - Våland;SN44640;27.02.2025 21:00;2,9
Stavanger - Våland;SN44640;27.02.2025 22:00;2,6
Stavanger - Våland;SN44640;27.02.2025 23:00;3,3
Stavanger - Våland;SN44640;28.02.2025 00:00;2,6
Stavanger - Våland;SN44640;28.02.2025 01:00;2,3
Stavanger - Våland;SN44640;28.02.2025 02:00;2
Stavanger - Våland;SN44640;28.02.2025 03:00;1,7
Stavanger - Våland;SN44640;28.02.2025 04:00;1,7
Stavanger - Våland;SN44640;28.02.2025 05:00;1,6
Stavanger - Våland;SN44640;28.02.2025 06:00;0,9
Stavanger - Våland;SN44640;28.02.2025 07:00;1,3
Stavanger - Våland;SN44640;28.02.2025 08:00;1,3
Stavanger - Våland;SN44640;28.02.2025 09:00;1,9
Stavanger - Våland;SN44640;28.02.2025 10:00;2,7
Stavanger - Våland;SN44640;28.02.2025 11:00;4,2
Stavanger - Våland;SN44640;28.02.2025 12:00;6,3
Stavanger - Våland;SN44640;28.02.2025 13:00;6,9
Stavanger - Våland;SN44640;28.02.2025 14:00;6
Stavanger - Våland;SN44640;28.02.2025 15:00;7,8
Stavanger - Våland;SN44640;28.02.2025 16:00;8
Stavanger - Våland;SN44640;28.02.2025 17:00;6,8
Stavanger - Våland;SN44640;28.02.2025 18:00;5,1
Stavanger - Våland;SN44640;28.02.2025 19:00;4
Stavanger - Våland;SN44640;28.02.2025 20:00;3,6
Stavanger - Våland;SN44640;28.02.2025 21:00;3,3
Stavanger - Våland;SN44640;28.02.2025 22:00;3
Stavanger - Våland;SN44640;28.02.2025 23:00;2,7
Stavanger - Våland;SN44640;01.03.2025 00:00;2,6
Stavanger - Våland;SN44640;01.03.2025 01:00;2,4
Stavanger - Våland;SN44640;01.03.2025 02:00;2,3
Stavanger - Våland;SN44640;01.03.2025 03:00;2,5
Stavanger - Våland;SN44640;01.03.2025 04:00;2,2
Stavanger - Våland;SN44640;01.03.2025 05:00;3,2
Stavanger - Våland;SN44640;01.03.2025 06:00;3,5
Stavanger - Våland;SN44640;01.03.2025 07:00;3,7
Stavanger - Våland;SN44640;01.03.2025 08:00;4,2
Stavanger - Våland;SN44640;01.03.2025 09:00;4,5
Stavanger - Våland;SN44640;01.03.2025 10:00;5,1
Stavanger - Våland;SN44640;01.03.2025 11:00;5,7
Stavanger - Våland;SN44640;01.03.2025 12:00;6,4
Stavanger - Våland;SN44640;01.03.2025 13:00;6,9
Stavanger - Våland;SN44640;01.03.2025 14:00;6,9
Stavanger - Våland;SN44640;01.03.2025 15:00;6
Stavanger - Våland;SN44640;01.03.2025 16:00;5,6
Stavanger - Våland;SN44640;01.03.2025 17:00;5,7
Stavanger - Våland;SN44640;01.03.2025 18:00;5,6
Stavanger - Våland;SN44640;01.03.2025 19:00;5,3
Stavanger - Våland;SN44640;01.03.2025 20:00;5,2
Stavanger - Våland;SN44640;01.03.2025 21:00;4,1
Stavanger - Våland;SN44640;01.03.2025 22:00;4,2
Stavanger - Våland;SN44640;01.03.2025 23:00;4,1
Stavanger - Våland;SN44640;02.03.2025 00:00;4,3
Stavanger - Våland;SN44640;02.03.2025 01:00;4,7
Stavanger - Våland;SN44640;02.03.2025 02:00;4,9
Stavanger - Våland;SN44640;02.03.2025 03:00;4,5
Stavanger - Våland;SN44640;02.03.2025 04:00;4,6
Stavanger - Våland;SN44640;02.03.2025 05:00;5,1
Stavanger - Våland;SN44640;02.03.2025 06:00;4,9
Stavanger - Våland;SN44640;02.03.2025 07:00;5,2
Stavanger - Våland;SN44640;02.03.2025 08:00;5
Stavanger - Våland;SN44640;02.03.2025 09:00;5,3
Stavanger - Våland;SN44640;02.03.2025 10:00;5,4
Stavanger - Våland;SN44640;02.03.2025 11:00;5,8
Stavanger - Våland;SN44640;02.03.2025 12:00;6,2
Stavanger - Våland;SN44640;02.03.2025 13:00;6,9
Stavanger - Våland;SN44640;02.03.2025 14:00;7,6
Stavanger - Våland;SN44640;02.03.2025 15:00;6,9
Stavanger - Våland;SN44640;02.03.2025 16:00;6,2
Stavanger - Våland;SN44640;02.03.2025 17:00;5,5
Stavanger - Våland;SN44640;02.03.2025 18:00;4,8
Stavanger - Våland;SN44640;02.03.2025 19:00;4,2
Stavanger - Våland;SN44640;02.03.2025 20:00;3,7
Stavanger - Våland;SN44640;02.03.2025 21:00;3
Stavanger - Våland;SN44640;02.03.2025 22:00;3,9
Stavanger - Våland;SN44640;02.03.2025 23:00;4,4
Stavanger - Våland;SN44640;03.03.2025 00:00;4,3
Stavanger - Våland;SN44640;03.03.2025 01:00;4,2
Stavanger - Våland;SN44640;03.03.2025 02:00;4,6
Stavanger - Våland;SN44640;03.03.2025 03:00;5,1
Stavanger - Våland;SN44640;03.03.2025 04:00;5,3
Stavanger - Våland;SN44640;03.03.2025 05:00;5,4
Stavanger - Våland;SN44640;03.03.2025 06:00;5,3
Stavanger - Våland;SN44640;03.03.2025 07:00;5,8
Stavanger - Våland;SN44640;03.03.2025 08:00;6,1
Stavanger - Våland;SN44640;03.03.2025 09:00;6,1
Stavanger - Våland;SN44640;03.03.2025 10:00;6,6
Stavanger - Våland;SN44640;03.03.2025 11:00;7,2
Stavanger - Våland;SN44640;03.03.2025 12:00;6,9
Stavanger - Våland;SN44640;03.03.2025 13:00;7,2
Stavanger - Våland;SN44640;03.03.2025 14:00;6,5
Stavanger - Våland;SN44640;03.03.2025 15:00;6,5
Stavanger - Våland;SN44640;03.03.2025 16:00;6,5
Stavanger - Våland;SN44640;03.03.2025 17:00;6,2
Stavanger - Våland;SN44640;03.03.2025 18:00;6,1
Stavanger - Våland;SN44640;03.03.2025 19:00;6,1
Stavanger - Våland;SN44640;03.03.2025 20:00;5,7
Stavanger - Våland;SN44640;03.03.2025 21:00;6,1
Stavanger - Våland;SN44640;03.03.2025 22:00;6,3
Stavanger - Våland;SN44640;03.03.2025 23:00;6,5
Stavanger - Våland;SN44640;04.03.2025 00:00;6,1
Stavanger - Våland;SN44640;04.03.2025 01:00;6,3
Stavanger - Våland;SN44640;04.03.2025 02:00;6,5
Stavanger - Våland;SN44640;04.03.2025 03:00;6,2
Stavanger - Våland;SN44640;04.03.2025 04:00;5,8
Stavanger - Våland;SN44640;04.03.2025 05:00;6,3
Stavanger - Våland;SN44640;04.03.2025 06:00;5,5
Stavanger - Våland;SN44640;04.03.2025 07:00;5
Stavanger - Våland;SN44640;04.03.2025 08:00;5,1
Stavanger - Våland;SN44640;04.03.2025 09:00;5,8
Stavanger - Våland;SN44640;04.03.2025 10:00;7,1
Stavanger - Våland;SN44640;04.03.2025 11:00;7
Stavanger - Våland;SN44640;04.03.2025 12:00;7,3
Stavanger - Våland;SN44640;04.03.2025 13:00;7,3
Stavanger - Våland;SN44640;04.03.2025 14:00;7,3
Stavanger - Våland;SN44640;04.03.2025 15:00;6,9
Stavanger - Våland;SN44640;04.03.2025 16:00;7,4
Stavanger - Våland;SN44640;04.03.2025 17:00;7
Stavanger - Våland;SN44640;04.03.2025 18:00;6,7
Stavanger - Våland;SN44640;04.03.2025 19:00;6,6
Stavanger - Våland;SN44640;04.03.2025 20:00;6,3
Stavanger - Våland;SN44640;04.03.2025 21:00;6,4
Stavanger - Våland;SN44640;04.03.2025 22:00;6
Stavanger - Våland;SN44640;04.03.2025 23:00;6
Stavanger - Våland;SN44640;05.03.2025 00:00;6
Stavanger - Våland;SN44640;05.03.2025 01:00;6
Stavanger - Våland;SN44640;05.03.2025 02:00;6,1
Stavanger - Våland;SN44640;05.03.2025 03:00;6,1
Stavanger - Våland;SN44640;05.03.2025 04:00;6,1
Stavanger - Våland;SN44640;05.03.2025 05:00;6
Stavanger - Våland;SN44640;05.03.2025 06:00;6,2
Stavanger - Våland;SN44640;05.03.2025 07:00;6,4
Stavanger - Våland;SN44640;05.03.2025 08:00;6,6
Stavanger - Våland;SN44640;05.03.2025 09:00;6,7
Stavanger - Våland;SN44640;05.03.2025 10:00;7
Stavanger - Våland;SN44640;05.03.2025 11:00;7,4
Stavanger - Våland;SN44640;05.03.2025 12:00;7,4
Stavanger - Våland;SN44640;05.03.2025 13:00;7,6
Stavanger - Våland;SN44640;05.03.2025 14:00;7,4
Stavanger - Våland;SN44640;05.03.2025 15:00;7,4
Stavanger - Våland;SN44640;05.03.2025 16:00;7,3
Stavanger - Våland;SN44640;05.03.2025 17:00;7,4
Stavanger - Våland;SN44640;05.03.2025 18:00;7,5
Stavanger - Våland;SN44640;05.03.2025 19:00;7,6
Stavanger - Våland;SN44640;05.03.2025 20:00;7,7
Stavanger - Våland;SN44640;05.03.2025 21:00;7,3
Stavanger - Våland;SN44640;05.03.2025 22:00;7,2
Stavanger - Våland;SN44640;05.03.2025 23:00;7,4
Stavanger - Våland;SN44640;06.03.2025 00:00;7,5
Stavanger - Våland;SN44640;06.03.2025 01:00;7,4
Stavanger - Våland;SN44640;06.03.2025 02:00;7,3
Stavanger - Våland;SN44640;06.03.2025 03:00;7,5
Stavanger - Våland;SN44640;06.03.2025 04:00;7,5
Stavanger - Våland;SN44640;06.03.2025 05:00;7,3
Stavanger - Våland;SN44640;06.03.2025 06:00;7,3
Stavanger - Våland;SN44640;06.03.2025 07:00;7,3
Stavanger - Våland;SN44640;06.03.2025 08:00;7,4
Stavanger - Våland;SN44640;06.03.2025 09:00;7,7
Stavanger - Våland;SN44640;06.03.2025 10:00;7,7
Stavanger - Våland;SN44640;06.03.2025 11:00;7,9
Stavanger - Våland;SN44640;06.03.2025 12:00;7,7
Stavanger - Våland;SN44640;06.03.2025 13:00;7,6
Stavanger - Våland;SN44640;06.03.2025 14:00;7,3
Stavanger - Våland;SN44640;06.03.2025 15:00;7,2
Stavanger - Våland;SN44640;06.03.2025 16:00;7,3
Stavanger - Våland;SN44640;06.03.2025 17:00;7,1
Stavanger - Våland;SN44640;06.03.2025 18:00;6,8
Stavanger - Våland;SN44640;06.03.2025 19:00;6,1
Stavanger - Våland;SN44640;06.03.2025 20:00;6,5
Stavanger - Våland;SN44640;06.03.2025 21:00;7
Stavanger - Våland;SN44640;06.03.2025 22:00;8,2
Stavanger - Våland;SN44640;06.03.2025 23:00;8
Stavanger - Våland;SN44640;07.03.2025 00:00;8,3
Stavanger - Våland;SN44640;07.03.2025 01:00;7,9
Stavanger - Våland;SN44640;07.03.2025 02:00;8
Stavanger - Våland;SN44640;07.03.2025 03:00;8,2
Stavanger - Våland;SN44640;07.03.2025 04:00;8,3
Stavanger - Våland;SN44640;07.03.2025 05:00;8
Stavanger - Våland;SN44640;07.03.2025 06:00;7,4
Stavanger - Våland;SN44640;07.03.2025 07:00;7,1
Stavanger - Våland;SN44640;07.03.2025 08:00;7,5
Stavanger - Våland;SN44640;07.03.2025 09:00;8,1
Stavanger - Våland;SN44640;07.03.2025 10:00;8,5
Stavanger - Våland;SN44640;07.03.2025 11:00;7,4
Stavanger - Våland;SN44640;07.03.2025 12:00;7,4
Stavanger - Våland;SN44640;07.03.2025 13:00;7,4
Stavanger - Våland;SN44640;07.03.2025 14:00;7,5
Stavanger - Våland;SN44640;07.03.2025 15:00;7,9
Stavanger - Våland;SN44640;07.03.2025 16:00;7,8
Stavanger - Våland;SN44640;07.03.2025 17:00;7,4
Stavanger - Våland;SN44640;07.03.2025 18:00;7,2
Stavanger - Våland;SN44640;07.03.2025 19:00;7
Stavanger - Våland;SN44640;07.03.2025 20:00;6,6
Stavanger - Våland;SN44640;07.03.2025 21:00;6,4
Stavanger - Våland;SN44640;07.03.2025 22:00;6,3
Stavanger - Våland;SN44640;07.03.2025 23:00;5,7
Stavanger - Våland;SN44640;08.03.2025 00:00;5,7
Stavanger - Våland;SN44640;08.03.2025 01:00;5,4
Stavanger - Våland;SN44640;08.03.2025 02:00;5,6
Stavanger - Våland;SN44640;08.03.2025 03:00;5,5
Stavanger - Våland;SN44640;08.03.2025 04:00;5,4
Stavanger - Våland;SN44640;08.03.2025 05:00;5
Stavanger - Våland;SN44640;08.03.2025 06:00;5,3
Stavanger - Våland;SN44640;08.03.2025 07:00;5,3
Stavanger - Våland;SN44640;08.03.2025 08:00;5,1
Stavanger - Våland;SN44640;08.03.2025 09:00;5,2
Stavanger - Våland;SN44640;08.03.2025 10:00;5,6
Stavanger - Våland;SN44640;08.03.2025 11:00;6,7
Stavanger - Våland;SN44640;08.03.2025 12:00;7,5
Stavanger - Våland;SN44640;08.03.2025 13:00;7
Stavanger - Våland;SN44640;08.03.2025 14:00;8
Stavanger - Våland;SN44640;08.03.2025 15:00;10,8
Stavanger - Våland;SN44640;08.03.2025 16:00;11,5
Stavanger - Våland;SN44640;08.03.2025 17:00;11,4
Stavanger - Våland;SN44640;08.03.2025 18:00;10,7
Stavanger - Våland;SN44640;08.03.2025 19:00;9,7
Stavanger - Våland;SN44640;08.03.2025 20:00;9,7
Stavanger - Våland;SN44640;08.03.2025 21:00;9,3
Stavanger - Våland;SN44640;08.03.2025 22:00;9,2
Stavanger - Våland;SN44640;08.03.2025 23:00;9,1
Stavanger - Våland;SN44640;09.03.2025 00:00;8,7
Stavanger - Våland;SN44640;09.03.2025 01:00;8,2
Stavanger - Våland;SN44640;09.03.2025 02:00;7,3
Stavanger - Våland;SN44640;09.03.2025 03:00;7,4
Stavanger - Våland;SN44640;09.03.2025 04:00;7,6
Stavanger - Våland;SN44640;09.03.2025 05:00;6,3
Stavanger - Våland;SN44640;09.03.2025 06:00;5,1
Stavanger - Våland;SN44640;09.03.2025 07:00;4,5
Stavanger - Våland;SN44640;09.03.2025 08:00;4,8
Stavanger - Våland;SN44640;09.03.2025 09:00;5,8
Stavanger - Våland;SN44640;09.03.2025 10:00;7,3
Stavanger - Våland;SN44640;09.03.2025 11:00;9,3
Stavanger - Våland;SN44640;09.03.2025 12:00;9,2
Stavanger - Våland;SN44640;09.03.2025 13:00;8,8
Stavanger - Våland;SN44640;09.03.2025 14:00;8,9
Stavanger - Våland;SN44640;09.03.2025 15:00;10,7
Stavanger - Våland;SN44640;09.03.2025 16:00;9,3
Stavanger - Våland;SN44640;09.03.2025 17:00;7,9
Stavanger - Våland;SN44640;09.03.2025 18:00;5
Stavanger - Våland;SN44640;09.03.2025 19:00;3,7
Stavanger - Våland;SN44640;09.03.2025 20:00;3,3
Stavanger - Våland;SN44640;09.03.2025 21:00;2,9
Stavanger - Våland;SN44640;09.03.2025 22:00;2,7
Stavanger - Våland;SN44640;09.03.2025 23:00;2,9
Stavanger - Våland;SN44640;10.03.2025 00:00;2,5
Stavanger - Våland;SN44640;10.03.2025 01:00;2,8
Stavanger - Våland;SN44640;10.03.2025 02:00;2,9
Stavanger - Våland;SN44640;10.03.2025 03:00;2,9
Stavanger - Våland;SN44640;10.03.2025 04:00;2,9
Stavanger - Våland;SN44640;10.03.2025 05:00;2,7
Stavanger - Våland;SN44640;10.03.2025 06:00;2,8
Stavanger - Våland;SN44640;10.03.2025 07:00;3,1
Stavanger - Våland;SN44640;10.03.2025 08:00;3,5
Stavanger - Våland;SN44640;10.03.2025 09:00;3,8
Stavanger - Våland;SN44640;10.03.2025 10:00;3,6
Stavanger - Våland;SN44640;10.03.2025 11:00;3,8
Stavanger - Våland;SN44640;10.03.2025 12:00;4,4
Stavanger - Våland;SN44640;10.03.2025 13:00;4,3
Stavanger - Våland;SN44640;10.03.2025 14:00;4,6
Stavanger - Våland;SN44640;10.03.2025 15:00;4,2
Stavanger - Våland;SN44640;10.03.2025 16:00;4,4
Stavanger - Våland;SN44640;10.03.2025 17:00;4,1
Stavanger - Våland;SN44640;10.03.2025 18:00;4,2
Stavanger - Våland;SN44640;10.03.2025 19:00;4
Stavanger - Våland;SN44640;10.03.2025 20:00;4
Stavanger - Våland;SN44640;10.03.2025 21:00;4
Stavanger - Våland;SN44640;10.03.2025 22:00;3,6
Stavanger - Våland;SN44640;10.03.2025 23:00;3,5
Stavanger - Våland;SN44640;11.03.2025 00:00;3,6
Stavanger - Våland;SN44640;11.03.2025 01:00;3,5
Stavanger - Våland;SN44640;11.03.2025 02:00;3,2
Stavanger - Våland;SN44640;11.03.2025 03:00;3,2
Stavanger - Våland;SN44640;11.03.2025 04:00;3,2
Stavanger - Våland;SN44640;11.03.2025 05:00;2,9
Stavanger - Våland;SN44640;11.03.2025 06:00;2,9
Stavanger - Våland;SN44640;11.03.2025 07:00;3,1
Stavanger - Våland;SN44640;11.03.2025 08:00;3,1
Stavanger - Våland;SN44640;11.03.2025 09:00;2,5
Stavanger - Våland;SN44640;11.03.2025 10:00;2,4
Stavanger - Våland;SN44640;11.03.2025 11:00;3,6
Stavanger - Våland;SN44640;11.03.2025 12:00;4,3
Stavanger - Våland;SN44640;11.03.2025 13:00;5,2
Stavanger - Våland;SN44640;11.03.2025 14:00;4,8
Stavanger - Våland;SN44640;11.03.2025 15:00;5,3
Stavanger - Våland;SN44640;11.03.2025 16:00;4,4
Stavanger - Våland;SN44640;11.03.2025 17:00;3,7
Stavanger - Våland;SN44640;11.03.2025 18:00;3,2
Stavanger - Våland;SN44640;11.03.2025 19:00;2,6
Stavanger - Våland;SN44640;11.03.2025 20:00;2,5
Stavanger - Våland;SN44640;11.03.2025 21:00;2,2
Stavanger - Våland;SN44640;11.03.2025 22:00;1,8
Stavanger - Våland;SN44640;11.03.2025 23:00;1,5
Stavanger - Våland;SN44640;12.03.2025 00:00;1,5
Stavanger - Våland;SN44640;12.03.2025 01:00;1,4
Stavanger - Våland;SN44640;12.03.2025 02:00;1,2
Stavanger - Våland;SN44640;12.03.2025 03:00;1,3
Stavanger - Våland;SN44640;12.03.2025 04:00;1,5
Stavanger - Våland;SN44640;12.03.2025 05:00;1,8
Stavanger - Våland;SN44640;12.03.2025 06:00;1,6
Stavanger - Våland;SN44640;12.03.2025 07:00;1,2
Stavanger - Våland;SN44640;12.03.2025 08:00;1,4
Stavanger - Våland;SN44640;12.03.2025 09:00;2,4
Stavanger - Våland;SN44640;12.03.2025 10:00;3,2
Stavanger - Våland;SN44640;12.03.2025 11:00;4,1
Stavanger - Våland;SN44640;12.03.2025 12:00;4,6
Stavanger - Våland;SN44640;12.03.2025 13:00;4,8
Stavanger - Våland;SN44640;12.03.2025 14:00;4,9
Stavanger - Våland;SN44640;12.03.2025 15:00;5,5
Stavanger - Våland;SN44640;12.03.2025 16:00;4,8
Stavanger - Våland;SN44640;12.03.2025 17:00;5,3
Stavanger - Våland;SN44640;12.03.2025 18:00;3,5
Stavanger - Våland;SN44640;12.03.2025 19:00;3,1
Stavanger - Våland;SN44640;12.03.2025 20:00;1,9
Stavanger - Våland;SN44640;12.03.2025 21:00;0,8
Stavanger - Våland;SN44640;12.03.2025 22:00;0,6
Stavanger - Våland;SN44640;12.03.2025 23:00;0,4
Stavanger - Våland;SN44640;13.03.2025 00:00;0,8
Stavanger - Våland;SN44640;13.03.2025 01:00;-0,3
Stavanger - Våland;SN44640;13.03.2025 02:00;0
Stavanger - Våland;SN44640;13.03.2025 03:00;-0,4
Stavanger - Våland;SN44640;13.03.2025 04:00;-0,5
Stavanger - Våland;SN44640;13.03.2025 05:00;-0,5
Stavanger - Våland;SN44640;13.03.2025 06:00;-1,1
Stavanger - Våland;SN44640;13.03.2025 07:00;-1,1
Stavanger - Våland;SN44640;13.03.2025 08:00;-0,9
Stavanger - Våland;SN44640;13.03.2025 09:00;0,6
Stavanger - Våland;SN44640;13.03.2025 10:00;2,1
Stavanger - Våland;SN44640;13.03.2025 11:00;2,7
Stavanger - Våland;SN44640;13.03.2025 12:00;3,6
Stavanger - Våland;SN44640;13.03.2025 13:00;4,1
Stavanger - Våland;SN44640;13.03.2025 14:00;4,5
Stavanger - Våland;SN44640;13.03.2025 15:00;5,2
Stavanger - Våland;SN44640;13.03.2025 16:00;4,1
Stavanger - Våland;SN44640;13.03.2025 17:00;3,8
Stavanger - Våland;SN44640;13.03.2025 18:00;2,7
Stavanger - Våland;SN44640;13.03.2025 19:00;0,9
Stavanger - Våland;SN44640;13.03.2025 20:00;0,9
Stavanger - Våland;SN44640;13.03.2025 21:00;0
Stavanger - Våland;SN44640;13.03.2025 22:00;0
Stavanger - Våland;SN44640;13.03.2025 23:00;0,6
Stavanger - Våland;SN44640;14.03.2025 00:00;-0,5
Stavanger - Våland;SN44640;14.03.2025 01:00;-0,6
Stavanger - Våland;SN44640;14.03.2025 02:00;-0,3
Stavanger - Våland;SN44640;14.03.2025 03:00;-0,9
Stavanger - Våland;SN44640;14.03.2025 04:00;-0,4
Stavanger - Våland;SN44640;14.03.2025 05:00;-1,1
Stavanger - Våland;SN44640;14.03.2025 06:00;-0,8
Stavanger - Våland;SN44640;14.03.2025 07:00;-0,9
Stavanger - Våland;SN44640;14.03.2025 08:00;-0,5
Stavanger - Våland;SN44640;14.03.2025 09:00;1,3
Stavanger - Våland;SN44640;14.03.2025 10:00;2,5
Stavanger - Våland;SN44640;14.03.2025 11:00;3,4
Stavanger - Våland;SN44640;14.03.2025 12:00;4,2
Stavanger - Våland;SN44640;14.03.2025 13:00;5,3
Stavanger - Våland;SN44640;14.03.2025 14:00;5,8
Stavanger - Våland;SN44640;14.03.2025 15:00;6,3
Stavanger - Våland;SN44640;14.03.2025 16:00;5,9
Stavanger - Våland;SN44640;14.03.2025 17:00;5,7
Stavanger - Våland;SN44640;14.03.2025 18:00;4,2
Stavanger - Våland;SN44640;14.03.2025 19:00;1,5
Stavanger - Våland;SN44640;14.03.2025 20:00;0,5
Stavanger - Våland;SN44640;14.03.2025 21:00;1,1
Stavanger - Våland;SN44640;14.03.2025 22:00;0,6
Stavanger - Våland;SN44640;14.03.2025 23:00;1,2
Stavanger - Våland;SN44640;15.03.2025 00:00;0,1
Stavanger - Våland;SN44640;15.03.2025 01:00;-0,3
Stavanger - Våland;SN44640;15.03.2025 02:00;-0,8
Stavanger - Våland;SN44640;15.03.2025 03:00;-0,7
Stavanger - Våland;SN44640;15.03.2025 04:00;0,6
Stavanger - Våland;SN44640;15.03.2025 05:00;1,2
Stavanger - Våland;SN44640;15.03.2025 06:00;1,3
Stavanger - Våland;SN44640;15.03.2025 07:00;1,2
Stavanger - Våland;SN44640;15.03.2025 08:00;1,5
Stavanger - Våland;SN44640;15.03.2025 09:00;2,7
Stavanger - Våland;SN44640;15.03.2025 10:00;3,7
Stavanger - Våland;SN44640;15.03.2025 11:00;4,7
Stavanger - Våland;SN44640;15.03.2025 12:00;5,7
Stavanger - Våland;SN44640;15.03.2025 13:00;5,8
Stavanger - Våland;SN44640;15.03.2025 14:00;6
Stavanger - Våland;SN44640;15.03.2025 15:00;6,4
Stavanger - Våland;SN44640;15.03.2025 16:00;6
Stavanger - Våland;SN44640;15.03.2025 17:00;5,4
Stavanger - Våland;SN44640;15.03.2025 18:00;5,2
Stavanger - Våland;SN44640;15.03.2025 19:00;5,2
Stavanger - Våland;SN44640;15.03.2025 20:00;5,4
Stavanger - Våland;SN44640;15.03.2025 21:00;5,6
Stavanger - Våland;SN44640;15.03.2025 22:00;5,7
Stavanger - Våland;SN44640;15.03.2025 23:00;5,6
Stavanger - Våland;SN44640;16.03.2025 00:00;5,5
Stavanger - Våland;SN44640;16.03.2025 01:00;5,1
Stavanger - Våland;SN44640;16.03.2025 02:00;4,9
Stavanger - Våland;SN44640;16.03.2025 03:00;3,1
Stavanger - Våland;SN44640;16.03.2025 04:00;3,2
Stavanger - Våland;SN44640;16.03.2025 05:00;3,5
Stavanger - Våland;SN44640;16.03.2025 06:00;3,1
Stavanger - Våland;SN44640;16.03.2025 07:00;3,2
Stavanger - Våland;SN44640;16.03.2025 08:00;3
Stavanger - Våland;SN44640;16.03.2025 09:00;4,3
Stavanger - Våland;SN44640;16.03.2025 10:00;4,9
Stavanger - Våland;SN44640;16.03.2025 11:00;5,1
Stavanger - Våland;SN44640;16.03.2025 12:00;5,6
Stavanger - Våland;SN44640;16.03.2025 13:00;6,3
Stavanger - Våland;SN44640;16.03.2025 14:00;7,2
Stavanger - Våland;SN44640;16.03.2025 15:00;7,7
Stavanger - Våland;SN44640;16.03.2025 16:00;7,3
Stavanger - Våland;SN44640;16.03.2025 17:00;7
Stavanger - Våland;SN44640;16.03.2025 18:00;5,3
Stavanger - Våland;SN44640;16.03.2025 19:00;4,2
Stavanger - Våland;SN44640;16.03.2025 20:00;3
Stavanger - Våland;SN44640;16.03.2025 21:00;1,8
Stavanger - Våland;SN44640;16.03.2025 22:00;0,8
Stavanger - Våland;SN44640;16.03.2025 23:00;1,1
Stavanger - Våland;SN44640;17.03.2025 00:00;0,8
Stavanger - Våland;SN44640;17.03.2025 01:00;1,1
Stavanger - Våland;SN44640;17.03.2025 02:00;2,3
Stavanger - Våland;SN44640;17.03.2025 03:00;2,4
Stavanger - Våland;SN44640;17.03.2025 04:00;2,6
Stavanger - Våland;SN44640;17.03.2025 05:00;1,9
Stavanger - Våland;SN44640;17.03.2025 06:00;1
Stavanger - Våland;SN44640;17.03.2025 07:00;0,6
Stavanger - Våland;SN44640;17.03.2025 08:00;1,2
Stavanger - Våland;SN44640;17.03.2025 09:00;3,4
Stavanger - Våland;SN44640;17.03.2025 10:00;4,7
Stavanger - Våland;SN44640;17.03.2025 11:00;5,8
Stavanger - Våland;SN44640;17.03.2025 12:00;5,9
Stavanger - Våland;SN44640;17.03.2025 13:00;6,2
Stavanger - Våland;SN44640;17.03.2025 14:00;6,2
Stavanger - Våland;SN44640;17.03.2025 15:00;6,3
Stavanger - Våland;SN44640;17.03.2025 16:00;5,9
Stavanger - Våland;SN44640;17.03.2025 17:00;5,5
Stavanger - Våland;SN44640;17.03.2025 18:00;4,4
Stavanger - Våland;SN44640;17.03.2025 19:00;3,7
Stavanger - Våland;SN44640;17.03.2025 20:00;2,9
Stavanger - Våland;SN44640;17.03.2025 21:00;2,5
Stavanger - Våland;SN44640;17.03.2025 22:00;2,4
Stavanger - Våland;SN44640;17.03.2025 23:00;2
Stavanger - Våland;SN44640;18.03.2025 00:00;2,1
Stavanger - Våland;SN44640;18.03.2025 01:00;2,5
Stavanger - Våland;SN44640;18.03.2025 02:00;3,6
Stavanger - Våland;SN44640;18.03.2025 03:00;3,7
Stavanger - Våland;SN44640;18.03.2025 04:00;3,7
Stavanger - Våland;SN44640;18.03.2025 05:00;3,5
Stavanger - Våland;SN44640;18.03.2025 06:00;2,9
Stavanger - Våland;SN44640;18.03.2025 07:00;3,2
Stavanger - Våland;SN44640;18.03.2025 08:00;3
Stavanger - Våland;SN44640;18.03.2025 09:00;4,5
Stavanger - Våland;SN44640;18.03.2025 10:00;6,2
Stavanger - Våland;SN44640;18.03.2025 11:00;6,6
Stavanger - Våland;SN44640;18.03.2025 12:00;7,3
Stavanger - Våland;SN44640;18.03.2025 13:00;7,3
Stavanger - Våland;SN44640;18.03.2025 14:00;7,7
Stavanger - Våland;SN44640;18.03.2025 15:00;6,8
Stavanger - Våland;SN44640;18.03.2025 16:00;6,9
Stavanger - Våland;SN44640;18.03.2025 17:00;6,6
Stavanger - Våland;SN44640;18.03.2025 18:00;5
Stavanger - Våland;SN44640;18.03.2025 19:00;4,1
Stavanger - Våland;SN44640;18.03.2025 20:00;3,6
Stavanger - Våland;SN44640;18.03.2025 21:00;3,4
Stavanger - Våland;SN44640;18.03.2025 22:00;3,5
Stavanger - Våland;SN44640;18.03.2025 23:00;3
Stavanger - Våland;SN44640;19.03.2025 00:00;2,8
Stavanger - Våland;SN44640;19.03.2025 01:00;2,4
Stavanger - Våland;SN44640;19.03.2025 02:00;2
Stavanger - Våland;SN44640;19.03.2025 03:00;0,3
Stavanger - Våland;SN44640;19.03.2025 04:00;0,3
Stavanger - Våland;SN44640;19.03.2025 05:00;0,1
Stavanger - Våland;SN44640;19.03.2025 06:00;0,9
Stavanger - Våland;SN44640;19.03.2025 07:00;1,1
Stavanger - Våland;SN44640;19.03.2025 08:00;2,6
Stavanger - Våland;SN44640;19.03.2025 09:00;4,1
Stavanger - Våland;SN44640;19.03.2025 10:00;5,2
Stavanger - Våland;SN44640;19.03.2025 11:00;7
Stavanger - Våland;SN44640;19.03.2025 12:00;7,5
Stavanger - Våland;SN44640;19.03.2025 13:00;8
Stavanger - Våland;SN44640;19.03.2025 14:00;7,8
Stavanger - Våland;SN44640;19.03.2025 15:00;7,2
Stavanger - Våland;SN44640;19.03.2025 16:00;6,7
Stavanger - Våland;SN44640;19.03.2025 17:00;6,2
Stavanger - Våland;SN44640;19.03.2025 18:00;4,9
Stavanger - Våland;SN44640;19.03.2025 19:00;3,3
Stavanger - Våland;SN44640;19.03.2025 20:00;1,9
Stavanger - Våland;SN44640;19.03.2025 21:00;1,7
Stavanger - Våland;SN44640;19.03.2025 22:00;1,6
Stavanger - Våland;SN44640;19.03.2025 23:00;1,6
Stavanger - Våland;SN44640;20.03.2025 00:00;1,1
Stavanger - Våland;SN44640;20.03.2025 01:00;1,8
Stavanger - Våland;SN44640;20.03.2025 02:00;1,2
Stavanger - Våland;SN44640;20.03.2025 03:00;1,6
Stavanger - Våland;SN44640;20.03.2025 04:00;1,9
Stavanger - Våland;SN44640;20.03.2025 05:00;1,6
Stavanger - Våland;SN44640;20.03.2025 06:00;1,7
Stavanger - Våland;SN44640;20.03.2025 07:00;1,5
Stavanger - Våland;SN44640;20.03.2025 08:00;2,8
Stavanger - Våland;SN44640;20.03.2025 09:00;4,1
Stavanger - Våland;SN44640;20.03.2025 10:00;6,1
Stavanger - Våland;SN44640;20.03.2025 11:00;7,3
Stavanger - Våland;SN44640;20.03.2025 12:00;7,8
Stavanger - Våland;SN44640;20.03.2025 13:00;7,7
Stavanger - Våland;SN44640;20.03.2025 14:00;8,7
Stavanger - Våland;SN44640;20.03.2025 15:00;8,8
Stavanger - Våland;SN44640;20.03.2025 16:00;8,7
Stavanger - Våland;SN44640;20.03.2025 17:00;8,8
Stavanger - Våland;SN44640;20.03.2025 18:00;6,5
Stavanger - Våland;SN44640;20.03.2025 19:00;4,9
Stavanger - Våland;SN44640;20.03.2025 20:00;4,1
Stavanger - Våland;SN44640;20.03.2025 21:00;3,5
Stavanger - Våland;SN44640;20.03.2025 22:00;3,3
Stavanger - Våland;SN44640;20.03.2025 23:00;3,4
Stavanger - Våland;SN44640;21.03.2025 00:00;3,3
Stavanger - Våland;SN44640;21.03.2025 01:00;3,1
Stavanger - Våland;SN44640;21.03.2025 02:00;3,6
Stavanger - Våland;SN44640;21.03.2025 03:00;4
Stavanger - Våland;SN44640;21.03.2025 04:00;4,5
Stavanger - Våland;SN44640;21.03.2025 05:00;5,5
Stavanger - Våland;SN44640;21.03.2025 06:00;5,8
Stavanger - Våland;SN44640;21.03.2025 07:00;6
Stavanger - Våland;SN44640;21.03.2025 08:00;6,5
Stavanger - Våland;SN44640;21.03.2025 09:00;9,3
Stavanger - Våland;SN44640;21.03.2025 10:00;10,9
Stavanger - Våland;SN44640;21.03.2025 11:00;11,6
Stavanger - Våland;SN44640;21.03.2025 12:00;12,5
Stavanger - Våland;SN44640;21.03.2025 13:00;13,1
Stavanger - Våland;SN44640;21.03.2025 14:00;12,2
Stavanger - Våland;SN44640;21.03.2025 15:00;12,8
Stavanger - Våland;SN44640;21.03.2025 16:00;12,3
Stavanger - Våland;SN44640;21.03.2025 17:00;11,3
Stavanger - Våland;SN44640;21.03.2025 18:00;10,4
Stavanger - Våland;SN44640;21.03.2025 19:00;9
Stavanger - Våland;SN44640;21.03.2025 20:00;8,2
Stavanger - Våland;SN44640;21.03.2025 21:00;8,1
Stavanger - Våland;SN44640;21.03.2025 22:00;7,9
Stavanger - Våland;SN44640;21.03.2025 23:00;7,9
Stavanger - Våland;SN44640;22.03.2025 00:00;7,9
Stavanger - Våland;SN44640;22.03.2025 01:00;8,3
Stavanger - Våland;SN44640;22.03.2025 02:00;8
Stavanger - Våland;SN44640;22.03.2025 03:00;7,8
Stavanger - Våland;SN44640;22.03.2025 04:00;7,8
Stavanger - Våland;SN44640;22.03.2025 05:00;7,5
Stavanger - Våland;SN44640;22.03.2025 06:00;7,5
Stavanger - Våland;SN44640;22.03.2025 07:00;7,6
Stavanger - Våland;SN44640;22.03.2025 08:00;8,2
Stavanger - Våland;SN44640;22.03.2025 09:00;9,2
Stavanger - Våland;SN44640;22.03.2025 10:00;9,6
Stavanger - Våland;SN44640;22.03.2025 11:00;10,7
Stavanger - Våland;SN44640;22.03.2025 12:00;11,7
Stavanger - Våland;SN44640;22.03.2025 13:00;13,4
Stavanger - Våland;SN44640;22.03.2025 14:00;13,4
Stavanger - Våland;SN44640;22.03.2025 15:00;11,8
Stavanger - Våland;SN44640;22.03.2025 16:00;11,6
Stavanger - Våland;SN44640;22.03.2025 17:00;10,9
Stavanger - Våland;SN44640;22.03.2025 18:00;9,4
Stavanger - Våland;SN44640;22.03.2025 19:00;8,1
Stavanger - Våland;SN44640;22.03.2025 20:00;8,2
Stavanger - Våland;SN44640;22.03.2025 21:00;8,9
Stavanger - Våland;SN44640;22.03.2025 22:00;8,5
Stavanger - Våland;SN44640;22.03.2025 23:00;7,7
Stavanger - Våland;SN44640;23.03.2025 00:00;7,8
Stavanger - Våland;SN44640;23.03.2025 01:00;7,4
Stavanger - Våland;SN44640;23.03.2025 02:00;7
Stavanger - Våland;SN44640;23.03.2025 03:00;6,8
Stavanger - Våland;SN44640;23.03.2025 04:00;7,1
Stavanger - Våland;SN44640;23.03.2025 05:00;7
Stavanger - Våland;SN44640;23.03.2025 06:00;6,9
Stavanger - Våland;SN44640;23.03.2025 07:00;6,5
Stavanger - Våland;SN44640;23.03.2025 08:00;7,3
Stavanger - Våland;SN44640;23.03.2025 09:00;9,1
Stavanger - Våland;SN44640;23.03.2025 10:00;10,2
Stavanger - Våland;SN44640;23.03.2025 11:00;10,8
Stavanger - Våland;SN44640;23.03.2025 12:00;11,2
Stavanger - Våland;SN44640;23.03.2025 13:00;11,5
Stavanger - Våland;SN44640;23.03.2025 14:00;11,2
Stavanger - Våland;SN44640;23.03.2025 15:00;10,9
Stavanger - Våland;SN44640;23.03.2025 16:00;10,6
Stavanger - Våland;SN44640;23.03.2025 17:00;10,3
Stavanger - Våland;SN44640;23.03.2025 18:00;9,8
Stavanger - Våland;SN44640;23.03.2025 19:00;9,5
Stavanger - Våland;SN44640;23.03.2025 20:00;9,2
Stavanger - Våland;SN44640;23.03.2025 21:00;9,4
Stavanger - Våland;SN44640;23.03.2025 22:00;9,3
Stavanger - Våland;SN44640;23.03.2025 23:00;9
Stavanger - Våland;SN44640;24.03.2025 00:00;8,2
Stavanger - Våland;SN44640;24.03.2025 01:00;7,9
Stavanger - Våland;SN44640;24.03.2025 02:00;7,5
Stavanger - Våland;SN44640;24.03.2025 03:00;7,1
Stavanger - Våland;SN44640;24.03.2025 04:00;6,1
Stavanger - Våland;SN44640;24.03.2025 05:00;6,1
Stavanger - Våland;SN44640;24.03.2025 06:00;5,5
Stavanger - Våland;SN44640;24.03.2025 07:00;5,2
Stavanger - Våland;SN44640;24.03.2025 08:00;5,5
Stavanger - Våland;SN44640;24.03.2025 09:00;7
Stavanger - Våland;SN44640;24.03.2025 10:00;8
Stavanger - Våland;SN44640;24.03.2025 11:00;8,4
Stavanger - Våland;SN44640;24.03.2025 12:00;9,9
Stavanger - Våland;SN44640;24.03.2025 13:00;8,5
Stavanger - Våland;SN44640;24.03.2025 14:00;8,2
Stavanger - Våland;SN44640;24.03.2025 15:00;7,8
Stavanger - Våland;SN44640;24.03.2025 16:00;7,2
Stavanger - Våland;SN44640;24.03.2025 17:00;6,6
Stavanger - Våland;SN44640;24.03.2025 18:00;6,3
Stavanger - Våland;SN44640;24.03.2025 19:00;5,7
Stavanger - Våland;SN44640;24.03.2025 20:00;5,6
Stavanger - Våland;SN44640;24.03.2025 21:00;5,6
Stavanger - Våland;SN44640;24.03.2025 22:00;5,3
Stavanger - Våland;SN44640;24.03.2025 23:00;5,5
Stavanger - Våland;SN44640;25.03.2025 00:00;5,7
Stavanger - Våland;SN44640;25.03.2025 01:00;5,9
Stavanger - Våland;SN44640;25.03.2025 02:00;6
Stavanger - Våland;SN44640;25.03.2025 03:00;6,3
Stavanger - Våland;SN44640;25.03.2025 04:00;6,7
Stavanger - Våland;SN44640;25.03.2025 05:00;6,9
Stavanger - Våland;SN44640;25.03.2025 06:00;6,9
Stavanger - Våland;SN44640;25.03.2025 07:00;6,9
Stavanger - Våland;SN44640;25.03.2025 08:00;7
Stavanger - Våland;SN44640;25.03.2025 09:00;7,4
Stavanger - Våland;SN44640;25.03.2025 10:00;7,8
Stavanger - Våland;SN44640;25.03.2025 11:00;8,1
Stavanger - Våland;SN44640;25.03.2025 12:00;8
Stavanger - Våland;SN44640;25.03.2025 13:00;8,4
Stavanger - Våland;SN44640;25.03.2025 14:00;8,1
Stavanger - Våland;SN44640;25.03.2025 15:00;7,9
Stavanger - Våland;SN44640;25.03.2025 16:00;7,7
Stavanger - Våland;SN44640;25.03.2025 17:00;7,4
Stavanger - Våland;SN44640;25.03.2025 18:00;7,4
Stavanger - Våland;SN44640;25.03.2025 19:00;6,3
Stavanger - Våland;SN44640;25.03.2025 20:00;5,3
Stavanger - Våland;SN44640;25.03.2025 21:00;4,5
Stavanger - Våland;SN44640;25.03.2025 22:00;4,6
Stavanger - Våland;SN44640;25.03.2025 23:00;4,9
Stavanger - Våland;SN44640;26.03.2025 00:00;5,2
Stavanger - Våland;SN44640;26.03.2025 01:00;5,3
Stavanger - Våland;SN44640;26.03.2025 02:00;5,3
Stavanger - Våland;SN44640;26.03.2025 03:00;4
Stavanger - Våland;SN44640;26.03.2025 04:00;4,8
Stavanger - Våland;SN44640;26.03.2025 05:00;5
Stavanger - Våland;SN44640;26.03.2025 06:00;4,6
Stavanger - Våland;SN44640;26.03.2025 07:00;5
Stavanger - Våland;SN44640;26.03.2025 08:00;5,5
Stavanger - Våland;SN44640;26.03.2025 09:00;5,9
Stavanger - Våland;SN44640;26.03.2025 10:00;6,5
Stavanger - Våland;SN44640;26.03.2025 11:00;7,1
Stavanger - Våland;SN44640;26.03.2025 12:00;8,1
Stavanger - Våland;SN44640;26.03.2025 13:00;8,2
Stavanger - Våland;SN44640;26.03.2025 14:00;8,6
Stavanger - Våland;SN44640;26.03.2025 15:00;8,7
Stavanger - Våland;SN44640;26.03.2025 16:00;9
Stavanger - Våland;SN44640;26.03.2025 17:00;8,4
Stavanger - Våland;SN44640;26.03.2025 18:00;7,9
Stavanger - Våland;SN44640;26.03.2025 19:00;7,6
Stavanger - Våland;SN44640;26.03.2025 20:00;7,6
Stavanger - Våland;SN44640;26.03.2025 21:00;7,4
Stavanger - Våland;SN44640;26.03.2025 22:00;7
Stavanger - Våland;SN44640;26.03.2025 23:00;6,3
Stavanger - Våland;SN44640;27.03.2025 00:00;6,3
Stavanger - Våland;SN44640;27.03.2025 01:00;6,3
Stavanger - Våland;SN44640;27.03.2025 02:00;6,4
Stavanger - Våland;SN44640;27.03.2025 03:00;6,3
Stavanger - Våland;SN44640;27.03.2025 04:00;6,4
Stavanger - Våland;SN44640;27.03.2025 05:00;6,5
Stavanger - Våland;SN44640;27.03.2025 06:00;6,5
Stavanger - Våland;SN44640;27.03.2025 07:00;6,6
Stavanger - Våland;SN44640;27.03.2025 08:00;6,9
Stavanger - Våland;SN44640;27.03.2025 09:00;7,3
Stavanger - Våland;SN44640;27.03.2025 10:00;7,7
Stavanger - Våland;SN44640;27.03.2025 11:00;7,7
Stavanger - Våland;SN44640;27.03.2025 12:00;7,8
Stavanger - Våland;SN44640;27.03.2025 13:00;7,6
Stavanger - Våland;SN44640;27.03.2025 14:00;8,1
Stavanger - Våland;SN44640;27.03.2025 15:00;7,6
Stavanger - Våland;SN44640;27.03.2025 16:00;7,9
Stavanger - Våland;SN44640;27.03.2025 17:00;7,8
Stavanger - Våland;SN44640;27.03.2025 18:00;7,6
Stavanger - Våland;SN44640;27.03.2025 19:00;7,7
Stavanger - Våland;SN44640;27.03.2025 20:00;7,6
Stavanger - Våland;SN44640;27.03.2025 21:00;7,6
Stavanger - Våland;SN44640;27.03.2025 22:00;7,7
Stavanger - Våland;SN44640;27.03.2025 23:00;8,1
Stavanger - Våland;SN44640;28.03.2025 00:00;8,6
Stavanger - Våland;SN44640;28.03.2025 01:00;8,7
Stavanger - Våland;SN44640;28.03.2025 02:00;8,3
Stavanger - Våland;SN44640;28.03.2025 03:00;8,7
Stavanger - Våland;SN44640;28.03.2025 04:00;8,5
Stavanger - Våland;SN44640;28.03.2025 05:00;8
Stavanger - Våland;SN44640;28.03.2025 06:00;7,9
Stavanger - Våland;SN44640;28.03.2025 07:00;8
Stavanger - Våland;SN44640;28.03.2025 08:00;7,9
Stavanger - Våland;SN44640;28.03.2025 09:00;8
Stavanger - Våland;SN44640;28.03.2025 10:00;8,2
Stavanger - Våland;SN44640;28.03.2025 11:00;8,5
Stavanger - Våland;SN44640;28.03.2025 12:00;8,9
Stavanger - Våland;SN44640;28.03.2025 13:00;9,1
Stavanger - Våland;SN44640;28.03.2025 14:00;9,2
Stavanger - Våland;SN44640;28.03.2025 15:00;8,6
Stavanger - Våland;SN44640;28.03.2025 16:00;8,5
Stavanger - Våland;SN44640;28.03.2025 17:00;7,7
Stavanger - Våland;SN44640;28.03.2025 18:00;7,4
Stavanger - Våland;SN44640;28.03.2025 19:00;7,2
Stavanger - Våland;SN44640;28.03.2025 20:00;6,8
Stavanger - Våland;SN44640;28.03.2025 21:00;6,4
Stavanger - Våland;SN44640;28.03.2025 22:00;6,2
Stavanger - Våland;SN44640;28.03.2025 23:00;6,1
Stavanger - Våland;SN44640;29.03.2025 00:00;6,4
Stavanger - Våland;SN44640;29.03.2025 01:00;6,6
Stavanger - Våland;SN44640;29.03.2025 02:00;5,8
Stavanger - Våland;SN44640;29.03.2025 03:00;5,8
Stavanger - Våland;SN44640;29.03.2025 04:00;6
Stavanger - Våland;SN44640;29.03.2025 05:00;5,7
Stavanger - Våland;SN44640;29.03.2025 06:00;5,5
Stavanger - Våland;SN44640;29.03.2025 07:00;5,6
Stavanger - Våland;SN44640;29.03.2025 08:00;5,8
Stavanger - Våland;SN44640;29.03.2025 09:00;6,6
Stavanger - Våland;SN44640;29.03.2025 10:00;6,8
Stavanger - Våland;SN44640;29.03.2025 11:00;6,4
Stavanger - Våland;SN44640;29.03.2025 12:00;7,5
Stavanger - Våland;SN44640;29.03.2025 13:00;7,7
Stavanger - Våland;SN44640;29.03.2025 14:00;7,4
Stavanger - Våland;SN44640;29.03.2025 15:00;8,4
Stavanger - Våland;SN44640;29.03.2025 16:00;7
Stavanger - Våland;SN44640;29.03.2025 17:00;6,9
Stavanger - Våland;SN44640;29.03.2025 18:00;6,7
Stavanger - Våland;SN44640;29.03.2025 19:00;6,1
Stavanger - Våland;SN44640;29.03.2025 20:00;6
Stavanger - Våland;SN44640;29.03.2025 21:00;6,1
Stavanger - Våland;SN44640;29.03.2025 22:00;5,1
Stavanger - Våland;SN44640;29.03.2025 23:00;3,4
Stavanger - Våland;SN44640;30.03.2025 00:00;2,7
Stavanger - Våland;SN44640;30.03.2025 01:00;2,7
Stavanger - Våland;SN44640;30.03.2025 02:00;3,8
Stavanger - Våland;SN44640;30.03.2025 03:00;4,5
Stavanger - Våland;SN44640;30.03.2025 04:00;4,5
Stavanger - Våland;SN44640;30.03.2025 05:00;4,2
Stavanger - Våland;SN44640;30.03.2025 06:00;4,1
Stavanger - Våland;SN44640;30.03.2025 07:00;3,7
Stavanger - Våland;SN44640;30.03.2025 08:00;3,9
Stavanger - Våland;SN44640;30.03.2025 09:00;4,8
Stavanger - Våland;SN44640;30.03.2025 10:00;6,5
Stavanger - Våland;SN44640;30.03.2025 11:00;8
Stavanger - Våland;SN44640;30.03.2025 12:00;8,9
Stavanger - Våland;SN44640;30.03.2025 13:00;9,9
Stavanger - Våland;SN44640;30.03.2025 14:00;10,2
Stavanger - Våland;SN44640;30.03.2025 15:00;10,9
Stavanger - Våland;SN44640;30.03.2025 16:00;11
Stavanger - Våland;SN44640;30.03.2025 17:00;10,8
Stavanger - Våland;SN44640;30.03.2025 18:00;9,2
Stavanger - Våland;SN44640;30.03.2025 19:00;7,1
Stavanger - Våland;SN44640;30.03.2025 20:00;6,2
Stavanger - Våland;SN44640;30.03.2025 21:00;5,6
Stavanger - Våland;SN44640;30.03.2025 22:00;5,2
Stavanger - Våland;SN44640;30.03.2025 23:00;4,9
Stavanger - Våland;SN44640;31.03.2025 00:00;4,6
Stavanger - Våland;SN44640;31.03.2025 01:00;4,2
Stavanger - Våland;SN44640;31.03.2025 02:00;3,9
Stavanger - Våland;SN44640;31.03.2025 03:00;2,6
Stavanger - Våland;SN44640;31.03.2025 04:00;3
Stavanger - Våland;SN44640;31.03.2025 05:00;2,9
Stavanger - Våland;SN44640;31.03.2025 06:00;2,6
Stavanger - Våland;SN44640;31.03.2025 07:00;2,2
Stavanger - Våland;SN44640;31.03.2025 08:00;4,2
Stavanger - Våland;SN44640;31.03.2025 09:00;5,2
Stavanger - Våland;SN44640;31.03.2025 10:00;6,7
Stavanger - Våland;SN44640;31.03.2025 11:00;8,5
Stavanger - Våland;SN44640;31.03.2025 12:00;9,8
Stavanger - Våland;SN44640;31.03.2025 13:00;10,2
Stavanger - Våland;SN44640;31.03.2025 14:00;9,7
Stavanger - Våland;SN44640;31.03.2025 15:00;9,7
Stavanger - Våland;SN44640;31.03.2025 16:00;9,4
Stavanger - Våland;SN44640;31.03.2025 17:00;8,9
Stavanger - Våland;SN44640;31.03.2025 18:00;8,1
Stavanger - Våland;SN44640;31.03.2025 19:00;7,3
Stavanger - Våland;SN44640;31.03.2025 20:00;6,3
Stavanger - Våland;SN44640;31.03.2025 21:00;6,5
Stavanger - Våland;SN44640;31.03.2025 22:00;6,4
Stavanger - Våland;SN44640;31.03.2025 23:00;6,3
Stavanger - Våland;SN44640;01.04.2025 00:00;6
Stavanger - Våland;SN44640;01.04.2025 01:00;6
Stavanger - Våland;SN44640;01.04.2025 02:00;6,2
Stavanger - Våland;SN44640;01.04.2025 03:00;6,4
Stavanger - Våland;SN44640;01.04.2025 04:00;5,5
Stavanger - Våland;SN44640;01.04.2025 05:00;4,8
Stavanger - Våland;SN44640;01.04.2025 06:00;5,3
Stavanger - Våland;SN44640;01.04.2025 07:00;5,8
Stavanger - Våland;SN44640;01.04.2025 08:00;7,6
Stavanger - Våland;SN44640;01.04.2025 09:00;8,9
Stavanger - Våland;SN44640;01.04.2025 10:00;9,8
Stavanger - Våland;SN44640;01.04.2025 11:00;11,4
Stavanger - Våland;SN44640;01.04.2025 12:00;13,8
Stavanger - Våland;SN44640;01.04.2025 13:00;14,4
Stavanger - Våland;SN44640;01.04.2025 14:00;15,9
Stavanger - Våland;SN44640;01.04.2025 15:00;12,8
Stavanger - Våland;SN44640;01.04.2025 16:00;12,1
Stavanger - Våland;SN44640;01.04.2025 17:00;11,8
Stavanger - Våland;SN44640;01.04.2025 18:00;11
Stavanger - Våland;SN44640;01.04.2025 19:00;9,5
Stavanger - Våland;SN44640;01.04.2025 20:00;7,5
Stavanger - Våland;SN44640;01.04.2025 21:00;8
Stavanger - Våland;SN44640;01.04.2025 22:00;7,2
Stavanger - Våland;SN44640;01.04.2025 23:00;7,8
Stavanger - Våland;SN44640;02.04.2025 00:00;7
Stavanger - Våland;SN44640;02.04.2025 01:00;6,4
Stavanger - Våland;SN44640;02.04.2025 02:00;6,7
Stavanger - Våland;SN44640;02.04.2025 03:00;6,6
Stavanger - Våland;SN44640;02.04.2025 04:00;5,9
Stavanger - Våland;SN44640;02.04.2025 05:00;5,6
Stavanger - Våland;SN44640;02.04.2025 06:00;5,7
Stavanger - Våland;SN44640;02.04.2025 07:00;6,1
Stavanger - Våland;SN44640;02.04.2025 08:00;7,7
Stavanger - Våland;SN44640;02.04.2025 09:00;9,6
Stavanger - Våland;SN44640;02.04.2025 10:00;10,9
Stavanger - Våland;SN44640;02.04.2025 11:00;12,5
Stavanger - Våland;SN44640;02.04.2025 12:00;14,1
Stavanger - Våland;SN44640;02.04.2025 13:00;14,3
Stavanger - Våland;SN44640;02.04.2025 14:00;14,2
Stavanger - Våland;SN44640;02.04.2025 15:00;13,5
Stavanger - Våland;SN44640;02.04.2025 16:00;12,8
Stavanger - Våland;SN44640;02.04.2025 17:00;12,7
Stavanger - Våland;SN44640;02.04.2025 18:00;12,2
Stavanger - Våland;SN44640;02.04.2025 19:00;10,5
Stavanger - Våland;SN44640;02.04.2025 20:00;8,3
Stavanger - Våland;SN44640;02.04.2025 21:00;8,1
Stavanger - Våland;SN44640;02.04.2025 22:00;7,7
Stavanger - Våland;SN44640;02.04.2025 23:00;7,3
Stavanger - Våland;SN44640;03.04.2025 00:00;6,6
Stavanger - Våland;SN44640;03.04.2025 01:00;5,8
Stavanger - Våland;SN44640;03.04.2025 02:00;5,9
Stavanger - Våland;SN44640;03.04.2025 03:00;5,7
Stavanger - Våland;SN44640;03.04.2025 04:00;5,2
Stavanger - Våland;SN44640;03.04.2025 05:00;5,1
Stavanger - Våland;SN44640;03.04.2025 06:00;5,2
Stavanger - Våland;SN44640;03.04.2025 07:00;5,2
Stavanger - Våland;SN44640;03.04.2025 08:00;6,3
Stavanger - Våland;SN44640;03.04.2025 09:00;9,4
Stavanger - Våland;SN44640;03.04.2025 10:00;10,5
Stavanger - Våland;SN44640;03.04.2025 11:00;12
Stavanger - Våland;SN44640;03.04.2025 12:00;12,2
Stavanger - Våland;SN44640;03.04.2025 13:00;11,9
Stavanger - Våland;SN44640;03.04.2025 14:00;12,2
Stavanger - Våland;SN44640;03.04.2025 15:00;11,9
Stavanger - Våland;SN44640;03.04.2025 16:00;12,9
Stavanger - Våland;SN44640;03.04.2025 17:00;12,3
Stavanger - Våland;SN44640;03.04.2025 18:00;11,3
Stavanger - Våland;SN44640;03.04.2025 19:00;9
Stavanger - Våland;SN44640;03.04.2025 20:00;7,3
Stavanger - Våland;SN44640;03.04.2025 21:00;6,2
Stavanger - Våland;SN44640;03.04.2025 22:00;6
Stavanger - Våland;SN44640;03.04.2025 23:00;5,7
Stavanger - Våland;SN44640;04.04.2025 00:00;5,2
Stavanger - Våland;SN44640;04.04.2025 01:00;4,9
Stavanger - Våland;SN44640;04.04.2025 02:00;4,6
Stavanger - Våland;SN44640;04.04.2025 03:00;3,9
Stavanger - Våland;SN44640;04.04.2025 04:00;3,9
Stavanger - Våland;SN44640;04.04.2025 05:00;4,4
Stavanger - Våland;SN44640;04.04.2025 06:00;4,3
Stavanger - Våland;SN44640;04.04.2025 07:00;4,7
Stavanger - Våland;SN44640;04.04.2025 08:00;5,2
Stavanger - Våland;SN44640;04.04.2025 09:00;5,9
Stavanger - Våland;SN44640;04.04.2025 10:00;7,4
Stavanger - Våland;SN44640;04.04.2025 11:00;9
Stavanger - Våland;SN44640;04.04.2025 12:00;9,5
Stavanger - Våland;SN44640;04.04.2025 13:00;8,8
Stavanger - Våland;SN44640;04.04.2025 14:00;9,6
Stavanger - Våland;SN44640;04.04.2025 15:00;9,3
Stavanger - Våland;SN44640;04.04.2025 16:00;9,4
Stavanger - Våland;SN44640;04.04.2025 17:00;8,3
Stavanger - Våland;SN44640;04.04.2025 18:00;8,4
Stavanger - Våland;SN44640;04.04.2025 19:00;7,1
Stavanger - Våland;SN44640;04.04.2025 20:00;5,9
Stavanger - Våland;SN44640;04.04.2025 21:00;5,2
Stavanger - Våland;SN44640;04.04.2025 22:00;4,9
Stavanger - Våland;SN44640;04.04.2025 23:00;4
Stavanger - Våland;SN44640;05.04.2025 00:00;4,3
Stavanger - Våland;SN44640;05.04.2025 01:00;4,2
Stavanger - Våland;SN44640;05.04.2025 02:00;3,9
Stavanger - Våland;SN44640;05.04.2025 03:00;3,3
Stavanger - Våland;SN44640;05.04.2025 04:00;3
Stavanger - Våland;SN44640;05.04.2025 05:00;2,9
Stavanger - Våland;SN44640;05.04.2025 06:00;2,7
Stavanger - Våland;SN44640;05.04.2025 07:00;3,1
Stavanger - Våland;SN44640;05.04.2025 08:00;5,1
Stavanger - Våland;SN44640;05.04.2025 09:00;7,9
Stavanger - Våland;SN44640;05.04.2025 10:00;8,6
Stavanger - Våland;SN44640;05.04.2025 11:00;9,8
Stavanger - Våland;SN44640;05.04.2025 12:00;9,7
Stavanger - Våland;SN44640;05.04.2025 13:00;9,9
Stavanger - Våland;SN44640;05.04.2025 14:00;10
Stavanger - Våland;SN44640;05.04.2025 15:00;9,7
Stavanger - Våland;SN44640;05.04.2025 16:00;9,3
Stavanger - Våland;SN44640;05.04.2025 17:00;9,2
Stavanger - Våland;SN44640;05.04.2025 18:00;8,1
Stavanger - Våland;SN44640;05.04.2025 19:00;6,4
Stavanger - Våland;SN44640;05.04.2025 20:00;4,8
Stavanger - Våland;SN44640;05.04.2025 21:00;4,1
Stavanger - Våland;SN44640;05.04.2025 22:00;3,8
Stavanger - Våland;SN44640;05.04.2025 23:00;4,3
Stavanger - Våland;SN44640;06.04.2025 00:00;3,6
Stavanger - Våland;SN44640;06.04.2025 01:00;2,8
Stavanger - Våland;SN44640;06.04.2025 02:00;2,4
Stavanger - Våland;SN44640;06.04.2025 03:00;2,3
Stavanger - Våland;SN44640;06.04.2025 04:00;2,6
Stavanger - Våland;SN44640;06.04.2025 05:00;2,7
Stavanger - Våland;SN44640;06.04.2025 06:00;2,5
Stavanger - Våland;SN44640;06.04.2025 07:00;3
Stavanger - Våland;SN44640;06.04.2025 08:00;5,1
Stavanger - Våland;SN44640;06.04.2025 09:00;6,5
Stavanger - Våland;SN44640;06.04.2025 10:00;7,4
Stavanger - Våland;SN44640;06.04.2025 11:00;8,9
Stavanger - Våland;SN44640;06.04.2025 12:00;9,6
Stavanger - Våland;SN44640;06.04.2025 13:00;10,3
Stavanger - Våland;SN44640;06.04.2025 14:00;10,6
Stavanger - Våland;SN44640;06.04.2025 15:00;10,6
Stavanger - Våland;SN44640;06.04.2025 16:00;10,4
Stavanger - Våland;SN44640;06.04.2025 17:00;9,6
Stavanger - Våland;SN44640;06.04.2025 18:00;8,6
Stavanger - Våland;SN44640;06.04.2025 19:00;6,8
Stavanger - Våland;SN44640;06.04.2025 20:00;5,9
Stavanger - Våland;SN44640;06.04.2025 21:00;5,5
Stavanger - Våland;SN44640;06.04.2025 22:00;5,1
Stavanger - Våland;SN44640;06.04.2025 23:00;4,6
Stavanger - Våland;SN44640;07.04.2025 00:00;3,6
Stavanger - Våland;SN44640;07.04.2025 01:00;3,8
Stavanger - Våland;SN44640;07.04.2025 02:00;3,3
Stavanger - Våland;SN44640;07.04.2025 03:00;3,1
Stavanger - Våland;SN44640;07.04.2025 04:00;2,8
Stavanger - Våland;SN44640;07.04.2025 05:00;2,7
Stavanger - Våland;SN44640;07.04.2025 06:00;3,1
Stavanger - Våland;SN44640;07.04.2025 07:00;3,7
Stavanger - Våland;SN44640;07.04.2025 08:00;4,9
Stavanger - Våland;SN44640;07.04.2025 09:00;6,5
Stavanger - Våland;SN44640;07.04.2025 10:00;8,3
Stavanger - Våland;SN44640;07.04.2025 11:00;9,3
Stavanger - Våland;SN44640;07.04.2025 12:00;10,6
Stavanger - Våland;SN44640;07.04.2025 13:00;10,4
Stavanger - Våland;SN44640;07.04.2025 14:00;11,4
Stavanger - Våland;SN44640;07.04.2025 15:00;10,8
Stavanger - Våland;SN44640;07.04.2025 16:00;10,5
Stavanger - Våland;SN44640;07.04.2025 17:00;9,5
Stavanger - Våland;SN44640;07.04.2025 18:00;8,4
Stavanger - Våland;SN44640;07.04.2025 19:00;6,5
Stavanger - Våland;SN44640;07.04.2025 20:00;5,3
Stavanger - Våland;SN44640;07.04.2025 21:00;4,2
Stavanger - Våland;SN44640;07.04.2025 22:00;3,7
Stavanger - Våland;SN44640;07.04.2025 23:00;3,2
Stavanger - Våland;SN44640;08.04.2025 00:00;3,3
Stavanger - Våland;SN44640;08.04.2025 01:00;3,2
Stavanger - Våland;SN44640;08.04.2025 02:00;4
Stavanger - Våland;SN44640;08.04.2025 03:00;4,2
Stavanger - Våland;SN44640;08.04.2025 04:00;4,2
Stavanger - Våland;SN44640;08.04.2025 05:00;3,3
Stavanger - Våland;SN44640;08.04.2025 06:00;3,8
Stavanger - Våland;SN44640;08.04.2025 07:00;3,8
Stavanger - Våland;SN44640;08.04.2025 08:00;5,7
Stavanger - Våland;SN44640;08.04.2025 09:00;6,5
Stavanger - Våland;SN44640;08.04.2025 10:00;7,8
Stavanger - Våland;SN44640;08.04.2025 11:00;7,1
Stavanger - Våland;SN44640;08.04.2025 12:00;7,6
Stavanger - Våland;SN44640;08.04.2025 13:00;7,6
Stavanger - Våland;SN44640;08.04.2025 14:00;7,7
Stavanger - Våland;SN44640;08.04.2025 15:00;7,1
Stavanger - Våland;SN44640;08.04.2025 16:00;7,1
Stavanger - Våland;SN44640;08.04.2025 17:00;7,1
Stavanger - Våland;SN44640;08.04.2025 18:00;7
Stavanger - Våland;SN44640;08.04.2025 19:00;6,6
Stavanger - Våland;SN44640;08.04.2025 20:00;6,4
Stavanger - Våland;SN44640;08.04.2025 21:00;6,4
Stavanger - Våland;SN44640;08.04.2025 22:00;6,2
Stavanger - Våland;SN44640;08.04.2025 23:00;6,1
Stavanger - Våland;SN44640;09.04.2025 00:00;6
Stavanger - Våland;SN44640;09.04.2025 01:00;6
Stavanger - Våland;SN44640;09.04.2025 02:00;5,3
Stavanger - Våland;SN44640;09.04.2025 03:00;4,7
Stavanger - Våland;SN44640;09.04.2025 04:00;4,6
Stavanger - Våland;SN44640;09.04.2025 05:00;4
Stavanger - Våland;SN44640;09.04.2025 06:00;4,2
Stavanger - Våland;SN44640;09.04.2025 07:00;4,9
Stavanger - Våland;SN44640;09.04.2025 08:00;6,1
Stavanger - Våland;SN44640;09.04.2025 09:00;8,2
Stavanger - Våland;SN44640;09.04.2025 10:00;9,1
Stavanger - Våland;SN44640;09.04.2025 11:00;9,5
Stavanger - Våland;SN44640;09.04.2025 12:00;11,1
Stavanger - Våland;SN44640;09.04.2025 13:00;12,6
Stavanger - Våland;SN44640;09.04.2025 14:00;13,1
Stavanger - Våland;SN44640;09.04.2025 15:00;11,9
Stavanger - Våland;SN44640;09.04.2025 16:00;11,7
Stavanger - Våland;SN44640;09.04.2025 17:00;10,8
Stavanger - Våland;SN44640;09.04.2025 18:00;9,8
Stavanger - Våland;SN44640;09.04.2025 19:00;8,6
Stavanger - Våland;SN44640;09.04.2025 20:00;7,6
Stavanger - Våland;SN44640;09.04.2025 21:00;7
Stavanger - Våland;SN44640;09.04.2025 22:00;6
Stavanger - Våland;SN44640;09.04.2025 23:00;5,6
Stavanger - Våland;SN44640;10.04.2025 00:00;4,7
Stavanger - Våland;SN44640;10.04.2025 01:00;4,5
Stavanger - Våland;SN44640;10.04.2025 02:00;3,9
Stavanger - Våland;SN44640;10.04.2025 03:00;3,2
Stavanger - Våland;SN44640;10.04.2025 04:00;3,1
Stavanger - Våland;SN44640;10.04.2025 05:00;2,6
Stavanger - Våland;SN44640;10.04.2025 06:00;2,7
Stavanger - Våland;SN44640;10.04.2025 07:00;4,1
Stavanger - Våland;SN44640;10.04.2025 08:00;5,7
Stavanger - Våland;SN44640;10.04.2025 09:00;7,2
Stavanger - Våland;SN44640;10.04.2025 10:00;8,8
Stavanger - Våland;SN44640;10.04.2025 11:00;8,5
Stavanger - Våland;SN44640;10.04.2025 12:00;8
Stavanger - Våland;SN44640;10.04.2025 13:00;6,8
Stavanger - Våland;SN44640;10.04.2025 14:00;6,6
Stavanger - Våland;SN44640;10.04.2025 15:00;6,9
Stavanger - Våland;SN44640;10.04.2025 16:00;7,3
Stavanger - Våland;SN44640;10.04.2025 17:00;6,9
Stavanger - Våland;SN44640;10.04.2025 18:00;6,9
Stavanger - Våland;SN44640;10.04.2025 19:00;6,7
Stavanger - Våland;SN44640;10.04.2025 20:00;6,6
Stavanger - Våland;SN44640;10.04.2025 21:00;6,6
Stavanger - Våland;SN44640;10.04.2025 22:00;6,4
Stavanger - Våland;SN44640;10.04.2025 23:00;6,5
Stavanger - Våland;SN44640;11.04.2025 00:00;6,5
Stavanger - Våland;SN44640;11.04.2025 01:00;6,7
Stavanger - Våland;SN44640;11.04.2025 02:00;6,8
Stavanger - Våland;SN44640;11.04.2025 03:00;7,4
Stavanger - Våland;SN44640;11.04.2025 04:00;7,7
Stavanger - Våland;SN44640;11.04.2025 05:00;7,8
Stavanger - Våland;SN44640;11.04.2025 06:00;7,8
Stavanger - Våland;SN44640;11.04.2025 07:00;7,9
Stavanger - Våland;SN44640;11.04.2025 08:00;8,1
Stavanger - Våland;SN44640;11.04.2025 09:00;8,5
Stavanger - Våland;SN44640;11.04.2025 10:00;8,2
Stavanger - Våland;SN44640;11.04.2025 11:00;8,5
Stavanger - Våland;SN44640;11.04.2025 12:00;8,7
Stavanger - Våland;SN44640;11.04.2025 13:00;8,7
Stavanger - Våland;SN44640;11.04.2025 14:00;8,5
Stavanger - Våland;SN44640;11.04.2025 15:00;8,3
Stavanger - Våland;SN44640;11.04.2025 16:00;8,2
Stavanger - Våland;SN44640;11.04.2025 17:00;8
Stavanger - Våland;SN44640;11.04.2025 18:00;8
Stavanger - Våland;SN44640;11.04.2025 19:00;7,9
Stavanger - Våland;SN44640;11.04.2025 20:00;7,9
Stavanger - Våland;SN44640;11.04.2025 21:00;7,9
Stavanger - Våland;SN44640;11.04.2025 22:00;7,9
Stavanger - Våland;SN44640;11.04.2025 23:00;8
Stavanger - Våland;SN44640;12.04.2025 00:00;7,9
Stavanger - Våland;SN44640;12.04.2025 01:00;7,9
Stavanger - Våland;SN44640;12.04.2025 02:00;7,8
Stavanger - Våland;SN44640;12.04.2025 03:00;7,9
Stavanger - Våland;SN44640;12.04.2025 04:00;7,6
Stavanger - Våland;SN44640;12.04.2025 05:00;7,3
Stavanger - Våland;SN44640;12.04.2025 06:00;7,2
Stavanger - Våland;SN44640;12.04.2025 07:00;7,6
Stavanger - Våland;SN44640;12.04.2025 08:00;7,8
Stavanger - Våland;SN44640;12.04.2025 09:00;8,2
Stavanger - Våland;SN44640;12.04.2025 10:00;9,1
Stavanger - Våland;SN44640;12.04.2025 11:00;10
Stavanger - Våland;SN44640;12.04.2025 12:00;11,4
Stavanger - Våland;SN44640;12.04.2025 13:00;11,5
Stavanger - Våland;SN44640;12.04.2025 14:00;13,5
Stavanger - Våland;SN44640;12.04.2025 15:00;14,9
Stavanger - Våland;SN44640;12.04.2025 16:00;15,3
Stavanger - Våland;SN44640;12.04.2025 17:00;14,6
Stavanger - Våland;SN44640;12.04.2025 18:00;13,7
Stavanger - Våland;SN44640;12.04.2025 19:00;11,2
Stavanger - Våland;SN44640;12.04.2025 20:00;9,5
Stavanger - Våland;SN44640;12.04.2025 21:00;9,8
Stavanger - Våland;SN44640;12.04.2025 22:00;9,7
Stavanger - Våland;SN44640;12.04.2025 23:00;9,6
Stavanger - Våland;SN44640;13.04.2025 00:00;10
Stavanger - Våland;SN44640;13.04.2025 01:00;11,1
Stavanger - Våland;SN44640;13.04.2025 02:00;11,3
Stavanger - Våland;SN44640;13.04.2025 03:00;12
Stavanger - Våland;SN44640;13.04.2025 04:00;12,2
Stavanger - Våland;SN44640;13.04.2025 05:00;12,1
Stavanger - Våland;SN44640;13.04.2025 06:00;12,2
Stavanger - Våland;SN44640;13.04.2025 07:00;12,6
Stavanger - Våland;SN44640;13.04.2025 08:00;13,1
Stavanger - Våland;SN44640;13.04.2025 09:00;13,5
Stavanger - Våland;SN44640;13.04.2025 10:00;15,7
Stavanger - Våland;SN44640;13.04.2025 11:00;15,3
Stavanger - Våland;SN44640;13.04.2025 12:00;15,8
Stavanger - Våland;SN44640;13.04.2025 13:00;12,4
Stavanger - Våland;SN44640;13.04.2025 14:00;12,3
Stavanger - Våland;SN44640;13.04.2025 15:00;10,5
Stavanger - Våland;SN44640;13.04.2025 16:00;9,7
Stavanger - Våland;SN44640;13.04.2025 17:00;8,8
Stavanger - Våland;SN44640;13.04.2025 18:00;8,2
Stavanger - Våland;SN44640;13.04.2025 19:00;8,1
Stavanger - Våland;SN44640;13.04.2025 20:00;8
Stavanger - Våland;SN44640;13.04.2025 21:00;7,8
Stavanger - Våland;SN44640;13.04.2025 22:00;7,3
Stavanger - Våland;SN44640;13.04.2025 23:00;7,1
Stavanger - Våland;SN44640;14.04.2025 00:00;6,9
Stavanger - Våland;SN44640;14.04.2025 01:00;6,5
Stavanger - Våland;SN44640;14.04.2025 02:00;6,3
Stavanger - Våland;SN44640;14.04.2025 03:00;5,8
Stavanger - Våland;SN44640;14.04.2025 04:00;5,1
Stavanger - Våland;SN44640;14.04.2025 05:00;4,5
Stavanger - Våland;SN44640;14.04.2025 06:00;4,2
Stavanger - Våland;SN44640;14.04.2025 07:00;5,3
Stavanger - Våland;SN44640;14.04.2025 08:00;7,5
Stavanger - Våland;SN44640;14.04.2025 09:00;9,9
Stavanger - Våland;SN44640;14.04.2025 10:00;10,7
Stavanger - Våland;SN44640;14.04.2025 11:00;11,9
Stavanger - Våland;SN44640;14.04.2025 12:00;11,8
Stavanger - Våland;SN44640;14.04.2025 13:00;12,3
Stavanger - Våland;SN44640;14.04.2025 14:00;11,8
Stavanger - Våland;SN44640;14.04.2025 15:00;12,8
Stavanger - Våland;SN44640;14.04.2025 16:00;11,9
Stavanger - Våland;SN44640;14.04.2025 17:00;11,8
Stavanger - Våland;SN44640;14.04.2025 18:00;11,3
Stavanger - Våland;SN44640;14.04.2025 19:00;9,5
Stavanger - Våland;SN44640;14.04.2025 20:00;8,1
Stavanger - Våland;SN44640;14.04.2025 21:00;7,5
Stavanger - Våland;SN44640;14.04.2025 22:00;7,6
Stavanger - Våland;SN44640;14.04.2025 23:00;8,1
Stavanger - Våland;SN44640;15.04.2025 00:00;7,7
Stavanger - Våland;SN44640;15.04.2025 01:00;8
Stavanger - Våland;SN44640;15.04.2025 02:00;7,7
Stavanger - Våland;SN44640;15.04.2025 03:00;7,8
Stavanger - Våland;SN44640;15.04.2025 04:00;8,6
Stavanger - Våland;SN44640;15.04.2025 05:00;8,7
Stavanger - Våland;SN44640;15.04.2025 06:00;8,6
Stavanger - Våland;SN44640;15.04.2025 07:00;8,7
Stavanger - Våland;SN44640;15.04.2025 08:00;9,4
Stavanger - Våland;SN44640;15.04.2025 09:00;10,2
Stavanger - Våland;SN44640;15.04.2025 10:00;10,8
Stavanger - Våland;SN44640;15.04.2025 11:00;11,9
Stavanger - Våland;SN44640;15.04.2025 12:00;13,3
Stavanger - Våland;SN44640;15.04.2025 13:00;14
Stavanger - Våland;SN44640;15.04.2025 14:00;15,2
Stavanger - Våland;SN44640;15.04.2025 15:00;15,4
Stavanger - Våland;SN44640;15.04.2025 16:00;15
Stavanger - Våland;SN44640;15.04.2025 17:00;14,7
Stavanger - Våland;SN44640;15.04.2025 18:00;14,4
Stavanger - Våland;SN44640;15.04.2025 19:00;13
Stavanger - Våland;SN44640;15.04.2025 20:00;13,3
Stavanger - Våland;SN44640;15.04.2025 21:00;13,7
Stavanger - Våland;SN44640;15.04.2025 22:00;13,9
Stavanger - Våland;SN44640;15.04.2025 23:00;14
Stavanger - Våland;SN44640;16.04.2025 00:00;14,4
Stavanger - Våland;SN44640;16.04.2025 01:00;14,3
Stavanger - Våland;SN44640;16.04.2025 02:00;14,2
Stavanger - Våland;SN44640;16.04.2025 03:00;14,1
Stavanger - Våland;SN44640;16.04.2025 04:00;14,2
Stavanger - Våland;SN44640;16.04.2025 05:00;13,8
Stavanger - Våland;SN44640;16.04.2025 06:00;12,2
Stavanger - Våland;SN44640;16.04.2025 07:00;12,1
Stavanger - Våland;SN44640;16.04.2025 08:00;12
Stavanger - Våland;SN44640;16.04.2025 09:00;13,8
Stavanger - Våland;SN44640;16.04.2025 10:00;14,3
Stavanger - Våland;SN44640;16.04.2025 11:00;14,2
Stavanger - Våland;SN44640;16.04.2025 12:00;15,9
Stavanger - Våland;SN44640;16.04.2025 13:00;15,2
Stavanger - Våland;SN44640;16.04.2025 14:00;16,1
Stavanger - Våland;SN44640;16.04.2025 15:00;16,9
Stavanger - Våland;SN44640;16.04.2025 16:00;15,8
Stavanger - Våland;SN44640;16.04.2025 17:00;15,6
Stavanger - Våland;SN44640;16.04.2025 18:00;14
Stavanger - Våland;SN44640;16.04.2025 19:00;10,4
Stavanger - Våland;SN44640;16.04.2025 20:00;9,5
Stavanger - Våland;SN44640;16.04.2025 21:00;9,4
Stavanger - Våland;SN44640;16.04.2025 22:00;9,2
Stavanger - Våland;SN44640;16.04.2025 23:00;9,1
Stavanger - Våland;SN44640;17.04.2025 00:00;9
Stavanger - Våland;SN44640;17.04.2025 01:00;8,8
Stavanger - Våland;SN44640;17.04.2025 02:00;8,7
Stavanger - Våland;SN44640;17.04.2025 03:00;8,8
Stavanger - Våland;SN44640;17.04.2025 04:00;8,9
Stavanger - Våland;SN44640;17.04.2025 05:00;9,2
Stavanger - Våland;SN44640;17.04.2025 06:00;8,9
Stavanger - Våland;SN44640;17.04.2025 07:00;8,9
Stavanger - Våland;SN44640;17.04.2025 08:00;9,3
Stavanger - Våland;SN44640;17.04.2025 09:00;9,6
Stavanger - Våland;SN44640;17.04.2025 10:00;10,4
Stavanger - Våland;SN44640;17.04.2025 11:00;10,4
Stavanger - Våland;SN44640;17.04.2025 12:00;10,4
Stavanger - Våland;SN44640;17.04.2025 13:00;10,2
Stavanger - Våland;SN44640;17.04.2025 14:00;10,4
Stavanger - Våland;SN44640;17.04.2025 15:00;10,5
Stavanger - Våland;SN44640;17.04.2025 16:00;10,2
Stavanger - Våland;SN44640;17.04.2025 17:00;9,7
Stavanger - Våland;SN44640;17.04.2025 18:00;9,7
Stavanger - Våland;SN44640;17.04.2025 19:00;8,9
Stavanger - Våland;SN44640;17.04.2025 20:00;7,7
Stavanger - Våland;SN44640;17.04.2025 21:00;6,6
Stavanger - Våland;SN44640;17.04.2025 22:00;6,6
Stavanger - Våland;SN44640;17.04.2025 23:00;6,8
Stavanger - Våland;SN44640;18.04.2025 00:00;7,1
Stavanger - Våland;SN44640;18.04.2025 01:00;7,1
Stavanger - Våland;SN44640;18.04.2025 02:00;7
Stavanger - Våland;SN44640;18.04.2025 03:00;6,7
Stavanger - Våland;SN44640;18.04.2025 04:00;6,9
Stavanger - Våland;SN44640;18.04.2025 05:00;6,8
Stavanger - Våland;SN44640;18.04.2025 06:00;6,9
Stavanger - Våland;SN44640;18.04.2025 07:00;7,5
Stavanger - Våland;SN44640;18.04.2025 08:00;8,4
Stavanger - Våland;SN44640;18.04.2025 09:00;9,6
Stavanger - Våland;SN44640;18.04.2025 10:00;11,2
Stavanger - Våland;SN44640;18.04.2025 11:00;11,2
Stavanger - Våland;SN44640;18.04.2025 12:00;10,7
Stavanger - Våland;SN44640;18.04.2025 13:00;11,4
Stavanger - Våland;SN44640;18.04.2025 14:00;11,4
Stavanger - Våland;SN44640;18.04.2025 15:00;12,3
Stavanger - Våland;SN44640;18.04.2025 16:00;12,1
Stavanger - Våland;SN44640;18.04.2025 17:00;11,4
Stavanger - Våland;SN44640;18.04.2025 18:00;10,6
Stavanger - Våland;SN44640;18.04.2025 19:00;9,2
Stavanger - Våland;SN44640;18.04.2025 20:00;8,1
Stavanger - Våland;SN44640;18.04.2025 21:00;7,3
Stavanger - Våland;SN44640;18.04.2025 22:00;6,7
Stavanger - Våland;SN44640;18.04.2025 23:00;6,2
Stavanger - Våland;SN44640;19.04.2025 00:00;5,9
Stavanger - Våland;SN44640;19.04.2025 01:00;5,4
Stavanger - Våland;SN44640;19.04.2025 02:00;5,1
Stavanger - Våland;SN44640;19.04.2025 03:00;4,9
Stavanger - Våland;SN44640;19.04.2025 04:00;4,3
Stavanger - Våland;SN44640;19.04.2025 05:00;4,3
Stavanger - Våland;SN44640;19.04.2025 06:00;4,7
Stavanger - Våland;SN44640;19.04.2025 07:00;5,4
Stavanger - Våland;SN44640;19.04.2025 08:00;7,7
Stavanger - Våland;SN44640;19.04.2025 09:00;8,8
Stavanger - Våland;SN44640;19.04.2025 10:00;10,1
Stavanger - Våland;SN44640;19.04.2025 11:00;11,3
Stavanger - Våland;SN44640;19.04.2025 12:00;13,2
Stavanger - Våland;SN44640;19.04.2025 13:00;14,2
Stavanger - Våland;SN44640;19.04.2025 14:00;15,1
Stavanger - Våland;SN44640;19.04.2025 15:00;14,8
Stavanger - Våland;SN44640;19.04.2025 16:00;15,1
Stavanger - Våland;SN44640;19.04.2025 17:00;15,7
Stavanger - Våland;SN44640;19.04.2025 18:00;15,5
Stavanger - Våland;SN44640;19.04.2025 19:00;14
Stavanger - Våland;SN44640;19.04.2025 20:00;12,5
Stavanger - Våland;SN44640;19.04.2025 21:00;11,3
Stavanger - Våland;SN44640;19.04.2025 22:00;10
Stavanger - Våland;SN44640;19.04.2025 23:00;10,3
Stavanger - Våland;SN44640;20.04.2025 00:00;10
Stavanger - Våland;SN44640;20.04.2025 01:00;9,4
Stavanger - Våland;SN44640;20.04.2025 02:00;9
Stavanger - Våland;SN44640;20.04.2025 03:00;9,7
Stavanger - Våland;SN44640;20.04.2025 04:00;8,7
Stavanger - Våland;SN44640;20.04.2025 05:00;8,3
Stavanger - Våland;SN44640;20.04.2025 06:00;8,3
Stavanger - Våland;SN44640;20.04.2025 07:00;9,2
Stavanger - Våland;SN44640;20.04.2025 08:00;11,7
Stavanger - Våland;SN44640;20.04.2025 09:00;12,7
Stavanger - Våland;SN44640;20.04.2025 10:00;13,5
Stavanger - Våland;SN44640;20.04.2025 11:00;14,5
Stavanger - Våland;SN44640;20.04.2025 12:00;14
Stavanger - Våland;SN44640;20.04.2025 13:00;13,5
Stavanger - Våland;SN44640;20.04.2025 14:00;13,4
Stavanger - Våland;SN44640;20.04.2025 15:00;11,9
Stavanger - Våland;SN44640;20.04.2025 16:00;11,3
Stavanger - Våland;SN44640;20.04.2025 17:00;11,1
Stavanger - Våland;SN44640;20.04.2025 18:00;12,1
Stavanger - Våland;SN44640;20.04.2025 19:00;10,5
Stavanger - Våland;SN44640;20.04.2025 20:00;9,4
Stavanger - Våland;SN44640;20.04.2025 21:00;8,8
Stavanger - Våland;SN44640;20.04.2025 22:00;8,3
Stavanger - Våland;SN44640;20.04.2025 23:00;7,8
Stavanger - Våland;SN44640;21.04.2025 00:00;7,6
Stavanger - Våland;SN44640;21.04.2025 01:00;7,7
Stavanger - Våland;SN44640;21.04.2025 02:00;7,6
Stavanger - Våland;SN44640;21.04.2025 03:00;7,5
Stavanger - Våland;SN44640;21.04.2025 04:00;7,3
Stavanger - Våland;SN44640;21.04.2025 05:00;7,4
Stavanger - Våland;SN44640;21.04.2025 06:00;7,6
Stavanger - Våland;SN44640;21.04.2025 07:00;8,1
Stavanger - Våland;SN44640;21.04.2025 08:00;8,6
Stavanger - Våland;SN44640;21.04.2025 09:00;9,7
Stavanger - Våland;SN44640;21.04.2025 10:00;10,3
Stavanger - Våland;SN44640;21.04.2025 11:00;10,8
Stavanger - Våland;SN44640;21.04.2025 12:00;11,2
Stavanger - Våland;SN44640;21.04.2025 13:00;11,1
Stavanger - Våland;SN44640;21.04.2025 14:00;11,8
Stavanger - Våland;SN44640;21.04.2025 15:00;12,1
Stavanger - Våland;SN44640;21.04.2025 16:00;11,1
Stavanger - Våland;SN44640;21.04.2025 17:00;9,8
Stavanger - Våland;SN44640;21.04.2025 18:00;9
Stavanger - Våland;SN44640;21.04.2025 19:00;8,7
Stavanger - Våland;SN44640;21.04.2025 20:00;8,3
Stavanger - Våland;SN44640;21.04.2025 21:00;8,1
Stavanger - Våland;SN44640;21.04.2025 22:00;7,8
Stavanger - Våland;SN44640;21.04.2025 23:00;7,7
Stavanger - Våland;SN44640;22.04.2025 00:00;7,6
Stavanger - Våland;SN44640;22.04.2025 01:00;7,7
Stavanger - Våland;SN44640;22.04.2025 02:00;7,7
Stavanger - Våland;SN44640;22.04.2025 03:00;7,5
Stavanger - Våland;SN44640;22.04.2025 04:00;7,5
Stavanger - Våland;SN44640;22.04.2025 05:00;7,4
Stavanger - Våland;SN44640;22.04.2025 06:00;7,3
Stavanger - Våland;SN44640;22.04.2025 07:00;7,9
Stavanger - Våland;SN44640;22.04.2025 08:00;8,6
Stavanger - Våland;SN44640;22.04.2025 09:00;9,1
Stavanger - Våland;SN44640;22.04.2025 10:00;9,6
Stavanger - Våland;SN44640;22.04.2025 11:00;9,8
Stavanger - Våland;SN44640;22.04.2025 12:00;9,4
Stavanger - Våland;SN44640;22.04.2025 13:00;8,9
Stavanger - Våland;SN44640;22.04.2025 14:00;9,1
Stavanger - Våland;SN44640;22.04.2025 15:00;9,1
Stavanger - Våland;SN44640;22.04.2025 16:00;9,2
Stavanger - Våland;SN44640;22.04.2025 17:00;9,1
Stavanger - Våland;SN44640;22.04.2025 18:00;8,8
Stavanger - Våland;SN44640;22.04.2025 19:00;8,5
Stavanger - Våland;SN44640;22.04.2025 20:00;8,2
Stavanger - Våland;SN44640;22.04.2025 21:00;7,6
Stavanger - Våland;SN44640;22.04.2025 22:00;7,6
Stavanger - Våland;SN44640;22.04.2025 23:00;7,4
Stavanger - Våland;SN44640;23.04.2025 00:00;7,1
Stavanger - Våland;SN44640;23.04.2025 01:00;6,8
Stavanger - Våland;SN44640;23.04.2025 02:00;7,1
Stavanger - Våland;SN44640;23.04.2025 03:00;7,2
Stavanger - Våland;SN44640;23.04.2025 04:00;7,1
Stavanger - Våland;SN44640;23.04.2025 05:00;6,8
Stavanger - Våland;SN44640;23.04.2025 06:00;6,7
Stavanger - Våland;SN44640;23.04.2025 07:00;7,7
Stavanger - Våland;SN44640;23.04.2025 08:00;9,9
Stavanger - Våland;SN44640;23.04.2025 09:00;10,3
Stavanger - Våland;SN44640;23.04.2025 10:00;11,4
Stavanger - Våland;SN44640;23.04.2025 11:00;12,6
Stavanger - Våland;SN44640;23.04.2025 12:00;12,9
Stavanger - Våland;SN44640;23.04.2025 13:00;13,8
Stavanger - Våland;SN44640;23.04.2025 14:00;13,7
Stavanger - Våland;SN44640;23.04.2025 15:00;14,4
Stavanger - Våland;SN44640;23.04.2025 16:00;13,5
Stavanger - Våland;SN44640;23.04.2025 17:00;12,2
Stavanger - Våland;SN44640;23.04.2025 18:00;12,8
Stavanger - Våland;SN44640;23.04.2025 19:00;9,6
Stavanger - Våland;SN44640;23.04.2025 20:00;9,1
Stavanger - Våland;SN44640;23.04.2025 21:00;8,5
Stavanger - Våland;SN44640;23.04.2025 22:00;8,6
Stavanger - Våland;SN44640;23.04.2025 23:00;7,8
Stavanger - Våland;SN44640;24.04.2025 00:00;6,8
Stavanger - Våland;SN44640;24.04.2025 01:00;6,7
Stavanger - Våland;SN44640;24.04.2025 02:00;6,3
Stavanger - Våland;SN44640;24.04.2025 03:00;6,5
Stavanger - Våland;SN44640;24.04.2025 04:00;6,3
Stavanger - Våland;SN44640;24.04.2025 05:00;6,2
Stavanger - Våland;SN44640;24.04.2025 06:00;6,4
Stavanger - Våland;SN44640;24.04.2025 07:00;6,3
Stavanger - Våland;SN44640;24.04.2025 08:00;6,3
Stavanger - Våland;SN44640;24.04.2025 09:00;8,6
Stavanger - Våland;SN44640;24.04.2025 10:00;9,5
Stavanger - Våland;SN44640;24.04.2025 11:00;10,9
Stavanger - Våland;SN44640;24.04.2025 12:00;11,7
Stavanger - Våland;SN44640;24.04.2025 13:00;11,4
Stavanger - Våland;SN44640;24.04.2025 14:00;11,3
Stavanger - Våland;SN44640;24.04.2025 15:00;10,9
Stavanger - Våland;SN44640;24.04.2025 16:00;10,7
Stavanger - Våland;SN44640;24.04.2025 17:00;10,4
Stavanger - Våland;SN44640;24.04.2025 18:00;9,8
Stavanger - Våland;SN44640;24.04.2025 19:00;8,5
Stavanger - Våland;SN44640;24.04.2025 20:00;7,2
Stavanger - Våland;SN44640;24.04.2025 21:00;6,1
Stavanger - Våland;SN44640;24.04.2025 22:00;5,3
Stavanger - Våland;SN44640;24.04.2025 23:00;4,7
Stavanger - Våland;SN44640;25.04.2025 00:00;4,5
Stavanger - Våland;SN44640;25.04.2025 01:00;3,9
Stavanger - Våland;SN44640;25.04.2025 02:00;4,1
Stavanger - Våland;SN44640;25.04.2025 03:00;4,8
Stavanger - Våland;SN44640;25.04.2025 04:00;4,5
Stavanger - Våland;SN44640;25.04.2025 05:00;4,9
Stavanger - Våland;SN44640;25.04.2025 06:00;5,4
Stavanger - Våland;SN44640;25.04.2025 07:00;8,1
Stavanger - Våland;SN44640;25.04.2025 08:00;10,1
Stavanger - Våland;SN44640;25.04.2025 09:00;10,6
Stavanger - Våland;SN44640;25.04.2025 10:00;12
Stavanger - Våland;SN44640;25.04.2025 11:00;11,8
Stavanger - Våland;SN44640;25.04.2025 12:00;11,4
Stavanger - Våland;SN44640;25.04.2025 13:00;11,9
Stavanger - Våland;SN44640;25.04.2025 14:00;11,7
Stavanger - Våland;SN44640;25.04.2025 15:00;11,5
Stavanger - Våland;SN44640;25.04.2025 16:00;10,9
Stavanger - Våland;SN44640;25.04.2025 17:00;10,5
Stavanger - Våland;SN44640;25.04.2025 18:00;10
Stavanger - Våland;SN44640;25.04.2025 19:00;8,4
Stavanger - Våland;SN44640;25.04.2025 20:00;6,6
Stavanger - Våland;SN44640;25.04.2025 21:00;5,2
Stavanger - Våland;SN44640;25.04.2025 22:00;5
Stavanger - Våland;SN44640;25.04.2025 23:00;5,2
Stavanger - Våland;SN44640;26.04.2025 00:00;5,1
Stavanger - Våland;SN44640;26.04.2025 01:00;5,1
Stavanger - Våland;SN44640;26.04.2025 02:00;4,8
Stavanger - Våland;SN44640;26.04.2025 03:00;4,6
Stavanger - Våland;SN44640;26.04.2025 04:00;4,2
Stavanger - Våland;SN44640;26.04.2025 05:00;4,1
Stavanger - Våland;SN44640;26.04.2025 06:00;5,7
Stavanger - Våland;SN44640;26.04.2025 07:00;7,2
Stavanger - Våland;SN44640;26.04.2025 08:00;9
Stavanger - Våland;SN44640;26.04.2025 09:00;11,3
Stavanger - Våland;SN44640;26.04.2025 10:00;11,2
Stavanger - Våland;SN44640;26.04.2025 11:00;12,2
Stavanger - Våland;SN44640;26.04.2025 12:00;10,8
Stavanger - Våland;SN44640;26.04.2025 13:00;12,2
Stavanger - Våland;SN44640;26.04.2025 14:00;12,2
Stavanger - Våland;SN44640;26.04.2025 15:00;11,7
Stavanger - Våland;SN44640;26.04.2025 16:00;11,1
Stavanger - Våland;SN44640;26.04.2025 17:00;10,8
Stavanger - Våland;SN44640;26.04.2025 18:00;9,7
Stavanger - Våland;SN44640;26.04.2025 19:00;9
Stavanger - Våland;SN44640;26.04.2025 20:00;8
Stavanger - Våland;SN44640;26.04.2025 21:00;7,2
Stavanger - Våland;SN44640;26.04.2025 22:00;6,3
Stavanger - Våland;SN44640;26.04.2025 23:00;5,9
Stavanger - Våland;SN44640;27.04.2025 00:00;5,3
Stavanger - Våland;SN44640;27.04.2025 01:00;5,7
Stavanger - Våland;SN44640;27.04.2025 02:00;6,7
Stavanger - Våland;SN44640;27.04.2025 03:00;7,3
Stavanger - Våland;SN44640;27.04.2025 04:00;7,4
Stavanger - Våland;SN44640;27.04.2025 05:00;7,6
Stavanger - Våland;SN44640;27.04.2025 06:00;7,6
Stavanger - Våland;SN44640;27.04.2025 07:00;8,1
Stavanger - Våland;SN44640;27.04.2025 08:00;8,7
Stavanger - Våland;SN44640;27.04.2025 09:00;10,5
Stavanger - Våland;SN44640;27.04.2025 10:00;11,4
Stavanger - Våland;SN44640;27.04.2025 11:00;11,5
Stavanger - Våland;SN44640;27.04.2025 12:00;12,5
Stavanger - Våland;SN44640;27.04.2025 13:00;13,8
Stavanger - Våland;SN44640;27.04.2025 14:00;12,3
Stavanger - Våland;SN44640;27.04.2025 15:00;13,3
Stavanger - Våland;SN44640;27.04.2025 16:00;12,9
Stavanger - Våland;SN44640;27.04.2025 17:00;11,9
Stavanger - Våland;SN44640;27.04.2025 18:00;11
Stavanger - Våland;SN44640;27.04.2025 19:00;10,8
Stavanger - Våland;SN44640;27.04.2025 20:00;10,5
Stavanger - Våland;SN44640;27.04.2025 21:00;10,1
Stavanger - Våland;SN44640;27.04.2025 22:00;10,1
Stavanger - Våland;SN44640;27.04.2025 23:00;9,4
Stavanger - Våland;SN44640;28.04.2025 00:00;9,5
Stavanger - Våland;SN44640;28.04.2025 01:00;10,1
Stavanger - Våland;SN44640;28.04.2025 02:00;10,2
Stavanger - Våland;SN44640;28.04.2025 03:00;10,1
Stavanger - Våland;SN44640;28.04.2025 04:00;10,5
Stavanger - Våland;SN44640;28.04.2025 05:00;10,4
Stavanger - Våland;SN44640;28.04.2025 06:00;10,6
Stavanger - Våland;SN44640;28.04.2025 07:00;10,9
Stavanger - Våland;SN44640;28.04.2025 08:00;11
Stavanger - Våland;SN44640;28.04.2025 09:00;11
Stavanger - Våland;SN44640;28.04.2025 10:00;10,7
Stavanger - Våland;SN44640;28.04.2025 11:00;10,2
Stavanger - Våland;SN44640;28.04.2025 12:00;10
Stavanger - Våland;SN44640;28.04.2025 13:00;10,1
Stavanger - Våland;SN44640;28.04.2025 14:00;10,3
Stavanger - Våland;SN44640;28.04.2025 15:00;10,2
Stavanger - Våland;SN44640;28.04.2025 16:00;10,4
Stavanger - Våland;SN44640;28.04.2025 17:00;11,1
Stavanger - Våland;SN44640;28.04.2025 18:00;10,5
Stavanger - Våland;SN44640;28.04.2025 19:00;9,9
Stavanger - Våland;SN44640;28.04.2025 20:00;8,8
Stavanger - Våland;SN44640;28.04.2025 21:00;7,9
Stavanger - Våland;SN44640;28.04.2025 22:00;7,2
Stavanger - Våland;SN44640;28.04.2025 23:00;6,5
Stavanger - Våland;SN44640;29.04.2025 00:00;5,8
Stavanger - Våland;SN44640;29.04.2025 01:00;6,5
Stavanger - Våland;SN44640;29.04.2025 02:00;6,7
Stavanger - Våland;SN44640;29.04.2025 03:00;5,7
Stavanger - Våland;SN44640;29.04.2025 04:00;5,3
Stavanger - Våland;SN44640;29.04.2025 05:00;6,1
Stavanger - Våland;SN44640;29.04.2025 06:00;6,9
Stavanger - Våland;SN44640;29.04.2025 07:00;7,5
Stavanger - Våland;SN44640;29.04.2025 08:00;7,7
Stavanger - Våland;SN44640;29.04.2025 09:00;9,3
Stavanger - Våland;SN44640;29.04.2025 10:00;10,6
Stavanger - Våland;SN44640;29.04.2025 11:00;12
Stavanger - Våland;SN44640;29.04.2025 12:00;12,2
Stavanger - Våland;SN44640;29.04.2025 13:00;13,2
Stavanger - Våland;SN44640;29.04.2025 14:00;13,4
Stavanger - Våland;SN44640;29.04.2025 15:00;13
Stavanger - Våland;SN44640;29.04.2025 16:00;12,4
Stavanger - Våland;SN44640;29.04.2025 17:00;10,8
Stavanger - Våland;SN44640;29.04.2025 18:00;10,3
Stavanger - Våland;SN44640;29.04.2025 19:00;10,2
Stavanger - Våland;SN44640;29.04.2025 20:00;9,6
Stavanger - Våland;SN44640;29.04.2025 21:00;9,6
Stavanger - Våland;SN44640;29.04.2025 22:00;9,7
Stavanger - Våland;SN44640;29.04.2025 23:00;9,7
Stavanger - Våland;SN44640;30.04.2025 00:00;9,7
Stavanger - Våland;SN44640;30.04.2025 01:00;9,5
Stavanger - Våland;SN44640;30.04.2025 02:00;9,5
Stavanger - Våland;SN44640;30.04.2025 03:00;9,4
Stavanger - Våland;SN44640;30.04.2025 04:00;9,3
Stavanger - Våland;SN44640;30.04.2025 05:00;9,1
Stavanger - Våland;SN44640;30.04.2025 06:00;8,9
Stavanger - Våland;SN44640;30.04.2025 07:00;8,9
Stavanger - Våland;SN44640;30.04.2025 08:00;10
Stavanger - Våland;SN44640;30.04.2025 09:00;11,7
Stavanger - Våland;SN44640;30.04.2025 10:00;12,5
Stavanger - Våland;SN44640;30.04.2025 11:00;12,9
Stavanger - Våland;SN44640;30.04.2025 12:00;13,5
Stavanger - Våland;SN44640;30.04.2025 13:00;14,1
Stavanger - Våland;SN44640;30.04.2025 14:00;15,1
Stavanger - Våland;SN44640;30.04.2025 15:00;14,8
Stavanger - Våland;SN44640;30.04.2025 16:00;13,4
Stavanger - Våland;SN44640;30.04.2025 17:00;13,8
Stavanger - Våland;SN44640;30.04.2025 18:00;14,1
Stavanger - Våland;SN44640;30.04.2025 19:00;12,3
Stavanger - Våland;SN44640;30.04.2025 20:00;10,4
Stavanger - Våland;SN44640;30.04.2025 21:00;9,5
Stavanger - Våland;SN44640;30.04.2025 22:00;9,7
Stavanger - Våland;SN44640;30.04.2025 23:00;9,4
Stavanger - Våland;SN44640;01.05.2025 00:00;8,2
Stavanger - Våland;SN44640;01.05.2025 01:00;8,2
Stavanger - Våland;SN44640;01.05.2025 02:00;8,6
Stavanger - Våland;SN44640;01.05.2025 03:00;8,4
Stavanger - Våland;SN44640;01.05.2025 04:00;8
Stavanger - Våland;SN44640;01.05.2025 05:00;8,2
Stavanger - Våland;SN44640;01.05.2025 06:00;9,2
Stavanger - Våland;SN44640;01.05.2025 07:00;12,4
Stavanger - Våland;SN44640;01.05.2025 08:00;12,7
Stavanger - Våland;SN44640;01.05.2025 09:00;14,5
Stavanger - Våland;SN44640;01.05.2025 10:00;15,8
Stavanger - Våland;SN44640;01.05.2025 11:00;18,3
Stavanger - Våland;SN44640;01.05.2025 12:00;18,4
Stavanger - Våland;SN44640;01.05.2025 13:00;16,9
Stavanger - Våland;SN44640;01.05.2025 14:00;15
Stavanger - Våland;SN44640;01.05.2025 15:00;15,2
Stavanger - Våland;SN44640;01.05.2025 16:00;12,8
Stavanger - Våland;SN44640;01.05.2025 17:00;12,2
Stavanger - Våland;SN44640;01.05.2025 18:00;10,9
Stavanger - Våland;SN44640;01.05.2025 19:00;11
Stavanger - Våland;SN44640;01.05.2025 20:00;9,9
Stavanger - Våland;SN44640;01.05.2025 21:00;8,5
Stavanger - Våland;SN44640;01.05.2025 22:00;8,3
Stavanger - Våland;SN44640;01.05.2025 23:00;8
Stavanger - Våland;SN44640;02.05.2025 00:00;7,9
Stavanger - Våland;SN44640;02.05.2025 01:00;8
Stavanger - Våland;SN44640;02.05.2025 02:00;7,9
Stavanger - Våland;SN44640;02.05.2025 03:00;7,9
Stavanger - Våland;SN44640;02.05.2025 04:00;7,9
Stavanger - Våland;SN44640;02.05.2025 05:00;8,1
Stavanger - Våland;SN44640;02.05.2025 06:00;8,4
Stavanger - Våland;SN44640;02.05.2025 07:00;7,7
Stavanger - Våland;SN44640;02.05.2025 08:00;9,2
Stavanger - Våland;SN44640;02.05.2025 09:00;10
Stavanger - Våland;SN44640;02.05.2025 10:00;10
Stavanger - Våland;SN44640;02.05.2025 11:00;11
Stavanger - Våland;SN44640;02.05.2025 12:00;9,9
Stavanger - Våland;SN44640;02.05.2025 13:00;11,1
Stavanger - Våland;SN44640;02.05.2025 14:00;11
Stavanger - Våland;SN44640;02.05.2025 15:00;12
Stavanger - Våland;SN44640;02.05.2025 16:00;10,8
Stavanger - Våland;SN44640;02.05.2025 17:00;9,8
Stavanger - Våland;SN44640;02.05.2025 18:00;8,9
Stavanger - Våland;SN44640;02.05.2025 19:00;8,7
Stavanger - Våland;SN44640;02.05.2025 20:00;8,2
Stavanger - Våland;SN44640;02.05.2025 21:00;8,5
Stavanger - Våland;SN44640;02.05.2025 22:00;8,5
Stavanger - Våland;SN44640;02.05.2025 23:00;8
Stavanger - Våland;SN44640;03.05.2025 00:00;8
Stavanger - Våland;SN44640;03.05.2025 01:00;7,7
Stavanger - Våland;SN44640;03.05.2025 02:00;7,8
Stavanger - Våland;SN44640;03.05.2025 03:00;7,6
Stavanger - Våland;SN44640;03.05.2025 04:00;7,5
Stavanger - Våland;SN44640;03.05.2025 05:00;7,1
Stavanger - Våland;SN44640;03.05.2025 06:00;6,7
Stavanger - Våland;SN44640;03.05.2025 07:00;6,8
Stavanger - Våland;SN44640;03.05.2025 08:00;8,3
Stavanger - Våland;SN44640;03.05.2025 09:00;8,7
Stavanger - Våland;SN44640;03.05.2025 10:00;10
Stavanger - Våland;SN44640;03.05.2025 11:00;8,4
Stavanger - Våland;SN44640;03.05.2025 12:00;10,1
Stavanger - Våland;SN44640;03.05.2025 13:00;9,9
Stavanger - Våland;SN44640;03.05.2025 14:00;10,7
Stavanger - Våland;SN44640;03.05.2025 15:00;10,9
Stavanger - Våland;SN44640;03.05.2025 16:00;10,7
Stavanger - Våland;SN44640;03.05.2025 17:00;9,5
Stavanger - Våland;SN44640;03.05.2025 18:00;9
Stavanger - Våland;SN44640;03.05.2025 19:00;7,6
Stavanger - Våland;SN44640;03.05.2025 20:00;6,9
Stavanger - Våland;SN44640;03.05.2025 21:00;6,7
Stavanger - Våland;SN44640;03.05.2025 22:00;6,5
Stavanger - Våland;SN44640;03.05.2025 23:00;6,3
Stavanger - Våland;SN44640;04.05.2025 00:00;5,9
Stavanger - Våland;SN44640;04.05.2025 01:00;5,4
Stavanger - Våland;SN44640;04.05.2025 02:00;5
Stavanger - Våland;SN44640;04.05.2025 03:00;4,6
Stavanger - Våland;SN44640;04.05.2025 04:00;5
Stavanger - Våland;SN44640;04.05.2025 05:00;5,6
Stavanger - Våland;SN44640;04.05.2025 06:00;5,8
Stavanger - Våland;SN44640;04.05.2025 07:00;6,1
Stavanger - Våland;SN44640;04.05.2025 08:00;6,5
Stavanger - Våland;SN44640;04.05.2025 09:00;5,2
Stavanger - Våland;SN44640;04.05.2025 10:00;4,4
Stavanger - Våland;SN44640;04.05.2025 11:00;5,2
Stavanger - Våland;SN44640;04.05.2025 12:00;7,3
Stavanger - Våland;SN44640;04.05.2025 13:00;8,4
Stavanger - Våland;SN44640;04.05.2025 14:00;9,3
Stavanger - Våland;SN44640;04.05.2025 15:00;9,4
Stavanger - Våland;SN44640;04.05.2025 16:00;10
Stavanger - Våland;SN44640;04.05.2025 17:00;11,8
Stavanger - Våland;SN44640;04.05.2025 18:00;12,1
Stavanger - Våland;SN44640;04.05.2025 19:00;10,4
Stavanger - Våland;SN44640;04.05.2025 20:00;9
Stavanger - Våland;SN44640;04.05.2025 21:00;7,3
Stavanger - Våland;SN44640;04.05.2025 22:00;6,9
Stavanger - Våland;SN44640;04.05.2025 23:00;6,1
Stavanger - Våland;SN44640;05.05.2025 00:00;5,7
Stavanger - Våland;SN44640;05.05.2025 01:00;5,2
Stavanger - Våland;SN44640;05.05.2025 02:00;4,5
Stavanger - Våland;SN44640;05.05.2025 03:00;4,5
Stavanger - Våland;SN44640;05.05.2025 04:00;4,2
Stavanger - Våland;SN44640;05.05.2025 05:00;3,8
Stavanger - Våland;SN44640;05.05.2025 06:00;5,1
Stavanger - Våland;SN44640;05.05.2025 07:00;6,9
Stavanger - Våland;SN44640;05.05.2025 08:00;7,5
Stavanger - Våland;SN44640;05.05.2025 09:00;8,6
Stavanger - Våland;SN44640;05.05.2025 10:00;8,9
Stavanger - Våland;SN44640;05.05.2025 11:00;9,4
Stavanger - Våland;SN44640;05.05.2025 12:00;10,3
Stavanger - Våland;SN44640;05.05.2025 13:00;10,2
Stavanger - Våland;SN44640;05.05.2025 14:00;9,9
Stavanger - Våland;SN44640;05.05.2025 15:00;8,9
Stavanger - Våland;SN44640;05.05.2025 16:00;8,8
Stavanger - Våland;SN44640;05.05.2025 17:00;8,9
Stavanger - Våland;SN44640;05.05.2025 18:00;8,8
Stavanger - Våland;SN44640;05.05.2025 19:00;9,3
Stavanger - Våland;SN44640;05.05.2025 20:00;8,4
Stavanger - Våland;SN44640;05.05.2025 21:00;7,3
Stavanger - Våland;SN44640;05.05.2025 22:00;6,8
Stavanger - Våland;SN44640;05.05.2025 23:00;6,3
Stavanger - Våland;SN44640;06.05.2025 00:00;5,6
Stavanger - Våland;SN44640;06.05.2025 01:00;5,4
Stavanger - Våland;SN44640;06.05.2025 02:00;5
Stavanger - Våland;SN44640;06.05.2025 03:00;4,4
Stavanger - Våland;SN44640;06.05.2025 04:00;4,7
Stavanger - Våland;SN44640;06.05.2025 05:00;5,1
Stavanger - Våland;SN44640;06.05.2025 06:00;5
Stavanger - Våland;SN44640;06.05.2025 07:00;6,2
Stavanger - Våland;SN44640;06.05.2025 08:00;7,5
Stavanger - Våland;SN44640;06.05.2025 09:00;9,4
Stavanger - Våland;SN44640;06.05.2025 10:00;9,4
Stavanger - Våland;SN44640;06.05.2025 11:00;10,5
Stavanger - Våland;SN44640;06.05.2025 12:00;11,5
Stavanger - Våland;SN44640;06.05.2025 13:00;11,6
Stavanger - Våland;SN44640;06.05.2025 14:00;12,4
Stavanger - Våland;SN44640;06.05.2025 15:00;12,1
Stavanger - Våland;SN44640;06.05.2025 16:00;10,6
Stavanger - Våland;SN44640;06.05.2025 17:00;10,7
Stavanger - Våland;SN44640;06.05.2025 18:00;10,2
Stavanger - Våland;SN44640;06.05.2025 19:00;8,7
Stavanger - Våland;SN44640;06.05.2025 20:00;7,5
Stavanger - Våland;SN44640;06.05.2025 21:00;6,9
Stavanger - Våland;SN44640;06.05.2025 22:00;6,5
Stavanger - Våland;SN44640;06.05.2025 23:00;6,3
Stavanger - Våland;SN44640;07.05.2025 00:00;6
Stavanger - Våland;SN44640;07.05.2025 01:00;5,6
Stavanger - Våland;SN44640;07.05.2025 02:00;4,9
Stavanger - Våland;SN44640;07.05.2025 03:00;5
Stavanger - Våland;SN44640;07.05.2025 04:00;4,8
Stavanger - Våland;SN44640;07.05.2025 05:00;4,7
Stavanger - Våland;SN44640;07.05.2025 06:00;5,9
Stavanger - Våland;SN44640;07.05.2025 07:00;8
Stavanger - Våland;SN44640;07.05.2025 08:00;9,6
Stavanger - Våland;SN44640;07.05.2025 09:00;10,8
Stavanger - Våland;SN44640;07.05.2025 10:00;12,1
Stavanger - Våland;SN44640;07.05.2025 11:00;13,1
Stavanger - Våland;SN44640;07.05.2025 12:00;13,4
Stavanger - Våland;SN44640;07.05.2025 13:00;13,6
Stavanger - Våland;SN44640;07.05.2025 14:00;13,6
Stavanger - Våland;SN44640;07.05.2025 15:00;13,8
Stavanger - Våland;SN44640;07.05.2025 16:00;13,4
Stavanger - Våland;SN44640;07.05.2025 17:00;13,5
Stavanger - Våland;SN44640;07.05.2025 18:00;12,9
Stavanger - Våland;SN44640;07.05.2025 19:00;11,3
Stavanger - Våland;SN44640;07.05.2025 20:00;9,4
Stavanger - Våland;SN44640;07.05.2025 21:00;7,9
Stavanger - Våland;SN44640;07.05.2025 22:00;7,4
Stavanger - Våland;SN44640;07.05.2025 23:00;7,6
Stavanger - Våland;SN44640;08.05.2025 00:00;8
Stavanger - Våland;SN44640;08.05.2025 01:00;8
Stavanger - Våland;SN44640;08.05.2025 02:00;7,7
Stavanger - Våland;SN44640;08.05.2025 03:00;7,1
Stavanger - Våland;SN44640;08.05.2025 04:00;6,9
Stavanger - Våland;SN44640;08.05.2025 05:00;7,2
Stavanger - Våland;SN44640;08.05.2025 06:00;7,6
Stavanger - Våland;SN44640;08.05.2025 07:00;9
Stavanger - Våland;SN44640;08.05.2025 08:00;11,3
Stavanger - Våland;SN44640;08.05.2025 09:00;12,2
Stavanger - Våland;SN44640;08.05.2025 10:00;13,6
Stavanger - Våland;SN44640;08.05.2025 11:00;14,3
Stavanger - Våland;SN44640;08.05.2025 12:00;14
Stavanger - Våland;SN44640;08.05.2025 13:00;14,8
Stavanger - Våland;SN44640;08.05.2025 14:00;16,2
Stavanger - Våland;SN44640;08.05.2025 15:00;15,6
Stavanger - Våland;SN44640;08.05.2025 16:00;14,7
Stavanger - Våland;SN44640;08.05.2025 17:00;14,2
Stavanger - Våland;SN44640;08.05.2025 18:00;12,2
Stavanger - Våland;SN44640;08.05.2025 19:00;9,9
Stavanger - Våland;SN44640;08.05.2025 20:00;9,2
Stavanger - Våland;SN44640;08.05.2025 21:00;9,1
Stavanger - Våland;SN44640;08.05.2025 22:00;9,1
Stavanger - Våland;SN44640;08.05.2025 23:00;9,1
Stavanger - Våland;SN44640;09.05.2025 00:00;9
Stavanger - Våland;SN44640;09.05.2025 01:00;8,9
Stavanger - Våland;SN44640;09.05.2025 02:00;8,9
Stavanger - Våland;SN44640;09.05.2025 03:00;8,8
Stavanger - Våland;SN44640;09.05.2025 04:00;8,8
Stavanger - Våland;SN44640;09.05.2025 05:00;8,8
Stavanger - Våland;SN44640;09.05.2025 06:00;8,7
Stavanger - Våland;SN44640;09.05.2025 07:00;8,8
Stavanger - Våland;SN44640;09.05.2025 08:00;9,7
Stavanger - Våland;SN44640;09.05.2025 09:00;10,7
Stavanger - Våland;SN44640;09.05.2025 10:00;12
Stavanger - Våland;SN44640;09.05.2025 11:00;12,1
Stavanger - Våland;SN44640;09.05.2025 12:00;12,5
Stavanger - Våland;SN44640;09.05.2025 13:00;13,3
Stavanger - Våland;SN44640;09.05.2025 14:00;14,3
Stavanger - Våland;SN44640;09.05.2025 15:00;14,4
Stavanger - Våland;SN44640;09.05.2025 16:00;14,4
Stavanger - Våland;SN44640;09.05.2025 17:00;13,2
Stavanger - Våland;SN44640;09.05.2025 18:00;12,2
Stavanger - Våland;SN44640;09.05.2025 19:00;11
Stavanger - Våland;SN44640;09.05.2025 20:00;10,4
Stavanger - Våland;SN44640;09.05.2025 21:00;9,2
Stavanger - Våland;SN44640;09.05.2025 22:00;8,2
Stavanger - Våland;SN44640;09.05.2025 23:00;8
Stavanger - Våland;SN44640;10.05.2025 00:00;7,3
Stavanger - Våland;SN44640;10.05.2025 01:00;7,7
Stavanger - Våland;SN44640;10.05.2025 02:00;7,4
Stavanger - Våland;SN44640;10.05.2025 03:00;7,9
Stavanger - Våland;SN44640;10.05.2025 04:00;8
Stavanger - Våland;SN44640;10.05.2025 05:00;7,9
Stavanger - Våland;SN44640;10.05.2025 06:00;8
Stavanger - Våland;SN44640;10.05.2025 07:00;8,5
Stavanger - Våland;SN44640;10.05.2025 08:00;10,1
Stavanger - Våland;SN44640;10.05.2025 09:00;12,3
Stavanger - Våland;SN44640;10.05.2025 10:00;14,5
Stavanger - Våland;SN44640;10.05.2025 11:00;15
Stavanger - Våland;SN44640;10.05.2025 12:00;15,7
Stavanger - Våland;SN44640;10.05.2025 13:00;15,6
Stavanger - Våland;SN44640;10.05.2025 14:00;16,5
Stavanger - Våland;SN44640;10.05.2025 15:00;15,9
Stavanger - Våland;SN44640;10.05.2025 16:00;15,5
Stavanger - Våland;SN44640;10.05.2025 17:00;16,8
Stavanger - Våland;SN44640;10.05.2025 18:00;15,1
Stavanger - Våland;SN44640;10.05.2025 19:00;13,8
Stavanger - Våland;SN44640;10.05.2025 20:00;12,1
Stavanger - Våland;SN44640;10.05.2025 21:00;10,8
Stavanger - Våland;SN44640;10.05.2025 22:00;9,6
Stavanger - Våland;SN44640;10.05.2025 23:00;9,4
Stavanger - Våland;SN44640;11.05.2025 00:00;9
Stavanger - Våland;SN44640;11.05.2025 01:00;8,8
Stavanger - Våland;SN44640;11.05.2025 02:00;8,1
Stavanger - Våland;SN44640;11.05.2025 03:00;7,6
Stavanger - Våland;SN44640;11.05.2025 04:00;7,8
Stavanger - Våland;SN44640;11.05.2025 05:00;6,9
Stavanger - Våland;SN44640;11.05.2025 06:00;7,9
Stavanger - Våland;SN44640;11.05.2025 07:00;10,7
Stavanger - Våland;SN44640;11.05.2025 08:00;12,5
Stavanger - Våland;SN44640;11.05.2025 09:00;13,9
Stavanger - Våland;SN44640;11.05.2025 10:00;14,6
Stavanger - Våland;SN44640;11.05.2025 11:00;15,2
Stavanger - Våland;SN44640;11.05.2025 12:00;15,9
Stavanger - Våland;SN44640;11.05.2025 13:00;16,2
Stavanger - Våland;SN44640;11.05.2025 14:00;14,9
Stavanger - Våland;SN44640;11.05.2025 15:00;14,6
Stavanger - Våland;SN44640;11.05.2025 16:00;15,2
Stavanger - Våland;SN44640;11.05.2025 17:00;15,1
Stavanger - Våland;SN44640;11.05.2025 18:00;13,3
Stavanger - Våland;SN44640;11.05.2025 19:00;13,4
Stavanger - Våland;SN44640;11.05.2025 20:00;11,8
Stavanger - Våland;SN44640;11.05.2025 21:00;10,1
Stavanger - Våland;SN44640;11.05.2025 22:00;9,6
Stavanger - Våland;SN44640;11.05.2025 23:00;9,1
Stavanger - Våland;SN44640;12.05.2025 00:00;8,9
Stavanger - Våland;SN44640;12.05.2025 01:00;8,6
Stavanger - Våland;SN44640;12.05.2025 02:00;8,3
Stavanger - Våland;SN44640;12.05.2025 03:00;8,5
Stavanger - Våland;SN44640;12.05.2025 04:00;8,7
Stavanger - Våland;SN44640;12.05.2025 05:00;8,6
Stavanger - Våland;SN44640;12.05.2025 06:00;9,6
Stavanger - Våland;SN44640;12.05.2025 07:00;11,4
Stavanger - Våland;SN44640;12.05.2025 08:00;13,2
Stavanger - Våland;SN44640;12.05.2025 09:00;14,9
Stavanger - Våland;SN44640;12.05.2025 10:00;15,9
Stavanger - Våland;SN44640;12.05.2025 11:00;15,9
Stavanger - Våland;SN44640;12.05.2025 12:00;16,3
Stavanger - Våland;SN44640;12.05.2025 13:00;16,4
Stavanger - Våland;SN44640;12.05.2025 14:00;16
Stavanger - Våland;SN44640;12.05.2025 15:00;15,9
Stavanger - Våland;SN44640;12.05.2025 16:00;15,9
Stavanger - Våland;SN44640;12.05.2025 17:00;15,1
Stavanger - Våland;SN44640;12.05.2025 18:00;14,1
Stavanger - Våland;SN44640;12.05.2025 19:00;13
Stavanger - Våland;SN44640;12.05.2025 20:00;11,8
Stavanger - Våland;SN44640;12.05.2025 21:00;10,7
Stavanger - Våland;SN44640;12.05.2025 22:00;9,8
Stavanger - Våland;SN44640;12.05.2025 23:00;9,4
Stavanger - Våland;SN44640;13.05.2025 00:00;8,9
Stavanger - Våland;SN44640;13.05.2025 01:00;8,4
Stavanger - Våland;SN44640;13.05.2025 02:00;9,4
Stavanger - Våland;SN44640;13.05.2025 03:00;9,2
Stavanger - Våland;SN44640;13.05.2025 04:00;9
Stavanger - Våland;SN44640;13.05.2025 05:00;9,1
Stavanger - Våland;SN44640;13.05.2025 06:00;9,4
Stavanger - Våland;SN44640;13.05.2025 07:00;9,5
Stavanger - Våland;SN44640;13.05.2025 08:00;10,4
Stavanger - Våland;SN44640;13.05.2025 09:00;11,9
Stavanger - Våland;SN44640;13.05.2025 10:00;13,8
Stavanger - Våland;SN44640;13.05.2025 11:00;14,1
Stavanger - Våland;SN44640;13.05.2025 12:00;16,7
Stavanger - Våland;SN44640;13.05.2025 13:00;17,3
Stavanger - Våland;SN44640;13.05.2025 14:00;17,2
Stavanger - Våland;SN44640;13.05.2025 15:00;16,8
Stavanger - Våland;SN44640;13.05.2025 16:00;16,1
Stavanger - Våland;SN44640;13.05.2025 17:00;14,6
Stavanger - Våland;SN44640;13.05.2025 18:00;13,1
Stavanger - Våland;SN44640;13.05.2025 19:00;12
Stavanger - Våland;SN44640;13.05.2025 20:00;10,3
Stavanger - Våland;SN44640;13.05.2025 21:00;9,6
Stavanger - Våland;SN44640;13.05.2025 22:00;9,4
Stavanger - Våland;SN44640;13.05.2025 23:00;9,1
Stavanger - Våland;SN44640;14.05.2025 00:00;9,1
Stavanger - Våland;SN44640;14.05.2025 01:00;8,4
Stavanger - Våland;SN44640;14.05.2025 02:00;7,9
Stavanger - Våland;SN44640;14.05.2025 03:00;7,3
Stavanger - Våland;SN44640;14.05.2025 04:00;7,3
Stavanger - Våland;SN44640;14.05.2025 05:00;7,1
Stavanger - Våland;SN44640;14.05.2025 06:00;7,8
Stavanger - Våland;SN44640;14.05.2025 07:00;9,4
Stavanger - Våland;SN44640;14.05.2025 08:00;11,3
Stavanger - Våland;SN44640;14.05.2025 09:00;11,9
Stavanger - Våland;SN44640;14.05.2025 10:00;13,3
Stavanger - Våland;SN44640;14.05.2025 11:00;14,4
Stavanger - Våland;SN44640;14.05.2025 12:00;15,6
Stavanger - Våland;SN44640;14.05.2025 13:00;15,9
Stavanger - Våland;SN44640;14.05.2025 14:00;15,9
Stavanger - Våland;SN44640;14.05.2025 15:00;15,8
Stavanger - Våland;SN44640;14.05.2025 16:00;14,3
Stavanger - Våland;SN44640;14.05.2025 17:00;14,2
Stavanger - Våland;SN44640;14.05.2025 18:00;13,5
Stavanger - Våland;SN44640;14.05.2025 19:00;13,1
Stavanger - Våland;SN44640;14.05.2025 20:00;11,6
Stavanger - Våland;SN44640;14.05.2025 21:00;10,8
Stavanger - Våland;SN44640;14.05.2025 22:00;10
Stavanger - Våland;SN44640;14.05.2025 23:00;10,1
Stavanger - Våland;SN44640;15.05.2025 00:00;9,2
Stavanger - Våland;SN44640;15.05.2025 01:00;9
Stavanger - Våland;SN44640;15.05.2025 02:00;9,2
Stavanger - Våland;SN44640;15.05.2025 03:00;7,8
Stavanger - Våland;SN44640;15.05.2025 04:00;7,3
Stavanger - Våland;SN44640;15.05.2025 05:00;8,2
Stavanger - Våland;SN44640;15.05.2025 06:00;10,2
Stavanger - Våland;SN44640;15.05.2025 07:00;11,8
Stavanger - Våland;SN44640;15.05.2025 08:00;13
Stavanger - Våland;SN44640;15.05.2025 09:00;13,8
Stavanger - Våland;SN44640;15.05.2025 10:00;15,1
Stavanger - Våland;SN44640;15.05.2025 11:00;16,7
Stavanger - Våland;SN44640;15.05.2025 12:00;16,3
Stavanger - Våland;SN44640;15.05.2025 13:00;17
Stavanger - Våland;SN44640;15.05.2025 14:00;18,2
Stavanger - Våland;SN44640;15.05.2025 15:00;18,6
Stavanger - Våland;SN44640;15.05.2025 16:00;18,7
Stavanger - Våland;SN44640;15.05.2025 17:00;16,7
Stavanger - Våland;SN44640;15.05.2025 18:00;15,3
Stavanger - Våland;SN44640;15.05.2025 19:00;14,2
Stavanger - Våland;SN44640;15.05.2025 20:00;11,2
Stavanger - Våland;SN44640;15.05.2025 21:00;9,7
Stavanger - Våland;SN44640;15.05.2025 22:00;9,1
Stavanger - Våland;SN44640;15.05.2025 23:00;8,7
Stavanger - Våland;SN44640;16.05.2025 00:00;8,2
Stavanger - Våland;SN44640;16.05.2025 01:00;7,6
Stavanger - Våland;SN44640;16.05.2025 02:00;7,1
Stavanger - Våland;SN44640;16.05.2025 03:00;6,9
Stavanger - Våland;SN44640;16.05.2025 04:00;7,1
Stavanger - Våland;SN44640;16.05.2025 05:00;7,3
Stavanger - Våland;SN44640;16.05.2025 06:00;9
Stavanger - Våland;SN44640;16.05.2025 07:00;11,1
Stavanger - Våland;SN44640;16.05.2025 08:00;13,1
Stavanger - Våland;SN44640;16.05.2025 09:00;14,8
Stavanger - Våland;SN44640;16.05.2025 10:00;17
Stavanger - Våland;SN44640;16.05.2025 11:00;16,8
Stavanger - Våland;SN44640;16.05.2025 12:00;15,7
Stavanger - Våland;SN44640;16.05.2025 13:00;15,9
Stavanger - Våland;SN44640;16.05.2025 14:00;15,8
Stavanger - Våland;SN44640;16.05.2025 15:00;16,1
Stavanger - Våland;SN44640;16.05.2025 16:00;16,8
Stavanger - Våland;SN44640;16.05.2025 17:00;15,9
Stavanger - Våland;SN44640;16.05.2025 18:00;14,9
Stavanger - Våland;SN44640;16.05.2025 19:00;14,9
Stavanger - Våland;SN44640;16.05.2025 20:00;12,5
Stavanger - Våland;SN44640;16.05.2025 21:00;11,4
Stavanger - Våland;SN44640;16.05.2025 22:00;10,2
Stavanger - Våland;SN44640;16.05.2025 23:00;9,3
Stavanger - Våland;SN44640;17.05.2025 00:00;9,2
Stavanger - Våland;SN44640;17.05.2025 01:00;8,5
Stavanger - Våland;SN44640;17.05.2025 02:00;7,7
Stavanger - Våland;SN44640;17.05.2025 03:00;7,5
Stavanger - Våland;SN44640;17.05.2025 04:00;7,5
Stavanger - Våland;SN44640;17.05.2025 05:00;7,8
Stavanger - Våland;SN44640;17.05.2025 06:00;9
Stavanger - Våland;SN44640;17.05.2025 07:00;12,4
Stavanger - Våland;SN44640;17.05.2025 08:00;13,9
Stavanger - Våland;SN44640;17.05.2025 09:00;15,2
Stavanger - Våland;SN44640;17.05.2025 10:00;17,7
Stavanger - Våland;SN44640;17.05.2025 11:00;19,5
Stavanger - Våland;SN44640;17.05.2025 12:00;21,4
Stavanger - Våland;SN44640;17.05.2025 13:00;21
Stavanger - Våland;SN44640;17.05.2025 14:00;20,5
Stavanger - Våland;SN44640;17.05.2025 15:00;20,3
Stavanger - Våland;SN44640;17.05.2025 16:00;18,3
Stavanger - Våland;SN44640;17.05.2025 17:00;16,6
Stavanger - Våland;SN44640;17.05.2025 18:00;15,6
Stavanger - Våland;SN44640;17.05.2025 19:00;13,9
Stavanger - Våland;SN44640;17.05.2025 20:00;12
Stavanger - Våland;SN44640;17.05.2025 21:00;11,1
Stavanger - Våland;SN44640;17.05.2025 22:00;10,4
Stavanger - Våland;SN44640;17.05.2025 23:00;9,9
Stavanger - Våland;SN44640;18.05.2025 00:00;9,5
Stavanger - Våland;SN44640;18.05.2025 01:00;8,8
Stavanger - Våland;SN44640;18.05.2025 02:00;8,3
Stavanger - Våland;SN44640;18.05.2025 03:00;8,4
Stavanger - Våland;SN44640;18.05.2025 04:00;8,8
Stavanger - Våland;SN44640;18.05.2025 05:00;9
Stavanger - Våland;SN44640;18.05.2025 06:00;10,5
Stavanger - Våland;SN44640;18.05.2025 07:00;12,8
Stavanger - Våland;SN44640;18.05.2025 08:00;14,5
Stavanger - Våland;SN44640;18.05.2025 09:00;16,1
Stavanger - Våland;SN44640;18.05.2025 10:00;18,1
Stavanger - Våland;SN44640;18.05.2025 11:00;18,9
Stavanger - Våland;SN44640;18.05.2025 12:00;19,1
Stavanger - Våland;SN44640;18.05.2025 13:00;19,3
Stavanger - Våland;SN44640;18.05.2025 14:00;19,2
Stavanger - Våland;SN44640;18.05.2025 15:00;19,2
Stavanger - Våland;SN44640;18.05.2025 16:00;18,5
Stavanger - Våland;SN44640;18.05.2025 17:00;17,8
Stavanger - Våland;SN44640;18.05.2025 18:00;17,2
Stavanger - Våland;SN44640;18.05.2025 19:00;16,3
Stavanger - Våland;SN44640;18.05.2025 20:00;15,3
Stavanger - Våland;SN44640;18.05.2025 21:00;13,8
Stavanger - Våland;SN44640;18.05.2025 22:00;12,5
Stavanger - Våland;SN44640;18.05.2025 23:00;12,6
Stavanger - Våland;SN44640;19.05.2025 00:00;11,8
Stavanger - Våland;SN44640;19.05.2025 01:00;10,9
Stavanger - Våland;SN44640;19.05.2025 02:00;11
Stavanger - Våland;SN44640;19.05.2025 03:00;11,2
Stavanger - Våland;SN44640;19.05.2025 04:00;10,7
Stavanger - Våland;SN44640;19.05.2025 05:00;11,2
Stavanger - Våland;SN44640;19.05.2025 06:00;13,2
Stavanger - Våland;SN44640;19.05.2025 07:00;15,3
Stavanger - Våland;SN44640;19.05.2025 08:00;16,8
Stavanger - Våland;SN44640;19.05.2025 09:00;18,9
Stavanger - Våland;SN44640;19.05.2025 10:00;21,3
Stavanger - Våland;SN44640;19.05.2025 11:00;20,5
Stavanger - Våland;SN44640;19.05.2025 12:00;20,1
Stavanger - Våland;SN44640;19.05.2025 13:00;20
Stavanger - Våland;SN44640;19.05.2025 14:00;19,5
Stavanger - Våland;SN44640;19.05.2025 15:00;20,2
Stavanger - Våland;SN44640;19.05.2025 16:00;20,4
Stavanger - Våland;SN44640;19.05.2025 17:00;19,7
Stavanger - Våland;SN44640;19.05.2025 18:00;19,2
Stavanger - Våland;SN44640;19.05.2025 19:00;17,5
Stavanger - Våland;SN44640;19.05.2025 20:00;12
Stavanger - Våland;SN44640;19.05.2025 21:00;10,9
Stavanger - Våland;SN44640;19.05.2025 22:00;9,5
Stavanger - Våland;SN44640;19.05.2025 23:00;8,9
Stavanger - Våland;SN44640;20.05.2025 00:00;8,6
Stavanger - Våland;SN44640;20.05.2025 01:00;9,4
Stavanger - Våland;SN44640;20.05.2025 02:00;8,9
Stavanger - Våland;SN44640;20.05.2025 03:00;8,1
Stavanger - Våland;SN44640;20.05.2025 04:00;8,5
Stavanger - Våland;SN44640;20.05.2025 05:00;8,2
Stavanger - Våland;SN44640;20.05.2025 06:00;9,6
Stavanger - Våland;SN44640;20.05.2025 07:00;10,9
Stavanger - Våland;SN44640;20.05.2025 08:00;12,2
Stavanger - Våland;SN44640;20.05.2025 09:00;14,1
Stavanger - Våland;SN44640;20.05.2025 10:00;16,6
Stavanger - Våland;SN44640;20.05.2025 11:00;16,3
Stavanger - Våland;SN44640;20.05.2025 12:00;16,3
Stavanger - Våland;SN44640;20.05.2025 13:00;16,3
Stavanger - Våland;SN44640;20.05.2025 14:00;18,5
Stavanger - Våland;SN44640;20.05.2025 15:00;18
Stavanger - Våland;SN44640;20.05.2025 16:00;19,4
Stavanger - Våland;SN44640;20.05.2025 17:00;17,3
Stavanger - Våland;SN44640;20.05.2025 18:00;16,8
Stavanger - Våland;SN44640;20.05.2025 19:00;14
Stavanger - Våland;SN44640;20.05.2025 20:00;11,6
Stavanger - Våland;SN44640;20.05.2025 21:00;10,9
Stavanger - Våland;SN44640;20.05.2025 22:00;10,2
Stavanger - Våland;SN44640;20.05.2025 23:00;8,4
Stavanger - Våland;SN44640;21.05.2025 00:00;8
Stavanger - Våland;SN44640;21.05.2025 01:00;7,7
Stavanger - Våland;SN44640;21.05.2025 02:00;7,3
Stavanger - Våland;SN44640;21.05.2025 03:00;6,4
Stavanger - Våland;SN44640;21.05.2025 04:00;6,1
Stavanger - Våland;SN44640;21.05.2025 05:00;7,3
Stavanger - Våland;SN44640;21.05.2025 06:00;9,7
Stavanger - Våland;SN44640;21.05.2025 07:00;11,6
Stavanger - Våland;SN44640;21.05.2025 08:00;12,3
Stavanger - Våland;SN44640;21.05.2025 09:00;12,9
Stavanger - Våland;SN44640;21.05.2025 10:00;12,6
Stavanger - Våland;SN44640;21.05.2025 11:00;12
Stavanger - Våland;SN44640;21.05.2025 12:00;11,8
Stavanger - Våland;SN44640;21.05.2025 13:00;11,5
Stavanger - Våland;SN44640;21.05.2025 14:00;11,4
Stavanger - Våland;SN44640;21.05.2025 15:00;10,4
Stavanger - Våland;SN44640;21.05.2025 16:00;9,8
Stavanger - Våland;SN44640;21.05.2025 17:00;10
Stavanger - Våland;SN44640;21.05.2025 18:00;10,6
Stavanger - Våland;SN44640;21.05.2025 19:00;5,8
Stavanger - Våland;SN44640;21.05.2025 20:00;7,3
Stavanger - Våland;SN44640;21.05.2025 21:00;7,6
Stavanger - Våland;SN44640;21.05.2025 22:00;7,2
Stavanger - Våland;SN44640;21.05.2025 23:00;6,7
Stavanger - Våland;SN44640;22.05.2025 00:00;6,8
Stavanger - Våland;SN44640;22.05.2025 01:00;6,6
Stavanger - Våland;SN44640;22.05.2025 02:00;6
Stavanger - Våland;SN44640;22.05.2025 03:00;5,5
Stavanger - Våland;SN44640;22.05.2025 04:00;6
Stavanger - Våland;SN44640;22.05.2025 05:00;6,4
Stavanger - Våland;SN44640;22.05.2025 06:00;8,2
Stavanger - Våland;SN44640;22.05.2025 07:00;9,4
Stavanger - Våland;SN44640;22.05.2025 08:00;10,4
Stavanger - Våland;SN44640;22.05.2025 09:00;10,9
Stavanger - Våland;SN44640;22.05.2025 10:00;11,8
Stavanger - Våland;SN44640;22.05.2025 11:00;12,1
Stavanger - Våland;SN44640;22.05.2025 12:00;12,7
Stavanger - Våland;SN44640;22.05.2025 13:00;13,3
Stavanger - Våland;SN44640;22.05.2025 14:00;14,1
Stavanger - Våland;SN44640;22.05.2025 15:00;13,5
Stavanger - Våland;SN44640;22.05.2025 16:00;13
Stavanger - Våland;SN44640;22.05.2025 17:00;12,6
Stavanger - Våland;SN44640;22.05.2025 18:00;9,8
Stavanger - Våland;SN44640;22.05.2025 19:00;9,2
Stavanger - Våland;SN44640;22.05.2025 20:00;8,5
Stavanger - Våland;SN44640;22.05.2025 21:00;8,3
Stavanger - Våland;SN44640;22.05.2025 22:00;7,6
Stavanger - Våland;SN44640;22.05.2025 23:00;6,4
Stavanger - Våland;SN44640;23.05.2025 00:00;6
Stavanger - Våland;SN44640;23.05.2025 01:00;5,8
Stavanger - Våland;SN44640;23.05.2025 02:00;5,7
Stavanger - Våland;SN44640;23.05.2025 03:00;6,3
Stavanger - Våland;SN44640;23.05.2025 04:00;5
Stavanger - Våland;SN44640;23.05.2025 05:00;4,8
Stavanger - Våland;SN44640;23.05.2025 06:00;8,4
Stavanger - Våland;SN44640;23.05.2025 07:00;9,9
Stavanger - Våland;SN44640;23.05.2025 08:00;10,7
Stavanger - Våland;SN44640;23.05.2025 09:00;11,7
Stavanger - Våland;SN44640;23.05.2025 10:00;12,2
Stavanger - Våland;SN44640;23.05.2025 11:00;13,5
Stavanger - Våland;SN44640;23.05.2025 12:00;13,7
Stavanger - Våland;SN44640;23.05.2025 13:00;14
Stavanger - Våland;SN44640;23.05.2025 14:00;14,7
Stavanger - Våland;SN44640;23.05.2025 15:00;14,2
Stavanger - Våland;SN44640;23.05.2025 16:00;14
Stavanger - Våland;SN44640;23.05.2025 17:00;13,9
Stavanger - Våland;SN44640;23.05.2025 18:00;13,8
Stavanger - Våland;SN44640;23.05.2025 19:00;12,4
Stavanger - Våland;SN44640;23.05.2025 20:00;10,4
Stavanger - Våland;SN44640;23.05.2025 21:00;8,6
Stavanger - Våland;SN44640;23.05.2025 22:00;7,6
Stavanger - Våland;SN44640;23.05.2025 23:00;7,2
Stavanger - Våland;SN44640;24.05.2025 00:00;7,7
Stavanger - Våland;SN44640;24.05.2025 01:00;8,1
Stavanger - Våland;SN44640;24.05.2025 02:00;7,9
Stavanger - Våland;SN44640;24.05.2025 03:00;7,7
Stavanger - Våland;SN44640;24.05.2025 04:00;7,5
Stavanger - Våland;SN44640;24.05.2025 05:00;7,5
Stavanger - Våland;SN44640;24.05.2025 06:00;7,8
Stavanger - Våland;SN44640;24.05.2025 07:00;7,9
Stavanger - Våland;SN44640;24.05.2025 08:00;8,3
Stavanger - Våland;SN44640;24.05.2025 09:00;8,4
Stavanger - Våland;SN44640;24.05.2025 10:00;9,3
Stavanger - Våland;SN44640;24.05.2025 11:00;10,2
Stavanger - Våland;SN44640;24.05.2025 12:00;11,1
Stavanger - Våland;SN44640;24.05.2025 13:00;11,4
Stavanger - Våland;SN44640;24.05.2025 14:00;13,5
Stavanger - Våland;SN44640;24.05.2025 15:00;13,6
Stavanger - Våland;SN44640;24.05.2025 16:00;12,7
Stavanger - Våland;SN44640;24.05.2025 17:00;12,3
Stavanger - Våland;SN44640;24.05.2025 18:00;11,3
Stavanger - Våland;SN44640;24.05.2025 19:00;10,8
Stavanger - Våland;SN44640;24.05.2025 20:00;9,9
Stavanger - Våland;SN44640;24.05.2025 21:00;10
Stavanger - Våland;SN44640;24.05.2025 22:00;9,8
Stavanger - Våland;SN44640;24.05.2025 23:00;10,7
Stavanger - Våland;SN44640;25.05.2025 00:00;11,1
Stavanger - Våland;SN44640;25.05.2025 01:00;11,5
Stavanger - Våland;SN44640;25.05.2025 02:00;12
Stavanger - Våland;SN44640;25.05.2025 03:00;12,4
Stavanger - Våland;SN44640;25.05.2025 04:00;12,6
Stavanger - Våland;SN44640;25.05.2025 05:00;12,5
Stavanger - Våland;SN44640;25.05.2025 06:00;12,7
Stavanger - Våland;SN44640;25.05.2025 07:00;13,4
Stavanger - Våland;SN44640;25.05.2025 08:00;13,4
Stavanger - Våland;SN44640;25.05.2025 09:00;14,5
Stavanger - Våland;SN44640;25.05.2025 10:00;14,6
Stavanger - Våland;SN44640;25.05.2025 11:00;13,7
Stavanger - Våland;SN44640;25.05.2025 12:00;14
Stavanger - Våland;SN44640;25.05.2025 13:00;14
Stavanger - Våland;SN44640;25.05.2025 14:00;13,7
Stavanger - Våland;SN44640;25.05.2025 15:00;12,4
Stavanger - Våland;SN44640;25.05.2025 16:00;11,6
Stavanger - Våland;SN44640;25.05.2025 17:00;11,2
Stavanger - Våland;SN44640;25.05.2025 18:00;10,8
Stavanger - Våland;SN44640;25.05.2025 19:00;10,2
Stavanger - Våland;SN44640;25.05.2025 20:00;9,7
Stavanger - Våland;SN44640;25.05.2025 21:00;9,8
Stavanger - Våland;SN44640;25.05.2025 22:00;9,6
Stavanger - Våland;SN44640;25.05.2025 23:00;9
Stavanger - Våland;SN44640;26.05.2025 00:00;8,9
Stavanger - Våland;SN44640;26.05.2025 01:00;8,2
Stavanger - Våland;SN44640;26.05.2025 02:00;8,2
Stavanger - Våland;SN44640;26.05.2025 03:00;8,2
Stavanger - Våland;SN44640;26.05.2025 04:00;8,7
Stavanger - Våland;SN44640;26.05.2025 05:00;9,4
Stavanger - Våland;SN44640;26.05.2025 06:00;9,8
Stavanger - Våland;SN44640;26.05.2025 07:00;10,6
Stavanger - Våland;SN44640;26.05.2025 08:00;11,2
Stavanger - Våland;SN44640;26.05.2025 09:00;10,3
Stavanger - Våland;SN44640;26.05.2025 10:00;11,1
Stavanger - Våland;SN44640;26.05.2025 11:00;10,7
Stavanger - Våland;SN44640;26.05.2025 12:00;11
Stavanger - Våland;SN44640;26.05.2025 13:00;12,1
Stavanger - Våland;SN44640;26.05.2025 14:00;13,5
Stavanger - Våland;SN44640;26.05.2025 15:00;12,5
Stavanger - Våland;SN44640;26.05.2025 16:00;11,5
Stavanger - Våland;SN44640;26.05.2025 17:00;11,4
Stavanger - Våland;SN44640;26.05.2025 18:00;11,3
Stavanger - Våland;SN44640;26.05.2025 19:00;10,8
Stavanger - Våland;SN44640;26.05.2025 20:00;10,5
Stavanger - Våland;SN44640;26.05.2025 21:00;10,3
Stavanger - Våland;SN44640;26.05.2025 22:00;10,1
Stavanger - Våland;SN44640;26.05.2025 23:00;10,3
Stavanger - Våland;SN44640;27.05.2025 00:00;10,2
Stavanger - Våland;SN44640;27.05.2025 01:00;9,8
Stavanger - Våland;SN44640;27.05.2025 02:00;9,9
Stavanger - Våland;SN44640;27.05.2025 03:00;9,9
Stavanger - Våland;SN44640;27.05.2025 04:00;9,6
Stavanger - Våland;SN44640;27.05.2025 05:00;10,1
Stavanger - Våland;SN44640;27.05.2025 06:00;10,2
Stavanger - Våland;SN44640;27.05.2025 07:00;10,2
Stavanger - Våland;SN44640;27.05.2025 08:00;10,1
Stavanger - Våland;SN44640;27.05.2025 09:00;9,8
Stavanger - Våland;SN44640;27.05.2025 10:00;10,9
Stavanger - Våland;SN44640;27.05.2025 11:00;11,4
Stavanger - Våland;SN44640;27.05.2025 12:00;9,2
Stavanger - Våland;SN44640;27.05.2025 13:00;10,1
Stavanger - Våland;SN44640;27.05.2025 14:00;12
Stavanger - Våland;SN44640;27.05.2025 15:00;11,7
Stavanger - Våland;SN44640;27.05.2025 16:00;11,9
Stavanger - Våland;SN44640;27.05.2025 17:00;12
Stavanger - Våland;SN44640;27.05.2025 18:00;11
Stavanger - Våland;SN44640;27.05.2025 19:00;11,1
Stavanger - Våland;SN44640;27.05.2025 20:00;10,3
Stavanger - Våland;SN44640;27.05.2025 21:00;9,4
Stavanger - Våland;SN44640;27.05.2025 22:00;9
Stavanger - Våland;SN44640;27.05.2025 23:00;9,2
Stavanger - Våland;SN44640;28.05.2025 00:00;8,8
Stavanger - Våland;SN44640;28.05.2025 01:00;9
Stavanger - Våland;SN44640;28.05.2025 02:00;8,8
Stavanger - Våland;SN44640;28.05.2025 03:00;9
Stavanger - Våland;SN44640;28.05.2025 04:00;9
Stavanger - Våland;SN44640;28.05.2025 05:00;9,3
Stavanger - Våland;SN44640;28.05.2025 06:00;9,8
Stavanger - Våland;SN44640;28.05.2025 07:00;11,3
Stavanger - Våland;SN44640;28.05.2025 08:00;11,7
Stavanger - Våland;SN44640;28.05.2025 09:00;12
Stavanger - Våland;SN44640;28.05.2025 10:00;13,2
Stavanger - Våland;SN44640;28.05.2025 11:00;13,9
Stavanger - Våland;SN44640;28.05.2025 12:00;13,4
Stavanger - Våland;SN44640;28.05.2025 13:00;13,8
Stavanger - Våland;SN44640;28.05.2025 14:00;12,9
Stavanger - Våland;SN44640;28.05.2025 15:00;12,3
Stavanger - Våland;SN44640;28.05.2025 16:00;14,3
Stavanger - Våland;SN44640;28.05.2025 17:00;13,3
Stavanger - Våland;SN44640;28.05.2025 18:00;11,8
Stavanger - Våland;SN44640;28.05.2025 19:00;11,3
Stavanger - Våland;SN44640;28.05.2025 20:00;10,8
Stavanger - Våland;SN44640;28.05.2025 21:00;10,3
Stavanger - Våland;SN44640;28.05.2025 22:00;10
Stavanger - Våland;SN44640;28.05.2025 23:00;9,7
Stavanger - Våland;SN44640;29.05.2025 00:00;9,3
Stavanger - Våland;SN44640;29.05.2025 01:00;9,4
Stavanger - Våland;SN44640;29.05.2025 02:00;9,4
Stavanger - Våland;SN44640;29.05.2025 03:00;9,4
Stavanger - Våland;SN44640;29.05.2025 04:00;8,9
Stavanger - Våland;SN44640;29.05.2025 05:00;8,6
Stavanger - Våland;SN44640;29.05.2025 06:00;11,1
Stavanger - Våland;SN44640;29.05.2025 07:00;12,1
Stavanger - Våland;SN44640;29.05.2025 08:00;13,3
Stavanger - Våland;SN44640;29.05.2025 09:00;13,3
Stavanger - Våland;SN44640;29.05.2025 10:00;14,6
Stavanger - Våland;SN44640;29.05.2025 11:00;16
Stavanger - Våland;SN44640;29.05.2025 12:00;15,4
Stavanger - Våland;SN44640;29.05.2025 13:00;14,3
Stavanger - Våland;SN44640;29.05.2025 14:00;15,2
Stavanger - Våland;SN44640;29.05.2025 15:00;14,2
Stavanger - Våland;SN44640;29.05.2025 16:00;11,8
Stavanger - Våland;SN44640;29.05.2025 17:00;10,8
Stavanger - Våland;SN44640;29.05.2025 18:00;9,9
Stavanger - Våland;SN44640;29.05.2025 19:00;9,7
Stavanger - Våland;SN44640;29.05.2025 20:00;10,4
Stavanger - Våland;SN44640;29.05.2025 21:00;10,9
Stavanger - Våland;SN44640;29.05.2025 22:00;11,9
Stavanger - Våland;SN44640;29.05.2025 23:00;12
Stavanger - Våland;SN44640;30.05.2025 00:00;11,2
Stavanger - Våland;SN44640;30.05.2025 01:00;10,2
Stavanger - Våland;SN44640;30.05.2025 02:00;10,1
Stavanger - Våland;SN44640;30.05.2025 03:00;9,8
Stavanger - Våland;SN44640;30.05.2025 04:00;9,8
Stavanger - Våland;SN44640;30.05.2025 05:00;9,7
Stavanger - Våland;SN44640;30.05.2025 06:00;9,8
Stavanger - Våland;SN44640;30.05.2025 07:00;10,2
Stavanger - Våland;SN44640;30.05.2025 08:00;10,7
Stavanger - Våland;SN44640;30.05.2025 09:00;10,9
Stavanger - Våland;SN44640;30.05.2025 10:00;11,3
Stavanger - Våland;SN44640;30.05.2025 11:00;11,7
Stavanger - Våland;SN44640;30.05.2025 12:00;13,2
Stavanger - Våland;SN44640;30.05.2025 13:00;13,4
Stavanger - Våland;SN44640;30.05.2025 14:00;14,5
Stavanger - Våland;SN44640;30.05.2025 15:00;14,3
Stavanger - Våland;SN44640;30.05.2025 16:00;14,3
Stavanger - Våland;SN44640;30.05.2025 17:00;13,5
Stavanger - Våland;SN44640;30.05.2025 18:00;13,5
Stavanger - Våland;SN44640;30.05.2025 19:00;12,9
Stavanger - Våland;SN44640;30.05.2025 20:00;10,8
Stavanger - Våland;SN44640;30.05.2025 21:00;9,6
Stavanger - Våland;SN44640;30.05.2025 22:00;8,6
Stavanger - Våland;SN44640;30.05.2025 23:00;8,2
Stavanger - Våland;SN44640;31.05.2025 00:00;7,8
Stavanger - Våland;SN44640;31.05.2025 01:00;7,3
Stavanger - Våland;SN44640;31.05.2025 02:00;7,2
Stavanger - Våland;SN44640;31.05.2025 03:00;7,1
Stavanger - Våland;SN44640;31.05.2025 04:00;7,1
Stavanger - Våland;SN44640;31.05.2025 05:00;7,1
Stavanger - Våland;SN44640;31.05.2025 06:00;7,5
Stavanger - Våland;SN44640;31.05.2025 07:00;8,3
Stavanger - Våland;SN44640;31.05.2025 08:00;11
Stavanger - Våland;SN44640;31.05.2025 09:00;11,4
Stavanger - Våland;SN44640;31.05.2025 10:00;13,2
Stavanger - Våland;SN44640;31.05.2025 11:00;14
Stavanger - Våland;SN44640;31.05.2025 12:00;14,4
Stavanger - Våland;SN44640;31.05.2025 13:00;15
Stavanger - Våland;SN44640;31.05.2025 14:00;15
Stavanger - Våland;SN44640;31.05.2025 15:00;14,7
Stavanger - Våland;SN44640;31.05.2025 16:00;13,5
Stavanger - Våland;SN44640;31.05.2025 17:00;12,4
Stavanger - Våland;SN44640;31.05.2025 18:00;13,1
Stavanger - Våland;SN44640;31.05.2025 19:00;12,9
Stavanger - Våland;SN44640;31.05.2025 20:00;12,6
Stavanger - Våland;SN44640;31.05.2025 21:00;12,9
Stavanger - Våland;SN44640;31.05.2025 22:00;12,9
Stavanger - Våland;SN44640;31.05.2025 23:00;13,4
Stavanger - Våland;SN44640;01.06.2025 00:00;13,9
Stavanger - Våland;SN44640;01.06.2025 01:00;13,2
Stavanger - Våland;SN44640;01.06.2025 02:00;13,7
Stavanger - Våland;SN44640;01.06.2025 03:00;13,3
Stavanger - Våland;SN44640;01.06.2025 04:00;12,1
Stavanger - Våland;SN44640;01.06.2025 05:00;12
Stavanger - Våland;SN44640;01.06.2025 06:00;12,2
Stavanger - Våland;SN44640;01.06.2025 07:00;12,3
Stavanger - Våland;SN44640;01.06.2025 08:00;12,6
Stavanger - Våland;SN44640;01.06.2025 09:00;13,6
Stavanger - Våland;SN44640;01.06.2025 10:00;14,1
Stavanger - Våland;SN44640;01.06.2025 11:00;14,4
Stavanger - Våland;SN44640;01.06.2025 12:00;14
Stavanger - Våland;SN44640;01.06.2025 13:00;14,2
Stavanger - Våland;SN44640;01.06.2025 14:00;14,2
Stavanger - Våland;SN44640;01.06.2025 15:00;15,2
Stavanger - Våland;SN44640;01.06.2025 16:00;15,7
Stavanger - Våland;SN44640;01.06.2025 17:00;14,6
Stavanger - Våland;SN44640;01.06.2025 18:00;14,3
Stavanger - Våland;SN44640;01.06.2025 19:00;12,5
Stavanger - Våland;SN44640;01.06.2025 20:00;11,6
Stavanger - Våland;SN44640;01.06.2025 21:00;11,1
Stavanger - Våland;SN44640;01.06.2025 22:00;10,7
Stavanger - Våland;SN44640;01.06.2025 23:00;10,5
Stavanger - Våland;SN44640;02.06.2025 00:00;10,4
Stavanger - Våland;SN44640;02.06.2025 01:00;10,8
Stavanger - Våland;SN44640;02.06.2025 02:00;10,6
Stavanger - Våland;SN44640;02.06.2025 03:00;10,2
Stavanger - Våland;SN44640;02.06.2025 04:00;9,3
Stavanger - Våland;SN44640;02.06.2025 05:00;9,7
Stavanger - Våland;SN44640;02.06.2025 06:00;9,5
Stavanger - Våland;SN44640;02.06.2025 07:00;9,5
Stavanger - Våland;SN44640;02.06.2025 08:00;10,4
Stavanger - Våland;SN44640;02.06.2025 09:00;10,5
Stavanger - Våland;SN44640;02.06.2025 10:00;10,8
Stavanger - Våland;SN44640;02.06.2025 11:00;10,2
Stavanger - Våland;SN44640;02.06.2025 12:00;10,6
Stavanger - Våland;SN44640;02.06.2025 13:00;11,1
Stavanger - Våland;SN44640;02.06.2025 14:00;12,2
Stavanger - Våland;SN44640;02.06.2025 15:00;11,9
Stavanger - Våland;SN44640;02.06.2025 16:00;11,6
Stavanger - Våland;SN44640;02.06.2025 17:00;12,5
Stavanger - Våland;SN44640;02.06.2025 18:00;11,9
Stavanger - Våland;SN44640;02.06.2025 19:00;11,6
Stavanger - Våland;SN44640;02.06.2025 20:00;10,3
Stavanger - Våland;SN44640;02.06.2025 21:00;9,2
Stavanger - Våland;SN44640;02.06.2025 22:00;7,9
Stavanger - Våland;SN44640;02.06.2025 23:00;7,7
Stavanger - Våland;SN44640;03.06.2025 00:00;7,4
Stavanger - Våland;SN44640;03.06.2025 01:00;8,2
Stavanger - Våland;SN44640;03.06.2025 02:00;8,2
Stavanger - Våland;SN44640;03.06.2025 03:00;8,3
Stavanger - Våland;SN44640;03.06.2025 04:00;8,6
Stavanger - Våland;SN44640;03.06.2025 05:00;9,3
Stavanger - Våland;SN44640;03.06.2025 06:00;10,6
Stavanger - Våland;SN44640;03.06.2025 07:00;11,2
Stavanger - Våland;SN44640;03.06.2025 08:00;12,1
Stavanger - Våland;SN44640;03.06.2025 09:00;13,9
Stavanger - Våland;SN44640;03.06.2025 10:00;14,9
Stavanger - Våland;SN44640;03.06.2025 11:00;14,2
Stavanger - Våland;SN44640;03.06.2025 12:00;14,8
Stavanger - Våland;SN44640;03.06.2025 13:00;14,7
Stavanger - Våland;SN44640;03.06.2025 14:00;14
Stavanger - Våland;SN44640;03.06.2025 15:00;11,3
Stavanger - Våland;SN44640;03.06.2025 16:00;11,5
Stavanger - Våland;SN44640;03.06.2025 17:00;11,3
Stavanger - Våland;SN44640;03.06.2025 18:00;11,5
Stavanger - Våland;SN44640;03.06.2025 19:00;11,6
Stavanger - Våland;SN44640;03.06.2025 20:00;11,6
Stavanger - Våland;SN44640;03.06.2025 21:00;11
Stavanger - Våland;SN44640;03.06.2025 22:00;10,6
Stavanger - Våland;SN44640;03.06.2025 23:00;10,6
Stavanger - Våland;SN44640;04.06.2025 00:00;11
Stavanger - Våland;SN44640;04.06.2025 01:00;10,9
Stavanger - Våland;SN44640;04.06.2025 02:00;11
Stavanger - Våland;SN44640;04.06.2025 03:00;11
Stavanger - Våland;SN44640;04.06.2025 04:00;10,5
Stavanger - Våland;SN44640;04.06.2025 05:00;10,5
Stavanger - Våland;SN44640;04.06.2025 06:00;11
Stavanger - Våland;SN44640;04.06.2025 07:00;11,5
Stavanger - Våland;SN44640;04.06.2025 08:00;11,3
Stavanger - Våland;SN44640;04.06.2025 09:00;12,8
Stavanger - Våland;SN44640;04.06.2025 10:00;13,9
Stavanger - Våland;SN44640;04.06.2025 11:00;12,9
Stavanger - Våland;SN44640;04.06.2025 12:00;13,3
Stavanger - Våland;SN44640;04.06.2025 13:00;14,7
Stavanger - Våland;SN44640;04.06.2025 14:00;14,3
Stavanger - Våland;SN44640;04.06.2025 15:00;10,5
Stavanger - Våland;SN44640;04.06.2025 16:00;12,4
Stavanger - Våland;SN44640;04.06.2025 17:00;10,8
Stavanger - Våland;SN44640;04.06.2025 18:00;11,9
Stavanger - Våland;SN44640;04.06.2025 19:00;11,6
Stavanger - Våland;SN44640;04.06.2025 20:00;10,5
Stavanger - Våland;SN44640;04.06.2025 21:00;8,7
Stavanger - Våland;SN44640;04.06.2025 22:00;8,7
Stavanger - Våland;SN44640;04.06.2025 23:00;8,9
Stavanger - Våland;SN44640;05.06.2025 00:00;8,6
Stavanger - Våland;SN44640;05.06.2025 01:00;9,3
Stavanger - Våland;SN44640;05.06.2025 02:00;7,9
Stavanger - Våland;SN44640;05.06.2025 03:00;8,6
Stavanger - Våland;SN44640;05.06.2025 04:00;9,1
Stavanger - Våland;SN44640;05.06.2025 05:00;10
Stavanger - Våland;SN44640;05.06.2025 06:00;9,6
Stavanger - Våland;SN44640;05.06.2025 07:00;11,4
Stavanger - Våland;SN44640;05.06.2025 08:00;12,5
Stavanger - Våland;SN44640;05.06.2025 09:00;12
Stavanger - Våland;SN44640;05.06.2025 10:00;12,3
Stavanger - Våland;SN44640;05.06.2025 11:00;11,7
Stavanger - Våland;SN44640;05.06.2025 12:00;11,2
Stavanger - Våland;SN44640;05.06.2025 13:00;11,2
Stavanger - Våland;SN44640;05.06.2025 14:00;11,9
Stavanger - Våland;SN44640;05.06.2025 15:00;12
Stavanger - Våland;SN44640;05.06.2025 16:00;11,1
Stavanger - Våland;SN44640;05.06.2025 17:00;11
Stavanger - Våland;SN44640;05.06.2025 18:00;10,4
Stavanger - Våland;SN44640;05.06.2025 19:00;10,5
Stavanger - Våland;SN44640;05.06.2025 20:00;10,3
Stavanger - Våland;SN44640;05.06.2025 21:00;9,5
Stavanger - Våland;SN44640;05.06.2025 22:00;9,4
Stavanger - Våland;SN44640;05.06.2025 23:00;9
Stavanger - Våland;SN44640;06.06.2025 00:00;8,3
Stavanger - Våland;SN44640;06.06.2025 01:00;7,8
Stavanger - Våland;SN44640;06.06.2025 02:00;8,1
Stavanger - Våland;SN44640;06.06.2025 03:00;8,2
Stavanger - Våland;SN44640;06.06.2025 04:00;7,8
Stavanger - Våland;SN44640;06.06.2025 05:00;8,3
Stavanger - Våland;SN44640;06.06.2025 06:00;9,2
Stavanger - Våland;SN44640;06.06.2025 07:00;9,9
Stavanger - Våland;SN44640;06.06.2025 08:00;10,9
Stavanger - Våland;SN44640;06.06.2025 09:00;11,6
Stavanger - Våland;SN44640;06.06.2025 10:00;12,1
Stavanger - Våland;SN44640;06.06.2025 11:00;12,1
Stavanger - Våland;SN44640;06.06.2025 12:00;12
Stavanger - Våland;SN44640;06.06.2025 13:00;11
Stavanger - Våland;SN44640;06.06.2025 14:00;10,4
Stavanger - Våland;SN44640;06.06.2025 15:00;9,6
Stavanger - Våland;SN44640;06.06.2025 16:00;10,9
Stavanger - Våland;SN44640;06.06.2025 17:00;11,6
Stavanger - Våland;SN44640;06.06.2025 18:00;11,6
Stavanger - Våland;SN44640;06.06.2025 19:00;11,7
Stavanger - Våland;SN44640;06.06.2025 20:00;11,1
Stavanger - Våland;SN44640;06.06.2025 21:00;9,6
Stavanger - Våland;SN44640;06.06.2025 22:00;8,3
Stavanger - Våland;SN44640;06.06.2025 23:00;7,7
Stavanger - Våland;SN44640;07.06.2025 00:00;6,6
Stavanger - Våland;SN44640;07.06.2025 01:00;6,5
Stavanger - Våland;SN44640;07.06.2025 02:00;6,9
Stavanger - Våland;SN44640;07.06.2025 03:00;7,1
Stavanger - Våland;SN44640;07.06.2025 04:00;6,9
Stavanger - Våland;SN44640;07.06.2025 05:00;7,3
Stavanger - Våland;SN44640;07.06.2025 06:00;8,4
Stavanger - Våland;SN44640;07.06.2025 07:00;8,6
Stavanger - Våland;SN44640;07.06.2025 08:00;9,3
Stavanger - Våland;SN44640;07.06.2025 09:00;10,7
Stavanger - Våland;SN44640;07.06.2025 10:00;12,3
Stavanger - Våland;SN44640;07.06.2025 11:00;13,3
Stavanger - Våland;SN44640;07.06.2025 12:00;13,4
Stavanger - Våland;SN44640;07.06.2025 13:00;14,9
Stavanger - Våland;SN44640;07.06.2025 14:00;14,4
Stavanger - Våland;SN44640;07.06.2025 15:00;14,4
Stavanger - Våland;SN44640;07.06.2025 16:00;14,3
Stavanger - Våland;SN44640;07.06.2025 17:00;13,7
Stavanger - Våland;SN44640;07.06.2025 18:00;13,2
Stavanger - Våland;SN44640;07.06.2025 19:00;13
Stavanger - Våland;SN44640;07.06.2025 20:00;11,7
Stavanger - Våland;SN44640;07.06.2025 21:00;10,3
Stavanger - Våland;SN44640;07.06.2025 22:00;9,1
Stavanger - Våland;SN44640;07.06.2025 23:00;8,5
Stavanger - Våland;SN44640;08.06.2025 00:00;8,7
Stavanger - Våland;SN44640;08.06.2025 01:00;8,4
Stavanger - Våland;SN44640;08.06.2025 02:00;8,2
Stavanger - Våland;SN44640;08.06.2025 03:00;8,2
Stavanger - Våland;SN44640;08.06.2025 04:00;7,6
Stavanger - Våland;SN44640;08.06.2025 05:00;8,2
Stavanger - Våland;SN44640;08.06.2025 06:00;9,8
Stavanger - Våland;SN44640;08.06.2025 07:00;11
Stavanger - Våland;SN44640;08.06.2025 08:00;8,7
Stavanger - Våland;SN44640;08.06.2025 09:00;12,3
Stavanger - Våland;SN44640;08.06.2025 10:00;12,7
Stavanger - Våland;SN44640;08.06.2025 11:00;12,7
Stavanger - Våland;SN44640;08.06.2025 12:00;13,2
Stavanger - Våland;SN44640;08.06.2025 13:00;13,3
Stavanger - Våland;SN44640;08.06.2025 14:00;12,6
Stavanger - Våland;SN44640;08.06.2025 15:00;13,7
Stavanger - Våland;SN44640;08.06.2025 16:00;13
Stavanger - Våland;SN44640;08.06.2025 17:00;11,4
Stavanger - Våland;SN44640;08.06.2025 18:00;11,8
Stavanger - Våland;SN44640;08.06.2025 19:00;10,5
Stavanger - Våland;SN44640;08.06.2025 20:00;9,7
Stavanger - Våland;SN44640;08.06.2025 21:00;8,9
Stavanger - Våland;SN44640;08.06.2025 22:00;8,4
Stavanger - Våland;SN44640;08.06.2025 23:00;8,1
Stavanger - Våland;SN44640;09.06.2025 00:00;8,1
Stavanger - Våland;SN44640;09.06.2025 01:00;7,7
Stavanger - Våland;SN44640;09.06.2025 02:00;6,8
Stavanger - Våland;SN44640;09.06.2025 03:00;7,5
Stavanger - Våland;SN44640;09.06.2025 04:00;6,9
Stavanger - Våland;SN44640;09.06.2025 05:00;7,9
Stavanger - Våland;SN44640;09.06.2025 06:00;8,5
Stavanger - Våland;SN44640;09.06.2025 07:00;11,6
Stavanger - Våland;SN44640;09.06.2025 08:00;10,6
Stavanger - Våland;SN44640;09.06.2025 09:00;11,6
Stavanger - Våland;SN44640;09.06.2025 10:00;11,7
Stavanger - Våland;SN44640;09.06.2025 11:00;12,7
Stavanger - Våland;SN44640;09.06.2025 12:00;13,4
Stavanger - Våland;SN44640;09.06.2025 13:00;13,2
Stavanger - Våland;SN44640;09.06.2025 14:00;11,9
Stavanger - Våland;SN44640;09.06.2025 15:00;12,7
Stavanger - Våland;SN44640;09.06.2025 16:00;12,3
Stavanger - Våland;SN44640;09.06.2025 17:00;12,1
Stavanger - Våland;SN44640;09.06.2025 18:00;12,6
Stavanger - Våland;SN44640;09.06.2025 19:00;11,7
Stavanger - Våland;SN44640;09.06.2025 20:00;10,5
Stavanger - Våland;SN44640;09.06.2025 21:00;10,4
Stavanger - Våland;SN44640;09.06.2025 22:00;10,2
Stavanger - Våland;SN44640;09.06.2025 23:00;9,4
Stavanger - Våland;SN44640;10.06.2025 00:00;9,4
Stavanger - Våland;SN44640;10.06.2025 01:00;9,4
Stavanger - Våland;SN44640;10.06.2025 02:00;8,3
Stavanger - Våland;SN44640;10.06.2025 03:00;8,4
Stavanger - Våland;SN44640;10.06.2025 04:00;8,3
Stavanger - Våland;SN44640;10.06.2025 05:00;8,3
Stavanger - Våland;SN44640;10.06.2025 06:00;8,5
Stavanger - Våland;SN44640;10.06.2025 07:00;8,9
Stavanger - Våland;SN44640;10.06.2025 08:00;9,9
Stavanger - Våland;SN44640;10.06.2025 09:00;10,1
Stavanger - Våland;SN44640;10.06.2025 10:00;10,7
Stavanger - Våland;SN44640;10.06.2025 11:00;10,7
Stavanger - Våland;SN44640;10.06.2025 12:00;12,9
Stavanger - Våland;SN44640;10.06.2025 13:00;14,1
Stavanger - Våland;SN44640;10.06.2025 14:00;15,6
Stavanger - Våland;SN44640;10.06.2025 15:00;15,1
Stavanger - Våland;SN44640;10.06.2025 16:00;14,1
Stavanger - Våland;SN44640;10.06.2025 17:00;14,2
Stavanger - Våland;SN44640;10.06.2025 18:00;13,2
Stavanger - Våland;SN44640;10.06.2025 19:00;12,3
Stavanger - Våland;SN44640;10.06.2025 20:00;11,1
Stavanger - Våland;SN44640;10.06.2025 21:00;10,1
Stavanger - Våland;SN44640;10.06.2025 22:00;9,1
Stavanger - Våland;SN44640;10.06.2025 23:00;8,4
Stavanger - Våland;SN44640;11.06.2025 00:00;8,5
Stavanger - Våland;SN44640;11.06.2025 01:00;8,3
Stavanger - Våland;SN44640;11.06.2025 02:00;8,3
Stavanger - Våland;SN44640;11.06.2025 03:00;8,6
Stavanger - Våland;SN44640;11.06.2025 04:00;8,8
Stavanger - Våland;SN44640;11.06.2025 05:00;9,2
Stavanger - Våland;SN44640;11.06.2025 06:00;10,7
Stavanger - Våland;SN44640;11.06.2025 07:00;11,2
Stavanger - Våland;SN44640;11.06.2025 08:00;12,9
Stavanger - Våland;SN44640;11.06.2025 09:00;12,8
Stavanger - Våland;SN44640;11.06.2025 10:00;13,2
Stavanger - Våland;SN44640;11.06.2025 11:00;14,7
Stavanger - Våland;SN44640;11.06.2025 12:00;13,6
Stavanger - Våland;SN44640;11.06.2025 13:00;14,4
Stavanger - Våland;SN44640;11.06.2025 14:00;15,3
Stavanger - Våland;SN44640;11.06.2025 15:00;14,2
Stavanger - Våland;SN44640;11.06.2025 16:00;14,7
Stavanger - Våland;SN44640;11.06.2025 17:00;14,3
Stavanger - Våland;SN44640;11.06.2025 18:00;13,5
Stavanger - Våland;SN44640;11.06.2025 19:00;13,1
Stavanger - Våland;SN44640;11.06.2025 20:00;12
Stavanger - Våland;SN44640;11.06.2025 21:00;10,5
Stavanger - Våland;SN44640;11.06.2025 22:00;8,8
Stavanger - Våland;SN44640;11.06.2025 23:00;8,5
Stavanger - Våland;SN44640;12.06.2025 00:00;7,8
Stavanger - Våland;SN44640;12.06.2025 01:00;7,7
Stavanger - Våland;SN44640;12.06.2025 02:00;7,7
Stavanger - Våland;SN44640;12.06.2025 03:00;7,7
Stavanger - Våland;SN44640;12.06.2025 04:00;7,7
Stavanger - Våland;SN44640;12.06.2025 05:00;8,4
Stavanger - Våland;SN44640;12.06.2025 06:00;10,7
Stavanger - Våland;SN44640;12.06.2025 07:00;12,1
Stavanger - Våland;SN44640;12.06.2025 08:00;14,1
Stavanger - Våland;SN44640;12.06.2025 09:00;15,1
Stavanger - Våland;SN44640;12.06.2025 10:00;17,3
Stavanger - Våland;SN44640;12.06.2025 11:00;18,8
Stavanger - Våland;SN44640;12.06.2025 12:00;18,5
Stavanger - Våland;SN44640;12.06.2025 13:00;18,3
Stavanger - Våland;SN44640;12.06.2025 14:00;16,9
Stavanger - Våland;SN44640;12.06.2025 15:00;17,7
Stavanger - Våland;SN44640;12.06.2025 16:00;17,9
Stavanger - Våland;SN44640;12.06.2025 17:00;17,9
Stavanger - Våland;SN44640;12.06.2025 18:00;18,2
Stavanger - Våland;SN44640;12.06.2025 19:00;16,4
Stavanger - Våland;SN44640;12.06.2025 20:00;15,3
Stavanger - Våland;SN44640;12.06.2025 21:00;14,3
Stavanger - Våland;SN44640;12.06.2025 22:00;13,3
Stavanger - Våland;SN44640;12.06.2025 23:00;12,7
Stavanger - Våland;SN44640;13.06.2025 00:00;12,7
Stavanger - Våland;SN44640;13.06.2025 01:00;13,1
Stavanger - Våland;SN44640;13.06.2025 02:00;13,7
Stavanger - Våland;SN44640;13.06.2025 03:00;15,6
Stavanger - Våland;SN44640;13.06.2025 04:00;15,6
Stavanger - Våland;SN44640;13.06.2025 05:00;16,2
Stavanger - Våland;SN44640;13.06.2025 06:00;17,4
Stavanger - Våland;SN44640;13.06.2025 07:00;18,3
Stavanger - Våland;SN44640;13.06.2025 08:00;18,8
Stavanger - Våland;SN44640;13.06.2025 09:00;19,1
Stavanger - Våland;SN44640;13.06.2025 10:00;20,2
Stavanger - Våland;SN44640;13.06.2025 11:00;20,9
Stavanger - Våland;SN44640;13.06.2025 12:00;22
Stavanger - Våland;SN44640;13.06.2025 13:00;22,9
Stavanger - Våland;SN44640;13.06.2025 14:00;23,2
Stavanger - Våland;SN44640;13.06.2025 15:00;23,4
Stavanger - Våland;SN44640;13.06.2025 16:00;22,5
Stavanger - Våland;SN44640;13.06.2025 17:00;22,9
Stavanger - Våland;SN44640;13.06.2025 18:00;22,1
Stavanger - Våland;SN44640;13.06.2025 19:00;21
Stavanger - Våland;SN44640;13.06.2025 20:00;20,3
Stavanger - Våland;SN44640;13.06.2025 21:00;19,7
Stavanger - Våland;SN44640;13.06.2025 22:00;18,5
Stavanger - Våland;SN44640;13.06.2025 23:00;17,4
Stavanger - Våland;SN44640;14.06.2025 00:00;17,7
Stavanger - Våland;SN44640;14.06.2025 01:00;16,4
Stavanger - Våland;SN44640;14.06.2025 02:00;16,2
Stavanger - Våland;SN44640;14.06.2025 03:00;16
Stavanger - Våland;SN44640;14.06.2025 04:00;16,2
Stavanger - Våland;SN44640;14.06.2025 05:00;16,6
Stavanger - Våland;SN44640;14.06.2025 06:00;18,7
Stavanger - Våland;SN44640;14.06.2025 07:00;19,2
Stavanger - Våland;SN44640;14.06.2025 08:00;21,3
Stavanger - Våland;SN44640;14.06.2025 09:00;22,5
Stavanger - Våland;SN44640;14.06.2025 10:00;24
Stavanger - Våland;SN44640;14.06.2025 11:00;24,2
Stavanger - Våland;SN44640;14.06.2025 12:00;25,8
Stavanger - Våland;SN44640;14.06.2025 13:00;25,2
Stavanger - Våland;SN44640;14.06.2025 14:00;23,8
Stavanger - Våland;SN44640;14.06.2025 15:00;23,9
Stavanger - Våland;SN44640;14.06.2025 16:00;23,3
Stavanger - Våland;SN44640;14.06.2025 17:00;24
Stavanger - Våland;SN44640;14.06.2025 18:00;23,7
Stavanger - Våland;SN44640;14.06.2025 19:00;22,3
Stavanger - Våland;SN44640;14.06.2025 20:00;21,7
Stavanger - Våland;SN44640;14.06.2025 21:00;20,8
Stavanger - Våland;SN44640;14.06.2025 22:00;19,8
Stavanger - Våland;SN44640;14.06.2025 23:00;19,7
Stavanger - Våland;SN44640;15.06.2025 00:00;19,4
Stavanger - Våland;SN44640;15.06.2025 01:00;18,6
Stavanger - Våland;SN44640;15.06.2025 02:00;18,2
Stavanger - Våland;SN44640;15.06.2025 03:00;19,3
Stavanger - Våland;SN44640;15.06.2025 04:00;19
Stavanger - Våland;SN44640;15.06.2025 05:00;19
Stavanger - Våland;SN44640;15.06.2025 06:00;18,8
Stavanger - Våland;SN44640;15.06.2025 07:00;19
Stavanger - Våland;SN44640;15.06.2025 08:00;18,9
Stavanger - Våland;SN44640;15.06.2025 09:00;17,8
Stavanger - Våland;SN44640;15.06.2025 10:00;19,2
Stavanger - Våland;SN44640;15.06.2025 11:00;20,8
Stavanger - Våland;SN44640;15.06.2025 12:00;21,4
Stavanger - Våland;SN44640;15.06.2025 13:00;21,2
Stavanger - Våland;SN44640;15.06.2025 14:00;20,7
Stavanger - Våland;SN44640;15.06.2025 15:00;19,4
Stavanger - Våland;SN44640;15.06.2025 16:00;17,8
Stavanger - Våland;SN44640;15.06.2025 17:00;16,8
Stavanger - Våland;SN44640;15.06.2025 18:00;14,6
Stavanger - Våland;SN44640;15.06.2025 19:00;12,9
Stavanger - Våland;SN44640;15.06.2025 20:00;12,8
Stavanger - Våland;SN44640;15.06.2025 21:00;12,4
Stavanger - Våland;SN44640;15.06.2025 22:00;12,1
Stavanger - Våland;SN44640;15.06.2025 23:00;11,9
Stavanger - Våland;SN44640;16.06.2025 00:00;11,9
Stavanger - Våland;SN44640;16.06.2025 01:00;12,1
Stavanger - Våland;SN44640;16.06.2025 02:00;11,9
Stavanger - Våland;SN44640;16.06.2025 03:00;11,7
Stavanger - Våland;SN44640;16.06.2025 04:00;11,9
Stavanger - Våland;SN44640;16.06.2025 05:00;12
Stavanger - Våland;SN44640;16.06.2025 06:00;12,1
Stavanger - Våland;SN44640;16.06.2025 07:00;12,1
Stavanger - Våland;SN44640;16.06.2025 08:00;12
Stavanger - Våland;SN44640;16.06.2025 09:00;12,2
Stavanger - Våland;SN44640;16.06.2025 10:00;13,4
Stavanger - Våland;SN44640;16.06.2025 11:00;12,7
Stavanger - Våland;SN44640;16.06.2025 12:00;13,5
Stavanger - Våland;SN44640;16.06.2025 13:00;13,4
Stavanger - Våland;SN44640;16.06.2025 14:00;13,6
Stavanger - Våland;SN44640;16.06.2025 15:00;12,5
Stavanger - Våland;SN44640;16.06.2025 16:00;12,3
Stavanger - Våland;SN44640;16.06.2025 17:00;13,1
Stavanger - Våland;SN44640;16.06.2025 18:00;14
Stavanger - Våland;SN44640;16.06.2025 19:00;13,5
Stavanger - Våland;SN44640;16.06.2025 20:00;13,5
Stavanger - Våland;SN44640;16.06.2025 21:00;13,2
Stavanger - Våland;SN44640;16.06.2025 22:00;13,1
Stavanger - Våland;SN44640;16.06.2025 23:00;13
Stavanger - Våland;SN44640;17.06.2025 00:00;12,9
Stavanger - Våland;SN44640;17.06.2025 01:00;12,8
Stavanger - Våland;SN44640;17.06.2025 02:00;13
Stavanger - Våland;SN44640;17.06.2025 03:00;13,2
Stavanger - Våland;SN44640;17.06.2025 04:00;13,8
Stavanger - Våland;SN44640;17.06.2025 05:00;13,9
Stavanger - Våland;SN44640;17.06.2025 06:00;14,1
Stavanger - Våland;SN44640;17.06.2025 07:00;14
Stavanger - Våland;SN44640;17.06.2025 08:00;14,5
Stavanger - Våland;SN44640;17.06.2025 09:00;13,7
Stavanger - Våland;SN44640;17.06.2025 10:00;13,6
Stavanger - Våland;SN44640;17.06.2025 11:00;13,6
Stavanger - Våland;SN44640;17.06.2025 12:00;13,6
Stavanger - Våland;SN44640;17.06.2025 13:00;14
Stavanger - Våland;SN44640;17.06.2025 14:00;14,5
Stavanger - Våland;SN44640;17.06.2025 15:00;15,9
Stavanger - Våland;SN44640;17.06.2025 16:00;14,4
Stavanger - Våland;SN44640;17.06.2025 17:00;13,2
Stavanger - Våland;SN44640;17.06.2025 18:00;12,7
Stavanger - Våland;SN44640;17.06.2025 19:00;12,7
Stavanger - Våland;SN44640;17.06.2025 20:00;12,7
Stavanger - Våland;SN44640;17.06.2025 21:00;12,1
Stavanger - Våland;SN44640;17.06.2025 22:00;11,6
Stavanger - Våland;SN44640;17.06.2025 23:00;11,1
Stavanger - Våland;SN44640;18.06.2025 00:00;11,2
Stavanger - Våland;SN44640;18.06.2025 01:00;10,5
Stavanger - Våland;SN44640;18.06.2025 02:00;11
Stavanger - Våland;SN44640;18.06.2025 03:00;11
Stavanger - Våland;SN44640;18.06.2025 04:00;11
Stavanger - Våland;SN44640;18.06.2025 05:00;11,1
Stavanger - Våland;SN44640;18.06.2025 06:00;11,9
Stavanger - Våland;SN44640;18.06.2025 07:00;12
Stavanger - Våland;SN44640;18.06.2025 08:00;13
Stavanger - Våland;SN44640;18.06.2025 09:00;13,5
Stavanger - Våland;SN44640;18.06.2025 10:00;13,1
Stavanger - Våland;SN44640;18.06.2025 11:00;14,1
Stavanger - Våland;SN44640;18.06.2025 12:00;13,3
Stavanger - Våland;SN44640;18.06.2025 13:00;13,9
Stavanger - Våland;SN44640;18.06.2025 14:00;14,2
Stavanger - Våland;SN44640;18.06.2025 15:00;13
Stavanger - Våland;SN44640;18.06.2025 16:00;15
Stavanger - Våland;SN44640;18.06.2025 17:00;13,6
Stavanger - Våland;SN44640;18.06.2025 18:00;13,6
Stavanger - Våland;SN44640;18.06.2025 19:00;12,9
Stavanger - Våland;SN44640;18.06.2025 20:00;10,6
Stavanger - Våland;SN44640;18.06.2025 21:00;11
Stavanger - Våland;SN44640;18.06.2025 22:00;10,2
Stavanger - Våland;SN44640;18.06.2025 23:00;10,6
Stavanger - Våland;SN44640;19.06.2025 00:00;10,5
Stavanger - Våland;SN44640;19.06.2025 01:00;10,2
Stavanger - Våland;SN44640;19.06.2025 02:00;10,6
Stavanger - Våland;SN44640;19.06.2025 03:00;10,4
Stavanger - Våland;SN44640;19.06.2025 04:00;10,3
Stavanger - Våland;SN44640;19.06.2025 05:00;10,5
Stavanger - Våland;SN44640;19.06.2025 06:00;10,9
Stavanger - Våland;SN44640;19.06.2025 07:00;11,7
Stavanger - Våland;SN44640;19.06.2025 08:00;12,4
Stavanger - Våland;SN44640;19.06.2025 09:00;12
Stavanger - Våland;SN44640;19.06.2025 10:00;12,9
Stavanger - Våland;SN44640;19.06.2025 11:00;14,2
Stavanger - Våland;SN44640;19.06.2025 12:00;14,6
Stavanger - Våland;SN44640;19.06.2025 13:00;15
Stavanger - Våland;SN44640;19.06.2025 14:00;14,6
Stavanger - Våland;SN44640;19.06.2025 15:00;15,3
Stavanger - Våland;SN44640;19.06.2025 16:00;16,1
Stavanger - Våland;SN44640;19.06.2025 17:00;15,1
Stavanger - Våland;SN44640;19.06.2025 18:00;15
Stavanger - Våland;SN44640;19.06.2025 19:00;14,2
Stavanger - Våland;SN44640;19.06.2025 20:00;12,5
Stavanger - Våland;SN44640;19.06.2025 21:00;11,3
Stavanger - Våland;SN44640;19.06.2025 22:00;10,5
Stavanger - Våland;SN44640;19.06.2025 23:00;9,8
Stavanger - Våland;SN44640;20.06.2025 00:00;9,7
Stavanger - Våland;SN44640;20.06.2025 01:00;9,8
Stavanger - Våland;SN44640;20.06.2025 02:00;9,2
Stavanger - Våland;SN44640;20.06.2025 03:00;9,7
Stavanger - Våland;SN44640;20.06.2025 04:00;9,5
Stavanger - Våland;SN44640;20.06.2025 05:00;10,5
Stavanger - Våland;SN44640;20.06.2025 06:00;12,4
Stavanger - Våland;SN44640;20.06.2025 07:00;12,4
Stavanger - Våland;SN44640;20.06.2025 08:00;13,4
Stavanger - Våland;SN44640;20.06.2025 09:00;14,7
Stavanger - Våland;SN44640;20.06.2025 10:00;16,1
Stavanger - Våland;SN44640;20.06.2025 11:00;17,3
Stavanger - Våland;SN44640;20.06.2025 12:00;19
Stavanger - Våland;SN44640;20.06.2025 13:00;17,3
Stavanger - Våland;SN44640;20.06.2025 14:00;16,3
Stavanger - Våland;SN44640;20.06.2025 15:00;16,7
Stavanger - Våland;SN44640;20.06.2025 16:00;16,7
Stavanger - Våland;SN44640;20.06.2025 17:00;16,1
Stavanger - Våland;SN44640;20.06.2025 18:00;15,9
Stavanger - Våland;SN44640;20.06.2025 19:00;15,6
Stavanger - Våland;SN44640;20.06.2025 20:00;15,2
Stavanger - Våland;SN44640;20.06.2025 21:00;14,8
Stavanger - Våland;SN44640;20.06.2025 22:00;14,4
Stavanger - Våland;SN44640;20.06.2025 23:00;14,1
Stavanger - Våland;SN44640;21.06.2025 00:00;13,8
Stavanger - Våland;SN44640;21.06.2025 01:00;13,4
Stavanger - Våland;SN44640;21.06.2025 02:00;13
Stavanger - Våland;SN44640;21.06.2025 03:00;12,9
Stavanger - Våland;SN44640;21.06.2025 04:00;12
Stavanger - Våland;SN44640;21.06.2025 05:00;11,8
Stavanger - Våland;SN44640;21.06.2025 06:00;12,3
Stavanger - Våland;SN44640;21.06.2025 07:00;13,6
Stavanger - Våland;SN44640;21.06.2025 08:00;14,2
Stavanger - Våland;SN44640;21.06.2025 09:00;16
Stavanger - Våland;SN44640;21.06.2025 10:00;17,4
Stavanger - Våland;SN44640;21.06.2025 11:00;18,4
Stavanger - Våland;SN44640;21.06.2025 12:00;19,3
Stavanger - Våland;SN44640;21.06.2025 13:00;20
Stavanger - Våland;SN44640;21.06.2025 14:00;20,6
Stavanger - Våland;SN44640;21.06.2025 15:00;21,6
Stavanger - Våland;SN44640;21.06.2025 16:00;21,5
Stavanger - Våland;SN44640;21.06.2025 17:00;21
Stavanger - Våland;SN44640;21.06.2025 18:00;21,4
Stavanger - Våland;SN44640;21.06.2025 19:00;19,1
Stavanger - Våland;SN44640;21.06.2025 20:00;16,5
Stavanger - Våland;SN44640;21.06.2025 21:00;15,5
Stavanger - Våland;SN44640;21.06.2025 22:00;15
Stavanger - Våland;SN44640;21.06.2025 23:00;14,2
Stavanger - Våland;SN44640;22.06.2025 00:00;13,8
Stavanger - Våland;SN44640;22.06.2025 01:00;13,8
Stavanger - Våland;SN44640;22.06.2025 02:00;14
Stavanger - Våland;SN44640;22.06.2025 03:00;14,2
Stavanger - Våland;SN44640;22.06.2025 04:00;15,5
Stavanger - Våland;SN44640;22.06.2025 05:00;16,7
Stavanger - Våland;SN44640;22.06.2025 06:00;17,1
Stavanger - Våland;SN44640;22.06.2025 07:00;18,7
Stavanger - Våland;SN44640;22.06.2025 08:00;19
Stavanger - Våland;SN44640;22.06.2025 09:00;21
Stavanger - Våland;SN44640;22.06.2025 10:00;17,3
Stavanger - Våland;SN44640;22.06.2025 11:00;18,6
Stavanger - Våland;SN44640;22.06.2025 12:00;19,1
Stavanger - Våland;SN44640;22.06.2025 13:00;19,1
Stavanger - Våland;SN44640;22.06.2025 14:00;22,9
Stavanger - Våland;SN44640;22.06.2025 15:00;24,2
Stavanger - Våland;SN44640;22.06.2025 16:00;22,4
Stavanger - Våland;SN44640;22.06.2025 17:00;21,5
Stavanger - Våland;SN44640;22.06.2025 18:00;18,9
Stavanger - Våland;SN44640;22.06.2025 19:00;17,2
Stavanger - Våland;SN44640;22.06.2025 20:00;16,4
Stavanger - Våland;SN44640;22.06.2025 21:00;15,8
Stavanger - Våland;SN44640;22.06.2025 22:00;15,2
Stavanger - Våland;SN44640;22.06.2025 23:00;14,7
Stavanger - Våland;SN44640;23.06.2025 00:00;14,4
Stavanger - Våland;SN44640;23.06.2025 01:00;14,2
Stavanger - Våland;SN44640;23.06.2025 02:00;14,3
Stavanger - Våland;SN44640;23.06.2025 03:00;13,8
Stavanger - Våland;SN44640;23.06.2025 04:00;13,1
Stavanger - Våland;SN44640;23.06.2025 05:00;13,2
Stavanger - Våland;SN44640;23.06.2025 06:00;13,2
Stavanger - Våland;SN44640;23.06.2025 07:00;13,3
Stavanger - Våland;SN44640;23.06.2025 08:00;11,8
Stavanger - Våland;SN44640;23.06.2025 09:00;12,5
Stavanger - Våland;SN44640;23.06.2025 10:00;15,3
Stavanger - Våland;SN44640;23.06.2025 11:00;13,7
Stavanger - Våland;SN44640;23.06.2025 12:00;14,8
Stavanger - Våland;SN44640;23.06.2025 13:00;13,9
Stavanger - Våland;SN44640;23.06.2025 14:00;14,7
Stavanger - Våland;SN44640;23.06.2025 15:00;14,9
Stavanger - Våland;SN44640;23.06.2025 16:00;14,4
Stavanger - Våland;SN44640;23.06.2025 17:00;12,1
Stavanger - Våland;SN44640;23.06.2025 18:00;11,9
Stavanger - Våland;SN44640;23.06.2025 19:00;12,2
Stavanger - Våland;SN44640;23.06.2025 20:00;12,2
Stavanger - Våland;SN44640;23.06.2025 21:00;12,2
Stavanger - Våland;SN44640;23.06.2025 22:00;11,8
Stavanger - Våland;SN44640;23.06.2025 23:00;11,8
Stavanger - Våland;SN44640;24.06.2025 00:00;11,8
Stavanger - Våland;SN44640;24.06.2025 01:00;11,4
Stavanger - Våland;SN44640;24.06.2025 02:00;11,1
Stavanger - Våland;SN44640;24.06.2025 03:00;11
Stavanger - Våland;SN44640;24.06.2025 04:00;11,1
Stavanger - Våland;SN44640;24.06.2025 05:00;11,3
Stavanger - Våland;SN44640;24.06.2025 06:00;11,3
Stavanger - Våland;SN44640;24.06.2025 07:00;11,7
Stavanger - Våland;SN44640;24.06.2025 08:00;12,1
Stavanger - Våland;SN44640;24.06.2025 09:00;12,1
Stavanger - Våland;SN44640;24.06.2025 10:00;11,7
Stavanger - Våland;SN44640;24.06.2025 11:00;11,9
Stavanger - Våland;SN44640;24.06.2025 12:00;11,5
Stavanger - Våland;SN44640;24.06.2025 13:00;11,8
Stavanger - Våland;SN44640;24.06.2025 14:00;11,3
Stavanger - Våland;SN44640;24.06.2025 15:00;11,6
Stavanger - Våland;SN44640;24.06.2025 16:00;12,1
Stavanger - Våland;SN44640;24.06.2025 17:00;11,7
Stavanger - Våland;SN44640;24.06.2025 18:00;12
Stavanger - Våland;SN44640;24.06.2025 19:00;12,1
Stavanger - Våland;SN44640;24.06.2025 20:00;12,2
Stavanger - Våland;SN44640;24.06.2025 21:00;12,1
Stavanger - Våland;SN44640;24.06.2025 22:00;11,9
Stavanger - Våland;SN44640;24.06.2025 23:00;11,7
Stavanger - Våland;SN44640;25.06.2025 00:00;11,7
Stavanger - Våland;SN44640;25.06.2025 01:00;11,8
Stavanger - Våland;SN44640;25.06.2025 02:00;11,8
Stavanger - Våland;SN44640;25.06.2025 03:00;11,6
Stavanger - Våland;SN44640;25.06.2025 04:00;11,7
Stavanger - Våland;SN44640;25.06.2025 05:00;11,8
Stavanger - Våland;SN44640;25.06.2025 06:00;11,6
Stavanger - Våland;SN44640;25.06.2025 07:00;14,6
Stavanger - Våland;SN44640;25.06.2025 08:00;14,4
Stavanger - Våland;SN44640;25.06.2025 09:00;14,4
Stavanger - Våland;SN44640;25.06.2025 10:00;14,9
Stavanger - Våland;SN44640;25.06.2025 11:00;14,6
Stavanger - Våland;SN44640;25.06.2025 12:00;14,8
Stavanger - Våland;SN44640;25.06.2025 13:00;16,7
Stavanger - Våland;SN44640;25.06.2025 14:00;17
Stavanger - Våland;SN44640;25.06.2025 15:00;15,5
Stavanger - Våland;SN44640;25.06.2025 16:00;16,4
Stavanger - Våland;SN44640;25.06.2025 17:00;16,8
Stavanger - Våland;SN44640;25.06.2025 18:00;16,2
Stavanger - Våland;SN44640;25.06.2025 19:00;15,4
Stavanger - Våland;SN44640;25.06.2025 20:00;13,1
Stavanger - Våland;SN44640;25.06.2025 21:00;12
Stavanger - Våland;SN44640;25.06.2025 22:00;10,9
Stavanger - Våland;SN44640;25.06.2025 23:00;10,2
Stavanger - Våland;SN44640;26.06.2025 00:00;9,8
Stavanger - Våland;SN44640;26.06.2025 01:00;9,9
Stavanger - Våland;SN44640;26.06.2025 02:00;9,7
Stavanger - Våland;SN44640;26.06.2025 03:00;9,5
Stavanger - Våland;SN44640;26.06.2025 04:00;9,2
Stavanger - Våland;SN44640;26.06.2025 05:00;9,7
Stavanger - Våland;SN44640;26.06.2025 06:00;12,3
Stavanger - Våland;SN44640;26.06.2025 07:00;12,6
Stavanger - Våland;SN44640;26.06.2025 08:00;15,6
Stavanger - Våland;SN44640;26.06.2025 09:00;16,4
Stavanger - Våland;SN44640;26.06.2025 10:00;16
Stavanger - Våland;SN44640;26.06.2025 11:00;16,5
Stavanger - Våland;SN44640;26.06.2025 12:00;16,7
Stavanger - Våland;SN44640;26.06.2025 13:00;17,1
Stavanger - Våland;SN44640;26.06.2025 14:00;16,7
Stavanger - Våland;SN44640;26.06.2025 15:00;16,2
Stavanger - Våland;SN44640;26.06.2025 16:00;15,2
Stavanger - Våland;SN44640;26.06.2025 17:00;14,9
Stavanger - Våland;SN44640;26.06.2025 18:00;14,7
Stavanger - Våland;SN44640;26.06.2025 19:00;14,6
Stavanger - Våland;SN44640;26.06.2025 20:00;14,8
Stavanger - Våland;SN44640;26.06.2025 21:00;14,7
Stavanger - Våland;SN44640;26.06.2025 22:00;13,6
Stavanger - Våland;SN44640;26.06.2025 23:00;13,1
Stavanger - Våland;SN44640;27.06.2025 00:00;12,5
Stavanger - Våland;SN44640;27.06.2025 01:00;12,1
Stavanger - Våland;SN44640;27.06.2025 02:00;10,8
Stavanger - Våland;SN44640;27.06.2025 03:00;10,2
Stavanger - Våland;SN44640;27.06.2025 04:00;9,8
Stavanger - Våland;SN44640;27.06.2025 05:00;10
Stavanger - Våland;SN44640;27.06.2025 06:00;11,6
Stavanger - Våland;SN44640;27.06.2025 07:00;12,2
Stavanger - Våland;SN44640;27.06.2025 08:00;13,1
Stavanger - Våland;SN44640;27.06.2025 09:00;14,6
Stavanger - Våland;SN44640;27.06.2025 10:00;16,3
Stavanger - Våland;SN44640;27.06.2025 11:00;17,2
Stavanger - Våland;SN44640;27.06.2025 12:00;17,4
Stavanger - Våland;SN44640;27.06.2025 13:00;17,4
Stavanger - Våland;SN44640;27.06.2025 14:00;17
Stavanger - Våland;SN44640;27.06.2025 15:00;16,5
Stavanger - Våland;SN44640;27.06.2025 16:00;16
Stavanger - Våland;SN44640;27.06.2025 17:00;16,3
Stavanger - Våland;SN44640;27.06.2025 18:00;15,7
Stavanger - Våland;SN44640;27.06.2025 19:00;15,2
Stavanger - Våland;SN44640;27.06.2025 20:00;14,4
Stavanger - Våland;SN44640;27.06.2025 21:00;14,3
Stavanger - Våland;SN44640;27.06.2025 22:00;13,9
Stavanger - Våland;SN44640;27.06.2025 23:00;13,9
Stavanger - Våland;SN44640;28.06.2025 00:00;14
Stavanger - Våland;SN44640;28.06.2025 01:00;14,3
Stavanger - Våland;SN44640;28.06.2025 02:00;14,7
Stavanger - Våland;SN44640;28.06.2025 03:00;15
Stavanger - Våland;SN44640;28.06.2025 04:00;15,3
Stavanger - Våland;SN44640;28.06.2025 05:00;15,4
Stavanger - Våland;SN44640;28.06.2025 06:00;15,5
Stavanger - Våland;SN44640;28.06.2025 07:00;15,8
Stavanger - Våland;SN44640;28.06.2025 08:00;15,8
Stavanger - Våland;SN44640;28.06.2025 09:00;15,6
Stavanger - Våland;SN44640;28.06.2025 10:00;16,2
Stavanger - Våland;SN44640;28.06.2025 11:00;16
Stavanger - Våland;SN44640;28.06.2025 12:00;15,8
Stavanger - Våland;SN44640;28.06.2025 13:00;15,2
Stavanger - Våland;SN44640;28.06.2025 14:00;16,2
Stavanger - Våland;SN44640;28.06.2025 15:00;16,6
Stavanger - Våland;SN44640;28.06.2025 16:00;16,6
Stavanger - Våland;SN44640;28.06.2025 17:00;17,8
Stavanger - Våland;SN44640;28.06.2025 18:00;16,8
Stavanger - Våland;SN44640;28.06.2025 19:00;16,3
Stavanger - Våland;SN44640;28.06.2025 20:00;15,2
Stavanger - Våland;SN44640;28.06.2025 21:00;14,4
Stavanger - Våland;SN44640;28.06.2025 22:00;14,2
Stavanger - Våland;SN44640;28.06.2025 23:00;14,2
Stavanger - Våland;SN44640;29.06.2025 00:00;14,3
Stavanger - Våland;SN44640;29.06.2025 01:00;13,2
Stavanger - Våland;SN44640;29.06.2025 02:00;12,4
Stavanger - Våland;SN44640;29.06.2025 03:00;13,2
Stavanger - Våland;SN44640;29.06.2025 04:00;13,3
Stavanger - Våland;SN44640;29.06.2025 05:00;13,4
Stavanger - Våland;SN44640;29.06.2025 06:00;13,4
Stavanger - Våland;SN44640;29.06.2025 07:00;12,4
Stavanger - Våland;SN44640;29.06.2025 08:00;13,2
Stavanger - Våland;SN44640;29.06.2025 09:00;13,5
Stavanger - Våland;SN44640;29.06.2025 10:00;13,7
Stavanger - Våland;SN44640;29.06.2025 11:00;13,4
Stavanger - Våland;SN44640;29.06.2025 12:00;13,6
Stavanger - Våland;SN44640;29.06.2025 13:00;14,2
Stavanger - Våland;SN44640;29.06.2025 14:00;12,8
Stavanger - Våland;SN44640;29.06.2025 15:00;14,2
Stavanger - Våland;SN44640;29.06.2025 16:00;14,6
Stavanger - Våland;SN44640;29.06.2025 17:00;14,4
Stavanger - Våland;SN44640;29.06.2025 18:00;13,4
Stavanger - Våland;SN44640;29.06.2025 19:00;13,3
Stavanger - Våland;SN44640;29.06.2025 20:00;12,8
Stavanger - Våland;SN44640;29.06.2025 21:00;12,6
Stavanger - Våland;SN44640;29.06.2025 22:00;12,5
Stavanger - Våland;SN44640;29.06.2025 23:00;12,3
Stavanger - Våland;SN44640;30.06.2025 00:00;12,1
Stavanger - Våland;SN44640;30.06.2025 01:00;10,7
Stavanger - Våland;SN44640;30.06.2025 02:00;10,3
Stavanger - Våland;SN44640;30.06.2025 03:00;10,5
Stavanger - Våland;SN44640;30.06.2025 04:00;9,8
Stavanger - Våland;SN44640;30.06.2025 05:00;10,6
Stavanger - Våland;SN44640;30.06.2025 06:00;11,7
Stavanger - Våland;SN44640;30.06.2025 07:00;12,5
Stavanger - Våland;SN44640;30.06.2025 08:00;14,2
Stavanger - Våland;SN44640;30.06.2025 09:00;15,5
Stavanger - Våland;SN44640;30.06.2025 10:00;17,6
Stavanger - Våland;SN44640;30.06.2025 11:00;19,9
Stavanger - Våland;SN44640;30.06.2025 12:00;19,9
Stavanger - Våland;SN44640;30.06.2025 13:00;19,9
Stavanger - Våland;SN44640;30.06.2025 14:00;19,5
Stavanger - Våland;SN44640;30.06.2025 15:00;19,9
Stavanger - Våland;SN44640;30.06.2025 16:00;18,7
Stavanger - Våland;SN44640;30.06.2025 17:00;18,4
Stavanger - Våland;SN44640;30.06.2025 18:00;17,9
Stavanger - Våland;SN44640;30.06.2025 19:00;17,5
Stavanger - Våland;SN44640;30.06.2025 20:00;16,4
Stavanger - Våland;SN44640;30.06.2025 21:00;16,2
Stavanger - Våland;SN44640;30.06.2025 22:00;16,4
Stavanger - Våland;SN44640;30.06.2025 23:00;16,5
Stavanger - Våland;SN44640;01.07.2025 00:00;16,8
Stavanger - Våland;SN44640;01.07.2025 01:00;16,7
Stavanger - Våland;SN44640;01.07.2025 02:00;16,9
Stavanger - Våland;SN44640;01.07.2025 03:00;16,8
Stavanger - Våland;SN44640;01.07.2025 04:00;16,2
Stavanger - Våland;SN44640;01.07.2025 05:00;16,4
Stavanger - Våland;SN44640;01.07.2025 06:00;16,8
Stavanger - Våland;SN44640;01.07.2025 07:00;17,2
Stavanger - Våland;SN44640;01.07.2025 08:00;15,7
Stavanger - Våland;SN44640;01.07.2025 09:00;13,1
Stavanger - Våland;SN44640;01.07.2025 10:00;13,7
Stavanger - Våland;SN44640;01.07.2025 11:00;13,6
Stavanger - Våland;SN44640;01.07.2025 12:00;13,9
Stavanger - Våland;SN44640;01.07.2025 13:00;14,3
Stavanger - Våland;SN44640;01.07.2025 14:00;13,9
Stavanger - Våland;SN44640;01.07.2025 15:00;14,1
Stavanger - Våland;SN44640;01.07.2025 16:00;14,4
Stavanger - Våland;SN44640;01.07.2025 17:00;15
Stavanger - Våland;SN44640;01.07.2025 18:00;14,4
Stavanger - Våland;SN44640;01.07.2025 19:00;14,4
Stavanger - Våland;SN44640;01.07.2025 20:00;14
Stavanger - Våland;SN44640;01.07.2025 21:00;13,5
Stavanger - Våland;SN44640;01.07.2025 22:00;13,4
Stavanger - Våland;SN44640;01.07.2025 23:00;13,2
Stavanger - Våland;SN44640;02.07.2025 00:00;12,9
Stavanger - Våland;SN44640;02.07.2025 01:00;12,6
Stavanger - Våland;SN44640;02.07.2025 02:00;12,3
Stavanger - Våland;SN44640;02.07.2025 03:00;12,1
Stavanger - Våland;SN44640;02.07.2025 04:00;12
Stavanger - Våland;SN44640;02.07.2025 05:00;11,7
Stavanger - Våland;SN44640;02.07.2025 06:00;11,8
Stavanger - Våland;SN44640;02.07.2025 07:00;12,3
Stavanger - Våland;SN44640;02.07.2025 08:00;13,6
Stavanger - Våland;SN44640;02.07.2025 09:00;14,7
Stavanger - Våland;SN44640;02.07.2025 10:00;16,3
Stavanger - Våland;SN44640;02.07.2025 11:00;17,4
Stavanger - Våland;SN44640;02.07.2025 12:00;16,9
Stavanger - Våland;SN44640;02.07.2025 13:00;16,4
Stavanger - Våland;SN44640;02.07.2025 14:00;16,9
Stavanger - Våland;SN44640;02.07.2025 15:00;17,4
Stavanger - Våland;SN44640;02.07.2025 16:00;15,1
Stavanger - Våland;SN44640;02.07.2025 17:00;14,3
Stavanger - Våland;SN44640;02.07.2025 18:00;14,5
Stavanger - Våland;SN44640;02.07.2025 19:00;14,1
Stavanger - Våland;SN44640;02.07.2025 20:00;13,7
Stavanger - Våland;SN44640;02.07.2025 21:00;13,1
Stavanger - Våland;SN44640;02.07.2025 22:00;12,6
Stavanger - Våland;SN44640;02.07.2025 23:00;12,2
Stavanger - Våland;SN44640;03.07.2025 00:00;11,9
Stavanger - Våland;SN44640;03.07.2025 01:00;11,6
Stavanger - Våland;SN44640;03.07.2025 02:00;11,8
Stavanger - Våland;SN44640;03.07.2025 03:00;11,7
Stavanger - Våland;SN44640;03.07.2025 04:00;11,1
Stavanger - Våland;SN44640;03.07.2025 05:00;11,8
Stavanger - Våland;SN44640;03.07.2025 06:00;11,7
Stavanger - Våland;SN44640;03.07.2025 07:00;13,2
Stavanger - Våland;SN44640;03.07.2025 08:00;14,5
Stavanger - Våland;SN44640;03.07.2025 09:00;14,1
Stavanger - Våland;SN44640;03.07.2025 10:00;13,9
Stavanger - Våland;SN44640;03.07.2025 11:00;14,9
Stavanger - Våland;SN44640;03.07.2025 12:00;15,3
Stavanger - Våland;SN44640;03.07.2025 13:00;15,4
Stavanger - Våland;SN44640;03.07.2025 14:00;15,3
Stavanger - Våland;SN44640;03.07.2025 15:00;15,5
Stavanger - Våland;SN44640;03.07.2025 16:00;15,6
Stavanger - Våland;SN44640;03.07.2025 17:00;14,9
Stavanger - Våland;SN44640;03.07.2025 18:00;14,7
Stavanger - Våland;SN44640;03.07.2025 19:00;14,3
Stavanger - Våland;SN44640;03.07.2025 20:00;12,9
Stavanger - Våland;SN44640;03.07.2025 21:00;12,1
Stavanger - Våland;SN44640;03.07.2025 22:00;11,1
Stavanger - Våland;SN44640;03.07.2025 23:00;10
Stavanger - Våland;SN44640;04.07.2025 00:00;10,1
Stavanger - Våland;SN44640;04.07.2025 01:00;11,2
Stavanger - Våland;SN44640;04.07.2025 02:00;11,6
Stavanger - Våland;SN44640;04.07.2025 03:00;12,1
Stavanger - Våland;SN44640;04.07.2025 04:00;11,2
Stavanger - Våland;SN44640;04.07.2025 05:00;11,4
Stavanger - Våland;SN44640;04.07.2025 06:00;11,9
Stavanger - Våland;SN44640;04.07.2025 07:00;13,6
Stavanger - Våland;SN44640;04.07.2025 08:00;14,2
Stavanger - Våland;SN44640;04.07.2025 09:00;15,3
Stavanger - Våland;SN44640;04.07.2025 10:00;15,5
Stavanger - Våland;SN44640;04.07.2025 11:00;15,2
Stavanger - Våland;SN44640;04.07.2025 12:00;15,1
Stavanger - Våland;SN44640;04.07.2025 13:00;16,4
Stavanger - Våland;SN44640;04.07.2025 14:00;16,2
Stavanger - Våland;SN44640;04.07.2025 15:00;15,5
Stavanger - Våland;SN44640;04.07.2025 16:00;14,9
Stavanger - Våland;SN44640;04.07.2025 17:00;14,4
Stavanger - Våland;SN44640;04.07.2025 18:00;12,7
Stavanger - Våland;SN44640;04.07.2025 19:00;12,7
Stavanger - Våland;SN44640;04.07.2025 20:00;11,9
Stavanger - Våland;SN44640;04.07.2025 21:00;11,9
Stavanger - Våland;SN44640;04.07.2025 22:00;11,9
Stavanger - Våland;SN44640;04.07.2025 23:00;12
Stavanger - Våland;SN44640;05.07.2025 00:00;12,6
Stavanger - Våland;SN44640;05.07.2025 01:00;13,4
Stavanger - Våland;SN44640;05.07.2025 02:00;13,5
Stavanger - Våland;SN44640;05.07.2025 03:00;13,5
Stavanger - Våland;SN44640;05.07.2025 04:00;13,6
Stavanger - Våland;SN44640;05.07.2025 05:00;13,7
Stavanger - Våland;SN44640;05.07.2025 06:00;13,8
Stavanger - Våland;SN44640;05.07.2025 07:00;13,8
Stavanger - Våland;SN44640;05.07.2025 08:00;14
Stavanger - Våland;SN44640;05.07.2025 09:00;13,9
Stavanger - Våland;SN44640;05.07.2025 10:00;14,1
Stavanger - Våland;SN44640;05.07.2025 11:00;14,4
Stavanger - Våland;SN44640;05.07.2025 12:00;14,2
Stavanger - Våland;SN44640;05.07.2025 13:00;14,1
Stavanger - Våland;SN44640;05.07.2025 14:00;14,5
Stavanger - Våland;SN44640;05.07.2025 15:00;14,4
Stavanger - Våland;SN44640;05.07.2025 16:00;13,8
Stavanger - Våland;SN44640;05.07.2025 17:00;13,4
Stavanger - Våland;SN44640;05.07.2025 18:00;13,1
Stavanger - Våland;SN44640;05.07.2025 19:00;13,1
Stavanger - Våland;SN44640;05.07.2025 20:00;13
Stavanger - Våland;SN44640;05.07.2025 21:00;12,8
Stavanger - Våland;SN44640;05.07.2025 22:00;13
Stavanger - Våland;SN44640;05.07.2025 23:00;12,9
Stavanger - Våland;SN44640;06.07.2025 00:00;12,6
Stavanger - Våland;SN44640;06.07.2025 01:00;12,4
Stavanger - Våland;SN44640;06.07.2025 02:00;12,7
Stavanger - Våland;SN44640;06.07.2025 03:00;13,1
Stavanger - Våland;SN44640;06.07.2025 04:00;12,9
Stavanger - Våland;SN44640;06.07.2025 05:00;12,7
Stavanger - Våland;SN44640;06.07.2025 06:00;13
Stavanger - Våland;SN44640;06.07.2025 07:00;13,2
Stavanger - Våland;SN44640;06.07.2025 08:00;13,9
Stavanger - Våland;SN44640;06.07.2025 09:00;13,9
Stavanger - Våland;SN44640;06.07.2025 10:00;14,3
Stavanger - Våland;SN44640;06.07.2025 11:00;15,3
Stavanger - Våland;SN44640;06.07.2025 12:00;15,4
Stavanger - Våland;SN44640;06.07.2025 13:00;15,1
Stavanger - Våland;SN44640;06.07.2025 14:00;15,4
Stavanger - Våland;SN44640;06.07.2025 15:00;15,5
Stavanger - Våland;SN44640;06.07.2025 16:00;14,9
Stavanger - Våland;SN44640;06.07.2025 17:00;14,2
Stavanger - Våland;SN44640;06.07.2025 18:00;14,4
Stavanger - Våland;SN44640;06.07.2025 19:00;14,3
Stavanger - Våland;SN44640;06.07.2025 20:00;13,9
Stavanger - Våland;SN44640;06.07.2025 21:00;13,8
Stavanger - Våland;SN44640;06.07.2025 22:00;13,6
Stavanger - Våland;SN44640;06.07.2025 23:00;13,3
Stavanger - Våland;SN44640;07.07.2025 00:00;12,8
Stavanger - Våland;SN44640;07.07.2025 01:00;12,6
Stavanger - Våland;SN44640;07.07.2025 02:00;12,2
Stavanger - Våland;SN44640;07.07.2025 03:00;12,2
Stavanger - Våland;SN44640;07.07.2025 04:00;12,2
Stavanger - Våland;SN44640;07.07.2025 05:00;12,3
Stavanger - Våland;SN44640;07.07.2025 06:00;12,5
Stavanger - Våland;SN44640;07.07.2025 07:00;12,7
Stavanger - Våland;SN44640;07.07.2025 08:00;13,3
Stavanger - Våland;SN44640;07.07.2025 09:00;13,5
Stavanger - Våland;SN44640;07.07.2025 10:00;14,4
Stavanger - Våland;SN44640;07.07.2025 11:00;15,5
Stavanger - Våland;SN44640;07.07.2025 12:00;15,4
Stavanger - Våland;SN44640;07.07.2025 13:00;14,8
Stavanger - Våland;SN44640;07.07.2025 14:00;14,4
Stavanger - Våland;SN44640;07.07.2025 15:00;14,4
Stavanger - Våland;SN44640;07.07.2025 16:00;15
Stavanger - Våland;SN44640;07.07.2025 17:00;15
Stavanger - Våland;SN44640;07.07.2025 18:00;15,7
Stavanger - Våland;SN44640;07.07.2025 19:00;16,2
Stavanger - Våland;SN44640;07.07.2025 20:00;15
Stavanger - Våland;SN44640;07.07.2025 21:00;14
Stavanger - Våland;SN44640;07.07.2025 22:00;12,9
Stavanger - Våland;SN44640;07.07.2025 23:00;13,2
Stavanger - Våland;SN44640;08.07.2025 00:00;13,4
Stavanger - Våland;SN44640;08.07.2025 01:00;13
Stavanger - Våland;SN44640;08.07.2025 02:00;13,3
Stavanger - Våland;SN44640;08.07.2025 03:00;13,2
Stavanger - Våland;SN44640;08.07.2025 04:00;13,3
Stavanger - Våland;SN44640;08.07.2025 05:00;13,7
Stavanger - Våland;SN44640;08.07.2025 06:00;14,6
Stavanger - Våland;SN44640;08.07.2025 07:00;16,1
Stavanger - Våland;SN44640;08.07.2025 08:00;16
Stavanger - Våland;SN44640;08.07.2025 09:00;17,4
Stavanger - Våland;SN44640;08.07.2025 10:00;20,8
Stavanger - Våland;SN44640;08.07.2025 11:00;20,5
Stavanger - Våland;SN44640;08.07.2025 12:00;21,2
Stavanger - Våland;SN44640;08.07.2025 13:00;20,7
Stavanger - Våland;SN44640;08.07.2025 14:00;19,7
Stavanger - Våland;SN44640;08.07.2025 15:00;20,5
Stavanger - Våland;SN44640;08.07.2025 16:00;19,4
Stavanger - Våland;SN44640;08.07.2025 17:00;16,1
Stavanger - Våland;SN44640;08.07.2025 18:00;16
Stavanger - Våland;SN44640;08.07.2025 19:00;15,5
Stavanger - Våland;SN44640;08.07.2025 20:00;14,8
Stavanger - Våland;SN44640;08.07.2025 21:00;14,5
Stavanger - Våland;SN44640;08.07.2025 22:00;14
Stavanger - Våland;SN44640;08.07.2025 23:00;14,2
Stavanger - Våland;SN44640;09.07.2025 00:00;14
Stavanger - Våland;SN44640;09.07.2025 01:00;13,9
Stavanger - Våland;SN44640;09.07.2025 02:00;13,9
Stavanger - Våland;SN44640;09.07.2025 03:00;13,9
Stavanger - Våland;SN44640;09.07.2025 04:00;13,6
Stavanger - Våland;SN44640;09.07.2025 05:00;13,6
Stavanger - Våland;SN44640;09.07.2025 06:00;14
Stavanger - Våland;SN44640;09.07.2025 07:00;14,8
Stavanger - Våland;SN44640;09.07.2025 08:00;15,5
Stavanger - Våland;SN44640;09.07.2025 09:00;16,2
Stavanger - Våland;SN44640;09.07.2025 10:00;17,6
Stavanger - Våland;SN44640;09.07.2025 11:00;17,6
Stavanger - Våland;SN44640;09.07.2025 12:00;18,9
Stavanger - Våland;SN44640;09.07.2025 13:00;18
Stavanger - Våland;SN44640;09.07.2025 14:00;19,1
Stavanger - Våland;SN44640;09.07.2025 15:00;18,9
Stavanger - Våland;SN44640;09.07.2025 16:00;17,6
Stavanger - Våland;SN44640;09.07.2025 17:00;16,9
Stavanger - Våland;SN44640;09.07.2025 18:00;16,2
Stavanger - Våland;SN44640;09.07.2025 19:00;15,2
Stavanger - Våland;SN44640;09.07.2025 20:00;14,9
Stavanger - Våland;SN44640;09.07.2025 21:00;14,3
Stavanger - Våland;SN44640;09.07.2025 22:00;14,3
Stavanger - Våland;SN44640;09.07.2025 23:00;14,2
Stavanger - Våland;SN44640;10.07.2025 00:00;14
Stavanger - Våland;SN44640;10.07.2025 01:00;14
Stavanger - Våland;SN44640;10.07.2025 02:00;13,9
Stavanger - Våland;SN44640;10.07.2025 03:00;13,5
Stavanger - Våland;SN44640;10.07.2025 04:00;13,9
Stavanger - Våland;SN44640;10.07.2025 05:00;13,9
Stavanger - Våland;SN44640;10.07.2025 06:00;14,2
Stavanger - Våland;SN44640;10.07.2025 07:00;15,7
Stavanger - Våland;SN44640;10.07.2025 08:00;15,3
Stavanger - Våland;SN44640;10.07.2025 09:00;15,6
Stavanger - Våland;SN44640;10.07.2025 10:00;16,6
Stavanger - Våland;SN44640;10.07.2025 11:00;15,8
Stavanger - Våland;SN44640;10.07.2025 12:00;18
Stavanger - Våland;SN44640;10.07.2025 13:00;19,1
Stavanger - Våland;SN44640;10.07.2025 14:00;17,5
Stavanger - Våland;SN44640;10.07.2025 15:00;19
Stavanger - Våland;SN44640;10.07.2025 16:00;18,3
Stavanger - Våland;SN44640;10.07.2025 17:00;19,4
Stavanger - Våland;SN44640;10.07.2025 18:00;19,8
Stavanger - Våland;SN44640;10.07.2025 19:00;18,7
Stavanger - Våland;SN44640;10.07.2025 20:00;17,8
Stavanger - Våland;SN44640;10.07.2025 21:00;15,4
Stavanger - Våland;SN44640;10.07.2025 22:00;14,6
Stavanger - Våland;SN44640;10.07.2025 23:00;13,9
Stavanger - Våland;SN44640;11.07.2025 00:00;13,6
Stavanger - Våland;SN44640;11.07.2025 01:00;13,8
Stavanger - Våland;SN44640;11.07.2025 02:00;13,7
Stavanger - Våland;SN44640;11.07.2025 03:00;13,4
Stavanger - Våland;SN44640;11.07.2025 04:00;13,4
Stavanger - Våland;SN44640;11.07.2025 05:00;14,2
Stavanger - Våland;SN44640;11.07.2025 06:00;15,3
Stavanger - Våland;SN44640;11.07.2025 07:00;16,3
Stavanger - Våland;SN44640;11.07.2025 08:00;18
Stavanger - Våland;SN44640;11.07.2025 09:00;19
Stavanger - Våland;SN44640;11.07.2025 10:00;21,1
Stavanger - Våland;SN44640;11.07.2025 11:00;22,7
Stavanger - Våland;SN44640;11.07.2025 12:00;23,8
Stavanger - Våland;SN44640;11.07.2025 13:00;24,1
Stavanger - Våland;SN44640;11.07.2025 14:00;24,4
Stavanger - Våland;SN44640;11.07.2025 15:00;24,4
Stavanger - Våland;SN44640;11.07.2025 16:00;24
Stavanger - Våland;SN44640;11.07.2025 17:00;23,6
Stavanger - Våland;SN44640;11.07.2025 18:00;23
Stavanger - Våland;SN44640;11.07.2025 19:00;21,8
Stavanger - Våland;SN44640;11.07.2025 20:00;20,1
Stavanger - Våland;SN44640;11.07.2025 21:00;18,6
Stavanger - Våland;SN44640;11.07.2025 22:00;16,6
Stavanger - Våland;SN44640;11.07.2025 23:00;16,1
Stavanger - Våland;SN44640;12.07.2025 00:00;15,5
Stavanger - Våland;SN44640;12.07.2025 01:00;15,5
Stavanger - Våland;SN44640;12.07.2025 02:00;15,5
Stavanger - Våland;SN44640;12.07.2025 03:00;15,3
Stavanger - Våland;SN44640;12.07.2025 04:00;16
Stavanger - Våland;SN44640;12.07.2025 05:00;15,7
Stavanger - Våland;SN44640;12.07.2025 06:00;18,2
Stavanger - Våland;SN44640;12.07.2025 07:00;19,8
Stavanger - Våland;SN44640;12.07.2025 08:00;21,3
Stavanger - Våland;SN44640;12.07.2025 09:00;22,2
Stavanger - Våland;SN44640;12.07.2025 10:00;24,5
Stavanger - Våland;SN44640;12.07.2025 11:00;27,3
Stavanger - Våland;SN44640;12.07.2025 12:00;28,1
Stavanger - Våland;SN44640;12.07.2025 13:00;27,9
Stavanger - Våland;SN44640;12.07.2025 14:00;29,3
Stavanger - Våland;SN44640;12.07.2025 15:00;28,9
Stavanger - Våland;SN44640;12.07.2025 16:00;29,2
Stavanger - Våland;SN44640;12.07.2025 17:00;28,3
Stavanger - Våland;SN44640;12.07.2025 18:00;27,5
Stavanger - Våland;SN44640;12.07.2025 19:00;26,8
Stavanger - Våland;SN44640;12.07.2025 20:00;25,5
Stavanger - Våland;SN44640;12.07.2025 21:00;23,2
Stavanger - Våland;SN44640;12.07.2025 22:00;19
Stavanger - Våland;SN44640;12.07.2025 23:00;17,9
Stavanger - Våland;SN44640;13.07.2025 00:00;18,1
Stavanger - Våland;SN44640;13.07.2025 01:00;17,4
Stavanger - Våland;SN44640;13.07.2025 02:00;17,2
Stavanger - Våland;SN44640;13.07.2025 03:00;17,9
Stavanger - Våland;SN44640;13.07.2025 04:00;17,4
Stavanger - Våland;SN44640;13.07.2025 05:00;17,8
Stavanger - Våland;SN44640;13.07.2025 06:00;18,5
Stavanger - Våland;SN44640;13.07.2025 07:00;20,4
Stavanger - Våland;SN44640;13.07.2025 08:00;20,6
Stavanger - Våland;SN44640;13.07.2025 09:00;21,1
Stavanger - Våland;SN44640;13.07.2025 10:00;21
Stavanger - Våland;SN44640;13.07.2025 11:00;20,1
Stavanger - Våland;SN44640;13.07.2025 12:00;22,8
Stavanger - Våland;SN44640;13.07.2025 13:00;21,4
Stavanger - Våland;SN44640;13.07.2025 14:00;20,3
Stavanger - Våland;SN44640;13.07.2025 15:00;21,2
Stavanger - Våland;SN44640;13.07.2025 16:00;21,6
Stavanger - Våland;SN44640;13.07.2025 17:00;20,9
Stavanger - Våland;SN44640;13.07.2025 18:00;20,1
Stavanger - Våland;SN44640;13.07.2025 19:00;20,3
Stavanger - Våland;SN44640;13.07.2025 20:00;19,5
Stavanger - Våland;SN44640;13.07.2025 21:00;18,3
Stavanger - Våland;SN44640;13.07.2025 22:00;17,4
Stavanger - Våland;SN44640;13.07.2025 23:00;16,5
Stavanger - Våland;SN44640;14.07.2025 00:00;16,5
Stavanger - Våland;SN44640;14.07.2025 01:00;17,3
Stavanger - Våland;SN44640;14.07.2025 02:00;16,8
Stavanger - Våland;SN44640;14.07.2025 03:00;16,6
Stavanger - Våland;SN44640;14.07.2025 04:00;16,7
Stavanger - Våland;SN44640;14.07.2025 05:00;17
Stavanger - Våland;SN44640;14.07.2025 06:00;17,4
Stavanger - Våland;SN44640;14.07.2025 07:00;17,7
Stavanger - Våland;SN44640;14.07.2025 08:00;19,4
Stavanger - Våland;SN44640;14.07.2025 09:00;21,4
Stavanger - Våland;SN44640;14.07.2025 10:00;23,8
Stavanger - Våland;SN44640;14.07.2025 11:00;24
Stavanger - Våland;SN44640;14.07.2025 12:00;24,1
Stavanger - Våland;SN44640;14.07.2025 13:00;25,2
Stavanger - Våland;SN44640;14.07.2025 14:00;21,9
Stavanger - Våland;SN44640;14.07.2025 15:00;22,1
Stavanger - Våland;SN44640;14.07.2025 16:00;24,2
Stavanger - Våland;SN44640;14.07.2025 17:00;23,6
Stavanger - Våland;SN44640;14.07.2025 18:00;21,7
Stavanger - Våland;SN44640;14.07.2025 19:00;20,5
Stavanger - Våland;SN44640;14.07.2025 20:00;20,1
Stavanger - Våland;SN44640;14.07.2025 21:00;18,9
Stavanger - Våland;SN44640;14.07.2025 22:00;18,9
Stavanger - Våland;SN44640;14.07.2025 23:00;18,8
Stavanger - Våland;SN44640;15.07.2025 00:00;18
Stavanger - Våland;SN44640;15.07.2025 01:00;17,6
Stavanger - Våland;SN44640;15.07.2025 02:00;17,1
Stavanger - Våland;SN44640;15.07.2025 03:00;17
Stavanger - Våland;SN44640;15.07.2025 04:00;16,8
Stavanger - Våland;SN44640;15.07.2025 05:00;16,8
Stavanger - Våland;SN44640;15.07.2025 06:00;19
Stavanger - Våland;SN44640;15.07.2025 07:00;20,7
Stavanger - Våland;SN44640;15.07.2025 08:00;20,7
Stavanger - Våland;SN44640;15.07.2025 09:00;20,8
Stavanger - Våland;SN44640;15.07.2025 10:00;20,6
Stavanger - Våland;SN44640;15.07.2025 11:00;19,3
Stavanger - Våland;SN44640;15.07.2025 12:00;18,5
Stavanger - Våland;SN44640;15.07.2025 13:00;19,6
Stavanger - Våland;SN44640;15.07.2025 14:00;18,1
Stavanger - Våland;SN44640;15.07.2025 15:00;17,6
Stavanger - Våland;SN44640;15.07.2025 16:00;18,2
Stavanger - Våland;SN44640;15.07.2025 17:00;19,1
Stavanger - Våland;SN44640;15.07.2025 18:00;18,7
Stavanger - Våland;SN44640;15.07.2025 19:00;17,1
Stavanger - Våland;SN44640;15.07.2025 20:00;17
Stavanger - Våland;SN44640;15.07.2025 21:00;16,5
Stavanger - Våland;SN44640;15.07.2025 22:00;15,7
Stavanger - Våland;SN44640;15.07.2025 23:00;16,3
Stavanger - Våland;SN44640;16.07.2025 00:00;16,4
Stavanger - Våland;SN44640;16.07.2025 01:00;16,1
Stavanger - Våland;SN44640;16.07.2025 02:00;15,9
Stavanger - Våland;SN44640;16.07.2025 03:00;15,4
Stavanger - Våland;SN44640;16.07.2025 04:00;16,3
Stavanger - Våland;SN44640;16.07.2025 05:00;16,4
Stavanger - Våland;SN44640;16.07.2025 06:00;16,9
Stavanger - Våland;SN44640;16.07.2025 07:00;17,5
Stavanger - Våland;SN44640;16.07.2025 08:00;17,7
Stavanger - Våland;SN44640;16.07.2025 09:00;18
Stavanger - Våland;SN44640;16.07.2025 10:00;18,3
Stavanger - Våland;SN44640;16.07.2025 11:00;19,7
Stavanger - Våland;SN44640;16.07.2025 12:00;19,6
Stavanger - Våland;SN44640;16.07.2025 13:00;20,4
Stavanger - Våland;SN44640;16.07.2025 14:00;22,3
Stavanger - Våland;SN44640;16.07.2025 15:00;25
Stavanger - Våland;SN44640;16.07.2025 16:00;23,4
Stavanger - Våland;SN44640;16.07.2025 17:00;23,7
Stavanger - Våland;SN44640;16.07.2025 18:00;23,6
Stavanger - Våland;SN44640;16.07.2025 19:00;21,9
Stavanger - Våland;SN44640;16.07.2025 20:00;21,7
Stavanger - Våland;SN44640;16.07.2025 21:00;20,1
Stavanger - Våland;SN44640;16.07.2025 22:00;18,7
Stavanger - Våland;SN44640;16.07.2025 23:00;18,1
Stavanger - Våland;SN44640;17.07.2025 00:00;17,7
Stavanger - Våland;SN44640;17.07.2025 01:00;17,4
Stavanger - Våland;SN44640;17.07.2025 02:00;17,4
Stavanger - Våland;SN44640;17.07.2025 03:00;16,8
Stavanger - Våland;SN44640;17.07.2025 04:00;17,2
Stavanger - Våland;SN44640;17.07.2025 05:00;16,9
Stavanger - Våland;SN44640;17.07.2025 06:00;17,6
Stavanger - Våland;SN44640;17.07.2025 07:00;18,4
Stavanger - Våland;SN44640;17.07.2025 08:00;20,4
Stavanger - Våland;SN44640;17.07.2025 09:00;22,1
Stavanger - Våland;SN44640;17.07.2025 10:00;22,8
Stavanger - Våland;SN44640;17.07.2025 11:00;21,3
Stavanger - Våland;SN44640;17.07.2025 12:00;21,6
Stavanger - Våland;SN44640;17.07.2025 13:00;20,7
Stavanger - Våland;SN44640;17.07.2025 14:00;21
Stavanger - Våland;SN44640;17.07.2025 15:00;21,5
Stavanger - Våland;SN44640;17.07.2025 16:00;22,4
Stavanger - Våland;SN44640;17.07.2025 17:00;20,6
Stavanger - Våland;SN44640;17.07.2025 18:00;20,7
Stavanger - Våland;SN44640;17.07.2025 19:00;18,5
Stavanger - Våland;SN44640;17.07.2025 20:00;17,5
Stavanger - Våland;SN44640;17.07.2025 21:00;17,1
Stavanger - Våland;SN44640;17.07.2025 22:00;16,9
Stavanger - Våland;SN44640;17.07.2025 23:00;16,4
Stavanger - Våland;SN44640;18.07.2025 00:00;16,3
Stavanger - Våland;SN44640;18.07.2025 01:00;16,8
Stavanger - Våland;SN44640;18.07.2025 02:00;17,1
Stavanger - Våland;SN44640;18.07.2025 03:00;17,2
Stavanger - Våland;SN44640;18.07.2025 04:00;17,3
Stavanger - Våland;SN44640;18.07.2025 05:00;17,2
Stavanger - Våland;SN44640;18.07.2025 06:00;17,2
Stavanger - Våland;SN44640;18.07.2025 07:00;17,6
Stavanger - Våland;SN44640;18.07.2025 08:00;17,7
Stavanger - Våland;SN44640;18.07.2025 09:00;19,9
Stavanger - Våland;SN44640;18.07.2025 10:00;21,7
Stavanger - Våland;SN44640;18.07.2025 11:00;22,1
Stavanger - Våland;SN44640;18.07.2025 12:00;22,7
Stavanger - Våland;SN44640;18.07.2025 13:00;22,4
Stavanger - Våland;SN44640;18.07.2025 14:00;22,4
Stavanger - Våland;SN44640;18.07.2025 15:00;21,9
Stavanger - Våland;SN44640;18.07.2025 16:00;23,4
Stavanger - Våland;SN44640;18.07.2025 17:00;23,6
Stavanger - Våland;SN44640;18.07.2025 18:00;23,1
Stavanger - Våland;SN44640;18.07.2025 19:00;20,5
Stavanger - Våland;SN44640;18.07.2025 20:00;19,3
Stavanger - Våland;SN44640;18.07.2025 21:00;18,2
Stavanger - Våland;SN44640;18.07.2025 22:00;17,4
Stavanger - Våland;SN44640;18.07.2025 23:00;16,9
Stavanger - Våland;SN44640;19.07.2025 00:00;17,1
Stavanger - Våland;SN44640;19.07.2025 01:00;17,1
Stavanger - Våland;SN44640;19.07.2025 02:00;16,9
Stavanger - Våland;SN44640;19.07.2025 03:00;16,7
Stavanger - Våland;SN44640;19.07.2025 04:00;17
Stavanger - Våland;SN44640;19.07.2025 05:00;17,1
Stavanger - Våland;SN44640;19.07.2025 06:00;17,2
Stavanger - Våland;SN44640;19.07.2025 07:00;17,4
Stavanger - Våland;SN44640;19.07.2025 08:00;17,7
Stavanger - Våland;SN44640;19.07.2025 09:00;18,5
Stavanger - Våland;SN44640;19.07.2025 10:00;19,6
Stavanger - Våland;SN44640;19.07.2025 11:00;21,2
Stavanger - Våland;SN44640;19.07.2025 12:00;22,5
Stavanger - Våland;SN44640;19.07.2025 13:00;24
Stavanger - Våland;SN44640;19.07.2025 14:00;24,2
Stavanger - Våland;SN44640;19.07.2025 15:00;22,8
Stavanger - Våland;SN44640;19.07.2025 16:00;24,5
Stavanger - Våland;SN44640;19.07.2025 17:00;24,6
Stavanger - Våland;SN44640;19.07.2025 18:00;22,8
Stavanger - Våland;SN44640;19.07.2025 19:00;22,1
Stavanger - Våland;SN44640;19.07.2025 20:00;21,1
Stavanger - Våland;SN44640;19.07.2025 21:00;19,9
Stavanger - Våland;SN44640;19.07.2025 22:00;18,8
Stavanger - Våland;SN44640;19.07.2025 23:00;19,1
Stavanger - Våland;SN44640;20.07.2025 00:00;19,5
Stavanger - Våland;SN44640;20.07.2025 01:00;19,5
Stavanger - Våland;SN44640;20.07.2025 02:00;19,2
Stavanger - Våland;SN44640;20.07.2025 03:00;18,5
Stavanger - Våland;SN44640;20.07.2025 04:00;19
Stavanger - Våland;SN44640;20.07.2025 05:00;19,3
Stavanger - Våland;SN44640;20.07.2025 06:00;20,7
Stavanger - Våland;SN44640;20.07.2025 07:00;22,3
Stavanger - Våland;SN44640;20.07.2025 08:00;24
Stavanger - Våland;SN44640;20.07.2025 09:00;25,2
Stavanger - Våland;SN44640;20.07.2025 10:00;26,8
Stavanger - Våland;SN44640;20.07.2025 11:00;27,8
Stavanger - Våland;SN44640;20.07.2025 12:00;28,2
Stavanger - Våland;SN44640;20.07.2025 13:00;29,5
Stavanger - Våland;SN44640;20.07.2025 14:00;29
Stavanger - Våland;SN44640;20.07.2025 15:00;29,3
Stavanger - Våland;SN44640;20.07.2025 16:00;29,3
Stavanger - Våland;SN44640;20.07.2025 17:00;29,6
Stavanger - Våland;SN44640;20.07.2025 18:00;27,9
Stavanger - Våland;SN44640;20.07.2025 19:00;25,8
Stavanger - Våland;SN44640;20.07.2025 20:00;24
Stavanger - Våland;SN44640;20.07.2025 21:00;22,2
Stavanger - Våland;SN44640;20.07.2025 22:00;21,1
Stavanger - Våland;SN44640;20.07.2025 23:00;21,2
Stavanger - Våland;SN44640;21.07.2025 00:00;20,9
Stavanger - Våland;SN44640;21.07.2025 01:00;20,8
Stavanger - Våland;SN44640;21.07.2025 02:00;20,9
Stavanger - Våland;SN44640;21.07.2025 03:00;19,9
Stavanger - Våland;SN44640;21.07.2025 04:00;21,1
Stavanger - Våland;SN44640;21.07.2025 05:00;21,5
Stavanger - Våland;SN44640;21.07.2025 06:00;21,3
Stavanger - Våland;SN44640;21.07.2025 07:00;22,3
Stavanger - Våland;SN44640;21.07.2025 08:00;23,1
Stavanger - Våland;SN44640;21.07.2025 09:00;25,1
Stavanger - Våland;SN44640;21.07.2025 10:00;24
Stavanger - Våland;SN44640;21.07.2025 11:00;23,1
Stavanger - Våland;SN44640;21.07.2025 12:00;20,2
Stavanger - Våland;SN44640;21.07.2025 13:00;19,7
Stavanger - Våland;SN44640;21.07.2025 14:00;19,9
Stavanger - Våland;SN44640;21.07.2025 15:00;20,5
Stavanger - Våland;SN44640;21.07.2025 16:00;21,2
Stavanger - Våland;SN44640;21.07.2025 17:00;21,7
Stavanger - Våland;SN44640;21.07.2025 18:00;21,6
Stavanger - Våland;SN44640;21.07.2025 19:00;19,8
Stavanger - Våland;SN44640;21.07.2025 20:00;18,9
Stavanger - Våland;SN44640;21.07.2025 21:00;18,6
Stavanger - Våland;SN44640;21.07.2025 22:00;17,6
Stavanger - Våland;SN44640;21.07.2025 23:00;16,9
Stavanger - Våland;SN44640;22.07.2025 00:00;17,1
Stavanger - Våland;SN44640;22.07.2025 01:00;17,3
Stavanger - Våland;SN44640;22.07.2025 02:00;17
Stavanger - Våland;SN44640;22.07.2025 03:00;17,4
Stavanger - Våland;SN44640;22.07.2025 04:00;16,9
Stavanger - Våland;SN44640;22.07.2025 05:00;17,1
Stavanger - Våland;SN44640;22.07.2025 06:00;17,2
Stavanger - Våland;SN44640;22.07.2025 07:00;17
Stavanger - Våland;SN44640;22.07.2025 08:00;16,9
Stavanger - Våland;SN44640;22.07.2025 09:00;17,1
Stavanger - Våland;SN44640;22.07.2025 10:00;17,7
Stavanger - Våland;SN44640;22.07.2025 11:00;17,8
Stavanger - Våland;SN44640;22.07.2025 12:00;18,9
Stavanger - Våland;SN44640;22.07.2025 13:00;21,4
Stavanger - Våland;SN44640;22.07.2025 14:00;21,6
Stavanger - Våland;SN44640;22.07.2025 15:00;22,7
Stavanger - Våland;SN44640;22.07.2025 16:00;20,7
Stavanger - Våland;SN44640;22.07.2025 17:00;19,6
Stavanger - Våland;SN44640;22.07.2025 18:00;20,7
Stavanger - Våland;SN44640;22.07.2025 19:00;20,8
Stavanger - Våland;SN44640;22.07.2025 20:00;19,7
Stavanger - Våland;SN44640;22.07.2025 21:00;19
Stavanger - Våland;SN44640;22.07.2025 22:00;18,1
Stavanger - Våland;SN44640;22.07.2025 23:00;18,3
Stavanger - Våland;SN44640;23.07.2025 00:00;18
Stavanger - Våland;SN44640;23.07.2025 01:00;17,9
Stavanger - Våland;SN44640;23.07.2025 02:00;17,5
Stavanger - Våland;SN44640;23.07.2025 03:00;17,7
Stavanger - Våland;SN44640;23.07.2025 04:00;17,5
Stavanger - Våland;SN44640;23.07.2025 05:00;18
Stavanger - Våland;SN44640;23.07.2025 06:00;18,1
Stavanger - Våland;SN44640;23.07.2025 07:00;18,8
Stavanger - Våland;SN44640;23.07.2025 08:00;20
Stavanger - Våland;SN44640;23.07.2025 09:00;22,5
Stavanger - Våland;SN44640;23.07.2025 10:00;24,4
Stavanger - Våland;SN44640;23.07.2025 11:00;24,7
Stavanger - Våland;SN44640;23.07.2025 12:00;25,2
Stavanger - Våland;SN44640;23.07.2025 13:00;26,1
Stavanger - Våland;SN44640;23.07.2025 14:00;26,3
Stavanger - Våland;SN44640;23.07.2025 15:00;25,3
Stavanger - Våland;SN44640;23.07.2025 16:00;25,3
Stavanger - Våland;SN44640;23.07.2025 17:00;23,6
Stavanger - Våland;SN44640;23.07.2025 18:00;23,3
Stavanger - Våland;SN44640;23.07.2025 19:00;22,6
Stavanger - Våland;SN44640;23.07.2025 20:00;21
Stavanger - Våland;SN44640;23.07.2025 21:00;20
Stavanger - Våland;SN44640;23.07.2025 22:00;19,3
Stavanger - Våland;SN44640;23.07.2025 23:00;19
Stavanger - Våland;SN44640;24.07.2025 00:00;18,9
Stavanger - Våland;SN44640;24.07.2025 01:00;19,1
Stavanger - Våland;SN44640;24.07.2025 02:00;19,2
Stavanger - Våland;SN44640;24.07.2025 03:00;19,1
Stavanger - Våland;SN44640;24.07.2025 04:00;18,9
Stavanger - Våland;SN44640;24.07.2025 05:00;18,9
Stavanger - Våland;SN44640;24.07.2025 06:00;19,1
Stavanger - Våland;SN44640;24.07.2025 07:00;19,4
Stavanger - Våland;SN44640;24.07.2025 08:00;19,9
Stavanger - Våland;SN44640;24.07.2025 09:00;21
Stavanger - Våland;SN44640;24.07.2025 10:00;21,8
Stavanger - Våland;SN44640;24.07.2025 11:00;21,8
Stavanger - Våland;SN44640;24.07.2025 12:00;22,6
Stavanger - Våland;SN44640;24.07.2025 13:00;22,6
Stavanger - Våland;SN44640;24.07.2025 14:00;21,4
Stavanger - Våland;SN44640;24.07.2025 15:00;21,6
Stavanger - Våland;SN44640;24.07.2025 16:00;20,9
Stavanger - Våland;SN44640;24.07.2025 17:00;19,3
Stavanger - Våland;SN44640;24.07.2025 18:00;18,5
Stavanger - Våland;SN44640;24.07.2025 19:00;18,2
Stavanger - Våland;SN44640;24.07.2025 20:00;17,9
Stavanger - Våland;SN44640;24.07.2025 21:00;17,7
Stavanger - Våland;SN44640;24.07.2025 22:00;17,7
Stavanger - Våland;SN44640;24.07.2025 23:00;17,6
Stavanger - Våland;SN44640;25.07.2025 00:00;17,5
Stavanger - Våland;SN44640;25.07.2025 01:00;17,3
Stavanger - Våland;SN44640;25.07.2025 02:00;17,4
Stavanger - Våland;SN44640;25.07.2025 03:00;17,4
Stavanger - Våland;SN44640;25.07.2025 04:00;17,4
Stavanger - Våland;SN44640;25.07.2025 05:00;17,3
Stavanger - Våland;SN44640;25.07.2025 06:00;17,3
Stavanger - Våland;SN44640;25.07.2025 07:00;17,4
Stavanger - Våland;SN44640;25.07.2025 08:00;17,3
Stavanger - Våland;SN44640;25.07.2025 09:00;18,4
Stavanger - Våland;SN44640;25.07.2025 10:00;19,1
Stavanger - Våland;SN44640;25.07.2025 11:00;18,7
Stavanger - Våland;SN44640;25.07.2025 12:00;20,5
Stavanger - Våland;SN44640;25.07.2025 13:00;18,8
Stavanger - Våland;SN44640;25.07.2025 14:00;19,3
Stavanger - Våland;SN44640;25.07.2025 15:00;18,9
Stavanger - Våland;SN44640;25.07.2025 16:00;18,6
Stavanger - Våland;SN44640;25.07.2025 17:00;18,6
Stavanger - Våland;SN44640;25.07.2025 18:00;17,5
Stavanger - Våland;SN44640;25.07.2025 19:00;17,1
Stavanger - Våland;SN44640;25.07.2025 20:00;16,8
Stavanger - Våland;SN44640;25.07.2025 21:00;16,2
Stavanger - Våland;SN44640;25.07.2025 22:00;15,2
Stavanger - Våland;SN44640;25.07.2025 23:00;14,9
Stavanger - Våland;SN44640;26.07.2025 00:00;15
Stavanger - Våland;SN44640;26.07.2025 01:00;15,5
Stavanger - Våland;SN44640;26.07.2025 02:00;16
Stavanger - Våland;SN44640;26.07.2025 03:00;15,6
Stavanger - Våland;SN44640;26.07.2025 04:00;15,1
Stavanger - Våland;SN44640;26.07.2025 05:00;15
Stavanger - Våland;SN44640;26.07.2025 06:00;15
Stavanger - Våland;SN44640;26.07.2025 07:00;15,3
Stavanger - Våland;SN44640;26.07.2025 08:00;16,6
Stavanger - Våland;SN44640;26.07.2025 09:00;18,2
Stavanger - Våland;SN44640;26.07.2025 10:00;16,8
Stavanger - Våland;SN44640;26.07.2025 11:00;18,8
Stavanger - Våland;SN44640;26.07.2025 12:00;19,3
Stavanger - Våland;SN44640;26.07.2025 13:00;19,7
Stavanger - Våland;SN44640;26.07.2025 14:00;18,8
Stavanger - Våland;SN44640;26.07.2025 15:00;18,7
Stavanger - Våland;SN44640;26.07.2025 16:00;18,4
Stavanger - Våland;SN44640;26.07.2025 17:00;18,6
Stavanger - Våland;SN44640;26.07.2025 18:00;18,1
Stavanger - Våland;SN44640;26.07.2025 19:00;17,4
Stavanger - Våland;SN44640;26.07.2025 20:00;16,5
Stavanger - Våland;SN44640;26.07.2025 21:00;15,9
Stavanger - Våland;SN44640;26.07.2025 22:00;15,6
Stavanger - Våland;SN44640;26.07.2025 23:00;14,9
Stavanger - Våland;SN44640;27.07.2025 00:00;14,5
Stavanger - Våland;SN44640;27.07.2025 01:00;14,5
Stavanger - Våland;SN44640;27.07.2025 02:00;14,4
Stavanger - Våland;SN44640;27.07.2025 03:00;13,9
Stavanger - Våland;SN44640;27.07.2025 04:00;13,1
Stavanger - Våland;SN44640;27.07.2025 05:00;13,7
Stavanger - Våland;SN44640;27.07.2025 06:00;14,9
Stavanger - Våland;SN44640;27.07.2025 07:00;15,6
Stavanger - Våland;SN44640;27.07.2025 08:00;16
Stavanger - Våland;SN44640;27.07.2025 09:00;17,9
Stavanger - Våland;SN44640;27.07.2025 10:00;17,9
Stavanger - Våland;SN44640;27.07.2025 11:00;19
Stavanger - Våland;SN44640;27.07.2025 12:00;20
Stavanger - Våland;SN44640;27.07.2025 13:00;19,4
Stavanger - Våland;SN44640;27.07.2025 14:00;19,2
Stavanger - Våland;SN44640;27.07.2025 15:00;19,1
Stavanger - Våland;SN44640;27.07.2025 16:00;19,2
Stavanger - Våland;SN44640;27.07.2025 17:00;19,3
Stavanger - Våland;SN44640;27.07.2025 18:00;18,8
Stavanger - Våland;SN44640;27.07.2025 19:00;18,1
Stavanger - Våland;SN44640;27.07.2025 20:00;16,6
Stavanger - Våland;SN44640;27.07.2025 21:00;15,7
Stavanger - Våland;SN44640;27.07.2025 22:00;14,8
Stavanger - Våland;SN44640;27.07.2025 23:00;14,6
Stavanger - Våland;SN44640;28.07.2025 00:00;15,1
Stavanger - Våland;SN44640;28.07.2025 01:00;14,8
Stavanger - Våland;SN44640;28.07.2025 02:00;14,5
Stavanger - Våland;SN44640;28.07.2025 03:00;14,3
Stavanger - Våland;SN44640;28.07.2025 04:00;14,2
Stavanger - Våland;SN44640;28.07.2025 05:00;14,3
Stavanger - Våland;SN44640;28.07.2025 06:00;14,6
Stavanger - Våland;SN44640;28.07.2025 07:00;15,2
Stavanger - Våland;SN44640;28.07.2025 08:00;16,6
Stavanger - Våland;SN44640;28.07.2025 09:00;17,3
Stavanger - Våland;SN44640;28.07.2025 10:00;17,2
Stavanger - Våland;SN44640;28.07.2025 11:00;19,1
Stavanger - Våland;SN44640;28.07.2025 12:00;17,5
Stavanger - Våland;SN44640;28.07.2025 13:00;15,8
Stavanger - Våland;SN44640;28.07.2025 14:00;17,1
Stavanger - Våland;SN44640;28.07.2025 15:00;18,7
Stavanger - Våland;SN44640;28.07.2025 16:00;18,3
Stavanger - Våland;SN44640;28.07.2025 17:00;16,9
Stavanger - Våland;SN44640;28.07.2025 18:00;17,4
Stavanger - Våland;SN44640;28.07.2025 19:00;16,9
Stavanger - Våland;SN44640;28.07.2025 20:00;15,2
Stavanger - Våland;SN44640;28.07.2025 21:00;14,9
Stavanger - Våland;SN44640;28.07.2025 22:00;14,4
Stavanger - Våland;SN44640;28.07.2025 23:00;14,3
Stavanger - Våland;SN44640;29.07.2025 00:00;14,1
Stavanger - Våland;SN44640;29.07.2025 01:00;14,1
Stavanger - Våland;SN44640;29.07.2025 02:00;14,1
Stavanger - Våland;SN44640;29.07.2025 03:00;13,8
Stavanger - Våland;SN44640;29.07.2025 04:00;14,3
Stavanger - Våland;SN44640;29.07.2025 05:00;14
Stavanger - Våland;SN44640;29.07.2025 06:00;15,6
Stavanger - Våland;SN44640;29.07.2025 07:00;15,8
Stavanger - Våland;SN44640;29.07.2025 08:00;16
Stavanger - Våland;SN44640;29.07.2025 09:00;17,1
Stavanger - Våland;SN44640;29.07.2025 10:00;18
Stavanger - Våland;SN44640;29.07.2025 11:00;19,7
Stavanger - Våland;SN44640;29.07.2025 12:00;18,8
Stavanger - Våland;SN44640;29.07.2025 13:00;19,7
Stavanger - Våland;SN44640;29.07.2025 14:00;19,7
Stavanger - Våland;SN44640;29.07.2025 15:00;19,9
Stavanger - Våland;SN44640;29.07.2025 16:00;20,1
Stavanger - Våland;SN44640;29.07.2025 17:00;20,5
Stavanger - Våland;SN44640;29.07.2025 18:00;19,9
Stavanger - Våland;SN44640;29.07.2025 19:00;18,5
Stavanger - Våland;SN44640;29.07.2025 20:00;17,2
Stavanger - Våland;SN44640;29.07.2025 21:00;16,9
Stavanger - Våland;SN44640;29.07.2025 22:00;16,3
Stavanger - Våland;SN44640;29.07.2025 23:00;16,2
Stavanger - Våland;SN44640;30.07.2025 00:00;15,8
Stavanger - Våland;SN44640;30.07.2025 01:00;15,5
Stavanger - Våland;SN44640;30.07.2025 02:00;15,5
Stavanger - Våland;SN44640;30.07.2025 03:00;15
Stavanger - Våland;SN44640;30.07.2025 04:00;15,2
Stavanger - Våland;SN44640;30.07.2025 05:00;15,3
Stavanger - Våland;SN44640;30.07.2025 06:00;15,8
Stavanger - Våland;SN44640;30.07.2025 07:00;16,4
Stavanger - Våland;SN44640;30.07.2025 08:00;17,8
Stavanger - Våland;SN44640;30.07.2025 09:00;20,4
Stavanger - Våland;SN44640;30.07.2025 10:00;20,3
Stavanger - Våland;SN44640;30.07.2025 11:00;20,5
Stavanger - Våland;SN44640;30.07.2025 12:00;20,3
Stavanger - Våland;SN44640;30.07.2025 13:00;20,8
Stavanger - Våland;SN44640;30.07.2025 14:00;20,8
Stavanger - Våland;SN44640;30.07.2025 15:00;21,3
Stavanger - Våland;SN44640;30.07.2025 16:00;20
Stavanger - Våland;SN44640;30.07.2025 17:00;19,3
Stavanger - Våland;SN44640;30.07.2025 18:00;18,8
Stavanger - Våland;SN44640;30.07.2025 19:00;19,4
Stavanger - Våland;SN44640;30.07.2025 20:00;18,6
Stavanger - Våland;SN44640;30.07.2025 21:00;16,9
Stavanger - Våland;SN44640;30.07.2025 22:00;16,5
Stavanger - Våland;SN44640;30.07.2025 23:00;16,2
Stavanger - Våland;SN44640;31.07.2025 00:00;16,2
Stavanger - Våland;SN44640;31.07.2025 01:00;16
Stavanger - Våland;SN44640;31.07.2025 02:00;15,2
Stavanger - Våland;SN44640;31.07.2025 03:00;14,8
Stavanger - Våland;SN44640;31.07.2025 04:00;15
Stavanger - Våland;SN44640;31.07.2025 05:00;14,5
Stavanger - Våland;SN44640;31.07.2025 06:00;14,2
Stavanger - Våland;SN44640;31.07.2025 07:00;15,8
Stavanger - Våland;SN44640;31.07.2025 08:00;18,4
Stavanger - Våland;SN44640;31.07.2025 09:00;19,5
Stavanger - Våland;SN44640;31.07.2025 10:00;20,8
Stavanger - Våland;SN44640;31.07.2025 11:00;22
Stavanger - Våland;SN44640;31.07.2025 12:00;20,6
Stavanger - Våland;SN44640;31.07.2025 13:00;22,3
Stavanger - Våland;SN44640;31.07.2025 14:00;21,7
Stavanger - Våland;SN44640;31.07.2025 15:00;21,1
Stavanger - Våland;SN44640;31.07.2025 16:00;21,2
Stavanger - Våland;SN44640;31.07.2025 17:00;20
Stavanger - Våland;SN44640;31.07.2025 18:00;20,3
Stavanger - Våland;SN44640;31.07.2025 19:00;18,8
Stavanger - Våland;SN44640;31.07.2025 20:00;17,6
Stavanger - Våland;SN44640;31.07.2025 21:00;16,8
Stavanger - Våland;SN44640;31.07.2025 22:00;16,2
Stavanger - Våland;SN44640;31.07.2025 23:00;15,7
Stavanger - Våland;SN44640;01.08.2025 00:00;15,3
Stavanger - Våland;SN44640;01.08.2025 01:00;15,2
Stavanger - Våland;SN44640;01.08.2025 02:00;15,5
Stavanger - Våland;SN44640;01.08.2025 03:00;15,7
Stavanger - Våland;SN44640;01.08.2025 04:00;15,7
Stavanger - Våland;SN44640;01.08.2025 05:00;15,4
Stavanger - Våland;SN44640;01.08.2025 06:00;16
Stavanger - Våland;SN44640;01.08.2025 07:00;16,9
Stavanger - Våland;SN44640;01.08.2025 08:00;17,6
Stavanger - Våland;SN44640;01.08.2025 09:00;18,9
Stavanger - Våland;SN44640;01.08.2025 10:00;20,5
Stavanger - Våland;SN44640;01.08.2025 11:00;21
Stavanger - Våland;SN44640;01.08.2025 12:00;20,8
Stavanger - Våland;SN44640;01.08.2025 13:00;20,9
Stavanger - Våland;SN44640;01.08.2025 14:00;20,4
Stavanger - Våland;SN44640;01.08.2025 15:00;19,1
Stavanger - Våland;SN44640;01.08.2025 16:00;19,6
Stavanger - Våland;SN44640;01.08.2025 17:00;19,2
Stavanger - Våland;SN44640;01.08.2025 18:00;17,7
Stavanger - Våland;SN44640;01.08.2025 19:00;17,1
Stavanger - Våland;SN44640;01.08.2025 20:00;16,5
Stavanger - Våland;SN44640;01.08.2025 21:00;16,1
Stavanger - Våland;SN44640;01.08.2025 22:00;15,8
Stavanger - Våland;SN44640;01.08.2025 23:00;15,5
Stavanger - Våland;SN44640;02.08.2025 00:00;15,3
Stavanger - Våland;SN44640;02.08.2025 01:00;15,2
Stavanger - Våland;SN44640;02.08.2025 02:00;15,2
Stavanger - Våland;SN44640;02.08.2025 03:00;15,1
Stavanger - Våland;SN44640;02.08.2025 04:00;15,2
Stavanger - Våland;SN44640;02.08.2025 05:00;15,2
Stavanger - Våland;SN44640;02.08.2025 06:00;15,5
Stavanger - Våland;SN44640;02.08.2025 07:00;16
Stavanger - Våland;SN44640;02.08.2025 08:00;16
Stavanger - Våland;SN44640;02.08.2025 09:00;16,1
Stavanger - Våland;SN44640;02.08.2025 10:00;16,8
Stavanger - Våland;SN44640;02.08.2025 11:00;17,4
Stavanger - Våland;SN44640;02.08.2025 12:00;18,1
Stavanger - Våland;SN44640;02.08.2025 13:00;19,1
Stavanger - Våland;SN44640;02.08.2025 14:00;19,2
Stavanger - Våland;SN44640;02.08.2025 15:00;18,7
Stavanger - Våland;SN44640;02.08.2025 16:00;19
Stavanger - Våland;SN44640;02.08.2025 17:00;16,7
Stavanger - Våland;SN44640;02.08.2025 18:00;17,1
Stavanger - Våland;SN44640;02.08.2025 19:00;16,3
Stavanger - Våland;SN44640;02.08.2025 20:00;16,3
Stavanger - Våland;SN44640;02.08.2025 21:00;15,7
Stavanger - Våland;SN44640;02.08.2025 22:00;15,3
Stavanger - Våland;SN44640;02.08.2025 23:00;15,2
Stavanger - Våland;SN44640;03.08.2025 00:00;15,3
Stavanger - Våland;SN44640;03.08.2025 01:00;15,4
Stavanger - Våland;SN44640;03.08.2025 02:00;15,3
Stavanger - Våland;SN44640;03.08.2025 03:00;15,3
Stavanger - Våland;SN44640;03.08.2025 04:00;15,4
Stavanger - Våland;SN44640;03.08.2025 05:00;15,4
Stavanger - Våland;SN44640;03.08.2025 06:00;15,4
Stavanger - Våland;SN44640;03.08.2025 07:00;15,4
Stavanger - Våland;SN44640;03.08.2025 08:00;15,3
Stavanger - Våland;SN44640;03.08.2025 09:00;15,2
Stavanger - Våland;SN44640;03.08.2025 10:00;15,2
Stavanger - Våland;SN44640;03.08.2025 11:00;15,4
Stavanger - Våland;SN44640;03.08.2025 12:00;15,9
Stavanger - Våland;SN44640;03.08.2025 13:00;16,9
Stavanger - Våland;SN44640;03.08.2025 14:00;17
Stavanger - Våland;SN44640;03.08.2025 15:00;16,9
Stavanger - Våland;SN44640;03.08.2025 16:00;16,4
Stavanger - Våland;SN44640;03.08.2025 17:00;15,4
Stavanger - Våland;SN44640;03.08.2025 18:00;13,8
Stavanger - Våland;SN44640;03.08.2025 19:00;13,6
Stavanger - Våland;SN44640;03.08.2025 20:00;13,3
Stavanger - Våland;SN44640;03.08.2025 21:00;13
Stavanger - Våland;SN44640;03.08.2025 22:00;13
Stavanger - Våland;SN44640;03.08.2025 23:00;13,2
Stavanger - Våland;SN44640;04.08.2025 00:00;13,3
Stavanger - Våland;SN44640;04.08.2025 01:00;13,6
Stavanger - Våland;SN44640;04.08.2025 02:00;13,9
Stavanger - Våland;SN44640;04.08.2025 03:00;13,8
Stavanger - Våland;SN44640;04.08.2025 04:00;13,8
Stavanger - Våland;SN44640;04.08.2025 05:00;13,8
Stavanger - Våland;SN44640;04.08.2025 06:00;13,9
Stavanger - Våland;SN44640;04.08.2025 07:00;14
Stavanger - Våland;SN44640;04.08.2025 08:00;15,6
Stavanger - Våland;SN44640;04.08.2025 09:00;16
Stavanger - Våland;SN44640;04.08.2025 10:00;17
Stavanger - Våland;SN44640;04.08.2025 11:00;19
Stavanger - Våland;SN44640;04.08.2025 12:00;17,2
Stavanger - Våland;SN44640;04.08.2025 13:00;17,1
Stavanger - Våland;SN44640;04.08.2025 14:00;16,3
Stavanger - Våland;SN44640;04.08.2025 15:00;14,3
Stavanger - Våland;SN44640;04.08.2025 16:00;14,3
Stavanger - Våland;SN44640;04.08.2025 17:00;13,8
Stavanger - Våland;SN44640;04.08.2025 18:00;14
Stavanger - Våland;SN44640;04.08.2025 19:00;15,4
Stavanger - Våland;SN44640;04.08.2025 20:00;15
Stavanger - Våland;SN44640;04.08.2025 21:00;14
Stavanger - Våland;SN44640;04.08.2025 22:00;14
Stavanger - Våland;SN44640;04.08.2025 23:00;12,7
Stavanger - Våland;SN44640;05.08.2025 00:00;12,4
Stavanger - Våland;SN44640;05.08.2025 01:00;12,4
Stavanger - Våland;SN44640;05.08.2025 02:00;12,4
Stavanger - Våland;SN44640;05.08.2025 03:00;12,5
Stavanger - Våland;SN44640;05.08.2025 04:00;12,4
Stavanger - Våland;SN44640;05.08.2025 05:00;12,2
Stavanger - Våland;SN44640;05.08.2025 06:00;12,4
Stavanger - Våland;SN44640;05.08.2025 07:00;12,8
Stavanger - Våland;SN44640;05.08.2025 08:00;12,9
Stavanger - Våland;SN44640;05.08.2025 09:00;13
Stavanger - Våland;SN44640;05.08.2025 10:00;13
Stavanger - Våland;SN44640;05.08.2025 11:00;13
Stavanger - Våland;SN44640;05.08.2025 12:00;12,8
Stavanger - Våland;SN44640;05.08.2025 13:00;12,9
Stavanger - Våland;SN44640;05.08.2025 14:00;12,8
Stavanger - Våland;SN44640;05.08.2025 15:00;12
Stavanger - Våland;SN44640;05.08.2025 16:00;13
Stavanger - Våland;SN44640;05.08.2025 17:00;13,3
Stavanger - Våland;SN44640;05.08.2025 18:00;11,5
Stavanger - Våland;SN44640;05.08.2025 19:00;12,1
Stavanger - Våland;SN44640;05.08.2025 20:00;13
Stavanger - Våland;SN44640;05.08.2025 21:00;12,8
Stavanger - Våland;SN44640;05.08.2025 22:00;13,2
Stavanger - Våland;SN44640;05.08.2025 23:00;13,1
Stavanger - Våland;SN44640;06.08.2025 00:00;13,1
Stavanger - Våland;SN44640;06.08.2025 01:00;12
Stavanger - Våland;SN44640;06.08.2025 02:00;13,1
Stavanger - Våland;SN44640;06.08.2025 03:00;13,2
Stavanger - Våland;SN44640;06.08.2025 04:00;12,8
Stavanger - Våland;SN44640;06.08.2025 05:00;13
Stavanger - Våland;SN44640;06.08.2025 06:00;12,7
Stavanger - Våland;SN44640;06.08.2025 07:00;13,3
Stavanger - Våland;SN44640;06.08.2025 08:00;13,5
Stavanger - Våland;SN44640;06.08.2025 09:00;12,9
Stavanger - Våland;SN44640;06.08.2025 10:00;13,1
Stavanger - Våland;SN44640;06.08.2025 11:00;13,6
Stavanger - Våland;SN44640;06.08.2025 12:00;15
Stavanger - Våland;SN44640;06.08.2025 13:00;13,8
Stavanger - Våland;SN44640;06.08.2025 14:00;14,6
Stavanger - Våland;SN44640;06.08.2025 15:00;14
Stavanger - Våland;SN44640;06.08.2025 16:00;15
Stavanger - Våland;SN44640;06.08.2025 17:00;14,2
Stavanger - Våland;SN44640;06.08.2025 18:00;14,4
Stavanger - Våland;SN44640;06.08.2025 19:00;13,9
Stavanger - Våland;SN44640;06.08.2025 20:00;13,3
Stavanger - Våland;SN44640;06.08.2025 21:00;13,1
Stavanger - Våland;SN44640;06.08.2025 22:00;13,1
Stavanger - Våland;SN44640;06.08.2025 23:00;12,5
Stavanger - Våland;SN44640;07.08.2025 00:00;12,7
Stavanger - Våland;SN44640;07.08.2025 01:00;13,3
Stavanger - Våland;SN44640;07.08.2025 02:00;13,2
Stavanger - Våland;SN44640;07.08.2025 03:00;12,6
Stavanger - Våland;SN44640;07.08.2025 04:00;11,7
Stavanger - Våland;SN44640;07.08.2025 05:00;11,6
Stavanger - Våland;SN44640;07.08.2025 06:00;12,1
Stavanger - Våland;SN44640;07.08.2025 07:00;12,8
Stavanger - Våland;SN44640;07.08.2025 08:00;13,2
Stavanger - Våland;SN44640;07.08.2025 09:00;13,9
Stavanger - Våland;SN44640;07.08.2025 10:00;13,6
Stavanger - Våland;SN44640;07.08.2025 11:00;14,6
Stavanger - Våland;SN44640;07.08.2025 12:00;16
Stavanger - Våland;SN44640;07.08.2025 13:00;17,2
Stavanger - Våland;SN44640;07.08.2025 14:00;16,9
Stavanger - Våland;SN44640;07.08.2025 15:00;16,8
Stavanger - Våland;SN44640;07.08.2025 16:00;16,5
Stavanger - Våland;SN44640;07.08.2025 17:00;16,1
Stavanger - Våland;SN44640;07.08.2025 18:00;16
Stavanger - Våland;SN44640;07.08.2025 19:00;15,6
Stavanger - Våland;SN44640;07.08.2025 20:00;15,3
Stavanger - Våland;SN44640;07.08.2025 21:00;14,8
Stavanger - Våland;SN44640;07.08.2025 22:00;14,8
Stavanger - Våland;SN44640;07.08.2025 23:00;14,9
Stavanger - Våland;SN44640;08.08.2025 00:00;14,5
Stavanger - Våland;SN44640;08.08.2025 01:00;13,9
Stavanger - Våland;SN44640;08.08.2025 02:00;13,9
Stavanger - Våland;SN44640;08.08.2025 03:00;13,8
Stavanger - Våland;SN44640;08.08.2025 04:00;13,7
Stavanger - Våland;SN44640;08.08.2025 05:00;13,5
Stavanger - Våland;SN44640;08.08.2025 06:00;13,8
Stavanger - Våland;SN44640;08.08.2025 07:00;14,7
Stavanger - Våland;SN44640;08.08.2025 08:00;14,8
Stavanger - Våland;SN44640;08.08.2025 09:00;16,2
Stavanger - Våland;SN44640;08.08.2025 10:00;16,5
Stavanger - Våland;SN44640;08.08.2025 11:00;16,1
Stavanger - Våland;SN44640;08.08.2025 12:00;16,8
Stavanger - Våland;SN44640;08.08.2025 13:00;16,9
Stavanger - Våland;SN44640;08.08.2025 14:00;16,7
Stavanger - Våland;SN44640;08.08.2025 15:00;16,7
Stavanger - Våland;SN44640;08.08.2025 16:00;15,4
Stavanger - Våland;SN44640;08.08.2025 17:00;15
Stavanger - Våland;SN44640;08.08.2025 18:00;14,4
Stavanger - Våland;SN44640;08.08.2025 19:00;14,4
Stavanger - Våland;SN44640;08.08.2025 20:00;14,4
Stavanger - Våland;SN44640;08.08.2025 21:00;14,1
Stavanger - Våland;SN44640;08.08.2025 22:00;13,9
Stavanger - Våland;SN44640;08.08.2025 23:00;13,6
Stavanger - Våland;SN44640;09.08.2025 00:00;14,1
Stavanger - Våland;SN44640;09.08.2025 01:00;13,7
Stavanger - Våland;SN44640;09.08.2025 02:00;13,6
Stavanger - Våland;SN44640;09.08.2025 03:00;13,6
Stavanger - Våland;SN44640;09.08.2025 04:00;14
Stavanger - Våland;SN44640;09.08.2025 05:00;14,4
Stavanger - Våland;SN44640;09.08.2025 06:00;14,8
Stavanger - Våland;SN44640;09.08.2025 07:00;15,2
Stavanger - Våland;SN44640;09.08.2025 08:00;15,5
Stavanger - Våland;SN44640;09.08.2025 09:00;16
Stavanger - Våland;SN44640;09.08.2025 10:00;16,7
Stavanger - Våland;SN44640;09.08.2025 11:00;17,2
Stavanger - Våland;SN44640;09.08.2025 12:00;17,2
Stavanger - Våland;SN44640;09.08.2025 13:00;18,6
Stavanger - Våland;SN44640;09.08.2025 14:00;17,3
Stavanger - Våland;SN44640;09.08.2025 15:00;16
Stavanger - Våland;SN44640;09.08.2025 16:00;15
Stavanger - Våland;SN44640;09.08.2025 17:00;13,7
Stavanger - Våland;SN44640;09.08.2025 18:00;14,9
Stavanger - Våland;SN44640;09.08.2025 19:00;14,7
Stavanger - Våland;SN44640;09.08.2025 20:00;14,3
Stavanger - Våland;SN44640;09.08.2025 21:00;13,6
Stavanger - Våland;SN44640;09.08.2025 22:00;13,5
Stavanger - Våland;SN44640;09.08.2025 23:00;13,9
Stavanger - Våland;SN44640;10.08.2025 00:00;14
Stavanger - Våland;SN44640;10.08.2025 01:00;14,1
Stavanger - Våland;SN44640;10.08.2025 02:00;13,4
Stavanger - Våland;SN44640;10.08.2025 03:00;13,2
Stavanger - Våland;SN44640;10.08.2025 04:00;12,4
Stavanger - Våland;SN44640;10.08.2025 05:00;12,6
Stavanger - Våland;SN44640;10.08.2025 06:00;12,9
Stavanger - Våland;SN44640;10.08.2025 07:00;13,9
Stavanger - Våland;SN44640;10.08.2025 08:00;14,6
Stavanger - Våland;SN44640;10.08.2025 09:00;14,9
Stavanger - Våland;SN44640;10.08.2025 10:00;15,5
Stavanger - Våland;SN44640;10.08.2025 11:00;15,4
Stavanger - Våland;SN44640;10.08.2025 12:00;16,1
Stavanger - Våland;SN44640;10.08.2025 13:00;16
Stavanger - Våland;SN44640;10.08.2025 14:00;15,5
Stavanger - Våland;SN44640;10.08.2025 15:00;15,7
Stavanger - Våland;SN44640;10.08.2025 16:00;15,1
Stavanger - Våland;SN44640;10.08.2025 17:00;14,8
Stavanger - Våland;SN44640;10.08.2025 18:00;14,7
Stavanger - Våland;SN44640;10.08.2025 19:00;14,1
Stavanger - Våland;SN44640;10.08.2025 20:00;13,7
Stavanger - Våland;SN44640;10.08.2025 21:00;12,3
Stavanger - Våland;SN44640;10.08.2025 22:00;11,8
Stavanger - Våland;SN44640;10.08.2025 23:00;11,9
Stavanger - Våland;SN44640;11.08.2025 00:00;11,9
Stavanger - Våland;SN44640;11.08.2025 01:00;11,9
Stavanger - Våland;SN44640;11.08.2025 02:00;12,3
Stavanger - Våland;SN44640;11.08.2025 03:00;12,2
Stavanger - Våland;SN44640;11.08.2025 04:00;12,3
Stavanger - Våland;SN44640;11.08.2025 05:00;12,3
Stavanger - Våland;SN44640;11.08.2025 06:00;13
Stavanger - Våland;SN44640;11.08.2025 07:00;13,5
Stavanger - Våland;SN44640;11.08.2025 08:00;13,9
Stavanger - Våland;SN44640;11.08.2025 09:00;13,6
Stavanger - Våland;SN44640;11.08.2025 10:00;13,4
Stavanger - Våland;SN44640;11.08.2025 11:00;14,1
Stavanger - Våland;SN44640;11.08.2025 12:00;16
Stavanger - Våland;SN44640;11.08.2025 13:00;16,3
Stavanger - Våland;SN44640;11.08.2025 14:00;15,6
Stavanger - Våland;SN44640;11.08.2025 15:00;15,4
Stavanger - Våland;SN44640;11.08.2025 16:00;15,3
Stavanger - Våland;SN44640;11.08.2025 17:00;15,1
Stavanger - Våland;SN44640;11.08.2025 18:00;14,8
Stavanger - Våland;SN44640;11.08.2025 19:00;14,5
Stavanger - Våland;SN44640;11.08.2025 20:00;14,4
Stavanger - Våland;SN44640;11.08.2025 21:00;14
Stavanger - Våland;SN44640;11.08.2025 22:00;13,6
Stavanger - Våland;SN44640;11.08.2025 23:00;13,1
Stavanger - Våland;SN44640;12.08.2025 00:00;11,5
Stavanger - Våland;SN44640;12.08.2025 01:00;12,1
Stavanger - Våland;SN44640;12.08.2025 02:00;11,4
Stavanger - Våland;SN44640;12.08.2025 03:00;11,8
Stavanger - Våland;SN44640;12.08.2025 04:00;10,4
Stavanger - Våland;SN44640;12.08.2025 05:00;11
Stavanger - Våland;SN44640;12.08.2025 06:00;10,9
Stavanger - Våland;SN44640;12.08.2025 07:00;12,9
Stavanger - Våland;SN44640;12.08.2025 08:00;13,2
Stavanger - Våland;SN44640;12.08.2025 09:00;13,6
Stavanger - Våland;SN44640;12.08.2025 10:00;15,6
Stavanger - Våland;SN44640;12.08.2025 11:00;15,8
Stavanger - Våland;SN44640;12.08.2025 12:00;16,6
Stavanger - Våland;SN44640;12.08.2025 13:00;17
Stavanger - Våland;SN44640;12.08.2025 14:00;17,4
Stavanger - Våland;SN44640;12.08.2025 15:00;16,7
Stavanger - Våland;SN44640;12.08.2025 16:00;15,6
Stavanger - Våland;SN44640;12.08.2025 17:00;15,5
Stavanger - Våland;SN44640;12.08.2025 18:00;15,7
Stavanger - Våland;SN44640;12.08.2025 19:00;15,8
Stavanger - Våland;SN44640;12.08.2025 20:00;15,6
Stavanger - Våland;SN44640;12.08.2025 21:00;15,4
Stavanger - Våland;SN44640;12.08.2025 22:00;15,3
Stavanger - Våland;SN44640;12.08.2025 23:00;15,4
Stavanger - Våland;SN44640;13.08.2025 00:00;14,9
Stavanger - Våland;SN44640;13.08.2025 01:00;15,2
Stavanger - Våland;SN44640;13.08.2025 02:00;14,8
Stavanger - Våland;SN44640;13.08.2025 03:00;15,2
Stavanger - Våland;SN44640;13.08.2025 04:00;15,2
Stavanger - Våland;SN44640;13.08.2025 05:00;14,5
Stavanger - Våland;SN44640;13.08.2025 06:00;14,5
Stavanger - Våland;SN44640;13.08.2025 07:00;16
Stavanger - Våland;SN44640;13.08.2025 08:00;18,4
Stavanger - Våland;SN44640;13.08.2025 09:00;20,2
Stavanger - Våland;SN44640;13.08.2025 10:00;19,3
Stavanger - Våland;SN44640;13.08.2025 11:00;21,5
Stavanger - Våland;SN44640;13.08.2025 12:00;21,1
Stavanger - Våland;SN44640;13.08.2025 13:00;21,1
Stavanger - Våland;SN44640;13.08.2025 14:00;23
Stavanger - Våland;SN44640;13.08.2025 15:00;22,6
Stavanger - Våland;SN44640;13.08.2025 16:00;22,8
Stavanger - Våland;SN44640;13.08.2025 17:00;22,1
Stavanger - Våland;SN44640;13.08.2025 18:00;21
Stavanger - Våland;SN44640;13.08.2025 19:00;19,8
Stavanger - Våland;SN44640;13.08.2025 20:00;18,4
Stavanger - Våland;SN44640;13.08.2025 21:00;17,7
Stavanger - Våland;SN44640;13.08.2025 22:00;17,8
Stavanger - Våland;SN44640;13.08.2025 23:00;18,2
Stavanger - Våland;SN44640;14.08.2025 00:00;18,7
Stavanger - Våland;SN44640;14.08.2025 01:00;19,4
Stavanger - Våland;SN44640;14.08.2025 02:00;19,3
Stavanger - Våland;SN44640;14.08.2025 03:00;19,5
Stavanger - Våland;SN44640;14.08.2025 04:00;19,3
Stavanger - Våland;SN44640;14.08.2025 05:00;19
Stavanger - Våland;SN44640;14.08.2025 06:00;19,6
Stavanger - Våland;SN44640;14.08.2025 07:00;21
Stavanger - Våland;SN44640;14.08.2025 08:00;22,6
Stavanger - Våland;SN44640;14.08.2025 09:00;23,2
Stavanger - Våland;SN44640;14.08.2025 10:00;23,7
Stavanger - Våland;SN44640;14.08.2025 11:00;25,7
Stavanger - Våland;SN44640;14.08.2025 12:00;24,2
Stavanger - Våland;SN44640;14.08.2025 13:00;24,2
Stavanger - Våland;SN44640;14.08.2025 14:00;23,2
Stavanger - Våland;SN44640;14.08.2025 15:00;19,8
Stavanger - Våland;SN44640;14.08.2025 16:00;18
Stavanger - Våland;SN44640;14.08.2025 17:00;18
Stavanger - Våland;SN44640;14.08.2025 18:00;17,3
Stavanger - Våland;SN44640;14.08.2025 19:00;16,8
Stavanger - Våland;SN44640;14.08.2025 20:00;16,9
Stavanger - Våland;SN44640;14.08.2025 21:00;17,7
Stavanger - Våland;SN44640;14.08.2025 22:00;18,6
Stavanger - Våland;SN44640;14.08.2025 23:00;18,7
Stavanger - Våland;SN44640;15.08.2025 00:00;18,5
Stavanger - Våland;SN44640;15.08.2025 01:00;18,1
Stavanger - Våland;SN44640;15.08.2025 02:00;17,7
Stavanger - Våland;SN44640;15.08.2025 03:00;17,1
Stavanger - Våland;SN44640;15.08.2025 04:00;16,7
Stavanger - Våland;SN44640;15.08.2025 05:00;16,6
Stavanger - Våland;SN44640;15.08.2025 06:00;16,6
Stavanger - Våland;SN44640;15.08.2025 07:00;16,1
Stavanger - Våland;SN44640;15.08.2025 08:00;16,2
Stavanger - Våland;SN44640;15.08.2025 09:00;15,9
Stavanger - Våland;SN44640;15.08.2025 10:00;15,6
Stavanger - Våland;SN44640;15.08.2025 11:00;15
Stavanger - Våland;SN44640;15.08.2025 12:00;15,4
Stavanger - Våland;SN44640;15.08.2025 13:00;15,9
Stavanger - Våland;SN44640;15.08.2025 14:00;15,6
Stavanger - Våland;SN44640;15.08.2025 15:00;15,4
Stavanger - Våland;SN44640;15.08.2025 16:00;16,6
Stavanger - Våland;SN44640;15.08.2025 17:00;16,4
Stavanger - Våland;SN44640;15.08.2025 18:00;15,4
Stavanger - Våland;SN44640;15.08.2025 19:00;14,5
Stavanger - Våland;SN44640;15.08.2025 20:00;13,1
Stavanger - Våland;SN44640;15.08.2025 21:00;12,2
Stavanger - Våland;SN44640;15.08.2025 22:00;12,1
Stavanger - Våland;SN44640;15.08.2025 23:00;11,8
Stavanger - Våland;SN44640;16.08.2025 00:00;11,4
Stavanger - Våland;SN44640;16.08.2025 01:00;11,2
Stavanger - Våland;SN44640;16.08.2025 02:00;11,3
Stavanger - Våland;SN44640;16.08.2025 03:00;11
Stavanger - Våland;SN44640;16.08.2025 04:00;10,8
Stavanger - Våland;SN44640;16.08.2025 05:00;11
Stavanger - Våland;SN44640;16.08.2025 06:00;11,6
Stavanger - Våland;SN44640;16.08.2025 07:00;12,5
Stavanger - Våland;SN44640;16.08.2025 08:00;13,5
Stavanger - Våland;SN44640;16.08.2025 09:00;14,3
Stavanger - Våland;SN44640;16.08.2025 10:00;15,3
Stavanger - Våland;SN44640;16.08.2025 11:00;16
Stavanger - Våland;SN44640;16.08.2025 12:00;15,9
Stavanger - Våland;SN44640;16.08.2025 13:00;16,3
Stavanger - Våland;SN44640;16.08.2025 14:00;16,8
Stavanger - Våland;SN44640;16.08.2025 15:00;16,7
Stavanger - Våland;SN44640;16.08.2025 16:00;16,4
Stavanger - Våland;SN44640;16.08.2025 17:00;15,9
Stavanger - Våland;SN44640;16.08.2025 18:00;15,7
Stavanger - Våland;SN44640;16.08.2025 19:00;13,8
Stavanger - Våland;SN44640;16.08.2025 20:00;13,9
Stavanger - Våland;SN44640;16.08.2025 21:00;13,8
Stavanger - Våland;SN44640;16.08.2025 22:00;13,8
Stavanger - Våland;SN44640;16.08.2025 23:00;13,7
Stavanger - Våland;SN44640;17.08.2025 00:00;13,2
Stavanger - Våland;SN44640;17.08.2025 01:00;12,9
Stavanger - Våland;SN44640;17.08.2025 02:00;12,6
Stavanger - Våland;SN44640;17.08.2025 03:00;12,4
Stavanger - Våland;SN44640;17.08.2025 04:00;12,3
Stavanger - Våland;SN44640;17.08.2025 05:00;12
Stavanger - Våland;SN44640;17.08.2025 06:00;12,1
Stavanger - Våland;SN44640;17.08.2025 07:00;13,4
Stavanger - Våland;SN44640;17.08.2025 08:00;14,5
Stavanger - Våland;SN44640;17.08.2025 09:00;15,9
Stavanger - Våland;SN44640;17.08.2025 10:00;16,6
Stavanger - Våland;SN44640;17.08.2025 11:00;17,8
Stavanger - Våland;SN44640;17.08.2025 12:00;19,4
Stavanger - Våland;SN44640;17.08.2025 13:00;20,1
Stavanger - Våland;SN44640;17.08.2025 14:00;20,8
Stavanger - Våland;SN44640;17.08.2025 15:00;20,1
Stavanger - Våland;SN44640;17.08.2025 16:00;19,6
Stavanger - Våland;SN44640;17.08.2025 17:00;19,1
Stavanger - Våland;SN44640;17.08.2025 18:00;18,3
Stavanger - Våland;SN44640;17.08.2025 19:00;16,2
Stavanger - Våland;SN44640;17.08.2025 20:00;14,8
Stavanger - Våland;SN44640;17.08.2025 21:00;14,2
Stavanger - Våland;SN44640;17.08.2025 22:00;13,9
Stavanger - Våland;SN44640;17.08.2025 23:00;13,7
Stavanger - Våland;SN44640;18.08.2025 00:00;13,4
Stavanger - Våland;SN44640;18.08.2025 01:00;13,2
Stavanger - Våland;SN44640;18.08.2025 02:00;13,7
Stavanger - Våland;SN44640;18.08.2025 03:00;13,7
Stavanger - Våland;SN44640;18.08.2025 04:00;13,7
Stavanger - Våland;SN44640;18.08.2025 05:00;13,6
Stavanger - Våland;SN44640;18.08.2025 06:00;13,6
Stavanger - Våland;SN44640;18.08.2025 07:00;13,7
Stavanger - Våland;SN44640;18.08.2025 08:00;14
Stavanger - Våland;SN44640;18.08.2025 09:00;14,1
Stavanger - Våland;SN44640;18.08.2025 10:00;14,3
Stavanger - Våland;SN44640;18.08.2025 11:00;14,2
Stavanger - Våland;SN44640;18.08.2025 12:00;14,6
Stavanger - Våland;SN44640;18.08.2025 13:00;15,1
Stavanger - Våland;SN44640;18.08.2025 14:00;15,8
Stavanger - Våland;SN44640;18.08.2025 15:00;16,3
Stavanger - Våland;SN44640;18.08.2025 16:00;17,2
Stavanger - Våland;SN44640;18.08.2025 17:00;17,4
Stavanger - Våland;SN44640;18.08.2025 18:00;16,5
Stavanger - Våland;SN44640;18.08.2025 19:00;14,6
Stavanger - Våland;SN44640;18.08.2025 20:00;13,6
Stavanger - Våland;SN44640;18.08.2025 21:00;12,7
Stavanger - Våland;SN44640;18.08.2025 22:00;12,6
Stavanger - Våland;SN44640;18.08.2025 23:00;12,2
Stavanger - Våland;SN44640;19.08.2025 00:00;11,7
Stavanger - Våland;SN44640;19.08.2025 01:00;11,4
Stavanger - Våland;SN44640;19.08.2025 02:00;11,1
Stavanger - Våland;SN44640;19.08.2025 03:00;11,1
Stavanger - Våland;SN44640;19.08.2025 04:00;11,1
Stavanger - Våland;SN44640;19.08.2025 05:00;11,1
Stavanger - Våland;SN44640;19.08.2025 06:00;11,4
Stavanger - Våland;SN44640;19.08.2025 07:00;12,3
Stavanger - Våland;SN44640;19.08.2025 08:00;14,1
Stavanger - Våland;SN44640;19.08.2025 09:00;15,2
Stavanger - Våland;SN44640;19.08.2025 10:00;16,1
Stavanger - Våland;SN44640;19.08.2025 11:00;17,5
Stavanger - Våland;SN44640;19.08.2025 12:00;17,7
Stavanger - Våland;SN44640;19.08.2025 13:00;18,1
Stavanger - Våland;SN44640;19.08.2025 14:00;18,9
Stavanger - Våland;SN44640;19.08.2025 15:00;19
Stavanger - Våland;SN44640;19.08.2025 16:00;18,4
Stavanger - Våland;SN44640;19.08.2025 17:00;18,6
Stavanger - Våland;SN44640;19.08.2025 18:00;18,1
Stavanger - Våland;SN44640;19.08.2025 19:00;16,5
Stavanger - Våland;SN44640;19.08.2025 20:00;14,8
Stavanger - Våland;SN44640;19.08.2025 21:00;14,9
Stavanger - Våland;SN44640;19.08.2025 22:00;14,7
Stavanger - Våland;SN44640;19.08.2025 23:00;14,3
Stavanger - Våland;SN44640;20.08.2025 00:00;14,2
Stavanger - Våland;SN44640;20.08.2025 01:00;13,5
Stavanger - Våland;SN44640;20.08.2025 02:00;13,1
Stavanger - Våland;SN44640;20.08.2025 03:00;14
Stavanger - Våland;SN44640;20.08.2025 04:00;13,5
Stavanger - Våland;SN44640;20.08.2025 05:00;13
Stavanger - Våland;SN44640;20.08.2025 06:00;13
Stavanger - Våland;SN44640;20.08.2025 07:00;14,4
Stavanger - Våland;SN44640;20.08.2025 08:00;14,8
Stavanger - Våland;SN44640;20.08.2025 09:00;15,3
Stavanger - Våland;SN44640;20.08.2025 10:00;15,2
Stavanger - Våland;SN44640;20.08.2025 11:00;15,3
Stavanger - Våland;SN44640;20.08.2025 12:00;15
Stavanger - Våland;SN44640;20.08.2025 13:00;15,3
Stavanger - Våland;SN44640;20.08.2025 14:00;16,7
Stavanger - Våland;SN44640;20.08.2025 15:00;15,8
Stavanger - Våland;SN44640;20.08.2025 16:00;15,2
Stavanger - Våland;SN44640;20.08.2025 17:00;14,5
Stavanger - Våland;SN44640;20.08.2025 18:00;14,9
Stavanger - Våland;SN44640;20.08.2025 19:00;13
Stavanger - Våland;SN44640;20.08.2025 20:00;12,2
Stavanger - Våland;SN44640;20.08.2025 21:00;11,9
Stavanger - Våland;SN44640;20.08.2025 22:00;11,1
Stavanger - Våland;SN44640;20.08.2025 23:00;11,4
Stavanger - Våland;SN44640;21.08.2025 00:00;11,1
Stavanger - Våland;SN44640;21.08.2025 01:00;10,6
Stavanger - Våland;SN44640;21.08.2025 02:00;10
Stavanger - Våland;SN44640;21.08.2025 03:00;9,5
Stavanger - Våland;SN44640;21.08.2025 04:00;9,4
Stavanger - Våland;SN44640;21.08.2025 05:00;9,5
Stavanger - Våland;SN44640;21.08.2025 06:00;9,7
Stavanger - Våland;SN44640;21.08.2025 07:00;10,4
Stavanger - Våland;SN44640;21.08.2025 08:00;12,8
Stavanger - Våland;SN44640;21.08.2025 09:00;13,9
Stavanger - Våland;SN44640;21.08.2025 10:00;14,3
Stavanger - Våland;SN44640;21.08.2025 11:00;15,1
Stavanger - Våland;SN44640;21.08.2025 12:00;15,9
Stavanger - Våland;SN44640;21.08.2025 13:00;17
Stavanger - Våland;SN44640;21.08.2025 14:00;16,9
Stavanger - Våland;SN44640;21.08.2025 15:00;16,6
Stavanger - Våland;SN44640;21.08.2025 16:00;16,3
Stavanger - Våland;SN44640;21.08.2025 17:00;15,2
Stavanger - Våland;SN44640;21.08.2025 18:00;14,1
Stavanger - Våland;SN44640;21.08.2025 19:00;12,9
Stavanger - Våland;SN44640;21.08.2025 20:00;11,6
Stavanger - Våland;SN44640;21.08.2025 21:00;11,9
Stavanger - Våland;SN44640;21.08.2025 22:00;11,2
Stavanger - Våland;SN44640;21.08.2025 23:00;11,2
Stavanger - Våland;SN44640;22.08.2025 00:00;10,6
Stavanger - Våland;SN44640;22.08.2025 01:00;10,1
Stavanger - Våland;SN44640;22.08.2025 02:00;10,1
Stavanger - Våland;SN44640;22.08.2025 03:00;9,8
Stavanger - Våland;SN44640;22.08.2025 04:00;9,2
Stavanger - Våland;SN44640;22.08.2025 05:00;9,5
Stavanger - Våland;SN44640;22.08.2025 06:00;9,9
Stavanger - Våland;SN44640;22.08.2025 07:00;10,4
Stavanger - Våland;SN44640;22.08.2025 08:00;12,5
Stavanger - Våland;SN44640;22.08.2025 09:00;12,5
Stavanger - Våland;SN44640;22.08.2025 10:00;13
Stavanger - Våland;SN44640;22.08.2025 11:00;14,1
Stavanger - Våland;SN44640;22.08.2025 12:00;14,6
Stavanger - Våland;SN44640;22.08.2025 13:00;14,3
Stavanger - Våland;SN44640;22.08.2025 14:00;14,9
Stavanger - Våland;SN44640;22.08.2025 15:00;14,6
Stavanger - Våland;SN44640;22.08.2025 16:00;15,3
Stavanger - Våland;SN44640;22.08.2025 17:00;14,1
Stavanger - Våland;SN44640;22.08.2025 18:00;13,7
Stavanger - Våland;SN44640;22.08.2025 19:00;12,3
Stavanger - Våland;SN44640;22.08.2025 20:00;11,4
Stavanger - Våland;SN44640;22.08.2025 21:00;10,7
Stavanger - Våland;SN44640;22.08.2025 22:00;10,7
Stavanger - Våland;SN44640;22.08.2025 23:00;10,3
Stavanger - Våland;SN44640;23.08.2025 00:00;9,9
Stavanger - Våland;SN44640;23.08.2025 01:00;9,7
Stavanger - Våland;SN44640;23.08.2025 02:00;9,9
Stavanger - Våland;SN44640;23.08.2025 03:00;9
Stavanger - Våland;SN44640;23.08.2025 04:00;8,5
Stavanger - Våland;SN44640;23.08.2025 05:00;8,9
Stavanger - Våland;SN44640;23.08.2025 06:00;8,8
Stavanger - Våland;SN44640;23.08.2025 07:00;9,6
Stavanger - Våland;SN44640;23.08.2025 08:00;12,1
Stavanger - Våland;SN44640;23.08.2025 09:00;13,1
Stavanger - Våland;SN44640;23.08.2025 10:00;14,1
Stavanger - Våland;SN44640;23.08.2025 11:00;15
Stavanger - Våland;SN44640;23.08.2025 12:00;16,3
Stavanger - Våland;SN44640;23.08.2025 13:00;16,9
Stavanger - Våland;SN44640;23.08.2025 14:00;16,8
Stavanger - Våland;SN44640;23.08.2025 15:00;16,6
Stavanger - Våland;SN44640;23.08.2025 16:00;16,7
Stavanger - Våland;SN44640;23.08.2025 17:00;15,8
Stavanger - Våland;SN44640;23.08.2025 18:00;14,8
Stavanger - Våland;SN44640;23.08.2025 19:00;13,4
Stavanger - Våland;SN44640;23.08.2025 20:00;12,3
Stavanger - Våland;SN44640;23.08.2025 21:00;11,8
Stavanger - Våland;SN44640;23.08.2025 22:00;11,5
Stavanger - Våland;SN44640;23.08.2025 23:00;11,1
Stavanger - Våland;SN44640;24.08.2025 00:00;10,9
Stavanger - Våland;SN44640;24.08.2025 01:00;10,6
Stavanger - Våland;SN44640;24.08.2025 02:00;10,3
Stavanger - Våland;SN44640;24.08.2025 03:00;10,1
Stavanger - Våland;SN44640;24.08.2025 04:00;9,6
Stavanger - Våland;SN44640;24.08.2025 05:00;9,6
Stavanger - Våland;SN44640;24.08.2025 06:00;9,6
Stavanger - Våland;SN44640;24.08.2025 07:00;10,7
Stavanger - Våland;SN44640;24.08.2025 08:00;12,5
Stavanger - Våland;SN44640;24.08.2025 09:00;13,1
Stavanger - Våland;SN44640;24.08.2025 10:00;14
Stavanger - Våland;SN44640;24.08.2025 11:00;14,9
Stavanger - Våland;SN44640;24.08.2025 12:00;15,1
Stavanger - Våland;SN44640;24.08.2025 13:00;16,2
Stavanger - Våland;SN44640;24.08.2025 14:00;16,3
Stavanger - Våland;SN44640;24.08.2025 15:00;15,9
Stavanger - Våland;SN44640;24.08.2025 16:00;15,8
Stavanger - Våland;SN44640;24.08.2025 17:00;15
Stavanger - Våland;SN44640;24.08.2025 18:00;14
Stavanger - Våland;SN44640;24.08.2025 19:00;12,5
Stavanger - Våland;SN44640;24.08.2025 20:00;11,4
Stavanger - Våland;SN44640;24.08.2025 21:00;11
Stavanger - Våland;SN44640;24.08.2025 22:00;10,9
Stavanger - Våland;SN44640;24.08.2025 23:00;10,7
Stavanger - Våland;SN44640;25.08.2025 00:00;10,4
Stavanger - Våland;SN44640;25.08.2025 01:00;10
Stavanger - Våland;SN44640;25.08.2025 02:00;9,6
Stavanger - Våland;SN44640;25.08.2025 03:00;9,4
Stavanger - Våland;SN44640;25.08.2025 04:00;9
Stavanger - Våland;SN44640;25.08.2025 05:00;8,7
Stavanger - Våland;SN44640;25.08.2025 06:00;8,9
Stavanger - Våland;SN44640;25.08.2025 07:00;9,4
Stavanger - Våland;SN44640;25.08.2025 08:00;12,2
Stavanger - Våland;SN44640;25.08.2025 09:00;13,9
Stavanger - Våland;SN44640;25.08.2025 10:00;13,8
Stavanger - Våland;SN44640;25.08.2025 11:00;14,6
Stavanger - Våland;SN44640;25.08.2025 12:00;15
Stavanger - Våland;SN44640;25.08.2025 13:00;15,2
Stavanger - Våland;SN44640;25.08.2025 14:00;15,2
Stavanger - Våland;SN44640;25.08.2025 15:00;16,1
Stavanger - Våland;SN44640;25.08.2025 16:00;15,6
Stavanger - Våland;SN44640;25.08.2025 17:00;15,1
Stavanger - Våland;SN44640;25.08.2025 18:00;14,5
Stavanger - Våland;SN44640;25.08.2025 19:00;12,7
Stavanger - Våland;SN44640;25.08.2025 20:00;11,5
Stavanger - Våland;SN44640;25.08.2025 21:00;10,4
Stavanger - Våland;SN44640;25.08.2025 22:00;9,6
Stavanger - Våland;SN44640;25.08.2025 23:00;9,9
Stavanger - Våland;SN44640;26.08.2025 00:00;10,1
Stavanger - Våland;SN44640;26.08.2025 01:00;10,4
Stavanger - Våland;SN44640;26.08.2025 02:00;11,2
Stavanger - Våland;SN44640;26.08.2025 03:00;11,6
Stavanger - Våland;SN44640;26.08.2025 04:00;12,1
Stavanger - Våland;SN44640;26.08.2025 05:00;12,7
Stavanger - Våland;SN44640;26.08.2025 06:00;13
Stavanger - Våland;SN44640;26.08.2025 07:00;13,5
Stavanger - Våland;SN44640;26.08.2025 08:00;14,4
Stavanger - Våland;SN44640;26.08.2025 09:00;16,4
Stavanger - Våland;SN44640;26.08.2025 10:00;17,2
Stavanger - Våland;SN44640;26.08.2025 11:00;20,3
Stavanger - Våland;SN44640;26.08.2025 12:00;22
Stavanger - Våland;SN44640;26.08.2025 13:00;21,2
Stavanger - Våland;SN44640;26.08.2025 14:00;22,4
Stavanger - Våland;SN44640;26.08.2025 15:00;22,5
Stavanger - Våland;SN44640;26.08.2025 16:00;20,2
Stavanger - Våland;SN44640;26.08.2025 17:00;19,4
Stavanger - Våland;SN44640;26.08.2025 18:00;18,6
Stavanger - Våland;SN44640;26.08.2025 19:00;18
Stavanger - Våland;SN44640;26.08.2025 20:00;17,5
Stavanger - Våland;SN44640;26.08.2025 21:00;17,4
Stavanger - Våland;SN44640;26.08.2025 22:00;16,9
Stavanger - Våland;SN44640;26.08.2025 23:00;16,4
Stavanger - Våland;SN44640;27.08.2025 00:00;15,4
Stavanger - Våland;SN44640;27.08.2025 01:00;15,9
Stavanger - Våland;SN44640;27.08.2025 02:00;16,1
Stavanger - Våland;SN44640;27.08.2025 03:00;16
Stavanger - Våland;SN44640;27.08.2025 04:00;15,3
Stavanger - Våland;SN44640;27.08.2025 05:00;16
Stavanger - Våland;SN44640;27.08.2025 06:00;16,7
Stavanger - Våland;SN44640;27.08.2025 07:00;17,7
Stavanger - Våland;SN44640;27.08.2025 08:00;17,1
Stavanger - Våland;SN44640;27.08.2025 09:00;19
Stavanger - Våland;SN44640;27.08.2025 10:00;19,8
Stavanger - Våland;SN44640;27.08.2025 11:00;20,4
Stavanger - Våland;SN44640;27.08.2025 12:00;20,2
Stavanger - Våland;SN44640;27.08.2025 13:00;20,9
Stavanger - Våland;SN44640;27.08.2025 14:00;20,6
Stavanger - Våland;SN44640;27.08.2025 15:00;19,2
Stavanger - Våland;SN44640;27.08.2025 16:00;18,1
Stavanger - Våland;SN44640;27.08.2025 17:00;17,9
Stavanger - Våland;SN44640;27.08.2025 18:00;17,6
Stavanger - Våland;SN44640;27.08.2025 19:00;16,4
Stavanger - Våland;SN44640;27.08.2025 20:00;15,8
Stavanger - Våland;SN44640;27.08.2025 21:00;15,7
Stavanger - Våland;SN44640;27.08.2025 22:00;16
Stavanger - Våland;SN44640;27.08.2025 23:00;16,1
Stavanger - Våland;SN44640;28.08.2025 00:00;16,2
Stavanger - Våland;SN44640;28.08.2025 01:00;16,1
Stavanger - Våland;SN44640;28.08.2025 02:00;15,5
Stavanger - Våland;SN44640;28.08.2025 03:00;15,4
Stavanger - Våland;SN44640;28.08.2025 04:00;15,2
Stavanger - Våland;SN44640;28.08.2025 05:00;14,8
Stavanger - Våland;SN44640;28.08.2025 06:00;16
Stavanger - Våland;SN44640;28.08.2025 07:00;15,4
Stavanger - Våland;SN44640;28.08.2025 08:00;17,4
Stavanger - Våland;SN44640;28.08.2025 09:00;19,3
Stavanger - Våland;SN44640;28.08.2025 10:00;19,2
Stavanger - Våland;SN44640;28.08.2025 11:00;18,5
Stavanger - Våland;SN44640;28.08.2025 12:00;20
Stavanger - Våland;SN44640;28.08.2025 13:00;18,4
Stavanger - Våland;SN44640;28.08.2025 14:00;18,6
Stavanger - Våland;SN44640;28.08.2025 15:00;16,7
Stavanger - Våland;SN44640;28.08.2025 16:00;15,6
Stavanger - Våland;SN44640;28.08.2025 17:00;15,3
Stavanger - Våland;SN44640;28.08.2025 18:00;15
Stavanger - Våland;SN44640;28.08.2025 19:00;14,9
Stavanger - Våland;SN44640;28.08.2025 20:00;15
Stavanger - Våland;SN44640;28.08.2025 21:00;14,4
Stavanger - Våland;SN44640;28.08.2025 22:00;14,6
Stavanger - Våland;SN44640;28.08.2025 23:00;15,1
Stavanger - Våland;SN44640;29.08.2025 00:00;15,3
Stavanger - Våland;SN44640;29.08.2025 01:00;15,3
Stavanger - Våland;SN44640;29.08.2025 02:00;14,4
Stavanger - Våland;SN44640;29.08.2025 03:00;14,2
Stavanger - Våland;SN44640;29.08.2025 04:00;14
Stavanger - Våland;SN44640;29.08.2025 05:00;14,4
Stavanger - Våland;SN44640;29.08.2025 06:00;14,4
Stavanger - Våland;SN44640;29.08.2025 07:00;14,6
Stavanger - Våland;SN44640;29.08.2025 08:00;15,4
Stavanger - Våland;SN44640;29.08.2025 09:00;16,3
Stavanger - Våland;SN44640;29.08.2025 10:00;17
Stavanger - Våland;SN44640;29.08.2025 11:00;19,3
Stavanger - Våland;SN44640;29.08.2025 12:00;20,2
Stavanger - Våland;SN44640;29.08.2025 13:00;19,9
Stavanger - Våland;SN44640;29.08.2025 14:00;21,6
Stavanger - Våland;SN44640;29.08.2025 15:00;21
Stavanger - Våland;SN44640;29.08.2025 16:00;20,9
Stavanger - Våland;SN44640;29.08.2025 17:00;20,6
Stavanger - Våland;SN44640;29.08.2025 18:00;19,6
Stavanger - Våland;SN44640;29.08.2025 19:00;17,7
Stavanger - Våland;SN44640;29.08.2025 20:00;17,2
Stavanger - Våland;SN44640;29.08.2025 21:00;16,6
Stavanger - Våland;SN44640;29.08.2025 22:00;16,5
Stavanger - Våland;SN44640;29.08.2025 23:00;16,6
Stavanger - Våland;SN44640;30.08.2025 00:00;16,5
Stavanger - Våland;SN44640;30.08.2025 01:00;15,7
Stavanger - Våland;SN44640;30.08.2025 02:00;15,1
Stavanger - Våland;SN44640;30.08.2025 03:00;14,8
Stavanger - Våland;SN44640;30.08.2025 04:00;15,1
Stavanger - Våland;SN44640;30.08.2025 05:00;15,3
Stavanger - Våland;SN44640;30.08.2025 06:00;15,7
Stavanger - Våland;SN44640;30.08.2025 07:00;16,7
Stavanger - Våland;SN44640;30.08.2025 08:00;17,3
Stavanger - Våland;SN44640;30.08.2025 09:00;17,3
Stavanger - Våland;SN44640;30.08.2025 10:00;16,9
Stavanger - Våland;SN44640;30.08.2025 11:00;18,5
Stavanger - Våland;SN44640;30.08.2025 12:00;18,6
Stavanger - Våland;SN44640;30.08.2025 13:00;20,5
Stavanger - Våland;SN44640;30.08.2025 14:00;20,9
Stavanger - Våland;SN44640;30.08.2025 15:00;20,3
Stavanger - Våland;SN44640;30.08.2025 16:00;19,7
Stavanger - Våland;SN44640;30.08.2025 17:00;20,5
Stavanger - Våland;SN44640;30.08.2025 18:00;18,6
Stavanger - Våland;SN44640;30.08.2025 19:00;15,9
Stavanger - Våland;SN44640;30.08.2025 20:00;15,5
Stavanger - Våland;SN44640;30.08.2025 21:00;15
Stavanger - Våland;SN44640;30.08.2025 22:00;14,4
Stavanger - Våland;SN44640;30.08.2025 23:00;14,4
Stavanger - Våland;SN44640;31.08.2025 00:00;14,8
Stavanger - Våland;SN44640;31.08.2025 01:00;15,1
Stavanger - Våland;SN44640;31.08.2025 02:00;15,3
Stavanger - Våland;SN44640;31.08.2025 03:00;15,6
Stavanger - Våland;SN44640;31.08.2025 04:00;16
Stavanger - Våland;SN44640;31.08.2025 05:00;16,4
Stavanger - Våland;SN44640;31.08.2025 06:00;16,7
Stavanger - Våland;SN44640;31.08.2025 07:00;17
Stavanger - Våland;SN44640;31.08.2025 08:00;17,5
Stavanger - Våland;SN44640;31.08.2025 09:00;17,3
Stavanger - Våland;SN44640;31.08.2025 10:00;17,2
Stavanger - Våland;SN44640;31.08.2025 11:00;16,9
Stavanger - Våland;SN44640;31.08.2025 12:00;17,2
Stavanger - Våland;SN44640;31.08.2025 13:00;17,3
Stavanger - Våland;SN44640;31.08.2025 14:00;17,3
Stavanger - Våland;SN44640;31.08.2025 15:00;17,1
Stavanger - Våland;SN44640;31.08.2025 16:00;16,3
Stavanger - Våland;SN44640;31.08.2025 17:00;18,6
Stavanger - Våland;SN44640;31.08.2025 18:00;17,6
Stavanger - Våland;SN44640;31.08.2025 19:00;16,4
Stavanger - Våland;SN44640;31.08.2025 20:00;15,5
Stavanger - Våland;SN44640;31.08.2025 21:00;14,7
Stavanger - Våland;SN44640;31.08.2025 22:00;14
Stavanger - Våland;SN44640;31.08.2025 23:00;14,4
Stavanger - Våland;SN44640;01.09.2025 00:00;15,5
Stavanger - Våland;SN44640;01.09.2025 01:00;15,3
Stavanger - Våland;SN44640;01.09.2025 02:00;16,2
Stavanger - Våland;SN44640;01.09.2025 03:00;16,1
Stavanger - Våland;SN44640;01.09.2025 04:00;16,7
Stavanger - Våland;SN44640;01.09.2025 05:00;15,2
Stavanger - Våland;SN44640;01.09.2025 06:00;14,8
Stavanger - Våland;SN44640;01.09.2025 07:00;15,1
Stavanger - Våland;SN44640;01.09.2025 08:00;16,4
Stavanger - Våland;SN44640;01.09.2025 09:00;17,4
Stavanger - Våland;SN44640;01.09.2025 10:00;17,6
Stavanger - Våland;SN44640;01.09.2025 11:00;17,7
Stavanger - Våland;SN44640;01.09.2025 12:00;17,1
Stavanger - Våland;SN44640;01.09.2025 13:00;16,9
Stavanger - Våland;SN44640;01.09.2025 14:00;16,8
Stavanger - Våland;SN44640;01.09.2025 15:00;16,6
Stavanger - Våland;SN44640;01.09.2025 16:00;16,5
Stavanger - Våland;SN44640;01.09.2025 17:00;16,5
Stavanger - Våland;SN44640;01.09.2025 18:00;16
Stavanger - Våland;SN44640;01.09.2025 19:00;15,5
Stavanger - Våland;SN44640;01.09.2025 20:00;15,4
Stavanger - Våland;SN44640;01.09.2025 21:00;15,3
Stavanger - Våland;SN44640;01.09.2025 22:00;15,3
Stavanger - Våland;SN44640;01.09.2025 23:00;14,9
Stavanger - Våland;SN44640;02.09.2025 00:00;15,4
Stavanger - Våland;SN44640;02.09.2025 01:00;15
Stavanger - Våland;SN44640;02.09.2025 02:00;15
Stavanger - Våland;SN44640;02.09.2025 03:00;15,2
Stavanger - Våland;SN44640;02.09.2025 04:00;15,4
Stavanger - Våland;SN44640;02.09.2025 05:00;15,7
Stavanger - Våland;SN44640;02.09.2025 06:00;15,3
Stavanger - Våland;SN44640;02.09.2025 07:00;15,5
Stavanger - Våland;SN44640;02.09.2025 08:00;16,3
Stavanger - Våland;SN44640;02.09.2025 09:00;16,2
Stavanger - Våland;SN44640;02.09.2025 10:00;18,2
Stavanger - Våland;SN44640;02.09.2025 11:00;17,3
Stavanger - Våland;SN44640;02.09.2025 12:00;18,6
Stavanger - Våland;SN44640;02.09.2025 13:00;20,2
Stavanger - Våland;SN44640;02.09.2025 14:00;20,4
Stavanger - Våland;SN44640;02.09.2025 15:00;18,7
Stavanger - Våland;SN44640;02.09.2025 16:00;17,9
Stavanger - Våland;SN44640;02.09.2025 17:00;17,5
Stavanger - Våland;SN44640;02.09.2025 18:00;14,4
Stavanger - Våland;SN44640;02.09.2025 19:00;14,1
Stavanger - Våland;SN44640;02.09.2025 20:00;14,1
Stavanger - Våland;SN44640;02.09.2025 21:00;14,1
Stavanger - Våland;SN44640;02.09.2025 22:00;13,7
Stavanger - Våland;SN44640;02.09.2025 23:00;13,8
Stavanger - Våland;SN44640;03.09.2025 00:00;13,2
Stavanger - Våland;SN44640;03.09.2025 01:00;13
Stavanger - Våland;SN44640;03.09.2025 02:00;12,8
Stavanger - Våland;SN44640;03.09.2025 03:00;13
Stavanger - Våland;SN44640;03.09.2025 04:00;13,1
Stavanger - Våland;SN44640;03.09.2025 05:00;13,3
Stavanger - Våland;SN44640;03.09.2025 06:00;13,6
Stavanger - Våland;SN44640;03.09.2025 07:00;14,2
Stavanger - Våland;SN44640;03.09.2025 08:00;14,6
Stavanger - Våland;SN44640;03.09.2025 09:00;15
Stavanger - Våland;SN44640;03.09.2025 10:00;14,8
Stavanger - Våland;SN44640;03.09.2025 11:00;14,8
Stavanger - Våland;SN44640;03.09.2025 12:00;17,2
Stavanger - Våland;SN44640;03.09.2025 13:00;17,4
Stavanger - Våland;SN44640;03.09.2025 14:00;17,7
Stavanger - Våland;SN44640;03.09.2025 15:00;17,3
Stavanger - Våland;SN44640;03.09.2025 16:00;15,9
Stavanger - Våland;SN44640;03.09.2025 17:00;15,9
Stavanger - Våland;SN44640;03.09.2025 18:00;15,7
Stavanger - Våland;SN44640;03.09.2025 19:00;15,9
Stavanger - Våland;SN44640;03.09.2025 20:00;16,3
Stavanger - Våland;SN44640;03.09.2025 21:00;17,1
Stavanger - Våland;SN44640;03.09.2025 22:00;16,9
Stavanger - Våland;SN44640;03.09.2025 23:00;17,3
Stavanger - Våland;SN44640;04.09.2025 00:00;17,3
Stavanger - Våland;SN44640;04.09.2025 01:00;14,9
Stavanger - Våland;SN44640;04.09.2025 02:00;15,9
Stavanger - Våland;SN44640;04.09.2025 03:00;15,8
Stavanger - Våland;SN44640;04.09.2025 04:00;14,9
Stavanger - Våland;SN44640;04.09.2025 05:00;15,4
Stavanger - Våland;SN44640;04.09.2025 06:00;15,6
Stavanger - Våland;SN44640;04.09.2025 07:00;15,7
Stavanger - Våland;SN44640;04.09.2025 08:00;15,2
Stavanger - Våland;SN44640;04.09.2025 09:00;16,1
Stavanger - Våland;SN44640;04.09.2025 10:00;16,3
Stavanger - Våland;SN44640;04.09.2025 11:00;16,1
Stavanger - Våland;SN44640;04.09.2025 12:00;16,9
Stavanger - Våland;SN44640;04.09.2025 13:00;17,3
Stavanger - Våland;SN44640;04.09.2025 14:00;16,9
Stavanger - Våland;SN44640;04.09.2025 15:00;16,8
Stavanger - Våland;SN44640;04.09.2025 16:00;18,2
Stavanger - Våland;SN44640;04.09.2025 17:00;17,1
Stavanger - Våland;SN44640;04.09.2025 18:00;16,8
Stavanger - Våland;SN44640;04.09.2025 19:00;16,2
Stavanger - Våland;SN44640;04.09.2025 20:00;15,4
Stavanger - Våland;SN44640;04.09.2025 21:00;14,7
Stavanger - Våland;SN44640;04.09.2025 22:00;14,8
Stavanger - Våland;SN44640;04.09.2025 23:00;14,9
Stavanger - Våland;SN44640;05.09.2025 00:00;14,7
Stavanger - Våland;SN44640;05.09.2025 01:00;14,4
Stavanger - Våland;SN44640;05.09.2025 02:00;14,8
Stavanger - Våland;SN44640;05.09.2025 03:00;14,6
Stavanger - Våland;SN44640;05.09.2025 04:00;14,5
Stavanger - Våland;SN44640;05.09.2025 05:00;14,5
Stavanger - Våland;SN44640;05.09.2025 06:00;14,2
Stavanger - Våland;SN44640;05.09.2025 07:00;14,3
Stavanger - Våland;SN44640;05.09.2025 08:00;14,7
Stavanger - Våland;SN44640;05.09.2025 09:00;16,4
Stavanger - Våland;SN44640;05.09.2025 10:00;18,5
Stavanger - Våland;SN44640;05.09.2025 11:00;18,6
Stavanger - Våland;SN44640;05.09.2025 12:00;18,7
Stavanger - Våland;SN44640;05.09.2025 13:00;17,5
Stavanger - Våland;SN44640;05.09.2025 14:00;17,1
Stavanger - Våland;SN44640;05.09.2025 15:00;16,3
Stavanger - Våland;SN44640;05.09.2025 16:00;16,7
Stavanger - Våland;SN44640;05.09.2025 17:00;16,3
Stavanger - Våland;SN44640;05.09.2025 18:00;15,8
Stavanger - Våland;SN44640;05.09.2025 19:00;14,3
Stavanger - Våland;SN44640;05.09.2025 20:00;12,8
Stavanger - Våland;SN44640;05.09.2025 21:00;12,4
Stavanger - Våland;SN44640;05.09.2025 22:00;12,4
Stavanger - Våland;SN44640;05.09.2025 23:00;12,3
Stavanger - Våland;SN44640;06.09.2025 00:00;12,4
Stavanger - Våland;SN44640;06.09.2025 01:00;12,3
Stavanger - Våland;SN44640;06.09.2025 02:00;12,3
Stavanger - Våland;SN44640;06.09.2025 03:00;12,2
Stavanger - Våland;SN44640;06.09.2025 04:00;11,9
Stavanger - Våland;SN44640;06.09.2025 05:00;11,5
Stavanger - Våland;SN44640;06.09.2025 06:00;12
Stavanger - Våland;SN44640;06.09.2025 07:00;12
Stavanger - Våland;SN44640;06.09.2025 08:00;13,6
Stavanger - Våland;SN44640;06.09.2025 09:00;14,4
Stavanger - Våland;SN44640;06.09.2025 10:00;16,4
Stavanger - Våland;SN44640;06.09.2025 11:00;16,1
Stavanger - Våland;SN44640;06.09.2025 12:00;16,2
Stavanger - Våland;SN44640;06.09.2025 13:00;17,4
Stavanger - Våland;SN44640;06.09.2025 14:00;18,6
Stavanger - Våland;SN44640;06.09.2025 15:00;17,9
Stavanger - Våland;SN44640;06.09.2025 16:00;17,8
Stavanger - Våland;SN44640;06.09.2025 17:00;17,8
Stavanger - Våland;SN44640;06.09.2025 18:00;17,1
Stavanger - Våland;SN44640;06.09.2025 19:00;14,5
Stavanger - Våland;SN44640;06.09.2025 20:00;13,3
Stavanger - Våland;SN44640;06.09.2025 21:00;12,7
Stavanger - Våland;SN44640;06.09.2025 22:00;12,6
Stavanger - Våland;SN44640;06.09.2025 23:00;12,5
Stavanger - Våland;SN44640;07.09.2025 00:00;12,3
Stavanger - Våland;SN44640;07.09.2025 01:00;12
Stavanger - Våland;SN44640;07.09.2025 02:00;12
Stavanger - Våland;SN44640;07.09.2025 03:00;11,6
Stavanger - Våland;SN44640;07.09.2025 04:00;11,7
Stavanger - Våland;SN44640;07.09.2025 05:00;11,9
Stavanger - Våland;SN44640;07.09.2025 06:00;11,9
Stavanger - Våland;SN44640;07.09.2025 07:00;13,1
Stavanger - Våland;SN44640;07.09.2025 08:00;14,7
Stavanger - Våland;SN44640;07.09.2025 09:00;15,3
Stavanger - Våland;SN44640;07.09.2025 10:00;17,5
Stavanger - Våland;SN44640;07.09.2025 11:00;19,5
Stavanger - Våland;SN44640;07.09.2025 12:00;19,5
Stavanger - Våland;SN44640;07.09.2025 13:00;19,5
Stavanger - Våland;SN44640;07.09.2025 14:00;21
Stavanger - Våland;SN44640;07.09.2025 15:00;21
Stavanger - Våland;SN44640;07.09.2025 16:00;20,8
Stavanger - Våland;SN44640;07.09.2025 17:00;20,4
Stavanger - Våland;SN44640;07.09.2025 18:00;18,5
Stavanger - Våland;SN44640;07.09.2025 19:00;17,6
Stavanger - Våland;SN44640;07.09.2025 20:00;16,9
Stavanger - Våland;SN44640;07.09.2025 21:00;16,5
Stavanger - Våland;SN44640;07.09.2025 22:00;16,1
Stavanger - Våland;SN44640;07.09.2025 23:00;15,8
Stavanger - Våland;SN44640;08.09.2025 00:00;15,6
Stavanger - Våland;SN44640;08.09.2025 01:00;15,4
Stavanger - Våland;SN44640;08.09.2025 02:00;15,8
Stavanger - Våland;SN44640;08.09.2025 03:00;14,8
Stavanger - Våland;SN44640;08.09.2025 04:00;14,7
Stavanger - Våland;SN44640;08.09.2025 05:00;14,9
Stavanger - Våland;SN44640;08.09.2025 06:00;14,9
Stavanger - Våland;SN44640;08.09.2025 07:00;15,3
Stavanger - Våland;SN44640;08.09.2025 08:00;16,5
Stavanger - Våland;SN44640;08.09.2025 09:00;17,3
Stavanger - Våland;SN44640;08.09.2025 10:00;18
Stavanger - Våland;SN44640;08.09.2025 11:00;18,7
Stavanger - Våland;SN44640;08.09.2025 12:00;20,8
Stavanger - Våland;SN44640;08.09.2025 13:00;20,9
Stavanger - Våland;SN44640;08.09.2025 14:00;21,4
Stavanger - Våland;SN44640;08.09.2025 15:00;21
Stavanger - Våland;SN44640;08.09.2025 16:00;20,3
Stavanger - Våland;SN44640;08.09.2025 17:00;19,5
Stavanger - Våland;SN44640;08.09.2025 18:00;19,1
Stavanger - Våland;SN44640;08.09.2025 19:00;17
Stavanger - Våland;SN44640;08.09.2025 20:00;16,8
Stavanger - Våland;SN44640;08.09.2025 21:00;15,8
Stavanger - Våland;SN44640;08.09.2025 22:00;15,3
Stavanger - Våland;SN44640;08.09.2025 23:00;15,1
Stavanger - Våland;SN44640;09.09.2025 00:00;15,3
Stavanger - Våland;SN44640;09.09.2025 01:00;15,1
Stavanger - Våland;SN44640;09.09.2025 02:00;15,4
Stavanger - Våland;SN44640;09.09.2025 03:00;15,9
Stavanger - Våland;SN44640;09.09.2025 04:00;15,4
Stavanger - Våland;SN44640;09.09.2025 05:00;14,8
Stavanger - Våland;SN44640;09.09.2025 06:00;14,6
Stavanger - Våland;SN44640;09.09.2025 07:00;13,7
Stavanger - Våland;SN44640;09.09.2025 08:00;13,6
Stavanger - Våland;SN44640;09.09.2025 09:00;14,3
Stavanger - Våland;SN44640;09.09.2025 10:00;14,5
Stavanger - Våland;SN44640;09.09.2025 11:00;14,5
Stavanger - Våland;SN44640;09.09.2025 12:00;13,9
Stavanger - Våland;SN44640;09.09.2025 13:00;15
Stavanger - Våland;SN44640;09.09.2025 14:00;15,2
Stavanger - Våland;SN44640;09.09.2025 15:00;15,5
Stavanger - Våland;SN44640;09.09.2025 16:00;14,9
Stavanger - Våland;SN44640;09.09.2025 17:00;14,6
Stavanger - Våland;SN44640;09.09.2025 18:00;14,1
Stavanger - Våland;SN44640;09.09.2025 19:00;13,9
Stavanger - Våland;SN44640;09.09.2025 20:00;13,9
Stavanger - Våland;SN44640;09.09.2025 21:00;13,9
Stavanger - Våland;SN44640;09.09.2025 22:00;13,8
Stavanger - Våland;SN44640;09.09.2025 23:00;13,1
Stavanger - Våland;SN44640;10.09.2025 00:00;13,2
Stavanger - Våland;SN44640;10.09.2025 01:00;13,6
Stavanger - Våland;SN44640;10.09.2025 02:00;13,9
Stavanger - Våland;SN44640;10.09.2025 03:00;14,2
Stavanger - Våland;SN44640;10.09.2025 04:00;14,4
Stavanger - Våland;SN44640;10.09.2025 05:00;14,3
Stavanger - Våland;SN44640;10.09.2025 06:00;14,5
Stavanger - Våland;SN44640;10.09.2025 07:00;14,7
Stavanger - Våland;SN44640;10.09.2025 08:00;16,2
Stavanger - Våland;SN44640;10.09.2025 09:00;18,1
Stavanger - Våland;SN44640;10.09.2025 10:00;18,8
Stavanger - Våland;SN44640;10.09.2025 11:00;19,7
Stavanger - Våland;SN44640;10.09.2025 12:00;19,1
Stavanger - Våland;SN44640;10.09.2025 13:00;16,4
Stavanger - Våland;SN44640;10.09.2025 14:00;15,7
Stavanger - Våland;SN44640;10.09.2025 15:00;15,5
Stavanger - Våland;SN44640;10.09.2025 16:00;15,5
Stavanger - Våland;SN44640;10.09.2025 17:00;14,9
Stavanger - Våland;SN44640;10.09.2025 18:00;14,6
Stavanger - Våland;SN44640;10.09.2025 19:00;14,6
Stavanger - Våland;SN44640;10.09.2025 20:00;14,8
Stavanger - Våland;SN44640;10.09.2025 21:00;14,7
Stavanger - Våland;SN44640;10.09.2025 22:00;14,4
Stavanger - Våland;SN44640;10.09.2025 23:00;14,4
Stavanger - Våland;SN44640;11.09.2025 00:00;13,9
Stavanger - Våland;SN44640;11.09.2025 01:00;13,5
Stavanger - Våland;SN44640;11.09.2025 02:00;13,2
Stavanger - Våland;SN44640;11.09.2025 03:00;13,5
Stavanger - Våland;SN44640;11.09.2025 04:00;13,6
Stavanger - Våland;SN44640;11.09.2025 05:00;12,3
Stavanger - Våland;SN44640;11.09.2025 06:00;12,8
Stavanger - Våland;SN44640;11.09.2025 07:00;13,2
Stavanger - Våland;SN44640;11.09.2025 08:00;15,1
Stavanger - Våland;SN44640;11.09.2025 09:00;17,2
Stavanger - Våland;SN44640;11.09.2025 10:00;18
Stavanger - Våland;SN44640;11.09.2025 11:00;18,8
Stavanger - Våland;SN44640;11.09.2025 12:00;18,7
Stavanger - Våland;SN44640;11.09.2025 13:00;16,6
Stavanger - Våland;SN44640;11.09.2025 14:00;15,2
Stavanger - Våland;SN44640;11.09.2025 15:00;14
Stavanger - Våland;SN44640;11.09.2025 16:00;14
Stavanger - Våland;SN44640;11.09.2025 17:00;14,6
Stavanger - Våland;SN44640;11.09.2025 18:00;14,2
Stavanger - Våland;SN44640;11.09.2025 19:00;12,9
Stavanger - Våland;SN44640;11.09.2025 20:00;12,4
Stavanger - Våland;SN44640;11.09.2025 21:00;11,8
Stavanger - Våland;SN44640;11.09.2025 22:00;11,9
Stavanger - Våland;SN44640;11.09.2025 23:00;12,1
Stavanger - Våland;SN44640;12.09.2025 00:00;12,4
Stavanger - Våland;SN44640;12.09.2025 01:00;12,8
Stavanger - Våland;SN44640;12.09.2025 02:00;12,8
Stavanger - Våland;SN44640;12.09.2025 03:00;12,6
Stavanger - Våland;SN44640;12.09.2025 04:00;12,9
Stavanger - Våland;SN44640;12.09.2025 05:00;12
Stavanger - Våland;SN44640;12.09.2025 06:00;11,5
Stavanger - Våland;SN44640;12.09.2025 07:00;12,7
Stavanger - Våland;SN44640;12.09.2025 08:00;11,4
Stavanger - Våland;SN44640;12.09.2025 09:00;13,2
Stavanger - Våland;SN44640;12.09.2025 10:00;13,4
Stavanger - Våland;SN44640;12.09.2025 11:00;15,8
Stavanger - Våland;SN44640;12.09.2025 12:00;16,4
Stavanger - Våland;SN44640;12.09.2025 13:00;16
Stavanger - Våland;SN44640;12.09.2025 14:00;15,8
Stavanger - Våland;SN44640;12.09.2025 15:00;16,8
Stavanger - Våland;SN44640;12.09.2025 16:00;15,6
Stavanger - Våland;SN44640;12.09.2025 17:00;15,4
Stavanger - Våland;SN44640;12.09.2025 18:00;14,5
Stavanger - Våland;SN44640;12.09.2025 19:00;13,1
Stavanger - Våland;SN44640;12.09.2025 20:00;12,3
Stavanger - Våland;SN44640;12.09.2025 21:00;11,9
Stavanger - Våland;SN44640;12.09.2025 22:00;11,6
Stavanger - Våland;SN44640;12.09.2025 23:00;11,9
Stavanger - Våland;SN44640;13.09.2025 00:00;12,1
Stavanger - Våland;SN44640;13.09.2025 01:00;11,4
Stavanger - Våland;SN44640;13.09.2025 02:00;11,5
Stavanger - Våland;SN44640;13.09.2025 03:00;10,9
Stavanger - Våland;SN44640;13.09.2025 04:00;10,5
Stavanger - Våland;SN44640;13.09.2025 05:00;10,4
Stavanger - Våland;SN44640;13.09.2025 06:00;10,2
Stavanger - Våland;SN44640;13.09.2025 07:00;11,1
Stavanger - Våland;SN44640;13.09.2025 08:00;12,9
Stavanger - Våland;SN44640;13.09.2025 09:00;13,4
Stavanger - Våland;SN44640;13.09.2025 10:00;15
Stavanger - Våland;SN44640;13.09.2025 11:00;16,6
Stavanger - Våland;SN44640;13.09.2025 12:00;15,5
Stavanger - Våland;SN44640;13.09.2025 13:00;15,6
Stavanger - Våland;SN44640;13.09.2025 14:00;12,7
Stavanger - Våland;SN44640;13.09.2025 15:00;15,2
Stavanger - Våland;SN44640;13.09.2025 16:00;13,5
Stavanger - Våland;SN44640;13.09.2025 17:00;14,6
Stavanger - Våland;SN44640;13.09.2025 18:00;13,4
Stavanger - Våland;SN44640;13.09.2025 19:00;12,1
Stavanger - Våland;SN44640;13.09.2025 20:00;12,6
Stavanger - Våland;SN44640;13.09.2025 21:00;13,4
Stavanger - Våland;SN44640;13.09.2025 22:00;13,4
Stavanger - Våland;SN44640;13.09.2025 23:00;13,1
Stavanger - Våland;SN44640;14.09.2025 00:00;13,4
Stavanger - Våland;SN44640;14.09.2025 01:00;12,8
Stavanger - Våland;SN44640;14.09.2025 02:00;12,3
Stavanger - Våland;SN44640;14.09.2025 03:00;11,9
Stavanger - Våland;SN44640;14.09.2025 04:00;11,8
Stavanger - Våland;SN44640;14.09.2025 05:00;11,4
Stavanger - Våland;SN44640;14.09.2025 06:00;10,8
Stavanger - Våland;SN44640;14.09.2025 07:00;10,5
Stavanger - Våland;SN44640;14.09.2025 08:00;10,6
Stavanger - Våland;SN44640;14.09.2025 09:00;11,8
Stavanger - Våland;SN44640;14.09.2025 10:00;13,7
Stavanger - Våland;SN44640;14.09.2025 11:00;15,5
Stavanger - Våland;SN44640;14.09.2025 12:00;16,4
Stavanger - Våland;SN44640;14.09.2025 13:00;15,7
Stavanger - Våland;SN44640;14.09.2025 14:00;15,1
Stavanger - Våland;SN44640;14.09.2025 15:00;17
Stavanger - Våland;SN44640;14.09.2025 16:00;15,1
Stavanger - Våland;SN44640;14.09.2025 17:00;16,3
Stavanger - Våland;SN44640;14.09.2025 18:00;14,2
Stavanger - Våland;SN44640;14.09.2025 19:00;12,8
Stavanger - Våland;SN44640;14.09.2025 20:00;12,9
Stavanger - Våland;SN44640;14.09.2025 21:00;12,1
Stavanger - Våland;SN44640;14.09.2025 22:00;11,5
Stavanger - Våland;SN44640;14.09.2025 23:00;11,6
Stavanger - Våland;SN44640;15.09.2025 00:00;11,3
Stavanger - Våland;SN44640;15.09.2025 01:00;11
Stavanger - Våland;SN44640;15.09.2025 02:00;11,7
Stavanger - Våland;SN44640;15.09.2025 03:00;11,2
Stavanger - Våland;SN44640;15.09.2025 04:00;11,9
Stavanger - Våland;SN44640;15.09.2025 05:00;12,4
Stavanger - Våland;SN44640;15.09.2025 06:00;12,9
Stavanger - Våland;SN44640;15.09.2025 07:00;13,5
Stavanger - Våland;SN44640;15.09.2025 08:00;13
Stavanger - Våland;SN44640;15.09.2025 09:00;11,4
Stavanger - Våland;SN44640;15.09.2025 10:00;12,6
Stavanger - Våland;SN44640;15.09.2025 11:00;12,6
Stavanger - Våland;SN44640;15.09.2025 12:00;14,8
Stavanger - Våland;SN44640;15.09.2025 13:00;14,3
Stavanger - Våland;SN44640;15.09.2025 14:00;13,5
Stavanger - Våland;SN44640;15.09.2025 15:00;13,6
Stavanger - Våland;SN44640;15.09.2025 16:00;15,2
Stavanger - Våland;SN44640;15.09.2025 17:00;14,5
Stavanger - Våland;SN44640;15.09.2025 18:00;14,2
Stavanger - Våland;SN44640;15.09.2025 19:00;13,3
Stavanger - Våland;SN44640;15.09.2025 20:00;12,8
Stavanger - Våland;SN44640;15.09.2025 21:00;12,7
Stavanger - Våland;SN44640;15.09.2025 22:00;12,6
Stavanger - Våland;SN44640;15.09.2025 23:00;12,6
Stavanger - Våland;SN44640;16.09.2025 00:00;12,5
Stavanger - Våland;SN44640;16.09.2025 01:00;12,1
Stavanger - Våland;SN44640;16.09.2025 02:00;12,3
Stavanger - Våland;SN44640;16.09.2025 03:00;11,8
Stavanger - Våland;SN44640;16.09.2025 04:00;11,4
Stavanger - Våland;SN44640;16.09.2025 05:00;12,1
Stavanger - Våland;SN44640;16.09.2025 06:00;11,9
Stavanger - Våland;SN44640;16.09.2025 07:00;11,2
Stavanger - Våland;SN44640;16.09.2025 08:00;11,4
Stavanger - Våland;SN44640;16.09.2025 09:00;13,9
Stavanger - Våland;SN44640;16.09.2025 10:00;13,1
Stavanger - Våland;SN44640;16.09.2025 11:00;13,8
Stavanger - Våland;SN44640;16.09.2025 12:00;13,5
Stavanger - Våland;SN44640;16.09.2025 13:00;13,5
Stavanger - Våland;SN44640;16.09.2025 14:00;14,2
Stavanger - Våland;SN44640;16.09.2025 15:00;14,9
Stavanger - Våland;SN44640;16.09.2025 16:00;13,8
Stavanger - Våland;SN44640;16.09.2025 17:00;13,6
Stavanger - Våland;SN44640;16.09.2025 18:00;12,3
Stavanger - Våland;SN44640;16.09.2025 19:00;11,7
Stavanger - Våland;SN44640;16.09.2025 20:00;11,2
Stavanger - Våland;SN44640;16.09.2025 21:00;11,2
Stavanger - Våland;SN44640;16.09.2025 22:00;11,4
Stavanger - Våland;SN44640;16.09.2025 23:00;11,5
Stavanger - Våland;SN44640;17.09.2025 00:00;11,1
Stavanger - Våland;SN44640;17.09.2025 01:00;12
Stavanger - Våland;SN44640;17.09.2025 02:00;11,7
Stavanger - Våland;SN44640;17.09.2025 03:00;11,5
Stavanger - Våland;SN44640;17.09.2025 04:00;10,7
Stavanger - Våland;SN44640;17.09.2025 05:00;11,7
Stavanger - Våland;SN44640;17.09.2025 06:00;11,5
Stavanger - Våland;SN44640;17.09.2025 07:00;12,2
Stavanger - Våland;SN44640;17.09.2025 08:00;12,3
Stavanger - Våland;SN44640;17.09.2025 09:00;12,7
Stavanger - Våland;SN44640;17.09.2025 10:00;14,1
Stavanger - Våland;SN44640;17.09.2025 11:00;15,9
Stavanger - Våland;SN44640;17.09.2025 12:00;16,1
Stavanger - Våland;SN44640;17.09.2025 13:00;15,8
Stavanger - Våland;SN44640;17.09.2025 14:00;15,9
Stavanger - Våland;SN44640;17.09.2025 15:00;15,8
Stavanger - Våland;SN44640;17.09.2025 16:00;15,7
Stavanger - Våland;SN44640;17.09.2025 17:00;15,3
Stavanger - Våland;SN44640;17.09.2025 18:00;13,6
Stavanger - Våland;SN44640;17.09.2025 19:00;12,1
Stavanger - Våland;SN44640;17.09.2025 20:00;11,1
Stavanger - Våland;SN44640;17.09.2025 21:00;11,8
Stavanger - Våland;SN44640;17.09.2025 22:00;12,2
Stavanger - Våland;SN44640;17.09.2025 23:00;12,8
Stavanger - Våland;SN44640;18.09.2025 00:00;13,1
Stavanger - Våland;SN44640;18.09.2025 01:00;13,2
Stavanger - Våland;SN44640;18.09.2025 02:00;13,1
Stavanger - Våland;SN44640;18.09.2025 03:00;13,1
Stavanger - Våland;SN44640;18.09.2025 04:00;12,9
Stavanger - Våland;SN44640;18.09.2025 05:00;13,3
Stavanger - Våland;SN44640;18.09.2025 06:00;13,5
Stavanger - Våland;SN44640;18.09.2025 07:00;13,9
Stavanger - Våland;SN44640;18.09.2025 08:00;14,3
Stavanger - Våland;SN44640;18.09.2025 09:00;14,6
Stavanger - Våland;SN44640;18.09.2025 10:00;14,5
Stavanger - Våland;SN44640;18.09.2025 11:00;15,6
Stavanger - Våland;SN44640;18.09.2025 12:00;15,2
Stavanger - Våland;SN44640;18.09.2025 13:00;15,5
Stavanger - Våland;SN44640;18.09.2025 14:00;15,3
Stavanger - Våland;SN44640;18.09.2025 15:00;15,2
Stavanger - Våland;SN44640;18.09.2025 16:00;14,3
Stavanger - Våland;SN44640;18.09.2025 17:00;14,2
Stavanger - Våland;SN44640;18.09.2025 18:00;14,2
Stavanger - Våland;SN44640;18.09.2025 19:00;14,4
Stavanger - Våland;SN44640;18.09.2025 20:00;15
Stavanger - Våland;SN44640;18.09.2025 21:00;15,2
Stavanger - Våland;SN44640;18.09.2025 22:00;14,9
Stavanger - Våland;SN44640;18.09.2025 23:00;14,5
Stavanger - Våland;SN44640;19.09.2025 00:00;13,8
Stavanger - Våland;SN44640;19.09.2025 01:00;14,2
Stavanger - Våland;SN44640;19.09.2025 02:00;13,5
Stavanger - Våland;SN44640;19.09.2025 03:00;13,6
Stavanger - Våland;SN44640;19.09.2025 04:00;13,8
Stavanger - Våland;SN44640;19.09.2025 05:00;13,4
Stavanger - Våland;SN44640;19.09.2025 06:00;13
Stavanger - Våland;SN44640;19.09.2025 07:00;12,8
Stavanger - Våland;SN44640;19.09.2025 08:00;13,7
Stavanger - Våland;SN44640;19.09.2025 09:00;14,6
Stavanger - Våland;SN44640;19.09.2025 10:00;15,3
Stavanger - Våland;SN44640;19.09.2025 11:00;15,6
Stavanger - Våland;SN44640;19.09.2025 12:00;15,8
Stavanger - Våland;SN44640;19.09.2025 13:00;15,7
Stavanger - Våland;SN44640;19.09.2025 14:00;16,1
Stavanger - Våland;SN44640;19.09.2025 15:00;15,9
Stavanger - Våland;SN44640;19.09.2025 16:00;15,8
Stavanger - Våland;SN44640;19.09.2025 17:00;15,6
Stavanger - Våland;SN44640;19.09.2025 18:00;15,4
Stavanger - Våland;SN44640;19.09.2025 19:00;15
Stavanger - Våland;SN44640;19.09.2025 20:00;13,8
Stavanger - Våland;SN44640;19.09.2025 21:00;13,8
Stavanger - Våland;SN44640;19.09.2025 22:00;13,6
Stavanger - Våland;SN44640;19.09.2025 23:00;13,2
Stavanger - Våland;SN44640;20.09.2025 00:00;13,2
Stavanger - Våland;SN44640;20.09.2025 01:00;13,2
Stavanger - Våland;SN44640;20.09.2025 02:00;13,2
Stavanger - Våland;SN44640;20.09.2025 03:00;13,2
Stavanger - Våland;SN44640;20.09.2025 04:00;13,1
Stavanger - Våland;SN44640;20.09.2025 05:00;13,1
Stavanger - Våland;SN44640;20.09.2025 06:00;13,2
Stavanger - Våland;SN44640;20.09.2025 07:00;13,4
Stavanger - Våland;SN44640;20.09.2025 08:00;13,8
Stavanger - Våland;SN44640;20.09.2025 09:00;13,6
Stavanger - Våland;SN44640;20.09.2025 10:00;12,8
Stavanger - Våland;SN44640;20.09.2025 11:00;12,7
Stavanger - Våland;SN44640;20.09.2025 12:00;12,1
Stavanger - Våland;SN44640;20.09.2025 13:00;12,3
Stavanger - Våland;SN44640;20.09.2025 14:00;12,5
Stavanger - Våland;SN44640;20.09.2025 15:00;11,7
Stavanger - Våland;SN44640;20.09.2025 16:00;12,1
Stavanger - Våland;SN44640;20.09.2025 17:00;12,7
Stavanger - Våland;SN44640;20.09.2025 18:00;12,4
Stavanger - Våland;SN44640;20.09.2025 19:00;11,9
Stavanger - Våland;SN44640;20.09.2025 20:00;11,7
Stavanger - Våland;SN44640;20.09.2025 21:00;11
Stavanger - Våland;SN44640;20.09.2025 22:00;10,9
Stavanger - Våland;SN44640;20.09.2025 23:00;10,5
Stavanger - Våland;SN44640;21.09.2025 00:00;10,3
Stavanger - Våland;SN44640;21.09.2025 01:00;10,1
Stavanger - Våland;SN44640;21.09.2025 02:00;9,8
Stavanger - Våland;SN44640;21.09.2025 03:00;9,9
Stavanger - Våland;SN44640;21.09.2025 04:00;9,7
Stavanger - Våland;SN44640;21.09.2025 05:00;9,7
Stavanger - Våland;SN44640;21.09.2025 06:00;9,6
Stavanger - Våland;SN44640;21.09.2025 07:00;9,3
Stavanger - Våland;SN44640;21.09.2025 08:00;9,9
Stavanger - Våland;SN44640;21.09.2025 09:00;8,6
Stavanger - Våland;SN44640;21.09.2025 10:00;11,2
Stavanger - Våland;SN44640;21.09.2025 11:00;9,6
Stavanger - Våland;SN44640;21.09.2025 12:00;12,4
Stavanger - Våland;SN44640;21.09.2025 13:00;10,6
Stavanger - Våland;SN44640;21.09.2025 14:00;11,6
Stavanger - Våland;SN44640;21.09.2025 15:00;11,5
Stavanger - Våland;SN44640;21.09.2025 16:00;11,4
Stavanger - Våland;SN44640;21.09.2025 17:00;10,7
Stavanger - Våland;SN44640;21.09.2025 18:00;9,1
Stavanger - Våland;SN44640;21.09.2025 19:00;9,4
Stavanger - Våland;SN44640;21.09.2025 20:00;9,4
Stavanger - Våland;SN44640;21.09.2025 21:00;8,2
Stavanger - Våland;SN44640;21.09.2025 22:00;8,9
Stavanger - Våland;SN44640;21.09.2025 23:00;8,9
Stavanger - Våland;SN44640;22.09.2025 00:00;7,4
Stavanger - Våland;SN44640;22.09.2025 01:00;7,6
Stavanger - Våland;SN44640;22.09.2025 02:00;7,9
Stavanger - Våland;SN44640;22.09.2025 03:00;6,5
Stavanger - Våland;SN44640;22.09.2025 04:00;6,7
Stavanger - Våland;SN44640;22.09.2025 05:00;5,9
Stavanger - Våland;SN44640;22.09.2025 06:00;6
Stavanger - Våland;SN44640;22.09.2025 07:00;6,3
Stavanger - Våland;SN44640;22.09.2025 08:00;6,8
Stavanger - Våland;SN44640;22.09.2025 09:00;7
Stavanger - Våland;SN44640;22.09.2025 10:00;7,3
Stavanger - Våland;SN44640;22.09.2025 11:00;7,6
Stavanger - Våland;SN44640;22.09.2025 12:00;8,5
Stavanger - Våland;SN44640;22.09.2025 13:00;9,5
Stavanger - Våland;SN44640;22.09.2025 14:00;11,5
Stavanger - Våland;SN44640;22.09.2025 15:00;8,9
Stavanger - Våland;SN44640;22.09.2025 16:00;8,3
Stavanger - Våland;SN44640;22.09.2025 17:00;8,2
Stavanger - Våland;SN44640;22.09.2025 18:00;7,3
Stavanger - Våland;SN44640;22.09.2025 19:00;6,3
Stavanger - Våland;SN44640;22.09.2025 20:00;6,4
Stavanger - Våland;SN44640;22.09.2025 21:00;6,5
Stavanger - Våland;SN44640;22.09.2025 22:00;6,1
Stavanger - Våland;SN44640;22.09.2025 23:00;6,1
Stavanger - Våland;SN44640;23.09.2025 00:00;5,9
Stavanger - Våland;SN44640;23.09.2025 01:00;5,6
Stavanger - Våland;SN44640;23.09.2025 02:00;5,6
Stavanger - Våland;SN44640;23.09.2025 03:00;6
Stavanger - Våland;SN44640;23.09.2025 04:00;5,6
Stavanger - Våland;SN44640;23.09.2025 05:00;5,4
Stavanger - Våland;SN44640;23.09.2025 06:00;5,8
Stavanger - Våland;SN44640;23.09.2025 07:00;5,6
Stavanger - Våland;SN44640;23.09.2025 08:00;7,3
Stavanger - Våland;SN44640;23.09.2025 09:00;8,6
Stavanger - Våland;SN44640;23.09.2025 10:00;9,6
Stavanger - Våland;SN44640;23.09.2025 11:00;10,7
Stavanger - Våland;SN44640;23.09.2025 12:00;12,1
Stavanger - Våland;SN44640;23.09.2025 13:00;13
Stavanger - Våland;SN44640;23.09.2025 14:00;13,2
Stavanger - Våland;SN44640;23.09.2025 15:00;13,4
Stavanger - Våland;SN44640;23.09.2025 16:00;12,5
Stavanger - Våland;SN44640;23.09.2025 17:00;12,4
Stavanger - Våland;SN44640;23.09.2025 18:00;10,2
Stavanger - Våland;SN44640;23.09.2025 19:00;8,3
Stavanger - Våland;SN44640;23.09.2025 20:00;7,6
Stavanger - Våland;SN44640;23.09.2025 21:00;7,3
Stavanger - Våland;SN44640;23.09.2025 22:00;7,6
Stavanger - Våland;SN44640;23.09.2025 23:00;7,4
Stavanger - Våland;SN44640;24.09.2025 00:00;7,5
Stavanger - Våland;SN44640;24.09.2025 01:00;7,1
Stavanger - Våland;SN44640;24.09.2025 02:00;7
Stavanger - Våland;SN44640;24.09.2025 03:00;6,7
Stavanger - Våland;SN44640;24.09.2025 04:00;6,3
Stavanger - Våland;SN44640;24.09.2025 05:00;6,4
Stavanger - Våland;SN44640;24.09.2025 06:00;5,8
Stavanger - Våland;SN44640;24.09.2025 07:00;6,1
Stavanger - Våland;SN44640;24.09.2025 08:00;7,6
Stavanger - Våland;SN44640;24.09.2025 09:00;8,8
Stavanger - Våland;SN44640;24.09.2025 10:00;10,1
Stavanger - Våland;SN44640;24.09.2025 11:00;12,2
Stavanger - Våland;SN44640;24.09.2025 12:00;12,4
Stavanger - Våland;SN44640;24.09.2025 13:00;13,4
Stavanger - Våland;SN44640;24.09.2025 14:00;14,2
Stavanger - Våland;SN44640;24.09.2025 15:00;14,4
Stavanger - Våland;SN44640;24.09.2025 16:00;13,4
Stavanger - Våland;SN44640;24.09.2025 17:00;12,7
Stavanger - Våland;SN44640;24.09.2025 18:00;10,2
Stavanger - Våland;SN44640;24.09.2025 19:00;9,4
Stavanger - Våland;SN44640;24.09.2025 20:00;9,2
Stavanger - Våland;SN44640;24.09.2025 21:00;8,8
Stavanger - Våland;SN44640;24.09.2025 22:00;8
Stavanger - Våland;SN44640;24.09.2025 23:00;7,4
Stavanger - Våland;SN44640;25.09.2025 00:00;7
Stavanger - Våland;SN44640;25.09.2025 01:00;6,9
Stavanger - Våland;SN44640;25.09.2025 02:00;7,1
Stavanger - Våland;SN44640;25.09.2025 03:00;7,6
Stavanger - Våland;SN44640;25.09.2025 04:00;8,2
Stavanger - Våland;SN44640;25.09.2025 05:00;7,9
Stavanger - Våland;SN44640;25.09.2025 06:00;8,2
Stavanger - Våland;SN44640;25.09.2025 07:00;8,4
Stavanger - Våland;SN44640;25.09.2025 08:00;10
Stavanger - Våland;SN44640;25.09.2025 09:00;12,7
Stavanger - Våland;SN44640;25.09.2025 10:00;14,3
Stavanger - Våland;SN44640;25.09.2025 11:00;14,9
Stavanger - Våland;SN44640;25.09.2025 12:00;15,7
Stavanger - Våland;SN44640;25.09.2025 13:00;16,6
Stavanger - Våland;SN44640;25.09.2025 14:00;15,9
Stavanger - Våland;SN44640;25.09.2025 15:00;16,2
Stavanger - Våland;SN44640;25.09.2025 16:00;15,7
Stavanger - Våland;SN44640;25.09.2025 17:00;14,6
Stavanger - Våland;SN44640;25.09.2025 18:00;11,7
Stavanger - Våland;SN44640;25.09.2025 19:00;10,4
Stavanger - Våland;SN44640;25.09.2025 20:00;10,5
Stavanger - Våland;SN44640;25.09.2025 21:00;10
Stavanger - Våland;SN44640;25.09.2025 22:00;9,9
Stavanger - Våland;SN44640;25.09.2025 23:00;9,4
Stavanger - Våland;SN44640;26.09.2025 00:00;9,4
Stavanger - Våland;SN44640;26.09.2025 01:00;9,1
Stavanger - Våland;SN44640;26.09.2025 02:00;8,7
Stavanger - Våland;SN44640;26.09.2025 03:00;8,7
Stavanger - Våland;SN44640;26.09.2025 04:00;8,9
Stavanger - Våland;SN44640;26.09.2025 05:00;8,8
Stavanger - Våland;SN44640;26.09.2025 06:00;7,5
Stavanger - Våland;SN44640;26.09.2025 07:00;8,9
Stavanger - Våland;SN44640;26.09.2025 08:00;11,8
Stavanger - Våland;SN44640;26.09.2025 09:00;13,6
Stavanger - Våland;SN44640;26.09.2025 10:00;15,2
Stavanger - Våland;SN44640;26.09.2025 11:00;16,5
Stavanger - Våland;SN44640;26.09.2025 12:00;17,5
Stavanger - Våland;SN44640;26.09.2025 13:00;17,7
Stavanger - Våland;SN44640;26.09.2025 14:00;18
Stavanger - Våland;SN44640;26.09.2025 15:00;18
Stavanger - Våland;SN44640;26.09.2025 16:00;17,8
Stavanger - Våland;SN44640;26.09.2025 17:00;17
Stavanger - Våland;SN44640;26.09.2025 18:00;15
Stavanger - Våland;SN44640;26.09.2025 19:00;13,9
Stavanger - Våland;SN44640;26.09.2025 20:00;13,1
Stavanger - Våland;SN44640;26.09.2025 21:00;12,8
Stavanger - Våland;SN44640;26.09.2025 22:00;12,5
Stavanger - Våland;SN44640;26.09.2025 23:00;12,5
Stavanger - Våland;SN44640;27.09.2025 00:00;13,3
Stavanger - Våland;SN44640;27.09.2025 01:00;13,3
Stavanger - Våland;SN44640;27.09.2025 02:00;13,1
Stavanger - Våland;SN44640;27.09.2025 03:00;12,7
Stavanger - Våland;SN44640;27.09.2025 04:00;12,5
Stavanger - Våland;SN44640;27.09.2025 05:00;12,3
Stavanger - Våland;SN44640;27.09.2025 06:00;13
Stavanger - Våland;SN44640;27.09.2025 07:00;12,9
Stavanger - Våland;SN44640;27.09.2025 08:00;13,8
Stavanger - Våland;SN44640;27.09.2025 09:00;15,1
Stavanger - Våland;SN44640;27.09.2025 10:00;16
Stavanger - Våland;SN44640;27.09.2025 11:00;15,9
Stavanger - Våland;SN44640;27.09.2025 12:00;15,7
Stavanger - Våland;SN44640;27.09.2025 13:00;16
Stavanger - Våland;SN44640;27.09.2025 14:00;16,5
Stavanger - Våland;SN44640;27.09.2025 15:00;17,3
Stavanger - Våland;SN44640;27.09.2025 16:00;16,6
Stavanger - Våland;SN44640;27.09.2025 17:00;15,9
Stavanger - Våland;SN44640;27.09.2025 18:00;14,7
Stavanger - Våland;SN44640;27.09.2025 19:00;14,4
Stavanger - Våland;SN44640;27.09.2025 20:00;14,1
Stavanger - Våland;SN44640;27.09.2025 21:00;14,1
Stavanger - Våland;SN44640;27.09.2025 22:00;13,8
Stavanger - Våland;SN44640;27.09.2025 23:00;14,1
Stavanger - Våland;SN44640;28.09.2025 00:00;14,5
Stavanger - Våland;SN44640;28.09.2025 01:00;14,8
Stavanger - Våland;SN44640;28.09.2025 02:00;14,8
Stavanger - Våland;SN44640;28.09.2025 03:00;14,5
Stavanger - Våland;SN44640;28.09.2025 04:00;14,4
Stavanger - Våland;SN44640;28.09.2025 05:00;14,2
Stavanger - Våland;SN44640;28.09.2025 06:00;13,9
Stavanger - Våland;SN44640;28.09.2025 07:00;14,2
Stavanger - Våland;SN44640;28.09.2025 08:00;14,4
Stavanger - Våland;SN44640;28.09.2025 09:00;14,1
Stavanger - Våland;SN44640;28.09.2025 10:00;14,5
Stavanger - Våland;SN44640;28.09.2025 11:00;14,9
Stavanger - Våland;SN44640;28.09.2025 12:00;15,4
Stavanger - Våland;SN44640;28.09.2025 13:00;15,7
Stavanger - Våland;SN44640;28.09.2025 14:00;15,4
Stavanger - Våland;SN44640;28.09.2025 15:00;15,6
Stavanger - Våland;SN44640;28.09.2025 16:00;15,3
Stavanger - Våland;SN44640;28.09.2025 17:00;15
Stavanger - Våland;SN44640;28.09.2025 18:00;14,8
Stavanger - Våland;SN44640;28.09.2025 19:00;13,9
Stavanger - Våland;SN44640;28.09.2025 20:00;13,3
Stavanger - Våland;SN44640;28.09.2025 21:00;13,9
Stavanger - Våland;SN44640;28.09.2025 22:00;13,8
Stavanger - Våland;SN44640;28.09.2025 23:00;13,9
Stavanger - Våland;SN44640;29.09.2025 00:00;14
Stavanger - Våland;SN44640;29.09.2025 01:00;12,5
Stavanger - Våland;SN44640;29.09.2025 02:00;12,1
Stavanger - Våland;SN44640;29.09.2025 03:00;11,8
Stavanger - Våland;SN44640;29.09.2025 04:00;11,6
Stavanger - Våland;SN44640;29.09.2025 05:00;11,7
Stavanger - Våland;SN44640;29.09.2025 06:00;11,4
Stavanger - Våland;SN44640;29.09.2025 07:00;11,7
Stavanger - Våland;SN44640;29.09.2025 08:00;12,6
Stavanger - Våland;SN44640;29.09.2025 09:00;13,1
Stavanger - Våland;SN44640;29.09.2025 10:00;13,1
Stavanger - Våland;SN44640;29.09.2025 11:00;14,4
Stavanger - Våland;SN44640;29.09.2025 12:00;14,4
Stavanger - Våland;SN44640;29.09.2025 13:00;13,3
Stavanger - Våland;SN44640;29.09.2025 14:00;12,7
Stavanger - Våland;SN44640;29.09.2025 15:00;13,1
Stavanger - Våland;SN44640;29.09.2025 16:00;13,5
Stavanger - Våland;SN44640;29.09.2025 17:00;13,5
Stavanger - Våland;SN44640;29.09.2025 18:00;13,2
Stavanger - Våland;SN44640;29.09.2025 19:00;12,9
Stavanger - Våland;SN44640;29.09.2025 20:00;12,7
Stavanger - Våland;SN44640;29.09.2025 21:00;12,2
Stavanger - Våland;SN44640;29.09.2025 22:00;12,2
Stavanger - Våland;SN44640;29.09.2025 23:00;12,2
Stavanger - Våland;SN44640;30.09.2025 00:00;12,4
Stavanger - Våland;SN44640;30.09.2025 01:00;13,1
Stavanger - Våland;SN44640;30.09.2025 02:00;13
Stavanger - Våland;SN44640;30.09.2025 03:00;12,6
Stavanger - Våland;SN44640;30.09.2025 04:00;12,7
Stavanger - Våland;SN44640;30.09.2025 05:00;12,7
Stavanger - Våland;SN44640;30.09.2025 06:00;12,3
Stavanger - Våland;SN44640;30.09.2025 07:00;11,9
Stavanger - Våland;SN44640;30.09.2025 08:00;12,2
Stavanger - Våland;SN44640;30.09.2025 09:00;12,2
Stavanger - Våland;SN44640;30.09.2025 10:00;15,2
Stavanger - Våland;SN44640;30.09.2025 11:00;14,3
Stavanger - Våland;SN44640;30.09.2025 12:00;16,2
Stavanger - Våland;SN44640;30.09.2025 13:00;15,8
Stavanger - Våland;SN44640;30.09.2025 14:00;16,2
Stavanger - Våland;SN44640;30.09.2025 15:00;15,1
Stavanger - Våland;SN44640;30.09.2025 16:00;14,4
Stavanger - Våland;SN44640;30.09.2025 17:00;13,6
Stavanger - Våland;SN44640;30.09.2025 18:00;11,9
Stavanger - Våland;SN44640;30.09.2025 19:00;11,1
Stavanger - Våland;SN44640;30.09.2025 20:00;10,5
Stavanger - Våland;SN44640;30.09.2025 21:00;10,1
Stavanger - Våland;SN44640;30.09.2025 22:00;10,1
Stavanger - Våland;SN44640;30.09.2025 23:00;9,9
Stavanger - Våland;SN44640;01.10.2025 00:00;10
Stavanger - Våland;SN44640;01.10.2025 01:00;11
Stavanger - Våland;SN44640;01.10.2025 02:00;10,9
Stavanger - Våland;SN44640;01.10.2025 03:00;10,6
Stavanger - Våland;SN44640;01.10.2025 04:00;10,4
Stavanger - Våland;SN44640;01.10.2025 05:00;11,7
Stavanger - Våland;SN44640;01.10.2025 06:00;12
Stavanger - Våland;SN44640;01.10.2025 07:00;11,9
Stavanger - Våland;SN44640;01.10.2025 08:00;12,2
Stavanger - Våland;SN44640;01.10.2025 09:00;12,4
Stavanger - Våland;SN44640;01.10.2025 10:00;12,6
Stavanger - Våland;SN44640;01.10.2025 11:00;12,8
Stavanger - Våland;SN44640;01.10.2025 12:00;13,3
Stavanger - Våland;SN44640;01.10.2025 13:00;14,9
Stavanger - Våland;SN44640;01.10.2025 14:00;14
Stavanger - Våland;SN44640;01.10.2025 15:00;14,3
Stavanger - Våland;SN44640;01.10.2025 16:00;13,6
Stavanger - Våland;SN44640;01.10.2025 17:00;12,7
Stavanger - Våland;SN44640;01.10.2025 18:00;12,3
Stavanger - Våland;SN44640;01.10.2025 19:00;12,4
Stavanger - Våland;SN44640;01.10.2025 20:00;12,4
Stavanger - Våland;SN44640;01.10.2025 21:00;12,3
Stavanger - Våland;SN44640;01.10.2025 22:00;12,3
Stavanger - Våland;SN44640;01.10.2025 23:00;12,2
Stavanger - Våland;SN44640;02.10.2025 00:00;12,3
Stavanger - Våland;SN44640;02.10.2025 01:00;11,5
Stavanger - Våland;SN44640;02.10.2025 02:00;10,8
Stavanger - Våland;SN44640;02.10.2025 03:00;11
Stavanger - Våland;SN44640;02.10.2025 04:00;11,4
Stavanger - Våland;SN44640;02.10.2025 05:00;11,9
Stavanger - Våland;SN44640;02.10.2025 06:00;12
Stavanger - Våland;SN44640;02.10.2025 07:00;11,7
Stavanger - Våland;SN44640;02.10.2025 08:00;12
Stavanger - Våland;SN44640;02.10.2025 09:00;12,5
Stavanger - Våland;SN44640;02.10.2025 10:00;12
Stavanger - Våland;SN44640;02.10.2025 11:00;12,7
Stavanger - Våland;SN44640;02.10.2025 12:00;13,3
Stavanger - Våland;SN44640;02.10.2025 13:00;13,7
Stavanger - Våland;SN44640;02.10.2025 14:00;13,1
Stavanger - Våland;SN44640;02.10.2025 15:00;12,5
Stavanger - Våland;SN44640;02.10.2025 16:00;11,7
Stavanger - Våland;SN44640;02.10.2025 17:00;11,6
Stavanger - Våland;SN44640;02.10.2025 18:00;11,7
Stavanger - Våland;SN44640;02.10.2025 19:00;11,9
Stavanger - Våland;SN44640;02.10.2025 20:00;11,9
Stavanger - Våland;SN44640;02.10.2025 21:00;11,9
Stavanger - Våland;SN44640;02.10.2025 22:00;11,9
Stavanger - Våland;SN44640;02.10.2025 23:00;12
Stavanger - Våland;SN44640;03.10.2025 00:00;12,2
Stavanger - Våland;SN44640;03.10.2025 01:00;12,6
Stavanger - Våland;SN44640;03.10.2025 02:00;12,7
Stavanger - Våland;SN44640;03.10.2025 03:00;12,9
Stavanger - Våland;SN44640;03.10.2025 04:00;12,9
Stavanger - Våland;SN44640;03.10.2025 05:00;12,8
Stavanger - Våland;SN44640;03.10.2025 06:00;13,3
Stavanger - Våland;SN44640;03.10.2025 07:00;13,6
Stavanger - Våland;SN44640;03.10.2025 08:00;13,8
Stavanger - Våland;SN44640;03.10.2025 09:00;12,5
Stavanger - Våland;SN44640;03.10.2025 10:00;12,8
Stavanger - Våland;SN44640;03.10.2025 11:00;12,7
Stavanger - Våland;SN44640;03.10.2025 12:00;13,8
Stavanger - Våland;SN44640;03.10.2025 13:00;13,3
Stavanger - Våland;SN44640;03.10.2025 14:00;13
Stavanger - Våland;SN44640;03.10.2025 15:00;12,4
Stavanger - Våland;SN44640;03.10.2025 16:00;12,8
Stavanger - Våland;SN44640;03.10.2025 17:00;12,6
Stavanger - Våland;SN44640;03.10.2025 18:00;12,3
Stavanger - Våland;SN44640;03.10.2025 19:00;12,6
Stavanger - Våland;SN44640;03.10.2025 20:00;12,6
Stavanger - Våland;SN44640;03.10.2025 21:00;11,3
Stavanger - Våland;SN44640;03.10.2025 22:00;10,7
Stavanger - Våland;SN44640;03.10.2025 23:00;10,4
Stavanger - Våland;SN44640;04.10.2025 00:00;10,3
Stavanger - Våland;SN44640;04.10.2025 01:00;10,3
Stavanger - Våland;SN44640;04.10.2025 02:00;10,1
Stavanger - Våland;SN44640;04.10.2025 03:00;10,2
Stavanger - Våland;SN44640;04.10.2025 04:00;10,4
Stavanger - Våland;SN44640;04.10.2025 05:00;11,6
Stavanger - Våland;SN44640;04.10.2025 06:00;11,4
Stavanger - Våland;SN44640;04.10.2025 07:00;10,1
Stavanger - Våland;SN44640;04.10.2025 08:00;10,8
Stavanger - Våland;SN44640;04.10.2025 09:00;11,7
Stavanger - Våland;SN44640;04.10.2025 10:00;10,9
Stavanger - Våland;SN44640;04.10.2025 11:00;9,9
Stavanger - Våland;SN44640;04.10.2025 12:00;10,1
Stavanger - Våland;SN44640;04.10.2025 13:00;10,5
Stavanger - Våland;SN44640;04.10.2025 14:00;8,9
Stavanger - Våland;SN44640;04.10.2025 15:00;9,7
Stavanger - Våland;SN44640;04.10.2025 16:00;10,1
Stavanger - Våland;SN44640;04.10.2025 17:00;9,4
Stavanger - Våland;SN44640;04.10.2025 18:00;9,6
Stavanger - Våland;SN44640;04.10.2025 19:00;9,8
Stavanger - Våland;SN44640;04.10.2025 20:00;9,7
Stavanger - Våland;SN44640;04.10.2025 21:00;10
Stavanger - Våland;SN44640;04.10.2025 22:00;10,7
Stavanger - Våland;SN44640;04.10.2025 23:00;11,3
Stavanger - Våland;SN44640;05.10.2025 00:00;11,3
Stavanger - Våland;SN44640;05.10.2025 01:00;10,9
Stavanger - Våland;SN44640;05.10.2025 02:00;11,2
Stavanger - Våland;SN44640;05.10.2025 03:00;10,3
Stavanger - Våland;SN44640;05.10.2025 04:00;10,9
Stavanger - Våland;SN44640;05.10.2025 05:00;11,1
Stavanger - Våland;SN44640;05.10.2025 06:00;11,5
Stavanger - Våland;SN44640;05.10.2025 07:00;11,9
Stavanger - Våland;SN44640;05.10.2025 08:00;11,6
Stavanger - Våland;SN44640;05.10.2025 09:00;12,3
Stavanger - Våland;SN44640;05.10.2025 10:00;11,7
Stavanger - Våland;SN44640;05.10.2025 11:00;11,4
Stavanger - Våland;SN44640;05.10.2025 12:00;13,2
Stavanger - Våland;SN44640;05.10.2025 13:00;14,7
Stavanger - Våland;SN44640;05.10.2025 14:00;14,2
Stavanger - Våland;SN44640;05.10.2025 15:00;14,5
Stavanger - Våland;SN44640;05.10.2025 16:00;13,5
Stavanger - Våland;SN44640;05.10.2025 17:00;12,6
Stavanger - Våland;SN44640;05.10.2025 18:00;11,8
Stavanger - Våland;SN44640;05.10.2025 19:00;11,1
Stavanger - Våland;SN44640;05.10.2025 20:00;10,4
Stavanger - Våland;SN44640;05.10.2025 21:00;9,9
Stavanger - Våland;SN44640;05.10.2025 22:00;9,9
Stavanger - Våland;SN44640;05.10.2025 23:00;9,8
Stavanger - Våland;SN44640;06.10.2025 00:00;9,7
Stavanger - Våland;SN44640;06.10.2025 01:00;9,8
Stavanger - Våland;SN44640;06.10.2025 02:00;8,3
Stavanger - Våland;SN44640;06.10.2025 03:00;7,9
Stavanger - Våland;SN44640;06.10.2025 04:00;8,4
Stavanger - Våland;SN44640;06.10.2025 05:00;9,1
Stavanger - Våland;SN44640;06.10.2025 06:00;9,7
Stavanger - Våland;SN44640;06.10.2025 07:00;9,5
Stavanger - Våland;SN44640;06.10.2025 08:00;9,8
Stavanger - Våland;SN44640;06.10.2025 09:00;10,6
Stavanger - Våland;SN44640;06.10.2025 10:00;11,6
Stavanger - Våland;SN44640;06.10.2025 11:00;12,4
Stavanger - Våland;SN44640;06.10.2025 12:00;12,2
Stavanger - Våland;SN44640;06.10.2025 13:00;11,9
Stavanger - Våland;SN44640;06.10.2025 14:00;11,9
Stavanger - Våland;SN44640;06.10.2025 15:00;12,2
Stavanger - Våland;SN44640;06.10.2025 16:00;12,4
Stavanger - Våland;SN44640;06.10.2025 17:00;12,2
Stavanger - Våland;SN44640;06.10.2025 18:00;11,9
Stavanger - Våland;SN44640;06.10.2025 19:00;11,9
Stavanger - Våland;SN44640;06.10.2025 20:00;11,9
Stavanger - Våland;SN44640;06.10.2025 21:00;12
Stavanger - Våland;SN44640;06.10.2025 22:00;12,1
Stavanger - Våland;SN44640;06.10.2025 23:00;12,3
Stavanger - Våland;SN44640;07.10.2025 00:00;12,5
Stavanger - Våland;SN44640;07.10.2025 01:00;13,4
Stavanger - Våland;SN44640;07.10.2025 02:00;13,1
Stavanger - Våland;SN44640;07.10.2025 03:00;13,2
Stavanger - Våland;SN44640;07.10.2025 04:00;13,2
Stavanger - Våland;SN44640;07.10.2025 05:00;13,3
Stavanger - Våland;SN44640;07.10.2025 06:00;13,5
Stavanger - Våland;SN44640;07.10.2025 07:00;13,1
Stavanger - Våland;SN44640;07.10.2025 08:00;12,9
Stavanger - Våland;SN44640;07.10.2025 09:00;12,7
Stavanger - Våland;SN44640;07.10.2025 10:00;13,2
Stavanger - Våland;SN44640;07.10.2025 11:00;13,2
Stavanger - Våland;SN44640;07.10.2025 12:00;13,6
Stavanger - Våland;SN44640;07.10.2025 13:00;13,6
Stavanger - Våland;SN44640;07.10.2025 14:00;13,3
Stavanger - Våland;SN44640;07.10.2025 15:00;13,3
Stavanger - Våland;SN44640;07.10.2025 16:00;13,1
Stavanger - Våland;SN44640;07.10.2025 17:00;12,9
Stavanger - Våland;SN44640;07.10.2025 18:00;12,6
Stavanger - Våland;SN44640;07.10.2025 19:00;12,3
Stavanger - Våland;SN44640;07.10.2025 20:00;12,3
Stavanger - Våland;SN44640;07.10.2025 21:00;12,2
Stavanger - Våland;SN44640;07.10.2025 22:00;11,3
Stavanger - Våland;SN44640;07.10.2025 23:00;10,1
Stavanger - Våland;SN44640;08.10.2025 00:00;10,2
Stavanger - Våland;SN44640;08.10.2025 01:00;9,7
Stavanger - Våland;SN44640;08.10.2025 02:00;8,3
Stavanger - Våland;SN44640;08.10.2025 03:00;8,8
Stavanger - Våland;SN44640;08.10.2025 04:00;9,4
Stavanger - Våland;SN44640;08.10.2025 05:00;9,7
Stavanger - Våland;SN44640;08.10.2025 06:00;10,2
Stavanger - Våland;SN44640;08.10.2025 07:00;10,5
Stavanger - Våland;SN44640;08.10.2025 08:00;11
Stavanger - Våland;SN44640;08.10.2025 09:00;11,5
Stavanger - Våland;SN44640;08.10.2025 10:00;12,1
Stavanger - Våland;SN44640;08.10.2025 11:00;12,1
Stavanger - Våland;SN44640;08.10.2025 12:00;12,3
Stavanger - Våland;SN44640;08.10.2025 13:00;12,5
Stavanger - Våland;SN44640;08.10.2025 14:00;12,8
Stavanger - Våland;SN44640;08.10.2025 15:00;12,6
Stavanger - Våland;SN44640;08.10.2025 16:00;11,9
Stavanger - Våland;SN44640;08.10.2025 17:00;11,6
Stavanger - Våland;SN44640;08.10.2025 18:00;11,1
Stavanger - Våland;SN44640;08.10.2025 19:00;11
Stavanger - Våland;SN44640;08.10.2025 20:00;10,9
Stavanger - Våland;SN44640;08.10.2025 21:00;10,6
Stavanger - Våland;SN44640;08.10.2025 22:00;10,6
Stavanger - Våland;SN44640;08.10.2025 23:00;10,6
Stavanger - Våland;SN44640;09.10.2025 00:00;11
Stavanger - Våland;SN44640;09.10.2025 01:00;11,2
Stavanger - Våland;SN44640;09.10.2025 02:00;11,2
Stavanger - Våland;SN44640;09.10.2025 03:00;11,1
Stavanger - Våland;SN44640;09.10.2025 04:00;11,5
Stavanger - Våland;SN44640;09.10.2025 05:00;12,1
Stavanger - Våland;SN44640;09.10.2025 06:00;11,9
Stavanger - Våland;SN44640;09.10.2025 07:00;11,9
Stavanger - Våland;SN44640;09.10.2025 08:00;12,2
Stavanger - Våland;SN44640;09.10.2025 09:00;12,2
Stavanger - Våland;SN44640;09.10.2025 10:00;11,8
Stavanger - Våland;SN44640;09.10.2025 11:00;10,9
Stavanger - Våland;SN44640;09.10.2025 12:00;11,8
Stavanger - Våland;SN44640;09.10.2025 13:00;11,9
Stavanger - Våland;SN44640;09.10.2025 14:00;11,4
Stavanger - Våland;SN44640;09.10.2025 15:00;11,1
Stavanger - Våland;SN44640;09.10.2025 16:00;11,5
Stavanger - Våland;SN44640;09.10.2025 17:00;11,2
Stavanger - Våland;SN44640;09.10.2025 18:00;10,9
Stavanger - Våland;SN44640;09.10.2025 19:00;10,6
Stavanger - Våland;SN44640;09.10.2025 20:00;11,1
Stavanger - Våland;SN44640;09.10.2025 21:00;11,3
Stavanger - Våland;SN44640;09.10.2025 22:00;11
Stavanger - Våland;SN44640;09.10.2025 23:00;11,2
Stavanger - Våland;SN44640;10.10.2025 00:00;11,1
Stavanger - Våland;SN44640;10.10.2025 01:00;11,4
Stavanger - Våland;SN44640;10.10.2025 02:00;10,2
Stavanger - Våland;SN44640;10.10.2025 03:00;9,7
Stavanger - Våland;SN44640;10.10.2025 04:00;10,2
Stavanger - Våland;SN44640;10.10.2025 05:00;10,4
Stavanger - Våland;SN44640;10.10.2025 06:00;10,8
Stavanger - Våland;SN44640;10.10.2025 07:00;12
Stavanger - Våland;SN44640;10.10.2025 08:00;12
Stavanger - Våland;SN44640;10.10.2025 09:00;12
Stavanger - Våland;SN44640;10.10.2025 10:00;12,3
Stavanger - Våland;SN44640;10.10.2025 11:00;12,6
Stavanger - Våland;SN44640;10.10.2025 12:00;12,4
Stavanger - Våland;SN44640;10.10.2025 13:00;12,7
Stavanger - Våland;SN44640;10.10.2025 14:00;12,5
Stavanger - Våland;SN44640;10.10.2025 15:00;12,4
Stavanger - Våland;SN44640;10.10.2025 16:00;12,2
Stavanger - Våland;SN44640;10.10.2025 17:00;11,8
Stavanger - Våland;SN44640;10.10.2025 18:00;11,6
Stavanger - Våland;SN44640;10.10.2025 19:00;11,2
Stavanger - Våland;SN44640;10.10.2025 20:00;11
Stavanger - Våland;SN44640;10.10.2025 21:00;11,1
Stavanger - Våland;SN44640;10.10.2025 22:00;10,6
Stavanger - Våland;SN44640;10.10.2025 23:00;10,4
Stavanger - Våland;SN44640;11.10.2025 00:00;11,1
Stavanger - Våland;SN44640;11.10.2025 01:00;10,9
Stavanger - Våland;SN44640;11.10.2025 02:00;10,9
Stavanger - Våland;SN44640;11.10.2025 03:00;11,1
Stavanger - Våland;SN44640;11.10.2025 04:00;10,7
Stavanger - Våland;SN44640;11.10.2025 05:00;10,1
Stavanger - Våland;SN44640;11.10.2025 06:00;10,9
Stavanger - Våland;SN44640;11.10.2025 07:00;11
Stavanger - Våland;SN44640;11.10.2025 08:00;11,1
Stavanger - Våland;SN44640;11.10.2025 09:00;11,3
Stavanger - Våland;SN44640;11.10.2025 10:00;12,1
Stavanger - Våland;SN44640;11.10.2025 11:00;12,3
Stavanger - Våland;SN44640;11.10.2025 12:00;13,4
Stavanger - Våland;SN44640;11.10.2025 13:00;12,9
Stavanger - Våland;SN44640;11.10.2025 14:00;12,7
Stavanger - Våland;SN44640;11.10.2025 15:00;12,6
Stavanger - Våland;SN44640;11.10.2025 16:00;11,8
Stavanger - Våland;SN44640;11.10.2025 17:00;11,6
Stavanger - Våland;SN44640;11.10.2025 18:00;11,7
Stavanger - Våland;SN44640;11.10.2025 19:00;12,3
Stavanger - Våland;SN44640;11.10.2025 20:00;12,3
Stavanger - Våland;SN44640;11.10.2025 21:00;12,4
Stavanger - Våland;SN44640;11.10.2025 22:00;12,5
Stavanger - Våland;SN44640;11.10.2025 23:00;12,6
Stavanger - Våland;SN44640;12.10.2025 00:00;12,3
Stavanger - Våland;SN44640;12.10.2025 01:00;12,2
Stavanger - Våland;SN44640;12.10.2025 02:00;11,7
Stavanger - Våland;SN44640;12.10.2025 03:00;11,7
Stavanger - Våland;SN44640;12.10.2025 04:00;11,7
Stavanger - Våland;SN44640;12.10.2025 05:00;11,7
Stavanger - Våland;SN44640;12.10.2025 06:00;11,6
Stavanger - Våland;SN44640;12.10.2025 07:00;11,9
Stavanger - Våland;SN44640;12.10.2025 08:00;12,1
Stavanger - Våland;SN44640;12.10.2025 09:00;12,3
Stavanger - Våland;SN44640;12.10.2025 10:00;12,7
Stavanger - Våland;SN44640;12.10.2025 11:00;13,3
Stavanger - Våland;SN44640;12.10.2025 12:00;12,9
Stavanger - Våland;SN44640;12.10.2025 13:00;13,7
Stavanger - Våland;SN44640;12.10.2025 14:00;13,5
Stavanger - Våland;SN44640;12.10.2025 15:00;13,4
Stavanger - Våland;SN44640;12.10.2025 16:00;13,1
Stavanger - Våland;SN44640;12.10.2025 17:00;11,7
Stavanger - Våland;SN44640;12.10.2025 18:00;11,1
Stavanger - Våland;SN44640;12.10.2025 19:00;10,7
Stavanger - Våland;SN44640;12.10.2025 20:00;10,1
Stavanger - Våland;SN44640;12.10.2025 21:00;9,7
Stavanger - Våland;SN44640;12.10.2025 22:00;9,4
Stavanger - Våland;SN44640;12.10.2025 23:00;8,9
Stavanger - Våland;SN44640;13.10.2025 00:00;9
Stavanger - Våland;SN44640;13.10.2025 01:00;9,1
Stavanger - Våland;SN44640;13.10.2025 02:00;9
Stavanger - Våland;SN44640;13.10.2025 03:00;8,6
Stavanger - Våland;SN44640;13.10.2025 04:00;8,9
Stavanger - Våland;SN44640;13.10.2025 05:00;9,7
Stavanger - Våland;SN44640;13.10.2025 06:00;9,5
Stavanger - Våland;SN44640;13.10.2025 07:00;9,2
Stavanger - Våland;SN44640;13.10.2025 08:00;10
Stavanger - Våland;SN44640;13.10.2025 09:00;10,3
Stavanger - Våland;SN44640;13.10.2025 10:00;10,9
Stavanger - Våland;SN44640;13.10.2025 11:00;11,9
Stavanger - Våland;SN44640;13.10.2025 12:00;12,7
Stavanger - Våland;SN44640;13.10.2025 13:00;13,5
Stavanger - Våland;SN44640;13.10.2025 14:00;12,7
Stavanger - Våland;SN44640;13.10.2025 15:00;12,6
Stavanger - Våland;SN44640;13.10.2025 16:00;12,4
Stavanger - Våland;SN44640;13.10.2025 17:00;12,5
Stavanger - Våland;SN44640;13.10.2025 18:00;12,2
Stavanger - Våland;SN44640;13.10.2025 19:00;11,2
Stavanger - Våland;SN44640;13.10.2025 20:00;10,8
Stavanger - Våland;SN44640;13.10.2025 21:00;10,1
Stavanger - Våland;SN44640;13.10.2025 22:00;9,5
Stavanger - Våland;SN44640;13.10.2025 23:00;9,4
Stavanger - Våland;SN44640;14.10.2025 00:00;9,3
Stavanger - Våland;SN44640;14.10.2025 01:00;9
Stavanger - Våland;SN44640;14.10.2025 02:00;9
Stavanger - Våland;SN44640;14.10.2025 03:00;8,9
Stavanger - Våland;SN44640;14.10.2025 04:00;9,1
Stavanger - Våland;SN44640;14.10.2025 05:00;8,6
Stavanger - Våland;SN44640;14.10.2025 06:00;8,4
Stavanger - Våland;SN44640;14.10.2025 07:00;8,4
Stavanger - Våland;SN44640;14.10.2025 08:00;8,8
Stavanger - Våland;SN44640;14.10.2025 09:00;9,7
Stavanger - Våland;SN44640;14.10.2025 10:00;10,9
Stavanger - Våland;SN44640;14.10.2025 11:00;11,7
Stavanger - Våland;SN44640;14.10.2025 12:00;13,2
Stavanger - Våland;SN44640;14.10.2025 13:00;14,5
Stavanger - Våland;SN44640;14.10.2025 14:00;15,3
Stavanger - Våland;SN44640;14.10.2025 15:00;14,6
Stavanger - Våland;SN44640;14.10.2025 16:00;14,6
Stavanger - Våland;SN44640;14.10.2025 17:00;13,4
Stavanger - Våland;SN44640;14.10.2025 18:00;11,8
Stavanger - Våland;SN44640;14.10.2025 19:00;11,4
Stavanger - Våland;SN44640;14.10.2025 20:00;11,3
Stavanger - Våland;SN44640;14.10.2025 21:00;11,1
Stavanger - Våland;SN44640;14.10.2025 22:00;11,6
Stavanger - Våland;SN44640;14.10.2025 23:00;11,5
Stavanger - Våland;SN44640;15.10.2025 00:00;11,2
Stavanger - Våland;SN44640;15.10.2025 01:00;11
Stavanger - Våland;SN44640;15.10.2025 02:00;10,9
Stavanger - Våland;SN44640;15.10.2025 03:00;10,6
Stavanger - Våland;SN44640;15.10.2025 04:00;10,1
Stavanger - Våland;SN44640;15.10.2025 05:00;10,1
Stavanger - Våland;SN44640;15.10.2025 06:00;10
Stavanger - Våland;SN44640;15.10.2025 07:00;9,8
Stavanger - Våland;SN44640;15.10.2025 08:00;9,3
Stavanger - Våland;SN44640;15.10.2025 09:00;10,6
Stavanger - Våland;SN44640;15.10.2025 10:00;11,4
Stavanger - Våland;SN44640;15.10.2025 11:00;11,5
Stavanger - Våland;SN44640;15.10.2025 12:00;12,8
Stavanger - Våland;SN44640;15.10.2025 13:00;13,8
Stavanger - Våland;SN44640;15.10.2025 14:00;12,9
Stavanger - Våland;SN44640;15.10.2025 15:00;12,5
Stavanger - Våland;SN44640;15.10.2025 16:00;11,7
Stavanger - Våland;SN44640;15.10.2025 17:00;11,2
Stavanger - Våland;SN44640;15.10.2025 18:00;11,2
Stavanger - Våland;SN44640;15.10.2025 19:00;10,6
Stavanger - Våland;SN44640;15.10.2025 20:00;10,8
Stavanger - Våland;SN44640;15.10.2025 21:00;11
Stavanger - Våland;SN44640;15.10.2025 22:00;11,1
Stavanger - Våland;SN44640;15.10.2025 23:00;11,2
Stavanger - Våland;SN44640;16.10.2025 00:00;11,2
Stavanger - Våland;SN44640;16.10.2025 01:00;11,7
Stavanger - Våland;SN44640;16.10.2025 02:00;11,6
Stavanger - Våland;SN44640;16.10.2025 03:00;11,4
Stavanger - Våland;SN44640;16.10.2025 04:00;11
Stavanger - Våland;SN44640;16.10.2025 05:00;10,5
Stavanger - Våland;SN44640;16.10.2025 06:00;9,9
Stavanger - Våland;SN44640;16.10.2025 07:00;10
Stavanger - Våland;SN44640;16.10.2025 08:00;9,8
Stavanger - Våland;SN44640;16.10.2025 09:00;10,3
Stavanger - Våland;SN44640;16.10.2025 10:00;10,7
Stavanger - Våland;SN44640;16.10.2025 11:00;11,5
Stavanger - Våland;SN44640;16.10.2025 12:00;11,9
Stavanger - Våland;SN44640;16.10.2025 13:00;11,6
Stavanger - Våland;SN44640;16.10.2025 14:00;12,4
Stavanger - Våland;SN44640;16.10.2025 15:00;10,9
Stavanger - Våland;SN44640;16.10.2025 16:00;11
Stavanger - Våland;SN44640;16.10.2025 17:00;9,4
Stavanger - Våland;SN44640;16.10.2025 18:00;8,7
Stavanger - Våland;SN44640;16.10.2025 19:00;8,1
Stavanger - Våland;SN44640;16.10.2025 20:00;7,3
Stavanger - Våland;SN44640;16.10.2025 21:00;6,9
Stavanger - Våland;SN44640;16.10.2025 22:00;6,8
Stavanger - Våland;SN44640;16.10.2025 23:00;6,7
Stavanger - Våland;SN44640;17.10.2025 00:00;6,5
Stavanger - Våland;SN44640;17.10.2025 01:00;6,1
Stavanger - Våland;SN44640;17.10.2025 02:00;6
Stavanger - Våland;SN44640;17.10.2025 03:00;6,7
Stavanger - Våland;SN44640;17.10.2025 04:00;6,5
Stavanger - Våland;SN44640;17.10.2025 05:00;6,5
Stavanger - Våland;SN44640;17.10.2025 06:00;6,1
Stavanger - Våland;SN44640;17.10.2025 07:00;6,2
Stavanger - Våland;SN44640;17.10.2025 08:00;5,8
Stavanger - Våland;SN44640;17.10.2025 09:00;6,7
Stavanger - Våland;SN44640;17.10.2025 10:00;7,7
Stavanger - Våland;SN44640;17.10.2025 11:00;7,9
Stavanger - Våland;SN44640;17.10.2025 12:00;8,8
Stavanger - Våland;SN44640;17.10.2025 13:00;9,7
Stavanger - Våland;SN44640;17.10.2025 14:00;10
Stavanger - Våland;SN44640;17.10.2025 15:00;9
Stavanger - Våland;SN44640;17.10.2025 16:00;9,3
Stavanger - Våland;SN44640;17.10.2025 17:00;7,9
Stavanger - Våland;SN44640;17.10.2025 18:00;5,5
Stavanger - Våland;SN44640;17.10.2025 19:00;4,9
Stavanger - Våland;SN44640;17.10.2025 20:00;5,4
Stavanger - Våland;SN44640;17.10.2025 21:00;5,7
Stavanger - Våland;SN44640;17.10.2025 22:00;5,5
Stavanger - Våland;SN44640;17.10.2025 23:00;4,7
Stavanger - Våland;SN44640;18.10.2025 00:00;4,8
Stavanger - Våland;SN44640;18.10.2025 01:00;4,1
Stavanger - Våland;SN44640;18.10.2025 02:00;3,3
Stavanger - Våland;SN44640;18.10.2025 03:00;3,9
Stavanger - Våland;SN44640;18.10.2025 04:00;4,2
Stavanger - Våland;SN44640;18.10.2025 05:00;4,8
Stavanger - Våland;SN44640;18.10.2025 06:00;4,8
Stavanger - Våland;SN44640;18.10.2025 07:00;4,9
Stavanger - Våland;SN44640;18.10.2025 08:00;5,5
Stavanger - Våland;SN44640;18.10.2025 09:00;6,4
Stavanger - Våland;SN44640;18.10.2025 10:00;8,2
Stavanger - Våland;SN44640;18.10.2025 11:00;8,7
Stavanger - Våland;SN44640;18.10.2025 12:00;9
Stavanger - Våland;SN44640;18.10.2025 13:00;8,9
Stavanger - Våland;SN44640;18.10.2025 14:00;9,1
Stavanger - Våland;SN44640;18.10.2025 15:00;9,6
Stavanger - Våland;SN44640;18.10.2025 16:00;8,1
Stavanger - Våland;SN44640;18.10.2025 17:00;7,4
Stavanger - Våland;SN44640;18.10.2025 18:00;6,9
Stavanger - Våland;SN44640;18.10.2025 19:00;6,6
Stavanger - Våland;SN44640;18.10.2025 20:00;7,1
Stavanger - Våland;SN44640;18.10.2025 21:00;7,3
Stavanger - Våland;SN44640;18.10.2025 22:00;7,5
Stavanger - Våland;SN44640;18.10.2025 23:00;7,7
Stavanger - Våland;SN44640;19.10.2025 00:00;7,9
Stavanger - Våland;SN44640;19.10.2025 01:00;8
Stavanger - Våland;SN44640;19.10.2025 02:00;8,2
Stavanger - Våland;SN44640;19.10.2025 03:00;8,1
Stavanger - Våland;SN44640;19.10.2025 04:00;8
Stavanger - Våland;SN44640;19.10.2025 05:00;7,9
Stavanger - Våland;SN44640;19.10.2025 06:00;8,3
Stavanger - Våland;SN44640;19.10.2025 07:00;8,4
Stavanger - Våland;SN44640;19.10.2025 08:00;8,8
Stavanger - Våland;SN44640;19.10.2025 09:00;9,8
Stavanger - Våland;SN44640;19.10.2025 10:00;10
Stavanger - Våland;SN44640;19.10.2025 11:00;10,3
Stavanger - Våland;SN44640;19.10.2025 12:00;12
Stavanger - Våland;SN44640;19.10.2025 13:00;11,2
Stavanger - Våland;SN44640;19.10.2025 14:00;10,8
Stavanger - Våland;SN44640;19.10.2025 15:00;11
Stavanger - Våland;SN44640;19.10.2025 16:00;10,6
Stavanger - Våland;SN44640;19.10.2025 17:00;9,7
Stavanger - Våland;SN44640;19.10.2025 18:00;8,6
Stavanger - Våland;SN44640;19.10.2025 19:00;7,7
Stavanger - Våland;SN44640;19.10.2025 20:00;7,2
Stavanger - Våland;SN44640;19.10.2025 21:00;6,2
Stavanger - Våland;SN44640;19.10.2025 22:00;6,7
Stavanger - Våland;SN44640;19.10.2025 23:00;7,7
Stavanger - Våland;SN44640;20.10.2025 00:00;8
Stavanger - Våland;SN44640;20.10.2025 01:00;8,6
Stavanger - Våland;SN44640;20.10.2025 02:00;8,7
Stavanger - Våland;SN44640;20.10.2025 03:00;7,3
Stavanger - Våland;SN44640;20.10.2025 04:00;9,1
Stavanger - Våland;SN44640;20.10.2025 05:00;9,2
Stavanger - Våland;SN44640;20.10.2025 06:00;9,2
Stavanger - Våland;SN44640;20.10.2025 07:00;9,4
Stavanger - Våland;SN44640;20.10.2025 08:00;9,4
Stavanger - Våland;SN44640;20.10.2025 09:00;9,5
Stavanger - Våland;SN44640;20.10.2025 10:00;10,2
Stavanger - Våland;SN44640;20.10.2025 11:00;10,6
Stavanger - Våland;SN44640;20.10.2025 12:00;11,1
Stavanger - Våland;SN44640;20.10.2025 13:00;11,4
Stavanger - Våland;SN44640;20.10.2025 14:00;10,4
Stavanger - Våland;SN44640;20.10.2025 15:00;10,5
Stavanger - Våland;SN44640;20.10.2025 16:00;10,6
Stavanger - Våland;SN44640;20.10.2025 17:00;11,2
Stavanger - Våland;SN44640;20.10.2025 18:00;11,3
Stavanger - Våland;SN44640;20.10.2025 19:00;11,5
Stavanger - Våland;SN44640;20.10.2025 20:00;11,9
Stavanger - Våland;SN44640;20.10.2025 21:00;12
Stavanger - Våland;SN44640;20.10.2025 22:00;11,9
Stavanger - Våland;SN44640;20.10.2025 23:00;11,9
Stavanger - Våland;SN44640;21.10.2025 00:00;11,8
Stavanger - Våland;SN44640;21.10.2025 01:00;11,7
Stavanger - Våland;SN44640;21.10.2025 02:00;11,8
Stavanger - Våland;SN44640;21.10.2025 03:00;11,7
Stavanger - Våland;SN44640;21.10.2025 04:00;11,7
Stavanger - Våland;SN44640;21.10.2025 05:00;11,9
Stavanger - Våland;SN44640;21.10.2025 06:00;11,6
Stavanger - Våland;SN44640;21.10.2025 07:00;11,8
Stavanger - Våland;SN44640;21.10.2025 08:00;12,4
Stavanger - Våland;SN44640;21.10.2025 09:00;12,2
Stavanger - Våland;SN44640;21.10.2025 10:00;11,1
Stavanger - Våland;SN44640;21.10.2025 11:00;12,9
Stavanger - Våland;SN44640;21.10.2025 12:00;13
Stavanger - Våland;SN44640;21.10.2025 13:00;13
Stavanger - Våland;SN44640;21.10.2025 14:00;13,1
Stavanger - Våland;SN44640;21.10.2025 15:00;13,1
Stavanger - Våland;SN44640;21.10.2025 16:00;12,6
Stavanger - Våland;SN44640;21.10.2025 17:00;11,9
Stavanger - Våland;SN44640;21.10.2025 18:00;11,9
Stavanger - Våland;SN44640;21.10.2025 19:00;11,2
Stavanger - Våland;SN44640;21.10.2025 20:00;11,6
Stavanger - Våland;SN44640;21.10.2025 21:00;11,9
Stavanger - Våland;SN44640;21.10.2025 22:00;12
Stavanger - Våland;SN44640;21.10.2025 23:00;11,8
Stavanger - Våland;SN44640;22.10.2025 00:00;10,9
Stavanger - Våland;SN44640;22.10.2025 01:00;11,2
Stavanger - Våland;SN44640;22.10.2025 02:00;11,3
Stavanger - Våland;SN44640;22.10.2025 03:00;11,1
Stavanger - Våland;SN44640;22.10.2025 04:00;11
Stavanger - Våland;SN44640;22.10.2025 05:00;10,6
Stavanger - Våland;SN44640;22.10.2025 06:00;10,6
Stavanger - Våland;SN44640;22.10.2025 07:00;11
Stavanger - Våland;SN44640;22.10.2025 08:00;11,1
Stavanger - Våland;SN44640;22.10.2025 09:00;11,5
Stavanger - Våland;SN44640;22.10.2025 10:00;12
Stavanger - Våland;SN44640;22.10.2025 11:00;12,6
Stavanger - Våland;SN44640;22.10.2025 12:00;11,3
Stavanger - Våland;SN44640;22.10.2025 13:00;11,6
Stavanger - Våland;SN44640;22.10.2025 14:00;11,1
Stavanger - Våland;SN44640;22.10.2025 15:00;11,2
Stavanger - Våland;SN44640;22.10.2025 16:00;10,8
Stavanger - Våland;SN44640;22.10.2025 17:00;10
Stavanger - Våland;SN44640;22.10.2025 18:00;9,8
Stavanger - Våland;SN44640;22.10.2025 19:00;9,7
Stavanger - Våland;SN44640;22.10.2025 20:00;9
Stavanger - Våland;SN44640;22.10.2025 21:00;8,9
Stavanger - Våland;SN44640;22.10.2025 22:00;8,5
Stavanger - Våland;SN44640;22.10.2025 23:00;8,1
Stavanger - Våland;SN44640;23.10.2025 00:00;8,4
Stavanger - Våland;SN44640;23.10.2025 01:00;8,1
Stavanger - Våland;SN44640;23.10.2025 02:00;8,1
Stavanger - Våland;SN44640;23.10.2025 03:00;8,1
Stavanger - Våland;SN44640;23.10.2025 04:00;7,4
Stavanger - Våland;SN44640;23.10.2025 05:00;7,7
Stavanger - Våland;SN44640;23.10.2025 06:00;7,8
Stavanger - Våland;SN44640;23.10.2025 07:00;7,9
Stavanger - Våland;SN44640;23.10.2025 08:00;7,7
Stavanger - Våland;SN44640;23.10.2025 09:00;7,9
Stavanger - Våland;SN44640;23.10.2025 10:00;8,2
Stavanger - Våland;SN44640;23.10.2025 11:00;9
Stavanger - Våland;SN44640;23.10.2025 12:00;10
Stavanger - Våland;SN44640;23.10.2025 13:00;10,3
Stavanger - Våland;SN44640;23.10.2025 14:00;11
Stavanger - Våland;SN44640;23.10.2025 15:00;10,9
Stavanger - Våland;SN44640;23.10.2025 16:00;10,4
Stavanger - Våland;SN44640;23.10.2025 17:00;11
Stavanger - Våland;SN44640;23.10.2025 18:00;9,7
Stavanger - Våland;SN44640;23.10.2025 19:00;9,5
Stavanger - Våland;SN44640;23.10.2025 20:00;10,2
Stavanger - Våland;SN44640;23.10.2025 21:00;11,5
Stavanger - Våland;SN44640;23.10.2025 22:00;11,3
Stavanger - Våland;SN44640;23.10.2025 23:00;11,9
Stavanger - Våland;SN44640;24.10.2025 00:00;12,6
Stavanger - Våland;SN44640;24.10.2025 01:00;12,2
Stavanger - Våland;SN44640;24.10.2025 02:00;12,9
Stavanger - Våland;SN44640;24.10.2025 03:00;12,8
Stavanger - Våland;SN44640;24.10.2025 04:00;13
Stavanger - Våland;SN44640;24.10.2025 05:00;12,4
Stavanger - Våland;SN44640;24.10.2025 06:00;12,6
Stavanger - Våland;SN44640;24.10.2025 07:00;12,4
Stavanger - Våland;SN44640;24.10.2025 08:00;12,1
Stavanger - Våland;SN44640;24.10.2025 09:00;12,5
Stavanger - Våland;SN44640;24.10.2025 10:00;13,3
Stavanger - Våland;SN44640;24.10.2025 11:00;13,7
Stavanger - Våland;SN44640;24.10.2025 12:00;14
Stavanger - Våland;SN44640;24.10.2025 13:00;14
Stavanger - Våland;SN44640;24.10.2025 14:00;13,7
Stavanger - Våland;SN44640;24.10.2025 15:00;13,3
Stavanger - Våland;SN44640;24.10.2025 16:00;13
Stavanger - Våland;SN44640;24.10.2025 17:00;12,4
Stavanger - Våland;SN44640;24.10.2025 18:00;12,1
Stavanger - Våland;SN44640;24.10.2025 19:00;12,4
Stavanger - Våland;SN44640;24.10.2025 20:00;12,1
Stavanger - Våland;SN44640;24.10.2025 21:00;11
Stavanger - Våland;SN44640;24.10.2025 22:00;10,9
Stavanger - Våland;SN44640;24.10.2025 23:00;10,8
Stavanger - Våland;SN44640;25.10.2025 00:00;10,6
Stavanger - Våland;SN44640;25.10.2025 01:00;10,4
Stavanger - Våland;SN44640;25.10.2025 02:00;9,9
Stavanger - Våland;SN44640;25.10.2025 03:00;10,6
Stavanger - Våland;SN44640;25.10.2025 04:00;10,3
Stavanger - Våland;SN44640;25.10.2025 05:00;9,9
Stavanger - Våland;SN44640;25.10.2025 06:00;9,9
Stavanger - Våland;SN44640;25.10.2025 07:00;9,4
Stavanger - Våland;SN44640;25.10.2025 08:00;9,3
Stavanger - Våland;SN44640;25.10.2025 09:00;10,5
Stavanger - Våland;SN44640;25.10.2025 10:00;12
Stavanger - Våland;SN44640;25.10.2025 11:00;12,4
Stavanger - Våland;SN44640;25.10.2025 12:00;12,3
Stavanger - Våland;SN44640;25.10.2025 13:00;13,3
Stavanger - Våland;SN44640;25.10.2025 14:00;12,6
Stavanger - Våland;SN44640;25.10.2025 15:00;12,1
Stavanger - Våland;SN44640;25.10.2025 16:00;12,2
Stavanger - Våland;SN44640;25.10.2025 17:00;11
Stavanger - Våland;SN44640;25.10.2025 18:00;10,2
Stavanger - Våland;SN44640;25.10.2025 19:00;9,7
Stavanger - Våland;SN44640;25.10.2025 20:00;9,7
Stavanger - Våland;SN44640;25.10.2025 21:00;9,8
Stavanger - Våland;SN44640;25.10.2025 22:00;9,7
Stavanger - Våland;SN44640;25.10.2025 23:00;9,7
Stavanger - Våland;SN44640;26.10.2025 00:00;9,5
Stavanger - Våland;SN44640;26.10.2025 01:00;9,3
Stavanger - Våland;SN44640;26.10.2025 02:00;8,5
Stavanger - Våland;SN44640;26.10.2025 03:00;9
Stavanger - Våland;SN44640;26.10.2025 04:00;8,3
Stavanger - Våland;SN44640;26.10.2025 05:00;8,3
Stavanger - Våland;SN44640;26.10.2025 06:00;7,4
Stavanger - Våland;SN44640;26.10.2025 07:00;7,5
Stavanger - Våland;SN44640;26.10.2025 08:00;7,1
Stavanger - Våland;SN44640;26.10.2025 09:00;7,2
Stavanger - Våland;SN44640;26.10.2025 10:00;9
Stavanger - Våland;SN44640;26.10.2025 11:00;10
Stavanger - Våland;SN44640;26.10.2025 12:00;10,3
Stavanger - Våland;SN44640;26.10.2025 13:00;10
Stavanger - Våland;SN44640;26.10.2025 14:00;9,3
Stavanger - Våland;SN44640;26.10.2025 15:00;9,1
Stavanger - Våland;SN44640;26.10.2025 16:00;9,2
Stavanger - Våland;SN44640;26.10.2025 17:00;8,6
Stavanger - Våland;SN44640;26.10.2025 18:00;9
Stavanger - Våland;SN44640;26.10.2025 19:00;8,6
Stavanger - Våland;SN44640;26.10.2025 20:00;8,2
Stavanger - Våland;SN44640;26.10.2025 21:00;7,9
Stavanger - Våland;SN44640;26.10.2025 22:00;8,2
Stavanger - Våland;SN44640;26.10.2025 23:00;7,7
Stavanger - Våland;SN44640;27.10.2025 00:00;7,7
Stavanger - Våland;SN44640;27.10.2025 01:00;7,6
Stavanger - Våland;SN44640;27.10.2025 02:00;7,7
Stavanger - Våland;SN44640;27.10.2025 03:00;7,6
Stavanger - Våland;SN44640;27.10.2025 04:00;7,7
Stavanger - Våland;SN44640;27.10.2025 05:00;7,4
Stavanger - Våland;SN44640;27.10.2025 06:00;7,6
Stavanger - Våland;SN44640;27.10.2025 07:00;6,8
Stavanger - Våland;SN44640;27.10.2025 08:00;7
Stavanger - Våland;SN44640;27.10.2025 09:00;7,5
Stavanger - Våland;SN44640;27.10.2025 10:00;8,6
Stavanger - Våland;SN44640;27.10.2025 11:00;8,6
Stavanger - Våland;SN44640;27.10.2025 12:00;9,6
Stavanger - Våland;SN44640;27.10.2025 13:00;9,9
Stavanger - Våland;SN44640;27.10.2025 14:00;10,2
Stavanger - Våland;SN44640;27.10.2025 15:00;9,7
Stavanger - Våland;SN44640;27.10.2025 16:00;10,1
Stavanger - Våland;SN44640;27.10.2025 17:00;8,7
Stavanger - Våland;SN44640;27.10.2025 18:00;9,1
Stavanger - Våland;SN44640;27.10.2025 19:00;8,4
Stavanger - Våland;SN44640;27.10.2025 20:00;8,3
Stavanger - Våland;SN44640;27.10.2025 21:00;8
Stavanger - Våland;SN44640;27.10.2025 22:00;7,4
Stavanger - Våland;SN44640;27.10.2025 23:00;7,2
Stavanger - Våland;SN44640;28.10.2025 00:00;5,8
Stavanger - Våland;SN44640;28.10.2025 01:00;5,4
Stavanger - Våland;SN44640;28.10.2025 02:00;5,7
Stavanger - Våland;SN44640;28.10.2025 03:00;5,6
Stavanger - Våland;SN44640;28.10.2025 04:00;4,1
Stavanger - Våland;SN44640;28.10.2025 05:00;4,4
Stavanger - Våland;SN44640;28.10.2025 06:00;5
Stavanger - Våland;SN44640;28.10.2025 07:00;4,3
Stavanger - Våland;SN44640;28.10.2025 08:00;4,8
Stavanger - Våland;SN44640;28.10.2025 09:00;5,4
Stavanger - Våland;SN44640;28.10.2025 10:00;6,2
Stavanger - Våland;SN44640;28.10.2025 11:00;6,4
Stavanger - Våland;SN44640;28.10.2025 12:00;8,3
Stavanger - Våland;SN44640;28.10.2025 13:00;8,2
Stavanger - Våland;SN44640;28.10.2025 14:00;8,8
Stavanger - Våland;SN44640;28.10.2025 15:00;7,8
Stavanger - Våland;SN44640;28.10.2025 16:00;6,4
Stavanger - Våland;SN44640;28.10.2025 17:00;6,4
Stavanger - Våland;SN44640;28.10.2025 18:00;4,8
Stavanger - Våland;SN44640;28.10.2025 19:00;4,7
Stavanger - Våland;SN44640;28.10.2025 20:00;4,2
Stavanger - Våland;SN44640;28.10.2025 21:00;4,2
Stavanger - Våland;SN44640;28.10.2025 22:00;4
Stavanger - Våland;SN44640;28.10.2025 23:00;4,6
Stavanger - Våland;SN44640;29.10.2025 00:00;4,1
Stavanger - Våland;SN44640;29.10.2025 01:00;4,1
Stavanger - Våland;SN44640;29.10.2025 02:00;3,9
Stavanger - Våland;SN44640;29.10.2025 03:00;3,7
Stavanger - Våland;SN44640;29.10.2025 04:00;3,7
Stavanger - Våland;SN44640;29.10.2025 05:00;4,3
Stavanger - Våland;SN44640;29.10.2025 06:00;4,8
Stavanger - Våland;SN44640;29.10.2025 07:00;5,4
Stavanger - Våland;SN44640;29.10.2025 08:00;5,5
Stavanger - Våland;SN44640;29.10.2025 09:00;7,3
Stavanger - Våland;SN44640;29.10.2025 10:00;7,6
Stavanger - Våland;SN44640;29.10.2025 11:00;8,4
Stavanger - Våland;SN44640;29.10.2025 12:00;8,7
Stavanger - Våland;SN44640;29.10.2025 13:00;8,8
Stavanger - Våland;SN44640;29.10.2025 14:00;7,5
Stavanger - Våland;SN44640;29.10.2025 15:00;7,3
Stavanger - Våland;SN44640;29.10.2025 16:00;7,7
Stavanger - Våland;SN44640;29.10.2025 17:00;7,5
Stavanger - Våland;SN44640;29.10.2025 18:00;7,5
Stavanger - Våland;SN44640;29.10.2025 19:00;7,2
Stavanger - Våland;SN44640;29.10.2025 20:00;6,7
Stavanger - Våland;SN44640;29.10.2025 21:00;7
Stavanger - Våland;SN44640;29.10.2025 22:00;7,2
Stavanger - Våland;SN44640;29.10.2025 23:00;7,5
Stavanger - Våland;SN44640;30.10.2025 00:00;7,9
Stavanger - Våland;SN44640;30.10.2025 01:00;7,6
Stavanger - Våland;SN44640;30.10.2025 02:00;7,4
Stavanger - Våland;SN44640;30.10.2025 03:00;7,2
Stavanger - Våland;SN44640;30.10.2025 04:00;7,1
Stavanger - Våland;SN44640;30.10.2025 05:00;7,4
Stavanger - Våland;SN44640;30.10.2025 06:00;6,9
Stavanger - Våland;SN44640;30.10.2025 07:00;6,1
Stavanger - Våland;SN44640;30.10.2025 08:00;5,6
Stavanger - Våland;SN44640;30.10.2025 09:00;7,4
Stavanger - Våland;SN44640;30.10.2025 10:00;7,9
Stavanger - Våland;SN44640;30.10.2025 11:00;8,6
Stavanger - Våland;SN44640;30.10.2025 12:00;9,4
Stavanger - Våland;SN44640;30.10.2025 13:00;10
Stavanger - Våland;SN44640;30.10.2025 14:00;9,3
Stavanger - Våland;SN44640;30.10.2025 15:00;8,7
Stavanger - Våland;SN44640;30.10.2025 16:00;7,7
Stavanger - Våland;SN44640;30.10.2025 17:00;6,9
Stavanger - Våland;SN44640;30.10.2025 18:00;6,6
Stavanger - Våland;SN44640;30.10.2025 19:00;5,6
Stavanger - Våland;SN44640;30.10.2025 20:00;5,3
Stavanger - Våland;SN44640;30.10.2025 21:00;5,2
Stavanger - Våland;SN44640;30.10.2025 22:00;5,4
Stavanger - Våland;SN44640;30.10.2025 23:00;5,2
Stavanger - Våland;SN44640;31.10.2025 00:00;5,1
Stavanger - Våland;SN44640;31.10.2025 01:00;5
Stavanger - Våland;SN44640;31.10.2025 02:00;4,8
Stavanger - Våland;SN44640;31.10.2025 03:00;4,8
Stavanger - Våland;SN44640;31.10.2025 04:00;5,7
Stavanger - Våland;SN44640;31.10.2025 05:00;6,6
Stavanger - Våland;SN44640;31.10.2025 06:00;7,3
Stavanger - Våland;SN44640;31.10.2025 07:00;7,5
Stavanger - Våland;SN44640;31.10.2025 08:00;8,2
Stavanger - Våland;SN44640;31.10.2025 09:00;8,7
Stavanger - Våland;SN44640;31.10.2025 10:00;9
Stavanger - Våland;SN44640;31.10.2025 11:00;9
Stavanger - Våland;SN44640;31.10.2025 12:00;10
Stavanger - Våland;SN44640;31.10.2025 13:00;10,8
Stavanger - Våland;SN44640;31.10.2025 14:00;11
Stavanger - Våland;SN44640;31.10.2025 15:00;11
Stavanger - Våland;SN44640;31.10.2025 16:00;10,8
Stavanger - Våland;SN44640;31.10.2025 17:00;10,6
Stavanger - Våland;SN44640;31.10.2025 18:00;10,4
Stavanger - Våland;SN44640;31.10.2025 19:00;10,7
Stavanger - Våland;SN44640;31.10.2025 20:00;10,9
Stavanger - Våland;SN44640;31.10.2025 21:00;10,9
Stavanger - Våland;SN44640;31.10.2025 22:00;10,9
Stavanger - Våland;SN44640;31.10.2025 23:00;11,1
Stavanger - Våland;SN44640;01.11.2025 00:00;11,4
Stavanger - Våland;SN44640;01.11.2025 01:00;11
Stavanger - Våland;SN44640;01.11.2025 02:00;10,3
Stavanger - Våland;SN44640;01.11.2025 03:00;10,4
Stavanger - Våland;SN44640;01.11.2025 04:00;10,9
Stavanger - Våland;SN44640;01.11.2025 05:00;11,2
Stavanger - Våland;SN44640;01.11.2025 06:00;11,6
Stavanger - Våland;SN44640;01.11.2025 07:00;12
Stavanger - Våland;SN44640;01.11.2025 08:00;11,9
Stavanger - Våland;SN44640;01.11.2025 09:00;11,5
Stavanger - Våland;SN44640;01.11.2025 10:00;12,3
Stavanger - Våland;SN44640;01.11.2025 11:00;11,8
Stavanger - Våland;SN44640;01.11.2025 12:00;11,7
Stavanger - Våland;SN44640;01.11.2025 13:00;12
Stavanger - Våland;SN44640;01.11.2025 14:00;11,8
Stavanger - Våland;SN44640;01.11.2025 15:00;12,1
Stavanger - Våland;SN44640;01.11.2025 16:00;11,8
Stavanger - Våland;SN44640;01.11.2025 17:00;11,5
Stavanger - Våland;SN44640;01.11.2025 18:00;11
Stavanger - Våland;SN44640;01.11.2025 19:00;11
Stavanger - Våland;SN44640;01.11.2025 20:00;11
Stavanger - Våland;SN44640;01.11.2025 21:00;10,4
Stavanger - Våland;SN44640;01.11.2025 22:00;10,5
Stavanger - Våland;SN44640;01.11.2025 23:00;10
Stavanger - Våland;SN44640;02.11.2025 00:00;9,5
Stavanger - Våland;SN44640;02.11.2025 01:00;9,1
Stavanger - Våland;SN44640;02.11.2025 02:00;9
Stavanger - Våland;SN44640;02.11.2025 03:00;9,2
Stavanger - Våland;SN44640;02.11.2025 04:00;8,9
Stavanger - Våland;SN44640;02.11.2025 05:00;8,6
Stavanger - Våland;SN44640;02.11.2025 06:00;8,3
Stavanger - Våland;SN44640;02.11.2025 07:00;8,1
Stavanger - Våland;SN44640;02.11.2025 08:00;7,4
Stavanger - Våland;SN44640;02.11.2025 09:00;7,5
Stavanger - Våland;SN44640;02.11.2025 10:00;8
Stavanger - Våland;SN44640;02.11.2025 11:00;9,3
Stavanger - Våland;SN44640;02.11.2025 12:00;10,9
Stavanger - Våland;SN44640;02.11.2025 13:00;10,1
Stavanger - Våland;SN44640;02.11.2025 14:00;10,5
Stavanger - Våland;SN44640;02.11.2025 15:00;9,8
Stavanger - Våland;SN44640;02.11.2025 16:00;9,2
Stavanger - Våland;SN44640;02.11.2025 17:00;9,1
Stavanger - Våland;SN44640;02.11.2025 18:00;8,6
Stavanger - Våland;SN44640;02.11.2025 19:00;8
Stavanger - Våland;SN44640;02.11.2025 20:00;8,5
Stavanger - Våland;SN44640;02.11.2025 21:00;8,2
Stavanger - Våland;SN44640;02.11.2025 22:00;8
Stavanger - Våland;SN44640;02.11.2025 23:00;8,1
Stavanger - Våland;SN44640;03.11.2025 00:00;7,8
Stavanger - Våland;SN44640;03.11.2025 01:00;7,6
Stavanger - Våland;SN44640;03.11.2025 02:00;8,4
Stavanger - Våland;SN44640;03.11.2025 03:00;8,2
Stavanger - Våland;SN44640;03.11.2025 04:00;8,9
Stavanger - Våland;SN44640;03.11.2025 05:00;8,6
Stavanger - Våland;SN44640;03.11.2025 06:00;8,2
Stavanger - Våland;SN44640;03.11.2025 07:00;8,3
Stavanger - Våland;SN44640;03.11.2025 08:00;8,3
Stavanger - Våland;SN44640;03.11.2025 09:00;8,2
Stavanger - Våland;SN44640;03.11.2025 10:00;8,9
Stavanger - Våland;SN44640;03.11.2025 11:00;9,4
Stavanger - Våland;SN44640;03.11.2025 12:00;10,6
Stavanger - Våland;SN44640;03.11.2025 13:00;10
Stavanger - Våland;SN44640;03.11.2025 14:00;9,4
Stavanger - Våland;SN44640;03.11.2025 15:00;9,1
Stavanger - Våland;SN44640;03.11.2025 16:00;10,2
Stavanger - Våland;SN44640;03.11.2025 17:00;10,8
Stavanger - Våland;SN44640;03.11.2025 18:00;11,1
Stavanger - Våland;SN44640;03.11.2025 19:00;10,9
Stavanger - Våland;SN44640;03.11.2025 20:00;10,8
Stavanger - Våland;SN44640;03.11.2025 21:00;11,5
Stavanger - Våland;SN44640;03.11.2025 22:00;11,9
Stavanger - Våland;SN44640;03.11.2025 23:00;12
Stavanger - Våland;SN44640;04.11.2025 00:00;12
Stavanger - Våland;SN44640;04.11.2025 01:00;12,1
Stavanger - Våland;SN44640;04.11.2025 02:00;12,1
Stavanger - Våland;SN44640;04.11.2025 03:00;12,2
Stavanger - Våland;SN44640;04.11.2025 04:00;12
Stavanger - Våland;SN44640;04.11.2025 05:00;12,1
Stavanger - Våland;SN44640;04.11.2025 06:00;12,1
Stavanger - Våland;SN44640;04.11.2025 07:00;12
Stavanger - Våland;SN44640;04.11.2025 08:00;12,1
Stavanger - Våland;SN44640;04.11.2025 09:00;12,3
Stavanger - Våland;SN44640;04.11.2025 10:00;12,6
Stavanger - Våland;SN44640;04.11.2025 11:00;12,6
Stavanger - Våland;SN44640;04.11.2025 12:00;12,7
Stavanger - Våland;SN44640;04.11.2025 13:00;12,7
Stavanger - Våland;SN44640;04.11.2025 14:00;12,3
Stavanger - Våland;SN44640;04.11.2025 15:00;12,2
Stavanger - Våland;SN44640;04.11.2025 16:00;11,9
Stavanger - Våland;SN44640;04.11.2025 17:00;11,6
Stavanger - Våland;SN44640;04.11.2025 18:00;11,3
Stavanger - Våland;SN44640;04.11.2025 19:00;11,3
Stavanger - Våland;SN44640;04.11.2025 20:00;11,1
Stavanger - Våland;SN44640;04.11.2025 21:00;10,9
Stavanger - Våland;SN44640;04.11.2025 22:00;11,2
Stavanger - Våland;SN44640;04.11.2025 23:00;11,6
Stavanger - Våland;SN44640;05.11.2025 00:00;11,7
Stavanger - Våland;SN44640;05.11.2025 01:00;11,8
Stavanger - Våland;SN44640;05.11.2025 02:00;11,8
Stavanger - Våland;SN44640;05.11.2025 03:00;11,8
Stavanger - Våland;SN44640;05.11.2025 04:00;11,7
Stavanger - Våland;SN44640;05.11.2025 05:00;11,8
Stavanger - Våland;SN44640;05.11.2025 06:00;11,7
Stavanger - Våland;SN44640;05.11.2025 07:00;11,7
Stavanger - Våland;SN44640;05.11.2025 08:00;11,7
Stavanger - Våland;SN44640;05.11.2025 09:00;11,7
Stavanger - Våland;SN44640;05.11.2025 10:00;11,8
Stavanger - Våland;SN44640;05.11.2025 11:00;11,8
Stavanger - Våland;SN44640;05.11.2025 12:00;12,2
Stavanger - Våland;SN44640;05.11.2025 13:00;12,7
Stavanger - Våland;SN44640;05.11.2025 14:00;12,8
Stavanger - Våland;SN44640;05.11.2025 15:00;12,3
Stavanger - Våland;SN44640;05.11.2025 16:00;12,1
Stavanger - Våland;SN44640;05.11.2025 17:00;12,1
Stavanger - Våland;SN44640;05.11.2025 18:00;11,9
Stavanger - Våland;SN44640;05.11.2025 19:00;11,9
Stavanger - Våland;SN44640;05.11.2025 20:00;12
Stavanger - Våland;SN44640;05.11.2025 21:00;11,9
Stavanger - Våland;SN44640;05.11.2025 22:00;11,8
Stavanger - Våland;SN44640;05.11.2025 23:00;12,5
Stavanger - Våland;SN44640;06.11.2025 00:00;13
Stavanger - Våland;SN44640;06.11.2025 01:00;12,5
Stavanger - Våland;SN44640;06.11.2025 02:00;12,4
Stavanger - Våland;SN44640;06.11.2025 03:00;12,4
Stavanger - Våland;SN44640;06.11.2025 04:00;12,4
Stavanger - Våland;SN44640;06.11.2025 05:00;12,5
Stavanger - Våland;SN44640;06.11.2025 06:00;12,7
Stavanger - Våland;SN44640;06.11.2025 07:00;13,1
Stavanger - Våland;SN44640;06.11.2025 08:00;12,7
Stavanger - Våland;SN44640;06.11.2025 09:00;13,3
Stavanger - Våland;SN44640;06.11.2025 10:00;13,2
Stavanger - Våland;SN44640;06.11.2025 11:00;14
Stavanger - Våland;SN44640;06.11.2025 12:00;14,8
Stavanger - Våland;SN44640;06.11.2025 13:00;14,9
Stavanger - Våland;SN44640;06.11.2025 14:00;14,8
Stavanger - Våland;SN44640;06.11.2025 15:00;14,9
Stavanger - Våland;SN44640;06.11.2025 16:00;14,6
Stavanger - Våland;SN44640;06.11.2025 17:00;13,8
Stavanger - Våland;SN44640;06.11.2025 18:00;14,1
Stavanger - Våland;SN44640;06.11.2025 19:00;14
Stavanger - Våland;SN44640;06.11.2025 20:00;13,5
Stavanger - Våland;SN44640;06.11.2025 21:00;13,6
Stavanger - Våland;SN44640;06.11.2025 22:00;13,6
Stavanger - Våland;SN44640;06.11.2025 23:00;12,5
Stavanger - Våland;SN44640;07.11.2025 00:00;12
Stavanger - Våland;SN44640;07.11.2025 01:00;11,6
Stavanger - Våland;SN44640;07.11.2025 02:00;11,1
Stavanger - Våland;SN44640;07.11.2025 03:00;11,3
Stavanger - Våland;SN44640;07.11.2025 04:00;11,4
Stavanger - Våland;SN44640;07.11.2025 05:00;11,2
Stavanger - Våland;SN44640;07.11.2025 06:00;11,1
Stavanger - Våland;SN44640;07.11.2025 07:00;10,4
Stavanger - Våland;SN44640;07.11.2025 08:00;10,2
Stavanger - Våland;SN44640;07.11.2025 09:00;9,9
Stavanger - Våland;SN44640;07.11.2025 10:00;9,6
Stavanger - Våland;SN44640;07.11.2025 11:00;10,4
Stavanger - Våland;SN44640;07.11.2025 12:00;11,4
Stavanger - Våland;SN44640;07.11.2025 13:00;12,6
Stavanger - Våland;SN44640;07.11.2025 14:00;12,3
Stavanger - Våland;SN44640;07.11.2025 15:00;11,7
Stavanger - Våland;SN44640;07.11.2025 16:00;10,9
Stavanger - Våland;SN44640;07.11.2025 17:00;9,5
Stavanger - Våland;SN44640;07.11.2025 18:00;10,6
Stavanger - Våland;SN44640;07.11.2025 19:00;11,5
Stavanger - Våland;SN44640;07.11.2025 20:00;11,3
Stavanger - Våland;SN44640;07.11.2025 21:00;11,3
Stavanger - Våland;SN44640;07.11.2025 22:00;11,1
Stavanger - Våland;SN44640;07.11.2025 23:00;11
Stavanger - Våland;SN44640;08.11.2025 00:00;11,3
Stavanger - Våland;SN44640;08.11.2025 01:00;10,9
Stavanger - Våland;SN44640;08.11.2025 02:00;10,7
Stavanger - Våland;SN44640;08.11.2025 03:00;10,6
Stavanger - Våland;SN44640;08.11.2025 04:00;10,5
Stavanger - Våland;SN44640;08.11.2025 05:00;10,4
Stavanger - Våland;SN44640;08.11.2025 06:00;10,4
Stavanger - Våland;SN44640;08.11.2025 07:00;10,5
Stavanger - Våland;SN44640;08.11.2025 08:00;10,6
Stavanger - Våland;SN44640;08.11.2025 09:00;10,6
Stavanger - Våland;SN44640;08.11.2025 10:00;11
Stavanger - Våland;SN44640;08.11.2025 11:00;10,9
Stavanger - Våland;SN44640;08.11.2025 12:00;11,2
Stavanger - Våland;SN44640;08.11.2025 13:00;11,1
Stavanger - Våland;SN44640;08.11.2025 14:00;11,3
Stavanger - Våland;SN44640;08.11.2025 15:00;11,1
Stavanger - Våland;SN44640;08.11.2025 16:00;10,9
Stavanger - Våland;SN44640;08.11.2025 17:00;10,5
Stavanger - Våland;SN44640;08.11.2025 18:00;10,4
Stavanger - Våland;SN44640;08.11.2025 19:00;10,2
Stavanger - Våland;SN44640;08.11.2025 20:00;10,2
Stavanger - Våland;SN44640;08.11.2025 21:00;10,2
Stavanger - Våland;SN44640;08.11.2025 22:00;9,9
Stavanger - Våland;SN44640;08.11.2025 23:00;9,8
Stavanger - Våland;SN44640;09.11.2025 00:00;9,9
Stavanger - Våland;SN44640;09.11.2025 01:00;10,2
Stavanger - Våland;SN44640;09.11.2025 02:00;10,1
Stavanger - Våland;SN44640;09.11.2025 03:00;10,1
Stavanger - Våland;SN44640;09.11.2025 04:00;10
Stavanger - Våland;SN44640;09.11.2025 05:00;10,1
Stavanger - Våland;SN44640;09.11.2025 06:00;9,9
Stavanger - Våland;SN44640;09.11.2025 07:00;9,9
Stavanger - Våland;SN44640;09.11.2025 08:00;9,9
Stavanger - Våland;SN44640;09.11.2025 09:00;10,1
Stavanger - Våland;SN44640;09.11.2025 10:00;10,2
Stavanger - Våland;SN44640;09.11.2025 11:00;10,2
Stavanger - Våland;SN44640;09.11.2025 12:00;10,6
Stavanger - Våland;SN44640;09.11.2025 13:00;10,8
Stavanger - Våland;SN44640;09.11.2025 14:00;10,9
Stavanger - Våland;SN44640;09.11.2025 15:00;10,8
Stavanger - Våland;SN44640;09.11.2025 16:00;10,6
Stavanger - Våland;SN44640;09.11.2025 17:00;10,5
Stavanger - Våland;SN44640;09.11.2025 18:00;10,5
Stavanger - Våland;SN44640;09.11.2025 19:00;10,3
Stavanger - Våland;SN44640;09.11.2025 20:00;10,2
Stavanger - Våland;SN44640;09.11.2025 21:00;10,4
Stavanger - Våland;SN44640;09.11.2025 22:00;10,5
Stavanger - Våland;SN44640;09.11.2025 23:00;10,5
Stavanger - Våland;SN44640;10.11.2025 00:00;10
Stavanger - Våland;SN44640;10.11.2025 01:00;9,3
Stavanger - Våland;SN44640;10.11.2025 02:00;9
Stavanger - Våland;SN44640;10.11.2025 03:00;8,9
Stavanger - Våland;SN44640;10.11.2025 04:00;9
Stavanger - Våland;SN44640;10.11.2025 05:00;9
Stavanger - Våland;SN44640;10.11.2025 06:00;9,3
Stavanger - Våland;SN44640;10.11.2025 07:00;9,6
Stavanger - Våland;SN44640;10.11.2025 08:00;9,8
Stavanger - Våland;SN44640;10.11.2025 09:00;10
Stavanger - Våland;SN44640;10.11.2025 10:00;10,5
Stavanger - Våland;SN44640;10.11.2025 11:00;10,8
Stavanger - Våland;SN44640;10.11.2025 12:00;11,1
Stavanger - Våland;SN44640;10.11.2025 13:00;11,1
Stavanger - Våland;SN44640;10.11.2025 14:00;10,9
Stavanger - Våland;SN44640;10.11.2025 15:00;11,1
Stavanger - Våland;SN44640;10.11.2025 16:00;11,2
Stavanger - Våland;SN44640;10.11.2025 17:00;11,3
Stavanger - Våland;SN44640;10.11.2025 18:00;10,7
Stavanger - Våland;SN44640;10.11.2025 19:00;11
Stavanger - Våland;SN44640;10.11.2025 20:00;10,7
Stavanger - Våland;SN44640;10.11.2025 21:00;10,9
Stavanger - Våland;SN44640;10.11.2025 22:00;10,9
Stavanger - Våland;SN44640;10.11.2025 23:00;10,9
Stavanger - Våland;SN44640;11.11.2025 00:00;11
Stavanger - Våland;SN44640;11.11.2025 01:00;10,5
Stavanger - Våland;SN44640;11.11.2025 02:00;10,4
Stavanger - Våland;SN44640;11.11.2025 03:00;10,5
Stavanger - Våland;SN44640;11.11.2025 04:00;10,1
Stavanger - Våland;SN44640;11.11.2025 05:00;10,6
Stavanger - Våland;SN44640;11.11.2025 06:00;10,6
Stavanger - Våland;SN44640;11.11.2025 07:00;10,7
Stavanger - Våland;SN44640;11.11.2025 08:00;10,3
Stavanger - Våland;SN44640;11.11.2025 09:00;10,4
Stavanger - Våland;SN44640;11.11.2025 10:00;10,6
Stavanger - Våland;SN44640;11.11.2025 11:00;11
Stavanger - Våland;SN44640;11.11.2025 12:00;11,4
Stavanger - Våland;SN44640;11.11.2025 13:00;10,9
Stavanger - Våland;SN44640;11.11.2025 14:00;9,7
Stavanger - Våland;SN44640;11.11.2025 15:00;9,2
Stavanger - Våland;SN44640;11.11.2025 16:00;9,5
Stavanger - Våland;SN44640;11.11.2025 17:00;9,5
Stavanger - Våland;SN44640;11.11.2025 18:00;9,3
Stavanger - Våland;SN44640;11.11.2025 19:00;9,4
Stavanger - Våland;SN44640;11.11.2025 20:00;9,6
Stavanger - Våland;SN44640;11.11.2025 21:00;9,6
Stavanger - Våland;SN44640;11.11.2025 22:00;9,4
Stavanger - Våland;SN44640;11.11.2025 23:00;9,6
Stavanger - Våland;SN44640;12.11.2025 00:00;9,9
Stavanger - Våland;SN44640;12.11.2025 01:00;10,4
Stavanger - Våland;SN44640;12.11.2025 02:00;11,5
Stavanger - Våland;SN44640;12.11.2025 03:00;11,5
Stavanger - Våland;SN44640;12.11.2025 04:00;11,6
Stavanger - Våland;SN44640;12.11.2025 05:00;11,6
Stavanger - Våland;SN44640;12.11.2025 06:00;11,7
Stavanger - Våland;SN44640;12.11.2025 07:00;11,8
Stavanger - Våland;SN44640;12.11.2025 08:00;11,7
Stavanger - Våland;SN44640;12.11.2025 09:00;11,7
Stavanger - Våland;SN44640;12.11.2025 10:00;11,7
Stavanger - Våland;SN44640;12.11.2025 11:00;11,7
Stavanger - Våland;SN44640;12.11.2025 12:00;11,7
Stavanger - Våland;SN44640;12.11.2025 13:00;11,9
Stavanger - Våland;SN44640;12.11.2025 14:00;11,8
Stavanger - Våland;SN44640;12.11.2025 15:00;11,6
Stavanger - Våland;SN44640;12.11.2025 16:00;11,3
Stavanger - Våland;SN44640;12.11.2025 17:00;11,4
Stavanger - Våland;SN44640;12.11.2025 18:00;10,9
Stavanger - Våland;SN44640;12.11.2025 19:00;11,1
Stavanger - Våland;SN44640;12.11.2025 20:00;10,4
Stavanger - Våland;SN44640;12.11.2025 21:00;10,3
Stavanger - Våland;SN44640;12.11.2025 22:00;9,7
Stavanger - Våland;SN44640;12.11.2025 23:00;9,2
Stavanger - Våland;SN44640;13.11.2025 00:00;9,1
Stavanger - Våland;SN44640;13.11.2025 01:00;7,6
Stavanger - Våland;SN44640;13.11.2025 02:00;6,6
Stavanger - Våland;SN44640;13.11.2025 03:00;6,9
Stavanger - Våland;SN44640;13.11.2025 04:00;7,5
Stavanger - Våland;SN44640;13.11.2025 05:00;6,8
Stavanger - Våland;SN44640;13.11.2025 06:00;6,1
Stavanger - Våland;SN44640;13.11.2025 07:00;6,4
Stavanger - Våland;SN44640;13.11.2025 08:00;6,3
Stavanger - Våland;SN44640;13.11.2025 09:00;6,2
Stavanger - Våland;SN44640;13.11.2025 10:00;6,2
Stavanger - Våland;SN44640;13.11.2025 11:00;5,8
Stavanger - Våland;SN44640;13.11.2025 12:00;6
Stavanger - Våland;SN44640;13.11.2025 13:00;6,1
Stavanger - Våland;SN44640;13.11.2025 14:00;6,5
Stavanger - Våland;SN44640;13.11.2025 15:00;6,9
Stavanger - Våland;SN44640;13.11.2025 16:00;5,8
Stavanger - Våland;SN44640;13.11.2025 17:00;5,1
Stavanger - Våland;SN44640;13.11.2025 18:00;5
Stavanger - Våland;SN44640;13.11.2025 19:00;4,5
Stavanger - Våland;SN44640;13.11.2025 20:00;3,7
Stavanger - Våland;SN44640;13.11.2025 21:00;3,4
Stavanger - Våland;SN44640;13.11.2025 22:00;2,6
Stavanger - Våland;SN44640;13.11.2025 23:00;2,7
Stavanger - Våland;SN44640;14.11.2025 00:00;2,5
Stavanger - Våland;SN44640;14.11.2025 01:00;1,8
Stavanger - Våland;SN44640;14.11.2025 02:00;1,8
Stavanger - Våland;SN44640;14.11.2025 03:00;1,8
Stavanger - Våland;SN44640;14.11.2025 04:00;1,7
Stavanger - Våland;SN44640;14.11.2025 05:00;1,3
Stavanger - Våland;SN44640;14.11.2025 06:00;2,1
Stavanger - Våland;SN44640;14.11.2025 07:00;1,7
Stavanger - Våland;SN44640;14.11.2025 08:00;2,2
Stavanger - Våland;SN44640;14.11.2025 09:00;1,1
Stavanger - Våland;SN44640;14.11.2025 10:00;2,3
Stavanger - Våland;SN44640;14.11.2025 11:00;3,3
Stavanger - Våland;SN44640;14.11.2025 12:00;3,9
Stavanger - Våland;SN44640;14.11.2025 13:00;5
Stavanger - Våland;SN44640;14.11.2025 14:00;4,1
Stavanger - Våland;SN44640;14.11.2025 15:00;3,9
Stavanger - Våland;SN44640;14.11.2025 16:00;3,4
Stavanger - Våland;SN44640;14.11.2025 17:00;2,9
Stavanger - Våland;SN44640;14.11.2025 18:00;3,2
Stavanger - Våland;SN44640;14.11.2025 19:00;3,3
Stavanger - Våland;SN44640;14.11.2025 20:00;2,9
Stavanger - Våland;SN44640;14.11.2025 21:00;1,6
Stavanger - Våland;SN44640;14.11.2025 22:00;2,2
Stavanger - Våland;SN44640;14.11.2025 23:00;1,5
Stavanger - Våland;SN44640;15.11.2025 00:00;1,1
Stavanger - Våland;SN44640;15.11.2025 01:00;0,8
Stavanger - Våland;SN44640;15.11.2025 02:00;0,8
Stavanger - Våland;SN44640;15.11.2025 03:00;0,7
Stavanger - Våland;SN44640;15.11.2025 04:00;0,6
Stavanger - Våland;SN44640;15.11.2025 05:00;1
Stavanger - Våland;SN44640;15.11.2025 06:00;0,5
Stavanger - Våland;SN44640;15.11.2025 07:00;1,1
Stavanger - Våland;SN44640;15.11.2025 08:00;1,4
Stavanger - Våland;SN44640;15.11.2025 09:00;0,9
Stavanger - Våland;SN44640;15.11.2025 10:00;1,1
Stavanger - Våland;SN44640;15.11.2025 11:00;3
Stavanger - Våland;SN44640;15.11.2025 12:00;3,2
Stavanger - Våland;SN44640;15.11.2025 13:00;4,6
Stavanger - Våland;SN44640;15.11.2025 14:00;4,1
Stavanger - Våland;SN44640;15.11.2025 15:00;3,7
Stavanger - Våland;SN44640;15.11.2025 16:00;2,7
Stavanger - Våland;SN44640;15.11.2025 17:00;2,6
Stavanger - Våland;SN44640;15.11.2025 18:00;2,7
Stavanger - Våland;SN44640;15.11.2025 19:00;3,1
Stavanger - Våland;SN44640;15.11.2025 20:00;3,5
Stavanger - Våland;SN44640;15.11.2025 21:00;2,9
Stavanger - Våland;SN44640;15.11.2025 22:00;3
Stavanger - Våland;SN44640;15.11.2025 23:00;3
Stavanger - Våland;SN44640;16.11.2025 00:00;2,8
Stavanger - Våland;SN44640;16.11.2025 01:00;2,4
Stavanger - Våland;SN44640;16.11.2025 02:00;2,7
Stavanger - Våland;SN44640;16.11.2025 03:00;3,4
Stavanger - Våland;SN44640;16.11.2025 04:00;4,2
Stavanger - Våland;SN44640;16.11.2025 05:00;4,1
Stavanger - Våland;SN44640;16.11.2025 06:00;5
Stavanger - Våland;SN44640;16.11.2025 07:00;6,2
Stavanger - Våland;SN44640;16.11.2025 08:00;5,8
Stavanger - Våland;SN44640;16.11.2025 09:00;5,3
Stavanger - Våland;SN44640;16.11.2025 10:00;5,5
Stavanger - Våland;SN44640;16.11.2025 11:00;5
Stavanger - Våland;SN44640;16.11.2025 12:00;5,6
Stavanger - Våland;SN44640;16.11.2025 13:00;5,3
Stavanger - Våland;SN44640;16.11.2025 14:00;5,1
Stavanger - Våland;SN44640;16.11.2025 15:00;4,7
Stavanger - Våland;SN44640;16.11.2025 16:00;4
Stavanger - Våland;SN44640;16.11.2025 17:00;2,8
Stavanger - Våland;SN44640;16.11.2025 18:00;2,8
Stavanger - Våland;SN44640;16.11.2025 19:00;2,3
Stavanger - Våland;SN44640;16.11.2025 20:00;2,4
Stavanger - Våland;SN44640;16.11.2025 21:00;2
Stavanger - Våland;SN44640;16.11.2025 22:00;1,9
Stavanger - Våland;SN44640;16.11.2025 23:00;1,3
Stavanger - Våland;SN44640;17.11.2025 00:00;1,5
Stavanger - Våland;SN44640;17.11.2025 01:00;1,3
Stavanger - Våland;SN44640;17.11.2025 02:00;1,7
Stavanger - Våland;SN44640;17.11.2025 03:00;1,8
Stavanger - Våland;SN44640;17.11.2025 04:00;1,9
Stavanger - Våland;SN44640;17.11.2025 05:00;2
Stavanger - Våland;SN44640;17.11.2025 06:00;1,7
Stavanger - Våland;SN44640;17.11.2025 07:00;1,8
Stavanger - Våland;SN44640;17.11.2025 08:00;2,6
Stavanger - Våland;SN44640;17.11.2025 09:00;3
Stavanger - Våland;SN44640;17.11.2025 10:00;3,6
Stavanger - Våland;SN44640;17.11.2025 11:00;4,5
Stavanger - Våland;SN44640;17.11.2025 12:00;4,9
Stavanger - Våland;SN44640;17.11.2025 13:00;4,3
Stavanger - Våland;SN44640;17.11.2025 14:00;3,6
Stavanger - Våland;SN44640;17.11.2025 15:00;3,5
Stavanger - Våland;SN44640;17.11.2025 16:00;3,1
Stavanger - Våland;SN44640;17.11.2025 17:00;2,7
Stavanger - Våland;SN44640;17.11.2025 18:00;3,1
Stavanger - Våland;SN44640;17.11.2025 19:00;3
Stavanger - Våland;SN44640;17.11.2025 20:00;2,9
Stavanger - Våland;SN44640;17.11.2025 21:00;2,1
Stavanger - Våland;SN44640;17.11.2025 22:00;2,4
Stavanger - Våland;SN44640;17.11.2025 23:00;3
Stavanger - Våland;SN44640;18.11.2025 00:00;2,3
Stavanger - Våland;SN44640;18.11.2025 01:00;2
Stavanger - Våland;SN44640;18.11.2025 02:00;1,8
Stavanger - Våland;SN44640;18.11.2025 03:00;1,6
Stavanger - Våland;SN44640;18.11.2025 04:00;1,9
Stavanger - Våland;SN44640;18.11.2025 05:00;1,1
Stavanger - Våland;SN44640;18.11.2025 06:00;1,6
Stavanger - Våland;SN44640;18.11.2025 07:00;1,8
Stavanger - Våland;SN44640;18.11.2025 08:00;1,2
Stavanger - Våland;SN44640;18.11.2025 09:00;0,5
Stavanger - Våland;SN44640;18.11.2025 10:00;0,9
Stavanger - Våland;SN44640;18.11.2025 11:00;1,9
Stavanger - Våland;SN44640;18.11.2025 12:00;2,8
Stavanger - Våland;SN44640;18.11.2025 13:00;3,4
Stavanger - Våland;SN44640;18.11.2025 14:00;1,5
Stavanger - Våland;SN44640;18.11.2025 15:00;2,3
Stavanger - Våland;SN44640;18.11.2025 16:00;0,9
Stavanger - Våland;SN44640;18.11.2025 17:00;1,1
Stavanger - Våland;SN44640;18.11.2025 18:00;0,1
Stavanger - Våland;SN44640;18.11.2025 19:00;0,3
Stavanger - Våland;SN44640;18.11.2025 20:00;-0,5
Stavanger - Våland;SN44640;18.11.2025 21:00;-0,1
Stavanger - Våland;SN44640;18.11.2025 22:00;-0,5
Stavanger - Våland;SN44640;18.11.2025 23:00;-0,3
Stavanger - Våland;SN44640;19.11.2025 00:00;-0,8
Stavanger - Våland;SN44640;19.11.2025 01:00;-1
Stavanger - Våland;SN44640;19.11.2025 02:00;-0,9
Stavanger - Våland;SN44640;19.11.2025 03:00;-0,4
Stavanger - Våland;SN44640;19.11.2025 04:00;-0,8
Stavanger - Våland;SN44640;19.11.2025 05:00;-1,1
Stavanger - Våland;SN44640;19.11.2025 06:00;-1,3
Stavanger - Våland;SN44640;19.11.2025 07:00;-0,6
Stavanger - Våland;SN44640;19.11.2025 08:00;-0,8
Stavanger - Våland;SN44640;19.11.2025 09:00;-1,6
Stavanger - Våland;SN44640;19.11.2025 10:00;-1,3
Stavanger - Våland;SN44640;19.11.2025 11:00;-0,6
Stavanger - Våland;SN44640;19.11.2025 12:00;0,5
Stavanger - Våland;SN44640;19.11.2025 13:00;1,2
Stavanger - Våland;SN44640;19.11.2025 14:00;0,7
Stavanger - Våland;SN44640;19.11.2025 15:00;0,3
Stavanger - Våland;SN44640;19.11.2025 16:00;-0,7
Stavanger - Våland;SN44640;19.11.2025 17:00;-0,6
Stavanger - Våland;SN44640;19.11.2025 18:00;-1,3
Stavanger - Våland;SN44640;19.11.2025 19:00;-1,4
Stavanger - Våland;SN44640;19.11.2025 20:00;-1,4
Stavanger - Våland;SN44640;19.11.2025 21:00;-1,2
Stavanger - Våland;SN44640;19.11.2025 22:00;-1,7
Stavanger - Våland;SN44640;19.11.2025 23:00;-1,6
Stavanger - Våland;SN44640;20.11.2025 00:00;-2,1
Stavanger - Våland;SN44640;20.11.2025 01:00;-1,6
Stavanger - Våland;SN44640;20.11.2025 02:00;-2
Stavanger - Våland;SN44640;20.11.2025 03:00;-1,2
Stavanger - Våland;SN44640;20.11.2025 04:00;-1,6
Stavanger - Våland;SN44640;20.11.2025 05:00;-1,5
Stavanger - Våland;SN44640;20.11.2025 06:00;-1,2
Stavanger - Våland;SN44640;20.11.2025 07:00;-1,5
Stavanger - Våland;SN44640;20.11.2025 08:00;-1,5
Stavanger - Våland;SN44640;20.11.2025 09:00;-1,7
Stavanger - Våland;SN44640;20.11.2025 10:00;-1,1
Stavanger - Våland;SN44640;20.11.2025 11:00;-0,2
Stavanger - Våland;SN44640;20.11.2025 12:00;0,3
Stavanger - Våland;SN44640;20.11.2025 13:00;1,2
Stavanger - Våland;SN44640;20.11.2025 14:00;0,4
Stavanger - Våland;SN44640;20.11.2025 15:00;0,4
Stavanger - Våland;SN44640;20.11.2025 16:00;-1
Stavanger - Våland;SN44640;20.11.2025 17:00;-1,5
Stavanger - Våland;SN44640;20.11.2025 18:00;-2,3
Stavanger - Våland;SN44640;20.11.2025 19:00;-1,2
Stavanger - Våland;SN44640;20.11.2025 20:00;-0,9
Stavanger - Våland;SN44640;20.11.2025 21:00;-1,5
Stavanger - Våland;SN44640;20.11.2025 22:00;-0,8
Stavanger - Våland;SN44640;20.11.2025 23:00;-1,8
Stavanger - Våland;SN44640;21.11.2025 00:00;-2,3
Stavanger - Våland;SN44640;21.11.2025 01:00;-2,7
Stavanger - Våland;SN44640;21.11.2025 02:00;-2,6
Stavanger - Våland;SN44640;21.11.2025 03:00;-2,5
Stavanger - Våland;SN44640;21.11.2025 04:00;-2,2
Stavanger - Våland;SN44640;21.11.2025 05:00;-2,3
Stavanger - Våland;SN44640;21.11.2025 06:00;-2,1
Stavanger - Våland;SN44640;21.11.2025 07:00;-2,2
Stavanger - Våland;SN44640;21.11.2025 08:00;-2,5
Stavanger - Våland;SN44640;21.11.2025 09:00;-2
Stavanger - Våland;SN44640;21.11.2025 10:00;-1,7
Stavanger - Våland;SN44640;21.11.2025 11:00;-0,5
Stavanger - Våland;SN44640;21.11.2025 12:00;0,1
Stavanger - Våland;SN44640;21.11.2025 13:00;1
Stavanger - Våland;SN44640;21.11.2025 14:00;1,3
Stavanger - Våland;SN44640;21.11.2025 15:00;1,5
Stavanger - Våland;SN44640;21.11.2025 16:00;1,4
Stavanger - Våland;SN44640;21.11.2025 17:00;1,6
Stavanger - Våland;SN44640;21.11.2025 18:00;1,8
Stavanger - Våland;SN44640;21.11.2025 19:00;2
Stavanger - Våland;SN44640;21.11.2025 20:00;2,7
Stavanger - Våland;SN44640;21.11.2025 21:00;2,8
Stavanger - Våland;SN44640;21.11.2025 22:00;2,5
Stavanger - Våland;SN44640;21.11.2025 23:00;3,2
Stavanger - Våland;SN44640;22.11.2025 00:00;3,7
Stavanger - Våland;SN44640;22.11.2025 01:00;4,1
Stavanger - Våland;SN44640;22.11.2025 02:00;4
Stavanger - Våland;SN44640;22.11.2025 03:00;5,3
Stavanger - Våland;SN44640;22.11.2025 04:00;6,1
Stavanger - Våland;SN44640;22.11.2025 05:00;6,9
Stavanger - Våland;SN44640;22.11.2025 06:00;7,4
Stavanger - Våland;SN44640;22.11.2025 07:00;7,3
Stavanger - Våland;SN44640;22.11.2025 08:00;7,4
Stavanger - Våland;SN44640;22.11.2025 09:00;7,3
Stavanger - Våland;SN44640;22.11.2025 10:00;6,9
Stavanger - Våland;SN44640;22.11.2025 11:00;6,8
Stavanger - Våland;SN44640;22.11.2025 12:00;6,6
Stavanger - Våland;SN44640;22.11.2025 13:00;6,7
Stavanger - Våland;SN44640;22.11.2025 14:00;6,9
Stavanger - Våland;SN44640;22.11.2025 15:00;7
Stavanger - Våland;SN44640;22.11.2025 16:00;7
Stavanger - Våland;SN44640;22.11.2025 17:00;6,9
Stavanger - Våland;SN44640;22.11.2025 18:00;6,9
Stavanger - Våland;SN44640;22.11.2025 19:00;7
Stavanger - Våland;SN44640;22.11.2025 20:00;6,7
Stavanger - Våland;SN44640;22.11.2025 21:00;6,6
Stavanger - Våland;SN44640;22.11.2025 22:00;6
Stavanger - Våland;SN44640;22.11.2025 23:00;5,9
Stavanger - Våland;SN44640;23.11.2025 00:00;5,9
Stavanger - Våland;SN44640;23.11.2025 01:00;5,8
Stavanger - Våland;SN44640;23.11.2025 02:00;5,5
Stavanger - Våland;SN44640;23.11.2025 03:00;4,8
Stavanger - Våland;SN44640;23.11.2025 04:00;5,4
Stavanger - Våland;SN44640;23.11.2025 05:00;5,3
Stavanger - Våland;SN44640;23.11.2025 06:00;5,6
Stavanger - Våland;SN44640;23.11.2025 07:00;5,6
Stavanger - Våland;SN44640;23.11.2025 08:00;5,2
Stavanger - Våland;SN44640;23.11.2025 09:00;5,4
Stavanger - Våland;SN44640;23.11.2025 10:00;6,5
Stavanger - Våland;SN44640;23.11.2025 11:00;6,6
Stavanger - Våland;SN44640;23.11.2025 12:00;7,8
Stavanger - Våland;SN44640;23.11.2025 13:00;8,4
Stavanger - Våland;SN44640;23.11.2025 14:00;7,4
Stavanger - Våland;SN44640;23.11.2025 15:00;7,1
Stavanger - Våland;SN44640;23.11.2025 16:00;6,9
Stavanger - Våland;SN44640;23.11.2025 17:00;6,9
Stavanger - Våland;SN44640;23.11.2025 18:00;7
Stavanger - Våland;SN44640;23.11.2025 19:00;5,7
Stavanger - Våland;SN44640;23.11.2025 20:00;6
Stavanger - Våland;SN44640;23.11.2025 21:00;5,9
Stavanger - Våland;SN44640;23.11.2025 22:00;5,8
Stavanger - Våland;SN44640;23.11.2025 23:00;5,4
Stavanger - Våland;SN44640;24.11.2025 00:00;4,9
Stavanger - Våland;SN44640;24.11.2025 01:00;4,8
Stavanger - Våland;SN44640;24.11.2025 02:00;4,7
Stavanger - Våland;SN44640;24.11.2025 03:00;4,8
Stavanger - Våland;SN44640;24.11.2025 04:00;4,4
Stavanger - Våland;SN44640;24.11.2025 05:00;4,4
Stavanger - Våland;SN44640;24.11.2025 06:00;4,4
Stavanger - Våland;SN44640;24.11.2025 07:00;4,5
Stavanger - Våland;SN44640;24.11.2025 08:00;3,1
Stavanger - Våland;SN44640;24.11.2025 09:00;2,9
Stavanger - Våland;SN44640;24.11.2025 10:00;4
Stavanger - Våland;SN44640;24.11.2025 11:00;4,3
Stavanger - Våland;SN44640;24.11.2025 12:00;4,9
Stavanger - Våland;SN44640;24.11.2025 13:00;5,1
Stavanger - Våland;SN44640;24.11.2025 14:00;5
Stavanger - Våland;SN44640;24.11.2025 15:00;4,6
Stavanger - Våland;SN44640;24.11.2025 16:00;4,3
Stavanger - Våland;SN44640;24.11.2025 17:00;3,7
Stavanger - Våland;SN44640;24.11.2025 18:00;3,5
Stavanger - Våland;SN44640;24.11.2025 19:00;3,2
Stavanger - Våland;SN44640;24.11.2025 20:00;3,1
Stavanger - Våland;SN44640;24.11.2025 21:00;2,6
Stavanger - Våland;SN44640;24.11.2025 22:00;2,5
Stavanger - Våland;SN44640;24.11.2025 23:00;2,8
Stavanger - Våland;SN44640;25.11.2025 00:00;2,8
Stavanger - Våland;SN44640;25.11.2025 01:00;1,5
Stavanger - Våland;SN44640;25.11.2025 02:00;0,9
Stavanger - Våland;SN44640;25.11.2025 03:00;0,2
Stavanger - Våland;SN44640;25.11.2025 04:00;0
Stavanger - Våland;SN44640;25.11.2025 05:00;0,5
Stavanger - Våland;SN44640;25.11.2025 06:00;0,1
Stavanger - Våland;SN44640;25.11.2025 07:00;0,4
Stavanger - Våland;SN44640;25.11.2025 08:00;0,1
Stavanger - Våland;SN44640;25.11.2025 09:00;0,2
Stavanger - Våland;SN44640;25.11.2025 10:00;1,5
Stavanger - Våland;SN44640;25.11.2025 11:00;1,5
Stavanger - Våland;SN44640;25.11.2025 12:00;2,1
Stavanger - Våland;SN44640;25.11.2025 13:00;3,1
Stavanger - Våland;SN44640;25.11.2025 14:00;3,3
Stavanger - Våland;SN44640;25.11.2025 15:00;2,5
Stavanger - Våland;SN44640;25.11.2025 16:00;2,5
Stavanger - Våland;SN44640;25.11.2025 17:00;2,7
Stavanger - Våland;SN44640;25.11.2025 18:00;2,9
Stavanger - Våland;SN44640;25.11.2025 19:00;2,8
Stavanger - Våland;SN44640;25.11.2025 20:00;3
Stavanger - Våland;SN44640;25.11.2025 21:00;2,7
Stavanger - Våland;SN44640;25.11.2025 22:00;2,8
Stavanger - Våland;SN44640;25.11.2025 23:00;3,3
Stavanger - Våland;SN44640;26.11.2025 00:00;2,8
Stavanger - Våland;SN44640;26.11.2025 01:00;2,6
Stavanger - Våland;SN44640;26.11.2025 02:00;2,9
Stavanger - Våland;SN44640;26.11.2025 03:00;2,2
Stavanger - Våland;SN44640;26.11.2025 04:00;2,7
Stavanger - Våland;SN44640;26.11.2025 05:00;2,5
Stavanger - Våland;SN44640;26.11.2025 06:00;2,4
Stavanger - Våland;SN44640;26.11.2025 07:00;2,6
Stavanger - Våland;SN44640;26.11.2025 08:00;1,9
Stavanger - Våland;SN44640;26.11.2025 09:00;2,1
Stavanger - Våland;SN44640;26.11.2025 10:00;2,7
Stavanger - Våland;SN44640;26.11.2025 11:00;3
Stavanger - Våland;SN44640;26.11.2025 12:00;4,5
Stavanger - Våland;SN44640;26.11.2025 13:00;5,6
Stavanger - Våland;SN44640;26.11.2025 14:00;4,8
Stavanger - Våland;SN44640;26.11.2025 15:00;4,4
Stavanger - Våland;SN44640;26.11.2025 16:00;4,5
Stavanger - Våland;SN44640;26.11.2025 17:00;4,7
Stavanger - Våland;SN44640;26.11.2025 18:00;4,5
Stavanger - Våland;SN44640;26.11.2025 19:00;4,8
Stavanger - Våland;SN44640;26.11.2025 20:00;5,2
Stavanger - Våland;SN44640;26.11.2025 21:00;5,6
Stavanger - Våland;SN44640;26.11.2025 22:00;6,4
Stavanger - Våland;SN44640;26.11.2025 23:00;6,3
Stavanger - Våland;SN44640;27.11.2025 00:00;5,1
Stavanger - Våland;SN44640;27.11.2025 01:00;5
Stavanger - Våland;SN44640;27.11.2025 02:00;5,2
Stavanger - Våland;SN44640;27.11.2025 03:00;5,7
Stavanger - Våland;SN44640;27.11.2025 04:00;6,4
Stavanger - Våland;SN44640;27.11.2025 05:00;6,9
Stavanger - Våland;SN44640;27.11.2025 06:00;7,3
Stavanger - Våland;SN44640;27.11.2025 07:00;7,8
Stavanger - Våland;SN44640;27.11.2025 08:00;8
Stavanger - Våland;SN44640;27.11.2025 09:00;8,3
Stavanger - Våland;SN44640;27.11.2025 10:00;8,9
Stavanger - Våland;SN44640;27.11.2025 11:00;9,8
Stavanger - Våland;SN44640;27.11.2025 12:00;10,3
Stavanger - Våland;SN44640;27.11.2025 13:00;10,5
Stavanger - Våland;SN44640;27.11.2025 14:00;10,5
Stavanger - Våland;SN44640;27.11.2025 15:00;10,4
Stavanger - Våland;SN44640;27.11.2025 16:00;10,4
Stavanger - Våland;SN44640;27.11.2025 17:00;10,3
Stavanger - Våland;SN44640;27.11.2025 18:00;10,1
Stavanger - Våland;SN44640;27.11.2025 19:00;10,1
Stavanger - Våland;SN44640;27.11.2025 20:00;10,3
Stavanger - Våland;SN44640;27.11.2025 21:00;10,4
Stavanger - Våland;SN44640;27.11.2025 22:00;10,7
Stavanger - Våland;SN44640;27.11.2025 23:00;10,7
Stavanger - Våland;SN44640;28.11.2025 00:00;10,7
Stavanger - Våland;SN44640;28.11.2025 01:00;10,1
Stavanger - Våland;SN44640;28.11.2025 02:00;9,7
Stavanger - Våland;SN44640;28.11.2025 03:00;9,9
Stavanger - Våland;SN44640;28.11.2025 04:00;9,8
Stavanger - Våland;SN44640;28.11.2025 05:00;9,5
Stavanger - Våland;SN44640;28.11.2025 06:00;9,4
Stavanger - Våland;SN44640;28.11.2025 07:00;9,4
Stavanger - Våland;SN44640;28.11.2025 08:00;9
Stavanger - Våland;SN44640;28.11.2025 09:00;9,1
Stavanger - Våland;SN44640;28.11.2025 10:00;9,4
Stavanger - Våland;SN44640;28.11.2025 11:00;9,6
Stavanger - Våland;SN44640;28.11.2025 12:00;9,6
Stavanger - Våland;SN44640;28.11.2025 13:00;9,5
Stavanger - Våland;SN44640;28.11.2025 14:00;9,1
Stavanger - Våland;SN44640;28.11.2025 15:00;9
Stavanger - Våland;SN44640;28.11.2025 16:00;9
Stavanger - Våland;SN44640;28.11.2025 17:00;9
Stavanger - Våland;SN44640;28.11.2025 18:00;8,9
Stavanger - Våland;SN44640;28.11.2025 19:00;9,1
Stavanger - Våland;SN44640;28.11.2025 20:00;8,7
Stavanger - Våland;SN44640;28.11.2025 21:00;7,4
Stavanger - Våland;SN44640;28.11.2025 22:00;6,8
Stavanger - Våland;SN44640;28.11.2025 23:00;7
Stavanger - Våland;SN44640;29.11.2025 00:00;6,5
Stavanger - Våland;SN44640;29.11.2025 01:00;7
Stavanger - Våland;SN44640;29.11.2025 02:00;7,8
Stavanger - Våland;SN44640;29.11.2025 03:00;8,3
Stavanger - Våland;SN44640;29.11.2025 04:00;7,1
Stavanger - Våland;SN44640;29.11.2025 05:00;6,8
Stavanger - Våland;SN44640;29.11.2025 06:00;7,2
Stavanger - Våland;SN44640;29.11.2025 07:00;7
Stavanger - Våland;SN44640;29.11.2025 08:00;6,3
Stavanger - Våland;SN44640;29.11.2025 09:00;6,7
Stavanger - Våland;SN44640;29.11.2025 10:00;6,5
Stavanger - Våland;SN44640;29.11.2025 11:00;6,7
Stavanger - Våland;SN44640;29.11.2025 12:00;6,8
Stavanger - Våland;SN44640;29.11.2025 13:00;6,4
Stavanger - Våland;SN44640;29.11.2025 14:00;6,3
Stavanger - Våland;SN44640;29.11.2025 15:00;5,3
Stavanger - Våland;SN44640;29.11.2025 16:00;3,4
Stavanger - Våland;SN44640;29.11.2025 17:00;3,1
Stavanger - Våland;SN44640;29.11.2025 18:00;4,4
Stavanger - Våland;SN44640;29.11.2025 19:00;4,2
Stavanger - Våland;SN44640;29.11.2025 20:00;3,3
Stavanger - Våland;SN44640;29.11.2025 21:00;3,1
Stavanger - Våland;SN44640;29.11.2025 22:00;3,5
Stavanger - Våland;SN44640;29.11.2025 23:00;3,4
Stavanger - Våland;SN44640;30.11.2025 00:00;3,9
Stavanger - Våland;SN44640;30.11.2025 01:00;4,2
Stavanger - Våland;SN44640;30.11.2025 02:00;3,7
Stavanger - Våland;SN44640;30.11.2025 03:00;3,2
Stavanger - Våland;SN44640;30.11.2025 04:00;3,7
Stavanger - Våland;SN44640;30.11.2025 05:00;4
Stavanger - Våland;SN44640;30.11.2025 06:00;3,9
Stavanger - Våland;SN44640;30.11.2025 07:00;4,1
Stavanger - Våland;SN44640;30.11.2025 08:00;4,4
Stavanger - Våland;SN44640;30.11.2025 09:00;4,8
Stavanger - Våland;SN44640;30.11.2025 10:00;5,3
Stavanger - Våland;SN44640;30.11.2025 11:00;5,7
Stavanger - Våland;SN44640;30.11.2025 12:00;5,7
Stavanger - Våland;SN44640;30.11.2025 13:00;6,3
Stavanger - Våland;SN44640;30.11.2025 14:00;6,8
Stavanger - Våland;SN44640;30.11.2025 15:00;6,6
Stavanger - Våland;SN44640;30.11.2025 16:00;7
Stavanger - Våland;SN44640;30.11.2025 17:00;6,7
Stavanger - Våland;SN44640;30.11.2025 18:00;5,5
Stavanger - Våland;SN44640;30.11.2025 19:00;4,3
Stavanger - Våland;SN44640;30.11.2025 20:00;4,4
Stavanger - Våland;SN44640;30.11.2025 21:00;4,7
Stavanger - Våland;SN44640;30.11.2025 22:00;4,2
Stavanger - Våland;SN44640;30.11.2025 23:00;4,8
Stavanger - Våland;SN44640;01.12.2025 00:00;5,3
Stavanger - Våland;SN44640;01.12.2025 01:00;4,7
Stavanger - Våland;SN44640;01.12.2025 02:00;4,9
Stavanger - Våland;SN44640;01.12.2025 03:00;4,8
Stavanger - Våland;SN44640;01.12.2025 04:00;4,2
Stavanger - Våland;SN44640;01.12.2025 05:00;4,1
Stavanger - Våland;SN44640;01.12.2025 06:00;3,9
Stavanger - Våland;SN44640;01.12.2025 07:00;3,4
Stavanger - Våland;SN44640;01.12.2025 08:00;3,2
Stavanger - Våland;SN44640;01.12.2025 09:00;3,5
Stavanger - Våland;SN44640;01.12.2025 10:00;4,4
Stavanger - Våland;SN44640;01.12.2025 11:00;5,6
Stavanger - Våland;SN44640;01.12.2025 12:00;6,2
Stavanger - Våland;SN44640;01.12.2025 13:00;6,1
Stavanger - Våland;SN44640;01.12.2025 14:00;6,6
Stavanger - Våland;SN44640;01.12.2025 15:00;7,4
Stavanger - Våland;SN44640;01.12.2025 16:00;8,1
Stavanger - Våland;SN44640;01.12.2025 17:00;8,5
Stavanger - Våland;SN44640;01.12.2025 18:00;8,7
Stavanger - Våland;SN44640;01.12.2025 19:00;9
Stavanger - Våland;SN44640;01.12.2025 20:00;9,2
Stavanger - Våland;SN44640;01.12.2025 21:00;9,5
Stavanger - Våland;SN44640;01.12.2025 22:00;9,5
Stavanger - Våland;SN44640;01.12.2025 23:00;9,6
Stavanger - Våland;SN44640;02.12.2025 00:00;9,7
Stavanger - Våland;SN44640;02.12.2025 01:00;9,9
Stavanger - Våland;SN44640;02.12.2025 02:00;10
Stavanger - Våland;SN44640;02.12.2025 03:00;10
Stavanger - Våland;SN44640;02.12.2025 04:00;9,9
Stavanger - Våland;SN44640;02.12.2025 05:00;9,6
Stavanger - Våland;SN44640;02.12.2025 06:00;9,4
Stavanger - Våland;SN44640;02.12.2025 07:00;9,4
Stavanger - Våland;SN44640;02.12.2025 08:00;9,4
Stavanger - Våland;SN44640;02.12.2025 09:00;9,4
Stavanger - Våland;SN44640;02.12.2025 10:00;9,5
Stavanger - Våland;SN44640;02.12.2025 11:00;9,5
Stavanger - Våland;SN44640;02.12.2025 12:00;9,5
Stavanger - Våland;SN44640;02.12.2025 13:00;8,9
Stavanger - Våland;SN44640;02.12.2025 14:00;8,5
Stavanger - Våland;SN44640;02.12.2025 15:00;8,1
Stavanger - Våland;SN44640;02.12.2025 16:00;7,5
Stavanger - Våland;SN44640;02.12.2025 17:00;7,2
Stavanger - Våland;SN44640;02.12.2025 18:00;7,4
Stavanger - Våland;SN44640;02.12.2025 19:00;7,9
Stavanger - Våland;SN44640;02.12.2025 20:00;7,4
Stavanger - Våland;SN44640;02.12.2025 21:00;7,3
Stavanger - Våland;SN44640;02.12.2025 22:00;7,1
Stavanger - Våland;SN44640;02.12.2025 23:00;6,9
Stavanger - Våland;SN44640;03.12.2025 00:00;7,1
Stavanger - Våland;SN44640;03.12.2025 01:00;6,9
Stavanger - Våland;SN44640;03.12.2025 02:00;6,9
Stavanger - Våland;SN44640;03.12.2025 03:00;6,8
Stavanger - Våland;SN44640;03.12.2025 04:00;7,1
Stavanger - Våland;SN44640;03.12.2025 05:00;7,4
Stavanger - Våland;SN44640;03.12.2025 06:00;7,4
Stavanger - Våland;SN44640;03.12.2025 07:00;7,4
Stavanger - Våland;SN44640;03.12.2025 08:00;7,6
Stavanger - Våland;SN44640;03.12.2025 09:00;7,3
Stavanger - Våland;SN44640;03.12.2025 10:00;8,1
Stavanger - Våland;SN44640;03.12.2025 11:00;8,3
Stavanger - Våland;SN44640;03.12.2025 12:00;9
Stavanger - Våland;SN44640;03.12.2025 13:00;9,2
Stavanger - Våland;SN44640;03.12.2025 14:00;8,4
Stavanger - Våland;SN44640;03.12.2025 15:00;7,4
Stavanger - Våland;SN44640;03.12.2025 16:00;7,5
Stavanger - Våland;SN44640;03.12.2025 17:00;7,8
Stavanger - Våland;SN44640;03.12.2025 18:00;8
Stavanger - Våland;SN44640;03.12.2025 19:00;7,7
Stavanger - Våland;SN44640;03.12.2025 20:00;7,7
Stavanger - Våland;SN44640;03.12.2025 21:00;7,7
Stavanger - Våland;SN44640;03.12.2025 22:00;7,2
Stavanger - Våland;SN44640;03.12.2025 23:00;7,7
Stavanger - Våland;SN44640;04.12.2025 00:00;7,7
Stavanger - Våland;SN44640;04.12.2025 01:00;7,5
Stavanger - Våland;SN44640;04.12.2025 02:00;7,5
Stavanger - Våland;SN44640;04.12.2025 03:00;7,3
Stavanger - Våland;SN44640;04.12.2025 04:00;7,4
Stavanger - Våland;SN44640;04.12.2025 05:00;7,6
Stavanger - Våland;SN44640;04.12.2025 06:00;7
Stavanger - Våland;SN44640;04.12.2025 07:00;7,2
Stavanger - Våland;SN44640;04.12.2025 08:00;6,9
Stavanger - Våland;SN44640;04.12.2025 09:00;6,6
Stavanger - Våland;SN44640;04.12.2025 10:00;7,5
Stavanger - Våland;SN44640;04.12.2025 11:00;7,8
Stavanger - Våland;SN44640;04.12.2025 12:00;8
Stavanger - Våland;SN44640;04.12.2025 13:00;8,3
Stavanger - Våland;SN44640;04.12.2025 14:00;8,3
Stavanger - Våland;SN44640;04.12.2025 15:00;8,2
Stavanger - Våland;SN44640;04.12.2025 16:00;7,4
Stavanger - Våland;SN44640;04.12.2025 17:00;7,3
Stavanger - Våland;SN44640;04.12.2025 18:00;7,5
Stavanger - Våland;SN44640;04.12.2025 19:00;7,3
Stavanger - Våland;SN44640;04.12.2025 20:00;7,5
Stavanger - Våland;SN44640;04.12.2025 21:00;7,8
Stavanger - Våland;SN44640;04.12.2025 22:00;7,7
Stavanger - Våland;SN44640;04.12.2025 23:00;7,8
Stavanger - Våland;SN44640;05.12.2025 00:00;7,6
Stavanger - Våland;SN44640;05.12.2025 01:00;7,8
Stavanger - Våland;SN44640;05.12.2025 02:00;7,7
Stavanger - Våland;SN44640;05.12.2025 03:00;7,6
Stavanger - Våland;SN44640;05.12.2025 04:00;7,7
Stavanger - Våland;SN44640;05.12.2025 05:00;7,5
Stavanger - Våland;SN44640;05.12.2025 06:00;7,1
Stavanger - Våland;SN44640;05.12.2025 07:00;6,2
Stavanger - Våland;SN44640;05.12.2025 08:00;7,4
Stavanger - Våland;SN44640;05.12.2025 09:00;6,7
Stavanger - Våland;SN44640;05.12.2025 10:00;6,5
Stavanger - Våland;SN44640;05.12.2025 11:00;7,7
Stavanger - Våland;SN44640;05.12.2025 12:00;8,7
Stavanger - Våland;SN44640;05.12.2025 13:00;8,1
Stavanger - Våland;SN44640;05.12.2025 14:00;7,8
Stavanger - Våland;SN44640;05.12.2025 15:00;7,6
Stavanger - Våland;SN44640;05.12.2025 16:00;7,6
Stavanger - Våland;SN44640;05.12.2025 17:00;7,8
Stavanger - Våland;SN44640;05.12.2025 18:00;7,6
Stavanger - Våland;SN44640;05.12.2025 19:00;7,6
Stavanger - Våland;SN44640;05.12.2025 20:00;7,6
Stavanger - Våland;SN44640;05.12.2025 21:00;7,4
Stavanger - Våland;SN44640;05.12.2025 22:00;6,7
Stavanger - Våland;SN44640;05.12.2025 23:00;6,1
Stavanger - Våland;SN44640;06.12.2025 00:00;7,8
Stavanger - Våland;SN44640;06.12.2025 01:00;7,6
Stavanger - Våland;SN44640;06.12.2025 02:00;7,6
Stavanger - Våland;SN44640;06.12.2025 03:00;7,2
Stavanger - Våland;SN44640;06.12.2025 04:00;7
Stavanger - Våland;SN44640;06.12.2025 05:00;7,2
Stavanger - Våland;SN44640;06.12.2025 06:00;7
Stavanger - Våland;SN44640;06.12.2025 07:00;6,9
Stavanger - Våland;SN44640;06.12.2025 08:00;6,9
Stavanger - Våland;SN44640;06.12.2025 09:00;7,1
Stavanger - Våland;SN44640;06.12.2025 10:00;7,2
Stavanger - Våland;SN44640;06.12.2025 11:00;6,9
Stavanger - Våland;SN44640;06.12.2025 12:00;7,2
Stavanger - Våland;SN44640;06.12.2025 13:00;7,5
Stavanger - Våland;SN44640;06.12.2025 14:00;7,5
Stavanger - Våland;SN44640;06.12.2025 15:00;7,5
Stavanger - Våland;SN44640;06.12.2025 16:00;7,1
Stavanger - Våland;SN44640;06.12.2025 17:00;6,9
Stavanger - Våland;SN44640;06.12.2025 18:00;6,6
Stavanger - Våland;SN44640;06.12.2025 19:00;7
Stavanger - Våland;SN44640;06.12.2025 20:00;6,6
Stavanger - Våland;SN44640;06.12.2025 21:00;6,8
Stavanger - Våland;SN44640;06.12.2025 22:00;7,1
Stavanger - Våland;SN44640;06.12.2025 23:00;7,3
Stavanger - Våland;SN44640;07.12.2025 00:00;7,3
Stavanger - Våland;SN44640;07.12.2025 01:00;7,3
Stavanger - Våland;SN44640;07.12.2025 02:00;7,4
Stavanger - Våland;SN44640;07.12.2025 03:00;7,5
Stavanger - Våland;SN44640;07.12.2025 04:00;7,5
Stavanger - Våland;SN44640;07.12.2025 05:00;7,4
Stavanger - Våland;SN44640;07.12.2025 06:00;7,5
Stavanger - Våland;SN44640;07.12.2025 07:00;7,5
Stavanger - Våland;SN44640;07.12.2025 08:00;7,7
Stavanger - Våland;SN44640;07.12.2025 09:00;7,6
Stavanger - Våland;SN44640;07.12.2025 10:00;7,5
Stavanger - Våland;SN44640;07.12.2025 11:00;7,7
Stavanger - Våland;SN44640;07.12.2025 12:00;7,5
Stavanger - Våland;SN44640;07.12.2025 13:00;7,8
Stavanger - Våland;SN44640;07.12.2025 14:00;7,9
Stavanger - Våland;SN44640;07.12.2025 15:00;7,8
Stavanger - Våland;SN44640;07.12.2025 16:00;7,6
Stavanger - Våland;SN44640;07.12.2025 17:00;7,6
Stavanger - Våland;SN44640;07.12.2025 18:00;7,5
Stavanger - Våland;SN44640;07.12.2025 19:00;7,5
Stavanger - Våland;SN44640;07.12.2025 20:00;7,6
Stavanger - Våland;SN44640;07.12.2025 21:00;7,8
Stavanger - Våland;SN44640;07.12.2025 22:00;8,1
Stavanger - Våland;SN44640;07.12.2025 23:00;8,2
Stavanger - Våland;SN44640;08.12.2025 00:00;8,3
Stavanger - Våland;SN44640;08.12.2025 01:00;8,5
Stavanger - Våland;SN44640;08.12.2025 02:00;8,6
Stavanger - Våland;SN44640;08.12.2025 03:00;8,1
Stavanger - Våland;SN44640;08.12.2025 04:00;7,8
Stavanger - Våland;SN44640;08.12.2025 05:00;8,4
Stavanger - Våland;SN44640;08.12.2025 06:00;8,7
Stavanger - Våland;SN44640;08.12.2025 07:00;9
Stavanger - Våland;SN44640;08.12.2025 08:00;8,9
Stavanger - Våland;SN44640;08.12.2025 09:00;8,7
Stavanger - Våland;SN44640;08.12.2025 10:00;8,6
Stavanger - Våland;SN44640;08.12.2025 11:00;8
Stavanger - Våland;SN44640;08.12.2025 12:00;8,6
Stavanger - Våland;SN44640;08.12.2025 13:00;7,8
Stavanger - Våland;SN44640;08.12.2025 14:00;6,9
Stavanger - Våland;SN44640;08.12.2025 15:00;6,8
Stavanger - Våland;SN44640;08.12.2025 16:00;7,2
Stavanger - Våland;SN44640;08.12.2025 17:00;7,7
Stavanger - Våland;SN44640;08.12.2025 18:00;7,7
Stavanger - Våland;SN44640;08.12.2025 19:00;7,4
Stavanger - Våland;SN44640;08.12.2025 20:00;6,7
Stavanger - Våland;SN44640;08.12.2025 21:00;6,4
Stavanger - Våland;SN44640;08.12.2025 22:00;7
Stavanger - Våland;SN44640;08.12.2025 23:00;7,1
Stavanger - Våland;SN44640;09.12.2025 00:00;7
Stavanger - Våland;SN44640;09.12.2025 01:00;7,9
Stavanger - Våland;SN44640;09.12.2025 02:00;7,6
Stavanger - Våland;SN44640;09.12.2025 03:00;7,6
Stavanger - Våland;SN44640;09.12.2025 04:00;7,6
Stavanger - Våland;SN44640;09.12.2025 05:00;7,4
Stavanger - Våland;SN44640;09.12.2025 06:00;6,9
Stavanger - Våland;SN44640;09.12.2025 07:00;6,6
Stavanger - Våland;SN44640;09.12.2025 08:00;6,3
Stavanger - Våland;SN44640;09.12.2025 09:00;6,2
Stavanger - Våland;SN44640;09.12.2025 10:00;6,4
Stavanger - Våland;SN44640;09.12.2025 11:00;6,5
Stavanger - Våland;SN44640;09.12.2025 12:00;6,4
Stavanger - Våland;SN44640;09.12.2025 13:00;6,8
Stavanger - Våland;SN44640;09.12.2025 14:00;6,9
Stavanger - Våland;SN44640;09.12.2025 15:00;7
Stavanger - Våland;SN44640;09.12.2025 16:00;7,6
Stavanger - Våland;SN44640;09.12.2025 17:00;8
Stavanger - Våland;SN44640;09.12.2025 18:00;8,3
Stavanger - Våland;SN44640;09.12.2025 19:00;8,7
Stavanger - Våland;SN44640;09.12.2025 20:00;9,3
Stavanger - Våland;SN44640;09.12.2025 21:00;10,4
Stavanger - Våland;SN44640;09.12.2025 22:00;9,9
Stavanger - Våland;SN44640;09.12.2025 23:00;9,8
Stavanger - Våland;SN44640;10.12.2025 00:00;9,8
Stavanger - Våland;SN44640;10.12.2025 01:00;9,9
Stavanger - Våland;SN44640;10.12.2025 02:00;10,2
Stavanger - Våland;SN44640;10.12.2025 03:00;10,8
Stavanger - Våland;SN44640;10.12.2025 04:00;10,4
Stavanger - Våland;SN44640;10.12.2025 05:00;10,3
Stavanger - Våland;SN44640;10.12.2025 06:00;10,2
Stavanger - Våland;SN44640;10.12.2025 07:00;10,1
Stavanger - Våland;SN44640;10.12.2025 08:00;10,2
Stavanger - Våland;SN44640;10.12.2025 09:00;10,1
Stavanger - Våland;SN44640;10.12.2025 10:00;10,1
Stavanger - Våland;SN44640;10.12.2025 11:00;10,1
Stavanger - Våland;SN44640;10.12.2025 12:00;10
Stavanger - Våland;SN44640;10.12.2025 13:00;9,9
Stavanger - Våland;SN44640;10.12.2025 14:00;9,8
Stavanger - Våland;SN44640;10.12.2025 15:00;9,4
Stavanger - Våland;SN44640;10.12.2025 16:00;9,5
Stavanger - Våland;SN44640;10.12.2025 17:00;9
Stavanger - Våland;SN44640;10.12.2025 18:00;8,8
Stavanger - Våland;SN44640;10.12.2025 19:00;9,3
Stavanger - Våland;SN44640;10.12.2025 20:00;9,6
Stavanger - Våland;SN44640;10.12.2025 21:00;9,8
Stavanger - Våland;SN44640;10.12.2025 22:00;8,1
Stavanger - Våland;SN44640;10.12.2025 23:00;8,6
Stavanger - Våland;SN44640;11.12.2025 00:00;8,4
Stavanger - Våland;SN44640;11.12.2025 01:00;9
Stavanger - Våland;SN44640;11.12.2025 02:00;9,8
Stavanger - Våland;SN44640;11.12.2025 03:00;9,8
Stavanger - Våland;SN44640;11.12.2025 04:00;10,1
Stavanger - Våland;SN44640;11.12.2025 05:00;10,2
Stavanger - Våland;SN44640;11.12.2025 06:00;9,8
Stavanger - Våland;SN44640;11.12.2025 07:00;9,7
Stavanger - Våland;SN44640;11.12.2025 08:00;9,7
Stavanger - Våland;SN44640;11.12.2025 09:00;9,7
Stavanger - Våland;SN44640;11.12.2025 10:00;9,6
Stavanger - Våland;SN44640;11.12.2025 11:00;9,5
Stavanger - Våland;SN44640;11.12.2025 12:00;9,4
Stavanger - Våland;SN44640;11.12.2025 13:00;9,4
Stavanger - Våland;SN44640;11.12.2025 14:00;9,4
Stavanger - Våland;SN44640;11.12.2025 15:00;9,5
Stavanger - Våland;SN44640;11.12.2025 16:00;9,3
Stavanger - Våland;SN44640;11.12.2025 17:00;9,2
Stavanger - Våland;SN44640;11.12.2025 18:00;9
Stavanger - Våland;SN44640;11.12.2025 19:00;9,1
Stavanger - Våland;SN44640;11.12.2025 20:00;9,1
Stavanger - Våland;SN44640;11.12.2025 21:00;9,3
Stavanger - Våland;SN44640;11.12.2025 22:00;9,3
Stavanger - Våland;SN44640;11.12.2025 23:00;9,3
Stavanger - Våland;SN44640;12.12.2025 00:00;9,1
Stavanger - Våland;SN44640;12.12.2025 01:00;9
Stavanger - Våland;SN44640;12.12.2025 02:00;8,8
Stavanger - Våland;SN44640;12.12.2025 03:00;8,8
Stavanger - Våland;SN44640;12.12.2025 04:00;8,6
Stavanger - Våland;SN44640;12.12.2025 05:00;8,5
Stavanger - Våland;SN44640;12.12.2025 06:00;8,3
Stavanger - Våland;SN44640;12.12.2025 07:00;8,5
Stavanger - Våland;SN44640;12.12.2025 08:00;8,8
Stavanger - Våland;SN44640;12.12.2025 09:00;8,9
Stavanger - Våland;SN44640;12.12.2025 10:00;8,4
Stavanger - Våland;SN44640;12.12.2025 11:00;8,4
Stavanger - Våland;SN44640;12.12.2025 12:00;8,9
Stavanger - Våland;SN44640;12.12.2025 13:00;9
Stavanger - Våland;SN44640;12.12.2025 14:00;9,1
Stavanger - Våland;SN44640;12.12.2025 15:00;9,1
Stavanger - Våland;SN44640;12.12.2025 16:00;9,1
Stavanger - Våland;SN44640;12.12.2025 17:00;9
Stavanger - Våland;SN44640;12.12.2025 18:00;9
Stavanger - Våland;SN44640;12.12.2025 19:00;9
Stavanger - Våland;SN44640;12.12.2025 20:00;8,7
Stavanger - Våland;SN44640;12.12.2025 21:00;9
Stavanger - Våland;SN44640;12.12.2025 22:00;8,5
Stavanger - Våland;SN44640;12.12.2025 23:00;8,3
Stavanger - Våland;SN44640;13.12.2025 00:00;8,3
Stavanger - Våland;SN44640;13.12.2025 01:00;8,2
Stavanger - Våland;SN44640;13.12.2025 02:00;8,2
Stavanger - Våland;SN44640;13.12.2025 03:00;8,1
Stavanger - Våland;SN44640;13.12.2025 04:00;7,3
Stavanger - Våland;SN44640;13.12.2025 05:00;8
Stavanger - Våland;SN44640;13.12.2025 06:00;7,9
Stavanger - Våland;SN44640;13.12.2025 07:00;7,7
Stavanger - Våland;SN44640;13.12.2025 08:00;7,4
Stavanger - Våland;SN44640;13.12.2025 09:00;7,1
Stavanger - Våland;SN44640;13.12.2025 10:00;6,7
Stavanger - Våland;SN44640;13.12.2025 11:00;7,5
Stavanger - Våland;SN44640;13.12.2025 12:00;7,5
Stavanger - Våland;SN44640;13.12.2025 13:00;7,7
Stavanger - Våland;SN44640;13.12.2025 14:00;7,8
Stavanger - Våland;SN44640;13.12.2025 15:00;7,5
Stavanger - Våland;SN44640;13.12.2025 16:00;7,2
Stavanger - Våland;SN44640;13.12.2025 17:00;7,4
Stavanger - Våland;SN44640;13.12.2025 18:00;7,4
Stavanger - Våland;SN44640;13.12.2025 19:00;7,7
Stavanger - Våland;SN44640;13.12.2025 20:00;8
Stavanger - Våland;SN44640;13.12.2025 21:00;8,3
Stavanger - Våland;SN44640;13.12.2025 22:00;8,1
Stavanger - Våland;SN44640;13.12.2025 23:00;7,8
Stavanger - Våland;SN44640;14.12.2025 00:00;7,9
Stavanger - Våland;SN44640;14.12.2025 01:00;8,1
Stavanger - Våland;SN44640;14.12.2025 02:00;8,3
Stavanger - Våland;SN44640;14.12.2025 03:00;8,5
Stavanger - Våland;SN44640;14.12.2025 04:00;8,6
Stavanger - Våland;SN44640;14.12.2025 05:00;8,9
Stavanger - Våland;SN44640;14.12.2025 06:00;9,1
Stavanger - Våland;SN44640;14.12.2025 07:00;9,3
Stavanger - Våland;SN44640;14.12.2025 08:00;9,4
Stavanger - Våland;SN44640;14.12.2025 09:00;9,4
Stavanger - Våland;SN44640;14.12.2025 10:00;9,7
Stavanger - Våland;SN44640;14.12.2025 11:00;9,8
Stavanger - Våland;SN44640;14.12.2025 12:00;9,7
Stavanger - Våland;SN44640;14.12.2025 13:00;9,7
Stavanger - Våland;SN44640;14.12.2025 14:00;9,6
Stavanger - Våland;SN44640;14.12.2025 15:00;9,4
Stavanger - Våland;SN44640;14.12.2025 16:00;9,2
Stavanger - Våland;SN44640;14.12.2025 17:00;9,1
Stavanger - Våland;SN44640;14.12.2025 18:00;9
Stavanger - Våland;SN44640;14.12.2025 19:00;8,9
Stavanger - Våland;SN44640;14.12.2025 20:00;8,9
Stavanger - Våland;SN44640;14.12.2025 21:00;8,9
Stavanger - Våland;SN44640;14.12.2025 22:00;8,8
Stavanger - Våland;SN44640;14.12.2025 23:00;8,9
Stavanger - Våland;SN44640;15.12.2025 00:00;8,9
Stavanger - Våland;SN44640;15.12.2025 01:00;8,8
Stavanger - Våland;SN44640;15.12.2025 02:00;8,8
Stavanger - Våland;SN44640;15.12.2025 03:00;8,8
Stavanger - Våland;SN44640;15.12.2025 04:00;8,9
Stavanger - Våland;SN44640;15.12.2025 05:00;9,1
Stavanger - Våland;SN44640;15.12.2025 06:00;9,2
Stavanger - Våland;SN44640;15.12.2025 07:00;9,2
Stavanger - Våland;SN44640;15.12.2025 08:00;9,3
Stavanger - Våland;SN44640;15.12.2025 09:00;9,4
Stavanger - Våland;SN44640;15.12.2025 10:00;9,4
Stavanger - Våland;SN44640;15.12.2025 11:00;9,5
Stavanger - Våland;SN44640;15.12.2025 12:00;9,7
Stavanger - Våland;SN44640;15.12.2025 13:00;9,7
Stavanger - Våland;SN44640;15.12.2025 14:00;9,7
Stavanger - Våland;SN44640;15.12.2025 15:00;9,5
Stavanger - Våland;SN44640;15.12.2025 16:00;9,4
Stavanger - Våland;SN44640;15.12.2025 17:00;9,3
Stavanger - Våland;SN44640;15.12.2025 18:00;9,3
Stavanger - Våland;SN44640;15.12.2025 19:00;9,2
Stavanger - Våland;SN44640;15.12.2025 20:00;9,2
Stavanger - Våland;SN44640;15.12.2025 21:00;9,2
Stavanger - Våland;SN44640;15.12.2025 22:00;8,7
Stavanger - Våland;SN44640;15.12.2025 23:00;8,7
Stavanger - Våland;SN44640;16.12.2025 00:00;8,7
Stavanger - Våland;SN44640;16.12.2025 01:00;8,5
Stavanger - Våland;SN44640;16.12.2025 02:00;8,3
Stavanger - Våland;SN44640;16.12.2025 03:00;7,9
Stavanger - Våland;SN44640;16.12.2025 04:00;7,8
Stavanger - Våland;SN44640;16.12.2025 05:00;7,8
Stavanger - Våland;SN44640;16.12.2025 06:00;7,8
Stavanger - Våland;SN44640;16.12.2025 07:00;7,4
Stavanger - Våland;SN44640;16.12.2025 08:00;7,4
Stavanger - Våland;SN44640;16.12.2025 09:00;9
Stavanger - Våland;SN44640;16.12.2025 10:00;8
Stavanger - Våland;SN44640;16.12.2025 11:00;7,6
Stavanger - Våland;SN44640;16.12.2025 12:00;7,8
Stavanger - Våland;SN44640;16.12.2025 13:00;7,7
Stavanger - Våland;SN44640;16.12.2025 14:00;7,6
Stavanger - Våland;SN44640;16.12.2025 15:00;7,3
Stavanger - Våland;SN44640;16.12.2025 16:00;7,3
Stavanger - Våland;SN44640;16.12.2025 17:00;7,4
Stavanger - Våland;SN44640;16.12.2025 18:00;7,3
Stavanger - Våland;SN44640;16.12.2025 19:00;7,3
Stavanger - Våland;SN44640;16.12.2025 20:00;7,2
Stavanger - Våland;SN44640;16.12.2025 21:00;7,3
Stavanger - Våland;SN44640;16.12.2025 22:00;7,3
Stavanger - Våland;SN44640;16.12.2025 23:00;6,5
Stavanger - Våland;SN44640;17.12.2025 00:00;5,3
Stavanger - Våland;SN44640;17.12.2025 01:00;5,6
Stavanger - Våland;SN44640;17.12.2025 02:00;5,8
Stavanger - Våland;SN44640;17.12.2025 03:00;5,7
Stavanger - Våland;SN44640;17.12.2025 04:00;5,2
Stavanger - Våland;SN44640;17.12.2025 05:00;5,6
Stavanger - Våland;SN44640;17.12.2025 06:00;5,1
Stavanger - Våland;SN44640;17.12.2025 07:00;5,1
Stavanger - Våland;SN44640;17.12.2025 08:00;5,3
Stavanger - Våland;SN44640;17.12.2025 09:00;5,3
Stavanger - Våland;SN44640;17.12.2025 10:00;5,4
Stavanger - Våland;SN44640;17.12.2025 11:00;5,6
Stavanger - Våland;SN44640;17.12.2025 12:00;6,3
Stavanger - Våland;SN44640;17.12.2025 13:00;6,5
Stavanger - Våland;SN44640;17.12.2025 14:00;6,9
Stavanger - Våland;SN44640;17.12.2025 15:00;6,9
Stavanger - Våland;SN44640;17.12.2025 16:00;7,1
Stavanger - Våland;SN44640;17.12.2025 17:00;7,1
Stavanger - Våland;SN44640;17.12.2025 18:00;7,4
Stavanger - Våland;SN44640;17.12.2025 19:00;7,7
Stavanger - Våland;SN44640;17.12.2025 20:00;8
Stavanger - Våland;SN44640;17.12.2025 21:00;7,9
Stavanger - Våland;SN44640;17.12.2025 22:00;7,7
Stavanger - Våland;SN44640;17.12.2025 23:00;7,4
Stavanger - Våland;SN44640;18.12.2025 00:00;7,4
Stavanger - Våland;SN44640;18.12.2025 01:00;7,6
Stavanger - Våland;SN44640;18.12.2025 02:00;7,8
Stavanger - Våland;SN44640;18.12.2025 03:00;8,1
Stavanger - Våland;SN44640;18.12.2025 04:00;8,4
Stavanger - Våland;SN44640;18.12.2025 05:00;8,5
Stavanger - Våland;SN44640;18.12.2025 06:00;8,7
Stavanger - Våland;SN44640;18.12.2025 07:00;8,7
Stavanger - Våland;SN44640;18.12.2025 08:00;8,8
Stavanger - Våland;SN44640;18.12.2025 09:00;9
Stavanger - Våland;SN44640;18.12.2025 10:00;9,4
Stavanger - Våland;SN44640;18.12.2025 11:00;9,6
Stavanger - Våland;SN44640;18.12.2025 12:00;9,5
Stavanger - Våland;SN44640;18.12.2025 13:00;9,5
Stavanger - Våland;SN44640;18.12.2025 14:00;9,3
Stavanger - Våland;SN44640;18.12.2025 15:00;9
Stavanger - Våland;SN44640;18.12.2025 16:00;8,5
Stavanger - Våland;SN44640;18.12.2025 17:00;8,1
Stavanger - Våland;SN44640;18.12.2025 18:00;8,2
Stavanger - Våland;SN44640;18.12.2025 19:00;8,1
Stavanger - Våland;SN44640;18.12.2025 20:00;9
Stavanger - Våland;SN44640;18.12.2025 21:00;9,4
Stavanger - Våland;SN44640;18.12.2025 22:00;9,5
Stavanger - Våland;SN44640;18.12.2025 23:00;8,3
Stavanger - Våland;SN44640;19.12.2025 00:00;8,4
Stavanger - Våland;SN44640;19.12.2025 01:00;8,5
Stavanger - Våland;SN44640;19.12.2025 02:00;9,1
Stavanger - Våland;SN44640;19.12.2025 03:00;9,5
Stavanger - Våland;SN44640;19.12.2025 04:00;9,8
Stavanger - Våland;SN44640;19.12.2025 05:00;9,6
Stavanger - Våland;SN44640;19.12.2025 06:00;8,9
Stavanger - Våland;SN44640;19.12.2025 07:00;8,6
Stavanger - Våland;SN44640;19.12.2025 08:00;8,1
Stavanger - Våland;SN44640;19.12.2025 09:00;7,7
Stavanger - Våland;SN44640;19.12.2025 10:00;7,9
Stavanger - Våland;SN44640;19.12.2025 11:00;8,1
Stavanger - Våland;SN44640;19.12.2025 12:00;8,3
Stavanger - Våland;SN44640;19.12.2025 13:00;8
Stavanger - Våland;SN44640;19.12.2025 14:00;7,9
Stavanger - Våland;SN44640;19.12.2025 15:00;8
Stavanger - Våland;SN44640;19.12.2025 16:00;8,3
Stavanger - Våland;SN44640;19.12.2025 17:00;7,6
Stavanger - Våland;SN44640;19.12.2025 18:00;8,5
Stavanger - Våland;SN44640;19.12.2025 19:00;8,8
Stavanger - Våland;SN44640;19.12.2025 20:00;8,8
Stavanger - Våland;SN44640;19.12.2025 21:00;8,7
Stavanger - Våland;SN44640;19.12.2025 22:00;8,8
Stavanger - Våland;SN44640;19.12.2025 23:00;8,6
Stavanger - Våland;SN44640;20.12.2025 00:00;8,7
Stavanger - Våland;SN44640;20.12.2025 01:00;8,7
Stavanger - Våland;SN44640;20.12.2025 02:00;8,7
Stavanger - Våland;SN44640;20.12.2025 03:00;8,9
Stavanger - Våland;SN44640;20.12.2025 04:00;8,2
Stavanger - Våland;SN44640;20.12.2025 05:00;8,1
Stavanger - Våland;SN44640;20.12.2025 06:00;8,5
Stavanger - Våland;SN44640;20.12.2025 07:00;8,6
Stavanger - Våland;SN44640;20.12.2025 08:00;8,2
Stavanger - Våland;SN44640;20.12.2025 09:00;8,2
Stavanger - Våland;SN44640;20.12.2025 10:00;7,6
Stavanger - Våland;SN44640;20.12.2025 11:00;8,1
Stavanger - Våland;SN44640;20.12.2025 12:00;8,5
Stavanger - Våland;SN44640;20.12.2025 13:00;8,7
Stavanger - Våland;SN44640;20.12.2025 14:00;8,7
Stavanger - Våland;SN44640;20.12.2025 15:00;7,8
Stavanger - Våland;SN44640;20.12.2025 16:00;7
Stavanger - Våland;SN44640;20.12.2025 17:00;6,5
Stavanger - Våland;SN44640;20.12.2025 18:00;6,3
Stavanger - Våland;SN44640;20.12.2025 19:00;6,6
Stavanger - Våland;SN44640;20.12.2025 20:00;6,1
Stavanger - Våland;SN44640;20.12.2025 21:00;6,4
Stavanger - Våland;SN44640;20.12.2025 22:00;6,6
Stavanger - Våland;SN44640;20.12.2025 23:00;6,6
Stavanger - Våland;SN44640;21.12.2025 00:00;6,5
Stavanger - Våland;SN44640;21.12.2025 01:00;6,5
Stavanger - Våland;SN44640;21.12.2025 02:00;5,7
Stavanger - Våland;SN44640;21.12.2025 03:00;5
Stavanger - Våland;SN44640;21.12.2025 04:00;4,6
Stavanger - Våland;SN44640;21.12.2025 05:00;4,4
Stavanger - Våland;SN44640;21.12.2025 06:00;4,6
Stavanger - Våland;SN44640;21.12.2025 07:00;4,4
Stavanger - Våland;SN44640;21.12.2025 08:00;4,3
Stavanger - Våland;SN44640;21.12.2025 09:00;4,2
Stavanger - Våland;SN44640;21.12.2025 10:00;4,2
Stavanger - Våland;SN44640;21.12.2025 11:00;4,6
Stavanger - Våland;SN44640;21.12.2025 12:00;5,2
Stavanger - Våland;SN44640;21.12.2025 13:00;5,8
Stavanger - Våland;SN44640;21.12.2025 14:00;5,1
Stavanger - Våland;SN44640;21.12.2025 15:00;4,8
Stavanger - Våland;SN44640;21.12.2025 16:00;4,8
Stavanger - Våland;SN44640;21.12.2025 17:00;4,7
Stavanger - Våland;SN44640;21.12.2025 18:00;4,5
Stavanger - Våland;SN44640;21.12.2025 19:00;4,4
Stavanger - Våland;SN44640;21.12.2025 20:00;3,9
Stavanger - Våland;SN44640;21.12.2025 21:00;4
Stavanger - Våland;SN44640;21.12.2025 22:00;4
Stavanger - Våland;SN44640;21.12.2025 23:00;3,6
Stavanger - Våland;SN44640;22.12.2025 00:00;3,4
Stavanger - Våland;SN44640;22.12.2025 01:00;3,9
Stavanger - Våland;SN44640;22.12.2025 02:00;4
Stavanger - Våland;SN44640;22.12.2025 03:00;4,1
Stavanger - Våland;SN44640;22.12.2025 04:00;4
Stavanger - Våland;SN44640;22.12.2025 05:00;4,4
Stavanger - Våland;SN44640;22.12.2025 06:00;4,6
Stavanger - Våland;SN44640;22.12.2025 07:00;4,4
Stavanger - Våland;SN44640;22.12.2025 08:00;5,2
Stavanger - Våland;SN44640;22.12.2025 09:00;6,3
Stavanger - Våland;SN44640;22.12.2025 10:00;5,9
Stavanger - Våland;SN44640;22.12.2025 11:00;6,2
Stavanger - Våland;SN44640;22.12.2025 12:00;6,7
Stavanger - Våland;SN44640;22.12.2025 13:00;7,3
Stavanger - Våland;SN44640;22.12.2025 14:00;7,5
Stavanger - Våland;SN44640;22.12.2025 15:00;7,3
Stavanger - Våland;SN44640;22.12.2025 16:00;7,2
Stavanger - Våland;SN44640;22.12.2025 17:00;6,6
Stavanger - Våland;SN44640;22.12.2025 18:00;6,8
Stavanger - Våland;SN44640;22.12.2025 19:00;6,1
Stavanger - Våland;SN44640;22.12.2025 20:00;5,7
Stavanger - Våland;SN44640;22.12.2025 21:00;6,3
Stavanger - Våland;SN44640;22.12.2025 22:00;6,3
Stavanger - Våland;SN44640;22.12.2025 23:00;6,6
Stavanger - Våland;SN44640;23.12.2025 00:00;6,8
Stavanger - Våland;SN44640;23.12.2025 01:00;6,8
Stavanger - Våland;SN44640;23.12.2025 02:00;6,4
Stavanger - Våland;SN44640;23.12.2025 03:00;5,2
Stavanger - Våland;SN44640;23.12.2025 04:00;6
Stavanger - Våland;SN44640;23.12.2025 05:00;5,7
Stavanger - Våland;SN44640;23.12.2025 06:00;5,5
Stavanger - Våland;SN44640;23.12.2025 07:00;4,9
Stavanger - Våland;SN44640;23.12.2025 08:00;3,6
Stavanger - Våland;SN44640;23.12.2025 09:00;2,8
Stavanger - Våland;SN44640;23.12.2025 10:00;2,6
Stavanger - Våland;SN44640;23.12.2025 11:00;2,5
Stavanger - Våland;SN44640;23.12.2025 12:00;4,8
Stavanger - Våland;SN44640;23.12.2025 13:00;4,9
Stavanger - Våland;SN44640;23.12.2025 14:00;4,2
Stavanger - Våland;SN44640;23.12.2025 15:00;3,5
Stavanger - Våland;SN44640;23.12.2025 16:00;2,6
Stavanger - Våland;SN44640;23.12.2025 17:00;2,4
Stavanger - Våland;SN44640;23.12.2025 18:00;1,5
Stavanger - Våland;SN44640;23.12.2025 19:00;0,4
Stavanger - Våland;SN44640;23.12.2025 20:00;0,4
Stavanger - Våland;SN44640;23.12.2025 21:00;-0,3
Stavanger - Våland;SN44640;23.12.2025 22:00;0
Stavanger - Våland;SN44640;23.12.2025 23:00;0,6
Stavanger - Våland;SN44640;24.12.2025 00:00;0,1
Stavanger - Våland;SN44640;24.12.2025 01:00;0,1
Stavanger - Våland;SN44640;24.12.2025 02:00;-0,2
Stavanger - Våland;SN44640;24.12.2025 03:00;0,5
Stavanger - Våland;SN44640;24.12.2025 04:00;1,1
Stavanger - Våland;SN44640;24.12.2025 05:00;1,3
Stavanger - Våland;SN44640;24.12.2025 06:00;1,5
Stavanger - Våland;SN44640;24.12.2025 07:00;1,6
Stavanger - Våland;SN44640;24.12.2025 08:00;1,1
Stavanger - Våland;SN44640;24.12.2025 09:00;0,9
Stavanger - Våland;SN44640;24.12.2025 10:00;1,3
Stavanger - Våland;SN44640;24.12.2025 11:00;1,7
Stavanger - Våland;SN44640;24.12.2025 12:00;2,5
Stavanger - Våland;SN44640;24.12.2025 13:00;3,1
Stavanger - Våland;SN44640;24.12.2025 14:00;2,8
Stavanger - Våland;SN44640;24.12.2025 15:00;2,5
Stavanger - Våland;SN44640;24.12.2025 16:00;1,9
Stavanger - Våland;SN44640;24.12.2025 17:00;1,5
Stavanger - Våland;SN44640;24.12.2025 18:00;1,6
Stavanger - Våland;SN44640;24.12.2025 19:00;1,2
Stavanger - Våland;SN44640;24.12.2025 20:00;0,8
Stavanger - Våland;SN44640;24.12.2025 21:00;0,8
Stavanger - Våland;SN44640;24.12.2025 22:00;0,6
Stavanger - Våland;SN44640;24.12.2025 23:00;0,6
Stavanger - Våland;SN44640;25.12.2025 00:00;0,3
Stavanger - Våland;SN44640;25.12.2025 01:00;0,5
Stavanger - Våland;SN44640;25.12.2025 02:00;0,4
Stavanger - Våland;SN44640;25.12.2025 03:00;0,1
Stavanger - Våland;SN44640;25.12.2025 04:00;0,1
Stavanger - Våland;SN44640;25.12.2025 05:00;0,1
Stavanger - Våland;SN44640;25.12.2025 06:00;0,7
Stavanger - Våland;SN44640;25.12.2025 07:00;1,2
Stavanger - Våland;SN44640;25.12.2025 08:00;1,1
Stavanger - Våland;SN44640;25.12.2025 09:00;0,2
Stavanger - Våland;SN44640;25.12.2025 10:00;0,7
Stavanger - Våland;SN44640;25.12.2025 11:00;0,8
Stavanger - Våland;SN44640;25.12.2025 12:00;1
Stavanger - Våland;SN44640;25.12.2025 13:00;1,3
Stavanger - Våland;SN44640;25.12.2025 14:00;1,4
Stavanger - Våland;SN44640;25.12.2025 15:00;0,8
Stavanger - Våland;SN44640;25.12.2025 16:00;0,2
Stavanger - Våland;SN44640;25.12.2025 17:00;0,6
Stavanger - Våland;SN44640;25.12.2025 18:00;0,6
Stavanger - Våland;SN44640;25.12.2025 19:00;0,8
Stavanger - Våland;SN44640;25.12.2025 20:00;0,6
Stavanger - Våland;SN44640;25.12.2025 21:00;1,1
Stavanger - Våland;SN44640;25.12.2025 22:00;1,3
Stavanger - Våland;SN44640;25.12.2025 23:00;1,3
Stavanger - Våland;SN44640;26.12.2025 00:00;1,9
Stavanger - Våland;SN44640;26.12.2025 01:00;1,8
Stavanger - Våland;SN44640;26.12.2025 02:00;1,8
Stavanger - Våland;SN44640;26.12.2025 03:00;1,8
Stavanger - Våland;SN44640;26.12.2025 04:00;1,5
Stavanger - Våland;SN44640;26.12.2025 05:00;1,3
Stavanger - Våland;SN44640;26.12.2025 06:00;1,6
Stavanger - Våland;SN44640;26.12.2025 07:00;2,2
Stavanger - Våland;SN44640;26.12.2025 08:00;1,6
Stavanger - Våland;SN44640;26.12.2025 09:00;1,5
Stavanger - Våland;SN44640;26.12.2025 10:00;1,9
Stavanger - Våland;SN44640;26.12.2025 11:00;2,4
Stavanger - Våland;SN44640;26.12.2025 12:00;3,2
Stavanger - Våland;SN44640;26.12.2025 13:00;4
Stavanger - Våland;SN44640;26.12.2025 14:00;3,8
Stavanger - Våland;SN44640;26.12.2025 15:00;3,7
Stavanger - Våland;SN44640;26.12.2025 16:00;3,5
Stavanger - Våland;SN44640;26.12.2025 17:00;3,5
Stavanger - Våland;SN44640;26.12.2025 18:00;3
Stavanger - Våland;SN44640;26.12.2025 19:00;2,9
Stavanger - Våland;SN44640;26.12.2025 20:00;2,7
Stavanger - Våland;SN44640;26.12.2025 21:00;1,8
Stavanger - Våland;SN44640;26.12.2025 22:00;3,3
Stavanger - Våland;SN44640;26.12.2025 23:00;3,8
Stavanger - Våland;SN44640;27.12.2025 00:00;4
Stavanger - Våland;SN44640;27.12.2025 01:00;4,1
Stavanger - Våland;SN44640;27.12.2025 02:00;4,6
Stavanger - Våland;SN44640;27.12.2025 03:00;3,8
Stavanger - Våland;SN44640;27.12.2025 04:00;4,5
Stavanger - Våland;SN44640;27.12.2025 05:00;5,4
Stavanger - Våland;SN44640;27.12.2025 06:00;4,6
Stavanger - Våland;SN44640;27.12.2025 07:00;5,8
Stavanger - Våland;SN44640;27.12.2025 08:00;4,9
Stavanger - Våland;SN44640;27.12.2025 09:00;4,7
Stavanger - Våland;SN44640;27.12.2025 10:00;4,7
Stavanger - Våland;SN44640;27.12.2025 11:00;4,9
Stavanger - Våland;SN44640;27.12.2025 12:00;4,8
Stavanger - Våland;SN44640;27.12.2025 13:00;5,1
Stavanger - Våland;SN44640;27.12.2025 14:00;5,1
Stavanger - Våland;SN44640;27.12.2025 15:00;4,7
Stavanger - Våland;SN44640;27.12.2025 16:00;4,2
Stavanger - Våland;SN44640;27.12.2025 17:00;3,9
Stavanger - Våland;SN44640;27.12.2025 18:00;3,6
Stavanger - Våland;SN44640;27.12.2025 19:00;3,2
Stavanger - Våland;SN44640;27.12.2025 20:00;3,1
Stavanger - Våland;SN44640;27.12.2025 21:00;2,8
Stavanger - Våland;SN44640;27.12.2025 22:00;2,7
Stavanger - Våland;SN44640;27.12.2025 23:00;2,5
Stavanger - Våland;SN44640;28.12.2025 00:00;2,5
Stavanger - Våland;SN44640;28.12.2025 01:00;1,9
Stavanger - Våland;SN44640;28.12.2025 02:00;1,9
Stavanger - Våland;SN44640;28.12.2025 03:00;0,9
Stavanger - Våland;SN44640;28.12.2025 04:00;0,9
Stavanger - Våland;SN44640;28.12.2025 05:00;1,4
Stavanger - Våland;SN44640;28.12.2025 06:00;1,6
Stavanger - Våland;SN44640;28.12.2025 07:00;1
Stavanger - Våland;SN44640;28.12.2025 08:00;0,5
Stavanger - Våland;SN44640;28.12.2025 09:00;0,6
Stavanger - Våland;SN44640;28.12.2025 10:00;2
Stavanger - Våland;SN44640;28.12.2025 11:00;2,2
Stavanger - Våland;SN44640;28.12.2025 12:00;2,9
Stavanger - Våland;SN44640;28.12.2025 13:00;3,4
Stavanger - Våland;SN44640;28.12.2025 14:00;3,8
Stavanger - Våland;SN44640;28.12.2025 15:00;3,6
Stavanger - Våland;SN44640;28.12.2025 16:00;3,5
Stavanger - Våland;SN44640;28.12.2025 17:00;2,7
Stavanger - Våland;SN44640;28.12.2025 18:00;2
Stavanger - Våland;SN44640;28.12.2025 19:00;1,5
Stavanger - Våland;SN44640;28.12.2025 20:00;2,2
Stavanger - Våland;SN44640;28.12.2025 21:00;3,6
Stavanger - Våland;SN44640;28.12.2025 22:00;3,7
Stavanger - Våland;SN44640;28.12.2025 23:00;4
Stavanger - Våland;SN44640;29.12.2025 00:00;4,8
Stavanger - Våland;SN44640;29.12.2025 01:00;3,9
Stavanger - Våland;SN44640;29.12.2025 02:00;4,7
Stavanger - Våland;SN44640;29.12.2025 03:00;4,4
Stavanger - Våland;SN44640;29.12.2025 04:00;3,8
Stavanger - Våland;SN44640;29.12.2025 05:00;3,4
Stavanger - Våland;SN44640;29.12.2025 06:00;3,5
Stavanger - Våland;SN44640;29.12.2025 07:00;3,3
Stavanger - Våland;SN44640;29.12.2025 08:00;3
Stavanger - Våland;SN44640;29.12.2025 09:00;2,9
Stavanger - Våland;SN44640;29.12.2025 10:00;2,8
Stavanger - Våland;SN44640;29.12.2025 11:00;3
Stavanger - Våland;SN44640;29.12.2025 12:00;2,8
Stavanger - Våland;SN44640;29.12.2025 13:00;2,9
Stavanger - Våland;SN44640;29.12.2025 14:00;2,6
Stavanger - Våland;SN44640;29.12.2025 15:00;2,1
Stavanger - Våland;SN44640;29.12.2025 16:00;1,8
Stavanger - Våland;SN44640;29.12.2025 17:00;1,3
Stavanger - Våland;SN44640;29.12.2025 18:00;1
Stavanger - Våland;SN44640;29.12.2025 19:00;0,9
Stavanger - Våland;SN44640;29.12.2025 20:00;0,9
Stavanger - Våland;SN44640;29.12.2025 21:00;0,2
Stavanger - Våland;SN44640;29.12.2025 22:00;0,2
Stavanger - Våland;SN44640;29.12.2025 23:00;-0,2
Stavanger - Våland;SN44640;30.12.2025 00:00;0,2
Stavanger - Våland;SN44640;30.12.2025 01:00;-0,1
Stavanger - Våland;SN44640;30.12.2025 02:00;0,3
Stavanger - Våland;SN44640;30.12.2025 03:00;0,2
Stavanger - Våland;SN44640;30.12.2025 04:00;0
Stavanger - Våland;SN44640;30.12.2025 05:00;0
Stavanger - Våland;SN44640;30.12.2025 06:00;-0,3
Stavanger - Våland;SN44640;30.12.2025 07:00;-0,9
Stavanger - Våland;SN44640;30.12.2025 08:00;-1,5
Stavanger - Våland;SN44640;30.12.2025 09:00;-1
Stavanger - Våland;SN44640;30.12.2025 10:00;-1
Stavanger - Våland;SN44640;30.12.2025 11:00;0,1
Stavanger - Våland;SN44640;30.12.2025 12:00;1,2
Stavanger - Våland;SN44640;30.12.2025 13:00;1,3
Stavanger - Våland;SN44640;30.12.2025 14:00;1,4
Stavanger - Våland;SN44640;30.12.2025 15:00;1,3
Stavanger - Våland;SN44640;30.12.2025 16:00;0,6
Stavanger - Våland;SN44640;30.12.2025 17:00;0,6
Stavanger - Våland;SN44640;30.12.2025 18:00;1
Stavanger - Våland;SN44640;30.12.2025 19:00;0,5
Stavanger - Våland;SN44640;30.12.2025 20:00;0,4
Stavanger - Våland;SN44640;30.12.2025 21:00;1,3
Stavanger - Våland;SN44640;30.12.2025 22:00;1,4
Stavanger - Våland;SN44640;30.12.2025 23:00;2
Stavanger - Våland;SN44640;31.12.2025 00:00;1,9
Stavanger - Våland;SN44640;31.12.2025 01:00;2,1
Stavanger - Våland;SN44640;31.12.2025 02:00;2,7
Stavanger - Våland;SN44640;31.12.2025 03:00;3,3
Stavanger - Våland;SN44640;31.12.2025 04:00;3,3
Stavanger - Våland;SN44640;31.12.2025 05:00;3
Stavanger - Våland;SN44640;31.12.2025 06:00;2,7
Stavanger - Våland;SN44640;31.12.2025 07:00;2,6
Stavanger - Våland;SN44640;31.12.2025 08:00;2,6
Stavanger - Våland;SN44640;31.12.2025 09:00;2,6
Stavanger - Våland;SN44640;31.12.2025 10:00;2,5
Stavanger - Våland;SN44640;31.12.2025 11:00;2,7
Stavanger - Våland;SN44640;31.12.2025 12:00;3,1
Stavanger - Våland;SN44640;31.12.2025 13:00;3,4
Stavanger - Våland;SN44640;31.12.2025 14:00;3,3
Stavanger - Våland;SN44640;31.12.2025 15:00;2,9
Stavanger - Våland;SN44640;31.12.2025 16:00;3,1
Stavanger - Våland;SN44640;31.12.2025 17:00;3,3
Stavanger - Våland;SN44640;31.12.2025 18:00;3,7
Stavanger - Våland;SN44640;31.12.2025 19:00;4,3
Stavanger - Våland;SN44640;31.12.2025 20:00;5,2
Stavanger - Våland;SN44640;31.12.2025 21:00;5,9
Stavanger - Våland;SN44640;31.12.2025 22:00;6,3
Stavanger - Våland;SN44640;31.12.2025 23:00;6
Stavanger - Våland;SN44640;01.01.2026 00:00;5,2
Stavanger - Våland;SN44640;01.01.2026 01:00;4,4
Stavanger - Våland;SN44640;01.01.2026 02:00;3,1
Stavanger - Våland;SN44640;01.01.2026 03:00;3,7
Stavanger - Våland;SN44640;01.01.2026 04:00;3,8
Stavanger - Våland;SN44640;01.01.2026 05:00;1,1
Stavanger - Våland;SN44640;01.01.2026 06:00;0,7
Stavanger - Våland;SN44640;01.01.2026 07:00;1
Stavanger - Våland;SN44640;01.01.2026 08:00;1,1
Stavanger - Våland;SN44640;01.01.2026 09:00;1,5
Stavanger - Våland;SN44640;01.01.2026 10:00;2,2
Stavanger - Våland;SN44640;01.01.2026 11:00;2
Stavanger - Våland;SN44640;01.01.2026 12:00;2,6
Stavanger - Våland;SN44640;01.01.2026 13:00;4,2
Stavanger - Våland;SN44640;01.01.2026 14:00;4,9
Stavanger - Våland;SN44640;01.01.2026 15:00;4,9
Stavanger - Våland;SN44640;01.01.2026 16:00;3,9
Stavanger - Våland;SN44640;01.01.2026 17:00;2,7
Stavanger - Våland;SN44640;01.01.2026 18:00;2
Stavanger - Våland;SN44640;01.01.2026 19:00;1,9
Stavanger - Våland;SN44640;01.01.2026 20:00;1,7
Stavanger - Våland;SN44640;01.01.2026 21:00;1,9
Stavanger - Våland;SN44640;01.01.2026 22:00;1,9
Stavanger - Våland;SN44640;01.01.2026 23:00;1,8
Stavanger - Våland;SN44640;02.01.2026 00:00;1,8
Stavanger - Våland;SN44640;02.01.2026 01:00;1,4
Stavanger - Våland;SN44640;02.01.2026 02:00;1,1
Stavanger - Våland;SN44640;02.01.2026 03:00;1,1
Stavanger - Våland;SN44640;02.01.2026 04:00;0,2
Stavanger - Våland;SN44640;02.01.2026 05:00;0,4
Stavanger - Våland;SN44640;02.01.2026 06:00;0,1
Stavanger - Våland;SN44640;02.01.2026 07:00;-0,2
Stavanger - Våland;SN44640;02.01.2026 08:00;-0,3
Stavanger - Våland;SN44640;02.01.2026 09:00;-0,3
Stavanger - Våland;SN44640;02.01.2026 10:00;-0,3
Stavanger - Våland;SN44640;02.01.2026 11:00;0
Stavanger - Våland;SN44640;02.01.2026 12:00;-0,1
Stavanger - Våland;SN44640;02.01.2026 13:00;-0,3
Stavanger - Våland;SN44640;02.01.2026 14:00;-0,3
Stavanger - Våland;SN44640;02.01.2026 15:00;-1
Stavanger - Våland;SN44640;02.01.2026 16:00;-1,2
Stavanger - Våland;SN44640;02.01.2026 17:00;-1,4
Stavanger - Våland;SN44640;02.01.2026 18:00;-1,4
Stavanger - Våland;SN44640;02.01.2026 19:00;-1,7
Stavanger - Våland;SN44640;02.01.2026 20:00;-1,8
Stavanger - Våland;SN44640;02.01.2026 21:00;-2,2
Stavanger - Våland;SN44640;02.01.2026 22:00;-2,7
Stavanger - Våland;SN44640;02.01.2026 23:00;-2,7
Stavanger - Våland;SN44640;03.01.2026 00:00;-3,2
Stavanger - Våland;SN44640;03.01.2026 01:00;-3,9
Stavanger - Våland;SN44640;03.01.2026 02:00;-4,2
Stavanger - Våland;SN44640;03.01.2026 03:00;-4,9
Stavanger - Våland;SN44640;03.01.2026 04:00;-5,1
Stavanger - Våland;SN44640;03.01.2026 05:00;-5
Stavanger - Våland;SN44640;03.01.2026 06:00;-4,8
Stavanger - Våland;SN44640;03.01.2026 07:00;-5,3
Stavanger - Våland;SN44640;03.01.2026 08:00;-5,3
Stavanger - Våland;SN44640;03.01.2026 09:00;-5,3
Stavanger - Våland;SN44640;03.01.2026 10:00;-5
Stavanger - Våland;SN44640;03.01.2026 11:00;-4,5
Stavanger - Våland;SN44640;03.01.2026 12:00;-4,2
Stavanger - Våland;SN44640;03.01.2026 13:00;-3,8
Stavanger - Våland;SN44640;03.01.2026 14:00;-4
Stavanger - Våland;SN44640;03.01.2026 15:00;-4,4
Stavanger - Våland;SN44640;03.01.2026 16:00;-4,9
Stavanger - Våland;SN44640;03.01.2026 17:00;-4,4
Stavanger - Våland;SN44640;03.01.2026 18:00;-4,7
Stavanger - Våland;SN44640;03.01.2026 19:00;-5,2
Stavanger - Våland;SN44640;03.01.2026 20:00;-5,3
Stavanger - Våland;SN44640;03.01.2026 21:00;-5,3
Stavanger - Våland;SN44640;03.01.2026 22:00;-5,6
Stavanger - Våland;SN44640;03.01.2026 23:00;-5,6
Stavanger - Våland;SN44640;04.01.2026 00:00;-5,9
Stavanger - Våland;SN44640;04.01.2026 01:00;-7,4
Stavanger - Våland;SN44640;04.01.2026 02:00;-7,6
Stavanger - Våland;SN44640;04.01.2026 03:00;-7,3
Stavanger - Våland;SN44640;04.01.2026 04:00;-7,3
Stavanger - Våland;SN44640;04.01.2026 05:00;-7,3
Stavanger - Våland;SN44640;04.01.2026 06:00;-7,3
Stavanger - Våland;SN44640;04.01.2026 07:00;-7,1
Stavanger - Våland;SN44640;04.01.2026 08:00;-8,2
Stavanger - Våland;SN44640;04.01.2026 09:00;-7
Stavanger - Våland;SN44640;04.01.2026 10:00;-6,6
Stavanger - Våland;SN44640;04.01.2026 11:00;-5,7
Stavanger - Våland;SN44640;04.01.2026 12:00;-5
Stavanger - Våland;SN44640;04.01.2026 13:00;-3,3
Stavanger - Våland;SN44640;04.01.2026 14:00;-3,7
Stavanger - Våland;SN44640;04.01.2026 15:00;-4
Stavanger - Våland;SN44640;04.01.2026 16:00;-4,5
Stavanger - Våland;SN44640;04.01.2026 17:00;-4,9
Stavanger - Våland;SN44640;04.01.2026 18:00;-5,6
Stavanger - Våland;SN44640;04.01.2026 19:00;-5,1
Stavanger - Våland;SN44640;04.01.2026 20:00;-5,1
Stavanger - Våland;SN44640;04.01.2026 21:00;-5,2
Stavanger - Våland;SN44640;04.01.2026 22:00;-6,5
Stavanger - Våland;SN44640;04.01.2026 23:00;-5,8
Stavanger - Våland;SN44640;05.01.2026 00:00;-4,9
Stavanger - Våland;SN44640;05.01.2026 01:00;-5,4
Stavanger - Våland;SN44640;05.01.2026 02:00;-5,7
Stavanger - Våland;SN44640;05.01.2026 03:00;-5,4
Stavanger - Våland;SN44640;05.01.2026 04:00;-5,1
Stavanger - Våland;SN44640;05.01.2026 05:00;-5,2
Stavanger - Våland;SN44640;05.01.2026 06:00;-5,3
Stavanger - Våland;SN44640;05.01.2026 07:00;-4,9
Stavanger - Våland;SN44640;05.01.2026 08:00;-4,8
Stavanger - Våland;SN44640;05.01.2026 09:00;-3,8
Stavanger - Våland;SN44640;05.01.2026 10:00;-3,2
Stavanger - Våland;SN44640;05.01.2026 11:00;-2,7
Stavanger - Våland;SN44640;05.01.2026 12:00;-2,6
Stavanger - Våland;SN44640;05.01.2026 13:00;-2,7
Stavanger - Våland;SN44640;05.01.2026 14:00;-2,3
Stavanger - Våland;SN44640;05.01.2026 15:00;-2,3
Stavanger - Våland;SN44640;05.01.2026 16:00;-3,4
Stavanger - Våland;SN44640;05.01.2026 17:00;-3,9
Stavanger - Våland;SN44640;05.01.2026 18:00;-4
Stavanger - Våland;SN44640;05.01.2026 19:00;-4,1
Stavanger - Våland;SN44640;05.01.2026 20:00;-3,6
Stavanger - Våland;SN44640;05.01.2026 21:00;-3,9
Stavanger - Våland;SN44640;05.01.2026 22:00;-3,9
Stavanger - Våland;SN44640;05.01.2026 23:00;-3,3
Stavanger - Våland;SN44640;06.01.2026 00:00;-3,4
Stavanger - Våland;SN44640;06.01.2026 01:00;-3,6
Stavanger - Våland;SN44640;06.01.2026 02:00;-3,1
Stavanger - Våland;SN44640;06.01.2026 03:00;-2,7
Stavanger - Våland;SN44640;06.01.2026 04:00;-2,6
Stavanger - Våland;SN44640;06.01.2026 05:00;-3,2
Stavanger - Våland;SN44640;06.01.2026 06:00;-3,4
Stavanger - Våland;SN44640;06.01.2026 07:00;-3,2
Stavanger - Våland;SN44640;06.01.2026 08:00;-3
Stavanger - Våland;SN44640;06.01.2026 09:00;-2,7
Stavanger - Våland;SN44640;06.01.2026 10:00;-2,7
Stavanger - Våland;SN44640;06.01.2026 11:00;-2,4
Stavanger - Våland;SN44640;06.01.2026 12:00;-2,1
Stavanger - Våland;SN44640;06.01.2026 13:00;-1,6
Stavanger - Våland;SN44640;06.01.2026 14:00;-1,5
Stavanger - Våland;SN44640;06.01.2026 15:00;-1,8
Stavanger - Våland;SN44640;06.01.2026 16:00;-2,8
Stavanger - Våland;SN44640;06.01.2026 17:00;-3,1
Stavanger - Våland;SN44640;06.01.2026 18:00;-3,7
Stavanger - Våland;SN44640;06.01.2026 19:00;-2,9
Stavanger - Våland;SN44640;06.01.2026 20:00;-3,4
Stavanger - Våland;SN44640;06.01.2026 21:00;-3,6
Stavanger - Våland;SN44640;06.01.2026 22:00;-3,6
Stavanger - Våland;SN44640;06.01.2026 23:00;-3,1
Stavanger - Våland;SN44640;07.01.2026 00:00;-3,3
Stavanger - Våland;SN44640;07.01.2026 01:00;-3,5
Stavanger - Våland;SN44640;07.01.2026 02:00;-3,7
Stavanger - Våland;SN44640;07.01.2026 03:00;-3,5
Stavanger - Våland;SN44640;07.01.2026 04:00;-3,6
Stavanger - Våland;SN44640;07.01.2026 05:00;-4,1
Stavanger - Våland;SN44640;07.01.2026 06:00;-3,4
Stavanger - Våland;SN44640;07.01.2026 07:00;-3
Stavanger - Våland;SN44640;07.01.2026 08:00;-3
Stavanger - Våland;SN44640;07.01.2026 09:00;-2,8
Stavanger - Våland;SN44640;07.01.2026 10:00;-3,4
Stavanger - Våland;SN44640;07.01.2026 11:00;-3
Stavanger - Våland;SN44640;07.01.2026 12:00;-2,5
Stavanger - Våland;SN44640;07.01.2026 13:00;-2,4
Stavanger - Våland;SN44640;07.01.2026 14:00;-2,8
Stavanger - Våland;SN44640;07.01.2026 15:00;-2,7
Stavanger - Våland;SN44640;07.01.2026 16:00;-3,5
Stavanger - Våland;SN44640;07.01.2026 17:00;-4,2
Stavanger - Våland;SN44640;07.01.2026 18:00;-4,5
Stavanger - Våland;SN44640;07.01.2026 19:00;-4,6
Stavanger - Våland;SN44640;07.01.2026 20:00;-4,6
Stavanger - Våland;SN44640;07.01.2026 21:00;-4,9
Stavanger - Våland;SN44640;07.01.2026 22:00;-5,4
Stavanger - Våland;SN44640;07.01.2026 23:00;-5,1
Stavanger - Våland;SN44640;08.01.2026 00:00;-5,1
Stavanger - Våland;SN44640;08.01.2026 01:00;-5,7
Stavanger - Våland;SN44640;08.01.2026 02:00;-5,7
Stavanger - Våland;SN44640;08.01.2026 03:00;-5,5
Stavanger - Våland;SN44640;08.01.2026 04:00;-5,5
Stavanger - Våland;SN44640;08.01.2026 05:00;-6,3
Stavanger - Våland;SN44640;08.01.2026 06:00;-6,6
Stavanger - Våland;SN44640;08.01.2026 07:00;-7
Stavanger - Våland;SN44640;08.01.2026 08:00;-6,6
Stavanger - Våland;SN44640;08.01.2026 09:00;-6,7
Stavanger - Våland;SN44640;08.01.2026 10:00;-6,6
Stavanger - Våland;SN44640;08.01.2026 11:00;-5,6
Stavanger - Våland;SN44640;08.01.2026 12:00;-5,4
Stavanger - Våland;SN44640;08.01.2026 13:00;-4,3
Stavanger - Våland;SN44640;08.01.2026 14:00;-3,6
Stavanger - Våland;SN44640;08.01.2026 15:00;-3,5
Stavanger - Våland;SN44640;08.01.2026 16:00;-3,4
Stavanger - Våland;SN44640;08.01.2026 17:00;-3,1
Stavanger - Våland;SN44640;08.01.2026 18:00;-2,2
Stavanger - Våland;SN44640;08.01.2026 19:00;-1,5
Stavanger - Våland;SN44640;08.01.2026 20:00;-0,6
Stavanger - Våland;SN44640;08.01.2026 21:00;0,6
Stavanger - Våland;SN44640;08.01.2026 22:00;0,7
Stavanger - Våland;SN44640;08.01.2026 23:00;0,4
Stavanger - Våland;SN44640;09.01.2026 00:00;0,3
Stavanger - Våland;SN44640;09.01.2026 01:00;0
Stavanger - Våland;SN44640;09.01.2026 02:00;0,6
Stavanger - Våland;SN44640;09.01.2026 03:00;1,1
Stavanger - Våland;SN44640;09.01.2026 04:00;1
Stavanger - Våland;SN44640;09.01.2026 05:00;0,2
Stavanger - Våland;SN44640;09.01.2026 06:00;-0,3
Stavanger - Våland;SN44640;09.01.2026 07:00;-0,5
Stavanger - Våland;SN44640;09.01.2026 08:00;-0,4
Stavanger - Våland;SN44640;09.01.2026 09:00;-0,3
Stavanger - Våland;SN44640;09.01.2026 10:00;-0,2
Stavanger - Våland;SN44640;09.01.2026 11:00;-0,2
Stavanger - Våland;SN44640;09.01.2026 12:00;0,2
Stavanger - Våland;SN44640;09.01.2026 13:00;0,5
Stavanger - Våland;SN44640;09.01.2026 14:00;0,2
Stavanger - Våland;SN44640;09.01.2026 15:00;-0,3
Stavanger - Våland;SN44640;09.01.2026 16:00;-0,7
Stavanger - Våland;SN44640;09.01.2026 17:00;-1,5
Stavanger - Våland;SN44640;09.01.2026 18:00;-1,4
Stavanger - Våland;SN44640;09.01.2026 19:00;-2
Stavanger - Våland;SN44640;09.01.2026 20:00;-1,3
Stavanger - Våland;SN44640;09.01.2026 21:00;-1,5
Stavanger - Våland;SN44640;09.01.2026 22:00;-1,8
Stavanger - Våland;SN44640;09.01.2026 23:00;-2,2
Stavanger - Våland;SN44640;10.01.2026 00:00;-2,5
Stavanger - Våland;SN44640;10.01.2026 01:00;-2,7
Stavanger - Våland;SN44640;10.01.2026 02:00;-2,9
Stavanger - Våland;SN44640;10.01.2026 03:00;-4,1
Stavanger - Våland;SN44640;10.01.2026 04:00;-4,4
Stavanger - Våland;SN44640;10.01.2026 05:00;-5,8
Stavanger - Våland;SN44640;10.01.2026 06:00;-5
Stavanger - Våland;SN44640;10.01.2026 07:00;-4,5
Stavanger - Våland;SN44640;10.01.2026 08:00;-4,4
Stavanger - Våland;SN44640;10.01.2026 09:00;-4,5
Stavanger - Våland;SN44640;10.01.2026 10:00;-4,5
Stavanger - Våland;SN44640;10.01.2026 11:00;-4
Stavanger - Våland;SN44640;10.01.2026 12:00;-4
Stavanger - Våland;SN44640;10.01.2026 13:00;-3,5
Stavanger - Våland;SN44640;10.01.2026 14:00;-3
Stavanger - Våland;SN44640;10.01.2026 15:00;-2,6
Stavanger - Våland;SN44640;10.01.2026 16:00;-2,5
Stavanger - Våland;SN44640;10.01.2026 17:00;-2,3
Stavanger - Våland;SN44640;10.01.2026 18:00;-2,4
Stavanger - Våland;SN44640;10.01.2026 19:00;-2,2
Stavanger - Våland;SN44640;10.01.2026 20:00;-2,4
Stavanger - Våland;SN44640;10.01.2026 21:00;-1,9
Stavanger - Våland;SN44640;10.01.2026 22:00;-1,7
Stavanger - Våland;SN44640;10.01.2026 23:00;-1,6
Stavanger - Våland;SN44640;11.01.2026 00:00;-1,8
Stavanger - Våland;SN44640;11.01.2026 01:00;-1,3
Stavanger - Våland;SN44640;11.01.2026 02:00;-0,7
Stavanger - Våland;SN44640;11.01.2026 03:00;-0,8
Stavanger - Våland;SN44640;11.01.2026 04:00;0
Stavanger - Våland;SN44640;11.01.2026 05:00;0,5
Stavanger - Våland;SN44640;11.01.2026 06:00;0,6
Stavanger - Våland;SN44640;11.01.2026 07:00;0,5
Stavanger - Våland;SN44640;11.01.2026 08:00;0,6
Stavanger - Våland;SN44640;11.01.2026 09:00;0,3
Stavanger - Våland;SN44640;11.01.2026 10:00;0,2
Stavanger - Våland;SN44640;11.01.2026 11:00;0,3
Stavanger - Våland;SN44640;11.01.2026 12:00;0,4
Stavanger - Våland;SN44640;11.01.2026 13:00;0,5
Stavanger - Våland;SN44640;11.01.2026 14:00;0,7
Stavanger - Våland;SN44640;11.01.2026 15:00;0,6
Stavanger - Våland;SN44640;11.01.2026 16:00;0,2
Stavanger - Våland;SN44640;11.01.2026 17:00;0,1
Stavanger - Våland;SN44640;11.01.2026 18:00;0,3
Stavanger - Våland;SN44640;11.01.2026 19:00;0,6
Stavanger - Våland;SN44640;11.01.2026 20:00;0,9
Stavanger - Våland;SN44640;11.01.2026 21:00;1,5
Stavanger - Våland;SN44640;11.01.2026 22:00;1,7
Stavanger - Våland;SN44640;11.01.2026 23:00;1,5
Stavanger - Våland;SN44640;12.01.2026 00:00;1,5
Stavanger - Våland;SN44640;12.01.2026 01:00;1,8
Stavanger - Våland;SN44640;12.01.2026 02:00;1,9
Stavanger - Våland;SN44640;12.01.2026 03:00;1,5
Stavanger - Våland;SN44640;12.01.2026 04:00;1,7
Stavanger - Våland;SN44640;12.01.2026 05:00;0,9
Stavanger - Våland;SN44640;12.01.2026 06:00;1,2
Stavanger - Våland;SN44640;12.01.2026 07:00;1,5
Stavanger - Våland;SN44640;12.01.2026 08:00;1,3
Stavanger - Våland;SN44640;12.01.2026 09:00;1,2
Stavanger - Våland;SN44640;12.01.2026 10:00;2,1
Stavanger - Våland;SN44640;12.01.2026 11:00;2,5
Stavanger - Våland;SN44640;12.01.2026 12:00;2,7
Stavanger - Våland;SN44640;12.01.2026 13:00;3,1
Stavanger - Våland;SN44640;12.01.2026 14:00;2,9
Stavanger - Våland;SN44640;12.01.2026 15:00;2,4
Stavanger - Våland;SN44640;12.01.2026 16:00;2,5
Stavanger - Våland;SN44640;12.01.2026 17:00;2,6
Stavanger - Våland;SN44640;12.01.2026 18:00;2,4
Stavanger - Våland;SN44640;12.01.2026 19:00;2,3
Stavanger - Våland;SN44640;12.01.2026 20:00;2,2
Stavanger - Våland;SN44640;12.01.2026 21:00;2,2
Stavanger - Våland;SN44640;12.01.2026 22:00;2,2
Stavanger - Våland;SN44640;12.01.2026 23:00;2,2
Stavanger - Våland;SN44640;13.01.2026 00:00;2
Stavanger - Våland;SN44640;13.01.2026 01:00;1,9
Stavanger - Våland;SN44640;13.01.2026 02:00;2,2
Stavanger - Våland;SN44640;13.01.2026 03:00;2,2
Stavanger - Våland;SN44640;13.01.2026 04:00;2,1
Stavanger - Våland;SN44640;13.01.2026 05:00;2,3
Stavanger - Våland;SN44640;13.01.2026 06:00;2,2
Stavanger - Våland;SN44640;13.01.2026 07:00;1,4
Stavanger - Våland;SN44640;13.01.2026 08:00;1,3
Stavanger - Våland;SN44640;13.01.2026 09:00;1,8
Stavanger - Våland;SN44640;13.01.2026 10:00;1,6
Stavanger - Våland;SN44640;13.01.2026 11:00;1,9
Stavanger - Våland;SN44640;13.01.2026 12:00;2,7
Stavanger - Våland;SN44640;13.01.2026 13:00;2,9
Stavanger - Våland;SN44640;13.01.2026 14:00;3,4
Stavanger - Våland;SN44640;13.01.2026 15:00;3,6
Stavanger - Våland;SN44640;13.01.2026 16:00;3,2
Stavanger - Våland;SN44640;13.01.2026 17:00;2,6
Stavanger - Våland;SN44640;13.01.2026 18:00;2,8
Stavanger - Våland;SN44640;13.01.2026 19:00;2,7
Stavanger - Våland;SN44640;13.01.2026 20:00;3,1
Stavanger - Våland;SN44640;13.01.2026 21:00;3
Stavanger - Våland;SN44640;13.01.2026 22:00;2,9
Stavanger - Våland;SN44640;13.01.2026 23:00;3,3
Stavanger - Våland;SN44640;14.01.2026 00:00;3
Stavanger - Våland;SN44640;14.01.2026 01:00;4,3
Stavanger - Våland;SN44640;14.01.2026 02:00;4,2
Stavanger - Våland;SN44640;14.01.2026 03:00;3,6
Stavanger - Våland;SN44640;14.01.2026 04:00;3,3
Stavanger - Våland;SN44640;14.01.2026 05:00;3,8
Stavanger - Våland;SN44640;14.01.2026 06:00;3,8
Stavanger - Våland;SN44640;14.01.2026 07:00;3,4
Stavanger - Våland;SN44640;14.01.2026 08:00;3,8
Stavanger - Våland;SN44640;14.01.2026 09:00;3,5
Stavanger - Våland;SN44640;14.01.2026 10:00;3,3
Stavanger - Våland;SN44640;14.01.2026 11:00;3,3
Stavanger - Våland;SN44640;14.01.2026 12:00;2,1
Stavanger - Våland;SN44640;14.01.2026 13:00;2,8
Stavanger - Våland;SN44640;14.01.2026 14:00;2,8
Stavanger - Våland;SN44640;14.01.2026 15:00;2,4
Stavanger - Våland;SN44640;14.01.2026 16:00;2,2
Stavanger - Våland;SN44640;14.01.2026 17:00;3,1
Stavanger - Våland;SN44640;14.01.2026 18:00;2,2
Stavanger - Våland;SN44640;14.01.2026 19:00;2,7
Stavanger - Våland;SN44640;14.01.2026 20:00;2,8
Stavanger - Våland;SN44640;14.01.2026 21:00;2,9
Stavanger - Våland;SN44640;14.01.2026 22:00;3
Stavanger - Våland;SN44640;14.01.2026 23:00;3,9
Stavanger - Våland;SN44640;15.01.2026 00:00;4
Stavanger - Våland;SN44640;15.01.2026 01:00;4,3
Stavanger - Våland;SN44640;15.01.2026 02:00;4,3
Stavanger - Våland;SN44640;15.01.2026 03:00;4,4
Stavanger - Våland;SN44640;15.01.2026 04:00;4,5
Stavanger - Våland;SN44640;15.01.2026 05:00;4,2
Stavanger - Våland;SN44640;15.01.2026 06:00;4,4
Stavanger - Våland;SN44640;15.01.2026 07:00;4,4
Stavanger - Våland;SN44640;15.01.2026 08:00;4,6
Stavanger - Våland;SN44640;15.01.2026 09:00;4,7
Stavanger - Våland;SN44640;15.01.2026 10:00;4,9
Stavanger - Våland;SN44640;15.01.2026 11:00;5,1
Stavanger - Våland;SN44640;15.01.2026 12:00;4,5
Stavanger - Våland;SN44640;15.01.2026 13:00;4,8
Stavanger - Våland;SN44640;15.01.2026 14:00;5,1
Stavanger - Våland;SN44640;15.01.2026 15:00;5
Stavanger - Våland;SN44640;15.01.2026 16:00;5,3
Stavanger - Våland;SN44640;15.01.2026 17:00;5,8
Stavanger - Våland;SN44640;15.01.2026 18:00;5,7
Stavanger - Våland;SN44640;15.01.2026 19:00;5,2
Stavanger - Våland;SN44640;15.01.2026 20:00;5,3
Stavanger - Våland;SN44640;15.01.2026 21:00;5,2
Stavanger - Våland;SN44640;15.01.2026 22:00;5,9
Stavanger - Våland;SN44640;15.01.2026 23:00;6
Stavanger - Våland;SN44640;16.01.2026 00:00;6,4
Stavanger - Våland;SN44640;16.01.2026 01:00;6,4
Stavanger - Våland;SN44640;16.01.2026 02:00;6,3
Stavanger - Våland;SN44640;16.01.2026 03:00;6
Stavanger - Våland;SN44640;16.01.2026 04:00;5,5
Stavanger - Våland;SN44640;16.01.2026 05:00;5,2
Stavanger - Våland;SN44640;16.01.2026 06:00;5,2
Stavanger - Våland;SN44640;16.01.2026 07:00;5,2
Stavanger - Våland;SN44640;16.01.2026 08:00;5,4
Stavanger - Våland;SN44640;16.01.2026 09:00;4,9
Stavanger - Våland;SN44640;16.01.2026 10:00;5,1
Stavanger - Våland;SN44640;16.01.2026 11:00;5,2
Stavanger - Våland;SN44640;16.01.2026 12:00;5,3
Stavanger - Våland;SN44640;16.01.2026 13:00;5,6
Stavanger - Våland;SN44640;16.01.2026 14:00;6,7
Stavanger - Våland;SN44640;16.01.2026 15:00;7
Stavanger - Våland;SN44640;16.01.2026 16:00;6,2
Stavanger - Våland;SN44640;16.01.2026 17:00;5,8
Stavanger - Våland;SN44640;16.01.2026 18:00;4,6
Stavanger - Våland;SN44640;16.01.2026 19:00;4,8
Stavanger - Våland;SN44640;16.01.2026 20:00;4,8
Stavanger - Våland;SN44640;16.01.2026 21:00;4,7
Stavanger - Våland;SN44640;16.01.2026 22:00;4,8
Stavanger - Våland;SN44640;16.01.2026 23:00;4,6
Stavanger - Våland;SN44640;17.01.2026 00:00;4,2
Stavanger - Våland;SN44640;17.01.2026 01:00;4,4
Stavanger - Våland;SN44640;17.01.2026 02:00;4,1
Stavanger - Våland;SN44640;17.01.2026 03:00;3,8
Stavanger - Våland;SN44640;17.01.2026 04:00;3,7
Stavanger - Våland;SN44640;17.01.2026 05:00;3,9
Stavanger - Våland;SN44640;17.01.2026 06:00;4,2
Stavanger - Våland;SN44640;17.01.2026 07:00;5,1
Stavanger - Våland;SN44640;17.01.2026 08:00;4,4
Stavanger - Våland;SN44640;17.01.2026 09:00;4,2
Stavanger - Våland;SN44640;17.01.2026 10:00;4,8
Stavanger - Våland;SN44640;17.01.2026 11:00;4,9
Stavanger - Våland;SN44640;17.01.2026 12:00;5,4
Stavanger - Våland;SN44640;17.01.2026 13:00;6,1
Stavanger - Våland;SN44640;17.01.2026 14:00;6,9
Stavanger - Våland;SN44640;17.01.2026 15:00;7
Stavanger - Våland;SN44640;17.01.2026 16:00;6,2
Stavanger - Våland;SN44640;17.01.2026 17:00;6,5
Stavanger - Våland;SN44640;17.01.2026 18:00;5,5
Stavanger - Våland;SN44640;17.01.2026 19:00;5,7
Stavanger - Våland;SN44640;17.01.2026 20:00;6,2
Stavanger - Våland;SN44640;17.01.2026 21:00;6
Stavanger - Våland;SN44640;17.01.2026 22:00;6,2
Stavanger - Våland;SN44640;17.01.2026 23:00;5,9
Stavanger - Våland;SN44640;18.01.2026 00:00;6,1
Stavanger - Våland;SN44640;18.01.2026 01:00;5,7
Stavanger - Våland;SN44640;18.01.2026 02:00;6,1
Stavanger - Våland;SN44640;18.01.2026 03:00;4,9
Stavanger - Våland;SN44640;18.01.2026 04:00;4,4
Stavanger - Våland;SN44640;18.01.2026 05:00;4,7
Stavanger - Våland;SN44640;18.01.2026 06:00;4,6
Stavanger - Våland;SN44640;18.01.2026 07:00;3,7
Stavanger - Våland;SN44640;18.01.2026 08:00;3,5
Stavanger - Våland;SN44640;18.01.2026 09:00;3,6
Stavanger - Våland;SN44640;18.01.2026 10:00;3,8
Stavanger - Våland;SN44640;18.01.2026 11:00;3,9
Stavanger - Våland;SN44640;18.01.2026 12:00;4,5
Stavanger - Våland;SN44640;18.01.2026 13:00;4,8
Stavanger - Våland;SN44640;18.01.2026 14:00;5,8
Stavanger - Våland;SN44640;18.01.2026 15:00;5,8
Stavanger - Våland;SN44640;18.01.2026 16:00;5,2
Stavanger - Våland;SN44640;18.01.2026 17:00;4,3
Stavanger - Våland;SN44640;18.01.2026 18:00;4,4
Stavanger - Våland;SN44640;18.01.2026 19:00;3,5
Stavanger - Våland;SN44640;18.01.2026 20:00;2,8
Stavanger - Våland;SN44640;18.01.2026 21:00;4,3
Stavanger - Våland;SN44640;18.01.2026 22:00;4,5
Stavanger - Våland;SN44640;18.01.2026 23:00;4,7
Stavanger - Våland;SN44640;19.01.2026 00:00;4,6
Stavanger - Våland;SN44640;19.01.2026 01:00;4,3
Stavanger - Våland;SN44640;19.01.2026 02:00;3,9
Stavanger - Våland;SN44640;19.01.2026 03:00;3
Stavanger - Våland;SN44640;19.01.2026 04:00;4,4
Stavanger - Våland;SN44640;19.01.2026 05:00;4
Stavanger - Våland;SN44640;19.01.2026 06:00;4,2
Stavanger - Våland;SN44640;19.01.2026 07:00;4,3
Stavanger - Våland;SN44640;19.01.2026 08:00;4,4
Stavanger - Våland;SN44640;19.01.2026 09:00;4,4
Stavanger - Våland;SN44640;19.01.2026 10:00;4,8
Stavanger - Våland;SN44640;19.01.2026 11:00;5,1
Stavanger - Våland;SN44640;19.01.2026 12:00;5,5
Stavanger - Våland;SN44640;19.01.2026 13:00;5,3
Stavanger - Våland;SN44640;19.01.2026 14:00;5,3
Stavanger - Våland;SN44640;19.01.2026 15:00;5,5
Stavanger - Våland;SN44640;19.01.2026 16:00;5,1
Stavanger - Våland;SN44640;19.01.2026 17:00;4,4
Stavanger - Våland;SN44640;19.01.2026 18:00;4,1
Stavanger - Våland;SN44640;19.01.2026 19:00;4
Stavanger - Våland;SN44640;19.01.2026 20:00;4
Stavanger - Våland;SN44640;19.01.2026 21:00;3,7
Stavanger - Våland;SN44640;19.01.2026 22:00;3,6
Stavanger - Våland;SN44640;19.01.2026 23:00;2,9
Stavanger - Våland;SN44640;20.01.2026 00:00;2,5
Stavanger - Våland;SN44640;20.01.2026 01:00;2,1
Stavanger - Våland;SN44640;20.01.2026 02:00;1,9
Stavanger - Våland;SN44640;20.01.2026 03:00;0,5
Stavanger - Våland;SN44640;20.01.2026 04:00;0,2
Stavanger - Våland;SN44640;20.01.2026 05:00;1
Stavanger - Våland;SN44640;20.01.2026 06:00;0
Stavanger - Våland;SN44640;20.01.2026 07:00;-1
Stavanger - Våland;SN44640;20.01.2026 08:00;-1,4
Stavanger - Våland;SN44640;20.01.2026 09:00;-0,9
Stavanger - Våland;SN44640;20.01.2026 10:00;0,8
Stavanger - Våland;SN44640;20.01.2026 11:00;1,4
Stavanger - Våland;SN44640;20.01.2026 12:00;1,9
Stavanger - Våland;SN44640;20.01.2026 13:00;2
Stavanger - Våland;SN44640;20.01.2026 14:00;2,7
Stavanger - Våland;SN44640;20.01.2026 15:00;3,2
Stavanger - Våland;SN44640;20.01.2026 16:00;2,5
Stavanger - Våland;SN44640;20.01.2026 17:00;1,5
Stavanger - Våland;SN44640;20.01.2026 18:00;1,3
Stavanger - Våland;SN44640;20.01.2026 19:00;0,5
Stavanger - Våland;SN44640;20.01.2026 20:00;-0,1
Stavanger - Våland;SN44640;20.01.2026 21:00;-0,3
Stavanger - Våland;SN44640;20.01.2026 22:00;-0,4
Stavanger - Våland;SN44640;20.01.2026 23:00;-0,6
Stavanger - Våland;SN44640;21.01.2026 00:00;-0,2
Stavanger - Våland;SN44640;21.01.2026 01:00;0,5
Stavanger - Våland;SN44640;21.01.2026 02:00;0,8
Stavanger - Våland;SN44640;21.01.2026 03:00;-0,2
Stavanger - Våland;SN44640;21.01.2026 04:00;-0,4
Stavanger - Våland;SN44640;21.01.2026 05:00;0,1
Stavanger - Våland;SN44640;21.01.2026 06:00;0
Stavanger - Våland;SN44640;21.01.2026 07:00;-0,1
Stavanger - Våland;SN44640;21.01.2026 08:00;0,3
Stavanger - Våland;SN44640;21.01.2026 09:00;2,2
Stavanger - Våland;SN44640;21.01.2026 10:00;2,5
Stavanger - Våland;SN44640;21.01.2026 11:00;4,2
Stavanger - Våland;SN44640;21.01.2026 12:00;4,6
Stavanger - Våland;SN44640;21.01.2026 13:00;6,4
Stavanger - Våland;SN44640;21.01.2026 14:00;4,1
Stavanger - Våland;SN44640;21.01.2026 15:00;3,6
Stavanger - Våland;SN44640;21.01.2026 16:00;2,7
Stavanger - Våland;SN44640;21.01.2026 17:00;2,4
Stavanger - Våland;SN44640;21.01.2026 18:00;1,9
Stavanger - Våland;SN44640;21.01.2026 19:00;1,4
Stavanger - Våland;SN44640;21.01.2026 20:00;1,9
Stavanger - Våland;SN44640;21.01.2026 21:00;1,5
Stavanger - Våland;SN44640;21.01.2026 22:00;1,3
Stavanger - Våland;SN44640;21.01.2026 23:00;1,2
Stavanger - Våland;SN44640;22.01.2026 00:00;1
Stavanger - Våland;SN44640;22.01.2026 01:00;0,7
Stavanger - Våland;SN44640;22.01.2026 02:00;-0,1
Stavanger - Våland;SN44640;22.01.2026 03:00;0,3
Stavanger - Våland;SN44640;22.01.2026 04:00;0,2
Stavanger - Våland;SN44640;22.01.2026 05:00;1,3
Stavanger - Våland;SN44640;22.01.2026 06:00;1,1
Stavanger - Våland;SN44640;22.01.2026 07:00;0,8
Stavanger - Våland;SN44640;22.01.2026 08:00;0,3
Stavanger - Våland;SN44640;22.01.2026 09:00;1,3
Stavanger - Våland;SN44640;22.01.2026 10:00;1,4
Stavanger - Våland;SN44640;22.01.2026 11:00;1,7
Stavanger - Våland;SN44640;22.01.2026 12:00;1,9
Stavanger - Våland;SN44640;22.01.2026 13:00;2,2
Stavanger - Våland;SN44640;22.01.2026 14:00;2
Stavanger - Våland;SN44640;22.01.2026 15:00;1,6
Stavanger - Våland;SN44640;22.01.2026 16:00;1,2
Stavanger - Våland;SN44640;22.01.2026 17:00;0,6
Stavanger - Våland;SN44640;22.01.2026 18:00;0,3
Stavanger - Våland;SN44640;22.01.2026 19:00;-0,1
Stavanger - Våland;SN44640;22.01.2026 20:00;-0,3
Stavanger - Våland;SN44640;22.01.2026 21:00;-0,3
Stavanger - Våland;SN44640;22.01.2026 22:00;-0,7
Stavanger - Våland;SN44640;22.01.2026 23:00;-0,9
Stavanger - Våland;SN44640;23.01.2026 00:00;-1
Stavanger - Våland;SN44640;23.01.2026 01:00;-1,1
Stavanger - Våland;SN44640;23.01.2026 02:00;-1,4
Stavanger - Våland;SN44640;23.01.2026 03:00;-1,5
Stavanger - Våland;SN44640;23.01.2026 04:00;-1,5
Stavanger - Våland;SN44640;23.01.2026 05:00;-1,9
Stavanger - Våland;SN44640;23.01.2026 06:00;-1,6
Stavanger - Våland;SN44640;23.01.2026 07:00;-1,5
Stavanger - Våland;SN44640;23.01.2026 08:00;-1,2
Stavanger - Våland;SN44640;23.01.2026 09:00;-0,8
Stavanger - Våland;SN44640;23.01.2026 10:00;-0,5
Stavanger - Våland;SN44640;23.01.2026 11:00;-0,2
Stavanger - Våland;SN44640;23.01.2026 12:00;0,1
Stavanger - Våland;SN44640;23.01.2026 13:00;0,2
Stavanger - Våland;SN44640;23.01.2026 14:00;0
Stavanger - Våland;SN44640;23.01.2026 15:00;-0,1
Stavanger - Våland;SN44640;23.01.2026 16:00;-0,8
Stavanger - Våland;SN44640;23.01.2026 17:00;-1
Stavanger - Våland;SN44640;23.01.2026 18:00;-1
Stavanger - Våland;SN44640;23.01.2026 19:00;-1
Stavanger - Våland;SN44640;23.01.2026 20:00;-0,9
Stavanger - Våland;SN44640;23.01.2026 21:00;-1,1
Stavanger - Våland;SN44640;23.01.2026 22:00;-0,9
Stavanger - Våland;SN44640;23.01.2026 23:00;-1
Stavanger - Våland;SN44640;24.01.2026 00:00;-0,9
Stavanger - Våland;SN44640;24.01.2026 01:00;-1,3
Stavanger - Våland;SN44640;24.01.2026 02:00;-1,8
Stavanger - Våland;SN44640;24.01.2026 03:00;-1,9
Stavanger - Våland;SN44640;24.01.2026 04:00;-1,6
Stavanger - Våland;SN44640;24.01.2026 05:00;-2,7
Stavanger - Våland;SN44640;24.01.2026 06:00;-2,9
Stavanger - Våland;SN44640;24.01.2026 07:00;-1,7
Stavanger - Våland;SN44640;24.01.2026 08:00;-1,6
Stavanger - Våland;SN44640;24.01.2026 09:00;-2,9
Stavanger - Våland;SN44640;24.01.2026 10:00;-1,5
Stavanger - Våland;SN44640;24.01.2026 11:00;-1,1
Stavanger - Våland;SN44640;24.01.2026 12:00;-0,2
Stavanger - Våland;SN44640;24.01.2026 13:00;0,3
Stavanger - Våland;SN44640;24.01.2026 14:00;-0,4
Stavanger - Våland;SN44640;24.01.2026 15:00;-0,7
Stavanger - Våland;SN44640;24.01.2026 16:00;-1
Stavanger - Våland;SN44640;24.01.2026 17:00;-1,7
Stavanger - Våland;SN44640;24.01.2026 18:00;-2,1
Stavanger - Våland;SN44640;24.01.2026 19:00;-1,9
Stavanger - Våland;SN44640;24.01.2026 20:00;-2,2
Stavanger - Våland;SN44640;24.01.2026 21:00;-1,5
Stavanger - Våland;SN44640;24.01.2026 22:00;-1
Stavanger - Våland;SN44640;24.01.2026 23:00;-0,5
Stavanger - Våland;SN44640;25.01.2026 00:00;-0,5
Stavanger - Våland;SN44640;25.01.2026 01:00;0
Stavanger - Våland;SN44640;25.01.2026 02:00;0,2
Stavanger - Våland;SN44640;25.01.2026 03:00;0,3
Stavanger - Våland;SN44640;25.01.2026 04:00;0,1
Stavanger - Våland;SN44640;25.01.2026 05:00;-0,2
Stavanger - Våland;SN44640;25.01.2026 06:00;-0,3
Stavanger - Våland;SN44640;25.01.2026 07:00;-0,6
Stavanger - Våland;SN44640;25.01.2026 08:00;-1,3
Stavanger - Våland;SN44640;25.01.2026 09:00;-1,7
Stavanger - Våland;SN44640;25.01.2026 10:00;-1,8
Stavanger - Våland;SN44640;25.01.2026 11:00;-1,8
Stavanger - Våland;SN44640;25.01.2026 12:00;-1,4
Stavanger - Våland;SN44640;25.01.2026 13:00;-1
Stavanger - Våland;SN44640;25.01.2026 14:00;-1,6
Stavanger - Våland;SN44640;25.01.2026 15:00;-2
Stavanger - Våland;SN44640;25.01.2026 16:00;-2,3
Stavanger - Våland;SN44640;25.01.2026 17:00;-2,4
Stavanger - Våland;SN44640;25.01.2026 18:00;-2,3
Stavanger - Våland;SN44640;25.01.2026 19:00;-2,6
Stavanger - Våland;SN44640;25.01.2026 20:00;-2,4
Stavanger - Våland;SN44640;25.01.2026 21:00;-2,5
Stavanger - Våland;SN44640;25.01.2026 22:00;-2,3
Stavanger - Våland;SN44640;25.01.2026 23:00;-2,1
Stavanger - Våland;SN44640;26.01.2026 00:00;-1,9
Stavanger - Våland;SN44640;26.01.2026 01:00;-2,2
Stavanger - Våland;SN44640;26.01.2026 02:00;-2,2
Stavanger - Våland;SN44640;26.01.2026 03:00;-2
Stavanger - Våland;SN44640;26.01.2026 04:00;-2,1
Stavanger - Våland;SN44640;26.01.2026 05:00;-2,9
Stavanger - Våland;SN44640;26.01.2026 06:00;-3,8
Stavanger - Våland;SN44640;26.01.2026 07:00;-3,9
Stavanger - Våland;SN44640;26.01.2026 08:00;-4,5
Stavanger - Våland;SN44640;26.01.2026 09:00;-4,7
Stavanger - Våland;SN44640;26.01.2026 10:00;-3,8
Stavanger - Våland;SN44640;26.01.2026 11:00;-3
Stavanger - Våland;SN44640;26.01.2026 12:00;-2,4
Stavanger - Våland;SN44640;26.01.2026 13:00;-0,5
Stavanger - Våland;SN44640;26.01.2026 14:00;-1,6
Stavanger - Våland;SN44640;26.01.2026 15:00;-1,9
Stavanger - Våland;SN44640;26.01.2026 16:00;-2,2
Stavanger - Våland;SN44640;26.01.2026 17:00;-3,7
Stavanger - Våland;SN44640;26.01.2026 18:00;-4
Stavanger - Våland;SN44640;26.01.2026 19:00;-4,6
Stavanger - Våland;SN44640;26.01.2026 20:00;-5,7
Stavanger - Våland;SN44640;26.01.2026 21:00;-5,7
Stavanger - Våland;SN44640;26.01.2026 22:00;-4,8
Stavanger - Våland;SN44640;26.01.2026 23:00;-4,5
Stavanger - Våland;SN44640;27.01.2026 00:00;-5,3
Stavanger - Våland;SN44640;27.01.2026 01:00;-5,2
Stavanger - Våland;SN44640;27.01.2026 02:00;-5,5
Stavanger - Våland;SN44640;27.01.2026 03:00;-4,8
Stavanger - Våland;SN44640;27.01.2026 04:00;-5,1
Stavanger - Våland;SN44640;27.01.2026 05:00;-4,7
Stavanger - Våland;SN44640;27.01.2026 06:00;-3,5
Stavanger - Våland;SN44640;27.01.2026 07:00;-3,6
Stavanger - Våland;SN44640;27.01.2026 08:00;-3,2
Stavanger - Våland;SN44640;27.01.2026 09:00;-3,4
Stavanger - Våland;SN44640;27.01.2026 10:00;-3,5
Stavanger - Våland;SN44640;27.01.2026 11:00;-3
Stavanger - Våland;SN44640;27.01.2026 12:00;-1,6
Stavanger - Våland;SN44640;27.01.2026 13:00;-0,5
Stavanger - Våland;SN44640;27.01.2026 14:00;-0,7
Stavanger - Våland;SN44640;27.01.2026 15:00;-0,9
Stavanger - Våland;SN44640;27.01.2026 16:00;-1,1
Stavanger - Våland;SN44640;27.01.2026 17:00;-3,3
Stavanger - Våland;SN44640;27.01.2026 18:00;-4
Stavanger - Våland;SN44640;27.01.2026 19:00;-3,6
Stavanger - Våland;SN44640;27.01.2026 20:00;-4,1
Stavanger - Våland;SN44640;27.01.2026 21:00;-4,7
Stavanger - Våland;SN44640;27.01.2026 22:00;-3,7
Stavanger - Våland;SN44640;27.01.2026 23:00;-3,7
Stavanger - Våland;SN44640;28.01.2026 00:00;-4
Stavanger - Våland;SN44640;28.01.2026 01:00;-3,9
Stavanger - Våland;SN44640;28.01.2026 02:00;-4,1
Stavanger - Våland;SN44640;28.01.2026 03:00;-3,6
Stavanger - Våland;SN44640;28.01.2026 04:00;-3,6
Stavanger - Våland;SN44640;28.01.2026 05:00;-3,4
Stavanger - Våland;SN44640;28.01.2026 06:00;-3,5
Stavanger - Våland;SN44640;28.01.2026 07:00;-3,5
Stavanger - Våland;SN44640;28.01.2026 08:00;-3,3
Stavanger - Våland;SN44640;28.01.2026 09:00;-3,1
Stavanger - Våland;SN44640;28.01.2026 10:00;-3,2
Stavanger - Våland;SN44640;28.01.2026 11:00;-2,8
Stavanger - Våland;SN44640;28.01.2026 12:00;-2,2
Stavanger - Våland;SN44640;28.01.2026 13:00;-2,2
Stavanger - Våland;SN44640;28.01.2026 14:00;-1,4
Stavanger - Våland;SN44640;28.01.2026 15:00;-1,9
Stavanger - Våland;SN44640;28.01.2026 16:00;-2,5
Stavanger - Våland;SN44640;28.01.2026 17:00;-2,6
Stavanger - Våland;SN44640;28.01.2026 18:00;-3,2
Stavanger - Våland;SN44640;28.01.2026 19:00;-3,3
Stavanger - Våland;SN44640;28.01.2026 20:00;-4
Stavanger - Våland;SN44640;28.01.2026 21:00;-3,8
Stavanger - Våland;SN44640;28.01.2026 22:00;-4
Stavanger - Våland;SN44640;28.01.2026 23:00;-3,9
Stavanger - Våland;SN44640;29.01.2026 00:00;-3,6
Stavanger - Våland;SN44640;29.01.2026 01:00;-4
Stavanger - Våland;SN44640;29.01.2026 02:00;-4,1
Stavanger - Våland;SN44640;29.01.2026 03:00;-3,6
Stavanger - Våland;SN44640;29.01.2026 04:00;-3,9
Stavanger - Våland;SN44640;29.01.2026 05:00;-4
Stavanger - Våland;SN44640;29.01.2026 06:00;-4,3
Stavanger - Våland;SN44640;29.01.2026 07:00;-4,2
Stavanger - Våland;SN44640;29.01.2026 08:00;-4,5
Stavanger - Våland;SN44640;29.01.2026 09:00;-4,5
Stavanger - Våland;SN44640;29.01.2026 10:00;-4,5
Stavanger - Våland;SN44640;29.01.2026 11:00;-4
Stavanger - Våland;SN44640;29.01.2026 12:00;-3,8
Stavanger - Våland;SN44640;29.01.2026 13:00;-3
Stavanger - Våland;SN44640;29.01.2026 14:00;-2,5
Stavanger - Våland;SN44640;29.01.2026 15:00;-2,7
Stavanger - Våland;SN44640;29.01.2026 16:00;-3,2
Stavanger - Våland;SN44640;29.01.2026 17:00;-3,8
Stavanger - Våland;SN44640;29.01.2026 18:00;-4,1
Stavanger - Våland;SN44640;29.01.2026 19:00;-3,9
Stavanger - Våland;SN44640;29.01.2026 20:00;-4
Stavanger - Våland;SN44640;29.01.2026 21:00;-4
Stavanger - Våland;SN44640;29.01.2026 22:00;-3,8
Stavanger - Våland;SN44640;29.01.2026 23:00;-3,6
Stavanger - Våland;SN44640;30.01.2026 00:00;-3,3
Stavanger - Våland;SN44640;30.01.2026 01:00;-3,1
Stavanger - Våland;SN44640;30.01.2026 02:00;-3,4
Stavanger - Våland;SN44640;30.01.2026 03:00;-3,3
Stavanger - Våland;SN44640;30.01.2026 04:00;-3,5
Stavanger - Våland;SN44640;30.01.2026 05:00;-3,2
Stavanger - Våland;SN44640;30.01.2026 06:00;-2,8
Stavanger - Våland;SN44640;30.01.2026 07:00;-2,9
Stavanger - Våland;SN44640;30.01.2026 08:00;-2,6
Stavanger - Våland;SN44640;30.01.2026 09:00;-2,3
Stavanger - Våland;SN44640;30.01.2026 10:00;-2,2
Stavanger - Våland;SN44640;30.01.2026 11:00;-1,9
Stavanger - Våland;SN44640;30.01.2026 12:00;-1,5
Stavanger - Våland;SN44640;30.01.2026 13:00;-1,5
Stavanger - Våland;SN44640;30.01.2026 14:00;-1,6
Stavanger - Våland;SN44640;30.01.2026 15:00;-1,7
Stavanger - Våland;SN44640;30.01.2026 16:00;-1,9
Stavanger - Våland;SN44640;30.01.2026 17:00;-2,1
Stavanger - Våland;SN44640;30.01.2026 18:00;-2,1
Stavanger - Våland;SN44640;30.01.2026 19:00;-2,1
Stavanger - Våland;SN44640;30.01.2026 20:00;-2
Stavanger - Våland;SN44640;30.01.2026 21:00;-1,9
Stavanger - Våland;SN44640;30.01.2026 22:00;-1,7
Stavanger - Våland;SN44640;30.01.2026 23:00;-1,7
Stavanger - Våland;SN44640;31.01.2026 00:00;-1,7
Stavanger - Våland;SN44640;31.01.2026 01:00;-1,6
Stavanger - Våland;SN44640;31.01.2026 02:00;-1,5
Stavanger - Våland;SN44640;31.01.2026 03:00;-1,4
Stavanger - Våland;SN44640;31.01.2026 04:00;-1,3
Stavanger - Våland;SN44640;31.01.2026 05:00;-1,4
Stavanger - Våland;SN44640;31.01.2026 06:00;-1,4
Stavanger - Våland;SN44640;31.01.2026 07:00;-1,4
Stavanger - Våland;SN44640;31.01.2026 08:00;-1,5
Stavanger - Våland;SN44640;31.01.2026 09:00;-1,5
Stavanger - Våland;SN44640;31.01.2026 10:00;-1,5
Stavanger - Våland;SN44640;31.01.2026 11:00;-1,1
Stavanger - Våland;SN44640;31.01.2026 12:00;-0,8
Stavanger - Våland;SN44640;31.01.2026 13:00;-0,3
Stavanger - Våland;SN44640;31.01.2026 14:00;-0,3
Stavanger - Våland;SN44640;31.01.2026 15:00;-0,7
Stavanger - Våland;SN44640;31.01.2026 16:00;-0,6
Stavanger - Våland;SN44640;31.01.2026 17:00;-1,1
Stavanger - Våland;SN44640;31.01.2026 18:00;-1
Stavanger - Våland;SN44640;31.01.2026 19:00;-0,5
Stavanger - Våland;SN44640;31.01.2026 20:00;-0,7
Stavanger - Våland;SN44640;31.01.2026 21:00;-0,7
Stavanger - Våland;SN44640;31.01.2026 22:00;-0,8
Stavanger - Våland;SN44640;31.01.2026 23:00;-0,8
Stavanger - Våland;SN44640;01.02.2026 00:00;-0,5
Data er gyldig per 03.02.2026 (CC BY 4.0), Meteorologisk institutt (MET);;;