Date,Hour,Pris,Område
2024-10-01,1,3.883,NO1
2024-10-01,2,0.094,NO1
2024-10-01,3,0.059,NO1
2024-10-01,4,0.023,NO1
2024-10-01,5,9.384,NO1
2024-10-01,6,29.62,NO1
2024-10-01,7,39.121,NO1
2024-10-01,8,44.611,NO1
2024-10-01,9,48.47,NO1
2024-10-01,10,48.693,NO1
2024-10-01,11,45.338,NO1
2024-10-01,12,42.277,NO1
2024-10-01,13,42.23,NO1
2024-10-01,14,42.265,NO1
2024-10-01,15,42.242,NO1
2024-10-01,16,46.582,NO1
2024-10-01,17,51.098,NO1
2024-10-01,18,58.559000000000005,NO1
2024-10-01,19,61.972,NO1
2024-10-01,20,64.377,NO1
2024-10-01,21,56.037,NO1
2024-10-01,22,52.776,NO1
2024-10-01,23,49.139,NO1
2024-10-01,24,42.652,NO1
2024-10-02,1,46.729,NO1
2024-10-02,2,46.227,NO1
2024-10-02,3,45.515,NO1
2024-10-02,4,46.379000000000005,NO1
2024-10-02,5,46.998000000000005,NO1
2024-10-02,6,49.437,NO1
2024-10-02,7,58.624,NO1
2024-10-02,8,94.695,NO1
2024-10-02,9,143.047,NO1
2024-10-02,10,106.579,NO1
2024-10-02,11,72.29400000000001,NO1
2024-10-02,12,59.955,NO1
2024-10-02,13,64.088,NO1
2024-10-02,14,58.916,NO1
2024-10-02,15,58.764,NO1
2024-10-02,16,58.379,NO1
2024-10-02,17,60.41,NO1
2024-10-02,18,69.889,NO1
2024-10-02,19,66.877,NO1
2024-10-02,20,62.243,NO1
2024-10-02,21,59.663,NO1
2024-10-02,22,54.854,NO1
2024-10-02,23,50.301,NO1
2024-10-02,24,48.34,NO1
2024-10-03,1,49.738,NO1
2024-10-03,2,49.093,NO1
2024-10-03,3,48.577,NO1
2024-10-03,4,48.46,NO1
2024-10-03,5,48.46,NO1
2024-10-03,6,49.714,NO1
2024-10-03,7,57.461,NO1
2024-10-03,8,83.314,NO1
2024-10-03,9,87.064,NO1
2024-10-03,10,76.142,NO1
2024-10-03,11,59.84,NO1
2024-10-03,12,57.601,NO1
2024-10-03,13,52.89,NO1
2024-10-03,14,41.698,NO1
2024-10-03,15,46.409,NO1
2024-10-03,16,56.371,NO1
2024-10-03,17,57.801,NO1
2024-10-03,18,59.875,NO1
2024-10-03,19,68.946,NO1
2024-10-03,20,70.317,NO1
2024-10-03,21,76.821,NO1
2024-10-03,22,62.113,NO1
2024-10-03,23,58.45700000000001,NO1
2024-10-03,24,54.039,NO1
2024-10-04,1,52.534000000000006,NO1
2024-10-04,2,49.694,NO1
2024-10-04,3,48.713,NO1
2024-10-04,4,48.526,NO1
2024-10-04,5,48.093,NO1
2024-10-04,6,52.09,NO1
2024-10-04,7,57.242,NO1
2024-10-04,8,143.264,NO1
2024-10-04,9,159.949,NO1
2024-10-04,10,131.638,NO1
2024-10-04,11,66.54299999999999,NO1
2024-10-04,12,58.154,NO1
2024-10-04,13,54.917,NO1
2024-10-04,14,53.223,NO1
2024-10-04,15,52.078,NO1
2024-10-04,16,49.238,NO1
2024-10-04,17,51.085,NO1
2024-10-04,18,57.464,NO1
2024-10-04,19,93.453,NO1
2024-10-04,20,143.778,NO1
2024-10-04,21,57.184000000000005,NO1
2024-10-04,22,53.912,NO1
2024-10-04,23,49.764,NO1
2024-10-04,24,49.063,NO1
2024-10-05,1,46.831,NO1
2024-10-05,2,46.411,NO1
2024-10-05,3,46.224,NO1
2024-10-05,4,46.002,NO1
2024-10-05,5,45.897000000000006,NO1
2024-10-05,6,46.201,NO1
2024-10-05,7,46.878,NO1
2024-10-05,8,46.96,NO1
2024-10-05,9,47.918,NO1
2024-10-05,10,49.04,NO1
2024-10-05,11,49.916,NO1
2024-10-05,12,49.846,NO1
2024-10-05,13,49.811,NO1
2024-10-05,14,45.838,NO1
2024-10-05,15,48.199,NO1
2024-10-05,16,47.906,NO1
2024-10-05,17,48.187,NO1
2024-10-05,18,48.105,NO1
2024-10-05,19,51.529,NO1
2024-10-05,20,49.46,NO1
2024-10-05,21,47.871,NO1
2024-10-05,22,47.311,NO1
2024-10-05,23,46.317,NO1
2024-10-05,24,46.119,NO1
2024-10-06,1,45.534,NO1
2024-10-06,2,44.366,NO1
2024-10-06,3,44.308,NO1
2024-10-06,4,43.957,NO1
2024-10-06,5,43.817,NO1
2024-10-06,6,44.086,NO1
2024-10-06,7,44.319,NO1
2024-10-06,8,45.698,NO1
2024-10-06,9,44.179,NO1
2024-10-06,10,44.366,NO1
2024-10-06,11,43.396,NO1
2024-10-06,12,37.683,NO1
2024-10-06,13,31.969,NO1
2024-10-06,14,30.637,NO1
2024-10-06,15,33.605000000000004,NO1
2024-10-06,16,39.388,NO1
2024-10-06,17,44.436,NO1
2024-10-06,18,45.359,NO1
2024-10-06,19,52.534000000000006,NO1
2024-10-06,20,54.905,NO1
2024-10-06,21,51.353,NO1
2024-10-06,22,48.28,NO1
2024-10-06,23,47.474,NO1
2024-10-06,24,46.715,NO1
2024-10-07,1,42.638,NO1
2024-10-07,2,41.192,NO1
2024-10-07,3,38.756,NO1
2024-10-07,4,35.143,NO1
2024-10-07,5,40.738,NO1
2024-10-07,6,45.645,NO1
2024-10-07,7,49.946,NO1
2024-10-07,8,57.091,NO1
2024-10-07,9,62.872,NO1
2024-10-07,10,58.268,NO1
2024-10-07,11,56.54299999999999,NO1
2024-10-07,12,54.095000000000006,NO1
2024-10-07,13,51.764,NO1
2024-10-07,14,48.897000000000006,NO1
2024-10-07,15,49.853,NO1
2024-10-07,16,50.809,NO1
2024-10-07,17,53.734,NO1
2024-10-07,18,56.287,NO1
2024-10-07,19,56.485,NO1
2024-10-07,20,55.96,NO1
2024-10-07,21,51.251,NO1
2024-10-07,22,49.596,NO1
2024-10-07,23,47.964,NO1
2024-10-07,24,46.577,NO1
2024-10-08,1,47.823,NO1
2024-10-08,2,47.379000000000005,NO1
2024-10-08,3,47.204,NO1
2024-10-08,4,47.18,NO1
2024-10-08,5,47.134,NO1
2024-10-08,6,47.73,NO1
2024-10-08,7,49.085,NO1
2024-10-08,8,56.027,NO1
2024-10-08,9,80.465,NO1
2024-10-08,10,96.266,NO1
2024-10-08,11,60.13,NO1
2024-10-08,12,55.864,NO1
2024-10-08,13,50.207,NO1
2024-10-08,14,49.085,NO1
2024-10-08,15,49.074,NO1
2024-10-08,16,49.12,NO1
2024-10-08,17,50.137,NO1
2024-10-08,18,49.156,NO1
2024-10-08,19,49.693,NO1
2024-10-08,20,50.242,NO1
2024-10-08,21,49.763,NO1
2024-10-08,22,49.085,NO1
2024-10-08,23,48.746,NO1
2024-10-08,24,48.069,NO1
2024-10-09,1,47.462,NO1
2024-10-09,2,47.25,NO1
2024-10-09,3,46.401,NO1
2024-10-09,4,46.284,NO1
2024-10-09,5,46.625,NO1
2024-10-09,6,47.191,NO1
2024-10-09,7,48.04,NO1
2024-10-09,8,48.782,NO1
2024-10-09,9,49.254000000000005,NO1
2024-10-09,10,49.159,NO1
2024-10-09,11,49.112,NO1
2024-10-09,12,49.03,NO1
2024-10-09,13,48.971,NO1
2024-10-09,14,48.735,NO1
2024-10-09,15,48.523,NO1
2024-10-09,16,48.523,NO1
2024-10-09,17,48.511,NO1
2024-10-09,18,48.877,NO1
2024-10-09,19,49.159,NO1
2024-10-09,20,49.419,NO1
2024-10-09,21,49.124,NO1
2024-10-09,22,49.03,NO1
2024-10-09,23,48.334,NO1
2024-10-09,24,47.91,NO1
2024-10-10,1,47.156,NO1
2024-10-10,2,46.637,NO1
2024-10-10,3,44.515,NO1
2024-10-10,4,37.734,NO1
2024-10-10,5,35.612,NO1
2024-10-10,6,45.93,NO1
2024-10-10,7,49.774,NO1
2024-10-10,8,51.331,NO1
2024-10-10,9,52.404,NO1
2024-10-10,10,51.637,NO1
2024-10-10,11,49.633,NO1
2024-10-10,12,44.81,NO1
2024-10-10,13,37.239,NO1
2024-10-10,14,23.466,NO1
2024-10-10,15,33.902,NO1
2024-10-10,16,43.843,NO1
2024-10-10,17,43.843,NO1
2024-10-10,18,45.081,NO1
2024-10-10,19,46.555,NO1
2024-10-10,20,45.564,NO1
2024-10-10,21,44.715,NO1
2024-10-10,22,42.97,NO1
2024-10-10,23,38.902,NO1
2024-10-10,24,38.477,NO1
2024-10-11,1,40.747,NO1
2024-10-11,2,40.759,NO1
2024-10-11,3,41.193,NO1
2024-10-11,4,42.121,NO1
2024-10-11,5,42.156,NO1
2024-10-11,6,43.154,NO1
2024-10-11,7,48.507,NO1
2024-10-11,8,54.517,NO1
2024-10-11,9,57.511,NO1
2024-10-11,10,56.983,NO1
2024-10-11,11,54.729,NO1
2024-10-11,12,51.148,NO1
2024-10-11,13,49.81,NO1
2024-10-11,14,48.824,NO1
2024-10-11,15,47.11,NO1
2024-10-11,16,46.922,NO1
2024-10-11,17,48.096,NO1
2024-10-11,18,51.58200000000001,NO1
2024-10-11,19,51.324,NO1
2024-10-11,20,51.16,NO1
2024-10-11,21,50.62,NO1
2024-10-11,22,50.585,NO1
2024-10-11,23,50.209,NO1
2024-10-11,24,49.434,NO1
2024-10-12,1,44.527,NO1
2024-10-12,2,43.717,NO1
2024-10-12,3,43.611,NO1
2024-10-12,4,43.482,NO1
2024-10-12,5,43.541,NO1
2024-10-12,6,44.011,NO1
2024-10-12,7,44.245,NO1
2024-10-12,8,46.687,NO1
2024-10-12,9,46.899,NO1
2024-10-12,10,46.887,NO1
2024-10-12,11,43.471,NO1
2024-10-12,12,40.242,NO1
2024-10-12,13,31.32,NO1
2024-10-12,14,21.319,NO1
2024-10-12,15,35.946,NO1
2024-10-12,16,41.451,NO1
2024-10-12,17,44.175,NO1
2024-10-12,18,46.37,NO1
2024-10-12,19,47.791,NO1
2024-10-12,20,47.051,NO1
2024-10-12,21,45.525,NO1
2024-10-12,22,45.22,NO1
2024-10-12,23,41.076,NO1
2024-10-12,24,30.733,NO1
2024-10-13,1,0.0,NO1
2024-10-13,2,-0.012,NO1
2024-10-13,3,-0.0819999999999999,NO1
2024-10-13,4,-0.434,NO1
2024-10-13,5,-0.599,NO1
2024-10-13,6,-0.106,NO1
2024-10-13,7,-0.012,NO1
2024-10-13,8,2.0780000000000003,NO1
2024-10-13,9,21.718,NO1
2024-10-13,10,11.915,NO1
2024-10-13,11,5.94,NO1
2024-10-13,12,7.513,NO1
2024-10-13,13,7.712999999999999,NO1
2024-10-13,14,8.581,NO1
2024-10-13,15,9.579,NO1
2024-10-13,16,15.332,NO1
2024-10-13,17,29.865,NO1
2024-10-13,18,36.638,NO1
2024-10-13,19,41.052,NO1
2024-10-13,20,47.192,NO1
2024-10-13,21,46.382,NO1
2024-10-13,22,45.114,NO1
2024-10-13,23,45.079,NO1
2024-10-13,24,43.212,NO1
2024-10-14,1,43.58,NO1
2024-10-14,2,41.406,NO1
2024-10-14,3,41.312,NO1
2024-10-14,4,41.653,NO1
2024-10-14,5,45.107,NO1
2024-10-14,6,48.701,NO1
2024-10-14,7,51.943,NO1
2024-10-14,8,58.65,NO1
2024-10-14,9,62.585,NO1
2024-10-14,10,61.657,NO1
2024-10-14,11,58.17999999999999,NO1
2024-10-14,12,54.422,NO1
2024-10-14,13,53.27,NO1
2024-10-14,14,52.143,NO1
2024-10-14,15,52.154,NO1
2024-10-14,16,52.894000000000005,NO1
2024-10-14,17,54.351,NO1
2024-10-14,18,57.123000000000005,NO1
2024-10-14,19,60.307,NO1
2024-10-14,20,62.809000000000005,NO1
2024-10-14,21,56.066,NO1
2024-10-14,22,52.812,NO1
2024-10-14,23,51.802,NO1
2024-10-14,24,49.77,NO1
2024-10-15,1,51.382000000000005,NO1
2024-10-15,2,50.806,NO1
2024-10-15,3,50.57,NO1
2024-10-15,4,50.57,NO1
2024-10-15,5,50.676,NO1
2024-10-15,6,51.382000000000005,NO1
2024-10-15,7,57.065,NO1
2024-10-15,8,152.193,NO1
2024-10-15,9,194.904,NO1
2024-10-15,10,125.167,NO1
2024-10-15,11,70.019,NO1
2024-10-15,12,56.924,NO1
2024-10-15,13,56.018,NO1
2024-10-15,14,55.206,NO1
2024-10-15,15,53.229,NO1
2024-10-15,16,53.147000000000006,NO1
2024-10-15,17,53.559000000000005,NO1
2024-10-15,18,57.018,NO1
2024-10-15,19,71.325,NO1
2024-10-15,20,72.431,NO1
2024-10-15,21,57.03,NO1
2024-10-15,22,57.077,NO1
2024-10-15,23,53.194,NO1
2024-10-15,24,47.982,NO1
2024-10-16,1,40.786,NO1
2024-10-16,2,15.602,NO1
2024-10-16,3,6.444,NO1
2024-10-16,4,4.39,NO1
2024-10-16,5,3.835,NO1
2024-10-16,6,17.714,NO1
2024-10-16,7,40.975,NO1
2024-10-16,8,52.068,NO1
2024-10-16,9,54.794,NO1
2024-10-16,10,47.442,NO1
2024-10-16,11,40.161,NO1
2024-10-16,12,23.556,NO1
2024-10-16,13,4.992,NO1
2024-10-16,14,3.4810000000000003,NO1
2024-10-16,15,4.8740000000000006,NO1
2024-10-16,16,22.199,NO1
2024-10-16,17,37.706,NO1
2024-10-16,18,41.6,NO1
2024-10-16,19,43.89,NO1
2024-10-16,20,43.099,NO1
2024-10-16,21,42.308,NO1
2024-10-16,22,40.751,NO1
2024-10-16,23,38.284,NO1
2024-10-16,24,32.183,NO1
2024-10-17,1,20.885,NO1
2024-10-17,2,14.854,NO1
2024-10-17,3,12.812,NO1
2024-10-17,4,6.863,NO1
2024-10-17,5,12.242,NO1
2024-10-17,6,34.398,NO1
2024-10-17,7,42.899,NO1
2024-10-17,8,46.152,NO1
2024-10-17,9,47.411,NO1
2024-10-17,10,46.651,NO1
2024-10-17,11,45.665,NO1
2024-10-17,12,45.689,NO1
2024-10-17,13,46.259,NO1
2024-10-17,14,47.138,NO1
2024-10-17,15,48.61,NO1
2024-10-17,16,47.423,NO1
2024-10-17,17,47.126,NO1
2024-10-17,18,47.352,NO1
2024-10-17,19,47.933,NO1
2024-10-17,20,49.228,NO1
2024-10-17,21,48.788,NO1
2024-10-17,22,48.503,NO1
2024-10-17,23,48.907,NO1
2024-10-17,24,47.067,NO1
2024-10-18,1,46.596,NO1
2024-10-18,2,46.478,NO1
2024-10-18,3,46.337,NO1
2024-10-18,4,46.242,NO1
2024-10-18,5,46.301,NO1
2024-10-18,6,47.163,NO1
2024-10-18,7,49.927,NO1
2024-10-18,8,51.085,NO1
2024-10-18,9,51.179,NO1
2024-10-18,10,50.069,NO1
2024-10-18,11,49.396,NO1
2024-10-18,12,50.069,NO1
2024-10-18,13,49.821,NO1
2024-10-18,14,49.419,NO1
2024-10-18,15,49.301,NO1
2024-10-18,16,48.226,NO1
2024-10-18,17,49.62,NO1
2024-10-18,18,50.589,NO1
2024-10-18,19,50.801,NO1
2024-10-18,20,50.388,NO1
2024-10-18,21,49.821,NO1
2024-10-18,22,49.065,NO1
2024-10-18,23,46.927,NO1
2024-10-18,24,45.356,NO1
2024-10-19,1,46.596,NO1
2024-10-19,2,46.348,NO1
2024-10-19,3,46.112,NO1
2024-10-19,4,45.982,NO1
2024-10-19,5,45.510000000000005,NO1
2024-10-19,6,45.876,NO1
2024-10-19,7,45.864,NO1
2024-10-19,8,46.277,NO1
2024-10-19,9,47.152,NO1
2024-10-19,10,47.754000000000005,NO1
2024-10-19,11,48.344,NO1
2024-10-19,12,48.262,NO1
2024-10-19,13,48.356,NO1
2024-10-19,14,48.333,NO1
2024-10-19,15,48.309,NO1
2024-10-19,16,48.155,NO1
2024-10-19,17,48.9,NO1
2024-10-19,18,51.073,NO1
2024-10-19,19,51.746,NO1
2024-10-19,20,52.101,NO1
2024-10-19,21,51.203,NO1
2024-10-19,22,49.549,NO1
2024-10-19,23,48.746,NO1
2024-10-19,24,47.529,NO1
2024-10-20,1,41.506,NO1
2024-10-20,2,41.104,NO1
2024-10-20,3,40.856,NO1
2024-10-20,4,39.899,NO1
2024-10-20,5,39.639,NO1
2024-10-20,6,38.305,NO1
2024-10-20,7,38.068,NO1
2024-10-20,8,41.907,NO1
2024-10-20,9,42.462,NO1
2024-10-20,10,39.096,NO1
2024-10-20,11,29.08,NO1
2024-10-20,12,0.094,NO1
2024-10-20,13,0.0,NO1
2024-10-20,14,-1.158,NO1
2024-10-20,15,-2.374,NO1
2024-10-20,16,0.0,NO1
2024-10-20,17,31.371,NO1
2024-10-20,18,40.147000000000006,NO1
2024-10-20,19,45.108,NO1
2024-10-20,20,42.592,NO1
2024-10-20,21,39.309,NO1
2024-10-20,22,25.489,NO1
2024-10-20,23,14.481,NO1
2024-10-20,24,2.303,NO1
2024-10-21,1,-0.107,NO1
2024-10-21,2,-0.118,NO1
2024-10-21,3,-0.1659999999999999,NO1
2024-10-21,4,-0.095,NO1
2024-10-21,5,-0.047,NO1
2024-10-21,6,3.954,NO1
2024-10-21,7,30.731,NO1
2024-10-21,8,32.519,NO1
2024-10-21,9,36.568,NO1
2024-10-21,10,37.017,NO1
2024-10-21,11,35.206,NO1
2024-10-21,12,34.117000000000004,NO1
2024-10-21,13,35.396,NO1
2024-10-21,14,36.568,NO1
2024-10-21,15,40.214,NO1
2024-10-21,16,42.167,NO1
2024-10-21,17,42.262,NO1
2024-10-21,18,42.996,NO1
2024-10-21,19,43.09,NO1
2024-10-21,20,42.356,NO1
2024-10-21,21,42.617,NO1
2024-10-21,22,42.143,NO1
2024-10-21,23,40.9,NO1
2024-10-21,24,40.427,NO1
2024-10-22,1,36.805,NO1
2024-10-22,2,36.297,NO1
2024-10-22,3,36.533,NO1
2024-10-22,4,36.521,NO1
2024-10-22,5,36.391000000000005,NO1
2024-10-22,6,36.923,NO1
2024-10-22,7,38.85,NO1
2024-10-22,8,41.215,NO1
2024-10-22,9,41.972,NO1
2024-10-22,10,41.983,NO1
2024-10-22,11,42.007,NO1
2024-10-22,12,41.617,NO1
2024-10-22,13,39.11,NO1
2024-10-22,14,36.864,NO1
2024-10-22,15,35.327,NO1
2024-10-22,16,36.427,NO1
2024-10-22,17,38.839,NO1
2024-10-22,18,41.96,NO1
2024-10-22,19,41.972,NO1
2024-10-22,20,42.019,NO1
2024-10-22,21,41.983,NO1
2024-10-22,22,41.652,NO1
2024-10-22,23,40.541,NO1
2024-10-22,24,38.165,NO1
2024-10-23,1,35.629000000000005,NO1
2024-10-23,2,31.160000000000004,NO1
2024-10-23,3,28.541000000000004,NO1
2024-10-23,4,28.245,NO1
2024-10-23,5,28.47,NO1
2024-10-23,6,31.824,NO1
2024-10-23,7,36.778,NO1
2024-10-23,8,38.141000000000005,NO1
2024-10-23,9,38.521,NO1
2024-10-23,10,38.260000000000005,NO1
2024-10-23,11,38.212,NO1
2024-10-23,12,38.201,NO1
2024-10-23,13,37.489,NO1
2024-10-23,14,37.229,NO1
2024-10-23,15,37.347,NO1
2024-10-23,16,36.79,NO1
2024-10-23,17,37.324,NO1
2024-10-23,18,37.501,NO1
2024-10-23,19,37.809,NO1
2024-10-23,20,37.679,NO1
2024-10-23,21,37.632,NO1
2024-10-23,22,37.62,NO1
2024-10-23,23,36.731,NO1
2024-10-23,24,36.257,NO1
2024-10-24,1,27.991000000000003,NO1
2024-10-24,2,26.538,NO1
2024-10-24,3,22.733,NO1
2024-10-24,4,22.733,NO1
2024-10-24,5,22.733,NO1
2024-10-24,6,22.733,NO1
2024-10-24,7,20.37,NO1
2024-10-24,8,32.599000000000004,NO1
2024-10-24,9,37.644,NO1
2024-10-24,10,43.682,NO1
2024-10-24,11,38.944,NO1
2024-10-24,12,36.793,NO1
2024-10-24,13,35.352,NO1
2024-10-24,14,34.915,NO1
2024-10-24,15,35.104,NO1
2024-10-24,16,35.163,NO1
2024-10-24,17,35.423,NO1
2024-10-24,18,38.826,NO1
2024-10-24,19,41.531,NO1
2024-10-24,20,41.260000000000005,NO1
2024-10-24,21,35.364,NO1
2024-10-24,22,32.705,NO1
2024-10-24,23,29.48,NO1
2024-10-24,24,15.678999999999998,NO1
2024-10-25,1,6.82,NO1
2024-10-25,2,5.933,NO1
2024-10-25,3,4.751,NO1
2024-10-25,4,3.841,NO1
2024-10-25,5,4.751,NO1
2024-10-25,6,5.981,NO1
2024-10-25,7,26.074,NO1
2024-10-25,8,37.019,NO1
2024-10-25,9,47.479,NO1
2024-10-25,10,40.789,NO1
2024-10-25,11,37.432,NO1
2024-10-25,12,34.253,NO1
2024-10-25,13,32.515,NO1
2024-10-25,14,29.915,NO1
2024-10-25,15,28.32,NO1
2024-10-25,16,27.067,NO1
2024-10-25,17,30.624,NO1
2024-10-25,18,32.492000000000004,NO1
2024-10-25,19,35.695,NO1
2024-10-25,20,30.376,NO1
2024-10-25,21,26.842,NO1
2024-10-25,22,26.074,NO1
2024-10-25,23,24.951,NO1
2024-10-25,24,24.407,NO1
2024-10-26,1,15.259,NO1
2024-10-26,2,11.796,NO1
2024-10-26,3,9.054,NO1
2024-10-26,4,8.841,NO1
2024-10-26,5,6.712999999999999,NO1
2024-10-26,6,11.453,NO1
2024-10-26,7,16.747999999999998,NO1
2024-10-26,8,22.894,NO1
2024-10-26,9,29.1,NO1
2024-10-26,10,33.083,NO1
2024-10-26,11,33.485,NO1
2024-10-26,12,33.495999999999995,NO1
2024-10-26,13,33.733,NO1
2024-10-26,14,33.343,NO1
2024-10-26,15,33.414,NO1
2024-10-26,16,33.508,NO1
2024-10-26,17,31.783,NO1
2024-10-26,18,33.154,NO1
2024-10-26,19,33.898,NO1
2024-10-26,20,33.366,NO1
2024-10-26,21,28.142000000000003,NO1
2024-10-26,22,23.001,NO1
2024-10-26,23,14.278,NO1
2024-10-26,24,5.532,NO1
2024-10-27,1,4.976,NO1
2024-10-27,2,4.787,NO1
2024-10-27,3,1.3005,NO1
2024-10-27,4,1.182,NO1
2024-10-27,5,1.182,NO1
2024-10-27,6,1.182,NO1
2024-10-27,7,1.182,NO1
2024-10-27,8,4.432,NO1
2024-10-27,9,5.26,NO1
2024-10-27,10,5.815,NO1
2024-10-27,11,5.91,NO1
2024-10-27,12,5.839,NO1
2024-10-27,13,5.1770000000000005,NO1
2024-10-27,14,5.283,NO1
2024-10-27,15,5.413,NO1
2024-10-27,16,5.331,NO1
2024-10-27,17,5.673,NO1
2024-10-27,18,7.056,NO1
2024-10-27,19,12.954,NO1
2024-10-27,20,12.056,NO1
2024-10-27,21,7.931,NO1
2024-10-27,22,5.65,NO1
2024-10-27,23,20.885,NO1
2024-10-27,24,19.408,NO1
2024-10-28,1,12.15,NO1
2024-10-28,2,12.019,NO1
2024-10-28,3,12.019,NO1
2024-10-28,4,12.055,NO1
2024-10-28,5,12.162,NO1
2024-10-28,6,12.472,NO1
2024-10-28,7,20.262,NO1
2024-10-28,8,26.993,NO1
2024-10-28,9,25.504,NO1
2024-10-28,10,25.337,NO1
2024-10-28,11,23.848,NO1
2024-10-28,12,23.062,NO1
2024-10-28,13,22.359,NO1
2024-10-28,14,21.477,NO1
2024-10-28,15,21.62,NO1
2024-10-28,16,23.86,NO1
2024-10-28,17,27.183,NO1
2024-10-28,18,32.698,NO1
2024-10-28,19,35.617000000000004,NO1
2024-10-28,20,29.315,NO1
2024-10-28,21,27.660000000000004,NO1
2024-10-28,22,24.038,NO1
2024-10-28,23,21.608,NO1
2024-10-28,24,16.593,NO1
2024-10-29,1,20.924,NO1
2024-10-29,2,17.502000000000002,NO1
2024-10-29,3,17.158,NO1
2024-10-29,4,17.490000000000002,NO1
2024-10-29,5,17.833000000000002,NO1
2024-10-29,6,23.991,NO1
2024-10-29,7,34.636,NO1
2024-10-29,8,180.985,NO1
2024-10-29,9,165.864,NO1
2024-10-29,10,148.81199999999998,NO1
2024-10-29,11,138.498,NO1
2024-10-29,12,124.573,NO1
2024-10-29,13,114.602,NO1
2024-10-29,14,59.361,NO1
2024-10-29,15,35.596,NO1
2024-10-29,16,27.555,NO1
2024-10-29,17,26.999,NO1
2024-10-29,18,27.555,NO1
2024-10-29,19,26.525,NO1
2024-10-29,20,26.324,NO1
2024-10-29,21,25.921,NO1
2024-10-29,22,24.938,NO1
2024-10-29,23,24.086,NO1
2024-10-29,24,21.208,NO1
2024-10-30,1,1.461,NO1
2024-10-30,2,1.414,NO1
2024-10-30,3,1.1880000000000002,NO1
2024-10-30,4,1.212,NO1
2024-10-30,5,1.366,NO1
2024-10-30,6,2.649,NO1
2024-10-30,7,3.754,NO1
2024-10-30,8,7.412000000000001,NO1
2024-10-30,9,20.288,NO1
2024-10-30,10,10.299,NO1
2024-10-30,11,7.543000000000001,NO1
2024-10-30,12,7.353,NO1
2024-10-30,13,13.053999999999998,NO1
2024-10-30,14,14.456,NO1
2024-10-30,15,14.195,NO1
2024-10-30,16,9.966,NO1
2024-10-30,17,32.143,NO1
2024-10-30,18,32.048,NO1
2024-10-30,19,34.614,NO1
2024-10-30,20,39.175,NO1
2024-10-30,21,38.237,NO1
2024-10-30,22,26.192,NO1
2024-10-30,23,14.23,NO1
2024-10-30,24,11.19,NO1
2024-10-31,1,3.964,NO1
2024-10-31,2,4.119,NO1
2024-10-31,3,4.883,NO1
2024-10-31,4,5.635,NO1
2024-10-31,5,6.268,NO1
2024-10-31,6,7.462000000000001,NO1
2024-10-31,7,27.781,NO1
2024-10-31,8,29.93,NO1
2024-10-31,9,28.724,NO1
2024-10-31,10,24.307,NO1
2024-10-31,11,22.623,NO1
2024-10-31,12,18.505000000000003,NO1
2024-10-31,13,12.607,NO1
2024-10-31,14,11.676,NO1
2024-10-31,15,11.628,NO1
2024-10-31,16,11.389,NO1
2024-10-31,17,11.473,NO1
2024-10-31,18,13.359,NO1
2024-10-31,19,11.592,NO1
2024-10-31,20,10.757,NO1
2024-10-31,21,9.419,NO1
2024-10-31,22,6.674,NO1
2024-10-31,23,5.348,NO1
2024-10-31,24,4.167,NO1
2024-11-01,1,2.045,NO1
2024-11-01,2,1.627,NO1
2024-11-01,3,1.22,NO1
2024-11-01,4,1.076,NO1
2024-11-01,5,1.052,NO1
2024-11-01,6,1.184,NO1
2024-11-01,7,2.2960000000000003,NO1
2024-11-01,8,3.588,NO1
2024-11-01,9,3.875,NO1
2024-11-01,10,3.002,NO1
2024-11-01,11,2.787,NO1
2024-11-01,12,2.356,NO1
2024-11-01,13,2.332,NO1
2024-11-01,14,2.284,NO1
2024-11-01,15,2.332,NO1
2024-11-01,16,2.811,NO1
2024-11-01,17,7.654000000000001,NO1
2024-11-01,18,10.919,NO1
2024-11-01,19,14.484,NO1
2024-11-01,20,9.353,NO1
2024-11-01,21,10.034,NO1
2024-11-01,22,2.368,NO1
2024-11-01,23,2.225,NO1
2024-11-01,24,1.973,NO1
2024-11-02,1,3.4090000000000003,NO1
2024-11-02,2,3.098,NO1
2024-11-02,3,3.014,NO1
2024-11-02,4,2.858,NO1
2024-11-02,5,2.691,NO1
2024-11-02,6,2.846,NO1
2024-11-02,7,3.504,NO1
2024-11-02,8,9.03,NO1
2024-11-02,9,15.213,NO1
2024-11-02,10,15.847,NO1
2024-11-02,11,15.715,NO1
2024-11-02,12,29.481,NO1
2024-11-02,13,30.115,NO1
2024-11-02,14,31.275,NO1
2024-11-02,15,33.081,NO1
2024-11-02,16,36.346,NO1
2024-11-02,17,53.437,NO1
2024-11-02,18,47.134,NO1
2024-11-02,19,41.25,NO1
2024-11-02,20,32.208,NO1
2024-11-02,21,15.07,NO1
2024-11-02,22,8.061,NO1
2024-11-02,23,6.399,NO1
2024-11-02,24,5.956,NO1
2024-11-03,1,7.427,NO1
2024-11-03,2,7.212000000000001,NO1
2024-11-03,3,6.781000000000001,NO1
2024-11-03,4,6.745,NO1
2024-11-03,5,6.722,NO1
2024-11-03,6,6.745,NO1
2024-11-03,7,7.26,NO1
2024-11-03,8,9.568,NO1
2024-11-03,9,9.963,NO1
2024-11-03,10,7.965000000000001,NO1
2024-11-03,11,7.929,NO1
2024-11-03,12,7.858,NO1
2024-11-03,13,7.571,NO1
2024-11-03,14,7.176,NO1
2024-11-03,15,7.619,NO1
2024-11-03,16,7.737999999999999,NO1
2024-11-03,17,8.395999999999999,NO1
2024-11-03,18,10.202,NO1
2024-11-03,19,19.949,NO1
2024-11-03,20,20.882,NO1
2024-11-03,21,13.407,NO1
2024-11-03,22,13.191999999999998,NO1
2024-11-03,23,11.876,NO1
2024-11-03,24,10.967,NO1
2024-11-04,1,13.797999999999998,NO1
2024-11-04,2,14.694,NO1
2024-11-04,3,14.145,NO1
2024-11-04,4,31.336,NO1
2024-11-04,5,32.315,NO1
2024-11-04,6,33.94,NO1
2024-11-04,7,37.894,NO1
2024-11-04,8,103.23,NO1
2024-11-04,9,100.948,NO1
2024-11-04,10,95.978,NO1
2024-11-04,11,48.061,NO1
2024-11-04,12,43.569,NO1
2024-11-04,13,42.9,NO1
2024-11-04,14,41.514,NO1
2024-11-04,15,41.024,NO1
2024-11-04,16,42.613,NO1
2024-11-04,17,52.529,NO1
2024-11-04,18,86.791,NO1
2024-11-04,19,72.16900000000001,NO1
2024-11-04,20,107.757,NO1
2024-11-04,21,64.738,NO1
2024-11-04,22,46.532,NO1
2024-11-04,23,42.326,NO1
2024-11-04,24,35.039,NO1
2024-11-05,1,34.828,NO1
2024-11-05,2,34.887,NO1
2024-11-05,3,35.245999999999995,NO1
2024-11-05,4,34.636,NO1
2024-11-05,5,34.851,NO1
2024-11-05,6,36.693,NO1
2024-11-05,7,38.846,NO1
2024-11-05,8,44.144,NO1
2024-11-05,9,44.527,NO1
2024-11-05,10,46.536,NO1
2024-11-05,11,44.79,NO1
2024-11-05,12,40.987,NO1
2024-11-05,13,40.15,NO1
2024-11-05,14,40.305,NO1
2024-11-05,15,39.911,NO1
2024-11-05,16,38.99,NO1
2024-11-05,17,40.078,NO1
2024-11-05,18,41.226,NO1
2024-11-05,19,42.159,NO1
2024-11-05,20,39.253,NO1
2024-11-05,21,41.083,NO1
2024-11-05,22,39.946,NO1
2024-11-05,23,38.38,NO1
2024-11-05,24,37.77,NO1
2024-11-06,1,34.357,NO1
2024-11-06,2,34.191,NO1
2024-11-06,3,34.024,NO1
2024-11-06,4,33.905,NO1
2024-11-06,5,34.608,NO1
2024-11-06,6,34.417,NO1
2024-11-06,7,36.442,NO1
2024-11-06,8,43.754000000000005,NO1
2024-11-06,9,44.873000000000005,NO1
2024-11-06,10,42.789,NO1
2024-11-06,11,38.823,NO1
2024-11-06,12,37.049,NO1
2024-11-06,13,37.632,NO1
2024-11-06,14,40.431,NO1
2024-11-06,15,39.145,NO1
2024-11-06,16,35.417,NO1
2024-11-06,17,41.562,NO1
2024-11-06,18,34.881,NO1
2024-11-06,19,36.704,NO1
2024-11-06,20,37.74,NO1
2024-11-06,21,37.573,NO1
2024-11-06,22,36.87,NO1
2024-11-06,23,36.858,NO1
2024-11-06,24,35.286,NO1
2024-11-07,1,34.2,NO1
2024-11-07,2,33.612,NO1
2024-11-07,3,33.495,NO1
2024-11-07,4,33.706,NO1
2024-11-07,5,33.93,NO1
2024-11-07,6,34.964,NO1
2024-11-07,7,37.102,NO1
2024-11-07,8,43.939,NO1
2024-11-07,9,51.893,NO1
2024-11-07,10,51.693,NO1
2024-11-07,11,47.393,NO1
2024-11-07,12,46.571,NO1
2024-11-07,13,39.675,NO1
2024-11-07,14,39.205,NO1
2024-11-07,15,38.194,NO1
2024-11-07,16,39.099,NO1
2024-11-07,17,39.263,NO1
2024-11-07,18,38.559,NO1
2024-11-07,19,43.176,NO1
2024-11-07,20,45.079,NO1
2024-11-07,21,42.436,NO1
2024-11-07,22,40.791,NO1
2024-11-07,23,36.174,NO1
2024-11-07,24,34.153,NO1
2024-11-08,1,33.967,NO1
2024-11-08,2,33.649,NO1
2024-11-08,3,33.519,NO1
2024-11-08,4,34.39,NO1
2024-11-08,5,33.672000000000004,NO1
2024-11-08,6,34.237,NO1
2024-11-08,7,35.662,NO1
2024-11-08,8,50.72,NO1
2024-11-08,9,54.5,NO1
2024-11-08,10,51.992,NO1
2024-11-08,11,51.662,NO1
2024-11-08,12,49.696,NO1
2024-11-08,13,47.518,NO1
2024-11-08,14,40.454,NO1
2024-11-08,15,39.041,NO1
2024-11-08,16,36.439,NO1
2024-11-08,17,36.898,NO1
2024-11-08,18,38.24,NO1
2024-11-08,19,38.335,NO1
2024-11-08,20,39.159,NO1
2024-11-08,21,38.358,NO1
2024-11-08,22,37.510000000000005,NO1
2024-11-08,23,36.533,NO1
2024-11-08,24,35.697,NO1
2024-11-09,1,38.417,NO1
2024-11-09,2,26.879,NO1
2024-11-09,3,20.639,NO1
2024-11-09,4,21.475,NO1
2024-11-09,5,20.427,NO1
2024-11-09,6,37.475,NO1
2024-11-09,7,39.688,NO1
2024-11-09,8,38.758,NO1
2024-11-09,9,39.889,NO1
2024-11-09,10,40.277,NO1
2024-11-09,11,39.771,NO1
2024-11-09,12,38.57,NO1
2024-11-09,13,39.618,NO1
2024-11-09,14,39.653,NO1
2024-11-09,15,39.736,NO1
2024-11-09,16,40.619,NO1
2024-11-09,17,40.513,NO1
2024-11-09,18,41.337,NO1
2024-11-09,19,40.595,NO1
2024-11-09,20,80.601,NO1
2024-11-09,21,78.412,NO1
2024-11-09,22,78.882,NO1
2024-11-09,23,47.047,NO1
2024-11-09,24,43.162,NO1
2024-11-10,1,25.937,NO1
2024-11-10,2,40.042,NO1
2024-11-10,3,39.665,NO1
2024-11-10,4,39.63,NO1
2024-11-10,5,40.077,NO1
2024-11-10,6,23.406,NO1
2024-11-10,7,20.71,NO1
2024-11-10,8,24.913,NO1
2024-11-10,9,41.207,NO1
2024-11-10,10,41.89,NO1
2024-11-10,11,42.361,NO1
2024-11-10,12,42.644,NO1
2024-11-10,13,42.432,NO1
2024-11-10,14,32.224000000000004,NO1
2024-11-10,15,41.172,NO1
2024-11-10,16,36.663,NO1
2024-11-10,17,42.043,NO1
2024-11-10,18,42.597,NO1
2024-11-10,19,42.396,NO1
2024-11-10,20,45.281,NO1
2024-11-10,21,44.998000000000005,NO1
2024-11-10,22,44.445,NO1
2024-11-10,23,42.361,NO1
2024-11-10,24,37.510000000000005,NO1
2024-11-11,1,41.253,NO1
2024-11-11,2,30.221,NO1
2024-11-11,3,28.641,NO1
2024-11-11,4,28.182,NO1
2024-11-11,5,29.643,NO1
2024-11-11,6,42.396,NO1
2024-11-11,7,46.592,NO1
2024-11-11,8,84.592,NO1
2024-11-11,9,92.548,NO1
2024-11-11,10,67.631,NO1
2024-11-11,11,56.893,NO1
2024-11-11,12,51.637,NO1
2024-11-11,13,51.318,NO1
2024-11-11,14,44.541,NO1
2024-11-11,15,43.693,NO1
2024-11-11,16,43.987,NO1
2024-11-11,17,45.131,NO1
2024-11-11,18,47.205,NO1
2024-11-11,19,51.413,NO1
2024-11-11,20,45.602,NO1
2024-11-11,21,44.8,NO1
2024-11-11,22,44.812,NO1
2024-11-11,23,44.258,NO1
2024-11-11,24,41.995,NO1
2024-11-12,1,43.832,NO1
2024-11-12,2,43.479,NO1
2024-11-12,3,43.198,NO1
2024-11-12,4,43.339,NO1
2024-11-12,5,43.397000000000006,NO1
2024-11-12,6,44.078,NO1
2024-11-12,7,47.893,NO1
2024-11-12,8,120.719,NO1
2024-11-12,9,203.381,NO1
2024-11-12,10,173.53,NO1
2024-11-12,11,166.96800000000002,NO1
2024-11-12,12,141.76600000000002,NO1
2024-11-12,13,119.369,NO1
2024-11-12,14,71.276,NO1
2024-11-12,15,81.923,NO1
2024-11-12,16,71.33500000000001,NO1
2024-11-12,17,82.475,NO1
2024-11-12,18,69.551,NO1
2024-11-12,19,73.46000000000001,NO1
2024-11-12,20,56.65,NO1
2024-11-12,21,51.626,NO1
2024-11-12,22,48.621,NO1
2024-11-12,23,47.729,NO1
2024-11-12,24,44.043,NO1
2024-11-13,1,46.905,NO1
2024-11-13,2,45.882,NO1
2024-11-13,3,45.74,NO1
2024-11-13,4,45.576,NO1
2024-11-13,5,45.517,NO1
2024-11-13,6,45.776,NO1
2024-11-13,7,53.893,NO1
2024-11-13,8,57.987,NO1
2024-11-13,9,59.175,NO1
2024-11-13,10,55.646,NO1
2024-11-13,11,51.752,NO1
2024-11-13,12,50.105,NO1
2024-11-13,13,49.458,NO1
2024-11-13,14,47.082,NO1
2024-11-13,15,46.717,NO1
2024-11-13,16,46.446,NO1
2024-11-13,17,47.093,NO1
2024-11-13,18,55.423,NO1
2024-11-13,19,69.116,NO1
2024-11-13,20,55.211,NO1
2024-11-13,21,50.176,NO1
2024-11-13,22,48.517,NO1
2024-11-13,23,44.611,NO1
2024-11-13,24,42.846,NO1
2024-11-14,1,46.425,NO1
2024-11-14,2,42.379000000000005,NO1
2024-11-14,3,40.851,NO1
2024-11-14,4,40.169,NO1
2024-11-14,5,41.674,NO1
2024-11-14,6,44.708,NO1
2024-11-14,7,48.588,NO1
2024-11-14,8,51.46900000000001,NO1
2024-11-14,9,58.724,NO1
2024-11-14,10,55.338,NO1
2024-11-14,11,51.152,NO1
2024-11-14,12,50.493,NO1
2024-11-14,13,49.458,NO1
2024-11-14,14,48.435,NO1
2024-11-14,15,48.329,NO1
2024-11-14,16,48.036,NO1
2024-11-14,17,51.716,NO1
2024-11-14,18,53.43300000000001,NO1
2024-11-14,19,57.09,NO1
2024-11-14,20,62.487,NO1
2024-11-14,21,57.56,NO1
2024-11-14,22,54.773,NO1
2024-11-14,23,49.329,NO1
2024-11-14,24,42.227,NO1
2024-11-15,1,47.919,NO1
2024-11-15,2,45.275,NO1
2024-11-15,3,37.308,NO1
2024-11-15,4,36.056,NO1
2024-11-15,5,36.08,NO1
2024-11-15,6,45.965,NO1
2024-11-15,7,50.446,NO1
2024-11-15,8,53.476,NO1
2024-11-15,9,55.172,NO1
2024-11-15,10,58.495000000000005,NO1
2024-11-15,11,54.962,NO1
2024-11-15,12,52.622,NO1
2024-11-15,13,52.529,NO1
2024-11-15,14,51.054,NO1
2024-11-15,15,50.2,NO1
2024-11-15,16,49.183,NO1
2024-11-15,17,49.358,NO1
2024-11-15,18,49.241,NO1
2024-11-15,19,48.258,NO1
2024-11-15,20,45.802,NO1
2024-11-15,21,46.27,NO1
2024-11-15,22,45.696,NO1
2024-11-15,23,40.174,NO1
2024-11-15,24,37.495,NO1
2024-11-16,1,38.794,NO1
2024-11-16,2,37.589,NO1
2024-11-16,3,37.39,NO1
2024-11-16,4,37.203,NO1
2024-11-16,5,37.928,NO1
2024-11-16,6,37.706,NO1
2024-11-16,7,37.565,NO1
2024-11-16,8,40.97,NO1
2024-11-16,9,44.222,NO1
2024-11-16,10,46.375,NO1
2024-11-16,11,47.58,NO1
2024-11-16,12,47.428,NO1
2024-11-16,13,47.217,NO1
2024-11-16,14,47.17,NO1
2024-11-16,15,47.17,NO1
2024-11-16,16,47.311,NO1
2024-11-16,17,48.024,NO1
2024-11-16,18,48.843,NO1
2024-11-16,19,48.176,NO1
2024-11-16,20,47.311,NO1
2024-11-16,21,46.831,NO1
2024-11-16,22,45.93,NO1
2024-11-16,23,45.895,NO1
2024-11-16,24,46.281,NO1
2024-11-17,1,39.496,NO1
2024-11-17,2,37.542,NO1
2024-11-17,3,36.302,NO1
2024-11-17,4,36.934,NO1
2024-11-17,5,36.477,NO1
2024-11-17,6,36.407,NO1
2024-11-17,7,35.694,NO1
2024-11-17,8,37.062,NO1
2024-11-17,9,43.941,NO1
2024-11-17,10,44.585,NO1
2024-11-17,11,43.193,NO1
2024-11-17,12,38.572,NO1
2024-11-17,13,35.588,NO1
2024-11-17,14,36.384,NO1
2024-11-17,15,44.959,NO1
2024-11-17,16,46.164,NO1
2024-11-17,17,49.031,NO1
2024-11-17,18,49.358,NO1
2024-11-17,19,48.738,NO1
2024-11-17,20,48.586,NO1
2024-11-17,21,47.358,NO1
2024-11-17,22,45.743,NO1
2024-11-17,23,45.345,NO1
2024-11-17,24,44.936,NO1
2024-11-18,1,48.708,NO1
2024-11-18,2,48.169,NO1
2024-11-18,3,47.782,NO1
2024-11-18,4,47.993,NO1
2024-11-18,5,48.333,NO1
2024-11-18,6,52.46900000000001,NO1
2024-11-18,7,58.128,NO1
2024-11-18,8,71.485,NO1
2024-11-18,9,126.778,NO1
2024-11-18,10,105.805,NO1
2024-11-18,11,88.499,NO1
2024-11-18,12,83.624,NO1
2024-11-18,13,79.183,NO1
2024-11-18,14,71.954,NO1
2024-11-18,15,71.146,NO1
2024-11-18,16,64.748,NO1
2024-11-18,17,71.638,NO1
2024-11-18,18,88.932,NO1
2024-11-18,19,169.018,NO1
2024-11-18,20,159.738,NO1
2024-11-18,21,134.207,NO1
2024-11-18,22,122.478,NO1
2024-11-18,23,121.458,NO1
2024-11-18,24,112.214,NO1
2024-11-19,1,111.616,NO1
2024-11-19,2,104.457,NO1
2024-11-19,3,99.187,NO1
2024-11-19,4,95.025,NO1
2024-11-19,5,90.559,NO1
2024-11-19,6,98.453,NO1
2024-11-19,7,110.835,NO1
2024-11-19,8,155.841,NO1
2024-11-19,9,169.86700000000002,NO1
2024-11-19,10,170.20499999999998,NO1
2024-11-19,11,168.247,NO1
2024-11-19,12,164.551,NO1
2024-11-19,13,158.31300000000002,NO1
2024-11-19,14,154.10399999999998,NO1
2024-11-19,15,149.486,NO1
2024-11-19,16,137.535,NO1
2024-11-19,17,142.153,NO1
2024-11-19,18,153.22899999999998,NO1
2024-11-19,19,146.956,NO1
2024-11-19,20,136.987,NO1
2024-11-19,21,129.036,NO1
2024-11-19,22,115.28900000000002,NO1
2024-11-19,23,110.322,NO1
2024-11-19,24,77.559,NO1
2024-11-20,1,85.23400000000001,NO1
2024-11-20,2,74.696,NO1
2024-11-20,3,67.09299999999999,NO1
2024-11-20,4,62.75,NO1
2024-11-20,5,60.991,NO1
2024-11-20,6,66.87100000000001,NO1
2024-11-20,7,100.988,NO1
2024-11-20,8,139.111,NO1
2024-11-20,9,150.941,NO1
2024-11-20,10,145.783,NO1
2024-11-20,11,126.198,NO1
2024-11-20,12,111.165,NO1
2024-11-20,13,101.419,NO1
2024-11-20,14,89.49600000000001,NO1
2024-11-20,15,98.171,NO1
2024-11-20,16,115.706,NO1
2024-11-20,17,121.365,NO1
2024-11-20,18,148.78699999999998,NO1
2024-11-20,19,149.579,NO1
2024-11-20,20,147.052,NO1
2024-11-20,21,141.999,NO1
2024-11-20,22,128.783,NO1
2024-11-20,23,110.956,NO1
2024-11-20,24,81.601,NO1
2024-11-21,1,73.81,NO1
2024-11-21,2,63.875,NO1
2024-11-21,3,64.084,NO1
2024-11-21,4,69.011,NO1
2024-11-21,5,73.55499999999999,NO1
2024-11-21,6,74.717,NO1
2024-11-21,7,111.866,NO1
2024-11-21,8,127.727,NO1
2024-11-21,9,139.8,NO1
2024-11-21,10,141.892,NO1
2024-11-21,11,134.571,NO1
2024-11-21,12,121.847,NO1
2024-11-21,13,119.953,NO1
2024-11-21,14,126.809,NO1
2024-11-21,15,143.798,NO1
2024-11-21,16,156.28900000000002,NO1
2024-11-21,17,137.337,NO1
2024-11-21,18,183.259,NO1
2024-11-21,19,165.353,NO1
2024-11-21,20,157.927,NO1
2024-11-21,21,136.152,NO1
2024-11-21,22,128.959,NO1
2024-11-21,23,128.761,NO1
2024-11-21,24,102.198,NO1
2024-11-22,1,87.535,NO1
2024-11-22,2,74.27799999999999,NO1
2024-11-22,3,74.521,NO1
2024-11-22,4,74.336,NO1
2024-11-22,5,74.128,NO1
2024-11-22,6,78.905,NO1
2024-11-22,7,119.833,NO1
2024-11-22,8,141.639,NO1
2024-11-22,9,151.703,NO1
2024-11-22,10,150.257,NO1
2024-11-22,11,141.83499999999998,NO1
2024-11-22,12,122.077,NO1
2024-11-22,13,110.046,NO1
2024-11-22,14,98.953,NO1
2024-11-22,15,99.057,NO1
2024-11-22,16,80.467,NO1
2024-11-22,17,83.833,NO1
2024-11-22,18,91.121,NO1
2024-11-22,19,126.38,NO1
2024-11-22,20,123.94,NO1
2024-11-22,21,86.829,NO1
2024-11-22,22,86.725,NO1
2024-11-22,23,75.99,NO1
2024-11-22,24,67.372,NO1
2024-11-23,1,60.42,NO1
2024-11-23,2,55.584,NO1
2024-11-23,3,54.231,NO1
2024-11-23,4,53.352,NO1
2024-11-23,5,53.629,NO1
2024-11-23,6,54.485,NO1
2024-11-23,7,55.92,NO1
2024-11-23,8,61.669,NO1
2024-11-23,9,66.562,NO1
2024-11-23,10,70.438,NO1
2024-11-23,11,71.64099999999999,NO1
2024-11-23,12,70.808,NO1
2024-11-23,13,71.143,NO1
2024-11-23,14,71.45599999999999,NO1
2024-11-23,15,72.67,NO1
2024-11-23,16,71.988,NO1
2024-11-23,17,77.39,NO1
2024-11-23,18,80.09700000000001,NO1
2024-11-23,19,74.35900000000001,NO1
2024-11-23,20,70.322,NO1
2024-11-23,21,58.974,NO1
2024-11-23,22,52.553,NO1
2024-11-23,23,48.99,NO1
2024-11-23,24,35.768,NO1
2024-11-24,1,33.86,NO1
2024-11-24,2,18.451,NO1
2024-11-24,3,16.901,NO1
2024-11-24,4,11.973,NO1
2024-11-24,5,16.403,NO1
2024-11-24,6,14.437,NO1
2024-11-24,7,10.226,NO1
2024-11-24,8,11.001,NO1
2024-11-24,9,15.038,NO1
2024-11-24,10,16.959,NO1
2024-11-24,11,25.033,NO1
2024-11-24,12,29.683,NO1
2024-11-24,13,32.691,NO1
2024-11-24,14,32.656,NO1
2024-11-24,15,32.807,NO1
2024-11-24,16,36.728,NO1
2024-11-24,17,38.44,NO1
2024-11-24,18,39.921,NO1
2024-11-24,19,41.934,NO1
2024-11-24,20,40.083,NO1
2024-11-24,21,38.88,NO1
2024-11-24,22,33.721,NO1
2024-11-24,23,26.167,NO1
2024-11-24,24,13.373,NO1
2024-11-25,1,12.791,NO1
2024-11-25,2,10.509,NO1
2024-11-25,3,7.831999999999999,NO1
2024-11-25,4,8.736,NO1
2024-11-25,5,10.578,NO1
2024-11-25,6,16.441,NO1
2024-11-25,7,33.497,NO1
2024-11-25,8,47.435,NO1
2024-11-25,9,52.128,NO1
2024-11-25,10,52.0,NO1
2024-11-25,11,49.162,NO1
2024-11-25,12,48.061,NO1
2024-11-25,13,48.791,NO1
2024-11-25,14,50.703,NO1
2024-11-25,15,50.714,NO1
2024-11-25,16,50.517,NO1
2024-11-25,17,50.795,NO1
2024-11-25,18,51.618,NO1
2024-11-25,19,50.714,NO1
2024-11-25,20,50.506,NO1
2024-11-25,21,49.405,NO1
2024-11-25,22,49.312,NO1
2024-11-25,23,48.744,NO1
2024-11-25,24,48.211,NO1
2024-11-26,1,42.567,NO1
2024-11-26,2,42.626,NO1
2024-11-26,3,40.57,NO1
2024-11-26,4,41.142,NO1
2024-11-26,5,41.446,NO1
2024-11-26,6,41.259,NO1
2024-11-26,7,47.906,NO1
2024-11-26,8,49.997,NO1
2024-11-26,9,51.761,NO1
2024-11-26,10,51.142,NO1
2024-11-26,11,50.242,NO1
2024-11-26,12,49.658,NO1
2024-11-26,13,49.67,NO1
2024-11-26,14,49.845,NO1
2024-11-26,15,50.756,NO1
2024-11-26,16,52.637,NO1
2024-11-26,17,53.326,NO1
2024-11-26,18,53.84,NO1
2024-11-26,19,53.94500000000001,NO1
2024-11-26,20,53.583000000000006,NO1
2024-11-26,21,53.139,NO1
2024-11-26,22,53.396,NO1
2024-11-26,23,52.438,NO1
2024-11-26,24,52.321000000000005,NO1
2024-11-27,1,50.057,NO1
2024-11-27,2,49.495,NO1
2024-11-27,3,49.671,NO1
2024-11-27,4,49.683,NO1
2024-11-27,5,50.723,NO1
2024-11-27,6,51.833000000000006,NO1
2024-11-27,7,56.229,NO1
2024-11-27,8,78.568,NO1
2024-11-27,9,83.899,NO1
2024-11-27,10,82.03999999999999,NO1
2024-11-27,11,84.542,NO1
2024-11-27,12,84.39,NO1
2024-11-27,13,85.73400000000001,NO1
2024-11-27,14,80.252,NO1
2024-11-27,15,77.411,NO1
2024-11-27,16,80.299,NO1
2024-11-27,17,85.512,NO1
2024-11-27,18,119.717,NO1
2024-11-27,19,120.956,NO1
2024-11-27,20,108.904,NO1
2024-11-27,21,83.864,NO1
2024-11-27,22,76.932,NO1
2024-11-27,23,71.40299999999999,NO1
2024-11-27,24,54.136,NO1
2024-11-28,1,54.109,NO1
2024-11-28,2,46.528,NO1
2024-11-28,3,39.483,NO1
2024-11-28,4,38.48,NO1
2024-11-28,5,43.285,NO1
2024-11-28,6,52.698,NO1
2024-11-28,7,67.40599999999999,NO1
2024-11-28,8,92.659,NO1
2024-11-28,9,114.482,NO1
2024-11-28,10,106.901,NO1
2024-11-28,11,95.307,NO1
2024-11-28,12,80.936,NO1
2024-11-28,13,77.414,NO1
2024-11-28,14,75.944,NO1
2024-11-28,15,95.178,NO1
2024-11-28,16,90.758,NO1
2024-11-28,17,124.467,NO1
2024-11-28,18,137.88,NO1
2024-11-28,19,150.769,NO1
2024-11-28,20,145.928,NO1
2024-11-28,21,130.52,NO1
2024-11-28,22,117.258,NO1
2024-11-28,23,102.375,NO1
2024-11-28,24,63.884,NO1
2024-11-29,1,53.17,NO1
2024-11-29,2,51.464,NO1
2024-11-29,3,51.464,NO1
2024-11-29,4,51.102,NO1
2024-11-29,5,50.915,NO1
2024-11-29,6,51.651,NO1
2024-11-29,7,64.546,NO1
2024-11-29,8,81.238,NO1
2024-11-29,9,85.116,NO1
2024-11-29,10,73.482,NO1
2024-11-29,11,64.59299999999999,NO1
2024-11-29,12,60.225,NO1
2024-11-29,13,56.405,NO1
2024-11-29,14,54.828,NO1
2024-11-29,15,54.139,NO1
2024-11-29,16,54.303,NO1
2024-11-29,17,57.001,NO1
2024-11-29,18,56.931,NO1
2024-11-29,19,51.604,NO1
2024-11-29,20,50.95,NO1
2024-11-29,21,49.887,NO1
2024-11-29,22,49.514,NO1
2024-11-29,23,49.373000000000005,NO1
2024-11-29,24,48.182,NO1
2024-11-30,1,46.091,NO1
2024-11-30,2,45.437,NO1
2024-11-30,3,45.531,NO1
2024-11-30,4,44.222,NO1
2024-11-30,5,41.548,NO1
2024-11-30,6,41.057,NO1
2024-11-30,7,41.781,NO1
2024-11-30,8,44.853,NO1
2024-11-30,9,45.624,NO1
2024-11-30,10,46.418,NO1
2024-11-30,11,46.477,NO1
2024-11-30,12,47.166,NO1
2024-11-30,13,47.283,NO1
2024-11-30,14,47.832,NO1
2024-11-30,15,47.446,NO1
2024-11-30,16,47.983,NO1
2024-11-30,17,48.906,NO1
2024-11-30,18,48.836,NO1
2024-11-30,19,48.603,NO1
2024-11-30,20,48.299,NO1
2024-11-30,21,48.065,NO1
2024-11-30,22,47.376,NO1
2024-11-30,23,46.839,NO1
2024-11-30,24,46.045,NO1
2024-12-01,1,43.697,NO1
2024-12-01,2,42.12,NO1
2024-12-01,3,41.991,NO1
2024-12-01,4,41.793,NO1
2024-12-01,5,41.758,NO1
2024-12-01,6,42.12,NO1
2024-12-01,7,42.412,NO1
2024-12-01,8,44.631,NO1
2024-12-01,9,44.561,NO1
2024-12-01,10,44.993,NO1
2024-12-01,11,45.098,NO1
2024-12-01,12,45.087,NO1
2024-12-01,13,44.841,NO1
2024-12-01,14,44.818,NO1
2024-12-01,15,44.97,NO1
2024-12-01,16,44.923,NO1
2024-12-01,17,45.367,NO1
2024-12-01,18,45.472,NO1
2024-12-01,19,45.204,NO1
2024-12-01,20,44.713,NO1
2024-12-01,21,44.503,NO1
2024-12-01,22,44.047,NO1
2024-12-01,23,43.86,NO1
2024-12-01,24,43.23,NO1
2024-12-02,1,33.998000000000005,NO1
2024-12-02,2,33.391000000000005,NO1
2024-12-02,3,33.811,NO1
2024-12-02,4,33.916000000000004,NO1
2024-12-02,5,33.263,NO1
2024-12-02,6,33.158,NO1
2024-12-02,7,45.901,NO1
2024-12-02,8,47.219,NO1
2024-12-02,9,48.571,NO1
2024-12-02,10,48.385000000000005,NO1
2024-12-02,11,47.918,NO1
2024-12-02,12,47.709,NO1
2024-12-02,13,47.475,NO1
2024-12-02,14,47.371,NO1
2024-12-02,15,47.207,NO1
2024-12-02,16,47.732,NO1
2024-12-02,17,48.851,NO1
2024-12-02,18,48.688,NO1
2024-12-02,19,48.898,NO1
2024-12-02,20,48.117,NO1
2024-12-02,21,47.371,NO1
2024-12-02,22,46.939,NO1
2024-12-02,23,46.496,NO1
2024-12-02,24,46.286,NO1
2024-12-03,1,43.109,NO1
2024-12-03,2,38.062,NO1
2024-12-03,3,36.259,NO1
2024-12-03,4,35.341,NO1
2024-12-03,5,36.783,NO1
2024-12-03,6,47.842,NO1
2024-12-03,7,54.028,NO1
2024-12-03,8,71.786,NO1
2024-12-03,9,80.833,NO1
2024-12-03,10,86.985,NO1
2024-12-03,11,112.743,NO1
2024-12-03,12,75.181,NO1
2024-12-03,13,72.1,NO1
2024-12-03,14,63.866,NO1
2024-12-03,15,70.949,NO1
2024-12-03,16,73.274,NO1
2024-12-03,17,87.52000000000001,NO1
2024-12-03,18,160.596,NO1
2024-12-03,19,153.177,NO1
2024-12-03,20,144.2,NO1
2024-12-03,21,127.326,NO1
2024-12-03,22,118.79,NO1
2024-12-03,23,105.359,NO1
2024-12-03,24,59.552,NO1
2024-12-04,1,62.693,NO1
2024-12-04,2,59.18300000000001,NO1
2024-12-04,3,60.264,NO1
2024-12-04,4,60.04299999999999,NO1
2024-12-04,5,59.787,NO1
2024-12-04,6,68.95599999999999,NO1
2024-12-04,7,119.912,NO1
2024-12-04,8,197.235,NO1
2024-12-04,9,270.107,NO1
2024-12-04,10,229.133,NO1
2024-12-04,11,193.005,NO1
2024-12-04,12,180.292,NO1
2024-12-04,13,122.294,NO1
2024-12-04,14,150.544,NO1
2024-12-04,15,119.668,NO1
2024-12-04,16,122.294,NO1
2024-12-04,17,121.179,NO1
2024-12-04,18,104.956,NO1
2024-12-04,19,99.925,NO1
2024-12-04,20,76.475,NO1
2024-12-04,21,84.318,NO1
2024-12-04,22,86.80499999999999,NO1
2024-12-04,23,100.541,NO1
2024-12-04,24,68.259,NO1
2024-12-05,1,54.254,NO1
2024-12-05,2,53.508,NO1
2024-12-05,3,53.86900000000001,NO1
2024-12-05,4,53.135000000000005,NO1
2024-12-05,5,53.111,NO1
2024-12-05,6,54.674,NO1
2024-12-05,7,76.07000000000001,NO1
2024-12-05,8,107.015,NO1
2024-12-05,9,123.351,NO1
2024-12-05,10,96.72,NO1
2024-12-05,11,89.09400000000001,NO1
2024-12-05,12,77.924,NO1
2024-12-05,13,73.4,NO1
2024-12-05,14,69.10900000000001,NO1
2024-12-05,15,61.553,NO1
2024-12-05,16,60.562,NO1
2024-12-05,17,59.396,NO1
2024-12-05,18,59.268,NO1
2024-12-05,19,55.09400000000001,NO1
2024-12-05,20,54.126,NO1
2024-12-05,21,53.321000000000005,NO1
2024-12-05,22,54.06699999999999,NO1
2024-12-05,23,51.001,NO1
2024-12-05,24,50.569,NO1
2024-12-06,1,44.523,NO1
2024-12-06,2,34.376,NO1
2024-12-06,3,21.857,NO1
2024-12-06,4,15.796,NO1
2024-12-06,5,28.657,NO1
2024-12-06,6,41.81,NO1
2024-12-06,7,49.961,NO1
2024-12-06,8,68.576,NO1
2024-12-06,9,109.882,NO1
2024-12-06,10,98.795,NO1
2024-12-06,11,94.649,NO1
2024-12-06,12,91.689,NO1
2024-12-06,13,99.276,NO1
2024-12-06,14,92.394,NO1
2024-12-06,15,97.444,NO1
2024-12-06,16,82.822,NO1
2024-12-06,17,110.469,NO1
2024-12-06,18,118.713,NO1
2024-12-06,19,123.904,NO1
2024-12-06,20,115.942,NO1
2024-12-06,21,106.581,NO1
2024-12-06,22,99.288,NO1
2024-12-06,23,80.861,NO1
2024-12-06,24,57.114,NO1
2024-12-07,1,56.597,NO1
2024-12-07,2,53.56699999999999,NO1
2024-12-07,3,51.171,NO1
2024-12-07,4,50.079,NO1
2024-12-07,5,48.376,NO1
2024-12-07,6,46.285,NO1
2024-12-07,7,47.260000000000005,NO1
2024-12-07,8,49.797,NO1
2024-12-07,9,53.062,NO1
2024-12-07,10,52.510000000000005,NO1
2024-12-07,11,52.768,NO1
2024-12-07,12,53.54299999999999,NO1
2024-12-07,13,53.95399999999999,NO1
2024-12-07,14,54.271,NO1
2024-12-07,15,56.303,NO1
2024-12-07,16,57.865,NO1
2024-12-07,17,59.674,NO1
2024-12-07,18,61.565,NO1
2024-12-07,19,60.766,NO1
2024-12-07,20,60.226,NO1
2024-12-07,21,57.008,NO1
2024-12-07,22,56.479,NO1
2024-12-07,23,56.914,NO1
2024-12-07,24,51.335,NO1
2024-12-08,1,50.713,NO1
2024-12-08,2,51.81699999999999,NO1
2024-12-08,3,50.302,NO1
2024-12-08,4,49.538,NO1
2024-12-08,5,48.646,NO1
2024-12-08,6,47.659,NO1
2024-12-08,7,48.423,NO1
2024-12-08,8,51.112,NO1
2024-12-08,9,53.109,NO1
2024-12-08,10,58.323,NO1
2024-12-08,11,65.78099999999999,NO1
2024-12-08,12,65.699,NO1
2024-12-08,13,68.118,NO1
2024-12-08,14,65.58099999999999,NO1
2024-12-08,15,75.13,NO1
2024-12-08,16,75.28200000000001,NO1
2024-12-08,17,77.525,NO1
2024-12-08,18,73.885,NO1
2024-12-08,19,66.627,NO1
2024-12-08,20,61.647000000000006,NO1
2024-12-08,21,56.479,NO1
2024-12-08,22,53.120000000000005,NO1
2024-12-08,23,49.444,NO1
2024-12-08,24,48.869,NO1
2024-12-09,1,48.665,NO1
2024-12-09,2,47.479,NO1
2024-12-09,3,44.966,NO1
2024-12-09,4,41.161,NO1
2024-12-09,5,45.882,NO1
2024-12-09,6,48.759,NO1
2024-12-09,7,52.787,NO1
2024-12-09,8,64.91799999999999,NO1
2024-12-09,9,78.787,NO1
2024-12-09,10,70.038,NO1
2024-12-09,11,69.97999999999999,NO1
2024-12-09,12,71.025,NO1
2024-12-09,13,71.905,NO1
2024-12-09,14,78.341,NO1
2024-12-09,15,88.452,NO1
2024-12-09,16,106.443,NO1
2024-12-09,17,108.71,NO1
2024-12-09,18,115.861,NO1
2024-12-09,19,113.83,NO1
2024-12-09,20,109.52,NO1
2024-12-09,21,102.298,NO1
2024-12-09,22,92.386,NO1
2024-12-09,23,87.65299999999999,NO1
2024-12-09,24,79.22200000000001,NO1
2024-12-10,1,72.548,NO1
2024-12-10,2,65.45,NO1
2024-12-10,3,62.986,NO1
2024-12-10,4,63.69,NO1
2024-12-10,5,65.614,NO1
2024-12-10,6,75.23400000000001,NO1
2024-12-10,7,100.961,NO1
2024-12-10,8,134.607,NO1
2024-12-10,9,157.472,NO1
2024-12-10,10,190.461,NO1
2024-12-10,11,186.824,NO1
2024-12-10,12,190.156,NO1
2024-12-10,13,166.423,NO1
2024-12-10,14,176.125,NO1
2024-12-10,15,198.157,NO1
2024-12-10,16,215.238,NO1
2024-12-10,17,220.294,NO1
2024-12-10,18,190.942,NO1
2024-12-10,19,164.37,NO1
2024-12-10,20,151.747,NO1
2024-12-10,21,124.612,NO1
2024-12-10,22,103.589,NO1
2024-12-10,23,78.765,NO1
2024-12-10,24,69.767,NO1
2024-12-11,1,67.684,NO1
2024-12-11,2,60.574,NO1
2024-12-11,3,58.174,NO1
2024-12-11,4,57.787,NO1
2024-12-11,5,57.857000000000006,NO1
2024-12-11,6,64.264,NO1
2024-12-11,7,84.748,NO1
2024-12-11,8,203.309,NO1
2024-12-11,9,331.344,NO1
2024-12-11,10,343.993,NO1
2024-12-11,11,321.635,NO1
2024-12-11,12,301.18600000000004,NO1
2024-12-11,13,294.978,NO1
2024-12-11,14,280.795,NO1
2024-12-11,15,342.283,NO1
2024-12-11,16,350.212,NO1
2024-12-11,17,402.623,NO1
2024-12-11,18,409.217,NO1
2024-12-11,19,269.036,NO1
2024-12-11,20,241.185,NO1
2024-12-11,21,157.69,NO1
2024-12-11,22,132.66199999999998,NO1
2024-12-11,23,121.008,NO1
2024-12-11,24,110.69,NO1
2024-12-12,1,102.73,NO1
2024-12-12,2,95.621,NO1
2024-12-12,3,92.265,NO1
2024-12-12,4,90.703,NO1
2024-12-12,5,93.815,NO1
2024-12-12,6,95.574,NO1
2024-12-12,7,137.61,NO1
2024-12-12,8,492.23,NO1
2024-12-12,9,450.03100000000006,NO1
2024-12-12,10,437.526,NO1
2024-12-12,11,384.407,NO1
2024-12-12,12,318.784,NO1
2024-12-12,13,283.519,NO1
2024-12-12,14,289.544,NO1
2024-12-12,15,323.457,NO1
2024-12-12,16,436.186,NO1
2024-12-12,17,594.902,NO1
2024-12-12,18,620.296,NO1
2024-12-12,19,449.891,NO1
2024-12-12,20,369.49,NO1
2024-12-12,21,212.779,NO1
2024-12-12,22,133.392,NO1
2024-12-12,23,121.47,NO1
2024-12-12,24,95.073,NO1
2024-12-13,1,63.003,NO1
2024-12-13,2,58.67100000000001,NO1
2024-12-13,3,54.853,NO1
2024-12-13,4,52.214,NO1
2024-12-13,5,53.475,NO1
2024-12-13,6,54.748000000000005,NO1
2024-12-13,7,67.428,NO1
2024-12-13,8,110.546,NO1
2024-12-13,9,213.153,NO1
2024-12-13,10,185.575,NO1
2024-12-13,11,161.722,NO1
2024-12-13,12,140.18,NO1
2024-12-13,13,134.68,NO1
2024-12-13,14,133.466,NO1
2024-12-13,15,143.029,NO1
2024-12-13,16,142.842,NO1
2024-12-13,17,103.483,NO1
2024-12-13,18,111.504,NO1
2024-12-13,19,112.391,NO1
2024-12-13,20,62.069,NO1
2024-12-13,21,60.212,NO1
2024-12-13,22,60.481,NO1
2024-12-13,23,55.74,NO1
2024-12-13,24,51.689,NO1
2024-12-14,1,44.064,NO1
2024-12-14,2,43.002,NO1
2024-12-14,3,42.488,NO1
2024-12-14,4,42.208,NO1
2024-12-14,5,41.916,NO1
2024-12-14,6,35.436,NO1
2024-12-14,7,36.382,NO1
2024-12-14,8,42.862,NO1
2024-12-14,9,44.625,NO1
2024-12-14,10,45.442,NO1
2024-12-14,11,45.477,NO1
2024-12-14,12,44.064,NO1
2024-12-14,13,43.177,NO1
2024-12-14,14,42.126,NO1
2024-12-14,15,41.04,NO1
2024-12-14,16,40.211,NO1
2024-12-14,17,41.916,NO1
2024-12-14,18,42.698,NO1
2024-12-14,19,40.959,NO1
2024-12-14,20,39.593,NO1
2024-12-14,21,36.861,NO1
2024-12-14,22,35.051,NO1
2024-12-14,23,34.887,NO1
2024-12-14,24,34.572,NO1
2024-12-15,1,33.545,NO1
2024-12-15,2,35.389,NO1
2024-12-15,3,35.039,NO1
2024-12-15,4,35.249,NO1
2024-12-15,5,37.293,NO1
2024-12-15,6,38.624,NO1
2024-12-15,7,39.92,NO1
2024-12-15,8,43.539,NO1
2024-12-15,9,46.551,NO1
2024-12-15,10,47.579,NO1
2024-12-15,11,46.727,NO1
2024-12-15,12,43.959,NO1
2024-12-15,13,42.768,NO1
2024-12-15,14,41.893,NO1
2024-12-15,15,40.235,NO1
2024-12-15,16,38.367,NO1
2024-12-15,17,37.643,NO1
2024-12-15,18,35.436,NO1
2024-12-15,19,32.681,NO1
2024-12-15,20,28.781,NO1
2024-12-15,21,22.476,NO1
2024-12-15,22,16.837,NO1
2024-12-15,23,11.956,NO1
2024-12-15,24,2.802,NO1
2024-12-16,1,1.535,NO1
2024-12-16,2,0.457,NO1
2024-12-16,3,0.316,NO1
2024-12-16,4,0.3279999999999999,NO1
2024-12-16,5,0.633,NO1
2024-12-16,6,2.554,NO1
2024-12-16,7,18.968,NO1
2024-12-16,8,33.495999999999995,NO1
2024-12-16,9,35.699,NO1
2024-12-16,10,35.722,NO1
2024-12-16,11,35.816,NO1
2024-12-16,12,35.335,NO1
2024-12-16,13,34.843,NO1
2024-12-16,14,34.468,NO1
2024-12-16,15,35.136,NO1
2024-12-16,16,36.847,NO1
2024-12-16,17,37.714,NO1
2024-12-16,18,36.46,NO1
2024-12-16,19,35.886,NO1
2024-12-16,20,33.754000000000005,NO1
2024-12-16,21,32.852,NO1
2024-12-16,22,30.063,NO1
2024-12-16,23,28.446,NO1
2024-12-16,24,19.577,NO1
2024-12-17,1,22.880000000000003,NO1
2024-12-17,2,23.892,NO1
2024-12-17,3,23.186,NO1
2024-12-17,4,25.233,NO1
2024-12-17,5,26.256,NO1
2024-12-17,6,30.844,NO1
2024-12-17,7,36.42,NO1
2024-12-17,8,41.96,NO1
2024-12-17,9,47.889,NO1
2024-12-17,10,48.524,NO1
2024-12-17,11,48.607,NO1
2024-12-17,12,47.772000000000006,NO1
2024-12-17,13,46.383,NO1
2024-12-17,14,49.007,NO1
2024-12-17,15,64.829,NO1
2024-12-17,16,79.851,NO1
2024-12-17,17,73.31,NO1
2024-12-17,18,101.013,NO1
2024-12-17,19,72.251,NO1
2024-12-17,20,66.487,NO1
2024-12-17,21,81.792,NO1
2024-12-17,22,64.299,NO1
2024-12-17,23,48.913,NO1
2024-12-17,24,44.078,NO1
2024-12-18,1,37.015,NO1
2024-12-18,2,33.663,NO1
2024-12-18,3,30.005000000000003,NO1
2024-12-18,4,27.135,NO1
2024-12-18,5,25.759,NO1
2024-12-18,6,27.194,NO1
2024-12-18,7,32.651,NO1
2024-12-18,8,37.356,NO1
2024-12-18,9,42.684,NO1
2024-12-18,10,38.485,NO1
2024-12-18,11,37.885000000000005,NO1
2024-12-18,12,37.662,NO1
2024-12-18,13,36.991,NO1
2024-12-18,14,35.815,NO1
2024-12-18,15,35.815,NO1
2024-12-18,16,36.439,NO1
2024-12-18,17,34.357,NO1
2024-12-18,18,35.18,NO1
2024-12-18,19,34.216,NO1
2024-12-18,20,31.181,NO1
2024-12-18,21,27.899,NO1
2024-12-18,22,27.911,NO1
2024-12-18,23,27.064,NO1
2024-12-18,24,23.912,NO1
2024-12-19,1,21.36,NO1
2024-12-19,2,15.784,NO1
2024-12-19,3,6.5920000000000005,NO1
2024-12-19,4,3.426,NO1
2024-12-19,5,7.737999999999999,NO1
2024-12-19,6,18.501,NO1
2024-12-19,7,23.57,NO1
2024-12-19,8,34.781,NO1
2024-12-19,9,38.479,NO1
2024-12-19,10,36.813,NO1
2024-12-19,11,36.872,NO1
2024-12-19,12,36.553,NO1
2024-12-19,13,37.168,NO1
2024-12-19,14,35.797000000000004,NO1
2024-12-19,15,35.065,NO1
2024-12-19,16,35.656,NO1
2024-12-19,17,35.431,NO1
2024-12-19,18,35.526,NO1
2024-12-19,19,35.726,NO1
2024-12-19,20,35.892,NO1
2024-12-19,21,34.049,NO1
2024-12-19,22,32.631,NO1
2024-12-19,23,30.552,NO1
2024-12-19,24,29.725,NO1
2024-12-20,1,26.621,NO1
2024-12-20,2,25.897,NO1
2024-12-20,3,20.034,NO1
2024-12-20,4,19.903,NO1
2024-12-20,5,21.707,NO1
2024-12-20,6,25.767000000000003,NO1
2024-12-20,7,28.924,NO1
2024-12-20,8,30.882,NO1
2024-12-20,9,32.033,NO1
2024-12-20,10,33.505,NO1
2024-12-20,11,33.6,NO1
2024-12-20,12,33.517,NO1
2024-12-20,13,33.398,NO1
2024-12-20,14,33.659,NO1
2024-12-20,15,35.143,NO1
2024-12-20,16,38.062,NO1
2024-12-20,17,38.252,NO1
2024-12-20,18,38.015,NO1
2024-12-20,19,36.65,NO1
2024-12-20,20,35.416000000000004,NO1
2024-12-20,21,33.623000000000005,NO1
2024-12-20,22,31.546,NO1
2024-12-20,23,30.110000000000003,NO1
2024-12-20,24,28.235000000000003,NO1
2024-12-21,1,30.17,NO1
2024-12-21,2,28.366000000000003,NO1
2024-12-21,3,27.214,NO1
2024-12-21,4,25.232,NO1
2024-12-21,5,23.5,NO1
2024-12-21,6,26.146,NO1
2024-12-21,7,25.149,NO1
2024-12-21,8,27.547000000000004,NO1
2024-12-21,9,29.671,NO1
2024-12-21,10,34.395,NO1
2024-12-21,11,35.522000000000006,NO1
2024-12-21,12,35.309,NO1
2024-12-21,13,34.941,NO1
2024-12-21,14,34.264,NO1
2024-12-21,15,31.974,NO1
2024-12-21,16,32.33,NO1
2024-12-21,17,34.431,NO1
2024-12-21,18,34.644,NO1
2024-12-21,19,32.223,NO1
2024-12-21,20,29.078,NO1
2024-12-21,21,23.215,NO1
2024-12-21,22,15.5,NO1
2024-12-21,23,12.438,NO1
2024-12-21,24,5.768,NO1
2024-12-22,1,9.044,NO1
2024-12-22,2,9.222,NO1
2024-12-22,3,6.9430000000000005,NO1
2024-12-22,4,6.682,NO1
2024-12-22,5,6.848000000000001,NO1
2024-12-22,6,6.433,NO1
2024-12-22,7,5.863,NO1
2024-12-22,8,5.543,NO1
2024-12-22,9,8.355,NO1
2024-12-22,10,26.657,NO1
2024-12-22,11,26.229000000000003,NO1
2024-12-22,12,28.888,NO1
2024-12-22,13,28.876,NO1
2024-12-22,14,30.811,NO1
2024-12-22,15,35.487,NO1
2024-12-22,16,38.632,NO1
2024-12-22,17,45.587,NO1
2024-12-22,18,52.233,NO1
2024-12-22,19,51.153,NO1
2024-12-22,20,44.531,NO1
2024-12-22,21,41.421,NO1
2024-12-22,22,38.193,NO1
2024-12-22,23,37.469,NO1
2024-12-22,24,32.52,NO1
2024-12-23,1,31.336,NO1
2024-12-23,2,26.837,NO1
2024-12-23,3,18.49,NO1
2024-12-23,4,11.146,NO1
2024-12-23,5,12.397,NO1
2024-12-23,6,22.292,NO1
2024-12-23,7,30.391,NO1
2024-12-23,8,43.166,NO1
2024-12-23,9,55.517,NO1
2024-12-23,10,55.705,NO1
2024-12-23,11,50.947,NO1
2024-12-23,12,50.345,NO1
2024-12-23,13,52.411,NO1
2024-12-23,14,53.143,NO1
2024-12-23,15,59.129,NO1
2024-12-23,16,70.287,NO1
2024-12-23,17,78.717,NO1
2024-12-23,18,92.307,NO1
2024-12-23,19,95.212,NO1
2024-12-23,20,90.241,NO1
2024-12-23,21,82.826,NO1
2024-12-23,22,81.716,NO1
2024-12-23,23,58.787,NO1
2024-12-23,24,46.224,NO1
2024-12-24,1,39.152,NO1
2024-12-24,2,38.125,NO1
2024-12-24,3,37.44,NO1
2024-12-24,4,37.546,NO1
2024-12-24,5,37.003,NO1
2024-12-24,6,36.909,NO1
2024-12-24,7,38.703,NO1
2024-12-24,8,41.336,NO1
2024-12-24,9,40.038,NO1
2024-12-24,10,42.659,NO1
2024-12-24,11,44.749,NO1
2024-12-24,12,46.85,NO1
2024-12-24,13,43.957,NO1
2024-12-24,14,41.147000000000006,NO1
2024-12-24,15,40.734,NO1
2024-12-24,16,40.085,NO1
2024-12-24,17,39.128,NO1
2024-12-24,18,36.944,NO1
2024-12-24,19,31.95,NO1
2024-12-24,20,30.97,NO1
2024-12-24,21,35.515,NO1
2024-12-24,22,35.681,NO1
2024-12-24,23,28.360000000000003,NO1
2024-12-24,24,28.065,NO1
2024-12-25,1,27.05,NO1
2024-12-25,2,25.019,NO1
2024-12-25,3,17.947,NO1
2024-12-25,4,19.67,NO1
2024-12-25,5,21.04,NO1
2024-12-25,6,19.753,NO1
2024-12-25,7,23.283,NO1
2024-12-25,8,30.167,NO1
2024-12-25,9,25.291,NO1
2024-12-25,10,30.698,NO1
2024-12-25,11,34.205,NO1
2024-12-25,12,35.138,NO1
2024-12-25,13,34.983999999999995,NO1
2024-12-25,14,33.544,NO1
2024-12-25,15,30.993,NO1
2024-12-25,16,32.398,NO1
2024-12-25,17,34.347,NO1
2024-12-25,18,34.181,NO1
2024-12-25,19,35.149,NO1
2024-12-25,20,30.71,NO1
2024-12-25,21,31.749,NO1
2024-12-25,22,27.994,NO1
2024-12-25,23,27.687,NO1
2024-12-25,24,26.684,NO1
2024-12-26,1,21.418,NO1
2024-12-26,2,20.627,NO1
2024-12-26,3,19.741,NO1
2024-12-26,4,28.018,NO1
2024-12-26,5,28.455,NO1
2024-12-26,6,27.593,NO1
2024-12-26,7,14.038999999999998,NO1
2024-12-26,8,23.024,NO1
2024-12-26,9,20.521,NO1
2024-12-26,10,24.511000000000003,NO1
2024-12-26,11,27.534,NO1
2024-12-26,12,32.823,NO1
2024-12-26,13,29.789,NO1
2024-12-26,14,29.872000000000003,NO1
2024-12-26,15,33.65,NO1
2024-12-26,16,35.504000000000005,NO1
2024-12-26,17,40.167,NO1
2024-12-26,18,38.857,NO1
2024-12-26,19,38.715,NO1
2024-12-26,20,38.042,NO1
2024-12-26,21,35.362,NO1
2024-12-26,22,33.001,NO1
2024-12-26,23,31.855,NO1
2024-12-26,24,30.592,NO1
2024-12-27,1,30.485000000000003,NO1
2024-12-27,2,29.964,NO1
2024-12-27,3,29.976,NO1
2024-12-27,4,26.411,NO1
2024-12-27,5,22.929,NO1
2024-12-27,6,34.761,NO1
2024-12-27,7,37.331,NO1
2024-12-27,8,40.351,NO1
2024-12-27,9,43.383,NO1
2024-12-27,10,43.43,NO1
2024-12-27,11,43.809,NO1
2024-12-27,12,43.88,NO1
2024-12-27,13,43.916,NO1
2024-12-27,14,44.082,NO1
2024-12-27,15,44.342,NO1
2024-12-27,16,44.614,NO1
2024-12-27,17,44.804,NO1
2024-12-27,18,44.946,NO1
2024-12-27,19,42.791,NO1
2024-12-27,20,40.742,NO1
2024-12-27,21,39.545,NO1
2024-12-27,22,37.414,NO1
2024-12-27,23,36.786,NO1
2024-12-27,24,34.429,NO1
2024-12-28,1,34.536,NO1
2024-12-28,2,31.717,NO1
2024-12-28,3,29.336,NO1
2024-12-28,4,28.022,NO1
2024-12-28,5,28.33,NO1
2024-12-28,6,27.927,NO1
2024-12-28,7,29.301,NO1
2024-12-28,8,31.705,NO1
2024-12-28,9,35.152,NO1
2024-12-28,10,36.916,NO1
2024-12-28,11,37.035,NO1
2024-12-28,12,37.177,NO1
2024-12-28,13,39.131,NO1
2024-12-28,14,36.762,NO1
2024-12-28,15,37.177,NO1
2024-12-28,16,37.414,NO1
2024-12-28,17,37.508,NO1
2024-12-28,18,37.449,NO1
2024-12-28,19,37.094,NO1
2024-12-28,20,33.067,NO1
2024-12-28,21,30.082,NO1
2024-12-28,22,29.656,NO1
2024-12-28,23,29.005000000000003,NO1
2024-12-28,24,27.737,NO1
2024-12-29,1,33.351,NO1
2024-12-29,2,21.745,NO1
2024-12-29,3,21.555,NO1
2024-12-29,4,21.306,NO1
2024-12-29,5,21.685,NO1
2024-12-29,6,19.483,NO1
2024-12-29,7,19.802,NO1
2024-12-29,8,24.528,NO1
2024-12-29,9,32.806,NO1
2024-12-29,10,33.411,NO1
2024-12-29,11,33.174,NO1
2024-12-29,12,32.889,NO1
2024-12-29,13,32.167,NO1
2024-12-29,14,31.397,NO1
2024-12-29,15,30.758,NO1
2024-12-29,16,30.698,NO1
2024-12-29,17,32.368,NO1
2024-12-29,18,33.091,NO1
2024-12-29,19,31.196,NO1
2024-12-29,20,30.236,NO1
2024-12-29,21,29.313,NO1
2024-12-29,22,28.863,NO1
2024-12-29,23,27.880000000000003,NO1
2024-12-29,24,26.672000000000004,NO1
2024-12-30,1,31.983,NO1
2024-12-30,2,30.253,NO1
2024-12-30,3,28.915,NO1
2024-12-30,4,31.438,NO1
2024-12-30,5,30.099,NO1
2024-12-30,6,32.409,NO1
2024-12-30,7,34.53,NO1
2024-12-30,8,35.833,NO1
2024-12-30,9,37.704,NO1
2024-12-30,10,38.948,NO1
2024-12-30,11,41.684,NO1
2024-12-30,12,42.182,NO1
2024-12-30,13,40.002,NO1
2024-12-30,14,39.671,NO1
2024-12-30,15,39.848,NO1
2024-12-30,16,41.436,NO1
2024-12-30,17,43.876,NO1
2024-12-30,18,43.260000000000005,NO1
2024-12-30,19,40.689,NO1
2024-12-30,20,37.112,NO1
2024-12-30,21,37.491,NO1
2024-12-30,22,37.799,NO1
2024-12-30,23,37.906,NO1
2024-12-30,24,37.846,NO1
2024-12-31,1,32.814,NO1
2024-12-31,2,32.542,NO1
2024-12-31,3,31.422000000000004,NO1
2024-12-31,4,33.569,NO1
2024-12-31,5,34.995999999999995,NO1
2024-12-31,6,34.618,NO1
2024-12-31,7,32.660000000000004,NO1
2024-12-31,8,37.838,NO1
2024-12-31,9,41.259,NO1
2024-12-31,10,44.373000000000005,NO1
2024-12-31,11,45.611,NO1
2024-12-31,12,43.288,NO1
2024-12-31,13,38.44,NO1
2024-12-31,14,38.287,NO1
2024-12-31,15,36.824,NO1
2024-12-31,16,38.31,NO1
2024-12-31,17,38.263,NO1
2024-12-31,18,38.287,NO1
2024-12-31,19,36.989,NO1
2024-12-31,20,36.682,NO1
2024-12-31,21,34.642,NO1
2024-12-31,22,28.402,NO1
2024-12-31,23,24.321,NO1
2024-12-31,24,25.878,NO1
2025-01-01,1,26.114,NO1
2025-01-01,2,22.481,NO1
2025-01-01,3,15.345,NO1
2025-01-01,4,15.911,NO1
2025-01-01,5,17.091,NO1
2025-01-01,6,5.402,NO1
2025-01-01,7,25.312,NO1
2025-01-01,8,26.421,NO1
2025-01-01,9,26.704,NO1
2025-01-01,10,29.063,NO1
2025-01-01,11,32.967,NO1
2025-01-01,12,33.038,NO1
2025-01-01,13,31.988,NO1
2025-01-01,14,31.681,NO1
2025-01-01,15,31.434,NO1
2025-01-01,16,32.189,NO1
2025-01-01,17,32.719,NO1
2025-01-01,18,33.344,NO1
2025-01-01,19,32.283,NO1
2025-01-01,20,32.118,NO1
2025-01-01,21,32.13,NO1
2025-01-01,22,32.236000000000004,NO1
2025-01-01,23,32.141000000000005,NO1
2025-01-01,24,30.926,NO1
2025-01-02,1,31.098000000000003,NO1
2025-01-02,2,30.746,NO1
2025-01-02,3,30.278,NO1
2025-01-02,4,32.410000000000004,NO1
2025-01-02,5,34.730000000000004,NO1
2025-01-02,6,38.62,NO1
2025-01-02,7,42.815,NO1
2025-01-02,8,99.62,NO1
2025-01-02,9,129.921,NO1
2025-01-02,10,134.257,NO1
2025-01-02,11,135.323,NO1
2025-01-02,12,121.333,NO1
2025-01-02,13,109.229,NO1
2025-01-02,14,114.232,NO1
2025-01-02,15,119.95,NO1
2025-01-02,16,134.538,NO1
2025-01-02,17,147.076,NO1
2025-01-02,18,162.71800000000002,NO1
2025-01-02,19,156.145,NO1
2025-01-02,20,113.224,NO1
2025-01-02,21,108.139,NO1
2025-01-02,22,75.377,NO1
2025-01-02,23,65.38300000000001,NO1
2025-01-02,24,53.056,NO1
2025-01-03,1,45.856,NO1
2025-01-03,2,41.558,NO1
2025-01-03,3,38.454,NO1
2025-01-03,4,37.692,NO1
2025-01-03,5,36.919,NO1
2025-01-03,6,37.446,NO1
2025-01-03,7,44.627,NO1
2025-01-03,8,57.616,NO1
2025-01-03,9,88.304,NO1
2025-01-03,10,81.58099999999999,NO1
2025-01-03,11,82.483,NO1
2025-01-03,12,66.67,NO1
2025-01-03,13,56.29299999999999,NO1
2025-01-03,14,54.80499999999999,NO1
2025-01-03,15,55.59,NO1
2025-01-03,16,76.029,NO1
2025-01-03,17,111.426,NO1
2025-01-03,18,114.741,NO1
2025-01-03,19,116.966,NO1
2025-01-03,20,109.259,NO1
2025-01-03,21,81.054,NO1
2025-01-03,22,80.96000000000001,NO1
2025-01-03,23,66.6,NO1
2025-01-03,24,67.572,NO1
2025-01-04,1,53.142,NO1
2025-01-04,2,49.101,NO1
2025-01-04,3,45.634,NO1
2025-01-04,4,44.873000000000005,NO1
2025-01-04,5,45.025,NO1
2025-01-04,6,45.482,NO1
2025-01-04,7,55.637,NO1
2025-01-04,8,84.896,NO1
2025-01-04,9,101.189,NO1
2025-01-04,10,106.811,NO1
2025-01-04,11,107.42,NO1
2025-01-04,12,107.584,NO1
2025-01-04,13,104.703,NO1
2025-01-04,14,80.175,NO1
2025-01-04,15,109.177,NO1
2025-01-04,16,141.411,NO1
2025-01-04,17,134.36,NO1
2025-01-04,18,169.054,NO1
2025-01-04,19,131.97,NO1
2025-01-04,20,125.669,NO1
2025-01-04,21,110.758,NO1
2025-01-04,22,108.439,NO1
2025-01-04,23,70.196,NO1
2025-01-04,24,58.905,NO1
2025-01-05,1,53.353,NO1
2025-01-05,2,53.751,NO1
2025-01-05,3,54.59400000000001,NO1
2025-01-05,4,56.176,NO1
2025-01-05,5,64.047,NO1
2025-01-05,6,65.487,NO1
2025-01-05,7,78.243,NO1
2025-01-05,8,80.316,NO1
2025-01-05,9,83.408,NO1
2025-01-05,10,87.602,NO1
2025-01-05,11,82.741,NO1
2025-01-05,12,88.45700000000001,NO1
2025-01-05,13,81.733,NO1
2025-01-05,14,78.067,NO1
2025-01-05,15,68.369,NO1
2025-01-05,16,53.470000000000006,NO1
2025-01-05,17,55.754,NO1
2025-01-05,18,71.262,NO1
2025-01-05,19,68.591,NO1
2025-01-05,20,55.52,NO1
2025-01-05,21,42.015,NO1
2025-01-05,22,40.808,NO1
2025-01-05,23,38.84,NO1
2025-01-05,24,35.303,NO1
2025-01-06,1,34.858999999999995,NO1
2025-01-06,2,30.117,NO1
2025-01-06,3,29.52,NO1
2025-01-06,4,21.581,NO1
2025-01-06,5,20.901,NO1
2025-01-06,6,29.192,NO1
2025-01-06,7,32.014,NO1
2025-01-06,8,38.887,NO1
2025-01-06,9,48.852,NO1
2025-01-06,10,44.59,NO1
2025-01-06,11,42.107,NO1
2025-01-06,12,39.777,NO1
2025-01-06,13,38.079,NO1
2025-01-06,14,36.381,NO1
2025-01-06,15,36.85,NO1
2025-01-06,16,37.283,NO1
2025-01-06,17,37.388,NO1
2025-01-06,18,39.215,NO1
2025-01-06,19,39.508,NO1
2025-01-06,20,37.822,NO1
2025-01-06,21,37.412,NO1
2025-01-06,22,33.161,NO1
2025-01-06,23,35.152,NO1
2025-01-06,24,31.299,NO1
2025-01-07,1,32.398,NO1
2025-01-07,2,32.398,NO1
2025-01-07,3,30.755000000000003,NO1
2025-01-07,4,28.125,NO1
2025-01-07,5,28.759,NO1
2025-01-07,6,33.760000000000005,NO1
2025-01-07,7,38.185,NO1
2025-01-07,8,40.979,NO1
2025-01-07,9,41.766000000000005,NO1
2025-01-07,10,41.003,NO1
2025-01-07,11,40.991,NO1
2025-01-07,12,41.12,NO1
2025-01-07,13,41.214,NO1
2025-01-07,14,41.085,NO1
2025-01-07,15,40.956,NO1
2025-01-07,16,41.096,NO1
2025-01-07,17,41.989,NO1
2025-01-07,18,42.47,NO1
2025-01-07,19,41.953,NO1
2025-01-07,20,40.944,NO1
2025-01-07,21,40.603,NO1
2025-01-07,22,40.545,NO1
2025-01-07,23,40.075,NO1
2025-01-07,24,39.981,NO1
2025-01-08,1,38.348,NO1
2025-01-08,2,37.832,NO1
2025-01-08,3,37.761,NO1
2025-01-08,4,37.667,NO1
2025-01-08,5,37.62,NO1
2025-01-08,6,38.242,NO1
2025-01-08,7,41.4,NO1
2025-01-08,8,54.288,NO1
2025-01-08,9,64.42999999999999,NO1
2025-01-08,10,74.783,NO1
2025-01-08,11,79.572,NO1
2025-01-08,12,74.912,NO1
2025-01-08,13,71.872,NO1
2025-01-08,14,76.767,NO1
2025-01-08,15,82.917,NO1
2025-01-08,16,106.781,NO1
2025-01-08,17,134.06,NO1
2025-01-08,18,168.252,NO1
2025-01-08,19,165.682,NO1
2025-01-08,20,158.498,NO1
2025-01-08,21,123.777,NO1
2025-01-08,22,100.571,NO1
2025-01-08,23,76.262,NO1
2025-01-08,24,56.46,NO1
2025-01-09,1,46.748000000000005,NO1
2025-01-09,2,45.243,NO1
2025-01-09,3,45.501,NO1
2025-01-09,4,46.019,NO1
2025-01-09,5,47.442,NO1
2025-01-09,6,50.194,NO1
2025-01-09,7,67.505,NO1
2025-01-09,8,142.902,NO1
2025-01-09,9,180.065,NO1
2025-01-09,10,169.081,NO1
2025-01-09,11,163.83599999999998,NO1
2025-01-09,12,147.78199999999998,NO1
2025-01-09,13,136.53900000000002,NO1
2025-01-09,14,129.119,NO1
2025-01-09,15,132.059,NO1
2025-01-09,16,137.762,NO1
2025-01-09,17,139.35,NO1
2025-01-09,18,146.007,NO1
2025-01-09,19,151.957,NO1
2025-01-09,20,133.94,NO1
2025-01-09,21,135.128,NO1
2025-01-09,22,119.428,NO1
2025-01-09,23,102.74,NO1
2025-01-09,24,72.104,NO1
2025-01-10,1,71.318,NO1
2025-01-10,2,58.867,NO1
2025-01-10,3,55.446000000000005,NO1
2025-01-10,4,51.613,NO1
2025-01-10,5,53.412,NO1
2025-01-10,6,63.041,NO1
2025-01-10,7,110.116,NO1
2025-01-10,8,140.625,NO1
2025-01-10,9,158.41400000000002,NO1
2025-01-10,10,155.56900000000002,NO1
2025-01-10,11,140.34300000000002,NO1
2025-01-10,12,128.88,NO1
2025-01-10,13,121.368,NO1
2025-01-10,14,119.287,NO1
2025-01-10,15,124.871,NO1
2025-01-10,16,146.304,NO1
2025-01-10,17,153.66400000000002,NO1
2025-01-10,18,160.13,NO1
2025-01-10,19,160.671,NO1
2025-01-10,20,108.905,NO1
2025-01-10,21,67.54400000000001,NO1
2025-01-10,22,49.144,NO1
2025-01-10,23,45.958,NO1
2025-01-10,24,45.629000000000005,NO1
2025-01-11,1,41.197,NO1
2025-01-11,2,40.809,NO1
2025-01-11,3,40.75,NO1
2025-01-11,4,40.397000000000006,NO1
2025-01-11,5,40.374,NO1
2025-01-11,6,40.362,NO1
2025-01-11,7,39.762,NO1
2025-01-11,8,40.82,NO1
2025-01-11,9,41.808,NO1
2025-01-11,10,42.795,NO1
2025-01-11,11,43.325,NO1
2025-01-11,12,43.301,NO1
2025-01-11,13,42.866,NO1
2025-01-11,14,42.149,NO1
2025-01-11,15,42.243,NO1
2025-01-11,16,42.878,NO1
2025-01-11,17,45.323,NO1
2025-01-11,18,48.65,NO1
2025-01-11,19,45.711,NO1
2025-01-11,20,43.278,NO1
2025-01-11,21,42.572,NO1
2025-01-11,22,42.502,NO1
2025-01-11,23,42.266000000000005,NO1
2025-01-11,24,42.396,NO1
2025-01-12,1,40.667,NO1
2025-01-12,2,40.456,NO1
2025-01-12,3,40.397000000000006,NO1
2025-01-12,4,40.209,NO1
2025-01-12,5,39.997,NO1
2025-01-12,6,40.856,NO1
2025-01-12,7,42.407,NO1
2025-01-12,8,42.008,NO1
2025-01-12,9,42.49,NO1
2025-01-12,10,52.67100000000001,NO1
2025-01-12,11,75.174,NO1
2025-01-12,12,92.187,NO1
2025-01-12,13,81.735,NO1
2025-01-12,14,76.55,NO1
2025-01-12,15,104.46099999999998,NO1
2025-01-12,16,125.741,NO1
2025-01-12,17,141.272,NO1
2025-01-12,18,149.878,NO1
2025-01-12,19,159.237,NO1
2025-01-12,20,153.382,NO1
2025-01-12,21,143.906,NO1
2025-01-12,22,120.885,NO1
2025-01-12,23,77.42,NO1
2025-01-12,24,44.536,NO1
2025-01-13,1,44.014,NO1
2025-01-13,2,41.391000000000005,NO1
2025-01-13,3,43.159,NO1
2025-01-13,4,41.415,NO1
2025-01-13,5,40.384,NO1
2025-01-13,6,41.485,NO1
2025-01-13,7,42.832,NO1
2025-01-13,8,75.04299999999999,NO1
2025-01-13,9,119.701,NO1
2025-01-13,10,64.821,NO1
2025-01-13,11,44.283,NO1
2025-01-13,12,43.054,NO1
2025-01-13,13,42.586,NO1
2025-01-13,14,41.86,NO1
2025-01-13,15,40.431,NO1
2025-01-13,16,39.565,NO1
2025-01-13,17,39.342,NO1
2025-01-13,18,39.377,NO1
2025-01-13,19,37.808,NO1
2025-01-13,20,36.04,NO1
2025-01-13,21,35.63,NO1
2025-01-13,22,35.244,NO1
2025-01-13,23,34.846,NO1
2025-01-13,24,34.284,NO1
2025-01-14,1,37.045,NO1
2025-01-14,2,36.741,NO1
2025-01-14,3,36.647000000000006,NO1
2025-01-14,4,36.588,NO1
2025-01-14,5,36.623000000000005,NO1
2025-01-14,6,37.057,NO1
2025-01-14,7,38.686,NO1
2025-01-14,8,39.952,NO1
2025-01-14,9,40.714,NO1
2025-01-14,10,41.124,NO1
2025-01-14,11,40.643,NO1
2025-01-14,12,40.62,NO1
2025-01-14,13,39.905,NO1
2025-01-14,14,39.741,NO1
2025-01-14,15,40.339,NO1
2025-01-14,16,40.549,NO1
2025-01-14,17,41.768,NO1
2025-01-14,18,42.94,NO1
2025-01-14,19,42.8,NO1
2025-01-14,20,42.483,NO1
2025-01-14,21,42.542,NO1
2025-01-14,22,45.976,NO1
2025-01-14,23,46.89,NO1
2025-01-14,24,41.897000000000006,NO1
2025-01-15,1,42.507,NO1
2025-01-15,2,42.729,NO1
2025-01-15,3,43.209,NO1
2025-01-15,4,42.94,NO1
2025-01-15,5,43.116,NO1
2025-01-15,6,44.813,NO1
2025-01-15,7,127.24,NO1
2025-01-15,8,195.858,NO1
2025-01-15,9,301.154,NO1
2025-01-15,10,194.278,NO1
2025-01-15,11,176.05599999999998,NO1
2025-01-15,12,120.183,NO1
2025-01-15,13,113.7,NO1
2025-01-15,14,110.61,NO1
2025-01-15,15,62.696000000000005,NO1
2025-01-15,16,60.425,NO1
2025-01-15,17,74.563,NO1
2025-01-15,18,68.97999999999999,NO1
2025-01-15,19,50.103,NO1
2025-01-15,20,46.849,NO1
2025-01-15,21,44.274,NO1
2025-01-15,22,43.303,NO1
2025-01-15,23,42.437,NO1
2025-01-15,24,42.121,NO1
2025-01-16,1,38.727,NO1
2025-01-16,2,38.575,NO1
2025-01-16,3,39.113,NO1
2025-01-16,4,39.055,NO1
2025-01-16,5,38.926,NO1
2025-01-16,6,39.008,NO1
2025-01-16,7,44.061,NO1
2025-01-16,8,53.862,NO1
2025-01-16,9,82.35499999999999,NO1
2025-01-16,10,56.319,NO1
2025-01-16,11,51.535,NO1
2025-01-16,12,50.739,NO1
2025-01-16,13,50.681,NO1
2025-01-16,14,48.014,NO1
2025-01-16,15,47.546,NO1
2025-01-16,16,50.845,NO1
2025-01-16,17,50.038,NO1
2025-01-16,18,56.120000000000005,NO1
2025-01-16,19,50.084,NO1
2025-01-16,20,47.312,NO1
2025-01-16,21,45.546,NO1
2025-01-16,22,44.493,NO1
2025-01-16,23,42.926,NO1
2025-01-16,24,41.604,NO1
2025-01-17,1,39.169,NO1
2025-01-17,2,39.534,NO1
2025-01-17,3,39.146,NO1
2025-01-17,4,39.052,NO1
2025-01-17,5,38.311,NO1
2025-01-17,6,38.605,NO1
2025-01-17,7,42.274,NO1
2025-01-17,8,49.729,NO1
2025-01-17,9,56.596,NO1
2025-01-17,10,51.175,NO1
2025-01-17,11,48.024,NO1
2025-01-17,12,45.672,NO1
2025-01-17,13,45.319,NO1
2025-01-17,14,44.825,NO1
2025-01-17,15,44.637,NO1
2025-01-17,16,44.567,NO1
2025-01-17,17,44.814,NO1
2025-01-17,18,44.778,NO1
2025-01-17,19,44.249,NO1
2025-01-17,20,42.45,NO1
2025-01-17,21,42.344,NO1
2025-01-17,22,41.862,NO1
2025-01-17,23,41.309,NO1
2025-01-17,24,40.592,NO1
2025-01-18,1,42.309,NO1
2025-01-18,2,39.828,NO1
2025-01-18,3,39.522000000000006,NO1
2025-01-18,4,40.098,NO1
2025-01-18,5,42.591,NO1
2025-01-18,6,43.038,NO1
2025-01-18,7,43.414,NO1
2025-01-18,8,44.731,NO1
2025-01-18,9,46.601,NO1
2025-01-18,10,48.165,NO1
2025-01-18,11,49.846,NO1
2025-01-18,12,50.246,NO1
2025-01-18,13,48.553,NO1
2025-01-18,14,48.4,NO1
2025-01-18,15,48.906,NO1
2025-01-18,16,50.47,NO1
2025-01-18,17,50.246,NO1
2025-01-18,18,50.764,NO1
2025-01-18,19,50.293,NO1
2025-01-18,20,47.212,NO1
2025-01-18,21,46.260000000000005,NO1
2025-01-18,22,45.601,NO1
2025-01-18,23,45.119,NO1
2025-01-18,24,44.908,NO1
2025-01-19,1,39.769,NO1
2025-01-19,2,37.935,NO1
2025-01-19,3,36.876,NO1
2025-01-19,4,37.605,NO1
2025-01-19,5,36.041,NO1
2025-01-19,6,37.629000000000005,NO1
2025-01-19,7,40.204,NO1
2025-01-19,8,46.766000000000005,NO1
2025-01-19,9,47.777,NO1
2025-01-19,10,48.964,NO1
2025-01-19,11,49.599,NO1
2025-01-19,12,49.635000000000005,NO1
2025-01-19,13,49.435,NO1
2025-01-19,14,49.835,NO1
2025-01-19,15,50.575,NO1
2025-01-19,16,53.28,NO1
2025-01-19,17,95.06,NO1
2025-01-19,18,140.591,NO1
2025-01-19,19,167.695,NO1
2025-01-19,20,149.057,NO1
2025-01-19,21,76.44500000000001,NO1
2025-01-19,22,56.384,NO1
2025-01-19,23,52.43300000000001,NO1
2025-01-19,24,50.622,NO1
2025-01-20,1,58.868,NO1
2025-01-20,2,58.644000000000005,NO1
2025-01-20,3,58.538,NO1
2025-01-20,4,56.173,NO1
2025-01-20,5,56.444,NO1
2025-01-20,6,60.527,NO1
2025-01-20,7,94.967,NO1
2025-01-20,8,287.02,NO1
2025-01-20,9,527.4689999999999,NO1
2025-01-20,10,381.023,NO1
2025-01-20,11,294.986,NO1
2025-01-20,12,228.47,NO1
2025-01-20,13,216.233,NO1
2025-01-20,14,212.103,NO1
2025-01-20,15,232.259,NO1
2025-01-20,16,327.368,NO1
2025-01-20,17,401.932,NO1
2025-01-20,18,433.03100000000006,NO1
2025-01-20,19,288.385,NO1
2025-01-20,20,190.005,NO1
2025-01-20,21,143.304,NO1
2025-01-20,22,107.84,NO1
2025-01-20,23,58.974,NO1
2025-01-20,24,57.926,NO1
2025-01-21,1,47.646,NO1
2025-01-21,2,46.323,NO1
2025-01-21,3,45.72,NO1
2025-01-21,4,45.791,NO1
2025-01-21,5,46.11,NO1
2025-01-21,6,48.296,NO1
2025-01-21,7,56.58,NO1
2025-01-21,8,133.745,NO1
2025-01-21,9,215.424,NO1
2025-01-21,10,228.576,NO1
2025-01-21,11,216.35700000000003,NO1
2025-01-21,12,176.475,NO1
2025-01-21,13,160.203,NO1
2025-01-21,14,156.173,NO1
2025-01-21,15,163.996,NO1
2025-01-21,16,187.099,NO1
2025-01-21,17,221.368,NO1
2025-01-21,18,309.641,NO1
2025-01-21,19,266.119,NO1
2025-01-21,20,181.474,NO1
2025-01-21,21,119.21,NO1
2025-01-21,22,107.842,NO1
2025-01-21,23,83.09700000000001,NO1
2025-01-21,24,56.627,NO1
2025-01-22,1,51.1,NO1
2025-01-22,2,45.647000000000006,NO1
2025-01-22,3,47.95,NO1
2025-01-22,4,47.927,NO1
2025-01-22,5,47.621,NO1
2025-01-22,6,49.513,NO1
2025-01-22,7,92.516,NO1
2025-01-22,8,230.643,NO1
2025-01-22,9,253.878,NO1
2025-01-22,10,229.056,NO1
2025-01-22,11,203.918,NO1
2025-01-22,12,196.948,NO1
2025-01-22,13,188.299,NO1
2025-01-22,14,193.999,NO1
2025-01-22,15,205.316,NO1
2025-01-22,16,223.286,NO1
2025-01-22,17,227.141,NO1
2025-01-22,18,238.493,NO1
2025-01-22,19,205.892,NO1
2025-01-22,20,190.661,NO1
2025-01-22,21,152.77100000000002,NO1
2025-01-22,22,145.519,NO1
2025-01-22,23,121.732,NO1
2025-01-22,24,68.764,NO1
2025-01-23,1,58.019000000000005,NO1
2025-01-23,2,46.289,NO1
2025-01-23,3,44.412,NO1
2025-01-23,4,44.412,NO1
2025-01-23,5,44.376,NO1
2025-01-23,6,44.728,NO1
2025-01-23,7,105.68,NO1
2025-01-23,8,156.86,NO1
2025-01-23,9,180.826,NO1
2025-01-23,10,177.482,NO1
2025-01-23,11,149.775,NO1
2025-01-23,12,127.194,NO1
2025-01-23,13,107.827,NO1
2025-01-23,14,93.516,NO1
2025-01-23,15,76.084,NO1
2025-01-23,16,66.946,NO1
2025-01-23,17,92.143,NO1
2025-01-23,18,96.155,NO1
2025-01-23,19,82.39500000000001,NO1
2025-01-23,20,67.603,NO1
2025-01-23,21,52.4,NO1
2025-01-23,22,49.292,NO1
2025-01-23,23,51.11,NO1
2025-01-23,24,50.031,NO1
2025-01-24,1,43.262,NO1
2025-01-24,2,43.038,NO1
2025-01-24,3,42.651,NO1
2025-01-24,4,42.427,NO1
2025-01-24,5,42.345,NO1
2025-01-24,6,43.461,NO1
2025-01-24,7,45.189,NO1
2025-01-24,8,77.312,NO1
2025-01-24,9,88.556,NO1
2025-01-24,10,67.078,NO1
2025-01-24,11,53.437,NO1
2025-01-24,12,46.082,NO1
2025-01-24,13,43.908,NO1
2025-01-24,14,43.297,NO1
2025-01-24,15,48.067,NO1
2025-01-24,16,48.185,NO1
2025-01-24,17,43.732,NO1
2025-01-24,18,43.344,NO1
2025-01-24,19,42.251,NO1
2025-01-24,20,40.606,NO1
2025-01-24,21,39.49,NO1
2025-01-24,22,38.644,NO1
2025-01-24,23,37.469,NO1
2025-01-24,24,36.811,NO1
2025-01-25,1,35.777,NO1
2025-01-25,2,32.205,NO1
2025-01-25,3,32.147000000000006,NO1
2025-01-25,4,32.123000000000005,NO1
2025-01-25,5,32.593,NO1
2025-01-25,6,33.439,NO1
2025-01-25,7,36.259,NO1
2025-01-25,8,37.058,NO1
2025-01-25,9,38.621,NO1
2025-01-25,10,38.844,NO1
2025-01-25,11,38.914,NO1
2025-01-25,12,38.891000000000005,NO1
2025-01-25,13,38.726,NO1
2025-01-25,14,38.668,NO1
2025-01-25,15,38.668,NO1
2025-01-25,16,39.149,NO1
2025-01-25,17,40.43,NO1
2025-01-25,18,41.17,NO1
2025-01-25,19,40.489,NO1
2025-01-25,20,39.102,NO1
2025-01-25,21,38.726,NO1
2025-01-25,22,37.634,NO1
2025-01-25,23,37.904,NO1
2025-01-25,24,37.211,NO1
2025-01-26,1,33.345,NO1
2025-01-26,2,32.722,NO1
2025-01-26,3,27.694,NO1
2025-01-26,4,27.658,NO1
2025-01-26,5,28.011000000000003,NO1
2025-01-26,6,28.375,NO1
2025-01-26,7,35.566,NO1
2025-01-26,8,40.242,NO1
2025-01-26,9,41.382,NO1
2025-01-26,10,41.805,NO1
2025-01-26,11,41.981,NO1
2025-01-26,12,41.875,NO1
2025-01-26,13,40.924,NO1
2025-01-26,14,40.877,NO1
2025-01-26,15,41.241,NO1
2025-01-26,16,41.417,NO1
2025-01-26,17,44.307,NO1
2025-01-26,18,45.012,NO1
2025-01-26,19,44.918,NO1
2025-01-26,20,43.779,NO1
2025-01-26,21,41.758,NO1
2025-01-26,22,41.311,NO1
2025-01-26,23,41.065,NO1
2025-01-26,24,35.695,NO1
2025-01-27,1,45.124,NO1
2025-01-27,2,39.137,NO1
2025-01-27,3,34.011,NO1
2025-01-27,4,18.151,NO1
2025-01-27,5,18.813,NO1
2025-01-27,6,34.401,NO1
2025-01-27,7,39.467,NO1
2025-01-27,8,46.506,NO1
2025-01-27,9,56.272000000000006,NO1
2025-01-27,10,44.664,NO1
2025-01-27,11,43.719,NO1
2025-01-27,12,43.542,NO1
2025-01-27,13,42.219,NO1
2025-01-27,14,42.739,NO1
2025-01-27,15,43.364,NO1
2025-01-27,16,43.176,NO1
2025-01-27,17,43.223,NO1
2025-01-27,18,44.286,NO1
2025-01-27,19,44.238,NO1
2025-01-27,20,43.034,NO1
2025-01-27,21,43.128,NO1
2025-01-27,22,41.711,NO1
2025-01-27,23,40.648,NO1
2025-01-27,24,39.456,NO1
2025-01-28,1,40.895,NO1
2025-01-28,2,40.589,NO1
2025-01-28,3,41.237,NO1
2025-01-28,4,41.602,NO1
2025-01-28,5,41.873000000000005,NO1
2025-01-28,6,42.367,NO1
2025-01-28,7,46.384,NO1
2025-01-28,8,114.935,NO1
2025-01-28,9,124.44,NO1
2025-01-28,10,121.931,NO1
2025-01-28,11,121.613,NO1
2025-01-28,12,121.601,NO1
2025-01-28,13,118.15,NO1
2025-01-28,14,121.613,NO1
2025-01-28,15,128.904,NO1
2025-01-28,16,124.334,NO1
2025-01-28,17,148.998,NO1
2025-01-28,18,147.95,NO1
2025-01-28,19,137.82,NO1
2025-01-28,20,123.768,NO1
2025-01-28,21,88.775,NO1
2025-01-28,22,68.574,NO1
2025-01-28,23,52.120000000000005,NO1
2025-01-28,24,44.181,NO1
2025-01-29,1,44.935,NO1
2025-01-29,2,43.781,NO1
2025-01-29,3,43.675,NO1
2025-01-29,4,43.722,NO1
2025-01-29,5,43.604,NO1
2025-01-29,6,44.817,NO1
2025-01-29,7,64.888,NO1
2025-01-29,8,155.123,NO1
2025-01-29,9,157.31400000000002,NO1
2025-01-29,10,142.967,NO1
2025-01-29,11,115.594,NO1
2025-01-29,12,98.115,NO1
2025-01-29,13,93.639,NO1
2025-01-29,14,94.169,NO1
2025-01-29,15,96.501,NO1
2025-01-29,16,112.803,NO1
2025-01-29,17,145.3,NO1
2025-01-29,18,153.238,NO1
2025-01-29,19,138.621,NO1
2025-01-29,20,125.264,NO1
2025-01-29,21,105.582,NO1
2025-01-29,22,63.133,NO1
2025-01-29,23,49.953,NO1
2025-01-29,24,44.075,NO1
2025-01-30,1,51.70399999999999,NO1
2025-01-30,2,48.893,NO1
2025-01-30,3,46.94,NO1
2025-01-30,4,45.199,NO1
2025-01-30,5,45.493,NO1
2025-01-30,6,52.42100000000001,NO1
2025-01-30,7,64.03,NO1
2025-01-30,8,83.495,NO1
2025-01-30,9,118.215,NO1
2025-01-30,10,119.191,NO1
2025-01-30,11,104.019,NO1
2025-01-30,12,78.837,NO1
2025-01-30,13,95.503,NO1
2025-01-30,14,86.694,NO1
2025-01-30,15,100.537,NO1
2025-01-30,16,75.932,NO1
2025-01-30,17,89.846,NO1
2025-01-30,18,122.731,NO1
2025-01-30,19,92.257,NO1
2025-01-30,20,83.671,NO1
2025-01-30,21,70.78099999999999,NO1
2025-01-30,22,64.3,NO1
2025-01-30,23,61.913,NO1
2025-01-30,24,59.831,NO1
2025-01-31,1,52.489,NO1
2025-01-31,2,49.696,NO1
2025-01-31,3,49.895,NO1
2025-01-31,4,49.919,NO1
2025-01-31,5,49.074,NO1
2025-01-31,6,51.527,NO1
2025-01-31,7,99.368,NO1
2025-01-31,8,166.975,NO1
2025-01-31,9,177.409,NO1
2025-01-31,10,167.022,NO1
2025-01-31,11,140.12,NO1
2025-01-31,12,136.305,NO1
2025-01-31,13,129.674,NO1
2025-01-31,14,127.702,NO1
2025-01-31,15,125.976,NO1
2025-01-31,16,158.489,NO1
2025-01-31,17,178.114,NO1
2025-01-31,18,161.78699999999998,NO1
2025-01-31,19,193.959,NO1
2025-01-31,20,118.371,NO1
2025-01-31,21,78.523,NO1
2025-01-31,22,63.94500000000001,NO1
2025-01-31,23,50.799,NO1
2025-01-31,24,48.98,NO1
2025-02-01,1,49.062,NO1
2025-02-01,2,48.745,NO1
2025-02-01,3,48.71,NO1
2025-02-01,4,48.428,NO1
2025-02-01,5,48.98,NO1
2025-02-01,6,50.517,NO1
2025-02-01,7,52.172,NO1
2025-02-01,8,58.733,NO1
2025-02-01,9,76.91499999999999,NO1
2025-02-01,10,144.099,NO1
2025-02-01,11,135.81199999999998,NO1
2025-02-01,12,126.763,NO1
2025-02-01,13,116.986,NO1
2025-02-01,14,109.849,NO1
2025-02-01,15,114.943,NO1
2025-02-01,16,137.491,NO1
2025-02-01,17,162.327,NO1
2025-02-01,18,178.26600000000002,NO1
2025-02-01,19,177.98399999999998,NO1
2025-02-01,20,172.797,NO1
2025-02-01,21,166.893,NO1
2025-02-01,22,154.96800000000002,NO1
2025-02-01,23,94.368,NO1
2025-02-01,24,65.694,NO1
2025-02-02,1,59.05,NO1
2025-02-02,2,57.924,NO1
2025-02-02,3,57.947,NO1
2025-02-02,4,58.769000000000005,NO1
2025-02-02,5,58.264,NO1
2025-02-02,6,60.964,NO1
2025-02-02,7,82.161,NO1
2025-02-02,8,140.754,NO1
2025-02-02,9,148.817,NO1
2025-02-02,10,149.169,NO1
2025-02-02,11,140.871,NO1
2025-02-02,12,139.991,NO1
2025-02-02,13,132.33800000000002,NO1
2025-02-02,14,121.117,NO1
2025-02-02,15,124.92,NO1
2025-02-02,16,138.653,NO1
2025-02-02,17,164.041,NO1
2025-02-02,18,181.224,NO1
2025-02-02,19,192.116,NO1
2025-02-02,20,196.846,NO1
2025-02-02,21,179.956,NO1
2025-02-02,22,153.40699999999998,NO1
2025-02-02,23,95.06,NO1
2025-02-02,24,69.80199999999999,NO1
2025-02-03,1,79.22,NO1
2025-02-03,2,63.887,NO1
2025-02-03,3,63.80499999999999,NO1
2025-02-03,4,62.69199999999999,NO1
2025-02-03,5,65.55,NO1
2025-02-03,6,86.003,NO1
2025-02-03,7,187.116,NO1
2025-02-03,8,256.86,NO1
2025-02-03,9,291.51,NO1
2025-02-03,10,230.305,NO1
2025-02-03,11,170.483,NO1
2025-02-03,12,146.68,NO1
2025-02-03,13,137.637,NO1
2025-02-03,14,135.74,NO1
2025-02-03,15,144.408,NO1
2025-02-03,16,162.693,NO1
2025-02-03,17,194.613,NO1
2025-02-03,18,249.879,NO1
2025-02-03,19,218.861,NO1
2025-02-03,20,225.186,NO1
2025-02-03,21,181.341,NO1
2025-02-03,22,150.616,NO1
2025-02-03,23,118.544,NO1
2025-02-03,24,65.97200000000001,NO1
2025-02-04,1,67.079,NO1
2025-02-04,2,60.117,NO1
2025-02-04,3,59.16799999999999,NO1
2025-02-04,4,57.128,NO1
2025-02-04,5,56.319,NO1
2025-02-04,6,58.394000000000005,NO1
2025-02-04,7,90.158,NO1
2025-02-04,8,166.661,NO1
2025-02-04,9,208.798,NO1
2025-02-04,10,156.171,NO1
2025-02-04,11,145.411,NO1
2025-02-04,12,114.983,NO1
2025-02-04,13,97.214,NO1
2025-02-04,14,77.863,NO1
2025-02-04,15,60.492,NO1
2025-02-04,16,59.566,NO1
2025-02-04,17,61.102,NO1
2025-02-04,18,64.817,NO1
2025-02-04,19,60.234,NO1
2025-02-04,20,56.835,NO1
2025-02-04,21,53.905,NO1
2025-02-04,22,52.03,NO1
2025-02-04,23,48.841,NO1
2025-02-04,24,47.177,NO1
2025-02-05,1,50.143,NO1
2025-02-05,2,49.174,NO1
2025-02-05,3,48.964,NO1
2025-02-05,4,49.186,NO1
2025-02-05,5,49.174,NO1
2025-02-05,6,48.498000000000005,NO1
2025-02-05,7,52.605,NO1
2025-02-05,8,54.227,NO1
2025-02-05,9,55.488,NO1
2025-02-05,10,55.55800000000001,NO1
2025-02-05,11,56.258,NO1
2025-02-05,12,56.024,NO1
2025-02-05,13,55.382000000000005,NO1
2025-02-05,14,55.896,NO1
2025-02-05,15,55.534000000000006,NO1
2025-02-05,16,55.95399999999999,NO1
2025-02-05,17,62.909000000000006,NO1
2025-02-05,18,68.114,NO1
2025-02-05,19,70.10900000000001,NO1
2025-02-05,20,63.679,NO1
2025-02-05,21,59.712,NO1
2025-02-05,22,61.124,NO1
2025-02-05,23,57.285,NO1
2025-02-05,24,55.826,NO1
2025-02-06,1,58.234,NO1
2025-02-06,2,57.663,NO1
2025-02-06,3,57.803,NO1
2025-02-06,4,58.048,NO1
2025-02-06,5,58.339,NO1
2025-02-06,6,61.755,NO1
2025-02-06,7,85.69,NO1
2025-02-06,8,172.38299999999998,NO1
2025-02-06,9,214.808,NO1
2025-02-06,10,189.847,NO1
2025-02-06,11,168.29000000000002,NO1
2025-02-06,12,131.216,NO1
2025-02-06,13,101.126,NO1
2025-02-06,14,85.45700000000001,NO1
2025-02-06,15,79.966,NO1
2025-02-06,16,102.828,NO1
2025-02-06,17,133.28,NO1
2025-02-06,18,183.82,NO1
2025-02-06,19,183.656,NO1
2025-02-06,20,175.286,NO1
2025-02-06,21,151.269,NO1
2025-02-06,22,118.788,NO1
2025-02-06,23,78.986,NO1
2025-02-06,24,69.82300000000001,NO1
2025-02-07,1,73.737,NO1
2025-02-07,2,68.32000000000001,NO1
2025-02-07,3,67.611,NO1
2025-02-07,4,66.46000000000001,NO1
2025-02-07,5,67.158,NO1
2025-02-07,6,69.959,NO1
2025-02-07,7,118.145,NO1
2025-02-07,8,152.404,NO1
2025-02-07,9,176.66500000000002,NO1
2025-02-07,10,161.715,NO1
2025-02-07,11,136.966,NO1
2025-02-07,12,99.626,NO1
2025-02-07,13,92.396,NO1
2025-02-07,14,96.453,NO1
2025-02-07,15,94.825,NO1
2025-02-07,16,87.85,NO1
2025-02-07,17,95.976,NO1
2025-02-07,18,99.905,NO1
2025-02-07,19,96.476,NO1
2025-02-07,20,79.864,NO1
2025-02-07,21,64.74,NO1
2025-02-07,22,62.357000000000006,NO1
2025-02-07,23,61.078,NO1
2025-02-07,24,59.009,NO1
2025-02-08,1,58.346,NO1
2025-02-08,2,57.834,NO1
2025-02-08,3,57.66,NO1
2025-02-08,4,57.323,NO1
2025-02-08,5,57.218,NO1
2025-02-08,6,57.416,NO1
2025-02-08,7,58.113,NO1
2025-02-08,8,58.904,NO1
2025-02-08,9,59.06699999999999,NO1
2025-02-08,10,61.322,NO1
2025-02-08,11,61.403,NO1
2025-02-08,12,60.659000000000006,NO1
2025-02-08,13,61.438,NO1
2025-02-08,14,60.59,NO1
2025-02-08,15,62.019000000000005,NO1
2025-02-08,16,64.565,NO1
2025-02-08,17,77.62,NO1
2025-02-08,18,105.532,NO1
2025-02-08,19,102.172,NO1
2025-02-08,20,85.467,NO1
2025-02-08,21,85.002,NO1
2025-02-08,22,69.262,NO1
2025-02-08,23,71.215,NO1
2025-02-08,24,67.158,NO1
2025-02-09,1,63.868,NO1
2025-02-09,2,63.333000000000006,NO1
2025-02-09,3,63.426,NO1
2025-02-09,4,63.67,NO1
2025-02-09,5,64.147,NO1
2025-02-09,6,67.681,NO1
2025-02-09,7,74.52799999999999,NO1
2025-02-09,8,88.22200000000001,NO1
2025-02-09,9,87.513,NO1
2025-02-09,10,124.388,NO1
2025-02-09,11,117.889,NO1
2025-02-09,12,111.356,NO1
2025-02-09,13,93.081,NO1
2025-02-09,14,88.908,NO1
2025-02-09,15,88.955,NO1
2025-02-09,16,105.729,NO1
2025-02-09,17,118.97,NO1
2025-02-09,18,118.959,NO1
2025-02-09,19,117.11,NO1
2025-02-09,20,102.602,NO1
2025-02-09,21,82.026,NO1
2025-02-09,22,76.737,NO1
2025-02-09,23,69.65700000000001,NO1
2025-02-09,24,66.449,NO1
2025-02-10,1,65.338,NO1
2025-02-10,2,64.03,NO1
2025-02-10,3,62.965,NO1
2025-02-10,4,62.722,NO1
2025-02-10,5,62.583000000000006,NO1
2025-02-10,6,63.845000000000006,NO1
2025-02-10,7,67.942,NO1
2025-02-10,8,110.617,NO1
2025-02-10,9,122.319,NO1
2025-02-10,10,115.814,NO1
2025-02-10,11,100.71,NO1
2025-02-10,12,77.132,NO1
2025-02-10,13,71.19500000000001,NO1
2025-02-10,14,65.616,NO1
2025-02-10,15,67.005,NO1
2025-02-10,16,66.322,NO1
2025-02-10,17,73.51,NO1
2025-02-10,18,76.172,NO1
2025-02-10,19,76.635,NO1
2025-02-10,20,69.62100000000001,NO1
2025-02-10,21,65.627,NO1
2025-02-10,22,63.521,NO1
2025-02-10,23,61.9,NO1
2025-02-10,24,60.847,NO1
2025-02-11,1,59.394000000000005,NO1
2025-02-11,2,59.047,NO1
2025-02-11,3,58.966,NO1
2025-02-11,4,58.479,NO1
2025-02-11,5,58.641,NO1
2025-02-11,6,59.359,NO1
2025-02-11,7,62.971,NO1
2025-02-11,8,67.821,NO1
2025-02-11,9,83.876,NO1
2025-02-11,10,72.25399999999999,NO1
2025-02-11,11,68.15700000000001,NO1
2025-02-11,12,67.404,NO1
2025-02-11,13,65.04299999999999,NO1
2025-02-11,14,63.434000000000005,NO1
2025-02-11,15,63.376,NO1
2025-02-11,16,64.325,NO1
2025-02-11,17,67.89,NO1
2025-02-11,18,80.22999999999999,NO1
2025-02-11,19,88.61,NO1
2025-02-11,20,71.768,NO1
2025-02-11,21,66.00399999999999,NO1
2025-02-11,22,65.402,NO1
2025-02-11,23,64.059,NO1
2025-02-11,24,63.306,NO1
2025-02-12,1,67.686,NO1
2025-02-12,2,67.01,NO1
2025-02-12,3,66.625,NO1
2025-02-12,4,66.182,NO1
2025-02-12,5,66.31,NO1
2025-02-12,6,67.989,NO1
2025-02-12,7,98.754,NO1
2025-02-12,8,156.51600000000002,NO1
2025-02-12,9,174.708,NO1
2025-02-12,10,167.14,NO1
2025-02-12,11,131.862,NO1
2025-02-12,12,116.107,NO1
2025-02-12,13,113.11,NO1
2025-02-12,14,119.197,NO1
2025-02-12,15,133.168,NO1
2025-02-12,16,141.43699999999998,NO1
2025-02-12,17,181.566,NO1
2025-02-12,18,199.234,NO1
2025-02-12,19,207.794,NO1
2025-02-12,20,206.371,NO1
2025-02-12,21,183.991,NO1
2025-02-12,22,164.807,NO1
2025-02-12,23,157.379,NO1
2025-02-12,24,101.949,NO1
2025-02-13,1,121.034,NO1
2025-02-13,2,97.055,NO1
2025-02-13,3,80.678,NO1
2025-02-13,4,80.35,NO1
2025-02-13,5,80.443,NO1
2025-02-13,6,103.931,NO1
2025-02-13,7,145.26,NO1
2025-02-13,8,212.618,NO1
2025-02-13,9,233.447,NO1
2025-02-13,10,241.92800000000005,NO1
2025-02-13,11,221.521,NO1
2025-02-13,12,199.182,NO1
2025-02-13,13,188.51,NO1
2025-02-13,14,143.56099999999998,NO1
2025-02-13,15,141.581,NO1
2025-02-13,16,145.26,NO1
2025-02-13,17,153.624,NO1
2025-02-13,18,204.441,NO1
2025-02-13,19,215.313,NO1
2025-02-13,20,192.95,NO1
2025-02-13,21,168.009,NO1
2025-02-13,22,149.477,NO1
2025-02-13,23,128.801,NO1
2025-02-13,24,119.66400000000002,NO1
2025-02-14,1,143.616,NO1
2025-02-14,2,137.546,NO1
2025-02-14,3,143.605,NO1
2025-02-14,4,141.309,NO1
2025-02-14,5,117.727,NO1
2025-02-14,6,112.449,NO1
2025-02-14,7,168.772,NO1
2025-02-14,8,238.028,NO1
2025-02-14,9,284.937,NO1
2025-02-14,10,240.848,NO1
2025-02-14,11,203.412,NO1
2025-02-14,12,183.465,NO1
2025-02-14,13,168.958,NO1
2025-02-14,14,169.18,NO1
2025-02-14,15,169.576,NO1
2025-02-14,16,156.538,NO1
2025-02-14,17,195.85,NO1
2025-02-14,18,281.908,NO1
2025-02-14,19,261.39,NO1
2025-02-14,20,210.356,NO1
2025-02-14,21,171.207,NO1
2025-02-14,22,152.809,NO1
2025-02-14,23,137.464,NO1
2025-02-14,24,102.323,NO1
2025-02-15,1,114.231,NO1
2025-02-15,2,110.083,NO1
2025-02-15,3,100.191,NO1
2025-02-15,4,97.803,NO1
2025-02-15,5,102.51,NO1
2025-02-15,6,109.699,NO1
2025-02-15,7,123.646,NO1
2025-02-15,8,141.531,NO1
2025-02-15,9,146.215,NO1
2025-02-15,10,132.885,NO1
2025-02-15,11,121.16400000000002,NO1
2025-02-15,12,111.656,NO1
2025-02-15,13,102.766,NO1
2025-02-15,14,99.003,NO1
2025-02-15,15,96.579,NO1
2025-02-15,16,110.619,NO1
2025-02-15,17,111.167,NO1
2025-02-15,18,148.44,NO1
2025-02-15,19,165.078,NO1
2025-02-15,20,155.198,NO1
2025-02-15,21,138.14,NO1
2025-02-15,22,118.426,NO1
2025-02-15,23,108.837,NO1
2025-02-15,24,104.083,NO1
2025-02-16,1,120.849,NO1
2025-02-16,2,119.23,NO1
2025-02-16,3,115.082,NO1
2025-02-16,4,111.668,NO1
2025-02-16,5,111.365,NO1
2025-02-16,6,111.796,NO1
2025-02-16,7,112.6,NO1
2025-02-16,8,140.634,NO1
2025-02-16,9,142.801,NO1
2025-02-16,10,144.001,NO1
2025-02-16,11,140.587,NO1
2025-02-16,12,136.509,NO1
2025-02-16,13,138.094,NO1
2025-02-16,14,130.28699999999998,NO1
2025-02-16,15,129.355,NO1
2025-02-16,16,142.638,NO1
2025-02-16,17,145.935,NO1
2025-02-16,18,163.529,NO1
2025-02-16,19,183.197,NO1
2025-02-16,20,177.184,NO1
2025-02-16,21,169.226,NO1
2025-02-16,22,153.43900000000002,NO1
2025-02-16,23,151.551,NO1
2025-02-16,24,114.033,NO1
2025-02-17,1,119.116,NO1
2025-02-17,2,119.116,NO1
2025-02-17,3,125.263,NO1
2025-02-17,4,128.115,NO1
2025-02-17,5,122.306,NO1
2025-02-17,6,112.282,NO1
2025-02-17,7,112.608,NO1
2025-02-17,8,190.502,NO1
2025-02-17,9,206.113,NO1
2025-02-17,10,174.134,NO1
2025-02-17,11,142.573,NO1
2025-02-17,12,120.431,NO1
2025-02-17,13,116.997,NO1
2025-02-17,14,113.959,NO1
2025-02-17,15,116.683,NO1
2025-02-17,16,111.351,NO1
2025-02-17,17,109.919,NO1
2025-02-17,18,127.23,NO1
2025-02-17,19,164.972,NO1
2025-02-17,20,153.237,NO1
2025-02-17,21,141.316,NO1
2025-02-17,22,130.94400000000002,NO1
2025-02-17,23,112.271,NO1
2025-02-17,24,125.74,NO1
2025-02-18,1,119.307,NO1
2025-02-18,2,100.419,NO1
2025-02-18,3,96.991,NO1
2025-02-18,4,104.919,NO1
2025-02-18,5,99.871,NO1
2025-02-18,6,110.003,NO1
2025-02-18,7,134.102,NO1
2025-02-18,8,185.098,NO1
2025-02-18,9,207.903,NO1
2025-02-18,10,150.58800000000002,NO1
2025-02-18,11,129.345,NO1
2025-02-18,12,114.235,NO1
2025-02-18,13,100.524,NO1
2025-02-18,14,92.421,NO1
2025-02-18,15,102.623,NO1
2025-02-18,16,114.725,NO1
2025-02-18,17,133.06400000000002,NO1
2025-02-18,18,184.084,NO1
2025-02-18,19,181.064,NO1
2025-02-18,20,162.177,NO1
2025-02-18,21,148.279,NO1
2025-02-18,22,134.825,NO1
2025-02-18,23,126.99,NO1
2025-02-18,24,119.19,NO1
2025-02-19,1,98.149,NO1
2025-02-19,2,104.056,NO1
2025-02-19,3,104.533,NO1
2025-02-19,4,102.114,NO1
2025-02-19,5,99.323,NO1
2025-02-19,6,97.591,NO1
2025-02-19,7,111.627,NO1
2025-02-19,8,207.787,NO1
2025-02-19,9,232.092,NO1
2025-02-19,10,166.71300000000002,NO1
2025-02-19,11,142.083,NO1
2025-02-19,12,92.392,NO1
2025-02-19,13,84.392,NO1
2025-02-19,14,86.124,NO1
2025-02-19,15,89.625,NO1
2025-02-19,16,101.928,NO1
2025-02-19,17,107.417,NO1
2025-02-19,18,125.791,NO1
2025-02-19,19,139.397,NO1
2025-02-19,20,134.071,NO1
2025-02-19,21,112.406,NO1
2025-02-19,22,94.23,NO1
2025-02-19,23,85.578,NO1
2025-02-19,24,79.798,NO1
2025-02-20,1,71.535,NO1
2025-02-20,2,69.387,NO1
2025-02-20,3,68.737,NO1
2025-02-20,4,67.437,NO1
2025-02-20,5,66.54299999999999,NO1
2025-02-20,6,67.413,NO1
2025-02-20,7,72.26599999999999,NO1
2025-02-20,8,102.496,NO1
2025-02-20,9,106.594,NO1
2025-02-20,10,74.17,NO1
2025-02-20,11,72.591,NO1
2025-02-20,12,70.664,NO1
2025-02-20,13,70.768,NO1
2025-02-20,14,70.409,NO1
2025-02-20,15,70.362,NO1
2025-02-20,16,71.89500000000001,NO1
2025-02-20,17,70.72200000000001,NO1
2025-02-20,18,69.666,NO1
2025-02-20,19,69.47999999999999,NO1
2025-02-20,20,66.87899999999999,NO1
2025-02-20,21,63.559000000000005,NO1
2025-02-20,22,61.795,NO1
2025-02-20,23,60.20399999999999,NO1
2025-02-20,24,59.554,NO1
2025-02-21,1,57.11,NO1
2025-02-21,2,57.657,NO1
2025-02-21,3,57.25,NO1
2025-02-21,4,56.79600000000001,NO1
2025-02-21,5,57.66799999999999,NO1
2025-02-21,6,60.587,NO1
2025-02-21,7,65.971,NO1
2025-02-21,8,94.055,NO1
2025-02-21,9,145.851,NO1
2025-02-21,10,111.906,NO1
2025-02-21,11,88.811,NO1
2025-02-21,12,74.286,NO1
2025-02-21,13,71.36699999999999,NO1
2025-02-21,14,69.414,NO1
2025-02-21,15,69.37899999999999,NO1
2025-02-21,16,72.623,NO1
2025-02-21,17,75.798,NO1
2025-02-21,18,79.821,NO1
2025-02-21,19,76.37899999999999,NO1
2025-02-21,20,65.85499999999999,NO1
2025-02-21,21,62.017,NO1
2025-02-21,22,59.843,NO1
2025-02-21,23,57.726,NO1
2025-02-21,24,56.401,NO1
2025-02-22,1,57.122,NO1
2025-02-22,2,55.587,NO1
2025-02-22,3,53.679,NO1
2025-02-22,4,47.586,NO1
2025-02-22,5,45.586,NO1
2025-02-22,6,54.412,NO1
2025-02-22,7,56.04,NO1
2025-02-22,8,58.238,NO1
2025-02-22,9,59.80800000000001,NO1
2025-02-22,10,60.17999999999999,NO1
2025-02-22,11,59.587,NO1
2025-02-22,12,56.703,NO1
2025-02-22,13,56.436,NO1
2025-02-22,14,59.413,NO1
2025-02-22,15,60.017,NO1
2025-02-22,16,60.541,NO1
2025-02-22,17,61.913,NO1
2025-02-22,18,62.855,NO1
2025-02-22,19,62.436,NO1
2025-02-22,20,61.17999999999999,NO1
2025-02-22,21,59.82000000000001,NO1
2025-02-22,22,59.924,NO1
2025-02-22,23,59.203,NO1
2025-02-22,24,58.436,NO1
2025-02-23,1,56.15599999999999,NO1
2025-02-23,2,56.622,NO1
2025-02-23,3,56.447,NO1
2025-02-23,4,56.65599999999999,NO1
2025-02-23,5,56.761,NO1
2025-02-23,6,56.99400000000001,NO1
2025-02-23,7,57.878,NO1
2025-02-23,8,58.447,NO1
2025-02-23,9,58.11,NO1
2025-02-23,10,58.971,NO1
2025-02-23,11,58.401,NO1
2025-02-23,12,57.657,NO1
2025-02-23,13,56.587,NO1
2025-02-23,14,55.412,NO1
2025-02-23,15,55.435,NO1
2025-02-23,16,55.866,NO1
2025-02-23,17,58.145,NO1
2025-02-23,18,62.529,NO1
2025-02-23,19,62.343,NO1
2025-02-23,20,60.762,NO1
2025-02-23,21,58.145,NO1
2025-02-23,22,58.447,NO1
2025-02-23,23,57.819,NO1
2025-02-23,24,56.470000000000006,NO1
2025-02-24,1,47.182,NO1
2025-02-24,2,42.4,NO1
2025-02-24,3,35.197,NO1
2025-02-24,4,30.532,NO1
2025-02-24,5,32.649,NO1
2025-02-24,6,41.05,NO1
2025-02-24,7,43.598,NO1
2025-02-24,8,55.478,NO1
2025-02-24,9,58.41,NO1
2025-02-24,10,58.178,NO1
2025-02-24,11,57.81699999999999,NO1
2025-02-24,12,55.978,NO1
2025-02-24,13,56.677,NO1
2025-02-24,14,56.909000000000006,NO1
2025-02-24,15,57.072,NO1
2025-02-24,16,56.339,NO1
2025-02-24,17,58.189,NO1
2025-02-24,18,58.084,NO1
2025-02-24,19,58.271,NO1
2025-02-24,20,58.189,NO1
2025-02-24,21,55.327,NO1
2025-02-24,22,55.746,NO1
2025-02-24,23,55.397000000000006,NO1
2025-02-24,24,55.187,NO1
2025-02-25,1,45.291,NO1
2025-02-25,2,50.143,NO1
2025-02-25,3,45.909,NO1
2025-02-25,4,43.086,NO1
2025-02-25,5,41.010000000000005,NO1
2025-02-25,6,54.54,NO1
2025-02-25,7,57.491,NO1
2025-02-25,8,60.010000000000005,NO1
2025-02-25,9,61.44500000000001,NO1
2025-02-25,10,62.658,NO1
2025-02-25,11,62.203,NO1
2025-02-25,12,61.083000000000006,NO1
2025-02-25,13,60.36,NO1
2025-02-25,14,60.08,NO1
2025-02-25,15,60.220000000000006,NO1
2025-02-25,16,61.06,NO1
2025-02-25,17,65.096,NO1
2025-02-25,18,64.967,NO1
2025-02-25,19,64.816,NO1
2025-02-25,20,61.970000000000006,NO1
2025-02-25,21,62.635000000000005,NO1
2025-02-25,22,60.29,NO1
2025-02-25,23,58.459,NO1
2025-02-25,24,58.202,NO1
2025-02-26,1,50.125,NO1
2025-02-26,2,48.266000000000005,NO1
2025-02-26,3,47.331,NO1
2025-02-26,4,47.53,NO1
2025-02-26,5,48.278,NO1
2025-02-26,6,53.947,NO1
2025-02-26,7,60.4,NO1
2025-02-26,8,68.97999999999999,NO1
2025-02-26,9,84.971,NO1
2025-02-26,10,79.652,NO1
2025-02-26,11,65.74199999999999,NO1
2025-02-26,12,67.413,NO1
2025-02-26,13,63.334,NO1
2025-02-26,14,61.732000000000006,NO1
2025-02-26,15,61.089,NO1
2025-02-26,16,64.07000000000001,NO1
2025-02-26,17,67.565,NO1
2025-02-26,18,86.22200000000001,NO1
2025-02-26,19,93.995,NO1
2025-02-26,20,70.71000000000001,NO1
2025-02-26,21,62.738,NO1
2025-02-26,22,61.382000000000005,NO1
2025-02-26,23,60.154,NO1
2025-02-26,24,59.254,NO1
2025-02-27,1,54.786,NO1
2025-02-27,2,53.19500000000001,NO1
2025-02-27,3,53.663,NO1
2025-02-27,4,53.534000000000006,NO1
2025-02-27,5,54.272000000000006,NO1
2025-02-27,6,55.395,NO1
2025-02-27,7,59.057,NO1
2025-02-27,8,114.136,NO1
2025-02-27,9,122.842,NO1
2025-02-27,10,111.773,NO1
2025-02-27,11,102.926,NO1
2025-02-27,12,91.681,NO1
2025-02-27,13,86.474,NO1
2025-02-27,14,68.04400000000001,NO1
2025-02-27,15,67.834,NO1
2025-02-27,16,63.27,NO1
2025-02-27,17,66.25399999999999,NO1
2025-02-27,18,115.225,NO1
2025-02-27,19,130.565,NO1
2025-02-27,20,88.651,NO1
2025-02-27,21,63.036,NO1
2025-02-27,22,59.104,NO1
2025-02-27,23,57.443,NO1
2025-02-27,24,56.565,NO1
2025-02-28,1,53.675,NO1
2025-02-28,2,52.584,NO1
2025-02-28,3,52.385000000000005,NO1
2025-02-28,4,52.326,NO1
2025-02-28,5,52.479,NO1
2025-02-28,6,53.792,NO1
2025-02-28,7,55.093,NO1
2025-02-28,8,113.833,NO1
2025-02-28,9,152.26600000000002,NO1
2025-02-28,10,132.182,NO1
2025-02-28,11,116.037,NO1
2025-02-28,12,70.019,NO1
2025-02-28,13,57.38,NO1
2025-02-28,14,54.929,NO1
2025-02-28,15,54.495000000000005,NO1
2025-02-28,16,54.30800000000001,NO1
2025-02-28,17,55.07000000000001,NO1
2025-02-28,18,90.419,NO1
2025-02-28,19,122.615,NO1
2025-02-28,20,61.601,NO1
2025-02-28,21,54.578,NO1
2025-02-28,22,53.71,NO1
2025-02-28,23,53.346,NO1
2025-02-28,24,52.573,NO1
2025-03-01,1,50.744,NO1
2025-03-01,2,50.521,NO1
2025-03-01,3,50.65,NO1
2025-03-01,4,50.392,NO1
2025-03-01,5,50.415,NO1
2025-03-01,6,50.697,NO1
2025-03-01,7,51.424,NO1
2025-03-01,8,51.435,NO1
2025-03-01,9,51.998000000000005,NO1
2025-03-01,10,52.479,NO1
2025-03-01,11,53.464,NO1
2025-03-01,12,51.998000000000005,NO1
2025-03-01,13,51.916,NO1
2025-03-01,14,51.88099999999999,NO1
2025-03-01,15,55.527,NO1
2025-03-01,16,49.184,NO1
2025-03-01,17,49.243,NO1
2025-03-01,18,51.166,NO1
2025-03-01,19,51.142,NO1
2025-03-01,20,47.238,NO1
2025-03-01,21,46.007,NO1
2025-03-01,22,43.275,NO1
2025-03-01,23,40.743,NO1
2025-03-01,24,35.232,NO1
2025-03-02,1,37.507,NO1
2025-03-02,2,34.599000000000004,NO1
2025-03-02,3,34.646,NO1
2025-03-02,4,35.021,NO1
2025-03-02,5,34.833,NO1
2025-03-02,6,37.448,NO1
2025-03-02,7,39.898,NO1
2025-03-02,8,40.883,NO1
2025-03-02,9,42.056,NO1
2025-03-02,10,42.161,NO1
2025-03-02,11,43.861,NO1
2025-03-02,12,44.037,NO1
2025-03-02,13,38.632,NO1
2025-03-02,14,33.11,NO1
2025-03-02,15,36.674,NO1
2025-03-02,16,42.9,NO1
2025-03-02,17,42.466,NO1
2025-03-02,18,41.036,NO1
2025-03-02,19,40.297,NO1
2025-03-02,20,41.95,NO1
2025-03-02,21,41.516000000000005,NO1
2025-03-02,22,45.139,NO1
2025-03-02,23,40.59,NO1
2025-03-02,24,46.37,NO1
2025-03-03,1,41.716,NO1
2025-03-03,2,41.272000000000006,NO1
2025-03-03,3,40.886,NO1
2025-03-03,4,42.09,NO1
2025-03-03,5,42.605,NO1
2025-03-03,6,43.295,NO1
2025-03-03,7,46.008,NO1
2025-03-03,8,48.371,NO1
2025-03-03,9,49.271,NO1
2025-03-03,10,47.599,NO1
2025-03-03,11,44.827,NO1
2025-03-03,12,41.213,NO1
2025-03-03,13,34.874,NO1
2025-03-03,14,40.172,NO1
2025-03-03,15,44.336,NO1
2025-03-03,16,45.225,NO1
2025-03-03,17,46.78,NO1
2025-03-03,18,46.932,NO1
2025-03-03,19,48.055,NO1
2025-03-03,20,46.967,NO1
2025-03-03,21,46.733,NO1
2025-03-03,22,46.02,NO1
2025-03-03,23,43.435,NO1
2025-03-03,24,42.886,NO1
2025-03-04,1,43.383,NO1
2025-03-04,2,40.088,NO1
2025-03-04,3,37.738,NO1
2025-03-04,4,34.373000000000005,NO1
2025-03-04,5,32.72,NO1
2025-03-04,6,37.679,NO1
2025-03-04,7,42.403,NO1
2025-03-04,8,48.566,NO1
2025-03-04,9,47.858,NO1
2025-03-04,10,45.154,NO1
2025-03-04,11,43.418,NO1
2025-03-04,12,41.552,NO1
2025-03-04,13,36.097,NO1
2025-03-04,14,30.465,NO1
2025-03-04,15,39.852,NO1
2025-03-04,16,42.757,NO1
2025-03-04,17,43.855,NO1
2025-03-04,18,45.118,NO1
2025-03-04,19,45.496,NO1
2025-03-04,20,44.54,NO1
2025-03-04,21,43.253,NO1
2025-03-04,22,41.859,NO1
2025-03-04,23,37.172,NO1
2025-03-04,24,34.267,NO1
2025-03-05,1,25.909,NO1
2025-03-05,2,25.519,NO1
2025-03-05,3,23.77,NO1
2025-03-05,4,21.938,NO1
2025-03-05,5,23.096,NO1
2025-03-05,6,23.593,NO1
2025-03-05,7,29.857,NO1
2025-03-05,8,43.675,NO1
2025-03-05,9,43.722,NO1
2025-03-05,10,30.897,NO1
2025-03-05,11,11.915,NO1
2025-03-05,12,6.678,NO1
2025-03-05,13,4.669,NO1
2025-03-05,14,7.351999999999999,NO1
2025-03-05,15,17.021,NO1
2025-03-05,16,29.042,NO1
2025-03-05,17,35.578,NO1
2025-03-05,18,40.318,NO1
2025-03-05,19,40.637,NO1
2025-03-05,20,39.692,NO1
2025-03-05,21,39.325,NO1
2025-03-05,22,37.647000000000006,NO1
2025-03-05,23,35.105000000000004,NO1
2025-03-05,24,34.904,NO1
2025-03-06,1,33.684,NO1
2025-03-06,2,32.805,NO1
2025-03-06,3,27.099,NO1
2025-03-06,4,25.295,NO1
2025-03-06,5,20.046,NO1
2025-03-06,6,17.574,NO1
2025-03-06,7,40.842,NO1
2025-03-06,8,46.688,NO1
2025-03-06,9,46.618,NO1
2025-03-06,10,43.794,NO1
2025-03-06,11,42.166,NO1
2025-03-06,12,36.835,NO1
2025-03-06,13,28.341,NO1
2025-03-06,14,32.09,NO1
2025-03-06,15,38.358,NO1
2025-03-06,16,43.244,NO1
2025-03-06,17,43.677,NO1
2025-03-06,18,46.477,NO1
2025-03-06,19,46.536,NO1
2025-03-06,20,46.337,NO1
2025-03-06,21,46.583,NO1
2025-03-06,22,46.454,NO1
2025-03-06,23,39.694,NO1
2025-03-06,24,34.574,NO1
2025-03-07,1,25.823,NO1
2025-03-07,2,31.103,NO1
2025-03-07,3,35.265,NO1
2025-03-07,4,36.5,NO1
2025-03-07,5,42.074,NO1
2025-03-07,6,44.743,NO1
2025-03-07,7,45.884,NO1
2025-03-07,8,47.095,NO1
2025-03-07,9,48.941,NO1
2025-03-07,10,50.234,NO1
2025-03-07,11,46.942,NO1
2025-03-07,12,46.389,NO1
2025-03-07,13,37.323,NO1
2025-03-07,14,37.899,NO1
2025-03-07,15,45.707,NO1
2025-03-07,16,45.684,NO1
2025-03-07,17,46.601,NO1
2025-03-07,18,46.648,NO1
2025-03-07,19,47.036,NO1
2025-03-07,20,46.248000000000005,NO1
2025-03-07,21,45.625,NO1
2025-03-07,22,45.989,NO1
2025-03-07,23,45.249,NO1
2025-03-07,24,41.968,NO1
2025-03-08,1,3.704,NO1
2025-03-08,2,3.4810000000000003,NO1
2025-03-08,3,3.457,NO1
2025-03-08,4,3.434,NO1
2025-03-08,5,3.351,NO1
2025-03-08,6,5.245,NO1
2025-03-08,7,39.31,NO1
2025-03-08,8,45.519,NO1
2025-03-08,9,46.107,NO1
2025-03-08,10,45.072,NO1
2025-03-08,11,40.133,NO1
2025-03-08,12,37.535,NO1
2025-03-08,13,34.336,NO1
2025-03-08,14,35.971,NO1
2025-03-08,15,38.534,NO1
2025-03-08,16,45.013,NO1
2025-03-08,17,46.119,NO1
2025-03-08,18,48.2,NO1
2025-03-08,19,48.471,NO1
2025-03-08,20,48.506,NO1
2025-03-08,21,47.706,NO1
2025-03-08,22,46.589,NO1
2025-03-08,23,44.919,NO1
2025-03-08,24,44.814,NO1
2025-03-09,1,46.283,NO1
2025-03-09,2,45.707,NO1
2025-03-09,3,45.707,NO1
2025-03-09,4,45.084,NO1
2025-03-09,5,45.025,NO1
2025-03-09,6,44.743,NO1
2025-03-09,7,45.801,NO1
2025-03-09,8,45.954,NO1
2025-03-09,9,44.59,NO1
2025-03-09,10,42.168,NO1
2025-03-09,11,37.629000000000005,NO1
2025-03-09,12,34.007,NO1
2025-03-09,13,32.137,NO1
2025-03-09,14,33.477999999999994,NO1
2025-03-09,15,36.053,NO1
2025-03-09,16,43.391000000000005,NO1
2025-03-09,17,46.589,NO1
2025-03-09,18,43.626,NO1
2025-03-09,19,39.981,NO1
2025-03-09,20,40.404,NO1
2025-03-09,21,44.284,NO1
2025-03-09,22,47.647000000000006,NO1
2025-03-09,23,47.165,NO1
2025-03-09,24,46.93,NO1
2025-03-10,1,47.686,NO1
2025-03-10,2,47.662,NO1
2025-03-10,3,47.487,NO1
2025-03-10,4,47.662,NO1
2025-03-10,5,48.187,NO1
2025-03-10,6,48.864,NO1
2025-03-10,7,52.319,NO1
2025-03-10,8,59.496,NO1
2025-03-10,9,118.794,NO1
2025-03-10,10,67.362,NO1
2025-03-10,11,52.120000000000005,NO1
2025-03-10,12,56.193,NO1
2025-03-10,13,52.459,NO1
2025-03-10,14,51.572,NO1
2025-03-10,15,50.382,NO1
2025-03-10,16,52.576,NO1
2025-03-10,17,67.08200000000001,NO1
2025-03-10,18,74.89,NO1
2025-03-10,19,61.165,NO1
2025-03-10,20,52.949,NO1
2025-03-10,21,54.78099999999999,NO1
2025-03-10,22,50.918,NO1
2025-03-10,23,48.082,NO1
2025-03-10,24,47.102,NO1
2025-03-11,1,46.129000000000005,NO1
2025-03-11,2,45.931,NO1
2025-03-11,3,45.966,NO1
2025-03-11,4,46.117,NO1
2025-03-11,5,46.513,NO1
2025-03-11,6,47.63,NO1
2025-03-11,7,53.33,NO1
2025-03-11,8,81.31,NO1
2025-03-11,9,119.53900000000002,NO1
2025-03-11,10,103.147,NO1
2025-03-11,11,85.743,NO1
2025-03-11,12,82.66,NO1
2025-03-11,13,101.728,NO1
2025-03-11,14,101.646,NO1
2025-03-11,15,86.068,NO1
2025-03-11,16,87.976,NO1
2025-03-11,17,96.353,NO1
2025-03-11,18,99.517,NO1
2025-03-11,19,100.425,NO1
2025-03-11,20,85.708,NO1
2025-03-11,21,64.01,NO1
2025-03-11,22,61.823,NO1
2025-03-11,23,56.157,NO1
2025-03-11,24,58.624,NO1
2025-03-12,1,59.807,NO1
2025-03-12,2,59.691,NO1
2025-03-12,3,57.07899999999999,NO1
2025-03-12,4,56.684000000000005,NO1
2025-03-12,5,57.416,NO1
2025-03-12,6,60.422,NO1
2025-03-12,7,81.271,NO1
2025-03-12,8,111.476,NO1
2025-03-12,9,109.015,NO1
2025-03-12,10,114.332,NO1
2025-03-12,11,86.054,NO1
2025-03-12,12,84.475,NO1
2025-03-12,13,83.39500000000001,NO1
2025-03-12,14,79.611,NO1
2025-03-12,15,82.618,NO1
2025-03-12,16,84.34700000000001,NO1
2025-03-12,17,92.914,NO1
2025-03-12,18,95.933,NO1
2025-03-12,19,133.126,NO1
2025-03-12,20,134.577,NO1
2025-03-12,21,123.898,NO1
2025-03-12,22,104.604,NO1
2025-03-12,23,96.246,NO1
2025-03-12,24,86.39,NO1
2025-03-13,1,89.904,NO1
2025-03-13,2,85.613,NO1
2025-03-13,3,83.502,NO1
2025-03-13,4,82.076,NO1
2025-03-13,5,82.702,NO1
2025-03-13,6,100.469,NO1
2025-03-13,7,139.089,NO1
2025-03-13,8,183.658,NO1
2025-03-13,9,177.31400000000002,NO1
2025-03-13,10,142.614,NO1
2025-03-13,11,107.033,NO1
2025-03-13,12,105.584,NO1
2025-03-13,13,94.728,NO1
2025-03-13,14,92.316,NO1
2025-03-13,15,92.699,NO1
2025-03-13,16,87.086,NO1
2025-03-13,17,95.772,NO1
2025-03-13,18,109.388,NO1
2025-03-13,19,126.366,NO1
2025-03-13,20,131.203,NO1
2025-03-13,21,116.462,NO1
2025-03-13,22,107.857,NO1
2025-03-13,23,99.634,NO1
2025-03-13,24,92.328,NO1
2025-03-14,1,56.02,NO1
2025-03-14,2,57.217,NO1
2025-03-14,3,56.287,NO1
2025-03-14,4,55.706,NO1
2025-03-14,5,55.834,NO1
2025-03-14,6,58.70399999999999,NO1
2025-03-14,7,79.01599999999999,NO1
2025-03-14,8,99.63,NO1
2025-03-14,9,109.983,NO1
2025-03-14,10,114.387,NO1
2025-03-14,11,96.702,NO1
2025-03-14,12,87.208,NO1
2025-03-14,13,85.872,NO1
2025-03-14,14,84.872,NO1
2025-03-14,15,67.303,NO1
2025-03-14,16,63.701,NO1
2025-03-14,17,65.24600000000001,NO1
2025-03-14,18,78.505,NO1
2025-03-14,19,77.9,NO1
2025-03-14,20,76.67999999999999,NO1
2025-03-14,21,66.885,NO1
2025-03-14,22,63.306,NO1
2025-03-14,23,62.82899999999999,NO1
2025-03-14,24,59.285,NO1
2025-03-15,1,54.010000000000005,NO1
2025-03-15,2,52.917,NO1
2025-03-15,3,51.86,NO1
2025-03-15,4,51.384,NO1
2025-03-15,5,51.128,NO1
2025-03-15,6,51.314,NO1
2025-03-15,7,51.721,NO1
2025-03-15,8,52.673,NO1
2025-03-15,9,52.24400000000001,NO1
2025-03-15,10,51.535,NO1
2025-03-15,11,51.174,NO1
2025-03-15,12,50.814,NO1
2025-03-15,13,50.291,NO1
2025-03-15,14,50.012,NO1
2025-03-15,15,49.873000000000005,NO1
2025-03-15,16,50.198,NO1
2025-03-15,17,50.733,NO1
2025-03-15,18,51.302,NO1
2025-03-15,19,52.429,NO1
2025-03-15,20,51.477,NO1
2025-03-15,21,50.814,NO1
2025-03-15,22,50.442,NO1
2025-03-15,23,49.896,NO1
2025-03-15,24,49.524,NO1
2025-03-16,1,49.106,NO1
2025-03-16,2,48.165,NO1
2025-03-16,3,47.677,NO1
2025-03-16,4,46.956,NO1
2025-03-16,5,46.887,NO1
2025-03-16,6,49.234,NO1
2025-03-16,7,49.722,NO1
2025-03-16,8,50.268,NO1
2025-03-16,9,49.722,NO1
2025-03-16,10,47.003,NO1
2025-03-16,11,41.716,NO1
2025-03-16,12,38.846,NO1
2025-03-16,13,36.138,NO1
2025-03-16,14,39.357,NO1
2025-03-16,15,43.517,NO1
2025-03-16,16,47.805,NO1
2025-03-16,17,50.64,NO1
2025-03-16,18,51.779,NO1
2025-03-16,19,53.173,NO1
2025-03-16,20,52.116,NO1
2025-03-16,21,52.023,NO1
2025-03-16,22,51.953,NO1
2025-03-16,23,51.5,NO1
2025-03-16,24,51.25599999999999,NO1
2025-03-17,1,51.382000000000005,NO1
2025-03-17,2,51.405,NO1
2025-03-17,3,51.105,NO1
2025-03-17,4,51.578,NO1
2025-03-17,5,51.785,NO1
2025-03-17,6,53.341,NO1
2025-03-17,7,56.35,NO1
2025-03-17,8,64.75399999999999,NO1
2025-03-17,9,57.492,NO1
2025-03-17,10,54.402,NO1
2025-03-17,11,52.004,NO1
2025-03-17,12,50.713,NO1
2025-03-17,13,49.064,NO1
2025-03-17,14,49.491,NO1
2025-03-17,15,50.413,NO1
2025-03-17,16,51.07,NO1
2025-03-17,17,52.166,NO1
2025-03-17,18,57.48,NO1
2025-03-17,19,66.64500000000001,NO1
2025-03-17,20,66.161,NO1
2025-03-17,21,54.16,NO1
2025-03-17,22,52.327,NO1
2025-03-17,23,51.07,NO1
2025-03-17,24,50.402,NO1
2025-03-18,1,52.499,NO1
2025-03-18,2,52.222,NO1
2025-03-18,3,52.003,NO1
2025-03-18,4,52.037,NO1
2025-03-18,5,52.187,NO1
2025-03-18,6,52.694,NO1
2025-03-18,7,55.991,NO1
2025-03-18,8,58.539,NO1
2025-03-18,9,54.816,NO1
2025-03-18,10,53.32899999999999,NO1
2025-03-18,11,50.573,NO1
2025-03-18,12,47.599,NO1
2025-03-18,13,43.564,NO1
2025-03-18,14,45.582,NO1
2025-03-18,15,47.299,NO1
2025-03-18,16,51.853,NO1
2025-03-18,17,52.81,NO1
2025-03-18,18,53.778,NO1
2025-03-18,19,54.159000000000006,NO1
2025-03-18,20,53.755,NO1
2025-03-18,21,53.467,NO1
2025-03-18,22,53.133,NO1
2025-03-18,23,52.764,NO1
2025-03-18,24,52.268,NO1
2025-03-19,1,52.29,NO1
2025-03-19,2,51.98,NO1
2025-03-19,3,51.853,NO1
2025-03-19,4,51.876,NO1
2025-03-19,5,51.98,NO1
2025-03-19,6,52.624,NO1
2025-03-19,7,53.625,NO1
2025-03-19,8,55.201,NO1
2025-03-19,9,54.384,NO1
2025-03-19,10,52.935,NO1
2025-03-19,11,50.587,NO1
2025-03-19,12,46.595,NO1
2025-03-19,13,41.901,NO1
2025-03-19,14,45.56,NO1
2025-03-19,15,48.413,NO1
2025-03-19,16,52.24400000000001,NO1
2025-03-19,17,53.682,NO1
2025-03-19,18,60.94199999999999,NO1
2025-03-19,19,84.309,NO1
2025-03-19,20,64.624,NO1
2025-03-19,21,55.45399999999999,NO1
2025-03-19,22,54.269000000000005,NO1
2025-03-19,23,53.510000000000005,NO1
2025-03-19,24,53.061,NO1
2025-03-20,1,53.429,NO1
2025-03-20,2,53.176,NO1
2025-03-20,3,53.05,NO1
2025-03-20,4,52.992,NO1
2025-03-20,5,53.165,NO1
2025-03-20,6,54.257000000000005,NO1
2025-03-20,7,57.927,NO1
2025-03-20,8,60.032,NO1
2025-03-20,9,55.856,NO1
2025-03-20,10,53.993,NO1
2025-03-20,11,51.589,NO1
2025-03-20,12,49.576,NO1
2025-03-20,13,45.665,NO1
2025-03-20,14,46.976,NO1
2025-03-20,15,48.851,NO1
2025-03-20,16,52.601,NO1
2025-03-20,17,54.556,NO1
2025-03-20,18,63.252,NO1
2025-03-20,19,108.193,NO1
2025-03-20,20,85.533,NO1
2025-03-20,21,60.147000000000006,NO1
2025-03-20,22,57.88099999999999,NO1
2025-03-20,23,55.212,NO1
2025-03-20,24,54.154,NO1
2025-03-21,1,57.176,NO1
2025-03-21,2,57.016,NO1
2025-03-21,3,56.937,NO1
2025-03-21,4,56.686,NO1
2025-03-21,5,56.777,NO1
2025-03-21,6,59.513,NO1
2025-03-21,7,75.646,NO1
2025-03-21,8,108.013,NO1
2025-03-21,9,63.937,NO1
2025-03-21,10,57.678,NO1
2025-03-21,11,50.655,NO1
2025-03-21,12,48.260000000000005,NO1
2025-03-21,13,44.088,NO1
2025-03-21,14,33.53,NO1
2025-03-21,15,38.034,NO1
2025-03-21,16,42.697,NO1
2025-03-21,17,49.72,NO1
2025-03-21,18,54.713,NO1
2025-03-21,19,56.059000000000005,NO1
2025-03-21,20,55.261,NO1
2025-03-21,21,52.741,NO1
2025-03-21,22,49.264,NO1
2025-03-21,23,45.251,NO1
2025-03-21,24,31.387,NO1
2025-03-22,1,33.325,NO1
2025-03-22,2,22.380000000000003,NO1
2025-03-22,3,15.550999999999998,NO1
2025-03-22,4,11.515,NO1
2025-03-22,5,14.365,NO1
2025-03-22,6,16.246000000000002,NO1
2025-03-22,7,18.321,NO1
2025-03-22,8,22.027,NO1
2025-03-22,9,20.02,NO1
2025-03-22,10,20.921,NO1
2025-03-22,11,19.997,NO1
2025-03-22,12,19.667,NO1
2025-03-22,13,14.183000000000002,NO1
2025-03-22,14,13.761,NO1
2025-03-22,15,15.323,NO1
2025-03-22,16,16.463,NO1
2025-03-22,17,30.68,NO1
2025-03-22,18,40.952,NO1
2025-03-22,19,44.726,NO1
2025-03-22,20,47.531,NO1
2025-03-22,21,43.54,NO1
2025-03-22,22,39.972,NO1
2025-03-22,23,40.029,NO1
2025-03-22,24,38.478,NO1
2025-03-23,1,34.545,NO1
2025-03-23,2,28.445,NO1
2025-03-23,3,29.859,NO1
2025-03-23,4,31.193,NO1
2025-03-23,5,32.208,NO1
2025-03-23,6,32.345,NO1
2025-03-23,7,33.029,NO1
2025-03-23,8,33.006,NO1
2025-03-23,9,35.959,NO1
2025-03-23,10,40.2,NO1
2025-03-23,11,43.141000000000005,NO1
2025-03-23,12,38.729,NO1
2025-03-23,13,37.327,NO1
2025-03-23,14,41.408,NO1
2025-03-23,15,44.042,NO1
2025-03-23,16,45.889,NO1
2025-03-23,17,48.865,NO1
2025-03-23,18,53.06,NO1
2025-03-23,19,53.436,NO1
2025-03-23,20,53.767,NO1
2025-03-23,21,53.915,NO1
2025-03-23,22,53.847,NO1
2025-03-23,23,53.722,NO1
2025-03-23,24,53.402,NO1
2025-03-24,1,53.233,NO1
2025-03-24,2,53.29,NO1
2025-03-24,3,53.404,NO1
2025-03-24,4,53.745000000000005,NO1
2025-03-24,5,54.519000000000005,NO1
2025-03-24,6,56.146,NO1
2025-03-24,7,65.978,NO1
2025-03-24,8,80.225,NO1
2025-03-24,9,76.12899999999999,NO1
2025-03-24,10,61.961,NO1
2025-03-24,11,59.276,NO1
2025-03-24,12,57.649,NO1
2025-03-24,13,57.649,NO1
2025-03-24,14,57.307,NO1
2025-03-24,15,56.70399999999999,NO1
2025-03-24,16,56.977,NO1
2025-03-24,17,61.95,NO1
2025-03-24,18,72.84,NO1
2025-03-24,19,99.684,NO1
2025-03-24,20,89.944,NO1
2025-03-24,21,60.186,NO1
2025-03-24,22,55.589,NO1
2025-03-24,23,54.428,NO1
2025-03-24,24,53.461,NO1
2025-03-25,1,54.012,NO1
2025-03-25,2,52.870000000000005,NO1
2025-03-25,3,51.20700000000001,NO1
2025-03-25,4,51.818,NO1
2025-03-25,5,52.349,NO1
2025-03-25,6,54.532,NO1
2025-03-25,7,55.765,NO1
2025-03-25,8,57.879,NO1
2025-03-25,9,59.29299999999999,NO1
2025-03-25,10,57.74400000000001,NO1
2025-03-25,11,57.02,NO1
2025-03-25,12,56.127,NO1
2025-03-25,13,55.787,NO1
2025-03-25,14,55.346,NO1
2025-03-25,15,55.629,NO1
2025-03-25,16,55.95700000000001,NO1
2025-03-25,17,55.414,NO1
2025-03-25,18,56.907,NO1
2025-03-25,19,59.7,NO1
2025-03-25,20,56.455,NO1
2025-03-25,21,56.115,NO1
2025-03-25,22,55.98,NO1
2025-03-25,23,55.335,NO1
2025-03-25,24,54.973,NO1
2025-03-26,1,55.725,NO1
2025-03-26,2,55.384,NO1
2025-03-26,3,55.498000000000005,NO1
2025-03-26,4,55.509,NO1
2025-03-26,5,55.66799999999999,NO1
2025-03-26,6,55.929,NO1
2025-03-26,7,57.61,NO1
2025-03-26,8,61.38099999999999,NO1
2025-03-26,9,60.416,NO1
2025-03-26,10,57.497,NO1
2025-03-26,11,56.883,NO1
2025-03-26,12,56.702,NO1
2025-03-26,13,56.28099999999999,NO1
2025-03-26,14,56.236,NO1
2025-03-26,15,56.315,NO1
2025-03-26,16,56.66799999999999,NO1
2025-03-26,17,56.724,NO1
2025-03-26,18,62.154,NO1
2025-03-26,19,77.374,NO1
2025-03-26,20,80.077,NO1
2025-03-26,21,66.584,NO1
2025-03-26,22,59.712,NO1
2025-03-26,23,56.90599999999999,NO1
2025-03-26,24,55.986,NO1
2025-03-27,1,56.128,NO1
2025-03-27,2,55.629,NO1
2025-03-27,3,54.29,NO1
2025-03-27,4,53.235,NO1
2025-03-27,5,53.519000000000005,NO1
2025-03-27,6,55.651,NO1
2025-03-27,7,57.024,NO1
2025-03-27,8,59.519000000000005,NO1
2025-03-27,9,59.996,NO1
2025-03-27,10,57.353,NO1
2025-03-27,11,56.581,NO1
2025-03-27,12,54.74400000000001,NO1
2025-03-27,13,47.745,NO1
2025-03-27,14,45.385000000000005,NO1
2025-03-27,15,50.569,NO1
2025-03-27,16,55.39,NO1
2025-03-27,17,55.402,NO1
2025-03-27,18,56.218,NO1
2025-03-27,19,56.44500000000001,NO1
2025-03-27,20,56.06,NO1
2025-03-27,21,55.867,NO1
2025-03-27,22,55.481,NO1
2025-03-27,23,54.13099999999999,NO1
2025-03-27,24,52.759,NO1
2025-03-28,1,48.903,NO1
2025-03-28,2,43.888,NO1
2025-03-28,3,41.754000000000005,NO1
2025-03-28,4,40.647000000000006,NO1
2025-03-28,5,42.816,NO1
2025-03-28,6,49.581,NO1
2025-03-28,7,54.2,NO1
2025-03-28,8,55.44199999999999,NO1
2025-03-28,9,55.341,NO1
2025-03-28,10,51.32000000000001,NO1
2025-03-28,11,46.667,NO1
2025-03-28,12,47.288,NO1
2025-03-28,13,43.38,NO1
2025-03-28,14,44.001,NO1
2025-03-28,15,47.062,NO1
2025-03-28,16,48.282,NO1
2025-03-28,17,52.958000000000006,NO1
2025-03-28,18,55.623000000000005,NO1
2025-03-28,19,55.86,NO1
2025-03-28,20,55.612,NO1
2025-03-28,21,53.556,NO1
2025-03-28,22,48.496,NO1
2025-03-28,23,38.659,NO1
2025-03-28,24,36.807,NO1
2025-03-29,1,14.693,NO1
2025-03-29,2,11.0,NO1
2025-03-29,3,11.893,NO1
2025-03-29,4,31.634,NO1
2025-03-29,5,42.872,NO1
2025-03-29,6,46.0,NO1
2025-03-29,7,44.047,NO1
2025-03-29,8,42.07,NO1
2025-03-29,9,46.294,NO1
2025-03-29,10,49.592,NO1
2025-03-29,11,49.456,NO1
2025-03-29,12,50.631,NO1
2025-03-29,13,49.377,NO1
2025-03-29,14,39.281,NO1
2025-03-29,15,23.085,NO1
2025-03-29,16,38.354,NO1
2025-03-29,17,51.568,NO1
2025-03-29,18,55.476,NO1
2025-03-29,19,57.283,NO1
2025-03-29,20,56.99,NO1
2025-03-29,21,55.871,NO1
2025-03-29,22,55.544,NO1
2025-03-29,23,55.32899999999999,NO1
2025-03-29,24,51.117,NO1
2025-03-30,1,48.914,NO1
2025-03-30,2,34.063,NO1
2025-03-30,4,14.739,NO1
2025-03-30,5,4.6530000000000005,NO1
2025-03-30,6,17.641,NO1
2025-03-30,7,9.69,NO1
2025-03-30,8,8.391,NO1
2025-03-30,9,5.7490000000000006,NO1
2025-03-30,10,21.718,NO1
2025-03-30,11,17.359,NO1
2025-03-30,12,7.115,NO1
2025-03-30,13,4.167,NO1
2025-03-30,14,5.274,NO1
2025-03-30,15,4.947,NO1
2025-03-30,16,5.76,NO1
2025-03-30,17,22.215,NO1
2025-03-30,18,19.381,NO1
2025-03-30,19,41.054,NO1
2025-03-30,20,49.163,NO1
2025-03-30,21,51.43300000000001,NO1
2025-03-30,22,51.794,NO1
2025-03-30,23,53.669,NO1
2025-03-30,24,54.042,NO1
2025-03-31,1,55.935,NO1
2025-03-31,2,55.673,NO1
2025-03-31,3,55.855,NO1
2025-03-31,4,55.49,NO1
2025-03-31,5,55.547,NO1
2025-03-31,6,57.396,NO1
2025-03-31,7,58.868,NO1
2025-03-31,8,66.173,NO1
2025-03-31,9,80.78099999999999,NO1
2025-03-31,10,70.338,NO1
2025-03-31,11,61.06,NO1
2025-03-31,12,59.188,NO1
2025-03-31,13,58.834,NO1
2025-03-31,14,58.33200000000001,NO1
2025-03-31,15,57.076,NO1
2025-03-31,16,57.944,NO1
2025-03-31,17,59.427,NO1
2025-03-31,18,60.68300000000001,NO1
2025-03-31,19,63.753,NO1
2025-03-31,20,89.067,NO1
2025-03-31,21,83.498,NO1
2025-03-31,22,64.666,NO1
2025-03-31,23,59.507000000000005,NO1
2025-03-31,24,56.768,NO1
2025-04-01,1,59.601,NO1
2025-04-01,2,60.449,NO1
2025-04-01,3,59.352,NO1
2025-04-01,4,61.106,NO1
2025-04-01,5,61.785,NO1
2025-04-01,6,81.037,NO1
2025-04-01,7,113.497,NO1
2025-04-01,8,157.796,NO1
2025-04-01,9,153.89100000000002,NO1
2025-04-01,10,99.723,NO1
2025-04-01,11,74.337,NO1
2025-04-01,12,60.834,NO1
2025-04-01,13,55.59400000000001,NO1
2025-04-01,14,48.916,NO1
2025-04-01,15,44.174,NO1
2025-04-01,16,53.115,NO1
2025-04-01,17,57.02,NO1
2025-04-01,18,61.038,NO1
2025-04-01,19,84.217,NO1
2025-04-01,20,73.341,NO1
2025-04-01,21,71.779,NO1
2025-04-01,22,91.325,NO1
2025-04-01,23,77.325,NO1
2025-04-01,24,62.736,NO1
2025-04-02,1,60.071000000000005,NO1
2025-04-02,2,59.112,NO1
2025-04-02,3,58.977,NO1
2025-04-02,4,59.563,NO1
2025-04-02,5,60.262,NO1
2025-04-02,6,63.566,NO1
2025-04-02,7,69.473,NO1
2025-04-02,8,150.03,NO1
2025-04-02,9,123.817,NO1
2025-04-02,10,67.579,NO1
2025-04-02,11,58.605,NO1
2025-04-02,12,55.223,NO1
2025-04-02,13,50.172,NO1
2025-04-02,14,41.716,NO1
2025-04-02,15,30.633,NO1
2025-04-02,16,31.726,NO1
2025-04-02,17,42.448,NO1
2025-04-02,18,52.720000000000006,NO1
2025-04-02,19,59.96900000000001,NO1
2025-04-02,20,64.017,NO1
2025-04-02,21,63.757000000000005,NO1
2025-04-02,22,63.137,NO1
2025-04-02,23,61.345000000000006,NO1
2025-04-02,24,59.405,NO1
2025-04-03,1,60.339,NO1
2025-04-03,2,59.973,NO1
2025-04-03,3,59.391,NO1
2025-04-03,4,60.876,NO1
2025-04-03,5,61.972,NO1
2025-04-03,6,63.4,NO1
2025-04-03,7,68.884,NO1
2025-04-03,8,129.954,NO1
2025-04-03,9,100.744,NO1
2025-04-03,10,64.37100000000001,NO1
2025-04-03,11,56.181,NO1
2025-04-03,12,50.298,NO1
2025-04-03,13,44.769,NO1
2025-04-03,14,35.733,NO1
2025-04-03,15,28.239,NO1
2025-04-03,16,33.848,NO1
2025-04-03,17,49.441,NO1
2025-04-03,18,57.689,NO1
2025-04-03,19,61.413,NO1
2025-04-03,20,62.532,NO1
2025-04-03,21,62.955,NO1
2025-04-03,22,61.104,NO1
2025-04-03,23,57.951,NO1
2025-04-03,24,56.455,NO1
2025-04-04,1,55.616,NO1
2025-04-04,2,54.097,NO1
2025-04-04,3,54.144000000000005,NO1
2025-04-04,4,54.985,NO1
2025-04-04,5,56.153,NO1
2025-04-04,6,58.45399999999999,NO1
2025-04-04,7,66.62,NO1
2025-04-04,8,123.135,NO1
2025-04-04,9,75.462,NO1
2025-04-04,10,61.877,NO1
2025-04-04,11,57.672,NO1
2025-04-04,12,52.649,NO1
2025-04-04,13,50.896,NO1
2025-04-04,14,42.778,NO1
2025-04-04,15,45.289,NO1
2025-04-04,16,45.137,NO1
2025-04-04,17,54.973,NO1
2025-04-04,18,56.854,NO1
2025-04-04,19,62.788,NO1
2025-04-04,20,63.396,NO1
2025-04-04,21,62.67100000000001,NO1
2025-04-04,22,57.8,NO1
2025-04-04,23,56.667,NO1
2025-04-04,24,55.405,NO1
2025-04-05,1,47.836,NO1
2025-04-05,2,45.476,NO1
2025-04-05,3,36.878,NO1
2025-04-05,4,29.426,NO1
2025-04-05,5,41.504000000000005,NO1
2025-04-05,6,43.245,NO1
2025-04-05,7,50.23,NO1
2025-04-05,8,54.214,NO1
2025-04-05,9,50.698,NO1
2025-04-05,10,48.104,NO1
2025-04-05,11,45.406,NO1
2025-04-05,12,35.091,NO1
2025-04-05,13,38.455,NO1
2025-04-05,14,29.017000000000003,NO1
2025-04-05,15,20.805,NO1
2025-04-05,16,22.265,NO1
2025-04-05,17,34.869,NO1
2025-04-05,18,46.247,NO1
2025-04-05,19,56.737,NO1
2025-04-05,20,58.676,NO1
2025-04-05,21,61.772000000000006,NO1
2025-04-05,22,57.870000000000005,NO1
2025-04-05,23,59.05,NO1
2025-04-05,24,62.905,NO1
2025-04-06,1,58.78099999999999,NO1
2025-04-06,2,58.302,NO1
2025-04-06,3,58.291,NO1
2025-04-06,4,58.583000000000006,NO1
2025-04-06,5,58.501,NO1
2025-04-06,6,58.629,NO1
2025-04-06,7,57.964,NO1
2025-04-06,8,56.574,NO1
2025-04-06,9,51.223,NO1
2025-04-06,10,49.716,NO1
2025-04-06,11,44.974,NO1
2025-04-06,12,37.054,NO1
2025-04-06,13,42.813,NO1
2025-04-06,14,43.514,NO1
2025-04-06,15,44.32,NO1
2025-04-06,16,48.794,NO1
2025-04-06,17,48.794,NO1
2025-04-06,18,46.936,NO1
2025-04-06,19,54.553,NO1
2025-04-06,20,57.216,NO1
2025-04-06,21,57.59,NO1
2025-04-06,22,57.601,NO1
2025-04-06,23,56.795,NO1
2025-04-06,24,55.791,NO1
2025-04-07,1,57.561,NO1
2025-04-07,2,57.621,NO1
2025-04-07,3,57.549,NO1
2025-04-07,4,56.545,NO1
2025-04-07,5,57.67999999999999,NO1
2025-04-07,6,57.70399999999999,NO1
2025-04-07,7,59.521,NO1
2025-04-07,8,218.564,NO1
2025-04-07,9,172.874,NO1
2025-04-07,10,124.159,NO1
2025-04-07,11,72.767,NO1
2025-04-07,12,60.657,NO1
2025-04-07,13,47.89,NO1
2025-04-07,14,48.834,NO1
2025-04-07,15,44.005,NO1
2025-04-07,16,58.9,NO1
2025-04-07,17,63.323,NO1
2025-04-07,18,114.285,NO1
2025-04-07,19,147.913,NO1
2025-04-07,20,195.265,NO1
2025-04-07,21,191.332,NO1
2025-04-07,22,160.429,NO1
2025-04-07,23,139.868,NO1
2025-04-07,24,72.779,NO1
2025-04-08,1,62.65599999999999,NO1
2025-04-08,2,62.382000000000005,NO1
2025-04-08,3,62.083000000000006,NO1
2025-04-08,4,63.29,NO1
2025-04-08,5,64.33,NO1
2025-04-08,6,69.205,NO1
2025-04-08,7,79.16,NO1
2025-04-08,8,155.237,NO1
2025-04-08,9,127.082,NO1
2025-04-08,10,80.224,NO1
2025-04-08,11,65.09400000000001,NO1
2025-04-08,12,59.944,NO1
2025-04-08,13,53.55,NO1
2025-04-08,14,47.957,NO1
2025-04-08,15,51.554,NO1
2025-04-08,16,58.605,NO1
2025-04-08,17,59.968,NO1
2025-04-08,18,62.597,NO1
2025-04-08,19,61.760000000000005,NO1
2025-04-08,20,62.25,NO1
2025-04-08,21,61.927,NO1
2025-04-08,22,61.019000000000005,NO1
2025-04-08,23,59.41799999999999,NO1
2025-04-08,24,58.545,NO1
2025-04-09,1,56.865,NO1
2025-04-09,2,58.258,NO1
2025-04-09,3,55.81,NO1
2025-04-09,4,57.919,NO1
2025-04-09,5,58.149,NO1
2025-04-09,6,58.901,NO1
2025-04-09,7,61.676,NO1
2025-04-09,8,76.874,NO1
2025-04-09,9,70.111,NO1
2025-04-09,10,62.452,NO1
2025-04-09,11,59.13099999999999,NO1
2025-04-09,12,57.54299999999999,NO1
2025-04-09,13,45.557,NO1
2025-04-09,14,26.699,NO1
2025-04-09,15,33.765,NO1
2025-04-09,16,47.896,NO1
2025-04-09,17,54.368,NO1
2025-04-09,18,57.20399999999999,NO1
2025-04-09,19,58.052,NO1
2025-04-09,20,59.434000000000005,NO1
2025-04-09,21,60.634,NO1
2025-04-09,22,58.925,NO1
2025-04-09,23,57.98,NO1
2025-04-09,24,56.877,NO1
2025-04-10,1,55.091,NO1
2025-04-10,2,53.138,NO1
2025-04-10,3,54.791,NO1
2025-04-10,4,56.265,NO1
2025-04-10,5,60.075,NO1
2025-04-10,6,61.237,NO1
2025-04-10,7,75.076,NO1
2025-04-10,8,186.181,NO1
2025-04-10,9,146.666,NO1
2025-04-10,10,75.759,NO1
2025-04-10,11,60.087,NO1
2025-04-10,12,56.888,NO1
2025-04-10,13,54.084,NO1
2025-04-10,14,39.191,NO1
2025-04-10,15,27.018,NO1
2025-04-10,16,26.275,NO1
2025-04-10,17,46.153,NO1
2025-04-10,18,52.491,NO1
2025-04-10,19,51.952,NO1
2025-04-10,20,50.814,NO1
2025-04-10,21,47.087,NO1
2025-04-10,22,45.458,NO1
2025-04-10,23,42.175,NO1
2025-04-10,24,30.864,NO1
2025-04-11,1,24.661,NO1
2025-04-11,2,19.542,NO1
2025-04-11,3,19.518,NO1
2025-04-11,4,17.425,NO1
2025-04-11,5,23.535,NO1
2025-04-11,6,30.784,NO1
2025-04-11,7,51.572,NO1
2025-04-11,8,58.095000000000006,NO1
2025-04-11,9,62.426,NO1
2025-04-11,10,53.508,NO1
2025-04-11,11,39.351,NO1
2025-04-11,12,17.630000000000003,NO1
2025-04-11,13,17.473,NO1
2025-04-11,14,23.681,NO1
2025-04-11,15,22.628,NO1
2025-04-11,16,21.019,NO1
2025-04-11,17,43.066,NO1
2025-04-11,18,56.146,NO1
2025-04-11,19,57.586,NO1
2025-04-11,20,56.59400000000001,NO1
2025-04-11,21,55.88,NO1
2025-04-11,22,55.578,NO1
2025-04-11,23,53.569,NO1
2025-04-11,24,49.66,NO1
2025-04-12,1,51.391,NO1
2025-04-12,2,51.052,NO1
2025-04-12,3,50.895,NO1
2025-04-12,4,50.641000000000005,NO1
2025-04-12,5,51.718,NO1
2025-04-12,6,53.194,NO1
2025-04-12,7,53.242,NO1
2025-04-12,8,53.194,NO1
2025-04-12,9,58.179,NO1
2025-04-12,10,57.126,NO1
2025-04-12,11,51.839,NO1
2025-04-12,12,49.636,NO1
2025-04-12,13,36.253,NO1
2025-04-12,14,34.97,NO1
2025-04-12,15,35.83,NO1
2025-04-12,16,41.432,NO1
2025-04-12,17,48.523,NO1
2025-04-12,18,54.513,NO1
2025-04-12,19,55.142,NO1
2025-04-12,20,67.12100000000001,NO1
2025-04-12,21,65.536,NO1
2025-04-12,22,62.269000000000005,NO1
2025-04-12,23,60.333000000000006,NO1
2025-04-12,24,56.993,NO1
2025-04-13,1,59.159000000000006,NO1
2025-04-13,2,57.078,NO1
2025-04-13,3,47.87,NO1
2025-04-13,4,33.954,NO1
2025-04-13,5,36.81,NO1
2025-04-13,6,38.891000000000005,NO1
2025-04-13,7,35.091,NO1
2025-04-13,8,33.18,NO1
2025-04-13,9,17.655,NO1
2025-04-13,10,7.188,NO1
2025-04-13,11,3.3280000000000003,NO1
2025-04-13,12,1.464,NO1
2025-04-13,13,4.84,NO1
2025-04-13,14,5.397,NO1
2025-04-13,15,7.563,NO1
2025-04-13,16,10.999,NO1
2025-04-13,17,29.828,NO1
2025-04-13,18,41.456,NO1
2025-04-13,19,55.565,NO1
2025-04-13,20,55.977,NO1
2025-04-13,21,56.848,NO1
2025-04-13,22,54.815,NO1
2025-04-13,23,49.503,NO1
2025-04-13,24,21.817,NO1
2025-04-14,1,10.987,NO1
2025-04-14,2,7.825,NO1
2025-04-14,3,7.476999999999999,NO1
2025-04-14,4,10.253,NO1
2025-04-14,5,9.857,NO1
2025-04-14,6,44.836,NO1
2025-04-14,7,51.424,NO1
2025-04-14,8,57.807,NO1
2025-04-14,9,57.29,NO1
2025-04-14,10,56.328,NO1
2025-04-14,11,54.765,NO1
2025-04-14,12,50.871,NO1
2025-04-14,13,48.178,NO1
2025-04-14,14,47.637,NO1
2025-04-14,15,47.565,NO1
2025-04-14,16,48.767,NO1
2025-04-14,17,52.289,NO1
2025-04-14,18,52.83,NO1
2025-04-14,19,60.98,NO1
2025-04-14,20,61.268,NO1
2025-04-14,21,58.768,NO1
2025-04-14,22,64.41799999999999,NO1
2025-04-14,23,61.894000000000005,NO1
2025-04-14,24,60.752,NO1
2025-04-15,1,54.392,NO1
2025-04-15,2,58.05499999999999,NO1
2025-04-15,3,53.901,NO1
2025-04-15,4,58.163,NO1
2025-04-15,5,53.518,NO1
2025-04-15,6,52.703,NO1
2025-04-15,7,52.907,NO1
2025-04-15,8,54.894000000000005,NO1
2025-04-15,9,52.189,NO1
2025-04-15,10,52.404,NO1
2025-04-15,11,42.682,NO1
2025-04-15,12,31.524,NO1
2025-04-15,13,26.651,NO1
2025-04-15,14,21.431,NO1
2025-04-15,15,6.476999999999999,NO1
2025-04-15,16,25.394,NO1
2025-04-15,17,30.817,NO1
2025-04-15,18,35.559,NO1
2025-04-15,19,32.075,NO1
2025-04-15,20,37.39,NO1
2025-04-15,21,46.741,NO1
2025-04-15,22,50.165,NO1
2025-04-15,23,39.234,NO1
2025-04-15,24,20.066,NO1
2025-04-16,1,17.783,NO1
2025-04-16,2,9.972,NO1
2025-04-16,3,8.825,NO1
2025-04-16,4,10.684,NO1
2025-04-16,5,19.92,NO1
2025-04-16,6,45.948,NO1
2025-04-16,7,52.358,NO1
2025-04-16,8,55.968,NO1
2025-04-16,9,56.813,NO1
2025-04-16,10,56.028,NO1
2025-04-16,11,55.59400000000001,NO1
2025-04-16,12,53.65,NO1
2025-04-16,13,44.403,NO1
2025-04-16,14,29.674,NO1
2025-04-16,15,33.827,NO1
2025-04-16,16,54.90599999999999,NO1
2025-04-16,17,56.608,NO1
2025-04-16,18,50.403,NO1
2025-04-16,19,41.324,NO1
2025-04-16,20,40.612,NO1
2025-04-16,21,42.894,NO1
2025-04-16,22,53.626,NO1
2025-04-16,23,56.403,NO1
2025-04-16,24,55.437,NO1
2025-04-17,1,51.598,NO1
2025-04-17,2,51.163,NO1
2025-04-17,3,51.139,NO1
2025-04-17,4,53.348,NO1
2025-04-17,5,53.36,NO1
2025-04-17,6,55.521,NO1
2025-04-17,7,57.018,NO1
2025-04-17,8,58.407,NO1
2025-04-17,9,63.33200000000001,NO1
2025-04-17,10,65.083,NO1
2025-04-17,11,60.604,NO1
2025-04-17,12,60.133,NO1
2025-04-17,13,59.191,NO1
2025-04-17,14,60.157,NO1
2025-04-17,15,60.314,NO1
2025-04-17,16,60.616,NO1
2025-04-17,17,61.039,NO1
2025-04-17,18,60.507000000000005,NO1
2025-04-17,19,61.485,NO1
2025-04-17,20,57.586,NO1
2025-04-17,21,58.54,NO1
2025-04-17,22,58.757000000000005,NO1
2025-04-17,23,56.415,NO1
2025-04-17,24,55.823,NO1
2025-04-18,1,52.938,NO1
2025-04-18,2,54.616,NO1
2025-04-18,3,54.387,NO1
2025-04-18,4,54.169,NO1
2025-04-18,5,55.739,NO1
2025-04-18,6,54.737,NO1
2025-04-18,7,56.294,NO1
2025-04-18,8,56.523,NO1
2025-04-18,9,56.451,NO1
2025-04-18,10,55.316,NO1
2025-04-18,11,54.157,NO1
2025-04-18,12,51.876,NO1
2025-04-18,13,55.55800000000001,NO1
2025-04-18,14,53.855,NO1
2025-04-18,15,53.542,NO1
2025-04-18,16,54.362,NO1
2025-04-18,17,56.27,NO1
2025-04-18,18,57.489,NO1
2025-04-18,19,58.25,NO1
2025-04-18,20,57.658,NO1
2025-04-18,21,57.38099999999999,NO1
2025-04-18,22,57.405,NO1
2025-04-18,23,56.886,NO1
2025-04-18,24,54.049,NO1
2025-04-19,1,57.04299999999999,NO1
2025-04-19,2,56.765,NO1
2025-04-19,3,56.403,NO1
2025-04-19,4,56.077,NO1
2025-04-19,5,56.197,NO1
2025-04-19,6,56.65599999999999,NO1
2025-04-19,7,56.970000000000006,NO1
2025-04-19,8,57.212,NO1
2025-04-19,9,57.30800000000001,NO1
2025-04-19,10,57.04299999999999,NO1
2025-04-19,11,56.801,NO1
2025-04-19,12,45.006,NO1
2025-04-19,13,40.914,NO1
2025-04-19,14,29.433,NO1
2025-04-19,15,35.843,NO1
2025-04-19,16,40.503,NO1
2025-04-19,17,33.126999999999995,NO1
2025-04-19,18,55.739,NO1
2025-04-19,19,57.489,NO1
2025-04-19,20,58.624,NO1
2025-04-19,21,59.578,NO1
2025-04-19,22,59.047,NO1
2025-04-19,23,58.841,NO1
2025-04-19,24,58.177,NO1
2025-04-20,1,41.855,NO1
2025-04-20,2,27.380000000000003,NO1
2025-04-20,3,25.932,NO1
2025-04-20,4,25.521,NO1
2025-04-20,5,34.057,NO1
2025-04-20,6,46.914,NO1
2025-04-20,7,55.908,NO1
2025-04-20,8,56.439,NO1
2025-04-20,9,56.56,NO1
2025-04-20,10,24.893,NO1
2025-04-20,11,48.387,NO1
2025-04-20,12,45.912,NO1
2025-04-20,13,37.787,NO1
2025-04-20,14,33.936,NO1
2025-04-20,15,41.892,NO1
2025-04-20,16,27.501,NO1
2025-04-20,17,39.658,NO1
2025-04-20,18,58.552,NO1
2025-04-20,19,58.684000000000005,NO1
2025-04-20,20,61.413,NO1
2025-04-20,21,62.137,NO1
2025-04-20,22,60.94199999999999,NO1
2025-04-20,23,59.783,NO1
2025-04-20,24,58.371,NO1
2025-04-21,1,59.904,NO1
2025-04-21,2,58.986,NO1
2025-04-21,3,58.696000000000005,NO1
2025-04-21,4,59.759,NO1
2025-04-21,5,58.467,NO1
2025-04-21,6,60.254,NO1
2025-04-21,7,60.749,NO1
2025-04-21,8,59.542,NO1
2025-04-21,9,58.02,NO1
2025-04-21,10,57.33200000000001,NO1
2025-04-21,11,56.741,NO1
2025-04-21,12,55.606,NO1
2025-04-21,13,51.405,NO1
2025-04-21,14,35.336,NO1
2025-04-21,15,38.668,NO1
2025-04-21,16,53.095000000000006,NO1
2025-04-21,17,59.578,NO1
2025-04-21,18,63.36900000000001,NO1
2025-04-21,19,63.32000000000001,NO1
2025-04-21,20,74.837,NO1
2025-04-21,21,62.958000000000006,NO1
2025-04-21,22,62.777,NO1
2025-04-21,23,60.037,NO1
2025-04-21,24,58.878,NO1
2025-04-22,1,59.90599999999999,NO1
2025-04-22,2,59.098,NO1
2025-04-22,3,60.929,NO1
2025-04-22,4,61.84400000000001,NO1
2025-04-22,5,63.758,NO1
2025-04-22,6,64.115,NO1
2025-04-22,7,72.853,NO1
2025-04-22,8,133.793,NO1
2025-04-22,9,188.1,NO1
2025-04-22,10,127.468,NO1
2025-04-22,11,107.294,NO1
2025-04-22,12,101.29,NO1
2025-04-22,13,90.269,NO1
2025-04-22,14,68.692,NO1
2025-04-22,15,71.961,NO1
2025-04-22,16,80.366,NO1
2025-04-22,17,77.549,NO1
2025-04-22,18,107.163,NO1
2025-04-22,19,122.095,NO1
2025-04-22,20,163.467,NO1
2025-04-22,21,301.052,NO1
2025-04-22,22,186.982,NO1
2025-04-22,23,131.736,NO1
2025-04-22,24,114.094,NO1
2025-04-23,1,88.077,NO1
2025-04-23,2,75.75800000000001,NO1
2025-04-23,3,73.272,NO1
2025-04-23,4,71.132,NO1
2025-04-23,5,72.88,NO1
2025-04-23,6,77.743,NO1
2025-04-23,7,125.331,NO1
2025-04-23,8,122.561,NO1
2025-04-23,9,115.89,NO1
2025-04-23,10,96.151,NO1
2025-04-23,11,83.356,NO1
2025-04-23,12,77.089,NO1
2025-04-23,13,74.128,NO1
2025-04-23,14,75.47200000000001,NO1
2025-04-23,15,76.495,NO1
2025-04-23,16,86.84,NO1
2025-04-23,17,89.694,NO1
2025-04-23,18,98.053,NO1
2025-04-23,19,114.403,NO1
2025-04-23,20,141.241,NO1
2025-04-23,21,154.69,NO1
2025-04-23,22,132.727,NO1
2025-04-23,23,113.0,NO1
2025-04-23,24,97.28,NO1
2025-04-24,1,75.572,NO1
2025-04-24,2,71.444,NO1
2025-04-24,3,69.303,NO1
2025-04-24,4,66.5,NO1
2025-04-24,5,76.483,NO1
2025-04-24,6,82.196,NO1
2025-04-24,7,113.27,NO1
2025-04-24,8,133.46099999999998,NO1
2025-04-24,9,130.752,NO1
2025-04-24,10,119.492,NO1
2025-04-24,11,104.28,NO1
2025-04-24,12,94.782,NO1
2025-04-24,13,82.717,NO1
2025-04-24,14,76.034,NO1
2025-04-24,15,75.513,NO1
2025-04-24,16,76.069,NO1
2025-04-24,17,79.97200000000001,NO1
2025-04-24,18,79.913,NO1
2025-04-24,19,77.84299999999999,NO1
2025-04-24,20,79.334,NO1
2025-04-24,21,111.708,NO1
2025-04-24,22,108.396,NO1
2025-04-24,23,101.926,NO1
2025-04-24,24,75.217,NO1
2025-04-25,1,68.91799999999999,NO1
2025-04-25,2,66.751,NO1
2025-04-25,3,65.768,NO1
2025-04-25,4,65.851,NO1
2025-04-25,5,65.72,NO1
2025-04-25,6,71.499,NO1
2025-04-25,7,86.076,NO1
2025-04-25,8,115.182,NO1
2025-04-25,9,118.237,NO1
2025-04-25,10,95.786,NO1
2025-04-25,11,75.075,NO1
2025-04-25,12,70.125,NO1
2025-04-25,13,64.631,NO1
2025-04-25,14,60.984,NO1
2025-04-25,15,58.29600000000001,NO1
2025-04-25,16,61.765,NO1
2025-04-25,17,66.798,NO1
2025-04-25,18,70.007,NO1
2025-04-25,19,73.429,NO1
2025-04-25,20,73.15700000000001,NO1
2025-04-25,21,96.532,NO1
2025-04-25,22,75.39500000000001,NO1
2025-04-25,23,71.037,NO1
2025-04-25,24,67.047,NO1
2025-04-26,1,61.363,NO1
2025-04-26,2,59.8,NO1
2025-04-26,3,59.657,NO1
2025-04-26,4,66.466,NO1
2025-04-26,5,67.461,NO1
2025-04-26,6,60.072,NO1
2025-04-26,7,59.598,NO1
2025-04-26,8,61.801,NO1
2025-04-26,9,60.818,NO1
2025-04-26,10,49.983,NO1
2025-04-26,11,43.553,NO1
2025-04-26,12,38.734,NO1
2025-04-26,13,35.075,NO1
2025-04-26,14,29.935,NO1
2025-04-26,15,29.852,NO1
2025-04-26,16,33.689,NO1
2025-04-26,17,42.381,NO1
2025-04-26,18,48.088,NO1
2025-04-26,19,61.647000000000006,NO1
2025-04-26,20,65.045,NO1
2025-04-26,21,70.682,NO1
2025-04-26,22,67.603,NO1
2025-04-26,23,63.269000000000005,NO1
2025-04-26,24,61.836,NO1
2025-04-27,1,61.896,NO1
2025-04-27,2,63.032,NO1
2025-04-27,3,61.896,NO1
2025-04-27,4,60.948,NO1
2025-04-27,5,60.19,NO1
2025-04-27,6,58.13,NO1
2025-04-27,7,58.81699999999999,NO1
2025-04-27,8,57.893,NO1
2025-04-27,9,45.767,NO1
2025-04-27,10,39.018,NO1
2025-04-27,11,31.048,NO1
2025-04-27,12,18.935,NO1
2025-04-27,13,15.512,NO1
2025-04-27,14,26.513,NO1
2025-04-27,15,30.373,NO1
2025-04-27,16,16.329,NO1
2025-04-27,17,28.834,NO1
2025-04-27,18,39.716,NO1
2025-04-27,19,62.15599999999999,NO1
2025-04-27,20,66.301,NO1
2025-04-27,21,86.443,NO1
2025-04-27,22,90.694,NO1
2025-04-27,23,65.045,NO1
2025-04-27,24,63.956,NO1
2025-04-28,1,63.708000000000006,NO1
2025-04-28,2,62.581,NO1
2025-04-28,3,58.999,NO1
2025-04-28,4,58.276,NO1
2025-04-28,5,59.272000000000006,NO1
2025-04-28,6,61.478,NO1
2025-04-28,7,60.446000000000005,NO1
2025-04-28,8,66.46000000000001,NO1
2025-04-28,9,68.09700000000001,NO1
2025-04-28,10,67.041,NO1
2025-04-28,11,50.625,NO1
2025-04-28,12,41.586,NO1
2025-04-28,13,33.188,NO1
2025-04-28,14,21.232,NO1
2025-04-28,15,26.617,NO1
2025-04-28,16,34.647000000000006,NO1
2025-04-28,17,43.235,NO1
2025-04-28,18,56.603,NO1
2025-04-28,19,59.141,NO1
2025-04-28,20,58.264,NO1
2025-04-28,21,62.486,NO1
2025-04-28,22,59.284000000000006,NO1
2025-04-28,23,59.758,NO1
2025-04-28,24,54.658,NO1
2025-04-29,1,53.38,NO1
2025-04-29,2,52.589,NO1
2025-04-29,3,50.051,NO1
2025-04-29,4,52.093,NO1
2025-04-29,5,59.27,NO1
2025-04-29,6,62.528,NO1
2025-04-29,7,69.599,NO1
2025-04-29,8,75.667,NO1
2025-04-29,9,68.985,NO1
2025-04-29,10,60.581,NO1
2025-04-29,11,51.468,NO1
2025-04-29,12,39.734,NO1
2025-04-29,13,33.702,NO1
2025-04-29,14,21.838,NO1
2025-04-29,15,30.243,NO1
2025-04-29,16,38.294,NO1
2025-04-29,17,46.191,NO1
2025-04-29,18,63.331,NO1
2025-04-29,19,66.625,NO1
2025-04-29,20,71.488,NO1
2025-04-29,21,74.959,NO1
2025-04-29,22,68.183,NO1
2025-04-29,23,67.144,NO1
2025-04-29,24,61.45399999999999,NO1
2025-04-30,1,73.476,NO1
2025-04-30,2,67.583,NO1
2025-04-30,3,64.454,NO1
2025-04-30,4,63.202,NO1
2025-04-30,5,63.155,NO1
2025-04-30,6,64.69,NO1
2025-04-30,7,68.374,NO1
2025-04-30,8,92.712,NO1
2025-04-30,9,75.589,NO1
2025-04-30,10,62.269000000000005,NO1
2025-04-30,11,62.233,NO1
2025-04-30,12,42.69,NO1
2025-04-30,13,36.1,NO1
2025-04-30,14,29.936,NO1
2025-04-30,15,24.551,NO1
2025-04-30,16,35.061,NO1
2025-04-30,17,29.794,NO1
2025-04-30,18,63.13099999999999,NO1
2025-04-30,19,68.929,NO1
2025-04-30,20,68.705,NO1
2025-04-30,21,103.884,NO1
2025-04-30,22,122.459,NO1
2025-04-30,23,104.073,NO1
2025-04-30,24,95.216,NO1
2025-05-01,1,85.096,NO1
2025-05-01,2,83.773,NO1
2025-05-01,3,71.503,NO1
2025-05-01,4,68.232,NO1
2025-05-01,5,63.698,NO1
2025-05-01,6,71.291,NO1
2025-05-01,7,69.779,NO1
2025-05-01,8,67.063,NO1
2025-05-01,9,60.675,NO1
2025-05-01,10,48.818,NO1
2025-05-01,11,43.032,NO1
2025-05-01,12,43.823,NO1
2025-05-01,13,33.549,NO1
2025-05-01,14,28.566000000000003,NO1
2025-05-01,15,28.578,NO1
2025-05-01,16,44.166,NO1
2025-05-01,17,50.661,NO1
2025-05-01,18,56.223,NO1
2025-05-01,19,66.048,NO1
2025-05-01,20,67.961,NO1
2025-05-01,21,73.15700000000001,NO1
2025-05-01,22,96.657,NO1
2025-05-01,23,105.301,NO1
2025-05-01,24,71.00800000000001,NO1
2025-05-02,1,67.752,NO1
2025-05-02,2,64.566,NO1
2025-05-02,3,59.157,NO1
2025-05-02,4,59.792,NO1
2025-05-02,5,58.698,NO1
2025-05-02,6,59.721,NO1
2025-05-02,7,65.189,NO1
2025-05-02,8,65.483,NO1
2025-05-02,9,59.19199999999999,NO1
2025-05-02,10,56.982000000000006,NO1
2025-05-02,11,55.747,NO1
2025-05-02,12,47.116,NO1
2025-05-02,13,21.189,NO1
2025-05-02,14,9.995,NO1
2025-05-02,15,9.901,NO1
2025-05-02,16,42.966,NO1
2025-05-02,17,56.112,NO1
2025-05-02,18,57.934000000000005,NO1
2025-05-02,19,62.273,NO1
2025-05-02,20,66.894,NO1
2025-05-02,21,73.87899999999999,NO1
2025-05-02,22,73.58500000000001,NO1
2025-05-02,23,67.999,NO1
2025-05-02,24,65.518,NO1
2025-05-03,1,65.74199999999999,NO1
2025-05-03,2,66.84700000000001,NO1
2025-05-03,3,66.224,NO1
2025-05-03,4,66.17699999999999,NO1
2025-05-03,5,67.694,NO1
2025-05-03,6,67.0,NO1
2025-05-03,7,66.659,NO1
2025-05-03,8,66.247,NO1
2025-05-03,9,63.837,NO1
2025-05-03,10,57.334,NO1
2025-05-03,11,53.44199999999999,NO1
2025-05-03,12,38.615,NO1
2025-05-03,13,43.118,NO1
2025-05-03,14,23.787,NO1
2025-05-03,15,11.547,NO1
2025-05-03,16,1.411,NO1
2025-05-03,17,1.211,NO1
2025-05-03,18,41.66,NO1
2025-05-03,19,64.354,NO1
2025-05-03,20,67.999,NO1
2025-05-03,21,76.513,NO1
2025-05-03,22,80.075,NO1
2025-05-03,23,72.091,NO1
2025-05-03,24,69.634,NO1
2025-05-04,1,66.87100000000001,NO1
2025-05-04,2,50.268,NO1
2025-05-04,3,34.688,NO1
2025-05-04,4,22.4,NO1
2025-05-04,5,21.977,NO1
2025-05-04,6,17.073,NO1
2025-05-04,7,14.969,NO1
2025-05-04,8,8.901,NO1
2025-05-04,9,3.198,NO1
2025-05-04,10,0.941,NO1
2025-05-04,11,0.753,NO1
2025-05-04,12,0.235,NO1
2025-05-04,13,0.964,NO1
2025-05-04,14,8.243,NO1
2025-05-04,15,15.263,NO1
2025-05-04,16,7.961,NO1
2025-05-04,17,23.341,NO1
2025-05-04,18,53.725,NO1
2025-05-04,19,68.30499999999999,NO1
2025-05-04,20,69.857,NO1
2025-05-04,21,74.631,NO1
2025-05-04,22,105.874,NO1
2025-05-04,23,103.416,NO1
2025-05-04,24,94.985,NO1
2025-05-05,1,82.142,NO1
2025-05-05,2,76.72,NO1
2025-05-05,3,79.325,NO1
2025-05-05,4,82.59,NO1
2025-05-05,5,79.454,NO1
2025-05-05,6,86.622,NO1
2025-05-05,7,80.728,NO1
2025-05-05,8,131.84300000000002,NO1
2025-05-05,9,150.48,NO1
2025-05-05,10,98.847,NO1
2025-05-05,11,82.366,NO1
2025-05-05,12,73.607,NO1
2025-05-05,13,66.086,NO1
2025-05-05,14,67.607,NO1
2025-05-05,15,68.62100000000001,NO1
2025-05-05,16,73.584,NO1
2025-05-05,17,76.92,NO1
2025-05-05,18,79.478,NO1
2025-05-05,19,89.899,NO1
2025-05-05,20,107.582,NO1
2025-05-05,21,117.272,NO1
2025-05-05,22,109.268,NO1
2025-05-05,23,87.09299999999999,NO1
2025-05-05,24,77.934,NO1
2025-05-06,1,86.497,NO1
2025-05-06,2,88.264,NO1
2025-05-06,3,87.2,NO1
2025-05-06,4,86.451,NO1
2025-05-06,5,89.025,NO1
2025-05-06,6,91.494,NO1
2025-05-06,7,123.381,NO1
2025-05-06,8,133.163,NO1
2025-05-06,9,117.331,NO1
2025-05-06,10,88.253,NO1
2025-05-06,11,76.118,NO1
2025-05-06,12,70.572,NO1
2025-05-06,13,60.391,NO1
2025-05-06,14,53.20700000000001,NO1
2025-05-06,15,64.311,NO1
2025-05-06,16,70.899,NO1
2025-05-06,17,81.021,NO1
2025-05-06,18,89.587,NO1
2025-05-06,19,116.29,NO1
2025-05-06,20,144.10399999999998,NO1
2025-05-06,21,176.143,NO1
2025-05-06,22,157.327,NO1
2025-05-06,23,124.527,NO1
2025-05-06,24,109.795,NO1
2025-05-07,1,103.223,NO1
2025-05-07,2,96.5,NO1
2025-05-07,3,94.843,NO1
2025-05-07,4,97.702,NO1
2025-05-07,5,100.585,NO1
2025-05-07,6,111.988,NO1
2025-05-07,7,138.762,NO1
2025-05-07,8,168.011,NO1
2025-05-07,9,144.458,NO1
2025-05-07,10,110.786,NO1
2025-05-07,11,98.566,NO1
2025-05-07,12,86.533,NO1
2025-05-07,13,77.05499999999999,NO1
2025-05-07,14,76.612,NO1
2025-05-07,15,80.253,NO1
2025-05-07,16,86.20599999999999,NO1
2025-05-07,17,89.439,NO1
2025-05-07,18,108.171,NO1
2025-05-07,19,122.469,NO1
2025-05-07,20,143.921,NO1
2025-05-07,21,149.68699999999998,NO1
2025-05-07,22,162.712,NO1
2025-05-07,23,117.847,NO1
2025-05-07,24,105.23,NO1
2025-05-08,1,110.592,NO1
2025-05-08,2,99.792,NO1
2025-05-08,3,99.64,NO1
2025-05-08,4,101.873,NO1
2025-05-08,5,108.956,NO1
2025-05-08,6,117.488,NO1
2025-05-08,7,120.56199999999998,NO1
2025-05-08,8,144.779,NO1
2025-05-08,9,140.18599999999998,NO1
2025-05-08,10,118.68,NO1
2025-05-08,11,103.486,NO1
2025-05-08,12,90.009,NO1
2025-05-08,13,77.46799999999999,NO1
2025-05-08,14,77.749,NO1
2025-05-08,15,81.606,NO1
2025-05-08,16,82.66900000000001,NO1
2025-05-08,17,84.551,NO1
2025-05-08,18,91.248,NO1
2025-05-08,19,127.002,NO1
2025-05-08,20,192.934,NO1
2025-05-08,21,256.47,NO1
2025-05-08,22,194.781,NO1
2025-05-08,23,140.31400000000002,NO1
2025-05-08,24,115.349,NO1
2025-05-09,1,100.92,NO1
2025-05-09,2,98.621,NO1
2025-05-09,3,101.551,NO1
2025-05-09,4,102.776,NO1
2025-05-09,5,107.422,NO1
2025-05-09,6,97.909,NO1
2025-05-09,7,105.251,NO1
2025-05-09,8,114.811,NO1
2025-05-09,9,143.023,NO1
2025-05-09,10,98.609,NO1
2025-05-09,11,82.326,NO1
2025-05-09,12,61.292,NO1
2025-05-09,13,57.709,NO1
2025-05-09,14,53.075,NO1
2025-05-09,15,52.176,NO1
2025-05-09,16,54.931,NO1
2025-05-09,17,68.704,NO1
2025-05-09,18,72.65,NO1
2025-05-09,19,82.396,NO1
2025-05-09,20,100.85,NO1
2025-05-09,21,122.55,NO1
2025-05-09,22,103.22,NO1
2025-05-09,23,95.971,NO1
2025-05-09,24,83.55199999999999,NO1
2025-05-10,1,83.914,NO1
2025-05-10,2,95.399,NO1
2025-05-10,3,92.236,NO1
2025-05-10,4,89.52799999999999,NO1
2025-05-10,5,90.123,NO1
2025-05-10,6,91.151,NO1
2025-05-10,7,81.276,NO1
2025-05-10,8,75.965,NO1
2025-05-10,9,64.666,NO1
2025-05-10,10,51.102,NO1
2025-05-10,11,52.118,NO1
2025-05-10,12,53.74,NO1
2025-05-10,13,53.892,NO1
2025-05-10,14,54.429,NO1
2025-05-10,15,11.544,NO1
2025-05-10,16,46.982,NO1
2025-05-10,17,52.748000000000005,NO1
2025-05-10,18,64.806,NO1
2025-05-10,19,81.953,NO1
2025-05-10,20,96.987,NO1
2025-05-10,21,114.017,NO1
2025-05-10,22,99.636,NO1
2025-05-10,23,85.97999999999999,NO1
2025-05-10,24,89.271,NO1
2025-05-11,1,95.399,NO1
2025-05-11,2,93.719,NO1
2025-05-11,3,91.407,NO1
2025-05-11,4,87.392,NO1
2025-05-11,5,86.003,NO1
2025-05-11,6,80.774,NO1
2025-05-11,7,75.76599999999999,NO1
2025-05-11,8,70.91,NO1
2025-05-11,9,55.573,NO1
2025-05-11,10,58.012,NO1
2025-05-11,11,55.911,NO1
2025-05-11,12,30.874,NO1
2025-05-11,13,17.065,NO1
2025-05-11,14,12.034,NO1
2025-05-11,15,3.934,NO1
2025-05-11,16,4.132,NO1
2025-05-11,17,8.358,NO1
2025-05-11,18,57.370000000000005,NO1
2025-05-11,19,74.84400000000001,NO1
2025-05-11,20,90.672,NO1
2025-05-11,21,97.746,NO1
2025-05-11,22,100.407,NO1
2025-05-11,23,91.431,NO1
2025-05-11,24,88.559,NO1
2025-05-12,1,88.466,NO1
2025-05-12,2,84.87100000000001,NO1
2025-05-12,3,85.822,NO1
2025-05-12,4,84.036,NO1
2025-05-12,5,85.752,NO1
2025-05-12,6,94.797,NO1
2025-05-12,7,134.595,NO1
2025-05-12,8,148.046,NO1
2025-05-12,9,103.367,NO1
2025-05-12,10,77.554,NO1
2025-05-12,11,82.007,NO1
2025-05-12,12,59.36,NO1
2025-05-12,13,48.332,NO1
2025-05-12,14,23.911,NO1
2025-05-12,15,31.599,NO1
2025-05-12,16,53.91,NO1
2025-05-12,17,67.118,NO1
2025-05-12,18,77.53099999999999,NO1
2025-05-12,19,88.941,NO1
2025-05-12,20,113.281,NO1
2025-05-12,21,145.93599999999998,NO1
2025-05-12,22,115.67,NO1
2025-05-12,23,102.671,NO1
2025-05-12,24,89.776,NO1
2025-05-13,1,95.075,NO1
2025-05-13,2,93.142,NO1
2025-05-13,3,89.86699999999999,NO1
2025-05-13,4,89.033,NO1
2025-05-13,5,95.225,NO1
2025-05-13,6,94.021,NO1
2025-05-13,7,109.761,NO1
2025-05-13,8,126.762,NO1
2025-05-13,9,97.98,NO1
2025-05-13,10,85.50399999999999,NO1
2025-05-13,11,71.974,NO1
2025-05-13,12,39.534,NO1
2025-05-13,13,18.679,NO1
2025-05-13,14,42.277,NO1
2025-05-13,15,40.877,NO1
2025-05-13,16,54.71900000000001,NO1
2025-05-13,17,59.684000000000005,NO1
2025-05-13,18,75.053,NO1
2025-05-13,19,89.635,NO1
2025-05-13,20,104.912,NO1
2025-05-13,21,142.074,NO1
2025-05-13,22,140.81199999999998,NO1
2025-05-13,23,109.472,NO1
2025-05-13,24,98.616,NO1
2025-05-14,1,86.636,NO1
2025-05-14,2,82.482,NO1
2025-05-14,3,82.829,NO1
2025-05-14,4,82.667,NO1
2025-05-14,5,78.663,NO1
2025-05-14,6,79.901,NO1
2025-05-14,7,87.481,NO1
2025-05-14,8,110.381,NO1
2025-05-14,9,92.584,NO1
2025-05-14,10,72.264,NO1
2025-05-14,11,60.982000000000006,NO1
2025-05-14,12,58.992,NO1
2025-05-14,13,55.346,NO1
2025-05-14,14,45.684,NO1
2025-05-14,15,46.124,NO1
2025-05-14,16,54.351,NO1
2025-05-14,17,60.033,NO1
2025-05-14,18,53.9,NO1
2025-05-14,19,79.728,NO1
2025-05-14,20,86.821,NO1
2025-05-14,21,104.421,NO1
2025-05-14,22,121.767,NO1
2025-05-14,23,100.637,NO1
2025-05-14,24,87.46900000000001,NO1
2025-05-15,1,87.2,NO1
2025-05-15,2,84.83500000000001,NO1
2025-05-15,3,81.28200000000001,NO1
2025-05-15,4,80.12899999999999,NO1
2025-05-15,5,78.777,NO1
2025-05-15,6,78.451,NO1
2025-05-15,7,80.059,NO1
2025-05-15,8,83.519,NO1
2025-05-15,9,78.311,NO1
2025-05-15,10,69.154,NO1
2025-05-15,11,66.999,NO1
2025-05-15,12,61.873000000000005,NO1
2025-05-15,13,46.693,NO1
2025-05-15,14,44.829,NO1
2025-05-15,15,34.985,NO1
2025-05-15,16,27.715,NO1
2025-05-15,17,45.68,NO1
2025-05-15,18,60.662,NO1
2025-05-15,19,73.465,NO1
2025-05-15,20,94.19,NO1
2025-05-15,21,108.45,NO1
2025-05-15,22,88.83099999999999,NO1
2025-05-15,23,87.328,NO1
2025-05-15,24,82.319,NO1
2025-05-16,1,83.376,NO1
2025-05-16,2,83.784,NO1
2025-05-16,3,82.45700000000001,NO1
2025-05-16,4,81.096,NO1
2025-05-16,5,79.525,NO1
2025-05-16,6,79.002,NO1
2025-05-16,7,83.51599999999999,NO1
2025-05-16,8,87.041,NO1
2025-05-16,9,87.577,NO1
2025-05-16,10,82.736,NO1
2025-05-16,11,73.522,NO1
2025-05-16,12,70.869,NO1
2025-05-16,13,57.24400000000001,NO1
2025-05-16,14,48.099,NO1
2025-05-16,15,47.587,NO1
2025-05-16,16,56.104,NO1
2025-05-16,17,68.33200000000001,NO1
2025-05-16,18,81.538,NO1
2025-05-16,19,85.55199999999999,NO1
2025-05-16,20,89.322,NO1
2025-05-16,21,95.023,NO1
2025-05-16,22,100.887,NO1
2025-05-16,23,95.907,NO1
2025-05-16,24,89.741,NO1
2025-05-17,1,84.773,NO1
2025-05-17,2,75.069,NO1
2025-05-17,3,59.036,NO1
2025-05-17,4,69.845,NO1
2025-05-17,5,58.059000000000005,NO1
2025-05-17,6,68.123,NO1
2025-05-17,7,67.518,NO1
2025-05-17,8,61.84,NO1
2025-05-17,9,64.574,NO1
2025-05-17,10,63.271,NO1
2025-05-17,11,62.81699999999999,NO1
2025-05-17,12,42.305,NO1
2025-05-17,13,28.296,NO1
2025-05-17,14,26.027,NO1
2025-05-17,15,28.331,NO1
2025-05-17,16,52.741,NO1
2025-05-17,17,56.895,NO1
2025-05-17,18,62.864,NO1
2025-05-17,19,74.639,NO1
2025-05-17,20,84.493,NO1
2025-05-17,21,87.402,NO1
2025-05-17,22,87.425,NO1
2025-05-17,23,89.252,NO1
2025-05-17,24,86.86699999999999,NO1
2025-05-18,1,82.353,NO1
2025-05-18,2,35.405,NO1
2025-05-18,3,22.712,NO1
2025-05-18,4,26.877,NO1
2025-05-18,5,31.415,NO1
2025-05-18,6,20.443,NO1
2025-05-18,7,36.767,NO1
2025-05-18,8,55.953,NO1
2025-05-18,9,64.167,NO1
2025-05-18,10,56.581,NO1
2025-05-18,11,55.429,NO1
2025-05-18,12,46.587,NO1
2025-05-18,13,41.316,NO1
2025-05-18,14,39.571,NO1
2025-05-18,15,41.258,NO1
2025-05-18,16,47.831,NO1
2025-05-18,17,50.496,NO1
2025-05-18,18,63.643,NO1
2025-05-18,19,57.221,NO1
2025-05-18,20,82.83,NO1
2025-05-18,21,84.458,NO1
2025-05-18,22,85.087,NO1
2025-05-18,23,85.66900000000001,NO1
2025-05-18,24,84.714,NO1
2025-05-19,1,83.812,NO1
2025-05-19,2,83.40599999999999,NO1
2025-05-19,3,83.592,NO1
2025-05-19,4,84.357,NO1
2025-05-19,5,84.995,NO1
2025-05-19,6,88.995,NO1
2025-05-19,7,100.197,NO1
2025-05-19,8,102.458,NO1
2025-05-19,9,111.085,NO1
2025-05-19,10,93.97,NO1
2025-05-19,11,84.091,NO1
2025-05-19,12,75.37100000000001,NO1
2025-05-19,13,62.987,NO1
2025-05-19,14,60.436,NO1
2025-05-19,15,63.81,NO1
2025-05-19,16,77.354,NO1
2025-05-19,17,84.22999999999999,NO1
2025-05-19,18,80.05499999999999,NO1
2025-05-19,19,86.30499999999999,NO1
2025-05-19,20,92.706,NO1
2025-05-19,21,95.257,NO1
2025-05-19,22,87.152,NO1
2025-05-19,23,82.595,NO1
2025-05-19,24,85.99199999999999,NO1
2025-05-20,1,89.36699999999999,NO1
2025-05-20,2,85.691,NO1
2025-05-20,3,84.276,NO1
2025-05-20,4,84.091,NO1
2025-05-20,5,81.551,NO1
2025-05-20,6,76.542,NO1
2025-05-20,7,76.171,NO1
2025-05-20,8,83.024,NO1
2025-05-20,9,88.926,NO1
2025-05-20,10,82.931,NO1
2025-05-20,11,76.229,NO1
2025-05-20,12,73.515,NO1
2025-05-20,13,57.328,NO1
2025-05-20,14,55.914,NO1
2025-05-20,15,56.099,NO1
2025-05-20,16,67.057,NO1
2025-05-20,17,83.244,NO1
2025-05-20,18,86.873,NO1
2025-05-20,19,98.504,NO1
2025-05-20,20,104.962,NO1
2025-05-20,21,103.27,NO1
2025-05-20,22,96.208,NO1
2025-05-20,23,89.274,NO1
2025-05-20,24,86.062,NO1
2025-05-21,1,86.96799999999999,NO1
2025-05-21,2,82.317,NO1
2025-05-21,3,78.252,NO1
2025-05-21,4,76.816,NO1
2025-05-21,5,77.724,NO1
2025-05-21,6,78.36699999999999,NO1
2025-05-21,7,82.547,NO1
2025-05-21,8,83.477,NO1
2025-05-21,9,81.525,NO1
2025-05-21,10,75.944,NO1
2025-05-21,11,71.591,NO1
2025-05-21,12,54.492,NO1
2025-05-21,13,49.439,NO1
2025-05-21,14,4.295,NO1
2025-05-21,15,3.56,NO1
2025-05-21,16,5.936999999999999,NO1
2025-05-21,17,34.13,NO1
2025-05-21,18,64.058,NO1
2025-05-21,19,71.672,NO1
2025-05-21,20,73.578,NO1
2025-05-21,21,75.553,NO1
2025-05-21,22,77.15,NO1
2025-05-21,23,75.013,NO1
2025-05-21,24,69.696,NO1
2025-05-22,1,58.959,NO1
2025-05-22,2,53.213,NO1
2025-05-22,3,50.346,NO1
2025-05-22,4,45.406,NO1
2025-05-22,5,36.205,NO1
2025-05-22,6,44.53,NO1
2025-05-22,7,61.896,NO1
2025-05-22,8,67.04299999999999,NO1
2025-05-22,9,62.149,NO1
2025-05-22,10,60.74400000000001,NO1
2025-05-22,11,60.75599999999999,NO1
2025-05-22,12,56.691,NO1
2025-05-22,13,41.053,NO1
2025-05-22,14,27.937,NO1
2025-05-22,15,19.392,NO1
2025-05-22,16,46.43,NO1
2025-05-22,17,55.228,NO1
2025-05-22,18,49.482,NO1
2025-05-22,19,67.124,NO1
2025-05-22,20,79.91799999999999,NO1
2025-05-22,21,89.694,NO1
2025-05-22,22,93.08,NO1
2025-05-22,23,93.287,NO1
2025-05-22,24,87.264,NO1
2025-05-23,1,87.38300000000001,NO1
2025-05-23,2,84.813,NO1
2025-05-23,3,85.59700000000001,NO1
2025-05-23,4,86.185,NO1
2025-05-23,5,87.06,NO1
2025-05-23,6,89.007,NO1
2025-05-23,7,97.868,NO1
2025-05-23,8,121.465,NO1
2025-05-23,9,103.606,NO1
2025-05-23,10,92.291,NO1
2025-05-23,11,80.55,NO1
2025-05-23,12,71.897,NO1
2025-05-23,13,66.021,NO1
2025-05-23,14,62.115,NO1
2025-05-23,15,50.178,NO1
2025-05-23,16,54.845000000000006,NO1
2025-05-23,17,65.917,NO1
2025-05-23,18,70.204,NO1
2025-05-23,19,82.152,NO1
2025-05-23,20,91.197,NO1
2025-05-23,21,99.297,NO1
2025-05-23,22,101.013,NO1
2025-05-23,23,100.138,NO1
2025-05-23,24,94.043,NO1
2025-05-24,1,93.052,NO1
2025-05-24,2,88.99600000000001,NO1
2025-05-24,3,83.82300000000001,NO1
2025-05-24,4,83.558,NO1
2025-05-24,5,82.693,NO1
2025-05-24,6,80.366,NO1
2025-05-24,7,74.732,NO1
2025-05-24,8,71.056,NO1
2025-05-24,9,59.972,NO1
2025-05-24,10,50.34,NO1
2025-05-24,11,45.074,NO1
2025-05-24,12,40.315,NO1
2025-05-24,13,45.016000000000005,NO1
2025-05-24,14,17.894,NO1
2025-05-24,15,6.981999999999999,NO1
2025-05-24,16,21.869,NO1
2025-05-24,17,35.718,NO1
2025-05-24,18,65.387,NO1
2025-05-24,19,75.319,NO1
2025-05-24,20,83.09700000000001,NO1
2025-05-24,21,85.885,NO1
2025-05-24,22,76.575,NO1
2025-05-24,23,77.99199999999999,NO1
2025-05-24,24,76.276,NO1
2025-05-25,1,69.892,NO1
2025-05-25,2,55.49,NO1
2025-05-25,3,26.408,NO1
2025-05-25,4,11.234,NO1
2025-05-25,5,4.551,NO1
2025-05-25,6,2.397,NO1
2025-05-25,7,5.218999999999999,NO1
2025-05-25,8,21.419,NO1
2025-05-25,9,20.417,NO1
2025-05-25,10,18.977,NO1
2025-05-25,11,4.747,NO1
2025-05-25,12,17.433,NO1
2025-05-25,13,18.689,NO1
2025-05-25,14,17.79,NO1
2025-05-25,15,14.506,NO1
2025-05-25,16,13.446000000000002,NO1
2025-05-25,17,16.407,NO1
2025-05-25,18,26.19,NO1
2025-05-25,19,43.714,NO1
2025-05-25,20,63.936,NO1
2025-05-25,21,70.088,NO1
2025-05-25,22,71.966,NO1
2025-05-25,23,73.07300000000001,NO1
2025-05-25,24,66.205,NO1
2025-05-26,1,63.173,NO1
2025-05-26,2,58.45399999999999,NO1
2025-05-26,3,61.841,NO1
2025-05-26,4,56.467,NO1
2025-05-26,5,61.991,NO1
2025-05-26,6,66.228,NO1
2025-05-26,7,70.317,NO1
2025-05-26,8,74.382,NO1
2025-05-26,9,67.652,NO1
2025-05-26,10,59.958000000000006,NO1
2025-05-26,11,50.162,NO1
2025-05-26,12,42.617,NO1
2025-05-26,13,11.599,NO1
2025-05-26,14,25.759,NO1
2025-05-26,15,13.791999999999998,NO1
2025-05-26,16,27.826,NO1
2025-05-26,17,53.826,NO1
2025-05-26,18,61.669,NO1
2025-05-26,19,75.324,NO1
2025-05-26,20,82.558,NO1
2025-05-26,21,100.267,NO1
2025-05-26,22,101.863,NO1
2025-05-26,23,108.742,NO1
2025-05-26,24,92.308,NO1
2025-05-27,1,77.102,NO1
2025-05-27,2,68.599,NO1
2025-05-27,3,45.173,NO1
2025-05-27,4,35.369,NO1
2025-05-27,5,25.704,NO1
2025-05-27,6,25.681,NO1
2025-05-27,7,51.789,NO1
2025-05-27,8,59.152,NO1
2025-05-27,9,56.863,NO1
2025-05-27,10,53.572,NO1
2025-05-27,11,35.323,NO1
2025-05-27,12,26.659,NO1
2025-05-27,13,22.184,NO1
2025-05-27,14,34.242000000000004,NO1
2025-05-27,15,42.146,NO1
2025-05-27,16,47.876,NO1
2025-05-27,17,63.651,NO1
2025-05-27,18,72.94800000000001,NO1
2025-05-27,19,82.026,NO1
2025-05-27,20,90.518,NO1
2025-05-27,21,103.278,NO1
2025-05-27,22,102.311,NO1
2025-05-27,23,94.706,NO1
2025-05-27,24,88.78,NO1
2025-05-28,1,68.852,NO1
2025-05-28,2,66.967,NO1
2025-05-28,3,65.22,NO1
2025-05-28,4,63.36900000000001,NO1
2025-05-28,5,66.346,NO1
2025-05-28,6,68.128,NO1
2025-05-28,7,77.622,NO1
2025-05-28,8,83.232,NO1
2025-05-28,9,81.048,NO1
2025-05-28,10,77.967,NO1
2025-05-28,11,77.324,NO1
2025-05-28,12,70.22,NO1
2025-05-28,13,66.059,NO1
2025-05-28,14,62.128,NO1
2025-05-28,15,60.38099999999999,NO1
2025-05-28,16,60.438,NO1
2025-05-28,17,80.289,NO1
2025-05-28,18,81.289,NO1
2025-05-28,19,83.33500000000001,NO1
2025-05-28,20,87.10499999999999,NO1
2025-05-28,21,88.174,NO1
2025-05-28,22,82.013,NO1
2025-05-28,23,80.163,NO1
2025-05-28,24,77.08200000000001,NO1
2025-05-29,1,81.53,NO1
2025-05-29,2,81.473,NO1
2025-05-29,3,80.714,NO1
2025-05-29,4,77.11699999999999,NO1
2025-05-29,5,78.392,NO1
2025-05-29,6,77.369,NO1
2025-05-29,7,75.186,NO1
2025-05-29,8,76.232,NO1
2025-05-29,9,71.553,NO1
2025-05-29,10,65.898,NO1
2025-05-29,11,60.967,NO1
2025-05-29,12,54.725,NO1
2025-05-29,13,42.415,NO1
2025-05-29,14,4.402,NO1
2025-05-29,15,2.736,NO1
2025-05-29,16,19.426,NO1
2025-05-29,17,10.219,NO1
2025-05-29,18,59.38099999999999,NO1
2025-05-29,19,61.312,NO1
2025-05-29,20,63.53,NO1
2025-05-29,21,70.289,NO1
2025-05-29,22,68.059,NO1
2025-05-29,23,67.059,NO1
2025-05-29,24,62.36900000000001,NO1
2025-05-30,1,55.304,NO1
2025-05-30,2,34.334,NO1
2025-05-30,3,30.433,NO1
2025-05-30,4,31.483,NO1
2025-05-30,5,17.611,NO1
2025-05-30,6,21.154,NO1
2025-05-30,7,55.534000000000006,NO1
2025-05-30,8,61.189,NO1
2025-05-30,9,61.005,NO1
2025-05-30,10,62.759,NO1
2025-05-30,11,55.54600000000001,NO1
2025-05-30,12,42.666,NO1
2025-05-30,13,43.693,NO1
2025-05-30,14,37.646,NO1
2025-05-30,15,51.20700000000001,NO1
2025-05-30,16,58.985,NO1
2025-05-30,17,56.123000000000005,NO1
2025-05-30,18,59.943,NO1
2025-05-30,19,56.608,NO1
2025-05-30,20,62.424,NO1
2025-05-30,21,73.47999999999999,NO1
2025-05-30,22,72.545,NO1
2025-05-30,23,69.856,NO1
2025-05-30,24,35.557,NO1
2025-05-31,1,63.509,NO1
2025-05-31,2,45.54,NO1
2025-05-31,3,45.471,NO1
2025-05-31,4,50.353,NO1
2025-05-31,5,51.841,NO1
2025-05-31,6,56.862,NO1
2025-05-31,7,67.90599999999999,NO1
2025-05-31,8,65.829,NO1
2025-05-31,9,60.370000000000005,NO1
2025-05-31,10,56.758,NO1
2025-05-31,11,45.402,NO1
2025-05-31,12,13.791,NO1
2025-05-31,13,7.236,NO1
2025-05-31,14,33.803,NO1
2025-05-31,15,16.803,NO1
2025-05-31,16,45.044,NO1
2025-05-31,17,53.642,NO1
2025-05-31,18,58.039,NO1
2025-05-31,19,75.696,NO1
2025-05-31,20,77.762,NO1
2025-05-31,21,86.106,NO1
2025-05-31,22,87.664,NO1
2025-05-31,23,87.329,NO1
2025-05-31,24,84.225,NO1
2025-06-01,1,77.462,NO1
2025-06-01,2,75.71900000000001,NO1
2025-06-01,3,75.535,NO1
2025-06-01,4,69.026,NO1
2025-06-01,5,68.979,NO1
2025-06-01,6,58.581,NO1
2025-06-01,7,40.047,NO1
2025-06-01,8,16.723,NO1
2025-06-01,9,3.393,NO1
2025-06-01,10,0.75,NO1
2025-06-01,11,26.117,NO1
2025-06-01,12,8.055,NO1
2025-06-01,13,10.098,NO1
2025-06-01,14,5.609,NO1
2025-06-01,15,2.885,NO1
2025-06-01,16,5.597,NO1
2025-06-01,17,9.706,NO1
2025-06-01,18,36.688,NO1
2025-06-01,19,33.111000000000004,NO1
2025-06-01,20,65.598,NO1
2025-06-01,21,74.761,NO1
2025-06-01,22,75.765,NO1
2025-06-01,23,76.862,NO1
2025-06-01,24,71.94500000000001,NO1
2025-06-02,1,62.511,NO1
2025-06-02,2,46.408,NO1
2025-06-02,3,39.571,NO1
2025-06-02,4,38.938,NO1
2025-06-02,5,39.64,NO1
2025-06-02,6,67.21799999999999,NO1
2025-06-02,7,76.208,NO1
2025-06-02,8,76.047,NO1
2025-06-02,9,82.273,NO1
2025-06-02,10,75.091,NO1
2025-06-02,11,58.586,NO1
2025-06-02,12,53.268,NO1
2025-06-02,13,42.702,NO1
2025-06-02,14,40.527,NO1
2025-06-02,15,43.174,NO1
2025-06-02,16,42.403,NO1
2025-06-02,17,45.948,NO1
2025-06-02,18,52.037,NO1
2025-06-02,19,79.592,NO1
2025-06-02,20,91.597,NO1
2025-06-02,21,119.152,NO1
2025-06-02,22,106.663,NO1
2025-06-02,23,96.396,NO1
2025-06-02,24,82.791,NO1
2025-06-03,1,82.64500000000001,NO1
2025-06-03,2,77.45599999999999,NO1
2025-06-03,3,71.631,NO1
2025-06-03,4,65.311,NO1
2025-06-03,5,64.377,NO1
2025-06-03,6,63.466,NO1
2025-06-03,7,76.741,NO1
2025-06-03,8,88.34299999999999,NO1
2025-06-03,9,70.10900000000001,NO1
2025-06-03,10,56.973,NO1
2025-06-03,11,45.059,NO1
2025-06-03,12,24.208,NO1
2025-06-03,13,6.343,NO1
2025-06-03,14,2.872,NO1
2025-06-03,15,3.01,NO1
2025-06-03,16,6.62,NO1
2025-06-03,17,30.735000000000003,NO1
2025-06-03,18,54.17100000000001,NO1
2025-06-03,19,63.501,NO1
2025-06-03,20,74.515,NO1
2025-06-03,21,84.756,NO1
2025-06-03,22,94.524,NO1
2025-06-03,23,83.868,NO1
2025-06-03,24,59.499,NO1
2025-06-04,1,54.632000000000005,NO1
2025-06-04,2,50.013,NO1
2025-06-04,3,43.056,NO1
2025-06-04,4,39.808,NO1
2025-06-04,5,39.842,NO1
2025-06-04,6,33.565,NO1
2025-06-04,7,54.114,NO1
2025-06-04,8,85.237,NO1
2025-06-04,9,83.325,NO1
2025-06-04,10,55.519000000000005,NO1
2025-06-04,11,55.922,NO1
2025-06-04,12,44.346,NO1
2025-06-04,13,52.939,NO1
2025-06-04,14,43.263,NO1
2025-06-04,15,46.846,NO1
2025-06-04,16,45.049,NO1
2025-06-04,17,54.701,NO1
2025-06-04,18,73.949,NO1
2025-06-04,19,92.09,NO1
2025-06-04,20,99.105,NO1
2025-06-04,21,96.145,NO1
2025-06-04,22,90.927,NO1
2025-06-04,23,75.366,NO1
2025-06-04,24,54.459,NO1
2025-06-05,1,35.698,NO1
2025-06-05,2,34.614,NO1
2025-06-05,3,37.911,NO1
2025-06-05,4,38.026,NO1
2025-06-05,5,42.037,NO1
2025-06-05,6,52.791,NO1
2025-06-05,7,85.054,NO1
2025-06-05,8,100.396,NO1
2025-06-05,9,98.31,NO1
2025-06-05,10,79.763,NO1
2025-06-05,11,67.661,NO1
2025-06-05,12,52.699,NO1
2025-06-05,13,44.573,NO1
2025-06-05,14,40.008,NO1
2025-06-05,15,48.469,NO1
2025-06-05,16,39.536,NO1
2025-06-05,17,57.287,NO1
2025-06-05,18,76.813,NO1
2025-06-05,19,86.61,NO1
2025-06-05,20,75.637,NO1
2025-06-05,21,72.029,NO1
2025-06-05,22,85.112,NO1
2025-06-05,23,91.324,NO1
2025-06-05,24,80.397,NO1
2025-06-06,1,48.781,NO1
2025-06-06,2,40.046,NO1
2025-06-06,3,51.339,NO1
2025-06-06,4,52.768,NO1
2025-06-06,5,53.137,NO1
2025-06-06,6,64.88,NO1
2025-06-06,7,67.704,NO1
2025-06-06,8,70.262,NO1
2025-06-06,9,56.064,NO1
2025-06-06,10,48.481,NO1
2025-06-06,11,50.544,NO1
2025-06-06,12,46.188,NO1
2025-06-06,13,45.163,NO1
2025-06-06,14,39.124,NO1
2025-06-06,15,46.557,NO1
2025-06-06,16,52.526,NO1
2025-06-06,17,52.319,NO1
2025-06-06,18,52.711,NO1
2025-06-06,19,52.791,NO1
2025-06-06,20,73.408,NO1
2025-06-06,21,75.183,NO1
2025-06-06,22,74.341,NO1
2025-06-06,23,72.958,NO1
2025-06-06,24,66.989,NO1
2025-06-07,1,46.96,NO1
2025-06-07,2,42.8,NO1
2025-06-07,3,38.928,NO1
2025-06-07,4,26.574,NO1
2025-06-07,5,24.684,NO1
2025-06-07,6,24.869,NO1
2025-06-07,7,34.146,NO1
2025-06-07,8,39.896,NO1
2025-06-07,9,43.618,NO1
2025-06-07,10,44.679,NO1
2025-06-07,11,47.779,NO1
2025-06-07,12,46.615,NO1
2025-06-07,13,42.397000000000006,NO1
2025-06-07,14,34.18,NO1
2025-06-07,15,26.159,NO1
2025-06-07,16,43.203,NO1
2025-06-07,17,42.385000000000005,NO1
2025-06-07,18,43.48,NO1
2025-06-07,19,68.107,NO1
2025-06-07,20,77.499,NO1
2025-06-07,21,83.779,NO1
2025-06-07,22,89.438,NO1
2025-06-07,23,89.369,NO1
2025-06-07,24,80.48400000000001,NO1
2025-06-08,1,84.091,NO1
2025-06-08,2,82.42,NO1
2025-06-08,3,78.329,NO1
2025-06-08,4,72.12899999999999,NO1
2025-06-08,5,68.084,NO1
2025-06-08,6,56.479,NO1
2025-06-08,7,39.251,NO1
2025-06-08,8,4.195,NO1
2025-06-08,9,2.674,NO1
2025-06-08,10,1.129,NO1
2025-06-08,11,1.717,NO1
2025-06-08,12,12.262,NO1
2025-06-08,13,1.152,NO1
2025-06-08,14,1.1869999999999998,NO1
2025-06-08,15,1.152,NO1
2025-06-08,16,1.394,NO1
2025-06-08,17,1.994,NO1
2025-06-08,18,4.886,NO1
2025-06-08,19,19.349,NO1
2025-06-08,20,46.868,NO1
2025-06-08,21,62.264,NO1
2025-06-08,22,68.026,NO1
2025-06-08,23,68.775,NO1
2025-06-08,24,54.958000000000006,NO1
2025-06-09,1,43.78,NO1
2025-06-09,2,14.497,NO1
2025-06-09,3,14.105,NO1
2025-06-09,4,14.163,NO1
2025-06-09,5,21.1,NO1
2025-06-09,6,41.025,NO1
2025-06-09,7,51.777,NO1
2025-06-09,8,46.419,NO1
2025-06-09,9,18.127,NO1
2025-06-09,10,14.601,NO1
2025-06-09,11,14.347,NO1
2025-06-09,12,12.573,NO1
2025-06-09,13,13.816999999999998,NO1
2025-06-09,14,42.132,NO1
2025-06-09,15,51.639,NO1
2025-06-09,16,52.861,NO1
2025-06-09,17,59.026,NO1
2025-06-09,18,67.899,NO1
2025-06-09,19,67.865,NO1
2025-06-09,20,69.962,NO1
2025-06-09,21,72.336,NO1
2025-06-09,22,74.16799999999999,NO1
2025-06-09,23,73.673,NO1
2025-06-09,24,73.466,NO1
2025-06-10,1,71.76,NO1
2025-06-10,2,71.127,NO1
2025-06-10,3,68.399,NO1
2025-06-10,4,60.713,NO1
2025-06-10,5,55.316,NO1
2025-06-10,6,61.368,NO1
2025-06-10,7,68.584,NO1
2025-06-10,8,73.934,NO1
2025-06-10,9,75.96000000000001,NO1
2025-06-10,10,65.442,NO1
2025-06-10,11,62.38099999999999,NO1
2025-06-10,12,56.616,NO1
2025-06-10,13,52.968,NO1
2025-06-10,14,52.416,NO1
2025-06-10,15,56.029,NO1
2025-06-10,16,59.355,NO1
2025-06-10,17,60.011,NO1
2025-06-10,18,63.55499999999999,NO1
2025-06-10,19,65.741,NO1
2025-06-10,20,67.099,NO1
2025-06-10,21,71.69,NO1
2025-06-10,22,74.464,NO1
2025-06-10,23,77.11,NO1
2025-06-10,24,75.637,NO1
2025-06-11,1,72.426,NO1
2025-06-11,2,70.795,NO1
2025-06-11,3,70.599,NO1
2025-06-11,4,69.85900000000001,NO1
2025-06-11,5,71.397,NO1
2025-06-11,6,74.022,NO1
2025-06-11,7,76.336,NO1
2025-06-11,8,79.944,NO1
2025-06-11,9,76.127,NO1
2025-06-11,10,72.461,NO1
2025-06-11,11,59.727,NO1
2025-06-11,12,55.297,NO1
2025-06-11,13,50.254000000000005,NO1
2025-06-11,14,49.757,NO1
2025-06-11,15,50.971,NO1
2025-06-11,16,55.019000000000005,NO1
2025-06-11,17,57.946000000000005,NO1
2025-06-11,18,63.532,NO1
2025-06-11,19,72.692,NO1
2025-06-11,20,79.296,NO1
2025-06-11,21,97.467,NO1
2025-06-11,22,107.252,NO1
2025-06-11,23,87.034,NO1
2025-06-11,24,76.151,NO1
2025-06-12,1,85.601,NO1
2025-06-12,2,74.976,NO1
2025-06-12,3,71.25,NO1
2025-06-12,4,69.791,NO1
2025-06-12,5,66.84,NO1
2025-06-12,6,67.187,NO1
2025-06-12,7,69.398,NO1
2025-06-12,8,71.944,NO1
2025-06-12,9,69.942,NO1
2025-06-12,10,63.495000000000005,NO1
2025-06-12,11,56.736,NO1
2025-06-12,12,51.203,NO1
2025-06-12,13,36.759,NO1
2025-06-12,14,44.039,NO1
2025-06-12,15,44.051,NO1
2025-06-12,16,55.092,NO1
2025-06-12,17,59.027,NO1
2025-06-12,18,56.724,NO1
2025-06-12,19,69.08500000000001,NO1
2025-06-12,20,74.398,NO1
2025-06-12,21,78.252,NO1
2025-06-12,22,78.935,NO1
2025-06-12,23,79.849,NO1
2025-06-12,24,80.428,NO1
2025-06-13,1,69.874,NO1
2025-06-13,2,67.047,NO1
2025-06-13,3,63.992,NO1
2025-06-13,4,64.62100000000001,NO1
2025-06-13,5,64.862,NO1
2025-06-13,6,66.029,NO1
2025-06-13,7,69.027,NO1
2025-06-13,8,69.268,NO1
2025-06-13,9,67.86,NO1
2025-06-13,10,59.426,NO1
2025-06-13,11,56.977,NO1
2025-06-13,12,53.338,NO1
2025-06-13,13,33.117000000000004,NO1
2025-06-13,14,34.079,NO1
2025-06-13,15,32.305,NO1
2025-06-13,16,45.98,NO1
2025-06-13,17,56.371,NO1
2025-06-13,18,62.779,NO1
2025-06-13,19,68.306,NO1
2025-06-13,20,70.423,NO1
2025-06-13,21,72.861,NO1
2025-06-13,22,73.181,NO1
2025-06-13,23,73.307,NO1
2025-06-13,24,70.789,NO1
2025-06-14,1,72.06,NO1
2025-06-14,2,66.979,NO1
2025-06-14,3,60.49,NO1
2025-06-14,4,60.43300000000001,NO1
2025-06-14,5,59.083000000000006,NO1
2025-06-14,6,47.216,NO1
2025-06-14,7,45.099,NO1
2025-06-14,8,41.094,NO1
2025-06-14,9,33.93,NO1
2025-06-14,10,9.967,NO1
2025-06-14,11,9.738,NO1
2025-06-14,12,6.4430000000000005,NO1
2025-06-14,13,0.183,NO1
2025-06-14,14,-4.886,NO1
2025-06-14,15,-8.216,NO1
2025-06-14,16,26.0,NO1
2025-06-14,17,51.645,NO1
2025-06-14,18,63.225,NO1
2025-06-14,19,67.128,NO1
2025-06-14,20,73.58200000000001,NO1
2025-06-14,21,81.478,NO1
2025-06-14,22,84.396,NO1
2025-06-14,23,85.357,NO1
2025-06-14,24,82.542,NO1
2025-06-15,1,76.866,NO1
2025-06-15,2,75.001,NO1
2025-06-15,3,74.737,NO1
2025-06-15,4,73.811,NO1
2025-06-15,5,71.613,NO1
2025-06-15,6,69.142,NO1
2025-06-15,7,66.063,NO1
2025-06-15,8,59.884,NO1
2025-06-15,9,58.511,NO1
2025-06-15,10,44.744,NO1
2025-06-15,11,33.083,NO1
2025-06-15,12,7.334999999999999,NO1
2025-06-15,13,0.572,NO1
2025-06-15,14,-3.467,NO1
2025-06-15,15,-0.607,NO1
2025-06-15,16,1.133,NO1
2025-06-15,17,46.77,NO1
2025-06-15,18,66.03999999999999,NO1
2025-06-15,19,74.108,NO1
2025-06-15,20,84.51,NO1
2025-06-15,21,96.949,NO1
2025-06-15,22,115.888,NO1
2025-06-15,23,93.631,NO1
2025-06-15,24,88.447,NO1
2025-06-16,1,82.36699999999999,NO1
2025-06-16,2,79.122,NO1
2025-06-16,3,75.797,NO1
2025-06-16,4,77.368,NO1
2025-06-16,5,75.132,NO1
2025-06-16,6,74.111,NO1
2025-06-16,7,75.35,NO1
2025-06-16,8,94.178,NO1
2025-06-16,9,83.388,NO1
2025-06-16,10,74.15700000000001,NO1
2025-06-16,11,66.692,NO1
2025-06-16,12,68.275,NO1
2025-06-16,13,54.652,NO1
2025-06-16,14,39.424,NO1
2025-06-16,15,45.627,NO1
2025-06-16,16,54.06699999999999,NO1
2025-06-16,17,65.465,NO1
2025-06-16,18,68.297,NO1
2025-06-16,19,71.887,NO1
2025-06-16,20,74.857,NO1
2025-06-16,21,76.84,NO1
2025-06-16,22,79.226,NO1
2025-06-16,23,78.836,NO1
2025-06-16,24,74.214,NO1
2025-06-17,1,78.644,NO1
2025-06-17,2,75.013,NO1
2025-06-17,3,76.748,NO1
2025-06-17,4,78.061,NO1
2025-06-17,5,77.502,NO1
2025-06-17,6,74.15700000000001,NO1
2025-06-17,7,75.139,NO1
2025-06-17,8,74.396,NO1
2025-06-17,9,74.202,NO1
2025-06-17,10,68.014,NO1
2025-06-17,11,62.248000000000005,NO1
2025-06-17,12,52.92,NO1
2025-06-17,13,49.472,NO1
2025-06-17,14,49.335,NO1
2025-06-17,15,50.443,NO1
2025-06-17,16,55.05499999999999,NO1
2025-06-17,17,65.479,NO1
2025-06-17,18,66.005,NO1
2025-06-17,19,71.599,NO1
2025-06-17,20,73.015,NO1
2025-06-17,21,82.743,NO1
2025-06-17,22,93.703,NO1
2025-06-17,23,98.385,NO1
2025-06-17,24,76.337,NO1
2025-06-18,1,83.091,NO1
2025-06-18,2,73.216,NO1
2025-06-18,3,31.218,NO1
2025-06-18,4,54.002,NO1
2025-06-18,5,77.736,NO1
2025-06-18,6,79.09700000000001,NO1
2025-06-18,7,80.368,NO1
2025-06-18,8,79.452,NO1
2025-06-18,9,75.85900000000001,NO1
2025-06-18,10,72.666,NO1
2025-06-18,11,66.933,NO1
2025-06-18,12,53.384,NO1
2025-06-18,13,37.981,NO1
2025-06-18,14,9.132,NO1
2025-06-18,15,8.537,NO1
2025-06-18,16,35.841,NO1
2025-06-18,17,51.404,NO1
2025-06-18,18,63.798,NO1
2025-06-18,19,71.625,NO1
2025-06-18,20,73.627,NO1
2025-06-18,21,83.0,NO1
2025-06-18,22,83.34299999999999,NO1
2025-06-18,23,81.935,NO1
2025-06-18,24,80.562,NO1
2025-06-19,1,74.932,NO1
2025-06-19,2,71.991,NO1
2025-06-19,3,68.624,NO1
2025-06-19,4,26.765,NO1
2025-06-19,5,11.912,NO1
2025-06-19,6,33.038,NO1
2025-06-19,7,66.179,NO1
2025-06-19,8,67.09,NO1
2025-06-19,9,62.374,NO1
2025-06-19,10,38.135000000000005,NO1
2025-06-19,11,35.69,NO1
2025-06-19,12,22.14,NO1
2025-06-19,13,17.851,NO1
2025-06-19,14,14.691,NO1
2025-06-19,15,19.523,NO1
2025-06-19,16,34.145,NO1
2025-06-19,17,45.065,NO1
2025-06-19,18,58.799,NO1
2025-06-19,19,65.776,NO1
2025-06-19,20,74.228,NO1
2025-06-19,21,87.259,NO1
2025-06-19,22,94.616,NO1
2025-06-19,23,88.896,NO1
2025-06-19,24,85.126,NO1
2025-06-20,1,75.074,NO1
2025-06-20,2,72.10499999999999,NO1
2025-06-20,3,71.815,NO1
2025-06-20,4,73.89099999999999,NO1
2025-06-20,5,46.021,NO1
2025-06-20,6,75.561,NO1
2025-06-20,7,74.935,NO1
2025-06-20,8,81.731,NO1
2025-06-20,9,81.522,NO1
2025-06-20,10,77.277,NO1
2025-06-20,11,73.346,NO1
2025-06-20,12,67.59299999999999,NO1
2025-06-20,13,64.125,NO1
2025-06-20,14,62.873000000000005,NO1
2025-06-20,15,66.549,NO1
2025-06-20,16,69.066,NO1
2025-06-20,17,74.598,NO1
2025-06-20,18,76.21000000000001,NO1
2025-06-20,19,80.015,NO1
2025-06-20,20,79.562,NO1
2025-06-20,21,92.784,NO1
2025-06-20,22,88.481,NO1
2025-06-20,23,83.123,NO1
2025-06-20,24,85.90599999999999,NO1
2025-06-21,1,77.034,NO1
2025-06-21,2,77.196,NO1
2025-06-21,3,76.976,NO1
2025-06-21,4,83.796,NO1
2025-06-21,5,76.12899999999999,NO1
2025-06-21,6,73.056,NO1
2025-06-21,7,71.931,NO1
2025-06-21,8,69.182,NO1
2025-06-21,9,66.75800000000001,NO1
2025-06-21,10,67.257,NO1
2025-06-21,11,64.659,NO1
2025-06-21,12,49.709,NO1
2025-06-21,13,40.384,NO1
2025-06-21,14,40.651,NO1
2025-06-21,15,37.67,NO1
2025-06-21,16,44.502,NO1
2025-06-21,17,49.605,NO1
2025-06-21,18,67.69800000000001,NO1
2025-06-21,19,76.92999999999999,NO1
2025-06-21,20,76.80199999999999,NO1
2025-06-21,21,82.183,NO1
2025-06-21,22,93.202,NO1
2025-06-21,23,100.091,NO1
2025-06-21,24,95.962,NO1
2025-06-22,1,70.643,NO1
2025-06-22,2,70.632,NO1
2025-06-22,3,70.655,NO1
2025-06-22,4,72.28999999999999,NO1
2025-06-22,5,71.826,NO1
2025-06-22,6,69.089,NO1
2025-06-22,7,64.578,NO1
2025-06-22,8,58.55800000000001,NO1
2025-06-22,9,21.387,NO1
2025-06-22,10,1.519,NO1
2025-06-22,11,0.939,NO1
2025-06-22,12,-6.7620000000000005,NO1
2025-06-22,13,-0.6839999999999999,NO1
2025-06-22,14,-1.113,NO1
2025-06-22,15,-1.705,NO1
2025-06-22,16,3.955,NO1
2025-06-22,17,31.036,NO1
2025-06-22,18,57.746,NO1
2025-06-22,19,62.966,NO1
2025-06-22,20,67.929,NO1
2025-06-22,21,72.128,NO1
2025-06-22,22,70.806,NO1
2025-06-22,23,76.5,NO1
2025-06-22,24,75.399,NO1
2025-06-23,1,66.249,NO1
2025-06-23,2,62.633,NO1
2025-06-23,3,59.939,NO1
2025-06-23,4,44.823,NO1
2025-06-23,5,30.29,NO1
2025-06-23,6,22.79,NO1
2025-06-23,7,50.538,NO1
2025-06-23,8,53.792,NO1
2025-06-23,9,55.32000000000001,NO1
2025-06-23,10,31.212,NO1
2025-06-23,11,50.141000000000005,NO1
2025-06-23,12,3.114,NO1
2025-06-23,13,1.108,NO1
2025-06-23,14,0.105,NO1
2025-06-23,15,0.373,NO1
2025-06-23,16,0.537,NO1
2025-06-23,17,0.921,NO1
2025-06-23,18,1.54,NO1
2025-06-23,19,3.499,NO1
2025-06-23,20,49.22,NO1
2025-06-23,21,55.647000000000006,NO1
2025-06-23,22,63.298,NO1
2025-06-23,23,64.814,NO1
2025-06-23,24,65.491,NO1
2025-06-24,1,62.05499999999999,NO1
2025-06-24,2,58.46,NO1
2025-06-24,3,44.779,NO1
2025-06-24,4,41.382,NO1
2025-06-24,5,29.692,NO1
2025-06-24,6,53.4,NO1
2025-06-24,7,55.90599999999999,NO1
2025-06-24,8,56.913,NO1
2025-06-24,9,57.487,NO1
2025-06-24,10,44.65,NO1
2025-06-24,11,35.291000000000004,NO1
2025-06-24,12,26.706,NO1
2025-06-24,13,32.187,NO1
2025-06-24,14,0.398,NO1
2025-06-24,15,12.158,NO1
2025-06-24,16,21.716,NO1
2025-06-24,17,57.956,NO1
2025-06-24,18,45.107,NO1
2025-06-24,19,63.297,NO1
2025-06-24,20,67.268,NO1
2025-06-24,21,70.067,NO1
2025-06-24,22,70.079,NO1
2025-06-24,23,69.997,NO1
2025-06-24,24,69.89099999999999,NO1
2025-06-25,1,66.663,NO1
2025-06-25,2,66.686,NO1
2025-06-25,3,62.221,NO1
2025-06-25,4,60.807,NO1
2025-06-25,5,61.325,NO1
2025-06-25,6,69.738,NO1
2025-06-25,7,69.89099999999999,NO1
2025-06-25,8,67.134,NO1
2025-06-25,9,64.12899999999999,NO1
2025-06-25,10,64.059,NO1
2025-06-25,11,58.733,NO1
2025-06-25,12,56.825,NO1
2025-06-25,13,54.928,NO1
2025-06-25,14,43.617,NO1
2025-06-25,15,60.018,NO1
2025-06-25,16,60.995000000000005,NO1
2025-06-25,17,65.80199999999999,NO1
2025-06-25,18,68.241,NO1
2025-06-25,19,67.287,NO1
2025-06-25,20,69.797,NO1
2025-06-25,21,76.783,NO1
2025-06-25,22,76.819,NO1
2025-06-25,23,74.745,NO1
2025-06-25,24,74.297,NO1
2025-06-26,1,66.292,NO1
2025-06-26,2,63.209,NO1
2025-06-26,3,63.587,NO1
2025-06-26,4,65.24,NO1
2025-06-26,5,65.89,NO1
2025-06-26,6,66.989,NO1
2025-06-26,7,66.44500000000001,NO1
2025-06-26,8,69.88300000000001,NO1
2025-06-26,9,76.202,NO1
2025-06-26,10,77.183,NO1
2025-06-26,11,76.037,NO1
2025-06-26,12,73.308,NO1
2025-06-26,13,68.961,NO1
2025-06-26,14,60.03099999999999,NO1
2025-06-26,15,52.353,NO1
2025-06-26,16,54.491,NO1
2025-06-26,17,64.047,NO1
2025-06-26,18,68.02799999999999,NO1
2025-06-26,19,77.998,NO1
2025-06-26,20,82.947,NO1
2025-06-26,21,98.02,NO1
2025-06-26,22,97.028,NO1
2025-06-26,23,77.277,NO1
2025-06-26,24,71.182,NO1
2025-06-27,1,68.924,NO1
2025-06-27,2,67.049,NO1
2025-06-27,3,62.816,NO1
2025-06-27,4,58.123000000000005,NO1
2025-06-27,5,53.606,NO1
2025-06-27,6,54.243,NO1
2025-06-27,7,59.892,NO1
2025-06-27,8,63.677,NO1
2025-06-27,9,67.203,NO1
2025-06-27,10,66.271,NO1
2025-06-27,11,65.021,NO1
2025-06-27,12,56.307,NO1
2025-06-27,13,55.812,NO1
2025-06-27,14,16.45,NO1
2025-06-27,15,27.664,NO1
2025-06-27,16,36.496,NO1
2025-06-27,17,52.427,NO1
2025-06-27,18,52.38,NO1
2025-06-27,19,32.994,NO1
2025-06-27,20,59.84400000000001,NO1
2025-06-27,21,16.721,NO1
2025-06-27,22,17.228,NO1
2025-06-27,23,25.223,NO1
2025-06-27,24,14.080000000000002,NO1
2025-06-28,1,11.827,NO1
2025-06-28,2,10.967,NO1
2025-06-28,3,10.224,NO1
2025-06-28,4,10.129,NO1
2025-06-28,5,8.478,NO1
2025-06-28,6,8.761,NO1
2025-06-28,7,8.514,NO1
2025-06-28,8,13.761,NO1
2025-06-28,9,13.466,NO1
2025-06-28,10,5.212,NO1
2025-06-28,11,0.354,NO1
2025-06-28,12,0.0829999999999999,NO1
2025-06-28,13,-0.554,NO1
2025-06-28,14,-1.745,NO1
2025-06-28,15,-1.462,NO1
2025-06-28,16,0.047,NO1
2025-06-28,17,2.547,NO1
2025-06-28,18,9.74,NO1
2025-06-28,19,9.728,NO1
2025-06-28,20,9.469,NO1
2025-06-28,21,7.122,NO1
2025-06-28,22,3.868,NO1
2025-06-28,23,2.311,NO1
2025-06-28,24,2.264,NO1
2025-06-29,1,7.970999999999999,NO1
2025-06-29,2,5.436,NO1
2025-06-29,3,5.259,NO1
2025-06-29,4,5.212,NO1
2025-06-29,5,4.811,NO1
2025-06-29,6,4.858,NO1
2025-06-29,7,4.74,NO1
2025-06-29,8,4.21,NO1
2025-06-29,9,3.773,NO1
2025-06-29,10,1.1789999999999998,NO1
2025-06-29,11,2.134,NO1
2025-06-29,12,-0.0349999999999999,NO1
2025-06-29,13,-4.729,NO1
2025-06-29,14,-9.528,NO1
2025-06-29,15,-1.085,NO1
2025-06-29,16,1.285,NO1
2025-06-29,17,7.723999999999999,NO1
2025-06-29,18,0.0829999999999999,NO1
2025-06-29,19,45.694,NO1
2025-06-29,20,9.811,NO1
2025-06-29,21,10.495,NO1
2025-06-29,22,1.946,NO1
2025-06-29,23,0.448,NO1
2025-06-29,24,-1.368,NO1
2025-06-30,1,-0.2009999999999999,NO1
2025-06-30,2,-0.237,NO1
2025-06-30,3,-1.444,NO1
2025-06-30,4,-1.905,NO1
2025-06-30,5,-1.456,NO1
2025-06-30,6,1.408,NO1
2025-06-30,7,58.001,NO1
2025-06-30,8,62.155,NO1
2025-06-30,9,62.391,NO1
2025-06-30,10,59.599,NO1
2025-06-30,11,56.522000000000006,NO1
2025-06-30,12,55.989,NO1
2025-06-30,13,49.823,NO1
2025-06-30,14,33.93,NO1
2025-06-30,15,44.072,NO1
2025-06-30,16,51.598,NO1
2025-06-30,17,58.841,NO1
2025-06-30,18,64.072,NO1
2025-06-30,19,72.34400000000001,NO1
2025-06-30,20,75.729,NO1
2025-06-30,21,77.35,NO1
2025-06-30,22,77.114,NO1
2025-06-30,23,72.735,NO1
2025-06-30,24,65.007,NO1
2025-07-01,1,61.686,NO1
2025-07-01,2,58.014,NO1
2025-07-01,3,60.3,NO1
2025-07-01,4,59.388,NO1
2025-07-01,5,55.16,NO1
2025-07-01,6,60.478,NO1
2025-07-01,7,60.289,NO1
2025-07-01,8,63.321000000000005,NO1
2025-07-01,9,63.356,NO1
2025-07-01,10,60.063,NO1
2025-07-01,11,58.571000000000005,NO1
2025-07-01,12,30.973000000000003,NO1
2025-07-01,13,16.736,NO1
2025-07-01,14,15.327000000000002,NO1
2025-07-01,15,33.483999999999995,NO1
2025-07-01,16,18.868,NO1
2025-07-01,17,58.595000000000006,NO1
2025-07-01,18,59.14,NO1
2025-07-01,19,69.385,NO1
2025-07-01,20,71.671,NO1
2025-07-01,21,69.113,NO1
2025-07-01,22,72.512,NO1
2025-07-01,23,65.998,NO1
2025-07-01,24,61.816,NO1
2025-07-02,1,57.585,NO1
2025-07-02,2,57.632000000000005,NO1
2025-07-02,3,56.23,NO1
2025-07-02,4,54.912,NO1
2025-07-02,5,55.399,NO1
2025-07-02,6,56.646,NO1
2025-07-02,7,58.095000000000006,NO1
2025-07-02,8,62.846,NO1
2025-07-02,9,63.215,NO1
2025-07-02,10,60.447,NO1
2025-07-02,11,58.891,NO1
2025-07-02,12,55.565,NO1
2025-07-02,13,49.436,NO1
2025-07-02,14,47.429,NO1
2025-07-02,15,53.297,NO1
2025-07-02,16,56.124,NO1
2025-07-02,17,58.83200000000001,NO1
2025-07-02,18,60.78,NO1
2025-07-02,19,67.62100000000001,NO1
2025-07-02,20,65.852,NO1
2025-07-02,21,64.711,NO1
2025-07-02,22,67.063,NO1
2025-07-02,23,63.417,NO1
2025-07-02,24,59.734,NO1
2025-07-03,1,58.188,NO1
2025-07-03,2,56.288,NO1
2025-07-03,3,56.133,NO1
2025-07-03,4,54.96900000000001,NO1
2025-07-03,5,46.883,NO1
2025-07-03,6,15.996,NO1
2025-07-03,7,53.176,NO1
2025-07-03,8,54.019000000000005,NO1
2025-07-03,9,53.378,NO1
2025-07-03,10,54.05499999999999,NO1
2025-07-03,11,21.541,NO1
2025-07-03,12,19.843,NO1
2025-07-03,13,26.909,NO1
2025-07-03,14,28.821,NO1
2025-07-03,15,27.704,NO1
2025-07-03,16,21.874,NO1
2025-07-03,17,18.264,NO1
2025-07-03,18,17.491999999999997,NO1
2025-07-03,19,16.827,NO1
2025-07-03,20,14.226,NO1
2025-07-03,21,15.782,NO1
2025-07-03,22,55.991,NO1
2025-07-03,23,23.097,NO1
2025-07-03,24,28.156,NO1
2025-07-04,1,63.346,NO1
2025-07-04,2,62.292,NO1
2025-07-04,3,48.561,NO1
2025-07-04,4,25.921,NO1
2025-07-04,5,29.854000000000003,NO1
2025-07-04,6,62.24400000000001,NO1
2025-07-04,7,65.692,NO1
2025-07-04,8,65.05199999999999,NO1
2025-07-04,9,62.528,NO1
2025-07-04,10,59.093,NO1
2025-07-04,11,57.174,NO1
2025-07-04,12,56.569,NO1
2025-07-04,13,39.119,NO1
2025-07-04,14,15.65,NO1
2025-07-04,15,3.068,NO1
2025-07-04,16,28.421,NO1
2025-07-04,17,44.403,NO1
2025-07-04,18,56.178,NO1
2025-07-04,19,57.233,NO1
2025-07-04,20,61.96,NO1
2025-07-04,21,65.21799999999999,NO1
2025-07-04,22,63.843,NO1
2025-07-04,23,63.535,NO1
2025-07-04,24,32.176,NO1
2025-07-05,1,21.905,NO1
2025-07-05,2,14.809,NO1
2025-07-05,3,14.547999999999998,NO1
2025-07-05,4,14.359,NO1
2025-07-05,5,13.138,NO1
2025-07-05,6,9.786,NO1
2025-07-05,7,7.618,NO1
2025-07-05,8,9.951,NO1
2025-07-05,9,7.273999999999999,NO1
2025-07-05,10,22.379,NO1
2025-07-05,11,16.811,NO1
2025-07-05,12,2.168,NO1
2025-07-05,13,0.675,NO1
2025-07-05,14,0.438,NO1
2025-07-05,15,0.7230000000000001,NO1
2025-07-05,16,4.194,NO1
2025-07-05,17,17.131,NO1
2025-07-05,18,21.301,NO1
2025-07-05,19,47.352,NO1
2025-07-05,20,56.605,NO1
2025-07-05,21,58.83200000000001,NO1
2025-07-05,22,59.981,NO1
2025-07-05,23,58.453,NO1
2025-07-05,24,22.012,NO1
2025-07-06,1,13.103,NO1
2025-07-06,2,11.93,NO1
2025-07-06,3,12.297,NO1
2025-07-06,4,10.982,NO1
2025-07-06,5,11.207,NO1
2025-07-06,6,12.096,NO1
2025-07-06,7,12.025,NO1
2025-07-06,8,13.577000000000002,NO1
2025-07-06,9,18.351,NO1
2025-07-06,10,16.941,NO1
2025-07-06,11,24.559,NO1
2025-07-06,12,24.144,NO1
2025-07-06,13,23.694,NO1
2025-07-06,14,32.058,NO1
2025-07-06,15,17.925,NO1
2025-07-06,16,20.329,NO1
2025-07-06,17,35.02,NO1
2025-07-06,18,62.73,NO1
2025-07-06,19,65.739,NO1
2025-07-06,20,70.17,NO1
2025-07-06,21,73.025,NO1
2025-07-06,22,69.96799999999999,NO1
2025-07-06,23,70.158,NO1
2025-07-06,24,67.101,NO1
2025-07-07,1,62.63099999999999,NO1
2025-07-07,2,61.361,NO1
2025-07-07,3,60.814,NO1
2025-07-07,4,60.09,NO1
2025-07-07,5,60.066,NO1
2025-07-07,6,59.722,NO1
2025-07-07,7,58.748000000000005,NO1
2025-07-07,8,60.743,NO1
2025-07-07,9,65.042,NO1
2025-07-07,10,66.87100000000001,NO1
2025-07-07,11,64.401,NO1
2025-07-07,12,62.477,NO1
2025-07-07,13,60.731,NO1
2025-07-07,14,56.694,NO1
2025-07-07,15,57.252,NO1
2025-07-07,16,55.91,NO1
2025-07-07,17,55.981,NO1
2025-07-07,18,55.898,NO1
2025-07-07,19,57.537,NO1
2025-07-07,20,60.814,NO1
2025-07-07,21,61.859,NO1
2025-07-07,22,61.563,NO1
2025-07-07,23,62.323,NO1
2025-07-07,24,63.047,NO1
2025-07-08,1,63.501,NO1
2025-07-08,2,22.689,NO1
2025-07-08,3,22.5,NO1
2025-07-08,4,14.704,NO1
2025-07-08,5,14.645,NO1
2025-07-08,6,22.831,NO1
2025-07-08,7,63.465,NO1
2025-07-08,8,66.04400000000001,NO1
2025-07-08,9,59.372,NO1
2025-07-08,10,58.745000000000005,NO1
2025-07-08,11,58.047,NO1
2025-07-08,12,57.196000000000005,NO1
2025-07-08,13,56.675,NO1
2025-07-08,14,55.327,NO1
2025-07-08,15,68.363,NO1
2025-07-08,16,71.699,NO1
2025-07-08,17,75.413,NO1
2025-07-08,18,75.08200000000001,NO1
2025-07-08,19,59.514,NO1
2025-07-08,20,62.081,NO1
2025-07-08,21,84.829,NO1
2025-07-08,22,86.414,NO1
2025-07-08,23,84.75800000000001,NO1
2025-07-08,24,79.199,NO1
2025-07-09,1,66.224,NO1
2025-07-09,2,63.243,NO1
2025-07-09,3,63.007000000000005,NO1
2025-07-09,4,63.267,NO1
2025-07-09,5,63.03,NO1
2025-07-09,6,63.42100000000001,NO1
2025-07-09,7,62.001,NO1
2025-07-09,8,65.63300000000001,NO1
2025-07-09,9,67.171,NO1
2025-07-09,10,68.034,NO1
2025-07-09,11,65.66799999999999,NO1
2025-07-09,12,65.21900000000001,NO1
2025-07-09,13,64.592,NO1
2025-07-09,14,59.943,NO1
2025-07-09,15,56.95,NO1
2025-07-09,16,61.551,NO1
2025-07-09,17,64.0,NO1
2025-07-09,18,65.55,NO1
2025-07-09,19,66.142,NO1
2025-07-09,20,67.75,NO1
2025-07-09,21,68.649,NO1
2025-07-09,22,67.975,NO1
2025-07-09,23,67.076,NO1
2025-07-09,24,65.041,NO1
2025-07-10,1,64.149,NO1
2025-07-10,2,64.999,NO1
2025-07-10,3,65.09400000000001,NO1
2025-07-10,4,64.976,NO1
2025-07-10,5,64.999,NO1
2025-07-10,6,64.987,NO1
2025-07-10,7,67.631,NO1
2025-07-10,8,68.363,NO1
2025-07-10,9,69.49600000000001,NO1
2025-07-10,10,65.15299999999999,NO1
2025-07-10,11,65.412,NO1
2025-07-10,12,64.964,NO1
2025-07-10,13,59.534000000000006,NO1
2025-07-10,14,52.335,NO1
2025-07-10,15,59.464,NO1
2025-07-10,16,62.94500000000001,NO1
2025-07-10,17,65.341,NO1
2025-07-10,18,64.421,NO1
2025-07-10,19,63.217,NO1
2025-07-10,20,64.751,NO1
2025-07-10,21,63.016,NO1
2025-07-10,22,64.019,NO1
2025-07-10,23,64.397,NO1
2025-07-10,24,63.783,NO1
2025-07-11,1,62.228,NO1
2025-07-11,2,12.99,NO1
2025-07-11,3,13.877,NO1
2025-07-11,4,2.4370000000000003,NO1
2025-07-11,5,12.398,NO1
2025-07-11,6,1.3130000000000002,NO1
2025-07-11,7,16.184,NO1
2025-07-11,8,37.668,NO1
2025-07-11,9,69.753,NO1
2025-07-11,10,60.253,NO1
2025-07-11,11,64.251,NO1
2025-07-11,12,62.583000000000006,NO1
2025-07-11,13,60.288,NO1
2025-07-11,14,56.88099999999999,NO1
2025-07-11,15,55.852,NO1
2025-07-11,16,57.224,NO1
2025-07-11,17,60.702,NO1
2025-07-11,18,60.3,NO1
2025-07-11,19,60.217,NO1
2025-07-11,20,7.441,NO1
2025-07-11,21,6.199,NO1
2025-07-11,22,-1.964,NO1
2025-07-11,23,-2.697,NO1
2025-07-11,24,-1.893,NO1
2025-07-12,1,9.618,NO1
2025-07-12,2,9.027,NO1
2025-07-12,3,8.601,NO1
2025-07-12,4,8.199,NO1
2025-07-12,5,8.199,NO1
2025-07-12,6,8.66,NO1
2025-07-12,7,9.133,NO1
2025-07-12,8,10.162,NO1
2025-07-12,9,10.304,NO1
2025-07-12,10,10.02,NO1
2025-07-12,11,10.281,NO1
2025-07-12,12,14.41,NO1
2025-07-12,13,6.377000000000001,NO1
2025-07-12,14,12.032,NO1
2025-07-12,15,17.829,NO1
2025-07-12,16,9.311,NO1
2025-07-12,17,12.528,NO1
2025-07-12,18,15.498,NO1
2025-07-12,19,61.022000000000006,NO1
2025-07-12,20,62.773,NO1
2025-07-12,21,66.203,NO1
2025-07-12,22,17.225,NO1
2025-07-12,23,0.627,NO1
2025-07-12,24,2.804,NO1
2025-07-13,1,82.80199999999999,NO1
2025-07-13,2,59.306,NO1
2025-07-13,3,49.369,NO1
2025-07-13,4,38.84,NO1
2025-07-13,5,48.529,NO1
2025-07-13,6,51.616,NO1
2025-07-13,7,64.618,NO1
2025-07-13,8,67.41,NO1
2025-07-13,9,66.452,NO1
2025-07-13,10,64.772,NO1
2025-07-13,11,60.466,NO1
2025-07-13,12,58.277,NO1
2025-07-13,13,2.662,NO1
2025-07-13,14,1.242,NO1
2025-07-13,15,44.873000000000005,NO1
2025-07-13,16,61.32899999999999,NO1
2025-07-13,17,63.116,NO1
2025-07-13,18,69.019,NO1
2025-07-13,19,72.237,NO1
2025-07-13,20,76.863,NO1
2025-07-13,21,82.71900000000001,NO1
2025-07-13,22,85.15599999999999,NO1
2025-07-13,23,85.132,NO1
2025-07-13,24,82.257,NO1
2025-07-14,1,81.476,NO1
2025-07-14,2,64.126,NO1
2025-07-14,3,64.64500000000001,NO1
2025-07-14,4,63.748000000000005,NO1
2025-07-14,5,61.73,NO1
2025-07-14,6,80.638,NO1
2025-07-14,7,84.45,NO1
2025-07-14,8,87.873,NO1
2025-07-14,9,86.799,NO1
2025-07-14,10,75.173,NO1
2025-07-14,11,80.95700000000001,NO1
2025-07-14,12,77.569,NO1
2025-07-14,13,77.853,NO1
2025-07-14,14,69.815,NO1
2025-07-14,15,66.876,NO1
2025-07-14,16,68.115,NO1
2025-07-14,17,69.709,NO1
2025-07-14,18,76.967,NO1
2025-07-14,19,74.03999999999999,NO1
2025-07-14,20,75.46799999999999,NO1
2025-07-14,21,83.483,NO1
2025-07-14,22,86.115,NO1
2025-07-14,23,85.713,NO1
2025-07-14,24,84.214,NO1
2025-07-15,1,63.797,NO1
2025-07-15,2,34.617000000000004,NO1
2025-07-15,3,33.905,NO1
2025-07-15,4,30.094,NO1
2025-07-15,5,16.181,NO1
2025-07-15,6,57.126,NO1
2025-07-15,7,69.436,NO1
2025-07-15,8,71.027,NO1
2025-07-15,9,69.365,NO1
2025-07-15,10,65.388,NO1
2025-07-15,11,63.228,NO1
2025-07-15,12,59.737,NO1
2025-07-15,13,56.354,NO1
2025-07-15,14,55.11900000000001,NO1
2025-07-15,15,50.537,NO1
2025-07-15,16,53.576,NO1
2025-07-15,17,60.545,NO1
2025-07-15,18,60.628,NO1
2025-07-15,19,61.720000000000006,NO1
2025-07-15,20,66.587,NO1
2025-07-15,21,69.53099999999999,NO1
2025-07-15,22,69.29400000000001,NO1
2025-07-15,23,70.149,NO1
2025-07-15,24,67.66799999999999,NO1
2025-07-16,1,61.331,NO1
2025-07-16,2,57.138,NO1
2025-07-16,3,55.836,NO1
2025-07-16,4,46.984,NO1
2025-07-16,5,19.269,NO1
2025-07-16,6,36.937,NO1
2025-07-16,7,57.58,NO1
2025-07-16,8,63.385000000000005,NO1
2025-07-16,9,64.58,NO1
2025-07-16,10,63.589,NO1
2025-07-16,11,62.657,NO1
2025-07-16,12,62.0,NO1
2025-07-16,13,58.774,NO1
2025-07-16,14,55.13099999999999,NO1
2025-07-16,15,53.04,NO1
2025-07-16,16,53.79299999999999,NO1
2025-07-16,17,58.703,NO1
2025-07-16,18,61.88,NO1
2025-07-16,19,63.792,NO1
2025-07-16,20,64.7,NO1
2025-07-16,21,63.159000000000006,NO1
2025-07-16,22,63.314,NO1
2025-07-16,23,57.807,NO1
2025-07-16,24,5.316,NO1
2025-07-17,1,4.105,NO1
2025-07-17,2,3.782,NO1
2025-07-17,3,1.185,NO1
2025-07-17,4,1.795,NO1
2025-07-17,5,1.58,NO1
2025-07-17,6,2.537,NO1
2025-07-17,7,5.673,NO1
2025-07-17,8,54.464,NO1
2025-07-17,9,61.214,NO1
2025-07-17,10,59.96900000000001,NO1
2025-07-17,11,56.54600000000001,NO1
2025-07-17,12,53.291,NO1
2025-07-17,13,50.228,NO1
2025-07-17,14,45.907,NO1
2025-07-17,15,44.543,NO1
2025-07-17,16,48.696,NO1
2025-07-17,17,52.035,NO1
2025-07-17,18,54.955,NO1
2025-07-17,19,59.94500000000001,NO1
2025-07-17,20,61.333000000000006,NO1
2025-07-17,21,61.908,NO1
2025-07-17,22,62.111,NO1
2025-07-17,23,60.232000000000006,NO1
2025-07-17,24,58.82000000000001,NO1
2025-07-18,1,58.446000000000005,NO1
2025-07-18,2,57.026,NO1
2025-07-18,3,56.032,NO1
2025-07-18,4,54.825,NO1
2025-07-18,5,53.618,NO1
2025-07-18,6,54.955,NO1
2025-07-18,7,57.665,NO1
2025-07-18,8,56.588,NO1
2025-07-18,9,60.611,NO1
2025-07-18,10,60.04299999999999,NO1
2025-07-18,11,58.138,NO1
2025-07-18,12,57.59400000000001,NO1
2025-07-18,13,56.091,NO1
2025-07-18,14,51.286,NO1
2025-07-18,15,49.866,NO1
2025-07-18,16,51.677,NO1
2025-07-18,17,55.972,NO1
2025-07-18,18,57.854,NO1
2025-07-18,19,63.676,NO1
2025-07-18,20,70.078,NO1
2025-07-18,21,67.747,NO1
2025-07-18,22,64.303,NO1
2025-07-18,23,61.286,NO1
2025-07-18,24,58.552,NO1
2025-07-19,1,57.286,NO1
2025-07-19,2,36.589,NO1
2025-07-19,3,30.424,NO1
2025-07-19,4,24.626,NO1
2025-07-19,5,28.661,NO1
2025-07-19,6,37.003,NO1
2025-07-19,7,47.097,NO1
2025-07-19,8,48.375,NO1
2025-07-19,9,46.304,NO1
2025-07-19,10,44.825,NO1
2025-07-19,11,37.299,NO1
2025-07-19,12,7.562,NO1
2025-07-19,13,3.373,NO1
2025-07-19,14,2.911,NO1
2025-07-19,15,4.473,NO1
2025-07-19,16,28.377,NO1
2025-07-19,17,39.985,NO1
2025-07-19,18,49.843,NO1
2025-07-19,19,55.712,NO1
2025-07-19,20,59.511,NO1
2025-07-19,21,65.191,NO1
2025-07-19,22,71.889,NO1
2025-07-19,23,67.676,NO1
2025-07-19,24,59.357000000000006,NO1
2025-07-20,1,58.836,NO1
2025-07-20,2,56.872,NO1
2025-07-20,3,57.014,NO1
2025-07-20,4,56.505,NO1
2025-07-20,5,54.955,NO1
2025-07-20,6,50.269,NO1
2025-07-20,7,49.926,NO1
2025-07-20,8,47.701,NO1
2025-07-20,9,47.121,NO1
2025-07-20,10,42.222,NO1
2025-07-20,11,20.993,NO1
2025-07-20,12,21.833,NO1
2025-07-20,13,3.029,NO1
2025-07-20,14,4.106,NO1
2025-07-20,15,12.319,NO1
2025-07-20,16,26.365,NO1
2025-07-20,17,46.506,NO1
2025-07-20,18,51.996,NO1
2025-07-20,19,56.41,NO1
2025-07-20,20,57.984,NO1
2025-07-20,21,62.528,NO1
2025-07-20,22,60.375,NO1
2025-07-20,23,58.386,NO1
2025-07-20,24,58.327,NO1
2025-07-21,1,56.197,NO1
2025-07-21,2,52.127,NO1
2025-07-21,3,52.377,NO1
2025-07-21,4,26.212,NO1
2025-07-21,5,51.012,NO1
2025-07-21,6,50.573,NO1
2025-07-21,7,53.1,NO1
2025-07-21,8,58.072,NO1
2025-07-21,9,51.783,NO1
2025-07-21,10,43.702,NO1
2025-07-21,11,26.39,NO1
2025-07-21,12,28.277,NO1
2025-07-21,13,27.719,NO1
2025-07-21,14,32.394,NO1
2025-07-21,15,29.167,NO1
2025-07-21,16,28.573,NO1
2025-07-21,17,51.653,NO1
2025-07-21,18,53.16,NO1
2025-07-21,19,54.714,NO1
2025-07-21,20,61.323,NO1
2025-07-21,21,54.595000000000006,NO1
2025-07-21,22,26.046,NO1
2025-07-21,23,20.184,NO1
2025-07-21,24,13.669999999999998,NO1
2025-07-22,1,16.875999999999998,NO1
2025-07-22,2,12.277,NO1
2025-07-22,3,11.671,NO1
2025-07-22,4,11.195,NO1
2025-07-22,5,12.8,NO1
2025-07-22,6,14.535,NO1
2025-07-22,7,19.015,NO1
2025-07-22,8,22.046,NO1
2025-07-22,9,31.565,NO1
2025-07-22,10,31.007,NO1
2025-07-22,11,27.501,NO1
2025-07-22,12,24.946,NO1
2025-07-22,13,28.856,NO1
2025-07-22,14,11.92,NO1
2025-07-22,15,11.183,NO1
2025-07-22,16,15.486,NO1
2025-07-22,17,32.575,NO1
2025-07-22,18,47.764,NO1
2025-07-22,19,50.901,NO1
2025-07-22,20,52.03,NO1
2025-07-22,21,51.496,NO1
2025-07-22,22,41.501,NO1
2025-07-22,23,36.058,NO1
2025-07-22,24,22.01,NO1
2025-07-23,1,12.09,NO1
2025-07-23,2,12.895,NO1
2025-07-23,3,10.693,NO1
2025-07-23,4,10.29,NO1
2025-07-23,5,10.634,NO1
2025-07-23,6,14.458000000000002,NO1
2025-07-23,7,44.927,NO1
2025-07-23,8,18.65,NO1
2025-07-23,9,50.232,NO1
2025-07-23,10,49.782,NO1
2025-07-23,11,48.811,NO1
2025-07-23,12,45.471,NO1
2025-07-23,13,44.642,NO1
2025-07-23,14,39.598,NO1
2025-07-23,15,38.544,NO1
2025-07-23,16,43.458,NO1
2025-07-23,17,47.698,NO1
2025-07-23,18,55.146,NO1
2025-07-23,19,57.064,NO1
2025-07-23,20,60.7,NO1
2025-07-23,21,63.518,NO1
2025-07-23,22,64.56,NO1
2025-07-23,23,63.624,NO1
2025-07-23,24,62.499,NO1
2025-07-24,1,65.91499999999999,NO1
2025-07-24,2,46.983,NO1
2025-07-24,3,57.542,NO1
2025-07-24,4,57.162,NO1
2025-07-24,5,46.295,NO1
2025-07-24,6,45.748000000000005,NO1
2025-07-24,7,47.684,NO1
2025-07-24,8,76.853,NO1
2025-07-24,9,72.577,NO1
2025-07-24,10,64.10900000000001,NO1
2025-07-24,11,62.66,NO1
2025-07-24,12,62.74400000000001,NO1
2025-07-24,13,66.73400000000001,NO1
2025-07-24,14,66.615,NO1
2025-07-24,15,67.934,NO1
2025-07-24,16,64.181,NO1
2025-07-24,17,67.435,NO1
2025-07-24,18,66.378,NO1
2025-07-24,19,61.39,NO1
2025-07-24,20,64.917,NO1
2025-07-24,21,73.28999999999999,NO1
2025-07-24,22,69.501,NO1
2025-07-24,23,67.459,NO1
2025-07-24,24,67.922,NO1
2025-07-25,1,71.27799999999999,NO1
2025-07-25,2,50.073,NO1
2025-07-25,3,11.804,NO1
2025-07-25,4,11.721,NO1
2025-07-25,5,11.769,NO1
2025-07-25,6,14.232,NO1
2025-07-25,7,19.17,NO1
2025-07-25,8,61.806,NO1
2025-07-25,9,69.41,NO1
2025-07-25,10,65.888,NO1
2025-07-25,11,50.823,NO1
2025-07-25,12,60.402,NO1
2025-07-25,13,55.047,NO1
2025-07-25,14,35.948,NO1
2025-07-25,15,58.7,NO1
2025-07-25,16,58.641,NO1
2025-07-25,17,63.282,NO1
2025-07-25,18,67.185,NO1
2025-07-25,19,67.244,NO1
2025-07-25,20,70.897,NO1
2025-07-25,21,70.70700000000001,NO1
2025-07-25,22,68.91,NO1
2025-07-25,23,70.85,NO1
2025-07-25,24,69.505,NO1
2025-07-26,1,76.026,NO1
2025-07-26,2,74.408,NO1
2025-07-26,3,69.434,NO1
2025-07-26,4,26.25,NO1
2025-07-26,5,24.882,NO1
2025-07-26,6,23.371,NO1
2025-07-26,7,74.36,NO1
2025-07-26,8,67.803,NO1
2025-07-26,9,73.539,NO1
2025-07-26,10,73.099,NO1
2025-07-26,11,67.78,NO1
2025-07-26,12,60.307,NO1
2025-07-26,13,57.605,NO1
2025-07-26,14,47.312,NO1
2025-07-26,15,53.952,NO1
2025-07-26,16,58.510000000000005,NO1
2025-07-26,17,37.329,NO1
2025-07-26,18,72.682,NO1
2025-07-26,19,76.15700000000001,NO1
2025-07-26,20,77.65599999999999,NO1
2025-07-26,21,79.274,NO1
2025-07-26,22,78.775,NO1
2025-07-26,23,78.334,NO1
2025-07-26,24,75.241,NO1
2025-07-27,1,84.808,NO1
2025-07-27,2,83.09400000000001,NO1
2025-07-27,3,80.869,NO1
2025-07-27,4,73.241,NO1
2025-07-27,5,71.44500000000001,NO1
2025-07-27,6,66.792,NO1
2025-07-27,7,65.04299999999999,NO1
2025-07-27,8,69.184,NO1
2025-07-27,9,70.55199999999999,NO1
2025-07-27,10,69.767,NO1
2025-07-27,11,61.889,NO1
2025-07-27,12,60.39,NO1
2025-07-27,13,60.509,NO1
2025-07-27,14,21.241,NO1
2025-07-27,15,15.898,NO1
2025-07-27,16,39.84,NO1
2025-07-27,17,59.593,NO1
2025-07-27,18,64.04299999999999,NO1
2025-07-27,19,66.709,NO1
2025-07-27,20,68.815,NO1
2025-07-27,21,73.146,NO1
2025-07-27,22,72.539,NO1
2025-07-27,23,70.576,NO1
2025-07-27,24,66.709,NO1
2025-07-28,1,74.319,NO1
2025-07-28,2,70.179,NO1
2025-07-28,3,67.32000000000001,NO1
2025-07-28,4,64.971,NO1
2025-07-28,5,64.188,NO1
2025-07-28,6,65.41,NO1
2025-07-28,7,69.60900000000001,NO1
2025-07-28,8,74.247,NO1
2025-07-28,9,85.95599999999999,NO1
2025-07-28,10,84.497,NO1
2025-07-28,11,82.136,NO1
2025-07-28,12,74.14099999999999,NO1
2025-07-28,13,74.224,NO1
2025-07-28,14,69.91799999999999,NO1
2025-07-28,15,65.825,NO1
2025-07-28,16,68.233,NO1
2025-07-28,17,76.988,NO1
2025-07-28,18,80.44,NO1
2025-07-28,19,82.527,NO1
2025-07-28,20,83.987,NO1
2025-07-28,21,83.476,NO1
2025-07-28,22,77.011,NO1
2025-07-28,23,62.18300000000001,NO1
2025-07-28,24,25.267,NO1
2025-07-29,1,24.295,NO1
2025-07-29,2,12.266,NO1
2025-07-29,3,6.912999999999999,NO1
2025-07-29,4,5.932,NO1
2025-07-29,5,6.061999999999999,NO1
2025-07-29,6,7.433,NO1
2025-07-29,7,7.929,NO1
2025-07-29,8,13.246,NO1
2025-07-29,9,14.747,NO1
2025-07-29,10,69.611,NO1
2025-07-29,11,70.864,NO1
2025-07-29,12,13.884,NO1
2025-07-29,13,24.803,NO1
2025-07-29,14,6.015,NO1
2025-07-29,15,4.384,NO1
2025-07-29,16,7.87,NO1
2025-07-29,17,13.719,NO1
2025-07-29,18,21.116,NO1
2025-07-29,19,23.373,NO1
2025-07-29,20,60.42999999999999,NO1
2025-07-29,21,33.63,NO1
2025-07-29,22,23.881,NO1
2025-07-29,23,15.799,NO1
2025-07-29,24,10.15,NO1
2025-07-30,1,85.943,NO1
2025-07-30,2,84.765,NO1
2025-07-30,3,13.428999999999998,NO1
2025-07-30,4,13.158,NO1
2025-07-30,5,15.808000000000002,NO1
2025-07-30,6,42.371,NO1
2025-07-30,7,88.099,NO1
2025-07-30,8,84.70599999999999,NO1
2025-07-30,9,79.523,NO1
2025-07-30,10,76.743,NO1
2025-07-30,11,45.646,NO1
2025-07-30,12,73.775,NO1
2025-07-30,13,34.361000000000004,NO1
2025-07-30,14,24.336,NO1
2025-07-30,15,34.62,NO1
2025-07-30,16,39.626,NO1
2025-07-30,17,62.384,NO1
2025-07-30,18,75.283,NO1
2025-07-30,19,80.183,NO1
2025-07-30,20,83.022,NO1
2025-07-30,21,85.201,NO1
2025-07-30,22,83.28099999999999,NO1
2025-07-30,23,61.253,NO1
2025-07-30,24,42.818,NO1
2025-07-31,1,19.933,NO1
2025-07-31,2,20.31,NO1
2025-07-31,3,21.24,NO1
2025-07-31,4,21.04,NO1
2025-07-31,5,22.583,NO1
2025-07-31,6,23.254,NO1
2025-07-31,7,23.218,NO1
2025-07-31,8,74.08200000000001,NO1
2025-07-31,9,83.36,NO1
2025-07-31,10,76.425,NO1
2025-07-31,11,67.041,NO1
2025-07-31,12,62.343,NO1
2025-07-31,13,48.58,NO1
2025-07-31,14,43.941,NO1
2025-07-31,15,45.295,NO1
2025-07-31,16,57.492,NO1
2025-07-31,17,71.727,NO1
2025-07-31,18,81.146,NO1
2025-07-31,19,81.712,NO1
2025-07-31,20,83.678,NO1
2025-07-31,21,86.221,NO1
2025-07-31,22,83.101,NO1
2025-07-31,23,80.416,NO1
2025-07-31,24,65.876,NO1
2025-08-01,1,71.397,NO1
2025-08-01,2,73.487,NO1
2025-08-01,3,76.98400000000001,NO1
2025-08-01,4,73.17999999999999,NO1
2025-08-01,5,79.34700000000001,NO1
2025-08-01,6,38.829,NO1
2025-08-01,7,63.175,NO1
2025-08-01,8,88.466,NO1
2025-08-01,9,93.9,NO1
2025-08-01,10,89.671,NO1
2025-08-01,11,85.773,NO1
2025-08-01,12,79.925,NO1
2025-08-01,13,79.453,NO1
2025-08-01,14,69.247,NO1
2025-08-01,15,56.512,NO1
2025-08-01,16,56.217,NO1
2025-08-01,17,76.405,NO1
2025-08-01,18,77.894,NO1
2025-08-01,19,78.95700000000001,NO1
2025-08-01,20,87.958,NO1
2025-08-01,21,93.345,NO1
2025-08-01,22,95.022,NO1
2025-08-01,23,88.372,NO1
2025-08-01,24,86.092,NO1
2025-08-02,1,113.604,NO1
2025-08-02,2,103.267,NO1
2025-08-02,3,99.972,NO1
2025-08-02,4,94.975,NO1
2025-08-02,5,92.4,NO1
2025-08-02,6,87.486,NO1
2025-08-02,7,83.88300000000001,NO1
2025-08-02,8,83.788,NO1
2025-08-02,9,77.905,NO1
2025-08-02,10,66.636,NO1
2025-08-02,11,65.596,NO1
2025-08-02,12,7.761,NO1
2025-08-02,13,4.902,NO1
2025-08-02,14,3.603,NO1
2025-08-02,15,4.607,NO1
2025-08-02,16,6.261,NO1
2025-08-02,17,10.265,NO1
2025-08-02,18,63.68300000000001,NO1
2025-08-02,19,83.623,NO1
2025-08-02,20,85.501,NO1
2025-08-02,21,89.91900000000001,NO1
2025-08-02,22,94.266,NO1
2025-08-02,23,94.573,NO1
2025-08-02,24,90.368,NO1
2025-08-03,1,96.688,NO1
2025-08-03,2,82.678,NO1
2025-08-03,3,76.051,NO1
2025-08-03,4,71.987,NO1
2025-08-03,5,67.10900000000001,NO1
2025-08-03,6,64.38,NO1
2025-08-03,7,52.307,NO1
2025-08-03,8,24.571,NO1
2025-08-03,9,5.068,NO1
2025-08-03,10,2.859,NO1
2025-08-03,11,1.051,NO1
2025-08-03,12,3.367,NO1
2025-08-03,13,6.225,NO1
2025-08-03,14,3.875,NO1
2025-08-03,15,2.233,NO1
2025-08-03,16,4.134,NO1
2025-08-03,17,4.678,NO1
2025-08-03,18,3.39,NO1
2025-08-03,19,78.602,NO1
2025-08-03,20,84.603,NO1
2025-08-03,21,87.72200000000001,NO1
2025-08-03,22,90.368,NO1
2025-08-03,23,90.947,NO1
2025-08-03,24,50.701,NO1
2025-08-04,1,77.101,NO1
2025-08-04,2,75.035,NO1
2025-08-04,3,70.214,NO1
2025-08-04,4,52.2,NO1
2025-08-04,5,58.458000000000006,NO1
2025-08-04,6,78.158,NO1
2025-08-04,7,88.429,NO1
2025-08-04,8,94.664,NO1
2025-08-04,9,92.087,NO1
2025-08-04,10,82.623,NO1
2025-08-04,11,74.987,NO1
2025-08-04,12,55.11,NO1
2025-08-04,13,13.786,NO1
2025-08-04,14,5.082,NO1
2025-08-04,15,4.3100000000000005,NO1
2025-08-04,16,4.964,NO1
2025-08-04,17,17.551,NO1
2025-08-04,18,33.985,NO1
2025-08-04,19,32.037,NO1
2025-08-04,20,20.495,NO1
2025-08-04,21,65.725,NO1
2025-08-04,22,11.15,NO1
2025-08-04,23,0.4269999999999999,NO1
2025-08-04,24,0.0,NO1
2025-08-05,1,0.4389999999999999,NO1
2025-08-05,2,-0.368,NO1
2025-08-05,3,-0.4389999999999999,NO1
2025-08-05,4,-0.154,NO1
2025-08-05,5,-0.368,NO1
2025-08-05,6,-1.138,NO1
2025-08-05,7,1.98,NO1
2025-08-05,8,1.174,NO1
2025-08-05,9,1.53,NO1
2025-08-05,10,2.454,NO1
2025-08-05,11,1.482,NO1
2025-08-05,12,4.446,NO1
2025-08-05,13,-1.707,NO1
2025-08-05,14,-2.265,NO1
2025-08-05,15,-2.395,NO1
2025-08-05,16,-2.454,NO1
2025-08-05,17,0.13,NO1
2025-08-05,18,1.221,NO1
2025-08-05,19,2.004,NO1
2025-08-05,20,1.731,NO1
2025-08-05,21,2.881,NO1
2025-08-05,22,2.7030000000000003,NO1
2025-08-05,23,1.518,NO1
2025-08-05,24,0.13,NO1
2025-08-06,1,-0.51,NO1
2025-08-06,2,-0.533,NO1
2025-08-06,3,-0.5690000000000001,NO1
2025-08-06,4,-1.351,NO1
2025-08-06,5,-0.3319999999999999,NO1
2025-08-06,6,-0.391,NO1
2025-08-06,7,0.533,NO1
2025-08-06,8,2.643,NO1
2025-08-06,9,2.56,NO1
2025-08-06,10,1.209,NO1
2025-08-06,11,1.161,NO1
2025-08-06,12,0.6759999999999999,NO1
2025-08-06,13,-0.45,NO1
2025-08-06,14,-0.6639999999999999,NO1
2025-08-06,15,0.521,NO1
2025-08-06,16,2.0620000000000003,NO1
2025-08-06,17,-0.5690000000000001,NO1
2025-08-06,18,0.8300000000000001,NO1
2025-08-06,19,2.939,NO1
2025-08-06,20,14.637,NO1
2025-08-06,21,17.611,NO1
2025-08-06,22,17.788999999999998,NO1
2025-08-06,23,13.451,NO1
2025-08-06,24,3.129,NO1
2025-08-07,1,0.606,NO1
2025-08-07,2,0.012,NO1
2025-08-07,3,-0.202,NO1
2025-08-07,4,-5.968999999999999,NO1
2025-08-07,5,-7.431,NO1
2025-08-07,6,-4.958,NO1
2025-08-07,7,-3.995,NO1
2025-08-07,8,16.325,NO1
2025-08-07,9,6.349,NO1
2025-08-07,10,46.004000000000005,NO1
2025-08-07,11,6.861,NO1
2025-08-07,12,3.781,NO1
2025-08-07,13,1.463,NO1
2025-08-07,14,1.534,NO1
2025-08-07,15,3.139,NO1
2025-08-07,16,3.4840000000000004,NO1
2025-08-07,17,5.6240000000000006,NO1
2025-08-07,18,52.365,NO1
2025-08-07,19,76.193,NO1
2025-08-07,20,89.463,NO1
2025-08-07,21,93.244,NO1
2025-08-07,22,95.122,NO1
2025-08-07,23,89.142,NO1
2025-08-07,24,40.047,NO1
2025-08-08,1,68.987,NO1
2025-08-08,2,13.855,NO1
2025-08-08,3,4.889,NO1
2025-08-08,4,5.475,NO1
2025-08-08,5,11.189,NO1
2025-08-08,6,65.675,NO1
2025-08-08,7,62.424,NO1
2025-08-08,8,91.615,NO1
2025-08-08,9,88.304,NO1
2025-08-08,10,76.649,NO1
2025-08-08,11,57.499,NO1
2025-08-08,12,10.926,NO1
2025-08-08,13,4.829,NO1
2025-08-08,14,3.407,NO1
2025-08-08,15,3.311,NO1
2025-08-08,16,5.045,NO1
2025-08-08,17,8.463,NO1
2025-08-08,18,69.273,NO1
2025-08-08,19,83.821,NO1
2025-08-08,20,84.001,NO1
2025-08-08,21,91.472,NO1
2025-08-08,22,89.954,NO1
2025-08-08,23,71.533,NO1
2025-08-08,24,17.369,NO1
2025-08-09,1,16.903,NO1
2025-08-09,2,13.855,NO1
2025-08-09,3,9.599,NO1
2025-08-09,4,9.934,NO1
2025-08-09,5,11.834,NO1
2025-08-09,6,12.157,NO1
2025-08-09,7,66.632,NO1
2025-08-09,8,57.702,NO1
2025-08-09,9,61.3,NO1
2025-08-09,10,18.708,NO1
2025-08-09,11,2.905,NO1
2025-08-09,12,-0.323,NO1
2025-08-09,13,0.7889999999999999,NO1
2025-08-09,14,0.0839999999999999,NO1
2025-08-09,15,0.215,NO1
2025-08-09,16,1.793,NO1
2025-08-09,17,1.662,NO1
2025-08-09,18,8.224,NO1
2025-08-09,19,34.631,NO1
2025-08-09,20,58.551,NO1
2025-08-09,21,85.196,NO1
2025-08-09,22,85.997,NO1
2025-08-09,23,51.605,NO1
2025-08-09,24,3.491,NO1
2025-08-10,1,49.836,NO1
2025-08-10,2,13.305,NO1
2025-08-10,3,65.4,NO1
2025-08-10,4,69.25,NO1
2025-08-10,5,11.93,NO1
2025-08-10,6,15.373,NO1
2025-08-10,7,14.405,NO1
2025-08-10,8,15.409,NO1
2025-08-10,9,14.034,NO1
2025-08-10,10,3.383,NO1
2025-08-10,11,0.526,NO1
2025-08-10,12,-3.072,NO1
2025-08-10,13,-13.663,NO1
2025-08-10,14,-18.278,NO1
2025-08-10,15,-7.579000000000001,NO1
2025-08-10,16,-0.335,NO1
2025-08-10,17,-1.757,NO1
2025-08-10,18,3.3590000000000004,NO1
2025-08-10,19,83.58200000000001,NO1
2025-08-10,20,70.624,NO1
2025-08-10,21,71.509,NO1
2025-08-10,22,67.588,NO1
2025-08-10,23,71.25800000000001,NO1
2025-08-10,24,72.752,NO1
2025-08-11,1,66.787,NO1
2025-08-11,2,64.513,NO1
2025-08-11,3,40.941,NO1
2025-08-11,4,60.001,NO1
2025-08-11,5,61.144000000000005,NO1
2025-08-11,6,56.501,NO1
2025-08-11,7,73.882,NO1
2025-08-11,8,72.394,NO1
2025-08-11,9,130.038,NO1
2025-08-11,10,117.252,NO1
2025-08-11,11,103.55,NO1
2025-08-11,12,92.835,NO1
2025-08-11,13,72.311,NO1
2025-08-11,14,41.644,NO1
2025-08-11,15,95.204,NO1
2025-08-11,16,97.621,NO1
2025-08-11,17,105.038,NO1
2025-08-11,18,109.907,NO1
2025-08-11,19,115.8,NO1
2025-08-11,20,145.89600000000002,NO1
2025-08-11,21,172.31300000000002,NO1
2025-08-11,22,162.003,NO1
2025-08-11,23,131.68099999999998,NO1
2025-08-11,24,116.83599999999998,NO1
2025-08-12,1,110.529,NO1
2025-08-12,2,101.097,NO1
2025-08-12,3,96.268,NO1
2025-08-12,4,98.683,NO1
2025-08-12,5,96.292,NO1
2025-08-12,6,116.595,NO1
2025-08-12,7,126.03900000000002,NO1
2025-08-12,8,134.769,NO1
2025-08-12,9,128.857,NO1
2025-08-12,10,119.247,NO1
2025-08-12,11,106.901,NO1
2025-08-12,12,98.112,NO1
2025-08-12,13,58.042,NO1
2025-08-12,14,43.769,NO1
2025-08-12,15,97.077,NO1
2025-08-12,16,100.027,NO1
2025-08-12,17,104.451,NO1
2025-08-12,18,114.359,NO1
2025-08-12,19,122.018,NO1
2025-08-12,20,149.743,NO1
2025-08-12,21,158.21099999999998,NO1
2025-08-12,22,173.269,NO1
2025-08-12,23,146.45999999999998,NO1
2025-08-12,24,127.846,NO1
2025-08-13,1,77.947,NO1
2025-08-13,2,72.154,NO1
2025-08-13,3,68.14099999999999,NO1
2025-08-13,4,67.44800000000001,NO1
2025-08-13,5,69.502,NO1
2025-08-13,6,74.865,NO1
2025-08-13,7,153.994,NO1
2025-08-13,8,152.871,NO1
2025-08-13,9,150.279,NO1
2025-08-13,10,130.369,NO1
2025-08-13,11,124.337,NO1
2025-08-13,12,116.705,NO1
2025-08-13,13,112.262,NO1
2025-08-13,14,110.816,NO1
2025-08-13,15,112.19,NO1
2025-08-13,16,124.994,NO1
2025-08-13,17,128.924,NO1
2025-08-13,18,135.648,NO1
2025-08-13,19,127.777,NO1
2025-08-13,20,201.364,NO1
2025-08-13,21,237.686,NO1
2025-08-13,22,161.16,NO1
2025-08-13,23,144.546,NO1
2025-08-13,24,112.262,NO1
2025-08-14,1,74.89099999999999,NO1
2025-08-14,2,69.66900000000001,NO1
2025-08-14,3,67.035,NO1
2025-08-14,4,66.784,NO1
2025-08-14,5,66.939,NO1
2025-08-14,6,73.24600000000001,NO1
2025-08-14,7,79.361,NO1
2025-08-14,8,82.914,NO1
2025-08-14,9,89.304,NO1
2025-08-14,10,85.429,NO1
2025-08-14,11,75.463,NO1
2025-08-14,12,63.804,NO1
2025-08-14,13,51.882000000000005,NO1
2025-08-14,14,40.581,NO1
2025-08-14,15,51.94199999999999,NO1
2025-08-14,16,56.472,NO1
2025-08-14,17,69.39500000000001,NO1
2025-08-14,18,79.361,NO1
2025-08-14,19,88.076,NO1
2025-08-14,20,98.901,NO1
2025-08-14,21,85.716,NO1
2025-08-14,22,85.728,NO1
2025-08-14,23,82.115,NO1
2025-08-14,24,76.774,NO1
2025-08-15,1,76.86,NO1
2025-08-15,2,75.421,NO1
2025-08-15,3,74.386,NO1
2025-08-15,4,71.602,NO1
2025-08-15,5,69.83,NO1
2025-08-15,6,71.007,NO1
2025-08-15,7,77.87100000000001,NO1
2025-08-15,8,106.969,NO1
2025-08-15,9,128.025,NO1
2025-08-15,10,114.309,NO1
2025-08-15,11,55.221,NO1
2025-08-15,12,29.205,NO1
2025-08-15,13,21.032,NO1
2025-08-15,14,10.79,NO1
2025-08-15,15,16.821,NO1
2025-08-15,16,25.255000000000003,NO1
2025-08-15,17,45.122,NO1
2025-08-15,18,65.333,NO1
2025-08-15,19,83.7,NO1
2025-08-15,20,97.0,NO1
2025-08-15,21,105.815,NO1
2025-08-15,22,78.83500000000001,NO1
2025-08-15,23,73.648,NO1
2025-08-15,24,70.27000000000001,NO1
2025-08-16,1,75.433,NO1
2025-08-16,2,74.838,NO1
2025-08-16,3,74.041,NO1
2025-08-16,4,73.232,NO1
2025-08-16,5,71.673,NO1
2025-08-16,6,73.434,NO1
2025-08-16,7,75.21799999999999,NO1
2025-08-16,8,72.911,NO1
2025-08-16,9,71.888,NO1
2025-08-16,10,62.109,NO1
2025-08-16,11,36.188,NO1
2025-08-16,12,8.839,NO1
2025-08-16,13,7.398999999999999,NO1
2025-08-16,14,2.736,NO1
2025-08-16,15,4.865,NO1
2025-08-16,16,7.161,NO1
2025-08-16,17,12.015,NO1
2025-08-16,18,26.683,NO1
2025-08-16,19,70.579,NO1
2025-08-16,20,74.017,NO1
2025-08-16,21,80.821,NO1
2025-08-16,22,85.485,NO1
2025-08-16,23,82.546,NO1
2025-08-16,24,81.535,NO1
2025-08-17,1,78.14500000000001,NO1
2025-08-17,2,71.876,NO1
2025-08-17,3,72.625,NO1
2025-08-17,4,72.482,NO1
2025-08-17,5,72.363,NO1
2025-08-17,6,71.816,NO1
2025-08-17,7,67.09299999999999,NO1
2025-08-17,8,65.821,NO1
2025-08-17,9,62.41799999999999,NO1
2025-08-17,10,47.941,NO1
2025-08-17,11,26.802,NO1
2025-08-17,12,10.73,NO1
2025-08-17,13,7.637,NO1
2025-08-17,14,7.101999999999999,NO1
2025-08-17,15,9.208,NO1
2025-08-17,16,23.97,NO1
2025-08-17,17,21.472,NO1
2025-08-17,18,75.27799999999999,NO1
2025-08-17,19,118.793,NO1
2025-08-17,20,147.701,NO1
2025-08-17,21,149.93699999999998,NO1
2025-08-17,22,148.01,NO1
2025-08-17,23,136.768,NO1
2025-08-17,24,130.749,NO1
2025-08-18,1,112.518,NO1
2025-08-18,2,104.841,NO1
2025-08-18,3,102.131,NO1
2025-08-18,4,100.586,NO1
2025-08-18,5,108.703,NO1
2025-08-18,6,125.257,NO1
2025-08-18,7,139.031,NO1
2025-08-18,8,142.465,NO1
2025-08-18,9,146.684,NO1
2025-08-18,10,127.979,NO1
2025-08-18,11,127.991,NO1
2025-08-18,12,108.133,NO1
2025-08-18,13,56.603,NO1
2025-08-18,14,30.482,NO1
2025-08-18,15,37.078,NO1
2025-08-18,16,102.915,NO1
2025-08-18,17,115.334,NO1
2025-08-18,18,126.695,NO1
2025-08-18,19,135.05,NO1
2025-08-18,20,203.989,NO1
2025-08-18,21,174.089,NO1
2025-08-18,22,123.582,NO1
2025-08-18,23,123.522,NO1
2025-08-18,24,111.448,NO1
2025-08-19,1,107.292,NO1
2025-08-19,2,90.092,NO1
2025-08-19,3,83.75800000000001,NO1
2025-08-19,4,84.116,NO1
2025-08-19,5,79.989,NO1
2025-08-19,6,103.046,NO1
2025-08-19,7,109.07,NO1
2025-08-19,8,117.038,NO1
2025-08-19,9,120.998,NO1
2025-08-19,10,106.517,NO1
2025-08-19,11,81.78999999999999,NO1
2025-08-19,12,56.908,NO1
2025-08-19,13,35.915,NO1
2025-08-19,14,32.206,NO1
2025-08-19,15,38.885000000000005,NO1
2025-08-19,16,50.968,NO1
2025-08-19,17,69.803,NO1
2025-08-19,18,111.634,NO1
2025-08-19,19,125.256,NO1
2025-08-19,20,128.476,NO1
2025-08-19,21,137.661,NO1
2025-08-19,22,115.69,NO1
2025-08-19,23,96.7,NO1
2025-08-19,24,90.593,NO1
2025-08-20,1,90.322,NO1
2025-08-20,2,88.26599999999999,NO1
2025-08-20,3,82.817,NO1
2025-08-20,4,79.423,NO1
2025-08-20,5,77.834,NO1
2025-08-20,6,81.94500000000001,NO1
2025-08-20,7,102.093,NO1
2025-08-20,8,90.836,NO1
2025-08-20,9,94.074,NO1
2025-08-20,10,92.186,NO1
2025-08-20,11,94.564,NO1
2025-08-20,12,85.864,NO1
2025-08-20,13,68.034,NO1
2025-08-20,14,62.561,NO1
2025-08-20,15,72.265,NO1
2025-08-20,16,85.1,NO1
2025-08-20,17,92.27,NO1
2025-08-20,18,92.509,NO1
2025-08-20,19,89.62899999999999,NO1
2025-08-20,20,103.874,NO1
2025-08-20,21,98.018,NO1
2025-08-20,22,91.218,NO1
2025-08-20,23,93.489,NO1
2025-08-20,24,91.015,NO1
2025-08-21,1,94.863,NO1
2025-08-21,2,91.818,NO1
2025-08-21,3,86.912,NO1
2025-08-21,4,88.049,NO1
2025-08-21,5,88.914,NO1
2025-08-21,6,88.63,NO1
2025-08-21,7,92.979,NO1
2025-08-21,8,97.553,NO1
2025-08-21,9,98.288,NO1
2025-08-21,10,92.801,NO1
2025-08-21,11,91.379,NO1
2025-08-21,12,86.438,NO1
2025-08-21,13,77.088,NO1
2025-08-21,14,76.22200000000001,NO1
2025-08-21,15,67.489,NO1
2025-08-21,16,81.09299999999999,NO1
2025-08-21,17,87.954,NO1
2025-08-21,18,88.926,NO1
2025-08-21,19,92.505,NO1
2025-08-21,20,93.548,NO1
2025-08-21,21,120.626,NO1
2025-08-21,22,97.553,NO1
2025-08-21,23,98.774,NO1
2025-08-21,24,94.911,NO1
2025-08-22,1,100.754,NO1
2025-08-22,2,91.643,NO1
2025-08-22,3,88.046,NO1
2025-08-22,4,86.886,NO1
2025-08-22,5,87.02799999999999,NO1
2025-08-22,6,91.761,NO1
2025-08-22,7,93.453,NO1
2025-08-22,8,100.754,NO1
2025-08-22,9,105.475,NO1
2025-08-22,10,96.139,NO1
2025-08-22,11,81.49,NO1
2025-08-22,12,53.258,NO1
2025-08-22,13,49.838,NO1
2025-08-22,14,47.247,NO1
2025-08-22,15,46.395,NO1
2025-08-22,16,47.791,NO1
2025-08-22,17,47.342,NO1
2025-08-22,18,78.828,NO1
2025-08-22,19,91.879,NO1
2025-08-22,20,94.695,NO1
2025-08-22,21,104.83599999999998,NO1
2025-08-22,22,94.199,NO1
2025-08-22,23,93.24,NO1
2025-08-22,24,93.891,NO1
2025-08-23,1,97.878,NO1
2025-08-23,2,93.5,NO1
2025-08-23,3,91.3,NO1
2025-08-23,4,89.17,NO1
2025-08-23,5,91.051,NO1
2025-08-23,6,91.229,NO1
2025-08-23,7,88.353,NO1
2025-08-23,8,92.566,NO1
2025-08-23,9,95.559,NO1
2025-08-23,10,68.061,NO1
2025-08-23,11,39.260000000000005,NO1
2025-08-23,12,6.851000000000001,NO1
2025-08-23,13,8.922,NO1
2025-08-23,14,9.312,NO1
2025-08-23,15,11.052,NO1
2025-08-23,16,36.196,NO1
2025-08-23,17,45.023,NO1
2025-08-23,18,82.792,NO1
2025-08-23,19,96.814,NO1
2025-08-23,20,99.665,NO1
2025-08-23,21,110.977,NO1
2025-08-23,22,105.806,NO1
2025-08-23,23,106.989,NO1
2025-08-23,24,100.576,NO1
2025-08-24,1,100.86,NO1
2025-08-24,2,96.352,NO1
2025-08-24,3,93.903,NO1
2025-08-24,4,92.66,NO1
2025-08-24,5,92.353,NO1
2025-08-24,6,89.39500000000001,NO1
2025-08-24,7,88.199,NO1
2025-08-24,8,85.111,NO1
2025-08-24,9,66.262,NO1
2025-08-24,10,47.082,NO1
2025-08-24,11,12.696,NO1
2025-08-24,12,7.573,NO1
2025-08-24,13,2.497,NO1
2025-08-24,14,4.579,NO1
2025-08-24,15,10.602,NO1
2025-08-24,16,11.998,NO1
2025-08-24,17,47.91,NO1
2025-08-24,18,69.741,NO1
2025-08-24,19,95.015,NO1
2025-08-24,20,101.038,NO1
2025-08-24,21,103.854,NO1
2025-08-24,22,102.81300000000002,NO1
2025-08-24,23,104.091,NO1
2025-08-24,24,99.559,NO1
2025-08-25,1,97.822,NO1
2025-08-25,2,91.221,NO1
2025-08-25,3,88.127,NO1
2025-08-25,4,85.29299999999999,NO1
2025-08-25,5,87.761,NO1
2025-08-25,6,96.83,NO1
2025-08-25,7,101.518,NO1
2025-08-25,8,102.368,NO1
2025-08-25,9,108.532,NO1
2025-08-25,10,92.897,NO1
2025-08-25,11,85.187,NO1
2025-08-25,12,80.841,NO1
2025-08-25,13,58.7,NO1
2025-08-25,14,58.24,NO1
2025-08-25,15,59.04299999999999,NO1
2025-08-25,16,72.788,NO1
2025-08-25,17,76.779,NO1
2025-08-25,18,100.727,NO1
2025-08-25,19,112.984,NO1
2025-08-25,20,103.773,NO1
2025-08-25,21,178.261,NO1
2025-08-25,22,155.41199999999998,NO1
2025-08-25,23,131.169,NO1
2025-08-25,24,120.317,NO1
2025-08-26,1,122.088,NO1
2025-08-26,2,114.501,NO1
2025-08-26,3,111.46,NO1
2025-08-26,4,108.939,NO1
2025-08-26,5,111.21099999999998,NO1
2025-08-26,6,114.182,NO1
2025-08-26,7,112.868,NO1
2025-08-26,8,117.875,NO1
2025-08-26,9,113.484,NO1
2025-08-26,10,105.4,NO1
2025-08-26,11,100.606,NO1
2025-08-26,12,98.085,NO1
2025-08-26,13,92.64,NO1
2025-08-26,14,92.581,NO1
2025-08-26,15,93.303,NO1
2025-08-26,16,97.955,NO1
2025-08-26,17,109.862,NO1
2025-08-26,18,114.608,NO1
2025-08-26,19,111.18699999999998,NO1
2025-08-26,20,129.012,NO1
2025-08-26,21,213.095,NO1
2025-08-26,22,136.327,NO1
2025-08-26,23,123.52,NO1
2025-08-26,24,112.833,NO1
2025-08-27,1,108.019,NO1
2025-08-27,2,102.986,NO1
2025-08-27,3,99.026,NO1
2025-08-27,4,99.863,NO1
2025-08-27,5,102.432,NO1
2025-08-27,6,107.865,NO1
2025-08-27,7,113.971,NO1
2025-08-27,8,127.28900000000002,NO1
2025-08-27,9,124.602,NO1
2025-08-27,10,114.018,NO1
2025-08-27,11,106.793,NO1
2025-08-27,12,100.122,NO1
2025-08-27,13,78.306,NO1
2025-08-27,14,85.012,NO1
2025-08-27,15,96.28,NO1
2025-08-27,16,102.951,NO1
2025-08-27,17,105.496,NO1
2025-08-27,18,114.784,NO1
2025-08-27,19,124.955,NO1
2025-08-27,20,163.21300000000002,NO1
2025-08-27,21,224.924,NO1
2025-08-27,22,138.344,NO1
2025-08-27,23,129.634,NO1
2025-08-27,24,115.291,NO1
2025-08-28,1,109.609,NO1
2025-08-28,2,102.642,NO1
2025-08-28,3,99.365,NO1
2025-08-28,4,99.717,NO1
2025-08-28,5,102.278,NO1
2025-08-28,6,106.966,NO1
2025-08-28,7,116.681,NO1
2025-08-28,8,156.43599999999998,NO1
2025-08-28,9,163.873,NO1
2025-08-28,10,129.54500000000002,NO1
2025-08-28,11,121.979,NO1
2025-08-28,12,128.077,NO1
2025-08-28,13,124.74,NO1
2025-08-28,14,115.166,NO1
2025-08-28,15,115.083,NO1
2025-08-28,16,118.267,NO1
2025-08-28,17,118.396,NO1
2025-08-28,18,121.815,NO1
2025-08-28,19,117.985,NO1
2025-08-28,20,122.144,NO1
2025-08-28,21,131.31900000000002,NO1
2025-08-28,22,114.402,NO1
2025-08-28,23,109.268,NO1
2025-08-28,24,102.584,NO1
2025-08-29,1,97.355,NO1
2025-08-29,2,95.076,NO1
2025-08-29,3,93.584,NO1
2025-08-29,4,91.517,NO1
2025-08-29,5,93.667,NO1
2025-08-29,6,99.399,NO1
2025-08-29,7,105.625,NO1
2025-08-29,8,118.287,NO1
2025-08-29,9,118.534,NO1
2025-08-29,10,112.109,NO1
2025-08-29,11,103.334,NO1
2025-08-29,12,107.692,NO1
2025-08-29,13,102.465,NO1
2025-08-29,14,81.251,NO1
2025-08-29,15,88.991,NO1
2025-08-29,16,101.76,NO1
2025-08-29,17,101.408,NO1
2025-08-29,18,102.195,NO1
2025-08-29,19,104.485,NO1
2025-08-29,20,108.89,NO1
2025-08-29,21,109.008,NO1
2025-08-29,22,108.08,NO1
2025-08-29,23,94.007,NO1
2025-08-29,24,90.413,NO1
2025-08-30,1,90.577,NO1
2025-08-30,2,86.078,NO1
2025-08-30,3,84.998,NO1
2025-08-30,4,83.905,NO1
2025-08-30,5,83.682,NO1
2025-08-30,6,85.374,NO1
2025-08-30,7,85.691,NO1
2025-08-30,8,85.491,NO1
2025-08-30,9,86.783,NO1
2025-08-30,10,76.846,NO1
2025-08-30,11,66.45,NO1
2025-08-30,12,16.128,NO1
2025-08-30,13,18.618,NO1
2025-08-30,14,13.826,NO1
2025-08-30,15,16.809,NO1
2025-08-30,16,32.691,NO1
2025-08-30,17,62.315,NO1
2025-08-30,18,78.149,NO1
2025-08-30,19,88.592,NO1
2025-08-30,20,90.507,NO1
2025-08-30,21,94.031,NO1
2025-08-30,22,99.27,NO1
2025-08-30,23,96.38,NO1
2025-08-30,24,88.181,NO1
2025-08-31,1,87.429,NO1
2025-08-31,2,82.425,NO1
2025-08-31,3,73.95599999999999,NO1
2025-08-31,4,70.021,NO1
2025-08-31,5,66.274,NO1
2025-08-31,6,63.96,NO1
2025-08-31,7,64.888,NO1
2025-08-31,8,59.966,NO1
2025-08-31,9,24.856,NO1
2025-08-31,10,14.507,NO1
2025-08-31,11,9.021,NO1
2025-08-31,12,10.631,NO1
2025-08-31,13,8.176,NO1
2025-08-31,14,10.161,NO1
2025-08-31,15,14.014,NO1
2025-08-31,16,54.422,NO1
2025-08-31,17,65.886,NO1
2025-08-31,18,83.70599999999999,NO1
2025-08-31,19,86.583,NO1
2025-08-31,20,90.577,NO1
2025-08-31,21,98.847,NO1
2025-08-31,22,98.823,NO1
2025-08-31,23,95.875,NO1
2025-08-31,24,87.5,NO1
2025-09-01,1,85.57000000000001,NO1
2025-09-01,2,82.35499999999999,NO1
2025-09-01,3,80.431,NO1
2025-09-01,4,77.932,NO1
2025-09-01,5,80.736,NO1
2025-09-01,6,84.866,NO1
2025-09-01,7,91.283,NO1
2025-09-01,8,102.815,NO1
2025-09-01,9,104.129,NO1
2025-09-01,10,95.87,NO1
2025-09-01,11,89.898,NO1
2025-09-01,12,90.063,NO1
2025-09-01,13,81.475,NO1
2025-09-01,14,73.58,NO1
2025-09-01,15,81.757,NO1
2025-09-01,16,89.476,NO1
2025-09-01,17,88.491,NO1
2025-09-01,18,94.098,NO1
2025-09-01,19,103.484,NO1
2025-09-01,20,106.111,NO1
2025-09-01,21,105.361,NO1
2025-09-01,22,103.026,NO1
2025-09-01,23,94.92,NO1
2025-09-01,24,87.904,NO1
2025-09-02,1,85.255,NO1
2025-09-02,2,83.434,NO1
2025-09-02,3,83.50399999999999,NO1
2025-09-02,4,82.103,NO1
2025-09-02,5,85.115,NO1
2025-09-02,6,87.24,NO1
2025-09-02,7,90.707,NO1
2025-09-02,8,93.088,NO1
2025-09-02,9,104.494,NO1
2025-09-02,10,91.477,NO1
2025-09-02,11,91.022,NO1
2025-09-02,12,93.614,NO1
2025-09-02,13,87.333,NO1
2025-09-02,14,92.248,NO1
2025-09-02,15,90.905,NO1
2025-09-02,16,92.96,NO1
2025-09-02,17,91.863,NO1
2025-09-02,18,99.171,NO1
2025-09-02,19,106.665,NO1
2025-09-02,20,107.728,NO1
2025-09-02,21,108.148,NO1
2025-09-02,22,103.969,NO1
2025-09-02,23,96.707,NO1
2025-09-02,24,88.816,NO1
2025-09-03,1,81.128,NO1
2025-09-03,2,81.28,NO1
2025-09-03,3,66.912,NO1
2025-09-03,4,67.813,NO1
2025-09-03,5,72.458,NO1
2025-09-03,6,80.414,NO1
2025-09-03,7,83.62,NO1
2025-09-03,8,89.634,NO1
2025-09-03,9,84.977,NO1
2025-09-03,10,80.33200000000001,NO1
2025-09-03,11,67.626,NO1
2025-09-03,12,52.217,NO1
2025-09-03,13,9.606,NO1
2025-09-03,14,7.511,NO1
2025-09-03,15,11.115,NO1
2025-09-03,16,22.055,NO1
2025-09-03,17,60.934000000000005,NO1
2025-09-03,18,68.936,NO1
2025-09-03,19,76.015,NO1
2025-09-03,20,81.771,NO1
2025-09-03,21,82.696,NO1
2025-09-03,22,77.41900000000001,NO1
2025-09-03,23,73.113,NO1
2025-09-03,24,62.806,NO1
2025-09-04,1,25.081,NO1
2025-09-04,2,17.359,NO1
2025-09-04,3,16.301,NO1
2025-09-04,4,7.0280000000000005,NO1
2025-09-04,5,6.018,NO1
2025-09-04,6,11.365,NO1
2025-09-04,7,60.845000000000006,NO1
2025-09-04,8,80.014,NO1
2025-09-04,9,80.202,NO1
2025-09-04,10,74.056,NO1
2025-09-04,11,59.0,NO1
2025-09-04,12,44.426,NO1
2025-09-04,13,16.642,NO1
2025-09-04,14,40.56,NO1
2025-09-04,15,66.451,NO1
2025-09-04,16,69.75399999999999,NO1
2025-09-04,17,81.225,NO1
2025-09-04,18,83.176,NO1
2025-09-04,19,90.334,NO1
2025-09-04,20,92.743,NO1
2025-09-04,21,90.627,NO1
2025-09-04,22,86.99600000000001,NO1
2025-09-04,23,83.587,NO1
2025-09-04,24,82.541,NO1
2025-09-05,1,76.578,NO1
2025-09-05,2,75.614,NO1
2025-09-05,3,73.511,NO1
2025-09-05,4,73.828,NO1
2025-09-05,5,72.571,NO1
2025-09-05,6,75.15599999999999,NO1
2025-09-05,7,77.154,NO1
2025-09-05,8,81.30199999999999,NO1
2025-09-05,9,82.935,NO1
2025-09-05,10,87.012,NO1
2025-09-05,11,84.486,NO1
2025-09-05,12,80.491,NO1
2025-09-05,13,78.411,NO1
2025-09-05,14,75.744,NO1
2025-09-05,15,75.13300000000001,NO1
2025-09-05,16,77.565,NO1
2025-09-05,17,81.713,NO1
2025-09-05,18,87.70599999999999,NO1
2025-09-05,19,91.019,NO1
2025-09-05,20,98.645,NO1
2025-09-05,21,95.273,NO1
2025-09-05,22,93.24,NO1
2025-09-05,23,86.88300000000001,NO1
2025-09-05,24,81.736,NO1
2025-09-06,1,78.693,NO1
2025-09-06,2,78.0,NO1
2025-09-06,3,77.70599999999999,NO1
2025-09-06,4,75.885,NO1
2025-09-06,5,76.002,NO1
2025-09-06,6,76.014,NO1
2025-09-06,7,75.99,NO1
2025-09-06,8,74.71000000000001,NO1
2025-09-06,9,74.228,NO1
2025-09-06,10,77.001,NO1
2025-09-06,11,57.648,NO1
2025-09-06,12,40.41,NO1
2025-09-06,13,11.034,NO1
2025-09-06,14,10.27,NO1
2025-09-06,15,8.648,NO1
2025-09-06,16,34.605000000000004,NO1
2025-09-06,17,55.827,NO1
2025-09-06,18,77.636,NO1
2025-09-06,19,80.808,NO1
2025-09-06,20,86.683,NO1
2025-09-06,21,83.57000000000001,NO1
2025-09-06,22,79.574,NO1
2025-09-06,23,77.083,NO1
2025-09-06,24,73.194,NO1
2025-09-07,1,69.868,NO1
2025-09-07,2,63.981,NO1
2025-09-07,3,61.502,NO1
2025-09-07,4,59.928,NO1
2025-09-07,5,62.42999999999999,NO1
2025-09-07,6,59.939,NO1
2025-09-07,7,54.487,NO1
2025-09-07,8,47.789,NO1
2025-09-07,9,13.830000000000002,NO1
2025-09-07,10,8.355,NO1
2025-09-07,11,11.045,NO1
2025-09-07,12,10.364,NO1
2025-09-07,13,9.682,NO1
2025-09-07,14,5.182,NO1
2025-09-07,15,10.164,NO1
2025-09-07,16,11.034,NO1
2025-09-07,17,24.688,NO1
2025-09-07,18,50.41,NO1
2025-09-07,19,71.937,NO1
2025-09-07,20,76.437,NO1
2025-09-07,21,77.17699999999999,NO1
2025-09-07,22,78.458,NO1
2025-09-07,23,77.365,NO1
2025-09-07,24,74.745,NO1
2025-09-08,1,74.655,NO1
2025-09-08,2,74.644,NO1
2025-09-08,3,75.265,NO1
2025-09-08,4,76.07300000000001,NO1
2025-09-08,5,76.904,NO1
2025-09-08,6,79.575,NO1
2025-09-08,7,84.119,NO1
2025-09-08,8,91.158,NO1
2025-09-08,9,100.107,NO1
2025-09-08,10,96.698,NO1
2025-09-08,11,91.135,NO1
2025-09-08,12,82.749,NO1
2025-09-08,13,72.618,NO1
2025-09-08,14,67.69800000000001,NO1
2025-09-08,15,75.3,NO1
2025-09-08,16,84.916,NO1
2025-09-08,17,93.255,NO1
2025-09-08,18,136.474,NO1
2025-09-08,19,213.97600000000003,NO1
2025-09-08,20,110.953,NO1
2025-09-08,21,106.232,NO1
2025-09-08,22,99.837,NO1
2025-09-08,23,90.994,NO1
2025-09-08,24,80.313,NO1
2025-09-09,1,84.807,NO1
2025-09-09,2,83.402,NO1
2025-09-09,3,82.723,NO1
2025-09-09,4,84.14,NO1
2025-09-09,5,83.262,NO1
2025-09-09,6,86.986,NO1
2025-09-09,7,93.649,NO1
2025-09-09,8,119.459,NO1
2025-09-09,9,223.46,NO1
2025-09-09,10,135.959,NO1
2025-09-09,11,108.615,NO1
2025-09-09,12,90.815,NO1
2025-09-09,13,86.388,NO1
2025-09-09,14,81.739,NO1
2025-09-09,15,78.659,NO1
2025-09-09,16,79.116,NO1
2025-09-09,17,85.908,NO1
2025-09-09,18,88.648,NO1
2025-09-09,19,95.663,NO1
2025-09-09,20,95.558,NO1
2025-09-09,21,92.56,NO1
2025-09-09,22,91.19,NO1
2025-09-09,23,84.47999999999999,NO1
2025-09-09,24,76.598,NO1
2025-09-10,1,56.854,NO1
2025-09-10,2,47.431,NO1
2025-09-10,3,42.504000000000005,NO1
2025-09-10,4,49.546,NO1
2025-09-10,5,50.475,NO1
2025-09-10,6,66.882,NO1
2025-09-10,7,73.029,NO1
2025-09-10,8,78.037,NO1
2025-09-10,9,80.628,NO1
2025-09-10,10,77.525,NO1
2025-09-10,11,78.164,NO1
2025-09-10,12,75.817,NO1
2025-09-10,13,69.694,NO1
2025-09-10,14,69.066,NO1
2025-09-10,15,70.066,NO1
2025-09-10,16,73.702,NO1
2025-09-10,17,74.632,NO1
2025-09-10,18,75.318,NO1
2025-09-10,19,76.131,NO1
2025-09-10,20,76.561,NO1
2025-09-10,21,75.79400000000001,NO1
2025-09-10,22,75.933,NO1
2025-09-10,23,65.557,NO1
2025-09-10,24,46.768,NO1
2025-09-11,1,37.379000000000005,NO1
2025-09-11,2,36.647000000000006,NO1
2025-09-11,3,26.928,NO1
2025-09-11,4,19.485,NO1
2025-09-11,5,28.275,NO1
2025-09-11,6,41.083,NO1
2025-09-11,7,55.00599999999999,NO1
2025-09-11,8,64.574,NO1
2025-09-11,9,67.91900000000001,NO1
2025-09-11,10,65.155,NO1
2025-09-11,11,47.923,NO1
2025-09-11,12,34.894,NO1
2025-09-11,13,12.018,NO1
2025-09-11,14,23.572,NO1
2025-09-11,15,17.987000000000002,NO1
2025-09-11,16,28.426,NO1
2025-09-11,17,54.03099999999999,NO1
2025-09-11,18,61.938,NO1
2025-09-11,19,74.75800000000001,NO1
2025-09-11,20,76.755,NO1
2025-09-11,21,76.024,NO1
2025-09-11,22,74.212,NO1
2025-09-11,23,71.286,NO1
2025-09-11,24,52.138,NO1
2025-09-12,1,38.762,NO1
2025-09-12,2,28.996,NO1
2025-09-12,3,23.679,NO1
2025-09-12,4,16.612000000000002,NO1
2025-09-12,5,15.465,NO1
2025-09-12,6,14.261,NO1
2025-09-12,7,31.22,NO1
2025-09-12,8,59.011,NO1
2025-09-12,9,66.402,NO1
2025-09-12,10,48.134,NO1
2025-09-12,11,13.739,NO1
2025-09-12,12,4.622,NO1
2025-09-12,13,4.414,NO1
2025-09-12,14,4.784000000000001,NO1
2025-09-12,15,3.707,NO1
2025-09-12,16,4.391,NO1
2025-09-12,17,41.971,NO1
2025-09-12,18,54.783,NO1
2025-09-12,19,72.09,NO1
2025-09-12,20,72.48400000000001,NO1
2025-09-12,21,72.67,NO1
2025-09-12,22,71.998,NO1
2025-09-12,23,57.355,NO1
2025-09-12,24,58.27,NO1
2025-09-13,1,42.631,NO1
2025-09-13,2,32.912,NO1
2025-09-13,3,25.416,NO1
2025-09-13,4,14.04,NO1
2025-09-13,5,16.184,NO1
2025-09-13,6,18.234,NO1
2025-09-13,7,22.937,NO1
2025-09-13,8,38.912,NO1
2025-09-13,9,41.194,NO1
2025-09-13,10,40.175,NO1
2025-09-13,11,17.713,NO1
2025-09-13,12,16.832,NO1
2025-09-13,13,8.295,NO1
2025-09-13,14,3.962,NO1
2025-09-13,15,4.066,NO1
2025-09-13,16,22.428,NO1
2025-09-13,17,40.974,NO1
2025-09-13,18,60.923,NO1
2025-09-13,19,71.84700000000001,NO1
2025-09-13,20,72.924,NO1
2025-09-13,21,72.229,NO1
2025-09-13,22,72.114,NO1
2025-09-13,23,69.38,NO1
2025-09-13,24,57.1,NO1
2025-09-14,1,44.531,NO1
2025-09-14,2,33.583,NO1
2025-09-14,3,32.864999999999995,NO1
2025-09-14,4,40.152,NO1
2025-09-14,5,41.067,NO1
2025-09-14,6,44.89,NO1
2025-09-14,7,58.977,NO1
2025-09-14,8,65.279,NO1
2025-09-14,9,72.461,NO1
2025-09-14,10,70.13300000000001,NO1
2025-09-14,11,69.797,NO1
2025-09-14,12,44.45,NO1
2025-09-14,13,27.699,NO1
2025-09-14,14,16.983,NO1
2025-09-14,15,38.553,NO1
2025-09-14,16,44.473,NO1
2025-09-14,17,56.718,NO1
2025-09-14,18,69.47200000000001,NO1
2025-09-14,19,73.249,NO1
2025-09-14,20,76.33,NO1
2025-09-14,21,74.523,NO1
2025-09-14,22,70.77000000000001,NO1
2025-09-14,23,64.66499999999999,NO1
2025-09-14,24,25.44,NO1
2025-09-15,1,17.913,NO1
2025-09-15,2,9.095,NO1
2025-09-15,3,5.154,NO1
2025-09-15,4,3.756,NO1
2025-09-15,5,3.698,NO1
2025-09-15,6,4.195,NO1
2025-09-15,7,15.151,NO1
2025-09-15,8,37.998000000000005,NO1
2025-09-15,9,37.432,NO1
2025-09-15,10,17.554,NO1
2025-09-15,11,35.028,NO1
2025-09-15,12,16.653,NO1
2025-09-15,13,6.956999999999999,NO1
2025-09-15,14,5.904999999999999,NO1
2025-09-15,15,5.489,NO1
2025-09-15,16,16.942,NO1
2025-09-15,17,7.0840000000000005,NO1
2025-09-15,18,6.876,NO1
2025-09-15,19,15.174,NO1
2025-09-15,20,50.768,NO1
2025-09-15,21,45.81,NO1
2025-09-15,22,5.917,NO1
2025-09-15,23,3.455,NO1
2025-09-15,24,0.416,NO1
2025-09-16,1,6.386,NO1
2025-09-16,2,8.078,NO1
2025-09-16,3,1.252,NO1
2025-09-16,4,1.182,NO1
2025-09-16,5,1.217,NO1
2025-09-16,6,3.025,NO1
2025-09-16,7,4.972,NO1
2025-09-16,8,28.488,NO1
2025-09-16,9,32.197,NO1
2025-09-16,10,18.556,NO1
2025-09-16,11,19.61,NO1
2025-09-16,12,18.451,NO1
2025-09-16,13,16.133000000000003,NO1
2025-09-16,14,14.29,NO1
2025-09-16,15,13.247,NO1
2025-09-16,16,17.779,NO1
2025-09-16,17,21.082,NO1
2025-09-16,18,25.058,NO1
2025-09-16,19,67.013,NO1
2025-09-16,20,69.204,NO1
2025-09-16,21,69.007,NO1
2025-09-16,22,68.821,NO1
2025-09-16,23,61.392,NO1
2025-09-16,24,50.138,NO1
2025-09-17,1,58.78099999999999,NO1
2025-09-17,2,53.526,NO1
2025-09-17,3,42.493,NO1
2025-09-17,4,38.877,NO1
2025-09-17,5,46.923,NO1
2025-09-17,6,61.432,NO1
2025-09-17,7,72.139,NO1
2025-09-17,8,77.394,NO1
2025-09-17,9,77.336,NO1
2025-09-17,10,73.58099999999999,NO1
2025-09-17,11,73.616,NO1
2025-09-17,12,68.245,NO1
2025-09-17,13,51.526,NO1
2025-09-17,14,61.42,NO1
2025-09-17,15,54.63099999999999,NO1
2025-09-17,16,64.303,NO1
2025-09-17,17,69.10499999999999,NO1
2025-09-17,18,75.185,NO1
2025-09-17,19,83.789,NO1
2025-09-17,20,89.881,NO1
2025-09-17,21,90.474,NO1
2025-09-17,22,90.869,NO1
2025-09-17,23,77.569,NO1
2025-09-17,24,71.0,NO1
2025-09-18,1,69.151,NO1
2025-09-18,2,58.31699999999999,NO1
2025-09-18,3,43.973,NO1
2025-09-18,4,37.078,NO1
2025-09-18,5,44.506,NO1
2025-09-18,6,61.504,NO1
2025-09-18,7,69.047,NO1
2025-09-18,8,76.59,NO1
2025-09-18,9,83.751,NO1
2025-09-18,10,78.676,NO1
2025-09-18,11,72.639,NO1
2025-09-18,12,47.889,NO1
2025-09-18,13,15.318,NO1
2025-09-18,14,8.945,NO1
2025-09-18,15,9.571,NO1
2025-09-18,16,22.583,NO1
2025-09-18,17,49.65,NO1
2025-09-18,18,65.432,NO1
2025-09-18,19,73.971,NO1
2025-09-18,20,76.89099999999999,NO1
2025-09-18,21,77.378,NO1
2025-09-18,22,70.275,NO1
2025-09-18,23,68.91900000000001,NO1
2025-09-18,24,60.241,NO1
2025-09-19,1,19.676,NO1
2025-09-19,2,14.705000000000002,NO1
2025-09-19,3,16.059,NO1
2025-09-19,4,15.697,NO1
2025-09-19,5,16.384999999999998,NO1
2025-09-19,6,18.358,NO1
2025-09-19,7,58.189,NO1
2025-09-19,8,75.076,NO1
2025-09-19,9,75.286,NO1
2025-09-19,10,71.587,NO1
2025-09-19,11,66.137,NO1
2025-09-19,12,46.857,NO1
2025-09-19,13,39.633,NO1
2025-09-19,14,26.515,NO1
2025-09-19,15,39.598,NO1
2025-09-19,16,42.667,NO1
2025-09-19,17,64.363,NO1
2025-09-19,18,70.221,NO1
2025-09-19,19,72.345,NO1
2025-09-19,20,71.64500000000001,NO1
2025-09-19,21,71.64500000000001,NO1
2025-09-19,22,54.758,NO1
2025-09-19,23,30.845,NO1
2025-09-19,24,10.784,NO1
2025-09-20,1,-12.464,NO1
2025-09-20,2,-13.643,NO1
2025-09-20,3,6.874,NO1
2025-09-20,4,6.476999999999999,NO1
2025-09-20,5,7.189,NO1
2025-09-20,6,6.641,NO1
2025-09-20,7,7.784000000000001,NO1
2025-09-20,8,10.9,NO1
2025-09-20,9,29.526,NO1
2025-09-20,10,43.041,NO1
2025-09-20,11,33.739,NO1
2025-09-20,12,9.792,NO1
2025-09-20,13,3.2909999999999995,NO1
2025-09-20,14,14.331,NO1
2025-09-20,15,26.410000000000004,NO1
2025-09-20,16,35.07,NO1
2025-09-20,17,47.032,NO1
2025-09-20,18,70.583,NO1
2025-09-20,19,73.512,NO1
2025-09-20,20,35.7,NO1
2025-09-20,21,53.591,NO1
2025-09-20,22,61.258,NO1
2025-09-20,23,44.616,NO1
2025-09-20,24,48.666,NO1
2025-09-21,1,9.068,NO1
2025-09-21,2,4.213,NO1
2025-09-21,3,3.91,NO1
2025-09-21,4,1.926,NO1
2025-09-21,5,2.357,NO1
2025-09-21,6,2.999,NO1
2025-09-21,7,3.945,NO1
2025-09-21,8,4.340999999999999,NO1
2025-09-21,9,3.606,NO1
2025-09-21,10,1.832,NO1
2025-09-21,11,1.214,NO1
2025-09-21,12,1.214,NO1
2025-09-21,13,1.167,NO1
2025-09-21,14,5.263,NO1
2025-09-21,15,11.18,NO1
2025-09-21,16,33.938,NO1
2025-09-21,17,51.012,NO1
2025-09-21,18,52.260000000000005,NO1
2025-09-21,19,47.779,NO1
2025-09-21,20,62.437,NO1
2025-09-21,21,63.102,NO1
2025-09-21,22,42.866,NO1
2025-09-21,23,37.801,NO1
2025-09-21,24,18.486,NO1
2025-09-22,1,30.157,NO1
2025-09-22,2,19.239,NO1
2025-09-22,3,13.54,NO1
2025-09-22,4,13.669,NO1
2025-09-22,5,10.602,NO1
2025-09-22,6,33.633,NO1
2025-09-22,7,52.743,NO1
2025-09-22,8,79.682,NO1
2025-09-22,9,80.817,NO1
2025-09-22,10,81.063,NO1
2025-09-22,11,76.3,NO1
2025-09-22,12,72.848,NO1
2025-09-22,13,70.14500000000001,NO1
2025-09-22,14,67.547,NO1
2025-09-22,15,67.74600000000001,NO1
2025-09-22,16,73.024,NO1
2025-09-22,17,72.38,NO1
2025-09-22,18,78.079,NO1
2025-09-22,19,66.90299999999999,NO1
2025-09-22,20,59.73,NO1
2025-09-22,21,65.756,NO1
2025-09-22,22,69.068,NO1
2025-09-22,23,70.449,NO1
2025-09-22,24,57.565,NO1
2025-09-23,1,-21.885,NO1
2025-09-23,2,46.35,NO1
2025-09-23,3,46.746,NO1
2025-09-23,4,46.711,NO1
2025-09-23,5,44.984,NO1
2025-09-23,6,42.941,NO1
2025-09-23,7,47.167,NO1
2025-09-23,8,82.626,NO1
2025-09-23,9,70.721,NO1
2025-09-23,10,54.427,NO1
2025-09-23,11,64.056,NO1
2025-09-23,12,67.91900000000001,NO1
2025-09-23,13,66.846,NO1
2025-09-23,14,74.257,NO1
2025-09-23,15,70.441,NO1
2025-09-23,16,64.126,NO1
2025-09-23,17,69.215,NO1
2025-09-23,18,68.993,NO1
2025-09-23,19,64.815,NO1
2025-09-23,20,61.453,NO1
2025-09-23,21,68.806,NO1
2025-09-23,22,67.03200000000001,NO1
2025-09-23,23,69.997,NO1
2025-09-23,24,68.46799999999999,NO1
2025-09-24,1,71.683,NO1
2025-09-24,2,70.116,NO1
2025-09-24,3,66.411,NO1
2025-09-24,4,68.62,NO1
2025-09-24,5,66.026,NO1
2025-09-24,6,71.11,NO1
2025-09-24,7,69.286,NO1
2025-09-24,8,76.965,NO1
2025-09-24,9,79.736,NO1
2025-09-24,10,76.147,NO1
2025-09-24,11,73.634,NO1
2025-09-24,12,73.062,NO1
2025-09-24,13,71.893,NO1
2025-09-24,14,63.45399999999999,NO1
2025-09-24,15,58.452,NO1
2025-09-24,16,70.362,NO1
2025-09-24,17,73.08500000000001,NO1
2025-09-24,18,74.675,NO1
2025-09-24,19,80.554,NO1
2025-09-24,20,85.91799999999999,NO1
2025-09-24,21,76.007,NO1
2025-09-24,22,68.69,NO1
2025-09-24,23,71.262,NO1
2025-09-24,24,75.575,NO1
2025-09-25,1,74.377,NO1
2025-09-25,2,75.02000000000001,NO1
2025-09-25,3,75.00800000000001,NO1
2025-09-25,4,76.317,NO1
2025-09-25,5,77.498,NO1
2025-09-25,6,71.116,NO1
2025-09-25,7,70.134,NO1
2025-09-25,8,79.263,NO1
2025-09-25,9,84.37100000000001,NO1
2025-09-25,10,79.474,NO1
2025-09-25,11,76.388,NO1
2025-09-25,12,75.546,NO1
2025-09-25,13,73.78099999999999,NO1
2025-09-25,14,70.15700000000001,NO1
2025-09-25,15,69.514,NO1
2025-09-25,16,74.167,NO1
2025-09-25,17,77.311,NO1
2025-09-25,18,78.632,NO1
2025-09-25,19,80.783,NO1
2025-09-25,20,81.952,NO1
2025-09-25,21,71.595,NO1
2025-09-25,22,69.12899999999999,NO1
2025-09-25,23,68.91799999999999,NO1
2025-09-25,24,73.559,NO1
2025-09-26,1,74.947,NO1
2025-09-26,2,74.713,NO1
2025-09-26,3,74.889,NO1
2025-09-26,4,74.619,NO1
2025-09-26,5,74.139,NO1
2025-09-26,6,73.39,NO1
2025-09-26,7,71.926,NO1
2025-09-26,8,85.042,NO1
2025-09-26,9,105.28900000000002,NO1
2025-09-26,10,125.033,NO1
2025-09-26,11,101.846,NO1
2025-09-26,12,93.415,NO1
2025-09-26,13,87.84,NO1
2025-09-26,14,81.388,NO1
2025-09-26,15,80.756,NO1
2025-09-26,16,80.381,NO1
2025-09-26,17,81.482,NO1
2025-09-26,18,78.577,NO1
2025-09-26,19,77.196,NO1
2025-09-26,20,71.399,NO1
2025-09-26,21,84.28,NO1
2025-09-26,22,78.46000000000001,NO1
2025-09-26,23,60.496,NO1
2025-09-26,24,65.672,NO1
2025-09-27,1,67.394,NO1
2025-09-27,2,66.036,NO1
2025-09-27,3,68.038,NO1
2025-09-27,4,67.827,NO1
2025-09-27,5,67.851,NO1
2025-09-27,6,66.29299999999999,NO1
2025-09-27,7,63.225,NO1
2025-09-27,8,62.370000000000005,NO1
2025-09-27,9,58.50599999999999,NO1
2025-09-27,10,73.753,NO1
2025-09-27,11,74.526,NO1
2025-09-27,12,73.70599999999999,NO1
2025-09-27,13,72.60499999999999,NO1
2025-09-27,14,66.44500000000001,NO1
2025-09-27,15,72.804,NO1
2025-09-27,16,74.268,NO1
2025-09-27,17,77.74600000000001,NO1
2025-09-27,18,70.649,NO1
2025-09-27,19,67.897,NO1
2025-09-27,20,84.749,NO1
2025-09-27,21,75.123,NO1
2025-09-27,22,67.136,NO1
2025-09-27,23,61.96,NO1
2025-09-27,24,57.721,NO1
2025-09-28,1,49.044,NO1
2025-09-28,2,49.09,NO1
2025-09-28,3,52.955,NO1
2025-09-28,4,53.423,NO1
2025-09-28,5,44.699,NO1
2025-09-28,6,46.912,NO1
2025-09-28,7,40.928,NO1
2025-09-28,8,45.776,NO1
2025-09-28,9,62.487,NO1
2025-09-28,10,71.551,NO1
2025-09-28,11,69.514,NO1
2025-09-28,12,64.373,NO1
2025-09-28,13,50.32,NO1
2025-09-28,14,46.983,NO1
2025-09-28,15,56.28099999999999,NO1
2025-09-28,16,70.42699999999999,NO1
2025-09-28,17,72.57000000000001,NO1
2025-09-28,18,73.882,NO1
2025-09-28,19,68.998,NO1
2025-09-28,20,45.132,NO1
2025-09-28,21,38.305,NO1
2025-09-28,22,39.371,NO1
2025-09-28,23,45.53,NO1
2025-09-28,24,47.31,NO1
2025-09-29,1,53.016,NO1
2025-09-29,2,52.187,NO1
2025-09-29,3,50.447,NO1
2025-09-29,4,51.778,NO1
2025-09-29,5,52.794,NO1
2025-09-29,6,49.688,NO1
2025-09-29,7,43.639,NO1
2025-09-29,8,78.309,NO1
2025-09-29,9,78.54299999999999,NO1
2025-09-29,10,74.899,NO1
2025-09-29,11,74.012,NO1
2025-09-29,12,74.479,NO1
2025-09-29,13,72.926,NO1
2025-09-29,14,72.167,NO1
2025-09-29,15,73.113,NO1
2025-09-29,16,74.771,NO1
2025-09-29,17,79.349,NO1
2025-09-29,18,84.066,NO1
2025-09-29,19,126.467,NO1
2025-09-29,20,144.88299999999998,NO1
2025-09-29,21,74.958,NO1
2025-09-29,22,60.524,NO1
2025-09-29,23,50.622,NO1
2025-09-29,24,62.18300000000001,NO1
2025-09-30,1,52.746,NO1
2025-09-30,2,54.458000000000006,NO1
2025-09-30,3,47.961,NO1
2025-09-30,4,51.491,NO1
2025-09-30,5,45.124,NO1
2025-09-30,6,44.948,NO1
2025-09-30,7,58.621,NO1
2025-09-30,8,83.52799999999999,NO1
2025-09-30,9,77.62899999999999,NO1
2025-09-30,10,80.033,NO1
2025-09-30,11,74.018,NO1
2025-09-30,12,73.689,NO1
2025-09-30,13,72.55199999999999,NO1
2025-09-30,14,72.822,NO1
2025-09-30,15,72.892,NO1
2025-09-30,16,73.15,NO1
2025-09-30,17,75.026,NO1
2025-09-30,18,77.03099999999999,NO1
2025-09-30,19,85.076,NO1
2025-09-30,20,82.039,NO1
2025-09-30,21,70.289,NO1
2025-09-30,22,62.139,NO1
2025-09-30,23,55.56,NO1
2025-09-30,24,51.573,NO1
2025-10-01,1,52.041,NO1
2025-10-01,2,53.289,NO1
2025-10-01,3,53.23,NO1
2025-10-01,4,51.901,NO1
2025-10-01,5,50.736,NO1
2025-10-01,6,50.992,NO1
2025-10-01,7,63.78099999999999,NO1
2025-10-01,8,79.834,NO1
2025-10-01,9,78.995,NO1
2025-10-01,10,71.16,NO1
2025-10-01,11,67.173,NO1
2025-10-01,12,65.11,NO1
2025-10-01,13,67.92,NO1
2025-10-01,14,67.838,NO1
2025-10-01,15,68.596,NO1
2025-10-01,16,67.42999999999999,NO1
2025-10-01,17,69.167,NO1
2025-10-01,18,72.256,NO1
2025-10-01,19,79.449,NO1
2025-10-01,20,75.42699999999999,NO1
2025-10-01,21,77.887,NO1
2025-10-01,22,66.94,NO1
2025-10-01,23,59.526,NO1
2025-10-01,24,54.268,NO1
2025-10-02,1,55.666,NO1
2025-10-02,2,54.23,NO1
2025-10-02,3,53.226,NO1
2025-10-02,4,51.347,NO1
2025-10-02,5,51.92999999999999,NO1
2025-10-02,6,58.142,NO1
2025-10-02,7,67.83200000000001,NO1
2025-10-02,8,77.324,NO1
2025-10-02,9,80.441,NO1
2025-10-02,10,75.736,NO1
2025-10-02,11,72.817,NO1
2025-10-02,12,69.291,NO1
2025-10-02,13,67.061,NO1
2025-10-02,14,63.64,NO1
2025-10-02,15,68.089,NO1
2025-10-02,16,69.443,NO1
2025-10-02,17,62.123000000000005,NO1
2025-10-02,18,71.90599999999999,NO1
2025-10-02,19,74.498,NO1
2025-10-02,20,60.628,NO1
2025-10-02,21,72.245,NO1
2025-10-02,22,65.567,NO1
2025-10-02,23,65.917,NO1
2025-10-02,24,63.559000000000005,NO1
2025-10-03,1,61.314,NO1
2025-10-03,2,57.275,NO1
2025-10-03,3,52.395,NO1
2025-10-03,4,47.702,NO1
2025-10-03,5,54.788,NO1
2025-10-03,6,59.213,NO1
2025-10-03,7,63.322,NO1
2025-10-03,8,56.306,NO1
2025-10-03,9,61.536,NO1
2025-10-03,10,63.38099999999999,NO1
2025-10-03,11,62.61,NO1
2025-10-03,12,47.247,NO1
2025-10-03,13,30.786,NO1
2025-10-03,14,22.975,NO1
2025-10-03,15,31.218,NO1
2025-10-03,16,51.811,NO1
2025-10-03,17,62.225,NO1
2025-10-03,18,66.65,NO1
2025-10-03,19,65.09700000000001,NO1
2025-10-03,20,65.727,NO1
2025-10-03,21,64.338,NO1
2025-10-03,22,46.546,NO1
2025-10-03,23,25.322,NO1
2025-10-03,24,10.437,NO1
2025-10-04,1,7.939,NO1
2025-10-04,2,16.473,NO1
2025-10-04,3,12.632,NO1
2025-10-04,4,7.997,NO1
2025-10-04,5,6.573,NO1
2025-10-04,6,4.238,NO1
2025-10-04,7,4.46,NO1
2025-10-04,8,3.432,NO1
2025-10-04,9,16.216,NO1
2025-10-04,10,2.919,NO1
2025-10-04,11,2.568,NO1
2025-10-04,12,3.1870000000000003,NO1
2025-10-04,13,3.491,NO1
2025-10-04,14,3.105,NO1
2025-10-04,15,2.65,NO1
2025-10-04,16,2.802,NO1
2025-10-04,17,1.845,NO1
2025-10-04,18,4.681,NO1
2025-10-04,19,2.65,NO1
2025-10-04,20,7.657999999999999,NO1
2025-10-04,21,7.098000000000001,NO1
2025-10-04,22,3.5490000000000004,NO1
2025-10-04,23,3.304,NO1
2025-10-04,24,4.553,NO1
2025-10-05,1,2.627,NO1
2025-10-05,2,0.35,NO1
2025-10-05,3,0.21,NO1
2025-10-05,4,0.198,NO1
2025-10-05,5,0.233,NO1
2025-10-05,6,0.257,NO1
2025-10-05,7,0.49,NO1
2025-10-05,8,0.8869999999999999,NO1
2025-10-05,9,2.463,NO1
2025-10-05,10,2.638,NO1
2025-10-05,11,3.981,NO1
2025-10-05,12,2.942,NO1
2025-10-05,13,3.2340000000000004,NO1
2025-10-05,14,2.627,NO1
2025-10-05,15,4.646,NO1
2025-10-05,16,3.561,NO1
2025-10-05,17,3.654,NO1
2025-10-05,18,7.168000000000001,NO1
2025-10-05,19,21.306,NO1
2025-10-05,20,39.016000000000005,NO1
2025-10-05,21,26.466,NO1
2025-10-05,22,7.121,NO1
2025-10-05,23,6.281000000000001,NO1
2025-10-05,24,4.892,NO1
2025-10-06,1,25.752,NO1
2025-10-06,2,15.316,NO1
2025-10-06,3,11.121,NO1
2025-10-06,4,12.806,NO1
2025-10-06,5,19.721,NO1
2025-10-06,6,26.473000000000003,NO1
2025-10-06,7,60.011,NO1
2025-10-06,8,59.685,NO1
2025-10-06,9,64.53099999999999,NO1
2025-10-06,10,64.648,NO1
2025-10-06,11,60.115,NO1
2025-10-06,12,61.487,NO1
2025-10-06,13,61.359,NO1
2025-10-06,14,61.243,NO1
2025-10-06,15,60.696000000000005,NO1
2025-10-06,16,58.94199999999999,NO1
2025-10-06,17,62.463,NO1
2025-10-06,18,60.301,NO1
2025-10-06,19,66.426,NO1
2025-10-06,20,73.96799999999999,NO1
2025-10-06,21,64.601,NO1
2025-10-06,22,58.593,NO1
2025-10-06,23,55.525,NO1
2025-10-06,24,52.736,NO1
2025-10-07,1,49.937,NO1
2025-10-07,2,48.0,NO1
2025-10-07,3,47.686,NO1
2025-10-07,4,47.686,NO1
2025-10-07,5,47.338,NO1
2025-10-07,6,48.58,NO1
2025-10-07,7,54.764,NO1
2025-10-07,8,55.46,NO1
2025-10-07,9,17.589,NO1
2025-10-07,10,64.893,NO1
2025-10-07,11,45.899,NO1
2025-10-07,12,51.828,NO1
2025-10-07,13,56.226,NO1
2025-10-07,14,55.135000000000005,NO1
2025-10-07,15,55.622,NO1
2025-10-07,16,52.664,NO1
2025-10-07,17,57.676,NO1
2025-10-07,18,56.086,NO1
2025-10-07,19,69.035,NO1
2025-10-07,20,57.885000000000005,NO1
2025-10-07,21,51.84,NO1
2025-10-07,22,46.12,NO1
2025-10-07,23,49.345,NO1
2025-10-07,24,48.916,NO1
2025-10-08,1,62.359,NO1
2025-10-08,2,52.117,NO1
2025-10-08,3,51.606,NO1
2025-10-08,4,52.628,NO1
2025-10-08,5,47.182,NO1
2025-10-08,6,46.415,NO1
2025-10-08,7,68.792,NO1
2025-10-08,8,74.761,NO1
2025-10-08,9,78.675,NO1
2025-10-08,10,72.009,NO1
2025-10-08,11,57.099,NO1
2025-10-08,12,57.041,NO1
2025-10-08,13,60.188,NO1
2025-10-08,14,61.988,NO1
2025-10-08,15,58.155,NO1
2025-10-08,16,56.181,NO1
2025-10-08,17,69.768,NO1
2025-10-08,18,62.278,NO1
2025-10-08,19,76.41,NO1
2025-10-08,20,82.86699999999999,NO1
2025-10-08,21,76.201,NO1
2025-10-08,22,67.49199999999999,NO1
2025-10-08,23,51.757000000000005,NO1
2025-10-08,24,51.95399999999999,NO1
2025-10-09,1,59.166,NO1
2025-10-09,2,54.063,NO1
2025-10-09,3,54.086,NO1
2025-10-09,4,56.899,NO1
2025-10-09,5,59.771,NO1
2025-10-09,6,65.431,NO1
2025-10-09,7,70.86,NO1
2025-10-09,8,74.277,NO1
2025-10-09,9,75.556,NO1
2025-10-09,10,74.33500000000001,NO1
2025-10-09,11,70.59299999999999,NO1
2025-10-09,12,69.721,NO1
2025-10-09,13,66.408,NO1
2025-10-09,14,66.733,NO1
2025-10-09,15,65.327,NO1
2025-10-09,16,64.943,NO1
2025-10-09,17,67.849,NO1
2025-10-09,18,70.186,NO1
2025-10-09,19,70.569,NO1
2025-10-09,20,70.78999999999999,NO1
2025-10-09,21,67.721,NO1
2025-10-09,22,61.63,NO1
2025-10-09,23,56.586,NO1
2025-10-09,24,49.448,NO1
2025-10-10,1,19.677,NO1
2025-10-10,2,9.097,NO1
2025-10-10,3,7.906000000000001,NO1
2025-10-10,4,8.595,NO1
2025-10-10,5,18.264,NO1
2025-10-10,6,48.357,NO1
2025-10-10,7,66.422,NO1
2025-10-10,8,73.113,NO1
2025-10-10,9,73.72,NO1
2025-10-10,10,72.015,NO1
2025-10-10,11,69.142,NO1
2025-10-10,12,65.149,NO1
2025-10-10,13,62.755,NO1
2025-10-10,14,59.56699999999999,NO1
2025-10-10,15,56.776,NO1
2025-10-10,16,56.834,NO1
2025-10-10,17,56.589,NO1
2025-10-10,18,60.373000000000005,NO1
2025-10-10,19,62.101,NO1
2025-10-10,20,56.11,NO1
2025-10-10,21,47.562,NO1
2025-10-10,22,40.159,NO1
2025-10-10,23,27.033,NO1
2025-10-10,24,21.615,NO1
2025-10-11,1,26.485000000000003,NO1
2025-10-11,2,9.389,NO1
2025-10-11,3,7.718999999999999,NO1
2025-10-11,4,7.894,NO1
2025-10-11,5,5.115,NO1
2025-10-11,6,5.909000000000001,NO1
2025-10-11,7,8.711,NO1
2025-10-11,8,24.126,NO1
2025-10-11,9,50.482,NO1
2025-10-11,10,60.373000000000005,NO1
2025-10-11,11,69.002,NO1
2025-10-11,12,69.283,NO1
2025-10-11,13,61.33,NO1
2025-10-11,14,54.102,NO1
2025-10-11,15,56.542,NO1
2025-10-11,16,69.166,NO1
2025-10-11,17,64.822,NO1
2025-10-11,18,54.569,NO1
2025-10-11,19,43.464,NO1
2025-10-11,20,43.977,NO1
2025-10-11,21,46.196,NO1
2025-10-11,22,38.396,NO1
2025-10-11,23,38.956,NO1
2025-10-11,24,41.56,NO1
2025-10-12,1,25.457,NO1
2025-10-12,2,8.618,NO1
2025-10-12,3,5.103,NO1
2025-10-12,4,6.703,NO1
2025-10-12,5,6.726000000000001,NO1
2025-10-12,6,11.0,NO1
2025-10-12,7,13.149,NO1
2025-10-12,8,40.976,NO1
2025-10-12,9,44.012,NO1
2025-10-12,10,47.13,NO1
2025-10-12,11,47.049,NO1
2025-10-12,12,51.042,NO1
2025-10-12,13,53.705,NO1
2025-10-12,14,56.11,NO1
2025-10-12,15,53.658,NO1
2025-10-12,16,50.879000000000005,NO1
2025-10-12,17,58.247,NO1
2025-10-12,18,54.21900000000001,NO1
2025-10-12,19,71.174,NO1
2025-10-12,20,51.766,NO1
2025-10-12,21,50.996,NO1
2025-10-12,22,51.451,NO1
2025-10-12,23,51.124,NO1
2025-10-12,24,55.655,NO1
2025-10-13,1,57.613,NO1
2025-10-13,2,46.903,NO1
2025-10-13,3,45.186,NO1
2025-10-13,4,46.658,NO1
2025-10-13,5,65.099,NO1
2025-10-13,6,71.44,NO1
2025-10-13,7,75.692,NO1
2025-10-13,8,86.763,NO1
2025-10-13,9,87.651,NO1
2025-10-13,10,81.40299999999999,NO1
2025-10-13,11,81.34400000000001,NO1
2025-10-13,12,79.651,NO1
2025-10-13,13,78.12100000000001,NO1
2025-10-13,14,77.023,NO1
2025-10-13,15,77.023,NO1
2025-10-13,16,77.922,NO1
2025-10-13,17,79.149,NO1
2025-10-13,18,82.28999999999999,NO1
2025-10-13,19,89.228,NO1
2025-10-13,20,89.82300000000001,NO1
2025-10-13,21,79.557,NO1
2025-10-13,22,77.257,NO1
2025-10-13,23,76.801,NO1
2025-10-13,24,75.014,NO1
2025-10-14,1,76.886,NO1
2025-10-14,2,75.026,NO1
2025-10-14,3,74.226,NO1
2025-10-14,4,74.108,NO1
2025-10-14,5,76.027,NO1
2025-10-14,6,74.92,NO1
2025-10-14,7,78.381,NO1
2025-10-14,8,90.377,NO1
2025-10-14,9,115.959,NO1
2025-10-14,10,101.314,NO1
2025-10-14,11,104.469,NO1
2025-10-14,12,81.336,NO1
2025-10-14,13,83.208,NO1
2025-10-14,14,80.324,NO1
2025-10-14,15,80.595,NO1
2025-10-14,16,81.89,NO1
2025-10-14,17,95.228,NO1
2025-10-14,18,135.325,NO1
2025-10-14,19,197.837,NO1
2025-10-14,20,191.362,NO1
2025-10-14,21,107.165,NO1
2025-10-14,22,78.428,NO1
2025-10-14,23,76.474,NO1
2025-10-14,24,76.015,NO1
2025-10-15,1,63.266,NO1
2025-10-15,2,62.29299999999999,NO1
2025-10-15,3,56.374,NO1
2025-10-15,4,56.409000000000006,NO1
2025-10-15,5,61.086,NO1
2025-10-15,6,72.375,NO1
2025-10-15,7,75.91499999999999,NO1
2025-10-15,8,94.776,NO1
2025-10-15,9,101.224,NO1
2025-10-15,10,81.917,NO1
2025-10-15,11,77.615,NO1
2025-10-15,12,76.829,NO1
2025-10-15,13,76.267,NO1
2025-10-15,14,75.235,NO1
2025-10-15,15,74.696,NO1
2025-10-15,16,77.228,NO1
2025-10-15,17,79.057,NO1
2025-10-15,18,78.998,NO1
2025-10-15,19,82.397,NO1
2025-10-15,20,78.963,NO1
2025-10-15,21,78.259,NO1
2025-10-15,22,77.65,NO1
2025-10-15,23,77.228,NO1
2025-10-15,24,74.11,NO1
2025-10-16,1,72.704,NO1
2025-10-16,2,71.261,NO1
2025-10-16,3,71.002,NO1
2025-10-16,4,69.559,NO1
2025-10-16,5,70.416,NO1
2025-10-16,6,70.627,NO1
2025-10-16,7,71.202,NO1
2025-10-16,8,72.598,NO1
2025-10-16,9,77.60900000000001,NO1
2025-10-16,10,77.785,NO1
2025-10-16,11,73.255,NO1
2025-10-16,12,64.877,NO1
2025-10-16,13,70.486,NO1
2025-10-16,14,72.199,NO1
2025-10-16,15,71.636,NO1
2025-10-16,16,72.434,NO1
2025-10-16,17,72.188,NO1
2025-10-16,18,74.405,NO1
2025-10-16,19,74.60499999999999,NO1
2025-10-16,20,76.013,NO1
2025-10-16,21,74.933,NO1
2025-10-16,22,74.065,NO1
2025-10-16,23,73.619,NO1
2025-10-16,24,73.267,NO1
2025-10-17,1,72.252,NO1
2025-10-17,2,71.338,NO1
2025-10-17,3,70.692,NO1
2025-10-17,4,70.986,NO1
2025-10-17,5,72.1,NO1
2025-10-17,6,72.252,NO1
2025-10-17,7,74.25800000000001,NO1
2025-10-17,8,76.69800000000001,NO1
2025-10-17,9,78.08200000000001,NO1
2025-10-17,10,78.45700000000001,NO1
2025-10-17,11,77.589,NO1
2025-10-17,12,76.745,NO1
2025-10-17,13,75.959,NO1
2025-10-17,14,75.736,NO1
2025-10-17,15,74.798,NO1
2025-10-17,16,74.798,NO1
2025-10-17,17,76.628,NO1
2025-10-17,18,77.308,NO1
2025-10-17,19,78.199,NO1
2025-10-17,20,76.358,NO1
2025-10-17,21,75.595,NO1
2025-10-17,22,75.267,NO1
2025-10-17,23,75.384,NO1
2025-10-17,24,74.634,NO1
2025-10-18,1,61.778,NO1
2025-10-18,2,60.758,NO1
2025-10-18,3,60.617,NO1
2025-10-18,4,60.687,NO1
2025-10-18,5,60.96900000000001,NO1
2025-10-18,6,63.139,NO1
2025-10-18,7,76.428,NO1
2025-10-18,8,77.554,NO1
2025-10-18,9,78.012,NO1
2025-10-18,10,79.009,NO1
2025-10-18,11,79.79400000000001,NO1
2025-10-18,12,77.296,NO1
2025-10-18,13,74.587,NO1
2025-10-18,14,72.405,NO1
2025-10-18,15,73.965,NO1
2025-10-18,16,76.95599999999999,NO1
2025-10-18,17,78.46900000000001,NO1
2025-10-18,18,80.486,NO1
2025-10-18,19,82.997,NO1
2025-10-18,20,82.785,NO1
2025-10-18,21,81.132,NO1
2025-10-18,22,81.202,NO1
2025-10-18,23,78.28099999999999,NO1
2025-10-18,24,75.408,NO1
2025-10-19,1,70.65700000000001,NO1
2025-10-19,2,68.769,NO1
2025-10-19,3,69.003,NO1
2025-10-19,4,62.341,NO1
2025-10-19,5,59.292,NO1
2025-10-19,6,58.916,NO1
2025-10-19,7,62.142,NO1
2025-10-19,8,68.804,NO1
2025-10-19,9,71.537,NO1
2025-10-19,10,69.625,NO1
2025-10-19,11,66.845,NO1
2025-10-19,12,64.265,NO1
2025-10-19,13,47.914,NO1
2025-10-19,14,37.616,NO1
2025-10-19,15,53.57899999999999,NO1
2025-10-19,16,66.74,NO1
2025-10-19,17,71.033,NO1
2025-10-19,18,76.733,NO1
2025-10-19,19,78.45700000000001,NO1
2025-10-19,20,77.74199999999999,NO1
2025-10-19,21,73.648,NO1
2025-10-19,22,73.144,NO1
2025-10-19,23,69.684,NO1
2025-10-19,24,64.757,NO1
2025-10-20,1,66.269,NO1
2025-10-20,2,63.803,NO1
2025-10-20,3,62.324,NO1
2025-10-20,4,60.739,NO1
2025-10-20,5,62.547,NO1
2025-10-20,6,65.013,NO1
2025-10-20,7,69.357,NO1
2025-10-20,8,78.128,NO1
2025-10-20,9,91.537,NO1
2025-10-20,10,85.04400000000001,NO1
2025-10-20,11,77.16499999999999,NO1
2025-10-20,12,72.292,NO1
2025-10-20,13,69.31,NO1
2025-10-20,14,70.39,NO1
2025-10-20,15,73.549,NO1
2025-10-20,16,77.517,NO1
2025-10-20,17,80.79299999999999,NO1
2025-10-20,18,80.253,NO1
2025-10-20,19,80.324,NO1
2025-10-20,20,77.494,NO1
2025-10-20,21,73.936,NO1
2025-10-20,22,69.345,NO1
2025-10-20,23,65.882,NO1
2025-10-20,24,58.53099999999999,NO1
2025-10-21,1,57.798,NO1
2025-10-21,2,49.653,NO1
2025-10-21,3,37.202,NO1
2025-10-21,4,26.046,NO1
2025-10-21,5,31.554,NO1
2025-10-21,6,57.028,NO1
2025-10-21,7,65.757,NO1
2025-10-21,8,75.115,NO1
2025-10-21,9,77.47200000000001,NO1
2025-10-21,10,76.072,NO1
2025-10-21,11,71.439,NO1
2025-10-21,12,68.184,NO1
2025-10-21,13,60.435,NO1
2025-10-21,14,49.116,NO1
2025-10-21,15,46.374,NO1
2025-10-21,16,64.006,NO1
2025-10-21,17,69.911,NO1
2025-10-21,18,72.97999999999999,NO1
2025-10-21,19,73.89,NO1
2025-10-21,20,72.80499999999999,NO1
2025-10-21,21,70.203,NO1
2025-10-21,22,68.872,NO1
2025-10-21,23,67.92699999999999,NO1
2025-10-21,24,67.787,NO1
2025-10-22,1,61.731,NO1
2025-10-22,2,60.57899999999999,NO1
2025-10-22,3,59.205,NO1
2025-10-22,4,57.65599999999999,NO1
2025-10-22,5,58.331,NO1
2025-10-22,6,61.254,NO1
2025-10-22,7,70.999,NO1
2025-10-22,8,76.483,NO1
2025-10-22,9,79.079,NO1
2025-10-22,10,80.104,NO1
2025-10-22,11,78.357,NO1
2025-10-22,12,77.822,NO1
2025-10-22,13,77.682,NO1
2025-10-22,14,77.729,NO1
2025-10-22,15,77.007,NO1
2025-10-22,16,76.134,NO1
2025-10-22,17,77.694,NO1
2025-10-22,18,79.626,NO1
2025-10-22,19,80.27799999999999,NO1
2025-10-22,20,79.72,NO1
2025-10-22,21,77.263,NO1
2025-10-22,22,76.16900000000001,NO1
2025-10-22,23,74.538,NO1
2025-10-22,24,73.444,NO1
2025-10-23,1,75.0,NO1
2025-10-23,2,73.1,NO1
2025-10-23,3,72.0,NO1
2025-10-23,4,70.34400000000001,NO1
2025-10-23,5,70.158,NO1
2025-10-23,6,68.78,NO1
2025-10-23,7,74.143,NO1
2025-10-23,8,81.15,NO1
2025-10-23,9,89.513,NO1
2025-10-23,10,85.749,NO1
2025-10-23,11,84.428,NO1
2025-10-23,12,77.00399999999999,NO1
2025-10-23,13,74.409,NO1
2025-10-23,14,73.772,NO1
2025-10-23,15,72.08099999999999,NO1
2025-10-23,16,77.259,NO1
2025-10-23,17,78.26599999999999,NO1
2025-10-23,18,79.598,NO1
2025-10-23,19,79.239,NO1
2025-10-23,20,77.768,NO1
2025-10-23,21,81.139,NO1
2025-10-23,22,80.73400000000001,NO1
2025-10-23,23,77.652,NO1
2025-10-23,24,63.29,NO1
2025-10-24,1,28.674,NO1
2025-10-24,2,20.507,NO1
2025-10-24,3,12.769,NO1
2025-10-24,4,9.876,NO1
2025-10-24,5,7.773000000000001,NO1
2025-10-24,6,13.106,NO1
2025-10-24,7,33.368,NO1
2025-10-24,8,68.108,NO1
2025-10-24,9,80.017,NO1
2025-10-24,10,76.20599999999999,NO1
2025-10-24,11,66.539,NO1
2025-10-24,12,50.308,NO1
2025-10-24,13,46.497,NO1
2025-10-24,14,39.178,NO1
2025-10-24,15,35.576,NO1
2025-10-24,16,39.991,NO1
2025-10-24,17,54.444,NO1
2025-10-24,18,68.584,NO1
2025-10-24,19,77.426,NO1
2025-10-24,20,76.822,NO1
2025-10-24,21,66.249,NO1
2025-10-24,22,52.109,NO1
2025-10-24,23,33.798,NO1
2025-10-24,24,12.478,NO1
2025-10-25,1,15.894,NO1
2025-10-25,2,31.265,NO1
2025-10-25,3,20.576,NO1
2025-10-25,4,7.795999999999999,NO1
2025-10-25,5,8.017,NO1
2025-10-25,6,6.623,NO1
2025-10-25,7,9.678,NO1
2025-10-25,8,23.016,NO1
2025-10-25,9,25.619,NO1
2025-10-25,10,30.905,NO1
2025-10-25,11,34.054,NO1
2025-10-25,12,25.003,NO1
2025-10-25,13,7.935,NO1
2025-10-25,14,14.732,NO1
2025-10-25,15,31.986,NO1
2025-10-25,16,34.449,NO1
2025-10-25,17,36.9,NO1
2025-10-25,18,47.799,NO1
2025-10-25,19,64.471,NO1
2025-10-25,20,69.362,NO1
2025-10-25,21,54.224,NO1
2025-10-25,22,48.949,NO1
2025-10-25,23,33.88,NO1
2025-10-25,24,10.166,NO1
2025-10-26,1,9.423,NO1
2025-10-26,2,4.833,NO1
2025-10-26,3,3.8635,NO1
2025-10-26,4,5.379,NO1
2025-10-26,5,3.439,NO1
2025-10-26,6,2.3120000000000003,NO1
2025-10-26,7,2.452,NO1
2025-10-26,8,6.228,NO1
2025-10-26,9,20.913,NO1
2025-10-26,10,32.369,NO1
2025-10-26,11,33.299,NO1
2025-10-26,12,31.881,NO1
2025-10-26,13,30.65,NO1
2025-10-26,14,29.581,NO1
2025-10-26,15,22.249,NO1
2025-10-26,16,31.684,NO1
2025-10-26,17,49.379000000000005,NO1
2025-10-26,18,60.8,NO1
2025-10-26,19,57.372,NO1
2025-10-26,20,53.585,NO1
2025-10-26,21,49.681,NO1
2025-10-26,22,42.512,NO1
2025-10-26,23,39.817,NO1
2025-10-26,24,30.487,NO1
2025-10-27,1,32.884,NO1
2025-10-27,2,20.658,NO1
2025-10-27,3,20.938,NO1
2025-10-27,4,22.962,NO1
2025-10-27,5,20.786,NO1
2025-10-27,6,33.047000000000004,NO1
2025-10-27,7,62.185,NO1
2025-10-27,8,78.423,NO1
2025-10-27,9,85.204,NO1
2025-10-27,10,87.426,NO1
2025-10-27,11,92.079,NO1
2025-10-27,12,85.402,NO1
2025-10-27,13,83.273,NO1
2025-10-27,14,80.784,NO1
2025-10-27,15,79.005,NO1
2025-10-27,16,80.66799999999999,NO1
2025-10-27,17,88.31,NO1
2025-10-27,18,85.007,NO1
2025-10-27,19,88.973,NO1
2025-10-27,20,85.274,NO1
2025-10-27,21,82.459,NO1
2025-10-27,22,79.854,NO1
2025-10-27,23,77.33,NO1
2025-10-27,24,68.338,NO1
2025-10-28,1,56.737,NO1
2025-10-28,2,37.669,NO1
2025-10-28,3,30.771,NO1
2025-10-28,4,15.496,NO1
2025-10-28,5,13.076,NO1
2025-10-28,6,35.761,NO1
2025-10-28,7,66.974,NO1
2025-10-28,8,80.225,NO1
2025-10-28,9,79.317,NO1
2025-10-28,10,79.689,NO1
2025-10-28,11,79.166,NO1
2025-10-28,12,79.876,NO1
2025-10-28,13,74.85,NO1
2025-10-28,14,69.894,NO1
2025-10-28,15,72.92999999999999,NO1
2025-10-28,16,80.248,NO1
2025-10-28,17,84.983,NO1
2025-10-28,18,88.45,NO1
2025-10-28,19,81.586,NO1
2025-10-28,20,79.655,NO1
2025-10-28,21,77.514,NO1
2025-10-28,22,76.432,NO1
2025-10-28,23,76.944,NO1
2025-10-28,24,77.78200000000001,NO1
2025-10-29,1,67.538,NO1
2025-10-29,2,62.313,NO1
2025-10-29,3,61.894000000000005,NO1
2025-10-29,4,62.243,NO1
2025-10-29,5,60.706,NO1
2025-10-29,6,71.414,NO1
2025-10-29,7,78.78099999999999,NO1
2025-10-29,8,79.316,NO1
2025-10-29,9,93.271,NO1
2025-10-29,10,91.257,NO1
2025-10-29,11,80.45700000000001,NO1
2025-10-29,12,78.874,NO1
2025-10-29,13,79.619,NO1
2025-10-29,14,84.356,NO1
2025-10-29,15,88.80199999999999,NO1
2025-10-29,16,89.872,NO1
2025-10-29,17,92.154,NO1
2025-10-29,18,96.739,NO1
2025-10-29,19,94.167,NO1
2025-10-29,20,82.214,NO1
2025-10-29,21,78.12899999999999,NO1
2025-10-29,22,77.64,NO1
2025-10-29,23,71.239,NO1
2025-10-29,24,68.97,NO1
2025-10-30,1,66.349,NO1
2025-10-30,2,64.658,NO1
2025-10-30,3,60.797,NO1
2025-10-30,4,59.199,NO1
2025-10-30,5,58.569,NO1
2025-10-30,6,65.533,NO1
2025-10-30,7,71.94800000000001,NO1
2025-10-30,8,78.271,NO1
2025-10-30,9,83.473,NO1
2025-10-30,10,75.425,NO1
2025-10-30,11,67.901,NO1
2025-10-30,12,58.359,NO1
2025-10-30,13,53.087,NO1
2025-10-30,14,52.655,NO1
2025-10-30,15,60.634,NO1
2025-10-30,16,71.727,NO1
2025-10-30,17,76.381,NO1
2025-10-30,18,75.378,NO1
2025-10-30,19,74.538,NO1
2025-10-30,20,73.255,NO1
2025-10-30,21,69.78999999999999,NO1
2025-10-30,22,72.83500000000001,NO1
2025-10-30,23,72.438,NO1
2025-10-30,24,67.014,NO1
2025-10-31,1,73.048,NO1
2025-10-31,2,71.429,NO1
2025-10-31,3,70.369,NO1
2025-10-31,4,69.751,NO1
2025-10-31,5,68.901,NO1
2025-10-31,6,68.796,NO1
2025-10-31,7,73.059,NO1
2025-10-31,8,74.877,NO1
2025-10-31,9,75.925,NO1
2025-10-31,10,75.983,NO1
2025-10-31,11,76.47200000000001,NO1
2025-10-31,12,76.635,NO1
2025-10-31,13,75.494,NO1
2025-10-31,14,75.64500000000001,NO1
2025-10-31,15,76.228,NO1
2025-10-31,16,74.935,NO1
2025-10-31,17,76.426,NO1
2025-10-31,18,75.762,NO1
2025-10-31,19,75.401,NO1
2025-10-31,20,74.935,NO1
2025-10-31,21,74.317,NO1
2025-10-31,22,73.292,NO1
2025-10-31,23,71.405,NO1
2025-10-31,24,63.147000000000006,NO1
2025-11-01,1,57.88099999999999,NO1
2025-11-01,2,38.824,NO1
2025-11-01,3,26.92,NO1
2025-11-01,4,22.423,NO1
2025-11-01,5,18.148,NO1
2025-11-01,6,14.898,NO1
2025-11-01,7,13.594,NO1
2025-11-01,8,20.688,NO1
2025-11-01,9,35.936,NO1
2025-11-01,10,32.453,NO1
2025-11-01,11,27.292,NO1
2025-11-01,12,22.051,NO1
2025-11-01,13,31.696,NO1
2025-11-01,14,36.856,NO1
2025-11-01,15,57.287,NO1
2025-11-01,16,64.21799999999999,NO1
2025-11-01,17,71.312,NO1
2025-11-01,18,73.95599999999999,NO1
2025-11-01,19,73.013,NO1
2025-11-01,20,72.477,NO1
2025-11-01,21,71.196,NO1
2025-11-01,22,65.511,NO1
2025-11-01,23,61.644000000000005,NO1
2025-11-01,24,57.951,NO1
2025-11-02,1,60.048,NO1
2025-11-02,2,58.510000000000005,NO1
2025-11-02,3,56.81,NO1
2025-11-02,4,55.470000000000006,NO1
2025-11-02,5,55.179,NO1
2025-11-02,6,56.821000000000005,NO1
2025-11-02,7,62.576,NO1
2025-11-02,8,67.223,NO1
2025-11-02,9,69.274,NO1
2025-11-02,10,71.21900000000001,NO1
2025-11-02,11,70.334,NO1
2025-11-02,12,70.019,NO1
2025-11-02,13,70.52000000000001,NO1
2025-11-02,14,71.592,NO1
2025-11-02,15,72.826,NO1
2025-11-02,16,73.572,NO1
2025-11-02,17,75.65700000000001,NO1
2025-11-02,18,76.729,NO1
2025-11-02,19,76.053,NO1
2025-11-02,20,75.65700000000001,NO1
2025-11-02,21,74.958,NO1
2025-11-02,22,74.236,NO1
2025-11-02,23,71.929,NO1
2025-11-02,24,69.705,NO1
2025-11-03,1,68.001,NO1
2025-11-03,2,65.089,NO1
2025-11-03,3,62.398,NO1
2025-11-03,4,58.473,NO1
2025-11-03,5,58.566,NO1
2025-11-03,6,63.179,NO1
2025-11-03,7,69.772,NO1
2025-11-03,8,71.099,NO1
2025-11-03,9,72.777,NO1
2025-11-03,10,73.184,NO1
2025-11-03,11,73.382,NO1
2025-11-03,12,72.765,NO1
2025-11-03,13,71.682,NO1
2025-11-03,14,72.05499999999999,NO1
2025-11-03,15,72.486,NO1
2025-11-03,16,74.116,NO1
2025-11-03,17,75.211,NO1
2025-11-03,18,79.929,NO1
2025-11-03,19,78.938,NO1
2025-11-03,20,74.442,NO1
2025-11-03,21,70.65700000000001,NO1
2025-11-03,22,66.941,NO1
2025-11-03,23,55.526,NO1
2025-11-03,24,32.696,NO1
2025-11-04,1,10.003,NO1
2025-11-04,2,8.115,NO1
2025-11-04,3,5.5,NO1
2025-11-04,4,6.343999999999999,NO1
2025-11-04,5,6.203,NO1
2025-11-04,6,10.05,NO1
2025-11-04,7,44.561,NO1
2025-11-04,8,55.384,NO1
2025-11-04,9,63.909000000000006,NO1
2025-11-04,10,66.41900000000001,NO1
2025-11-04,11,64.988,NO1
2025-11-04,12,59.7,NO1
2025-11-04,13,57.941,NO1
2025-11-04,14,65.938,NO1
2025-11-04,15,66.384,NO1
2025-11-04,16,70.676,NO1
2025-11-04,17,72.91499999999999,NO1
2025-11-04,18,73.748,NO1
2025-11-04,19,72.517,NO1
2025-11-04,20,70.58200000000001,NO1
2025-11-04,21,69.175,NO1
2025-11-04,22,63.042,NO1
2025-11-04,23,60.591,NO1
2025-11-04,24,56.17,NO1
2025-11-05,1,57.547,NO1
2025-11-05,2,56.20700000000001,NO1
2025-11-05,3,56.877,NO1
2025-11-05,4,53.117,NO1
2025-11-05,5,52.929,NO1
2025-11-05,6,54.891,NO1
2025-11-05,7,60.449,NO1
2025-11-05,8,68.15599999999999,NO1
2025-11-05,9,68.826,NO1
2025-11-05,10,71.963,NO1
2025-11-05,11,69.284,NO1
2025-11-05,12,67.251,NO1
2025-11-05,13,69.66,NO1
2025-11-05,14,74.324,NO1
2025-11-05,15,74.136,NO1
2025-11-05,16,76.03999999999999,NO1
2025-11-05,17,77.743,NO1
2025-11-05,18,81.60900000000001,NO1
2025-11-05,19,78.836,NO1
2025-11-05,20,77.731,NO1
2025-11-05,21,76.85,NO1
2025-11-05,22,73.408,NO1
2025-11-05,23,70.929,NO1
2025-11-05,24,63.715,NO1
2025-11-06,1,60.145,NO1
2025-11-06,2,58.128,NO1
2025-11-06,3,55.61900000000001,NO1
2025-11-06,4,55.161,NO1
2025-11-06,5,54.31699999999999,NO1
2025-11-06,6,63.71,NO1
2025-11-06,7,77.05499999999999,NO1
2025-11-06,8,77.325,NO1
2025-11-06,9,79.213,NO1
2025-11-06,10,79.494,NO1
2025-11-06,11,78.72,NO1
2025-11-06,12,78.263,NO1
2025-11-06,13,78.15700000000001,NO1
2025-11-06,14,78.955,NO1
2025-11-06,15,79.318,NO1
2025-11-06,16,78.521,NO1
2025-11-06,17,79.67,NO1
2025-11-06,18,84.231,NO1
2025-11-06,19,83.28200000000001,NO1
2025-11-06,20,80.432,NO1
2025-11-06,21,79.928,NO1
2025-11-06,22,78.345,NO1
2025-11-06,23,73.314,NO1
2025-11-06,24,64.812,NO1
2025-11-07,1,62.104,NO1
2025-11-07,2,61.551,NO1
2025-11-07,3,60.632000000000005,NO1
2025-11-07,4,60.361,NO1
2025-11-07,5,63.282,NO1
2025-11-07,6,71.493,NO1
2025-11-07,7,76.664,NO1
2025-11-07,8,78.113,NO1
2025-11-07,9,79.162,NO1
2025-11-07,10,78.28999999999999,NO1
2025-11-07,11,78.902,NO1
2025-11-07,12,78.85499999999999,NO1
2025-11-07,13,78.69,NO1
2025-11-07,14,78.702,NO1
2025-11-07,15,78.938,NO1
2025-11-07,16,79.892,NO1
2025-11-07,17,81.023,NO1
2025-11-07,18,82.53099999999999,NO1
2025-11-07,19,82.26,NO1
2025-11-07,20,80.22200000000001,NO1
2025-11-07,21,79.067,NO1
2025-11-07,22,78.57300000000001,NO1
2025-11-07,23,77.336,NO1
2025-11-07,24,76.652,NO1
2025-11-08,1,62.116,NO1
2025-11-08,2,57.604,NO1
2025-11-08,3,56.909000000000006,NO1
2025-11-08,4,55.837,NO1
2025-11-08,5,56.532,NO1
2025-11-08,6,57.074,NO1
2025-11-08,7,57.592,NO1
2025-11-08,8,72.541,NO1
2025-11-08,9,73.70700000000001,NO1
2025-11-08,10,74.95599999999999,NO1
2025-11-08,11,75.416,NO1
2025-11-08,12,75.545,NO1
2025-11-08,13,74.921,NO1
2025-11-08,14,74.638,NO1
2025-11-08,15,75.51,NO1
2025-11-08,16,75.651,NO1
2025-11-08,17,78.632,NO1
2025-11-08,18,80.34,NO1
2025-11-08,19,79.45599999999999,NO1
2025-11-08,20,78.349,NO1
2025-11-08,21,77.3,NO1
2025-11-08,22,75.663,NO1
2025-11-08,23,75.16799999999999,NO1
2025-11-08,24,73.861,NO1
2025-11-09,1,62.952,NO1
2025-11-09,2,59.713,NO1
2025-11-09,3,62.835,NO1
2025-11-09,4,71.564,NO1
2025-11-09,5,71.351,NO1
2025-11-09,6,71.799,NO1
2025-11-09,7,72.046,NO1
2025-11-09,8,72.341,NO1
2025-11-09,9,72.694,NO1
2025-11-09,10,74.226,NO1
2025-11-09,11,75.42699999999999,NO1
2025-11-09,12,75.416,NO1
2025-11-09,13,75.463,NO1
2025-11-09,14,75.451,NO1
2025-11-09,15,75.687,NO1
2025-11-09,16,76.181,NO1
2025-11-09,17,77.40599999999999,NO1
2025-11-09,18,82.44800000000001,NO1
2025-11-09,19,81.741,NO1
2025-11-09,20,77.512,NO1
2025-11-09,21,76.652,NO1
2025-11-09,22,75.38,NO1
2025-11-09,23,74.885,NO1
2025-11-09,24,73.92,NO1
2025-11-10,1,74.08200000000001,NO1
2025-11-10,2,73.451,NO1
2025-11-10,3,73.299,NO1
2025-11-10,4,73.006,NO1
2025-11-10,5,72.632,NO1
2025-11-10,6,73.065,NO1
2025-11-10,7,74.22200000000001,NO1
2025-11-10,8,76.045,NO1
2025-11-10,9,80.183,NO1
2025-11-10,10,79.821,NO1
2025-11-10,11,80.019,NO1
2025-11-10,12,82.042,NO1
2025-11-10,13,82.147,NO1
2025-11-10,14,82.54400000000001,NO1
2025-11-10,15,84.029,NO1
2025-11-10,16,83.888,NO1
2025-11-10,17,88.564,NO1
2025-11-10,18,105.337,NO1
2025-11-10,19,100.346,NO1
2025-11-10,20,80.966,NO1
2025-11-10,21,80.674,NO1
2025-11-10,22,79.727,NO1
2025-11-10,23,75.11,NO1
2025-11-10,24,72.434,NO1
2025-11-11,1,72.027,NO1
2025-11-11,2,71.14099999999999,NO1
2025-11-11,3,71.106,NO1
2025-11-11,4,70.838,NO1
2025-11-11,5,70.709,NO1
2025-11-11,6,71.187,NO1
2025-11-11,7,72.762,NO1
2025-11-11,8,74.429,NO1
2025-11-11,9,76.108,NO1
2025-11-11,10,75.63,NO1
2025-11-11,11,74.149,NO1
2025-11-11,12,73.53099999999999,NO1
2025-11-11,13,74.009,NO1
2025-11-11,14,73.683,NO1
2025-11-11,15,75.385,NO1
2025-11-11,16,76.435,NO1
2025-11-11,17,88.223,NO1
2025-11-11,18,95.278,NO1
2025-11-11,19,89.86699999999999,NO1
2025-11-11,20,79.10499999999999,NO1
2025-11-11,21,76.015,NO1
2025-11-11,22,74.021,NO1
2025-11-11,23,72.33,NO1
2025-11-11,24,67.316,NO1
2025-11-12,1,66.938,NO1
2025-11-12,2,63.991,NO1
2025-11-12,3,60.857000000000006,NO1
2025-11-12,4,56.523,NO1
2025-11-12,5,51.071,NO1
2025-11-12,6,53.553,NO1
2025-11-12,7,58.178,NO1
2025-11-12,8,60.554,NO1
2025-11-12,9,61.987,NO1
2025-11-12,10,58.108,NO1
2025-11-12,11,59.203,NO1
2025-11-12,12,57.339,NO1
2025-11-12,13,56.908,NO1
2025-11-12,14,57.991,NO1
2025-11-12,15,63.327,NO1
2025-11-12,16,63.63,NO1
2025-11-12,17,67.369,NO1
2025-11-12,18,71.342,NO1
2025-11-12,19,65.66799999999999,NO1
2025-11-12,20,62.255,NO1
2025-11-12,21,60.426,NO1
2025-11-12,22,61.172,NO1
2025-11-12,23,60.298,NO1
2025-11-12,24,57.502,NO1
2025-11-13,1,37.193,NO1
2025-11-13,2,22.239,NO1
2025-11-13,3,13.191999999999998,NO1
2025-11-13,4,8.709,NO1
2025-11-13,5,6.654000000000001,NO1
2025-11-13,6,28.52,NO1
2025-11-13,7,51.097,NO1
2025-11-13,8,67.04400000000001,NO1
2025-11-13,9,70.476,NO1
2025-11-13,10,65.12899999999999,NO1
2025-11-13,11,60.541,NO1
2025-11-13,12,57.226,NO1
2025-11-13,13,60.448,NO1
2025-11-13,14,70.231,NO1
2025-11-13,15,74.328,NO1
2025-11-13,16,77.679,NO1
2025-11-13,17,80.679,NO1
2025-11-13,18,84.70700000000001,NO1
2025-11-13,19,85.60499999999999,NO1
2025-11-13,20,84.8,NO1
2025-11-13,21,84.053,NO1
2025-11-13,22,82.60499999999999,NO1
2025-11-13,23,81.111,NO1
2025-11-13,24,79.26599999999999,NO1
2025-11-14,1,80.09400000000001,NO1
2025-11-14,2,69.269,NO1
2025-11-14,3,68.401,NO1
2025-11-14,4,68.236,NO1
2025-11-14,5,76.88,NO1
2025-11-14,6,77.561,NO1
2025-11-14,7,81.947,NO1
2025-11-14,8,91.295,NO1
2025-11-14,9,98.179,NO1
2025-11-14,10,98.097,NO1
2025-11-14,11,94.696,NO1
2025-11-14,12,92.01,NO1
2025-11-14,13,90.732,NO1
2025-11-14,14,90.321,NO1
2025-11-14,15,91.752,NO1
2025-11-14,16,92.209,NO1
2025-11-14,17,88.116,NO1
2025-11-14,18,93.288,NO1
2025-11-14,19,89.817,NO1
2025-11-14,20,87.049,NO1
2025-11-14,21,83.249,NO1
2025-11-14,22,79.47200000000001,NO1
2025-11-14,23,75.76599999999999,NO1
2025-11-14,24,70.547,NO1
2025-11-15,1,72.517,NO1
2025-11-15,2,70.277,NO1
2025-11-15,3,67.58,NO1
2025-11-15,4,66.688,NO1
2025-11-15,5,66.41799999999999,NO1
2025-11-15,6,65.773,NO1
2025-11-15,7,69.386,NO1
2025-11-15,8,76.118,NO1
2025-11-15,9,81.009,NO1
2025-11-15,10,88.163,NO1
2025-11-15,11,90.567,NO1
2025-11-15,12,91.412,NO1
2025-11-15,13,90.814,NO1
2025-11-15,14,92.702,NO1
2025-11-15,15,92.831,NO1
2025-11-15,16,93.03,NO1
2025-11-15,17,96.537,NO1
2025-11-15,18,99.434,NO1
2025-11-15,19,97.182,NO1
2025-11-15,20,92.772,NO1
2025-11-15,21,89.899,NO1
2025-11-15,22,86.146,NO1
2025-11-15,23,81.888,NO1
2025-11-15,24,80.0,NO1
2025-11-16,1,74.054,NO1
2025-11-16,2,72.728,NO1
2025-11-16,3,78.229,NO1
2025-11-16,4,76.16499999999999,NO1
2025-11-16,5,75.55499999999999,NO1
2025-11-16,6,76.892,NO1
2025-11-16,7,81.03200000000001,NO1
2025-11-16,8,82.393,NO1
2025-11-16,9,89.101,NO1
2025-11-16,10,90.227,NO1
2025-11-16,11,92.163,NO1
2025-11-16,12,93.277,NO1
2025-11-16,13,93.218,NO1
2025-11-16,14,92.315,NO1
2025-11-16,15,92.831,NO1
2025-11-16,16,93.371,NO1
2025-11-16,17,99.927,NO1
2025-11-16,18,109.122,NO1
2025-11-16,19,106.8,NO1
2025-11-16,20,105.345,NO1
2025-11-16,21,98.238,NO1
2025-11-16,22,90.779,NO1
2025-11-16,23,85.243,NO1
2025-11-16,24,79.76599999999999,NO1
2025-11-17,1,79.423,NO1
2025-11-17,2,77.34,NO1
2025-11-17,3,75.059,NO1
2025-11-17,4,70.063,NO1
2025-11-17,5,69.349,NO1
2025-11-17,6,74.591,NO1
2025-11-17,7,84.01,NO1
2025-11-17,8,105.199,NO1
2025-11-17,9,119.427,NO1
2025-11-17,10,117.754,NO1
2025-11-17,11,110.02,NO1
2025-11-17,12,95.792,NO1
2025-11-17,13,87.70700000000001,NO1
2025-11-17,14,88.409,NO1
2025-11-17,15,98.682,NO1
2025-11-17,16,104.006,NO1
2025-11-17,17,104.755,NO1
2025-11-17,18,133.07,NO1
2025-11-17,19,132.087,NO1
2025-11-17,20,125.523,NO1
2025-11-17,21,116.666,NO1
2025-11-17,22,105.106,NO1
2025-11-17,23,99.794,NO1
2025-11-17,24,92.06,NO1
2025-11-18,1,96.565,NO1
2025-11-18,2,94.136,NO1
2025-11-18,3,90.053,NO1
2025-11-18,4,88.551,NO1
2025-11-18,5,91.614,NO1
2025-11-18,6,95.38,NO1
2025-11-18,7,103.64,NO1
2025-11-18,8,119.269,NO1
2025-11-18,9,136.54000000000002,NO1
2025-11-18,10,123.411,NO1
2025-11-18,11,104.907,NO1
2025-11-18,12,101.634,NO1
2025-11-18,13,101.646,NO1
2025-11-18,14,103.3,NO1
2025-11-18,15,110.14,NO1
2025-11-18,16,137.796,NO1
2025-11-18,17,162.506,NO1
2025-11-18,18,172.855,NO1
2025-11-18,19,163.82,NO1
2025-11-18,20,149.541,NO1
2025-11-18,21,121.932,NO1
2025-11-18,22,107.899,NO1
2025-11-18,23,111.067,NO1
2025-11-18,24,102.537,NO1
2025-11-19,1,98.906,NO1
2025-11-19,2,97.685,NO1
2025-11-19,3,95.922,NO1
2025-11-19,4,94.595,NO1
2025-11-19,5,96.04,NO1
2025-11-19,6,97.931,NO1
2025-11-19,7,112.781,NO1
2025-11-19,8,157.70499999999998,NO1
2025-11-19,9,183.821,NO1
2025-11-19,10,168.81900000000002,NO1
2025-11-19,11,151.256,NO1
2025-11-19,12,141.458,NO1
2025-11-19,13,140.30599999999998,NO1
2025-11-19,14,144.5,NO1
2025-11-19,15,144.148,NO1
2025-11-19,16,194.559,NO1
2025-11-19,17,204.321,NO1
2025-11-19,18,197.801,NO1
2025-11-19,19,136.089,NO1
2025-11-19,20,135.701,NO1
2025-11-19,21,120.793,NO1
2025-11-19,22,114.332,NO1
2025-11-19,23,113.075,NO1
2025-11-19,24,104.816,NO1
2025-11-20,1,106.639,NO1
2025-11-20,2,100.475,NO1
2025-11-20,3,99.172,NO1
2025-11-20,4,98.949,NO1
2025-11-20,5,99.125,NO1
2025-11-20,6,102.495,NO1
2025-11-20,7,117.792,NO1
2025-11-20,8,166.95,NO1
2025-11-20,9,183.187,NO1
2025-11-20,10,179.606,NO1
2025-11-20,11,166.41,NO1
2025-11-20,12,154.904,NO1
2025-11-20,13,149.821,NO1
2025-11-20,14,146.474,NO1
2025-11-20,15,154.517,NO1
2025-11-20,16,175.544,NO1
2025-11-20,17,200.798,NO1
2025-11-20,18,205.189,NO1
2025-11-20,19,185.817,NO1
2025-11-20,20,177.587,NO1
2025-11-20,21,155.632,NO1
2025-11-20,22,135.485,NO1
2025-11-20,23,122.512,NO1
2025-11-20,24,106.674,NO1
2025-11-21,1,112.904,NO1
2025-11-21,2,107.16,NO1
2025-11-21,3,102.525,NO1
2025-11-21,4,101.806,NO1
2025-11-21,5,104.212,NO1
2025-11-21,6,113.234,NO1
2025-11-21,7,146.198,NO1
2025-11-21,8,207.681,NO1
2025-11-21,9,235.208,NO1
2025-11-21,10,209.461,NO1
2025-11-21,11,171.732,NO1
2025-11-21,12,158.877,NO1
2025-11-21,13,153.263,NO1
2025-11-21,14,159.148,NO1
2025-11-21,15,176.41500000000002,NO1
2025-11-21,16,224.994,NO1
2025-11-21,17,287.62,NO1
2025-11-21,18,288.18600000000004,NO1
2025-11-21,19,232.33,NO1
2025-11-21,20,194.389,NO1
2025-11-21,21,159.361,NO1
2025-11-21,22,119.119,NO1
2025-11-21,23,117.61,NO1
2025-11-21,24,106.523,NO1
2025-11-22,1,110.132,NO1
2025-11-22,2,107.998,NO1
2025-11-22,3,100.968,NO1
2025-11-22,4,97.194,NO1
2025-11-22,5,93.243,NO1
2025-11-22,6,89.752,NO1
2025-11-22,7,90.991,NO1
2025-11-22,8,95.59,NO1
2025-11-22,9,97.289,NO1
2025-11-22,10,94.953,NO1
2025-11-22,11,92.441,NO1
2025-11-22,12,90.071,NO1
2025-11-22,13,87.441,NO1
2025-11-22,14,86.721,NO1
2025-11-22,15,90.719,NO1
2025-11-22,16,93.503,NO1
2025-11-22,17,97.949,NO1
2025-11-22,18,101.204,NO1
2025-11-22,19,96.723,NO1
2025-11-22,20,91.286,NO1
2025-11-22,21,87.783,NO1
2025-11-22,22,85.825,NO1
2025-11-22,23,84.315,NO1
2025-11-22,24,82.77000000000001,NO1
2025-11-23,1,81.78,NO1
2025-11-23,2,81.95700000000001,NO1
2025-11-23,3,79.727,NO1
2025-11-23,4,73.819,NO1
2025-11-23,5,70.163,NO1
2025-11-23,6,72.96900000000001,NO1
2025-11-23,7,71.307,NO1
2025-11-23,8,75.175,NO1
2025-11-23,9,76.649,NO1
2025-11-23,10,76.083,NO1
2025-11-23,11,78.22999999999999,NO1
2025-11-23,12,79.05499999999999,NO1
2025-11-23,13,80.11699999999999,NO1
2025-11-23,14,78.324,NO1
2025-11-23,15,81.95700000000001,NO1
2025-11-23,16,91.156,NO1
2025-11-23,17,91.863,NO1
2025-11-23,18,95.343,NO1
2025-11-23,19,97.348,NO1
2025-11-23,20,98.775,NO1
2025-11-23,21,91.816,NO1
2025-11-23,22,87.11,NO1
2025-11-23,23,86.36699999999999,NO1
2025-11-23,24,81.744,NO1
2025-11-24,1,79.731,NO1
2025-11-24,2,80.07300000000001,NO1
2025-11-24,3,80.95700000000001,NO1
2025-11-24,4,81.642,NO1
2025-11-24,5,81.65299999999999,NO1
2025-11-24,6,89.119,NO1
2025-11-24,7,99.097,NO1
2025-11-24,8,106.457,NO1
2025-11-24,9,110.09,NO1
2025-11-24,10,112.13,NO1
2025-11-24,11,128.973,NO1
2025-11-24,12,146.523,NO1
2025-11-24,13,143.114,NO1
2025-11-24,14,115.869,NO1
2025-11-24,15,111.482,NO1
2025-11-24,16,157.315,NO1
2025-11-24,17,241.174,NO1
2025-11-24,18,263.489,NO1
2025-11-24,19,123.595,NO1
2025-11-24,20,117.591,NO1
2025-11-24,21,115.633,NO1
2025-11-24,22,114.654,NO1
2025-11-24,23,110.986,NO1
2025-11-24,24,103.827,NO1
2025-11-25,1,97.118,NO1
2025-11-25,2,92.651,NO1
2025-11-25,3,91.111,NO1
2025-11-25,4,88.587,NO1
2025-11-25,5,90.057,NO1
2025-11-25,6,94.796,NO1
2025-11-25,7,111.857,NO1
2025-11-25,8,262.682,NO1
2025-11-25,9,319.813,NO1
2025-11-25,10,294.612,NO1
2025-11-25,11,261.687,NO1
2025-11-25,12,302.515,NO1
2025-11-25,13,323.415,NO1
2025-11-25,14,293.475,NO1
2025-11-25,15,278.902,NO1
2025-11-25,16,284.056,NO1
2025-11-25,17,355.961,NO1
2025-11-25,18,355.179,NO1
2025-11-25,19,284.03200000000004,NO1
2025-11-25,20,238.903,NO1
2025-11-25,21,166.204,NO1
2025-11-25,22,133.006,NO1
2025-11-25,23,117.544,NO1
2025-11-25,24,107.177,NO1
2025-11-26,1,99.833,NO1
2025-11-26,2,96.457,NO1
2025-11-26,3,95.402,NO1
2025-11-26,4,91.789,NO1
2025-11-26,5,90.296,NO1
2025-11-26,6,93.495,NO1
2025-11-26,7,122.46,NO1
2025-11-26,8,164.398,NO1
2025-11-26,9,247.112,NO1
2025-11-26,10,220.564,NO1
2025-11-26,11,203.694,NO1
2025-11-26,12,173.29500000000002,NO1
2025-11-26,13,167.893,NO1
2025-11-26,14,172.31199999999998,NO1
2025-11-26,15,189.501,NO1
2025-11-26,16,229.82800000000003,NO1
2025-11-26,17,302.899,NO1
2025-11-26,18,302.82800000000003,NO1
2025-11-26,19,234.827,NO1
2025-11-26,20,188.447,NO1
2025-11-26,21,144.993,NO1
2025-11-26,22,118.61,NO1
2025-11-26,23,105.046,NO1
2025-11-26,24,93.72,NO1
2025-11-27,1,92.181,NO1
2025-11-27,2,89.042,NO1
2025-11-27,3,87.047,NO1
2025-11-27,4,83.058,NO1
2025-11-27,5,77.17999999999999,NO1
2025-11-27,6,77.321,NO1
2025-11-27,7,84.096,NO1
2025-11-27,8,93.126,NO1
2025-11-27,9,96.903,NO1
2025-11-27,10,90.836,NO1
2025-11-27,11,88.074,NO1
2025-11-27,12,86.905,NO1
2025-11-27,13,86.186,NO1
2025-11-27,14,84.557,NO1
2025-11-27,15,82.892,NO1
2025-11-27,16,82.291,NO1
2025-11-27,17,85.85499999999999,NO1
2025-11-27,18,87.59,NO1
2025-11-27,19,85.20599999999999,NO1
2025-11-27,20,82.42,NO1
2025-11-27,21,77.026,NO1
2025-11-27,22,75.893,NO1
2025-11-27,23,73.556,NO1
2025-11-27,24,66.474,NO1
2025-11-28,1,65.764,NO1
2025-11-28,2,57.446000000000005,NO1
2025-11-28,3,59.211,NO1
2025-11-28,4,54.470000000000006,NO1
2025-11-28,5,60.422,NO1
2025-11-28,6,63.517,NO1
2025-11-28,7,71.434,NO1
2025-11-28,8,78.187,NO1
2025-11-28,9,84.022,NO1
2025-11-28,10,84.116,NO1
2025-11-28,11,84.187,NO1
2025-11-28,12,82.316,NO1
2025-11-28,13,82.904,NO1
2025-11-28,14,83.822,NO1
2025-11-28,15,83.022,NO1
2025-11-28,16,82.304,NO1
2025-11-28,17,83.046,NO1
2025-11-28,18,83.304,NO1
2025-11-28,19,79.34,NO1
2025-11-28,20,75.175,NO1
2025-11-28,21,74.14,NO1
2025-11-28,22,73.55199999999999,NO1
2025-11-28,23,71.728,NO1
2025-11-28,24,70.28099999999999,NO1
2025-11-29,1,68.787,NO1
2025-11-29,2,67.481,NO1
2025-11-29,3,67.916,NO1
2025-11-29,4,69.211,NO1
2025-11-29,5,70.058,NO1
2025-11-29,6,69.716,NO1
2025-11-29,7,70.046,NO1
2025-11-29,8,70.046,NO1
2025-11-29,9,67.846,NO1
2025-11-29,10,69.787,NO1
2025-11-29,11,74.646,NO1
2025-11-29,12,76.399,NO1
2025-11-29,13,80.834,NO1
2025-11-29,14,71.505,NO1
2025-11-29,15,74.61,NO1
2025-11-29,16,84.622,NO1
2025-11-29,17,85.775,NO1
2025-11-29,18,87.904,NO1
2025-11-29,19,88.28099999999999,NO1
2025-11-29,20,87.716,NO1
2025-11-29,21,86.74,NO1
2025-11-29,22,86.257,NO1
2025-11-29,23,85.24600000000001,NO1
2025-11-29,24,85.28099999999999,NO1
2025-11-30,1,83.116,NO1
2025-11-30,2,80.352,NO1
2025-11-30,3,78.728,NO1
2025-11-30,4,74.29299999999999,NO1
2025-11-30,5,70.893,NO1
2025-11-30,6,67.952,NO1
2025-11-30,7,70.29299999999999,NO1
2025-11-30,8,74.53999999999999,NO1
2025-11-30,9,78.775,NO1
2025-11-30,10,79.53999999999999,NO1
2025-11-30,11,80.493,NO1
2025-11-30,12,80.022,NO1
2025-11-30,13,80.50399999999999,NO1
2025-11-30,14,81.09299999999999,NO1
2025-11-30,15,81.893,NO1
2025-11-30,16,82.681,NO1
2025-11-30,17,84.22200000000001,NO1
2025-11-30,18,85.23400000000001,NO1
2025-11-30,19,85.41,NO1
2025-11-30,20,83.481,NO1
2025-11-30,21,82.51599999999999,NO1
2025-11-30,22,80.81,NO1
2025-11-30,23,79.563,NO1
2025-11-30,24,79.034,NO1
2025-12-01,1,76.7,NO1
2025-12-01,2,75.217,NO1
2025-12-01,3,72.827,NO1
2025-12-01,4,70.65,NO1
2025-12-01,5,70.85,NO1
2025-12-01,6,71.874,NO1
2025-12-01,7,80.243,NO1
2025-12-01,8,87.753,NO1
2025-12-01,9,91.013,NO1
2025-12-01,10,94.109,NO1
2025-12-01,11,93.226,NO1
2025-12-01,12,90.896,NO1
2025-12-01,13,87.788,NO1
2025-12-01,14,90.001,NO1
2025-12-01,15,89.436,NO1
2025-12-01,16,90.543,NO1
2025-12-01,17,93.285,NO1
2025-12-01,18,92.685,NO1
2025-12-01,19,87.12899999999999,NO1
2025-12-01,20,85.022,NO1
2025-12-01,21,82.138,NO1
2025-12-01,22,79.737,NO1
2025-12-01,23,77.83,NO1
2025-12-01,24,74.981,NO1
2025-12-02,1,71.088,NO1
2025-12-02,2,68.848,NO1
2025-12-02,3,65.05199999999999,NO1
2025-12-02,4,61.503,NO1
2025-12-02,5,61.24400000000001,NO1
2025-12-02,6,67.103,NO1
2025-12-02,7,74.872,NO1
2025-12-02,8,79.82300000000001,NO1
2025-12-02,9,83.124,NO1
2025-12-02,10,82.877,NO1
2025-12-02,11,82.59400000000001,NO1
2025-12-02,12,82.511,NO1
2025-12-02,13,86.461,NO1
2025-12-02,14,88.005,NO1
2025-12-02,15,90.198,NO1
2025-12-02,16,90.563,NO1
2025-12-02,17,92.838,NO1
2025-12-02,18,93.098,NO1
2025-12-02,19,92.815,NO1
2025-12-02,20,90.87,NO1
2025-12-02,21,89.325,NO1
2025-12-02,22,87.651,NO1
2025-12-02,23,86.732,NO1
2025-12-02,24,84.056,NO1
2025-12-03,1,84.25800000000001,NO1
2025-12-03,2,84.27000000000001,NO1
2025-12-03,3,83.987,NO1
2025-12-03,4,80.44800000000001,NO1
2025-12-03,5,83.106,NO1
2025-12-03,6,84.716,NO1
2025-12-03,7,88.961,NO1
2025-12-03,8,102.342,NO1
2025-12-03,9,126.422,NO1
2025-12-03,10,154.571,NO1
2025-12-03,11,139.215,NO1
2025-12-03,12,100.131,NO1
2025-12-03,13,97.098,NO1
2025-12-03,14,94.029,NO1
2025-12-03,15,94.311,NO1
2025-12-03,16,92.547,NO1
2025-12-03,17,96.063,NO1
2025-12-03,18,105.94,NO1
2025-12-03,19,141.34300000000002,NO1
2025-12-03,20,156.946,NO1
2025-12-03,21,128.997,NO1
2025-12-03,22,95.734,NO1
2025-12-03,23,91.254,NO1
2025-12-03,24,88.303,NO1
2025-12-04,1,87.175,NO1
2025-12-04,2,86.386,NO1
2025-12-04,3,85.95,NO1
2025-12-04,4,85.514,NO1
2025-12-04,5,83.60499999999999,NO1
2025-12-04,6,83.923,NO1
2025-12-04,7,89.319,NO1
2025-12-04,8,128.43599999999998,NO1
2025-12-04,9,141.93800000000002,NO1
2025-12-04,10,96.754,NO1
2025-12-04,11,112.412,NO1
2025-12-04,12,109.054,NO1
2025-12-04,13,109.714,NO1
2025-12-04,14,110.056,NO1
2025-12-04,15,122.038,NO1
2025-12-04,16,107.864,NO1
2025-12-04,17,151.587,NO1
2025-12-04,18,128.683,NO1
2025-12-04,19,138.733,NO1
2025-12-04,20,133.93800000000002,NO1
2025-12-04,21,126.032,NO1
2025-12-04,22,105.531,NO1
2025-12-04,23,101.808,NO1
2025-12-04,24,90.733,NO1
2025-12-05,1,87.52799999999999,NO1
2025-12-05,2,86.458,NO1
2025-12-05,3,85.941,NO1
2025-12-05,4,85.764,NO1
2025-12-05,5,86.035,NO1
2025-12-05,6,87.034,NO1
2025-12-05,7,88.821,NO1
2025-12-05,8,94.416,NO1
2025-12-05,9,95.051,NO1
2025-12-05,10,95.274,NO1
2025-12-05,11,94.816,NO1
2025-12-05,12,94.005,NO1
2025-12-05,13,94.252,NO1
2025-12-05,14,94.24,NO1
2025-12-05,15,92.97,NO1
2025-12-05,16,92.559,NO1
2025-12-05,17,92.171,NO1
2025-12-05,18,91.571,NO1
2025-12-05,19,91.536,NO1
2025-12-05,20,91.912,NO1
2025-12-05,21,91.101,NO1
2025-12-05,22,90.702,NO1
2025-12-05,23,87.152,NO1
2025-12-05,24,83.54299999999999,NO1
2025-12-06,1,80.96799999999999,NO1
2025-12-06,2,79.32300000000001,NO1
2025-12-06,3,78.194,NO1
2025-12-06,4,74.59700000000001,NO1
2025-12-06,5,72.53999999999999,NO1
2025-12-06,6,69.33099999999999,NO1
2025-12-06,7,69.91900000000001,NO1
2025-12-06,8,74.715,NO1
2025-12-06,9,81.709,NO1
2025-12-06,10,84.789,NO1
2025-12-06,11,85.85900000000001,NO1
2025-12-06,12,86.199,NO1
2025-12-06,13,85.976,NO1
2025-12-06,14,86.564,NO1
2025-12-06,15,87.622,NO1
2025-12-06,16,89.115,NO1
2025-12-06,17,89.796,NO1
2025-12-06,18,90.337,NO1
2025-12-06,19,89.62,NO1
2025-12-06,20,87.681,NO1
2025-12-06,21,86.08200000000001,NO1
2025-12-06,22,83.978,NO1
2025-12-06,23,81.932,NO1
2025-12-06,24,79.558,NO1
2025-12-07,1,74.574,NO1
2025-12-07,2,74.84400000000001,NO1
2025-12-07,3,73.116,NO1
2025-12-07,4,72.164,NO1
2025-12-07,5,75.702,NO1
2025-12-07,6,75.22,NO1
2025-12-07,7,75.479,NO1
2025-12-07,8,80.087,NO1
2025-12-07,9,81.41499999999999,NO1
2025-12-07,10,84.119,NO1
2025-12-07,11,86.27000000000001,NO1
2025-12-07,12,87.09299999999999,NO1
2025-12-07,13,87.951,NO1
2025-12-07,14,88.033,NO1
2025-12-07,15,88.433,NO1
2025-12-07,16,89.949,NO1
2025-12-07,17,90.972,NO1
2025-12-07,18,92.782,NO1
2025-12-07,19,90.102,NO1
2025-12-07,20,87.22200000000001,NO1
2025-12-07,21,85.15299999999999,NO1
2025-12-07,22,80.91,NO1
2025-12-07,23,74.962,NO1
2025-12-07,24,58.822,NO1
2025-12-08,1,47.097,NO1
2025-12-08,2,41.982,NO1
2025-12-08,3,41.510000000000005,NO1
2025-12-08,4,42.795,NO1
2025-12-08,5,45.388,NO1
2025-12-08,6,52.118,NO1
2025-12-08,7,69.243,NO1
2025-12-08,8,77.599,NO1
2025-12-08,9,81.17,NO1
2025-12-08,10,81.559,NO1
2025-12-08,11,81.465,NO1
2025-12-08,12,80.59299999999999,NO1
2025-12-08,13,81.429,NO1
2025-12-08,14,80.64,NO1
2025-12-08,15,80.428,NO1
2025-12-08,16,80.887,NO1
2025-12-08,17,81.771,NO1
2025-12-08,18,82.502,NO1
2025-12-08,19,81.194,NO1
2025-12-08,20,80.027,NO1
2025-12-08,21,78.978,NO1
2025-12-08,22,78.188,NO1
2025-12-08,23,76.868,NO1
2025-12-08,24,75.784,NO1
2025-12-09,1,74.549,NO1
2025-12-09,2,75.47999999999999,NO1
2025-12-09,3,75.103,NO1
2025-12-09,4,75.66799999999999,NO1
2025-12-09,5,73.983,NO1
2025-12-09,6,72.993,NO1
2025-12-09,7,80.476,NO1
2025-12-09,8,96.55,NO1
2025-12-09,9,113.261,NO1
2025-12-09,10,119.919,NO1
2025-12-09,11,107.604,NO1
2025-12-09,12,104.682,NO1
2025-12-09,13,98.624,NO1
2025-12-09,14,101.523,NO1
2025-12-09,15,100.899,NO1
2025-12-09,16,110.126,NO1
2025-12-09,17,106.426,NO1
2025-12-09,18,111.965,NO1
2025-12-09,19,102.549,NO1
2025-12-09,20,91.448,NO1
2025-12-09,21,87.34700000000001,NO1
2025-12-09,22,80.64099999999999,NO1
2025-12-09,23,73.606,NO1
2025-12-09,24,62.34,NO1
2025-12-10,1,55.372,NO1
2025-12-10,2,48.464,NO1
2025-12-10,3,36.301,NO1
2025-12-10,4,36.147000000000006,NO1
2025-12-10,5,41.001,NO1
2025-12-10,6,51.487,NO1
2025-12-10,7,66.697,NO1
2025-12-10,8,73.499,NO1
2025-12-10,9,78.967,NO1
2025-12-10,10,80.018,NO1
2025-12-10,11,78.483,NO1
2025-12-10,12,76.995,NO1
2025-12-10,13,76.404,NO1
2025-12-10,14,75.436,NO1
2025-12-10,15,75.542,NO1
2025-12-10,16,75.755,NO1
2025-12-10,17,77.03,NO1
2025-12-10,18,76.78200000000001,NO1
2025-12-10,19,74.019,NO1
2025-12-10,20,71.303,NO1
2025-12-10,21,69.55499999999999,NO1
2025-12-10,22,68.539,NO1
2025-12-10,23,67.181,NO1
2025-12-10,24,65.729,NO1
2025-12-11,1,60.757000000000005,NO1
2025-12-11,2,57.41,NO1
2025-12-11,3,52.326,NO1
2025-12-11,4,44.888,NO1
2025-12-11,5,42.7,NO1
2025-12-11,6,51.131,NO1
2025-12-11,7,65.499,NO1
2025-12-11,8,69.756,NO1
2025-12-11,9,72.511,NO1
2025-12-11,10,71.009,NO1
2025-12-11,11,70.997,NO1
2025-12-11,12,73.942,NO1
2025-12-11,13,75.562,NO1
2025-12-11,14,73.92999999999999,NO1
2025-12-11,15,72.12100000000001,NO1
2025-12-11,16,75.349,NO1
2025-12-11,17,77.986,NO1
2025-12-11,18,79.59400000000001,NO1
2025-12-11,19,80.599,NO1
2025-12-11,20,80.45700000000001,NO1
2025-12-11,21,80.091,NO1
2025-12-11,22,79.05,NO1
2025-12-11,23,77.134,NO1
2025-12-11,24,74.616,NO1
2025-12-12,1,67.935,NO1
2025-12-12,2,64.53200000000001,NO1
2025-12-12,3,65.006,NO1
2025-12-12,4,70.401,NO1
2025-12-12,5,69.12,NO1
2025-12-12,6,76.08,NO1
2025-12-12,7,92.572,NO1
2025-12-12,8,125.792,NO1
2025-12-12,9,135.573,NO1
2025-12-12,10,137.506,NO1
2025-12-12,11,130.108,NO1
2025-12-12,12,126.243,NO1
2025-12-12,13,120.208,NO1
2025-12-12,14,115.762,NO1
2025-12-12,15,119.829,NO1
2025-12-12,16,124.559,NO1
2025-12-12,17,139.723,NO1
2025-12-12,18,138.608,NO1
2025-12-12,19,124.559,NO1
2025-12-12,20,111.897,NO1
2025-12-12,21,95.571,NO1
2025-12-12,22,80.194,NO1
2025-12-12,23,77.941,NO1
2025-12-12,24,76.04400000000001,NO1
2025-12-13,1,74.19500000000001,NO1
2025-12-13,2,73.318,NO1
2025-12-13,3,71.46799999999999,NO1
2025-12-13,4,71.705,NO1
2025-12-13,5,69.417,NO1
2025-12-13,6,69.393,NO1
2025-12-13,7,70.662,NO1
2025-12-13,8,71.788,NO1
2025-12-13,9,73.721,NO1
2025-12-13,10,75.535,NO1
2025-12-13,11,77.1,NO1
2025-12-13,12,77.36,NO1
2025-12-13,13,76.364,NO1
2025-12-13,14,76.104,NO1
2025-12-13,15,76.4,NO1
2025-12-13,16,77.171,NO1
2025-12-13,17,80.05199999999999,NO1
2025-12-13,18,79.03200000000001,NO1
2025-12-13,19,77.05199999999999,NO1
2025-12-13,20,76.04400000000001,NO1
2025-12-13,21,74.92999999999999,NO1
2025-12-13,22,73.365,NO1
2025-12-13,23,72.215,NO1
2025-12-13,24,67.022,NO1
2025-12-14,1,65.599,NO1
2025-12-14,2,63.098,NO1
2025-12-14,3,61.971,NO1
2025-12-14,4,54.70399999999999,NO1
2025-12-14,5,44.294,NO1
2025-12-14,6,38.425,NO1
2025-12-14,7,50.02,NO1
2025-12-14,8,60.217,NO1
2025-12-14,9,62.6,NO1
2025-12-14,10,62.386,NO1
2025-12-14,11,62.908,NO1
2025-12-14,12,63.501,NO1
2025-12-14,13,63.133,NO1
2025-12-14,14,63.311,NO1
2025-12-14,15,63.726,NO1
2025-12-14,16,64.686,NO1
2025-12-14,17,66.358,NO1
2025-12-14,18,66.453,NO1
2025-12-14,19,65.67,NO1
2025-12-14,20,64.034,NO1
2025-12-14,21,62.25599999999999,NO1
2025-12-14,22,61.841,NO1
2025-12-14,23,59.612,NO1
2025-12-14,24,56.126,NO1
2025-12-15,1,46.511,NO1
2025-12-15,2,40.509,NO1
2025-12-15,3,38.402,NO1
2025-12-15,4,38.152,NO1
2025-12-15,5,41.045,NO1
2025-12-15,6,47.428,NO1
2025-12-15,7,60.20399999999999,NO1
2025-12-15,8,66.658,NO1
2025-12-15,9,71.421,NO1
2025-12-15,10,72.421,NO1
2025-12-15,11,73.20700000000001,NO1
2025-12-15,12,74.755,NO1
2025-12-15,13,75.434,NO1
2025-12-15,14,78.506,NO1
2025-12-15,15,78.828,NO1
2025-12-15,16,79.173,NO1
2025-12-15,17,79.53,NO1
2025-12-15,18,80.649,NO1
2025-12-15,19,80.757,NO1
2025-12-15,20,80.03,NO1
2025-12-15,21,78.84,NO1
2025-12-15,22,76.315,NO1
2025-12-15,23,72.529,NO1
2025-12-15,24,70.19500000000001,NO1
2025-12-16,1,68.159,NO1
2025-12-16,2,65.858,NO1
2025-12-16,3,64.575,NO1
2025-12-16,4,65.714,NO1
2025-12-16,5,69.12899999999999,NO1
2025-12-16,6,72.773,NO1
2025-12-16,7,77.771,NO1
2025-12-16,8,80.935,NO1
2025-12-16,9,83.296,NO1
2025-12-16,10,81.846,NO1
2025-12-16,11,83.535,NO1
2025-12-16,12,84.75800000000001,NO1
2025-12-16,13,89.672,NO1
2025-12-16,14,86.364,NO1
2025-12-16,15,90.954,NO1
2025-12-16,16,109.159,NO1
2025-12-16,17,155.014,NO1
2025-12-16,18,162.624,NO1
2025-12-16,19,141.998,NO1
2025-12-16,20,100.53,NO1
2025-12-16,21,87.287,NO1
2025-12-16,22,81.24600000000001,NO1
2025-12-16,23,78.658,NO1
2025-12-16,24,76.249,NO1
2025-12-17,1,73.821,NO1
2025-12-17,2,71.83099999999999,NO1
2025-12-17,3,70.632,NO1
2025-12-17,4,70.524,NO1
2025-12-17,5,70.812,NO1
2025-12-17,6,73.449,NO1
2025-12-17,7,79.274,NO1
2025-12-17,8,82.618,NO1
2025-12-17,9,85.567,NO1
2025-12-17,10,85.267,NO1
2025-12-17,11,84.65599999999999,NO1
2025-12-17,12,84.38,NO1
2025-12-17,13,84.356,NO1
2025-12-17,14,84.33200000000001,NO1
2025-12-17,15,84.104,NO1
2025-12-17,16,84.26,NO1
2025-12-17,17,85.003,NO1
2025-12-17,18,92.291,NO1
2025-12-17,19,97.864,NO1
2025-12-17,20,90.133,NO1
2025-12-17,21,86.346,NO1
2025-12-17,22,83.373,NO1
2025-12-17,23,81.16799999999999,NO1
2025-12-17,24,76.589,NO1
2025-12-18,1,72.97,NO1
2025-12-18,2,68.798,NO1
2025-12-18,3,61.482000000000006,NO1
2025-12-18,4,47.591,NO1
2025-12-18,5,34.274,NO1
2025-12-18,6,35.589,NO1
2025-12-18,7,56.688,NO1
2025-12-18,8,70.257,NO1
2025-12-18,9,73.413,NO1
2025-12-18,10,72.47999999999999,NO1
2025-12-18,11,69.599,NO1
2025-12-18,12,69.527,NO1
2025-12-18,13,70.46000000000001,NO1
2025-12-18,14,72.863,NO1
2025-12-18,15,75.026,NO1
2025-12-18,16,77.716,NO1
2025-12-18,17,80.227,NO1
2025-12-18,18,82.295,NO1
2025-12-18,19,77.704,NO1
2025-12-18,20,74.572,NO1
2025-12-18,21,71.91799999999999,NO1
2025-12-18,22,62.928,NO1
2025-12-18,23,57.25,NO1
2025-12-18,24,23.168,NO1
2025-12-19,1,18.158,NO1
2025-12-19,2,7.495,NO1
2025-12-19,3,5.409000000000001,NO1
2025-12-19,4,4.182,NO1
2025-12-19,5,4.861,NO1
2025-12-19,6,10.843,NO1
2025-12-19,7,37.937,NO1
2025-12-19,8,62.25599999999999,NO1
2025-12-19,9,67.284,NO1
2025-12-19,10,70.561,NO1
2025-12-19,11,71.74,NO1
2025-12-19,12,72.288,NO1
2025-12-19,13,70.82300000000001,NO1
2025-12-19,14,69.989,NO1
2025-12-19,15,71.061,NO1
2025-12-19,16,73.71799999999999,NO1
2025-12-19,17,74.326,NO1
2025-12-19,18,74.409,NO1
2025-12-19,19,72.14500000000001,NO1
2025-12-19,20,71.15599999999999,NO1
2025-12-19,21,70.382,NO1
2025-12-19,22,69.953,NO1
2025-12-19,23,68.023,NO1
2025-12-19,24,65.854,NO1
2025-12-20,1,71.812,NO1
2025-12-20,2,71.74,NO1
2025-12-20,3,71.264,NO1
2025-12-20,4,70.84700000000001,NO1
2025-12-20,5,71.90700000000001,NO1
2025-12-20,6,72.979,NO1
2025-12-20,7,69.31,NO1
2025-12-20,8,71.514,NO1
2025-12-20,9,74.159,NO1
2025-12-20,10,74.25399999999999,NO1
2025-12-20,11,77.614,NO1
2025-12-20,12,78.48400000000001,NO1
2025-12-20,13,78.877,NO1
2025-12-20,14,74.933,NO1
2025-12-20,15,74.80199999999999,NO1
2025-12-20,16,74.814,NO1
2025-12-20,17,73.635,NO1
2025-12-20,18,75.255,NO1
2025-12-20,19,78.377,NO1
2025-12-20,20,75.505,NO1
2025-12-20,21,75.16,NO1
2025-12-20,22,76.625,NO1
2025-12-20,23,75.20700000000001,NO1
2025-12-20,24,75.053,NO1
2025-12-21,1,71.84700000000001,NO1
2025-12-21,2,73.694,NO1
2025-12-21,3,73.80199999999999,NO1
2025-12-21,4,73.75399999999999,NO1
2025-12-21,5,73.70599999999999,NO1
2025-12-21,6,74.171,NO1
2025-12-21,7,76.983,NO1
2025-12-21,8,78.03099999999999,NO1
2025-12-21,9,79.28200000000001,NO1
2025-12-21,10,80.319,NO1
2025-12-21,11,81.356,NO1
2025-12-21,12,82.09400000000001,NO1
2025-12-21,13,82.059,NO1
2025-12-21,14,81.59400000000001,NO1
2025-12-21,15,81.749,NO1
2025-12-21,16,83.286,NO1
2025-12-21,17,85.07300000000001,NO1
2025-12-21,18,84.91799999999999,NO1
2025-12-21,19,84.442,NO1
2025-12-21,20,83.143,NO1
2025-12-21,21,80.86699999999999,NO1
2025-12-21,22,79.628,NO1
2025-12-21,23,78.675,NO1
2025-12-21,24,77.114,NO1
2025-12-22,1,78.529,NO1
2025-12-22,2,77.29299999999999,NO1
2025-12-22,3,77.019,NO1
2025-12-22,4,76.08,NO1
2025-12-22,5,75.83,NO1
2025-12-22,6,77.04299999999999,NO1
2025-12-22,7,80.11,NO1
2025-12-22,8,84.877,NO1
2025-12-22,9,86.731,NO1
2025-12-22,10,87.171,NO1
2025-12-22,11,87.849,NO1
2025-12-22,12,88.84700000000001,NO1
2025-12-22,13,88.978,NO1
2025-12-22,14,88.728,NO1
2025-12-22,15,92.509,NO1
2025-12-22,16,104.123,NO1
2025-12-22,17,115.083,NO1
2025-12-22,18,104.753,NO1
2025-12-22,19,95.397,NO1
2025-12-22,20,88.562,NO1
2025-12-22,21,86.696,NO1
2025-12-22,22,84.71000000000001,NO1
2025-12-22,23,83.08200000000001,NO1
2025-12-22,24,79.49199999999999,NO1
2025-12-23,1,79.27000000000001,NO1
2025-12-23,2,75.289,NO1
2025-12-23,3,74.104,NO1
2025-12-23,4,72.303,NO1
2025-12-23,5,70.999,NO1
2025-12-23,6,71.33099999999999,NO1
2025-12-23,7,77.587,NO1
2025-12-23,8,83.607,NO1
2025-12-23,9,86.735,NO1
2025-12-23,10,87.209,NO1
2025-12-23,11,86.36699999999999,NO1
2025-12-23,12,84.886,NO1
2025-12-23,13,84.507,NO1
2025-12-23,14,83.535,NO1
2025-12-23,15,84.14,NO1
2025-12-23,16,85.81,NO1
2025-12-23,17,87.209,NO1
2025-12-23,18,86.545,NO1
2025-12-23,19,87.007,NO1
2025-12-23,20,85.67999999999999,NO1
2025-12-23,21,84.152,NO1
2025-12-23,22,80.929,NO1
2025-12-23,23,79.791,NO1
2025-12-23,24,75.549,NO1
2025-12-24,1,70.81,NO1
2025-12-24,2,67.741,NO1
2025-12-24,3,68.12,NO1
2025-12-24,4,66.911,NO1
2025-12-24,5,66.11699999999999,NO1
2025-12-24,6,67.184,NO1
2025-12-24,7,71.058,NO1
2025-12-24,8,75.751,NO1
2025-12-24,9,83.15599999999999,NO1
2025-12-24,10,84.874,NO1
2025-12-24,11,83.405,NO1
2025-12-24,12,77.71799999999999,NO1
2025-12-24,13,76.75800000000001,NO1
2025-12-24,14,76.248,NO1
2025-12-24,15,80.55,NO1
2025-12-24,16,84.863,NO1
2025-12-24,17,87.446,NO1
2025-12-24,18,87.138,NO1
2025-12-24,19,84.306,NO1
2025-12-24,20,81.083,NO1
2025-12-24,21,77.50399999999999,NO1
2025-12-24,22,76.521,NO1
2025-12-24,23,77.682,NO1
2025-12-24,24,74.104,NO1
2025-12-25,1,74.139,NO1
2025-12-25,2,71.639,NO1
2025-12-25,3,69.80199999999999,NO1
2025-12-25,4,68.926,NO1
2025-12-25,5,67.776,NO1
2025-12-25,6,66.639,NO1
2025-12-25,7,68.191,NO1
2025-12-25,8,69.435,NO1
2025-12-25,9,74.471,NO1
2025-12-25,10,74.412,NO1
2025-12-25,11,70.276,NO1
2025-12-25,12,70.01599999999999,NO1
2025-12-25,13,69.921,NO1
2025-12-25,14,72.113,NO1
2025-12-25,15,75.39500000000001,NO1
2025-12-25,16,81.533,NO1
2025-12-25,17,84.353,NO1
2025-12-25,18,84.317,NO1
2025-12-25,19,83.90299999999999,NO1
2025-12-25,20,83.701,NO1
2025-12-25,21,83.393,NO1
2025-12-25,22,79.94500000000001,NO1
2025-12-25,23,76.912,NO1
2025-12-25,24,75.229,NO1
2025-12-26,1,75.739,NO1
2025-12-26,2,74.684,NO1
2025-12-26,3,76.663,NO1
2025-12-26,4,77.196,NO1
2025-12-26,5,78.89099999999999,NO1
2025-12-26,6,78.85499999999999,NO1
2025-12-26,7,80.147,NO1
2025-12-26,8,80.881,NO1
2025-12-26,9,81.877,NO1
2025-12-26,10,83.84400000000001,NO1
2025-12-26,11,84.341,NO1
2025-12-26,12,85.834,NO1
2025-12-26,13,85.59700000000001,NO1
2025-12-26,14,85.076,NO1
2025-12-26,15,85.704,NO1
2025-12-26,16,88.228,NO1
2025-12-26,17,89.602,NO1
2025-12-26,18,89.057,NO1
2025-12-26,19,87.173,NO1
2025-12-26,20,85.739,NO1
2025-12-26,21,83.986,NO1
2025-12-26,22,82.149,NO1
2025-12-26,23,80.964,NO1
2025-12-26,24,80.348,NO1
2025-12-27,1,81.142,NO1
2025-12-27,2,79.993,NO1
2025-12-27,3,78.713,NO1
2025-12-27,4,79.44800000000001,NO1
2025-12-27,5,79.104,NO1
2025-12-27,6,78.914,NO1
2025-12-27,7,79.009,NO1
2025-12-27,8,78.17999999999999,NO1
2025-12-27,9,77.789,NO1
2025-12-27,10,78.038,NO1
2025-12-27,11,77.587,NO1
2025-12-27,12,77.575,NO1
2025-12-27,13,76.983,NO1
2025-12-27,14,76.841,NO1
2025-12-27,15,78.523,NO1
2025-12-27,16,80.561,NO1
2025-12-27,17,81.711,NO1
2025-12-27,18,81.841,NO1
2025-12-27,19,81.142,NO1
2025-12-27,20,81.936,NO1
2025-12-27,21,81.616,NO1
2025-12-27,22,81.557,NO1
2025-12-27,23,81.071,NO1
2025-12-27,24,81.296,NO1
2025-12-28,1,79.981,NO1
2025-12-28,2,79.27000000000001,NO1
2025-12-28,3,79.44800000000001,NO1
2025-12-28,4,78.997,NO1
2025-12-28,5,79.388,NO1
2025-12-28,6,79.211,NO1
2025-12-28,7,79.874,NO1
2025-12-28,8,81.995,NO1
2025-12-28,9,84.353,NO1
2025-12-28,10,85.1,NO1
2025-12-28,11,84.827,NO1
2025-12-28,12,84.341,NO1
2025-12-28,13,83.607,NO1
2025-12-28,14,83.192,NO1
2025-12-28,15,83.83200000000001,NO1
2025-12-28,16,83.239,NO1
2025-12-28,17,83.962,NO1
2025-12-28,18,82.362,NO1
2025-12-28,19,81.78200000000001,NO1
2025-12-28,20,80.384,NO1
2025-12-28,21,79.96900000000001,NO1
2025-12-28,22,79.566,NO1
2025-12-28,23,79.151,NO1
2025-12-28,24,79.28200000000001,NO1
2025-12-29,1,79.229,NO1
2025-12-29,2,78.307,NO1
2025-12-29,3,77.60900000000001,NO1
2025-12-29,4,77.22999999999999,NO1
2025-12-29,5,77.59700000000001,NO1
2025-12-29,6,79.05199999999999,NO1
2025-12-29,7,79.678,NO1
2025-12-29,8,80.80199999999999,NO1
2025-12-29,9,82.70599999999999,NO1
2025-12-29,10,84.244,NO1
2025-12-29,11,84.764,NO1
2025-12-29,12,84.622,NO1
2025-12-29,13,84.47999999999999,NO1
2025-12-29,14,84.894,NO1
2025-12-29,15,85.166,NO1
2025-12-29,16,85.237,NO1
2025-12-29,17,86.325,NO1
2025-12-29,18,86.42,NO1
2025-12-29,19,85.497,NO1
2025-12-29,20,84.90599999999999,NO1
2025-12-29,21,84.397,NO1
2025-12-29,22,82.931,NO1
2025-12-29,23,81.961,NO1
2025-12-29,24,81.417,NO1
2025-12-30,1,85.301,NO1
2025-12-30,2,83.551,NO1
2025-12-30,3,82.238,NO1
2025-12-30,4,79.755,NO1
2025-12-30,5,78.90299999999999,NO1
2025-12-30,6,82.25,NO1
2025-12-30,7,87.69,NO1
2025-12-30,8,92.799,NO1
2025-12-30,9,93.804,NO1
2025-12-30,10,97.494,NO1
2025-12-30,11,101.1,NO1
2025-12-30,12,95.4,NO1
2025-12-30,13,89.61699999999999,NO1
2025-12-30,14,89.97200000000001,NO1
2025-12-30,15,106.694,NO1
2025-12-30,16,130.464,NO1
2025-12-30,17,138.364,NO1
2025-12-30,18,143.43800000000002,NO1
2025-12-30,19,138.695,NO1
2025-12-30,20,129.767,NO1
2025-12-30,21,122.872,NO1
2025-12-30,22,112.619,NO1
2025-12-30,23,107.274,NO1
2025-12-30,24,97.044,NO1
2025-12-31,1,94.744,NO1
2025-12-31,2,92.269,NO1
2025-12-31,3,88.24199999999999,NO1
2025-12-31,4,85.092,NO1
2025-12-31,5,83.955,NO1
2025-12-31,6,86.17,NO1
2025-12-31,7,89.94800000000001,NO1
2025-12-31,8,95.206,NO1
2025-12-31,9,107.38,NO1
2025-12-31,10,108.079,NO1
2025-12-31,11,104.704,NO1
2025-12-31,12,99.315,NO1
2025-12-31,13,99.481,NO1
2025-12-31,14,102.276,NO1
2025-12-31,15,102.252,NO1
2025-12-31,16,108.837,NO1
2025-12-31,17,131.78900000000002,NO1
2025-12-31,18,129.858,NO1
2025-12-31,19,118.809,NO1
2025-12-31,20,105.699,NO1
2025-12-31,21,90.599,NO1
2025-12-31,22,88.444,NO1
2025-12-31,23,86.40700000000001,NO1
2025-12-31,24,80.08200000000001,NO1
2026-01-01,1,79.40700000000001,NO1
2026-01-01,2,74.481,NO1
2026-01-01,3,70.02799999999999,NO1
2026-01-01,4,63.135000000000005,NO1
2026-01-01,5,55.259,NO1
2026-01-01,6,52.737,NO1
2026-01-01,7,48.083,NO1
2026-01-01,8,56.065,NO1
2026-01-01,9,62.128,NO1
2026-01-01,10,60.956,NO1
2026-01-01,11,61.892,NO1
2026-01-01,12,64.73400000000001,NO1
2026-01-01,13,75.203,NO1
2026-01-01,14,73.711,NO1
2026-01-01,15,69.057,NO1
2026-01-01,16,76.861,NO1
2026-01-01,17,80.603,NO1
2026-01-01,18,81.788,NO1
2026-01-01,19,82.309,NO1
2026-01-01,20,81.03,NO1
2026-01-01,21,79.443,NO1
2026-01-01,22,77.382,NO1
2026-01-01,23,76.731,NO1
2026-01-01,24,67.00800000000001,NO1
2026-01-02,1,66.437,NO1
2026-01-02,2,59.087,NO1
2026-01-02,3,52.574,NO1
2026-01-02,4,44.952,NO1
2026-01-02,5,46.533,NO1
2026-01-02,6,50.568,NO1
2026-01-02,7,61.541,NO1
2026-01-02,8,74.55499999999999,NO1
2026-01-02,9,86.29400000000001,NO1
2026-01-02,10,87.745,NO1
2026-01-02,11,85.268,NO1
2026-01-02,12,84.819,NO1
2026-01-02,13,86.77799999999999,NO1
2026-01-02,14,84.324,NO1
2026-01-02,15,87.757,NO1
2026-01-02,16,91.922,NO1
2026-01-02,17,95.544,NO1
2026-01-02,18,98.541,NO1
2026-01-02,19,100.771,NO1
2026-01-02,20,101.208,NO1
2026-01-02,21,100.641,NO1
2026-01-02,22,96.995,NO1
2026-01-02,23,99.261,NO1
2026-01-02,24,96.571,NO1
2026-01-03,1,94.093,NO1
2026-01-03,2,92.713,NO1
2026-01-03,3,91.073,NO1
2026-01-03,4,89.964,NO1
2026-01-03,5,88.017,NO1
2026-01-03,6,88.913,NO1
2026-01-03,7,90.459,NO1
2026-01-03,8,94.117,NO1
2026-01-03,9,104.004,NO1
2026-01-03,10,108.605,NO1
2026-01-03,11,106.788,NO1
2026-01-03,12,101.974,NO1
2026-01-03,13,100.028,NO1
2026-01-03,14,99.013,NO1
2026-01-03,15,102.8,NO1
2026-01-03,16,108.204,NO1
2026-01-03,17,114.174,NO1
2026-01-03,18,125.571,NO1
2026-01-03,19,126.822,NO1
2026-01-03,20,119.802,NO1
2026-01-03,21,111.673,NO1
2026-01-03,22,104.24,NO1
2026-01-03,23,103.732,NO1
2026-01-03,24,98.659,NO1
2026-01-04,1,99.096,NO1
2026-01-04,2,97.526,NO1
2026-01-04,3,97.184,NO1
2026-01-04,4,95.733,NO1
2026-01-04,5,94.53,NO1
2026-01-04,6,95.391,NO1
2026-01-04,7,95.804,NO1
2026-01-04,8,98.978,NO1
2026-01-04,9,101.007,NO1
2026-01-04,10,108.03900000000002,NO1
2026-01-04,11,111.142,NO1
2026-01-04,12,107.225,NO1
2026-01-04,13,105.644,NO1
2026-01-04,14,102.387,NO1
2026-01-04,15,109.242,NO1
2026-01-04,16,109.868,NO1
2026-01-04,17,118.87,NO1
2026-01-04,18,139.671,NO1
2026-01-04,19,142.703,NO1
2026-01-04,20,141.252,NO1
2026-01-04,21,132.674,NO1
2026-01-04,22,117.725,NO1
2026-01-04,23,111.248,NO1
2026-01-04,24,103.555,NO1
2026-01-05,1,107.064,NO1
2026-01-05,2,102.116,NO1
2026-01-05,3,98.877,NO1
2026-01-05,4,99.101,NO1
2026-01-05,5,99.949,NO1
2026-01-05,6,103.565,NO1
2026-01-05,7,126.7,NO1
2026-01-05,8,152.238,NO1
2026-01-05,9,178.012,NO1
2026-01-05,10,179.154,NO1
2026-01-05,11,171.898,NO1
2026-01-05,12,164.772,NO1
2026-01-05,13,162.08599999999998,NO1
2026-01-05,14,168.011,NO1
2026-01-05,15,187.094,NO1
2026-01-05,16,235.531,NO1
2026-01-05,17,262.011,NO1
2026-01-05,18,268.985,NO1
2026-01-05,19,257.877,NO1
2026-01-05,20,215.718,NO1
2026-01-05,21,173.135,NO1
2026-01-05,22,152.026,NO1
2026-01-05,23,145.82999999999998,NO1
2026-01-05,24,131.129,NO1
2026-01-06,1,121.542,NO1
2026-01-06,2,122.446,NO1
2026-01-06,3,119.326,NO1
2026-01-06,4,113.79,NO1
2026-01-06,5,116.452,NO1
2026-01-06,6,125.741,NO1
2026-01-06,7,141.669,NO1
2026-01-06,8,162.663,NO1
2026-01-06,9,193.896,NO1
2026-01-06,10,198.305,NO1
2026-01-06,11,181.757,NO1
2026-01-06,12,172.644,NO1
2026-01-06,13,159.379,NO1
2026-01-06,14,152.64600000000002,NO1
2026-01-06,15,153.503,NO1
2026-01-06,16,162.674,NO1
2026-01-06,17,173.371,NO1
2026-01-06,18,172.702,NO1
2026-01-06,19,166.14600000000002,NO1
2026-01-06,20,155.872,NO1
2026-01-06,21,136.449,NO1
2026-01-06,22,117.754,NO1
2026-01-06,23,109.955,NO1
2026-01-06,24,100.912,NO1
2026-01-07,1,104.639,NO1
2026-01-07,2,99.277,NO1
2026-01-07,3,95.314,NO1
2026-01-07,4,94.021,NO1
2026-01-07,5,92.645,NO1
2026-01-07,6,95.608,NO1
2026-01-07,7,103.569,NO1
2026-01-07,8,111.094,NO1
2026-01-07,9,122.394,NO1
2026-01-07,10,125.557,NO1
2026-01-07,11,121.501,NO1
2026-01-07,12,112.635,NO1
2026-01-07,13,108.66,NO1
2026-01-07,14,105.43800000000002,NO1
2026-01-07,15,107.52,NO1
2026-01-07,16,114.457,NO1
2026-01-07,17,119.372,NO1
2026-01-07,18,140.31400000000002,NO1
2026-01-07,19,139.127,NO1
2026-01-07,20,130.90699999999998,NO1
2026-01-07,21,115.927,NO1
2026-01-07,22,110.354,NO1
2026-01-07,23,105.274,NO1
2026-01-07,24,99.606,NO1
2026-01-08,1,97.473,NO1
2026-01-08,2,95.598,NO1
2026-01-08,3,95.091,NO1
2026-01-08,4,93.829,NO1
2026-01-08,5,96.093,NO1
2026-01-08,6,98.24,NO1
2026-01-08,7,109.786,NO1
2026-01-08,8,144.624,NO1
2026-01-08,9,188.484,NO1
2026-01-08,10,227.862,NO1
2026-01-08,11,246.06,NO1
2026-01-08,12,252.346,NO1
2026-01-08,13,255.435,NO1
2026-01-08,14,268.632,NO1
2026-01-08,15,321.597,NO1
2026-01-08,16,348.675,NO1
2026-01-08,17,344.347,NO1
2026-01-08,18,304.63800000000003,NO1
2026-01-08,19,249.185,NO1
2026-01-08,20,171.43,NO1
2026-01-08,21,126.061,NO1
2026-01-08,22,106.896,NO1
2026-01-08,23,105.693,NO1
2026-01-08,24,96.777,NO1
2026-01-09,1,89.98400000000001,NO1
2026-01-09,2,87.134,NO1
2026-01-09,3,78.502,NO1
2026-01-09,4,76.135,NO1
2026-01-09,5,77.701,NO1
2026-01-09,6,77.949,NO1
2026-01-09,7,90.82,NO1
2026-01-09,8,101.855,NO1
2026-01-09,9,109.463,NO1
2026-01-09,10,105.21099999999998,NO1
2026-01-09,11,110.66400000000002,NO1
2026-01-09,12,102.255,NO1
2026-01-09,13,100.807,NO1
2026-01-09,14,99.735,NO1
2026-01-09,15,99.511,NO1
2026-01-09,16,101.066,NO1
2026-01-09,17,103.445,NO1
2026-01-09,18,109.003,NO1
2026-01-09,19,105.847,NO1
2026-01-09,20,100.595,NO1
2026-01-09,21,97.698,NO1
2026-01-09,22,96.991,NO1
2026-01-09,23,95.719,NO1
2026-01-09,24,91.185,NO1
2026-01-10,1,88.159,NO1
2026-01-10,2,86.286,NO1
2026-01-10,3,83.66,NO1
2026-01-10,4,82.977,NO1
2026-01-10,5,83.566,NO1
2026-01-10,6,85.321,NO1
2026-01-10,7,86.80499999999999,NO1
2026-01-10,8,92.54,NO1
2026-01-10,9,98.817,NO1
2026-01-10,10,105.906,NO1
2026-01-10,11,111.37,NO1
2026-01-10,12,115.893,NO1
2026-01-10,13,115.904,NO1
2026-01-10,14,119.826,NO1
2026-01-10,15,125.773,NO1
2026-01-10,16,133.64,NO1
2026-01-10,17,146.076,NO1
2026-01-10,18,159.21800000000002,NO1
2026-01-10,19,156.239,NO1
2026-01-10,20,146.488,NO1
2026-01-10,21,136.43099999999998,NO1
2026-01-10,22,126.774,NO1
2026-01-10,23,115.41,NO1
2026-01-10,24,103.621,NO1
2026-01-11,1,98.428,NO1
2026-01-11,2,97.498,NO1
2026-01-11,3,97.462,NO1
2026-01-11,4,94.836,NO1
2026-01-11,5,93.411,NO1
2026-01-11,6,93.741,NO1
2026-01-11,7,93.034,NO1
2026-01-11,8,95.743,NO1
2026-01-11,9,104.257,NO1
2026-01-11,10,117.541,NO1
2026-01-11,11,114.892,NO1
2026-01-11,12,114.314,NO1
2026-01-11,13,111.5,NO1
2026-01-11,14,110.852,NO1
2026-01-11,15,113.561,NO1
2026-01-11,16,117.247,NO1
2026-01-11,17,133.18,NO1
2026-01-11,18,141.73,NO1
2026-01-11,19,137.926,NO1
2026-01-11,20,135.277,NO1
2026-01-11,21,118.071,NO1
2026-01-11,22,117.153,NO1
2026-01-11,23,106.412,NO1
2026-01-11,24,97.557,NO1
2026-01-12,1,96.187,NO1
2026-01-12,2,94.79,NO1
2026-01-12,3,92.488,NO1
2026-01-12,4,91.349,NO1
2026-01-12,5,90.174,NO1
2026-01-12,6,93.933,NO1
2026-01-12,7,98.595,NO1
2026-01-12,8,138.89,NO1
2026-01-12,9,193.784,NO1
2026-01-12,10,195.393,NO1
2026-01-12,11,258.074,NO1
2026-01-12,12,259.6,NO1
2026-01-12,13,251.379,NO1
2026-01-12,14,217.52,NO1
2026-01-12,15,186.42,NO1
2026-01-12,16,181.5,NO1
2026-01-12,17,165.445,NO1
2026-01-12,18,146.724,NO1
2026-01-12,19,131.198,NO1
2026-01-12,20,121.603,NO1
2026-01-12,21,106.828,NO1
2026-01-12,22,102.412,NO1
2026-01-12,23,106.018,NO1
2026-01-12,24,98.196,NO1
2026-01-13,1,95.188,NO1
2026-01-13,2,94.648,NO1
2026-01-13,3,93.789,NO1
2026-01-13,4,95.729,NO1
2026-01-13,5,97.21,NO1
2026-01-13,6,97.798,NO1
2026-01-13,7,110.224,NO1
2026-01-13,8,132.208,NO1
2026-01-13,9,148.278,NO1
2026-01-13,10,155.144,NO1
2026-01-13,11,163.608,NO1
2026-01-13,12,144.74,NO1
2026-01-13,13,142.565,NO1
2026-01-13,14,141.754,NO1
2026-01-13,15,145.998,NO1
2026-01-13,16,143.83499999999998,NO1
2026-01-13,17,138.15699999999998,NO1
2026-01-13,18,130.91500000000002,NO1
2026-01-13,19,118.583,NO1
2026-01-13,20,110.412,NO1
2026-01-13,21,104.264,NO1
2026-01-13,22,101.478,NO1
2026-01-13,23,99.373,NO1
2026-01-13,24,94.847,NO1
2026-01-14,1,97.689,NO1
2026-01-14,2,98.745,NO1
2026-01-14,3,99.472,NO1
2026-01-14,4,99.766,NO1
2026-01-14,5,100.094,NO1
2026-01-14,6,102.887,NO1
2026-01-14,7,109.481,NO1
2026-01-14,8,122.047,NO1
2026-01-14,9,146.005,NO1
2026-01-14,10,148.0,NO1
2026-01-14,11,131.644,NO1
2026-01-14,12,122.035,NO1
2026-01-14,13,117.412,NO1
2026-01-14,14,114.139,NO1
2026-01-14,15,127.092,NO1
2026-01-14,16,143.495,NO1
2026-01-14,17,148.61,NO1
2026-01-14,18,173.226,NO1
2026-01-14,19,172.78,NO1
2026-01-14,20,153.95999999999998,NO1
2026-01-14,21,131.081,NO1
2026-01-14,22,112.81300000000002,NO1
2026-01-14,23,104.236,NO1
2026-01-14,24,102.488,NO1
2026-01-15,1,110.027,NO1
2026-01-15,2,106.933,NO1
2026-01-15,3,101.401,NO1
2026-01-15,4,96.667,NO1
2026-01-15,5,94.744,NO1
2026-01-15,6,98.073,NO1
2026-01-15,7,108.41,NO1
2026-01-15,8,116.544,NO1
2026-01-15,9,116.274,NO1
2026-01-15,10,120.376,NO1
2026-01-15,11,120.681,NO1
2026-01-15,12,113.391,NO1
2026-01-15,13,114.903,NO1
2026-01-15,14,120.118,NO1
2026-01-15,15,121.126,NO1
2026-01-15,16,140.417,NO1
2026-01-15,17,154.974,NO1
2026-01-15,18,166.623,NO1
2026-01-15,19,134.417,NO1
2026-01-15,20,119.989,NO1
2026-01-15,21,112.36,NO1
2026-01-15,22,104.484,NO1
2026-01-15,23,102.456,NO1
2026-01-15,24,96.526,NO1
2026-01-16,1,96.458,NO1
2026-01-16,2,93.751,NO1
2026-01-16,3,89.438,NO1
2026-01-16,4,85.558,NO1
2026-01-16,5,89.567,NO1
2026-01-16,6,96.821,NO1
2026-01-16,7,100.748,NO1
2026-01-16,8,103.15,NO1
2026-01-16,9,103.936,NO1
2026-01-16,10,104.065,NO1
2026-01-16,11,103.373,NO1
2026-01-16,12,104.92,NO1
2026-01-16,13,105.155,NO1
2026-01-16,14,107.686,NO1
2026-01-16,15,108.6,NO1
2026-01-16,16,109.339,NO1
2026-01-16,17,113.37,NO1
2026-01-16,18,111.929,NO1
2026-01-16,19,111.519,NO1
2026-01-16,20,111.249,NO1
2026-01-16,21,110.663,NO1
2026-01-16,22,109.913,NO1
2026-01-16,23,109.257,NO1
2026-01-16,24,108.178,NO1
2026-01-17,1,109.104,NO1
2026-01-17,2,106.42,NO1
2026-01-17,3,105.823,NO1
2026-01-17,4,107.252,NO1
2026-01-17,5,107.088,NO1
2026-01-17,6,107.44,NO1
2026-01-17,7,107.006,NO1
2026-01-17,8,109.772,NO1
2026-01-17,9,113.382,NO1
2026-01-17,10,116.863,NO1
2026-01-17,11,117.953,NO1
2026-01-17,12,115.046,NO1
2026-01-17,13,115.375,NO1
2026-01-17,14,115.339,NO1
2026-01-17,15,117.754,NO1
2026-01-17,16,125.899,NO1
2026-01-17,17,140.327,NO1
2026-01-17,18,150.66400000000002,NO1
2026-01-17,19,145.05,NO1
2026-01-17,20,140.20999999999998,NO1
2026-01-17,21,125.935,NO1
2026-01-17,22,117.03900000000002,NO1
2026-01-17,23,115.504,NO1
2026-01-17,24,114.578,NO1
2026-01-18,1,113.417,NO1
2026-01-18,2,110.522,NO1
2026-01-18,3,109.784,NO1
2026-01-18,4,111.12,NO1
2026-01-18,5,111.202,NO1
2026-01-18,6,110.815,NO1
2026-01-18,7,111.847,NO1
2026-01-18,8,114.109,NO1
2026-01-18,9,116.218,NO1
2026-01-18,10,117.226,NO1
2026-01-18,11,115.668,NO1
2026-01-18,12,112.023,NO1
2026-01-18,13,110.218,NO1
2026-01-18,14,110.382,NO1
2026-01-18,15,114.765,NO1
2026-01-18,16,120.004,NO1
2026-01-18,17,130.47,NO1
2026-01-18,18,147.64100000000002,NO1
2026-01-18,19,160.709,NO1
2026-01-18,20,140.44400000000002,NO1
2026-01-18,21,131.607,NO1
2026-01-18,22,121.481,NO1
2026-01-18,23,116.769,NO1
2026-01-18,24,115.16400000000002,NO1
2026-01-19,1,115.113,NO1
2026-01-19,2,114.832,NO1
2026-01-19,3,115.33599999999998,NO1
2026-01-19,4,114.89,NO1
2026-01-19,5,114.515,NO1
2026-01-19,6,116.521,NO1
2026-01-19,7,135.886,NO1
2026-01-19,8,157.457,NO1
2026-01-19,9,198.44,NO1
2026-01-19,10,183.965,NO1
2026-01-19,11,154.63,NO1
2026-01-19,12,137.094,NO1
2026-01-19,13,133.845,NO1
2026-01-19,14,142.467,NO1
2026-01-19,15,164.35399999999998,NO1
2026-01-19,16,195.801,NO1
2026-01-19,17,226.766,NO1
2026-01-19,18,229.816,NO1
2026-01-19,19,228.866,NO1
2026-01-19,20,205.665,NO1
2026-01-19,21,178.136,NO1
2026-01-19,22,143.851,NO1
2026-01-19,23,133.435,NO1
2026-01-19,24,122.608,NO1
2026-01-20,1,112.434,NO1
2026-01-20,2,111.426,NO1
2026-01-20,3,110.372,NO1
2026-01-20,4,110.243,NO1
2026-01-20,5,110.454,NO1
2026-01-20,6,110.243,NO1
2026-01-20,7,113.137,NO1
2026-01-20,8,163.677,NO1
2026-01-20,9,224.574,NO1
2026-01-20,10,250.805,NO1
2026-01-20,11,206.62600000000003,NO1
2026-01-20,12,159.45999999999998,NO1
2026-01-20,13,143.421,NO1
2026-01-20,14,149.63,NO1
2026-01-20,15,149.15,NO1
2026-01-20,16,187.963,NO1
2026-01-20,17,218.635,NO1
2026-01-20,18,281.535,NO1
2026-01-20,19,225.441,NO1
2026-01-20,20,169.594,NO1
2026-01-20,21,157.831,NO1
2026-01-20,22,145.495,NO1
2026-01-20,23,136.81400000000002,NO1
2026-01-20,24,113.09,NO1
2026-01-21,1,112.839,NO1
2026-01-21,2,112.816,NO1
2026-01-21,3,111.641,NO1
2026-01-21,4,110.5,NO1
2026-01-21,5,108.406,NO1
2026-01-21,6,111.082,NO1
2026-01-21,7,116.691,NO1
2026-01-21,8,131.865,NO1
2026-01-21,9,166.728,NO1
2026-01-21,10,159.048,NO1
2026-01-21,11,138.46300000000002,NO1
2026-01-21,12,120.321,NO1
2026-01-21,13,116.796,NO1
2026-01-21,14,120.519,NO1
2026-01-21,15,127.943,NO1
2026-01-21,16,140.07999999999998,NO1
2026-01-21,17,146.899,NO1
2026-01-21,18,145.526,NO1
2026-01-21,19,135.379,NO1
2026-01-21,20,121.427,NO1
2026-01-21,21,115.504,NO1
2026-01-21,22,112.723,NO1
2026-01-21,23,110.314,NO1
2026-01-21,24,106.427,NO1
2026-01-22,1,99.195,NO1
2026-01-22,2,99.287,NO1
2026-01-22,3,101.811,NO1
2026-01-22,4,96.324,NO1
2026-01-22,5,95.595,NO1
2026-01-22,6,99.322,NO1
2026-01-22,7,106.696,NO1
2026-01-22,8,118.017,NO1
2026-01-22,9,139.167,NO1
2026-01-22,10,127.568,NO1
2026-01-22,11,111.512,NO1
2026-01-22,12,106.603,NO1
2026-01-22,13,104.427,NO1
2026-01-22,14,106.059,NO1
2026-01-22,15,110.146,NO1
2026-01-22,16,120.217,NO1
2026-01-22,17,132.279,NO1
2026-01-22,18,138.298,NO1
2026-01-22,19,131.249,NO1
2026-01-22,20,121.201,NO1
2026-01-22,21,116.651,NO1
2026-01-22,22,114.707,NO1
2026-01-22,23,112.426,NO1
2026-01-22,24,108.351,NO1
2026-01-23,1,109.464,NO1
2026-01-23,2,108.102,NO1
2026-01-23,3,105.24,NO1
2026-01-23,4,105.09,NO1
2026-01-23,5,106.948,NO1
2026-01-23,6,108.668,NO1
2026-01-23,7,114.15,NO1
2026-01-23,8,131.371,NO1
2026-01-23,9,157.421,NO1
2026-01-23,10,156.613,NO1
2026-01-23,11,132.70999999999998,NO1
2026-01-23,12,117.151,NO1
2026-01-23,13,114.924,NO1
2026-01-23,14,114.243,NO1
2026-01-23,15,115.732,NO1
2026-01-23,16,124.088,NO1
2026-01-23,17,139.624,NO1
2026-01-23,18,151.223,NO1
2026-01-23,19,143.502,NO1
2026-01-23,20,129.628,NO1
2026-01-23,21,120.048,NO1
2026-01-23,22,116.724,NO1
2026-01-23,23,114.589,NO1
2026-01-23,24,110.572,NO1
2026-01-24,1,111.946,NO1
2026-01-24,2,109.857,NO1
2026-01-24,3,109.96099999999998,NO1
2026-01-24,4,109.418,NO1
2026-01-24,5,109.037,NO1
2026-01-24,6,110.076,NO1
2026-01-24,7,113.146,NO1
2026-01-24,8,116.713,NO1
2026-01-24,9,124.227,NO1
2026-01-24,10,138.469,NO1
2026-01-24,11,135.226,NO1
2026-01-24,12,125.0,NO1
2026-01-24,13,122.599,NO1
2026-01-24,14,117.613,NO1
2026-01-24,15,120.972,NO1
2026-01-24,16,132.225,NO1
2026-01-24,17,146.583,NO1
2026-01-24,18,162.592,NO1
2026-01-24,19,156.406,NO1
2026-01-24,20,146.168,NO1
2026-01-24,21,129.96300000000002,NO1
2026-01-24,22,122.68,NO1
2026-01-24,23,122.264,NO1
2026-01-24,24,116.724,NO1
2026-01-25,1,114.081,NO1
2026-01-25,2,113.827,NO1
2026-01-25,3,113.469,NO1
2026-01-25,4,111.761,NO1
2026-01-25,5,111.126,NO1
2026-01-25,6,111.45,NO1
2026-01-25,7,112.535,NO1
2026-01-25,8,114.439,NO1
2026-01-25,9,116.828,NO1
2026-01-25,10,120.556,NO1
2026-01-25,11,126.558,NO1
2026-01-25,12,129.755,NO1
2026-01-25,13,134.753,NO1
2026-01-25,14,130.679,NO1
2026-01-25,15,128.636,NO1
2026-01-25,16,129.08599999999998,NO1
2026-01-25,17,135.053,NO1
2026-01-25,18,147.726,NO1
2026-01-25,19,154.224,NO1
2026-01-25,20,148.16500000000002,NO1
2026-01-25,21,138.977,NO1
2026-01-25,22,128.555,NO1
2026-01-25,23,124.527,NO1
2026-01-25,24,117.197,NO1
